Overriding config with config/train_novel_char3.py:
# train a miniature character-level shakespeare model
# good for debugging and playing on macbooks and such

out_dir = 'out-novel-char3'
eval_interval = 250 # keep frequent because we'll overfit
eval_iters = 200
log_interval = 10 # don't print too too often

# we expect to overfit on this small dataset, so only save when val improves
always_save_checkpoint = False

wandb_log = False # override via command line if you like
wandb_project = 'novel'
wandb_run_name = 'novel'

dataset = 'novel_char3'
gradient_accumulation_steps = 1
# gradient_accumulation_steps = 6
gradient_accumulation_steps = 12
# batch_size = 12
batch_size = 2
# batch_size = 1
# block_size = 256 # context of up to 256 previous characters
# block_size = 256 # context of up to 256 previous characters
# block_size = 64 # context of up to 256 previous characters
block_size = 1024 # context of up to 256 previous characters

# baby GPT model :)
n_layer = 6
n_head = 6
n_embd = 384
# n_embd = 182
dropout = 0.2

# learning_rate = 1e-3 # with baby networks can afford to go a bit higher
learning_rate = 1e-4 # with baby networks can afford to go a bit higher

# max_iters = 5000
# lr_decay_iters = 5000 # make equal to max_iters usually

max_iters = 500000
lr_decay_iters = 500000 # make equal to max_iters usually

min_lr = 1e-5 # learning_rate / 10 usually
beta2 = 0.99 # make a bit bigger because number of tokens per iter is small

warmup_iters = 100 # not super necessary potentially

# on macbook also add
# device = 'cpu'  # run on cpu only
# compile = False # do not torch compile the model
# init_from ='resume'


'''
python3 -u sample.py config/train_novel.py --out_dir=out-novel-word_CCM232_c85667cd6eadbcf772d23fa97827c506 --model=CCM232
python3 -u sample.py config/train_novel.py --out_dir=out-novel-word_CCM251_4bfeb7b3e1b9c46a2542bb9406173e22 --model=CCM251
python3 -u sample.py config/train_novel.py --out_dir=out-novel-word_CCM253_01b622029bb00e0dc9206cae3b0ab559 --model=CCM253 
python3 -u sample.py config/train_novel.py --out_dir=out-novel-word_CCM276_01b622029bb00e0dc9206cae3b0ab559 --model=CCM276
python3 -u sample.py config/train_novel.py --out_dir=out-novel-word_CCM278_a97bfe077b316033e3604831d5ad371e --model=CCM278
python3 -u sample.py config/train_novel.py --out_dir=out-novel-word_CCM305_52efa1def80492f81622f536ac701226 --model=CCM305


out-novel-word_CCM276_01b622029bb00e0dc9206cae3b0ab559

'''
#### python3 -u sample.py config/train_novel.py --out_dir=out-novel-word_CCM232_c85667cd6eadbcf772d23fa97827c506 --model=CCM232
Overriding: init_from = resume
Overriding: compile = False
Overriding: model = LGT728D
Overriding: n_layer = 70
Overriding: n_head = 12
Overriding: share_layer = False
Overriding: always_save_checkpoint = False
Overriding: max_iters = 2500999
Overriding: best_val_loss_force = 10.001
Overriding: min_lr = 1e-05
Overriding: dropout = 0.0
Overriding: eval_interval = 50
Overriding: force_resave = 0
Overriding: random_seed = 3
tokens per iteration will be: 24,576
found vocab_size = 73440 (inside data/novel_char3/meta.pkl)
out_dir: out-novel-char3_LGT728D_3d25ede0cfd080d9e35756b051dcef65
Resuming training from out-novel-char3_LGT728D_3d25ede0cfd080d9e35756b051dcef65
WARNING: using slow attention. Flash Attention requires PyTorch >= 2.0
WARNING: using slow attention. Flash Attention requires PyTorch >= 2.0
WARNING: using slow attention. Flash Attention requires PyTorch >= 2.0
WARNING: using slow attention. Flash Attention requires PyTorch >= 2.0
WARNING: using slow attention. Flash Attention requires PyTorch >= 2.0
WARNING: using slow attention. Flash Attention requires PyTorch >= 2.0
WARNING: using slow attention. Flash Attention requires PyTorch >= 2.0
WARNING: using slow attention. Flash Attention requires PyTorch >= 2.0
WARNING: using slow attention. Flash Attention requires PyTorch >= 2.0
WARNING: using slow attention. Flash Attention requires PyTorch >= 2.0
WARNING: using slow attention. Flash Attention requires PyTorch >= 2.0
WARNING: using slow attention. Flash Attention requires PyTorch >= 2.0
WARNING: using slow attention. Flash Attention requires PyTorch >= 2.0
WARNING: using slow attention. Flash Attention requires PyTorch >= 2.0
WARNING: using slow attention. Flash Attention requires PyTorch >= 2.0
WARNING: using slow attention. Flash Attention requires PyTorch >= 2.0
WARNING: using slow attention. Flash Attention requires PyTorch >= 2.0
WARNING: using slow attention. Flash Attention requires PyTorch >= 2.0
WARNING: using slow attention. Flash Attention requires PyTorch >= 2.0
WARNING: using slow attention. Flash Attention requires PyTorch >= 2.0
WARNING: using slow attention. Flash Attention requires PyTorch >= 2.0
WARNING: using slow attention. Flash Attention requires PyTorch >= 2.0
WARNING: using slow attention. Flash Attention requires PyTorch >= 2.0
WARNING: using slow attention. Flash Attention requires PyTorch >= 2.0
WARNING: using slow attention. Flash Attention requires PyTorch >= 2.0
WARNING: using slow attention. Flash Attention requires PyTorch >= 2.0
WARNING: using slow attention. Flash Attention requires PyTorch >= 2.0
WARNING: using slow attention. Flash Attention requires PyTorch >= 2.0
WARNING: using slow attention. Flash Attention requires PyTorch >= 2.0
WARNING: using slow attention. Flash Attention requires PyTorch >= 2.0
WARNING: using slow attention. Flash Attention requires PyTorch >= 2.0
WARNING: using slow attention. Flash Attention requires PyTorch >= 2.0
WARNING: using slow attention. Flash Attention requires PyTorch >= 2.0
WARNING: using slow attention. Flash Attention requires PyTorch >= 2.0
WARNING: using slow attention. Flash Attention requires PyTorch >= 2.0
num decayed parameter tensors: 143, with 91,225,344 parameters
num non-decayed parameter tensors: 74, with 28,033 parameters
using fused AdamW: True
-----------average decoder density 0.0000
step 7100: train loss 2.5562, val loss 2.5784
saving checkpoint to out-novel-char3_LGT728D_3d25ede0cfd080d9e35756b051dcef65
model:LGT728D iter 7100: loss 2.5763, time 12694.57ms, mfu -100.00%
model:LGT728D iter 7110: loss 2.5359, time 751.37ms, mfu 9.17%
model:LGT728D iter 7120: loss 2.8610, time 752.36ms, mfu 9.17%
model:LGT728D iter 7130: loss 2.6859, time 752.13ms, mfu 9.17%
model:LGT728D iter 7140: loss 2.7316, time 752.27ms, mfu 9.17%
-----------average decoder density 0.0000
step 7150: train loss 2.5532, val loss 2.6271
model:LGT728D iter 7150: loss 2.6346, time 11519.52ms, mfu 8.31%
model:LGT728D iter 7160: loss 2.6442, time 753.57ms, mfu 8.40%
model:LGT728D iter 7170: loss 2.2949, time 753.50ms, mfu 8.47%
model:LGT728D iter 7180: loss 2.5064, time 753.63ms, mfu 8.54%
model:LGT728D iter 7190: loss 2.4158, time 753.35ms, mfu 8.60%
-----------average decoder density 0.0000
step 7200: train loss 2.5590, val loss 2.5865
model:LGT728D iter 7200: loss 2.1967, time 11524.11ms, mfu 7.80%
model:LGT728D iter 7210: loss 2.7068, time 753.42ms, mfu 7.94%
model:LGT728D iter 7220: loss 2.4518, time 753.76ms, mfu 8.06%
model:LGT728D iter 7230: loss 2.4668, time 752.99ms, mfu 8.17%
model:LGT728D iter 7240: loss 2.8959, time 753.26ms, mfu 8.26%
-----------average decoder density 0.0000
step 7250: train loss 2.5371, val loss 2.6291
model:LGT728D iter 7250: loss 2.4839, time 11544.07ms, mfu 7.50%
model:LGT728D iter 7260: loss 2.3556, time 754.78ms, mfu 7.66%
model:LGT728D iter 7270: loss 2.5953, time 754.63ms, mfu 7.81%
model:LGT728D iter 7280: loss 2.5538, time 754.68ms, mfu 7.94%
model:LGT728D iter 7290: loss 2.2506, time 754.39ms, mfu 8.06%
-----------average decoder density 0.0000
step 7300: train loss 2.5523, val loss 2.5999
model:LGT728D iter 7300: loss 2.1872, time 11537.61ms, mfu 7.31%
model:LGT728D iter 7310: loss 2.6881, time 754.71ms, mfu 7.50%
model:LGT728D iter 7320: loss 2.4130, time 754.91ms, mfu 7.66%
model:LGT728D iter 7330: loss 2.5321, time 754.74ms, mfu 7.81%
model:LGT728D iter 7340: loss 2.5810, time 754.74ms, mfu 7.94%
-----------average decoder density 0.0000
step 7350: train loss 2.5471, val loss 2.5705
saving checkpoint to out-novel-char3_LGT728D_3d25ede0cfd080d9e35756b051dcef65
model:LGT728D iter 7350: loss 2.6995, time 12598.71ms, mfu 7.20%
model:LGT728D iter 7360: loss 2.5934, time 754.60ms, mfu 7.39%
model:LGT728D iter 7370: loss 2.4599, time 754.65ms, mfu 7.57%
model:LGT728D iter 7380: loss 2.6572, time 754.69ms, mfu 7.72%
model:LGT728D iter 7390: loss 2.6157, time 754.65ms, mfu 7.87%
-----------average decoder density 0.0000
step 7400: train loss 2.5569, val loss 2.5845
model:LGT728D iter 7400: loss 2.4843, time 11546.32ms, mfu 7.14%
model:LGT728D iter 7410: loss 2.5757, time 754.61ms, mfu 7.34%
model:LGT728D iter 7420: loss 2.5255, time 754.84ms, mfu 7.52%
model:LGT728D iter 7430: loss 2.5181, time 754.86ms, mfu 7.68%
model:LGT728D iter 7440: loss 2.6794, time 754.95ms, mfu 7.82%
-----------average decoder density 0.0000
step 7450: train loss 2.5533, val loss 2.5952
model:LGT728D iter 7450: loss 2.5264, time 11543.61ms, mfu 7.10%
model:LGT728D iter 7460: loss 2.5773, time 754.62ms, mfu 7.31%
model:LGT728D iter 7470: loss 2.4977, time 754.52ms, mfu 7.49%
model:LGT728D iter 7480: loss 2.0904, time 754.50ms, mfu 7.65%
model:LGT728D iter 7490: loss 2.4875, time 754.70ms, mfu 7.80%
-----------average decoder density 0.0000
step 7500: train loss 2.5427, val loss 2.5719
model:LGT728D iter 7500: loss 2.7943, time 11533.60ms, mfu 7.08%
model:LGT728D iter 7510: loss 2.6900, time 755.52ms, mfu 7.29%
model:LGT728D iter 7520: loss 2.7703, time 754.91ms, mfu 7.47%
model:LGT728D iter 7530: loss 2.9477, time 754.77ms, mfu 7.64%
model:LGT728D iter 7540: loss 2.3260, time 755.27ms, mfu 7.79%
-----------average decoder density 0.0000
step 7550: train loss 2.5186, val loss 2.5752
model:LGT728D iter 7550: loss 2.8441, time 11583.40ms, mfu 7.07%
model:LGT728D iter 7560: loss 2.7273, time 754.66ms, mfu 7.27%
model:LGT728D iter 7570: loss 2.3061, time 754.85ms, mfu 7.46%
model:LGT728D iter 7580: loss 2.5228, time 754.65ms, mfu 7.63%
model:LGT728D iter 7590: loss 2.6879, time 754.48ms, mfu 7.78%
-----------average decoder density 0.0000
step 7600: train loss 2.5426, val loss 2.5719
model:LGT728D iter 7600: loss 2.4145, time 11537.37ms, mfu 7.06%
model:LGT728D iter 7610: loss 2.6187, time 754.84ms, mfu 7.27%
Overriding config with config/train_novel_char3.py:
# train a miniature character-level shakespeare model
# good for debugging and playing on macbooks and such

out_dir = 'out-novel-char3'
eval_interval = 250 # keep frequent because we'll overfit
eval_iters = 200
log_interval = 10 # don't print too too often

# we expect to overfit on this small dataset, so only save when val improves
always_save_checkpoint = False

wandb_log = False # override via command line if you like
wandb_project = 'novel'
wandb_run_name = 'novel'

dataset = 'novel_char3'
gradient_accumulation_steps = 1
# gradient_accumulation_steps = 6
gradient_accumulation_steps = 12
# gradient_accumulation_steps = 24
# gradient_accumulation_steps = 48
# batch_size = 12
batch_size = 2
# batch_size = 1
# block_size = 256 # context of up to 256 previous characters
# block_size = 256 # context of up to 256 previous characters
# block_size = 64 # context of up to 256 previous characters
block_size = 1024 # context of up to 256 previous characters

# baby GPT model :)
n_layer = 6
n_head = 6
n_embd = 384
# n_embd = 182
dropout = 0.2

# learning_rate = 1e-3 # with baby networks can afford to go a bit higher
learning_rate = 1e-4 # with baby networks can afford to go a bit higher

# max_iters = 5000
# lr_decay_iters = 5000 # make equal to max_iters usually

max_iters = 500000
lr_decay_iters = 500000 # make equal to max_iters usually

min_lr = 5e-6 # learning_rate / 10 usually
beta2 = 0.99 # make a bit bigger because number of tokens per iter is small

warmup_iters = 100 # not super necessary potentially

# on macbook also add
# device = 'cpu'  # run on cpu only
# compile = False # do not torch compile the model
# init_from ='resume'


'''
python3 -u sample.py config/train_novel.py --out_dir=out-novel-word_CCM232_c85667cd6eadbcf772d23fa97827c506 --model=CCM232
python3 -u sample.py config/train_novel.py --out_dir=out-novel-word_CCM251_4bfeb7b3e1b9c46a2542bb9406173e22 --model=CCM251
python3 -u sample.py config/train_novel.py --out_dir=out-novel-word_CCM253_01b622029bb00e0dc9206cae3b0ab559 --model=CCM253 
python3 -u sample.py config/train_novel.py --out_dir=out-novel-word_CCM276_01b622029bb00e0dc9206cae3b0ab559 --model=CCM276
python3 -u sample.py config/train_novel.py --out_dir=out-novel-word_CCM278_a97bfe077b316033e3604831d5ad371e --model=CCM278
python3 -u sample.py config/train_novel.py --out_dir=out-novel-word_CCM305_52efa1def80492f81622f536ac701226 --model=CCM305


out-novel-word_CCM276_01b622029bb00e0dc9206cae3b0ab559

'''
#### python3 -u sample.py config/train_novel.py --out_dir=out-novel-word_CCM232_c85667cd6eadbcf772d23fa97827c506 --model=CCM232
Overriding: init_from = resume
Overriding: compile = False
Overriding: model = LGT728D
Overriding: n_layer = 70
Overriding: n_head = 12
Overriding: share_layer = False
Overriding: always_save_checkpoint = False
Overriding: max_iters = 2500999
Overriding: best_val_loss_force = 10.001
Overriding: min_lr = 5e-06
Overriding: dropout = 0.0
Overriding: eval_interval = 50
Overriding: force_resave = 0
Overriding: random_seed = 3
tokens per iteration will be: 24,576
found vocab_size = 73440 (inside data/novel_char3/meta.pkl)
out_dir: out-novel-char3_LGT728D_3d25ede0cfd080d9e35756b051dcef65
Resuming training from out-novel-char3_LGT728D_3d25ede0cfd080d9e35756b051dcef65
WARNING: using slow attention. Flash Attention requires PyTorch >= 2.0
WARNING: using slow attention. Flash Attention requires PyTorch >= 2.0
WARNING: using slow attention. Flash Attention requires PyTorch >= 2.0
WARNING: using slow attention. Flash Attention requires PyTorch >= 2.0
WARNING: using slow attention. Flash Attention requires PyTorch >= 2.0
WARNING: using slow attention. Flash Attention requires PyTorch >= 2.0
WARNING: using slow attention. Flash Attention requires PyTorch >= 2.0
WARNING: using slow attention. Flash Attention requires PyTorch >= 2.0
WARNING: using slow attention. Flash Attention requires PyTorch >= 2.0
WARNING: using slow attention. Flash Attention requires PyTorch >= 2.0
WARNING: using slow attention. Flash Attention requires PyTorch >= 2.0
WARNING: using slow attention. Flash Attention requires PyTorch >= 2.0
WARNING: using slow attention. Flash Attention requires PyTorch >= 2.0
WARNING: using slow attention. Flash Attention requires PyTorch >= 2.0
WARNING: using slow attention. Flash Attention requires PyTorch >= 2.0
WARNING: using slow attention. Flash Attention requires PyTorch >= 2.0
WARNING: using slow attention. Flash Attention requires PyTorch >= 2.0
WARNING: using slow attention. Flash Attention requires PyTorch >= 2.0
WARNING: using slow attention. Flash Attention requires PyTorch >= 2.0
WARNING: using slow attention. Flash Attention requires PyTorch >= 2.0
WARNING: using slow attention. Flash Attention requires PyTorch >= 2.0
WARNING: using slow attention. Flash Attention requires PyTorch >= 2.0
WARNING: using slow attention. Flash Attention requires PyTorch >= 2.0
WARNING: using slow attention. Flash Attention requires PyTorch >= 2.0
WARNING: using slow attention. Flash Attention requires PyTorch >= 2.0
WARNING: using slow attention. Flash Attention requires PyTorch >= 2.0
WARNING: using slow attention. Flash Attention requires PyTorch >= 2.0
WARNING: using slow attention. Flash Attention requires PyTorch >= 2.0
WARNING: using slow attention. Flash Attention requires PyTorch >= 2.0
WARNING: using slow attention. Flash Attention requires PyTorch >= 2.0
WARNING: using slow attention. Flash Attention requires PyTorch >= 2.0
WARNING: using slow attention. Flash Attention requires PyTorch >= 2.0
WARNING: using slow attention. Flash Attention requires PyTorch >= 2.0
WARNING: using slow attention. Flash Attention requires PyTorch >= 2.0
WARNING: using slow attention. Flash Attention requires PyTorch >= 2.0
num decayed parameter tensors: 143, with 91,225,344 parameters
num non-decayed parameter tensors: 74, with 28,033 parameters
using fused AdamW: True
-----------average decoder density 0.0000
step 7350: train loss 2.5457, val loss 2.5715
saving checkpoint to out-novel-char3_LGT728D_3d25ede0cfd080d9e35756b051dcef65
model:LGT728D iter 7350: loss 2.5602, time 12717.30ms, mfu -100.00%
model:LGT728D iter 7360: loss 2.5161, time 751.92ms, mfu 9.17%
model:LGT728D iter 7370: loss 2.7854, time 752.38ms, mfu 9.17%
model:LGT728D iter 7380: loss 2.6470, time 752.40ms, mfu 9.17%
model:LGT728D iter 7390: loss 2.6920, time 752.47ms, mfu 9.17%
-----------average decoder density 0.0000
step 7400: train loss 2.5422, val loss 2.6199
model:LGT728D iter 7400: loss 2.5982, time 11508.19ms, mfu 8.31%
model:LGT728D iter 7410: loss 2.5835, time 753.43ms, mfu 8.39%
model:LGT728D iter 7420: loss 2.2608, time 753.15ms, mfu 8.47%
model:LGT728D iter 7430: loss 2.4562, time 753.24ms, mfu 8.54%
model:LGT728D iter 7440: loss 2.3826, time 753.29ms, mfu 8.60%
-----------average decoder density 0.0000
step 7450: train loss 2.5473, val loss 2.5798
model:LGT728D iter 7450: loss 2.1426, time 11517.11ms, mfu 7.80%
model:LGT728D iter 7460: loss 2.6509, time 753.54ms, mfu 7.93%
model:LGT728D iter 7470: loss 2.3912, time 753.36ms, mfu 8.06%
model:LGT728D iter 7480: loss 2.4081, time 753.42ms, mfu 8.16%
model:LGT728D iter 7490: loss 2.7995, time 753.25ms, mfu 8.26%
-----------average decoder density 0.0000
step 7500: train loss 2.5249, val loss 2.6235
model:LGT728D iter 7500: loss 2.4365, time 11519.49ms, mfu 7.50%
model:LGT728D iter 7510: loss 2.2944, time 753.35ms, mfu 7.66%
model:LGT728D iter 7520: loss 2.5357, time 753.44ms, mfu 7.81%
model:LGT728D iter 7530: loss 2.4928, time 753.21ms, mfu 7.95%
model:LGT728D iter 7540: loss 2.1589, time 753.20ms, mfu 8.07%
-----------average decoder density 0.0000
step 7550: train loss 2.5459, val loss 2.5974
model:LGT728D iter 7550: loss 2.1390, time 11521.40ms, mfu 7.32%
model:LGT728D iter 7560: loss 2.6412, time 753.42ms, mfu 7.50%
model:LGT728D iter 7570: loss 2.3571, time 753.52ms, mfu 7.67%
model:LGT728D iter 7580: loss 2.4823, time 753.49ms, mfu 7.81%
model:LGT728D iter 7590: loss 2.4886, time 753.42ms, mfu 7.95%
-----------average decoder density 0.0000
step 7600: train loss 2.5403, val loss 2.5673
saving checkpoint to out-novel-char3_LGT728D_3d25ede0cfd080d9e35756b051dcef65
model:LGT728D iter 7600: loss 2.6961, time 12597.04ms, mfu 7.21%
model:LGT728D iter 7610: loss 2.6000, time 753.45ms, mfu 7.40%
model:LGT728D iter 7620: loss 2.4626, time 753.42ms, mfu 7.58%
model:LGT728D iter 7630: loss 2.6542, time 754.39ms, mfu 7.73%
model:LGT728D iter 7640: loss 2.6158, time 753.36ms, mfu 7.87%
-----------average decoder density 0.0000
step 7650: train loss 2.5491, val loss 2.5794
model:LGT728D iter 7650: loss 2.4688, time 11527.80ms, mfu 7.15%
model:LGT728D iter 7660: loss 2.5648, time 753.30ms, mfu 7.35%
model:LGT728D iter 7670: loss 2.5157, time 753.30ms, mfu 7.53%
model:LGT728D iter 7680: loss 2.5205, time 753.77ms, mfu 7.69%
model:LGT728D iter 7690: loss 2.6683, time 753.47ms, mfu 7.84%
-----------average decoder density 0.0000
step 7700: train loss 2.5441, val loss 2.5878
model:LGT728D iter 7700: loss 2.5238, time 11518.76ms, mfu 7.11%
model:LGT728D iter 7710: loss 2.5626, time 753.35ms, mfu 7.32%
model:LGT728D iter 7720: loss 2.4867, time 753.35ms, mfu 7.50%
model:LGT728D iter 7730: loss 2.0838, time 753.42ms, mfu 7.66%
model:LGT728D iter 7740: loss 2.4830, time 753.53ms, mfu 7.81%
-----------average decoder density 0.0000
step 7750: train loss 2.5317, val loss 2.5636
saving checkpoint to out-novel-char3_LGT728D_3d25ede0cfd080d9e35756b051dcef65
model:LGT728D iter 7750: loss 2.7907, time 12578.21ms, mfu 7.09%
model:LGT728D iter 7760: loss 2.6834, time 753.51ms, mfu 7.29%
model:LGT728D iter 7770: loss 2.7651, time 753.38ms, mfu 7.48%
model:LGT728D iter 7780: loss 2.9454, time 753.78ms, mfu 7.64%
model:LGT728D iter 7790: loss 2.3225, time 753.39ms, mfu 7.80%
-----------average decoder density 0.0000
step 7800: train loss 2.5070, val loss 2.5662
model:LGT728D iter 7800: loss 2.8274, time 11556.41ms, mfu 7.08%
model:LGT728D iter 7810: loss 2.7188, time 753.73ms, mfu 7.28%
model:LGT728D iter 7820: loss 2.2967, time 753.46ms, mfu 7.47%
model:LGT728D iter 7830: loss 2.5120, time 753.48ms, mfu 7.64%
model:LGT728D iter 7840: loss 2.6822, time 753.30ms, mfu 7.79%
-----------average decoder density 0.0000
step 7850: train loss 2.5313, val loss 2.5627
saving checkpoint to out-novel-char3_LGT728D_3d25ede0cfd080d9e35756b051dcef65
model:LGT728D iter 7850: loss 2.4065, time 12574.06ms, mfu 7.06%
model:LGT728D iter 7860: loss 2.6087, time 753.48ms, mfu 7.27%
model:LGT728D iter 7870: loss 2.4930, time 753.60ms, mfu 7.46%
model:LGT728D iter 7880: loss 2.5486, time 753.43ms, mfu 7.63%
model:LGT728D iter 7890: loss 2.5609, time 753.59ms, mfu 7.78%
-----------average decoder density 0.0000
step 7900: train loss 2.5296, val loss 2.5682
model:LGT728D iter 7900: loss 2.4109, time 11533.78ms, mfu 7.06%
model:LGT728D iter 7910: loss 2.6222, time 753.42ms, mfu 7.27%
model:LGT728D iter 7920: loss 2.5919, time 753.76ms, mfu 7.46%
model:LGT728D iter 7930: loss 2.2466, time 753.37ms, mfu 7.63%
model:LGT728D iter 7940: loss 2.2536, time 753.45ms, mfu 7.78%
-----------average decoder density 0.0000
step 7950: train loss 2.5288, val loss 2.5402
saving checkpoint to out-novel-char3_LGT728D_3d25ede0cfd080d9e35756b051dcef65
model:LGT728D iter 7950: loss 2.8704, time 12576.64ms, mfu 7.06%
model:LGT728D iter 7960: loss 2.4943, time 753.36ms, mfu 7.27%
model:LGT728D iter 7970: loss 2.4181, time 753.24ms, mfu 7.45%
model:LGT728D iter 7980: loss 3.0393, time 753.18ms, mfu 7.62%
model:LGT728D iter 7990: loss 2.2593, time 753.83ms, mfu 7.78%
-----------average decoder density 0.0000
step 8000: train loss 2.5198, val loss 2.5651
model:LGT728D iter 8000: loss 2.3275, time 11521.16ms, mfu 7.06%
model:LGT728D iter 8010: loss 2.4864, time 753.52ms, mfu 7.27%
model:LGT728D iter 8020: loss 2.8381, time 753.40ms, mfu 7.46%
model:LGT728D iter 8030: loss 2.5841, time 753.40ms, mfu 7.63%
model:LGT728D iter 8040: loss 2.6991, time 753.44ms, mfu 7.78%
-----------average decoder density 0.0000
step 8050: train loss 2.5411, val loss 2.5345
saving checkpoint to out-novel-char3_LGT728D_3d25ede0cfd080d9e35756b051dcef65
model:LGT728D iter 8050: loss 2.6444, time 12589.57ms, mfu 7.05%
model:LGT728D iter 8060: loss 2.5243, time 753.40ms, mfu 7.26%
model:LGT728D iter 8070: loss 2.8194, time 753.39ms, mfu 7.45%
model:LGT728D iter 8080: loss 2.4641, time 753.22ms, mfu 7.62%
model:LGT728D iter 8090: loss 2.2057, time 753.37ms, mfu 7.78%
-----------average decoder density 0.0000
step 8100: train loss 2.4847, val loss 2.5599
model:LGT728D iter 8100: loss 2.7944, time 11521.43ms, mfu 7.06%
model:LGT728D iter 8110: loss 2.4015, time 753.35ms, mfu 7.27%
model:LGT728D iter 8120: loss 2.6561, time 753.28ms, mfu 7.46%
model:LGT728D iter 8130: loss 2.4031, time 753.50ms, mfu 7.62%
model:LGT728D iter 8140: loss 2.6830, time 753.22ms, mfu 7.78%
-----------average decoder density 0.0000
step 8150: train loss 2.5075, val loss 2.5621
model:LGT728D iter 8150: loss 2.3296, time 11520.19ms, mfu 7.06%
model:LGT728D iter 8160: loss 2.4810, time 753.40ms, mfu 7.27%
model:LGT728D iter 8170: loss 2.1239, time 753.48ms, mfu 7.46%
model:LGT728D iter 8180: loss 2.5169, time 753.38ms, mfu 7.63%
model:LGT728D iter 8190: loss 2.3961, time 753.41ms, mfu 7.78%
-----------average decoder density 0.0000
step 8200: train loss 2.5042, val loss 2.5179
saving checkpoint to out-novel-char3_LGT728D_3d25ede0cfd080d9e35756b051dcef65
model:LGT728D iter 8200: loss 2.7217, time 12587.87ms, mfu 7.06%
model:LGT728D iter 8210: loss 2.5079, time 753.39ms, mfu 7.26%
model:LGT728D iter 8220: loss 2.6739, time 753.45ms, mfu 7.45%
model:LGT728D iter 8230: loss 2.7298, time 753.34ms, mfu 7.62%
model:LGT728D iter 8240: loss 2.0836, time 753.41ms, mfu 7.78%
-----------average decoder density 0.0000
step 8250: train loss 2.4956, val loss 2.5363
model:LGT728D iter 8250: loss 2.3893, time 11518.25ms, mfu 7.06%
model:LGT728D iter 8260: loss 2.1122, time 753.28ms, mfu 7.27%
model:LGT728D iter 8270: loss 2.4096, time 753.31ms, mfu 7.46%
model:LGT728D iter 8280: loss 2.1932, time 753.46ms, mfu 7.62%
model:LGT728D iter 8290: loss 2.6659, time 753.34ms, mfu 7.78%
-----------average decoder density 0.0000
step 8300: train loss 2.5007, val loss 2.5421
model:LGT728D iter 8300: loss 2.5355, time 11518.45ms, mfu 7.06%
model:LGT728D iter 8310: loss 2.6070, time 753.20ms, mfu 7.27%
model:LGT728D iter 8320: loss 2.6507, time 753.25ms, mfu 7.46%
model:LGT728D iter 8330: loss 2.6397, time 753.25ms, mfu 7.63%
model:LGT728D iter 8340: loss 2.2361, time 753.37ms, mfu 7.78%
-----------average decoder density 0.0000
step 8350: train loss 2.5019, val loss 2.5180
model:LGT728D iter 8350: loss 2.5246, time 11518.60ms, mfu 7.06%
model:LGT728D iter 8360: loss 2.5103, time 753.53ms, mfu 7.27%
model:LGT728D iter 8370: loss 2.0906, time 753.59ms, mfu 7.46%
model:LGT728D iter 8380: loss 2.2084, time 753.31ms, mfu 7.63%
model:LGT728D iter 8390: loss 2.5792, time 753.33ms, mfu 7.78%
-----------average decoder density 0.0000
step 8400: train loss 2.5006, val loss 2.5404
model:LGT728D iter 8400: loss 2.5942, time 11523.44ms, mfu 7.06%
model:LGT728D iter 8410: loss 2.2915, time 753.52ms, mfu 7.27%
model:LGT728D iter 8420: loss 2.3999, time 753.63ms, mfu 7.46%
model:LGT728D iter 8430: loss 2.3588, time 753.66ms, mfu 7.63%
model:LGT728D iter 8440: loss 1.9499, time 753.31ms, mfu 7.78%
-----------average decoder density 0.0000
step 8450: train loss 2.4848, val loss 2.5260
model:LGT728D iter 8450: loss 2.3875, time 11526.78ms, mfu 7.06%
model:LGT728D iter 8460: loss 2.2738, time 753.51ms, mfu 7.27%
model:LGT728D iter 8470: loss 2.5204, time 753.52ms, mfu 7.46%
model:LGT728D iter 8480: loss 2.5855, time 753.52ms, mfu 7.63%
model:LGT728D iter 8490: loss 2.5094, time 753.43ms, mfu 7.78%
-----------average decoder density 0.0000
step 8500: train loss 2.4798, val loss 2.5305
model:LGT728D iter 8500: loss 2.3268, time 11524.40ms, mfu 7.06%
model:LGT728D iter 8510: loss 2.7624, time 753.30ms, mfu 7.27%
model:LGT728D iter 8520: loss 2.4026, time 753.30ms, mfu 7.46%
model:LGT728D iter 8530: loss 2.1658, time 753.43ms, mfu 7.63%
model:LGT728D iter 8540: loss 2.3939, time 753.50ms, mfu 7.78%
-----------average decoder density 0.0000
step 8550: train loss 2.4821, val loss 2.5507
model:LGT728D iter 8550: loss 2.3817, time 11521.97ms, mfu 7.06%
model:LGT728D iter 8560: loss 2.3855, time 753.22ms, mfu 7.27%
model:LGT728D iter 8570: loss 2.6701, time 753.40ms, mfu 7.46%
model:LGT728D iter 8580: loss 2.5045, time 753.41ms, mfu 7.63%
model:LGT728D iter 8590: loss 2.7365, time 753.59ms, mfu 7.78%
-----------average decoder density 0.0000
step 8600: train loss 2.4749, val loss 2.5593
model:LGT728D iter 8600: loss 2.2489, time 11522.16ms, mfu 7.06%
model:LGT728D iter 8610: loss 2.4417, time 753.30ms, mfu 7.27%
model:LGT728D iter 8620: loss 2.1937, time 753.22ms, mfu 7.46%
model:LGT728D iter 8630: loss 2.4492, time 753.20ms, mfu 7.63%
model:LGT728D iter 8640: loss 2.5172, time 753.46ms, mfu 7.78%
-----------average decoder density 0.0000
step 8650: train loss 2.4825, val loss 2.5081
saving checkpoint to out-novel-char3_LGT728D_3d25ede0cfd080d9e35756b051dcef65
model:LGT728D iter 8650: loss 2.3974, time 12571.02ms, mfu 7.06%
model:LGT728D iter 8660: loss 2.4457, time 753.03ms, mfu 7.27%
model:LGT728D iter 8670: loss 2.5713, time 753.25ms, mfu 7.45%
model:LGT728D iter 8680: loss 2.4392, time 752.88ms, mfu 7.63%
model:LGT728D iter 8690: loss 2.2881, time 752.80ms, mfu 7.78%
-----------average decoder density 0.0000
step 8700: train loss 2.4731, val loss 2.5321
model:LGT728D iter 8700: loss 2.2049, time 11513.76ms, mfu 7.06%
model:LGT728D iter 8710: loss 2.5493, time 753.01ms, mfu 7.27%
model:LGT728D iter 8720: loss 2.3963, time 753.07ms, mfu 7.46%
model:LGT728D iter 8730: loss 2.2343, time 753.05ms, mfu 7.63%
model:LGT728D iter 8740: loss 2.1079, time 752.85ms, mfu 7.78%
-----------average decoder density 0.0000
step 8750: train loss 2.4514, val loss 2.5305
model:LGT728D iter 8750: loss 2.1730, time 11513.16ms, mfu 7.06%
model:LGT728D iter 8760: loss 2.3492, time 752.95ms, mfu 7.27%
model:LGT728D iter 8770: loss 2.4969, time 753.10ms, mfu 7.46%
model:LGT728D iter 8780: loss 2.5510, time 753.06ms, mfu 7.63%
model:LGT728D iter 8790: loss 2.6556, time 752.93ms, mfu 7.78%
-----------average decoder density 0.0000
step 8800: train loss 2.4515, val loss 2.5079
saving checkpoint to out-novel-char3_LGT728D_3d25ede0cfd080d9e35756b051dcef65
model:LGT728D iter 8800: loss 2.2157, time 12575.11ms, mfu 7.06%
model:LGT728D iter 8810: loss 2.5762, time 753.39ms, mfu 7.27%
model:LGT728D iter 8820: loss 2.5715, time 753.33ms, mfu 7.46%
model:LGT728D iter 8830: loss 2.1788, time 753.38ms, mfu 7.63%
model:LGT728D iter 8840: loss 2.0181, time 753.49ms, mfu 7.78%
-----------average decoder density 0.0000
step 8850: train loss 2.4728, val loss 2.5017
saving checkpoint to out-novel-char3_LGT728D_3d25ede0cfd080d9e35756b051dcef65
model:LGT728D iter 8850: loss 2.5347, time 12567.46ms, mfu 7.05%
model:LGT728D iter 8860: loss 2.6693, time 753.14ms, mfu 7.26%
model:LGT728D iter 8870: loss 2.4674, time 753.23ms, mfu 7.45%
model:LGT728D iter 8880: loss 2.8567, time 753.35ms, mfu 7.62%
model:LGT728D iter 8890: loss 2.4380, time 753.22ms, mfu 7.78%
-----------average decoder density 0.0000
step 8900: train loss 2.4662, val loss 2.5225
model:LGT728D iter 8900: loss 2.4195, time 11516.74ms, mfu 7.06%
model:LGT728D iter 8910: loss 2.2623, time 753.44ms, mfu 7.27%
model:LGT728D iter 8920: loss 2.4952, time 753.20ms, mfu 7.46%
model:LGT728D iter 8930: loss 2.6064, time 753.29ms, mfu 7.63%
model:LGT728D iter 8940: loss 2.5368, time 753.24ms, mfu 7.78%
-----------average decoder density 0.0000
step 8950: train loss 2.4694, val loss 2.5176
model:LGT728D iter 8950: loss 2.4557, time 11515.09ms, mfu 7.06%
model:LGT728D iter 8960: loss 2.5916, time 753.33ms, mfu 7.27%
model:LGT728D iter 8970: loss 2.4240, time 753.32ms, mfu 7.46%
model:LGT728D iter 8980: loss 2.5364, time 753.10ms, mfu 7.63%
model:LGT728D iter 8990: loss 2.7268, time 753.37ms, mfu 7.78%
-----------average decoder density 0.0000
step 9000: train loss 2.4523, val loss 2.5259
model:LGT728D iter 9000: loss 2.6539, time 11517.42ms, mfu 7.06%
model:LGT728D iter 9010: loss 2.0231, time 753.25ms, mfu 7.27%
model:LGT728D iter 9020: loss 2.5394, time 753.29ms, mfu 7.46%
model:LGT728D iter 9030: loss 2.5811, time 753.20ms, mfu 7.63%
model:LGT728D iter 9040: loss 2.6885, time 753.11ms, mfu 7.78%
-----------average decoder density 0.0000
step 9050: train loss 2.4821, val loss 2.5146
model:LGT728D iter 9050: loss 2.6755, time 11520.23ms, mfu 7.06%
model:LGT728D iter 9060: loss 2.4961, time 753.26ms, mfu 7.27%
model:LGT728D iter 9070: loss 2.4062, time 753.38ms, mfu 7.46%
model:LGT728D iter 9080: loss 2.4471, time 753.24ms, mfu 7.63%
model:LGT728D iter 9090: loss 2.3668, time 753.24ms, mfu 7.78%
-----------average decoder density 0.0000
step 9100: train loss 2.4423, val loss 2.4954
saving checkpoint to out-novel-char3_LGT728D_3d25ede0cfd080d9e35756b051dcef65
model:LGT728D iter 9100: loss 2.2436, time 12497.47ms, mfu 7.06%
model:LGT728D iter 9110: loss 2.5958, time 753.09ms, mfu 7.27%
model:LGT728D iter 9120: loss 2.2868, time 753.03ms, mfu 7.46%
model:LGT728D iter 9130: loss 2.1715, time 753.37ms, mfu 7.63%
model:LGT728D iter 9140: loss 2.8354, time 753.15ms, mfu 7.78%
-----------average decoder density 0.0000
step 9150: train loss 2.4313, val loss 2.5077
model:LGT728D iter 9150: loss 2.6906, time 11517.71ms, mfu 7.06%
model:LGT728D iter 9160: loss 2.3903, time 753.04ms, mfu 7.27%
model:LGT728D iter 9170: loss 2.6410, time 753.24ms, mfu 7.46%
model:LGT728D iter 9180: loss 2.4371, time 753.15ms, mfu 7.63%
model:LGT728D iter 9190: loss 2.5131, time 753.23ms, mfu 7.78%
-----------average decoder density 0.0000
step 9200: train loss 2.4409, val loss 2.4946
saving checkpoint to out-novel-char3_LGT728D_3d25ede0cfd080d9e35756b051dcef65
model:LGT728D iter 9200: loss 2.7210, time 12563.73ms, mfu 7.06%
model:LGT728D iter 9210: loss 2.4565, time 753.19ms, mfu 7.27%
model:LGT728D iter 9220: loss 2.5195, time 753.20ms, mfu 7.45%
model:LGT728D iter 9230: loss 2.2819, time 753.03ms, mfu 7.62%
model:LGT728D iter 9240: loss 2.5232, time 753.18ms, mfu 7.78%
-----------average decoder density 0.0000
step 9250: train loss 2.4492, val loss 2.4781
saving checkpoint to out-novel-char3_LGT728D_3d25ede0cfd080d9e35756b051dcef65
model:LGT728D iter 9250: loss 2.6827, time 12569.75ms, mfu 7.05%
model:LGT728D iter 9260: loss 2.5061, time 753.16ms, mfu 7.26%
model:LGT728D iter 9270: loss 2.3265, time 753.29ms, mfu 7.45%
model:LGT728D iter 9280: loss 2.4788, time 753.19ms, mfu 7.62%
model:LGT728D iter 9290: loss 2.3842, time 753.08ms, mfu 7.78%
-----------average decoder density 0.0000
step 9300: train loss 2.4432, val loss 2.5095
model:LGT728D iter 9300: loss 2.4987, time 11512.72ms, mfu 7.06%
model:LGT728D iter 9310: loss 2.4390, time 753.23ms, mfu 7.27%
model:LGT728D iter 9320: loss 2.6871, time 753.16ms, mfu 7.46%
model:LGT728D iter 9330: loss 2.6713, time 753.29ms, mfu 7.63%
model:LGT728D iter 9340: loss 2.0585, time 753.04ms, mfu 7.78%
-----------average decoder density 0.0000
step 9350: train loss 2.4457, val loss 2.5185
model:LGT728D iter 9350: loss 2.4064, time 11514.08ms, mfu 7.06%
model:LGT728D iter 9360: loss 2.3696, time 753.11ms, mfu 7.27%
model:LGT728D iter 9370: loss 2.6121, time 753.18ms, mfu 7.46%
model:LGT728D iter 9380: loss 2.6003, time 753.38ms, mfu 7.63%
model:LGT728D iter 9390: loss 2.5012, time 753.24ms, mfu 7.78%
-----------average decoder density 0.0000
step 9400: train loss 2.4509, val loss 2.4979
model:LGT728D iter 9400: loss 2.6320, time 11522.60ms, mfu 7.06%
model:LGT728D iter 9410: loss 2.5670, time 753.44ms, mfu 7.27%
model:LGT728D iter 9420: loss 2.5543, time 753.19ms, mfu 7.46%
model:LGT728D iter 9430: loss 2.3301, time 753.21ms, mfu 7.63%
model:LGT728D iter 9440: loss 2.4086, time 753.26ms, mfu 7.78%
-----------average decoder density 0.0000
step 9450: train loss 2.4322, val loss 2.4903
model:LGT728D iter 9450: loss 2.3355, time 11521.89ms, mfu 7.06%
model:LGT728D iter 9460: loss 2.5071, time 753.19ms, mfu 7.27%
model:LGT728D iter 9470: loss 2.1951, time 753.11ms, mfu 7.46%
model:LGT728D iter 9480: loss 2.4135, time 753.17ms, mfu 7.63%
model:LGT728D iter 9490: loss 2.5908, time 753.17ms, mfu 7.78%
-----------average decoder density 0.0000
step 9500: train loss 2.4250, val loss 2.4745
saving checkpoint to out-novel-char3_LGT728D_3d25ede0cfd080d9e35756b051dcef65
model:LGT728D iter 9500: loss 2.6620, time 12620.98ms, mfu 7.06%
model:LGT728D iter 9510: loss 2.2584, time 753.29ms, mfu 7.27%
model:LGT728D iter 9520: loss 2.3109, time 753.05ms, mfu 7.46%
model:LGT728D iter 9530: loss 2.5287, time 753.37ms, mfu 7.62%
model:LGT728D iter 9540: loss 2.3679, time 753.33ms, mfu 7.78%
-----------average decoder density 0.0000
step 9550: train loss 2.4224, val loss 2.5041
model:LGT728D iter 9550: loss 2.3883, time 11521.80ms, mfu 7.06%
model:LGT728D iter 9560: loss 2.2704, time 754.18ms, mfu 7.27%
model:LGT728D iter 9570: loss 1.9606, time 753.35ms, mfu 7.46%
model:LGT728D iter 9580: loss 2.6034, time 753.20ms, mfu 7.63%
model:LGT728D iter 9590: loss 2.5830, time 753.44ms, mfu 7.78%
-----------average decoder density 0.0000
step 9600: train loss 2.4311, val loss 2.5025
model:LGT728D iter 9600: loss 2.3474, time 11517.71ms, mfu 7.06%
model:LGT728D iter 9610: loss 2.5327, time 753.19ms, mfu 7.27%
model:LGT728D iter 9620: loss 2.4261, time 753.38ms, mfu 7.46%
model:LGT728D iter 9630: loss 2.4619, time 753.36ms, mfu 7.63%
model:LGT728D iter 9640: loss 2.4149, time 753.16ms, mfu 7.78%
-----------average decoder density 0.0000
step 9650: train loss 2.4414, val loss 2.5243
model:LGT728D iter 9650: loss 2.4388, time 11518.22ms, mfu 7.06%
model:LGT728D iter 9660: loss 2.4407, time 753.25ms, mfu 7.27%
model:LGT728D iter 9670: loss 2.5833, time 753.31ms, mfu 7.46%
model:LGT728D iter 9680: loss 2.7645, time 753.21ms, mfu 7.63%
model:LGT728D iter 9690: loss 2.2052, time 753.34ms, mfu 7.78%
-----------average decoder density 0.0000
step 9700: train loss 2.4235, val loss 2.5146
model:LGT728D iter 9700: loss 2.7502, time 11520.48ms, mfu 7.06%
model:LGT728D iter 9710: loss 2.2887, time 753.21ms, mfu 7.27%
model:LGT728D iter 9720: loss 2.5432, time 753.48ms, mfu 7.46%
model:LGT728D iter 9730: loss 2.3713, time 753.34ms, mfu 7.63%
model:LGT728D iter 9740: loss 2.2230, time 753.32ms, mfu 7.78%
-----------average decoder density 0.0000
step 9750: train loss 2.4029, val loss 2.5195
model:LGT728D iter 9750: loss 2.2207, time 11515.71ms, mfu 7.06%
model:LGT728D iter 9760: loss 2.5234, time 753.10ms, mfu 7.27%
model:LGT728D iter 9770: loss 2.4361, time 753.38ms, mfu 7.46%
model:LGT728D iter 9780: loss 2.1765, time 753.12ms, mfu 7.63%
model:LGT728D iter 9790: loss 2.4829, time 753.36ms, mfu 7.78%
-----------average decoder density 0.0000
step 9800: train loss 2.4190, val loss 2.4690
saving checkpoint to out-novel-char3_LGT728D_3d25ede0cfd080d9e35756b051dcef65
model:LGT728D iter 9800: loss 2.3400, time 12570.27ms, mfu 7.06%
model:LGT728D iter 9810: loss 2.5619, time 753.48ms, mfu 7.27%
model:LGT728D iter 9820: loss 2.8568, time 753.27ms, mfu 7.45%
model:LGT728D iter 9830: loss 2.1785, time 753.23ms, mfu 7.62%
model:LGT728D iter 9840: loss 2.4731, time 753.47ms, mfu 7.78%
-----------average decoder density 0.0000
step 9850: train loss 2.4030, val loss 2.4867
model:LGT728D iter 9850: loss 2.1867, time 11527.26ms, mfu 7.06%
model:LGT728D iter 9860: loss 2.2643, time 753.39ms, mfu 7.27%
model:LGT728D iter 9870: loss 2.6922, time 753.37ms, mfu 7.46%
model:LGT728D iter 9880: loss 2.5771, time 753.31ms, mfu 7.63%
model:LGT728D iter 9890: loss 2.4927, time 757.83ms, mfu 7.77%
-----------average decoder density 0.0000
step 9900: train loss 2.4202, val loss 2.4683
saving checkpoint to out-novel-char3_LGT728D_3d25ede0cfd080d9e35756b051dcef65
model:LGT728D iter 9900: loss 2.4745, time 13307.35ms, mfu 7.05%
model:LGT728D iter 9910: loss 2.4213, time 753.91ms, mfu 7.26%
model:LGT728D iter 9920: loss 2.3119, time 753.76ms, mfu 7.45%
model:LGT728D iter 9930: loss 2.4810, time 771.05ms, mfu 7.60%
model:LGT728D iter 9940: loss 2.4872, time 753.28ms, mfu 7.75%
-----------average decoder density 0.0000
step 9950: train loss 2.4109, val loss 2.4639
saving checkpoint to out-novel-char3_LGT728D_3d25ede0cfd080d9e35756b051dcef65
model:LGT728D iter 9950: loss 2.2894, time 12599.31ms, mfu 7.03%
model:LGT728D iter 9960: loss 2.4768, time 753.75ms, mfu 7.24%
model:LGT728D iter 9970: loss 2.5247, time 753.13ms, mfu 7.43%
model:LGT728D iter 9980: loss 2.1393, time 753.45ms, mfu 7.60%
model:LGT728D iter 9990: loss 2.7531, time 753.15ms, mfu 7.76%
-----------average decoder density 0.0000
step 10000: train loss 2.4189, val loss 2.4951
model:LGT728D iter 10000: loss 2.5218, time 11533.92ms, mfu 7.04%
model:LGT728D iter 10010: loss 2.3620, time 753.46ms, mfu 7.25%
model:LGT728D iter 10020: loss 2.2777, time 756.32ms, mfu 7.44%
model:LGT728D iter 10030: loss 2.1158, time 753.33ms, mfu 7.61%
model:LGT728D iter 10040: loss 2.2388, time 754.20ms, mfu 7.76%
-----------average decoder density 0.0000
step 10050: train loss 2.4053, val loss 2.4790
model:LGT728D iter 10050: loss 2.2440, time 11527.56ms, mfu 7.05%
model:LGT728D iter 10060: loss 2.6162, time 753.42ms, mfu 7.26%
model:LGT728D iter 10070: loss 2.4610, time 753.71ms, mfu 7.45%
model:LGT728D iter 10080: loss 2.5978, time 753.49ms, mfu 7.62%
model:LGT728D iter 10090: loss 2.4474, time 754.80ms, mfu 7.77%
-----------average decoder density 0.0000
step 10100: train loss 2.3856, val loss 2.4671
model:LGT728D iter 10100: loss 2.4590, time 11528.49ms, mfu 7.05%
model:LGT728D iter 10110: loss 2.0907, time 753.31ms, mfu 7.26%
model:LGT728D iter 10120: loss 2.3175, time 769.67ms, mfu 7.43%
model:LGT728D iter 10130: loss 2.2537, time 778.31ms, mfu 7.57%
model:LGT728D iter 10140: loss 2.4855, time 753.34ms, mfu 7.73%
-----------average decoder density 0.0000
step 10150: train loss 2.4145, val loss 2.4566
saving checkpoint to out-novel-char3_LGT728D_3d25ede0cfd080d9e35756b051dcef65
model:LGT728D iter 10150: loss 2.3401, time 12590.05ms, mfu 7.01%
model:LGT728D iter 10160: loss 2.4355, time 754.72ms, mfu 7.22%
model:LGT728D iter 10170: loss 2.2214, time 767.95ms, mfu 7.40%
model:LGT728D iter 10180: loss 2.4876, time 753.06ms, mfu 7.58%
model:LGT728D iter 10190: loss 2.1924, time 753.43ms, mfu 7.73%
-----------average decoder density 0.0000
step 10200: train loss 2.4129, val loss 2.4739
model:LGT728D iter 10200: loss 2.3448, time 11525.42ms, mfu 7.02%
model:LGT728D iter 10210: loss 2.2852, time 753.54ms, mfu 7.23%
model:LGT728D iter 10220: loss 2.5416, time 753.91ms, mfu 7.42%
model:LGT728D iter 10230: loss 2.3567, time 753.45ms, mfu 7.60%
model:LGT728D iter 10240: loss 2.4771, time 772.88ms, mfu 7.73%
-----------average decoder density 0.0000
step 10250: train loss 2.4050, val loss 2.4479
saving checkpoint to out-novel-char3_LGT728D_3d25ede0cfd080d9e35756b051dcef65
model:LGT728D iter 10250: loss 2.2753, time 13120.57ms, mfu 7.01%
model:LGT728D iter 10260: loss 2.2301, time 756.20ms, mfu 7.22%
model:LGT728D iter 10270: loss 2.4050, time 760.51ms, mfu 7.40%
model:LGT728D iter 10280: loss 2.2991, time 755.82ms, mfu 7.57%
model:LGT728D iter 10290: loss 2.4118, time 753.32ms, mfu 7.73%
-----------average decoder density 0.0000
step 10300: train loss 2.4240, val loss 2.4958
model:LGT728D iter 10300: loss 2.4874, time 12176.97ms, mfu 7.02%
model:LGT728D iter 10310: loss 2.7505, time 755.51ms, mfu 7.23%
model:LGT728D iter 10320: loss 2.5747, time 780.70ms, mfu 7.39%
model:LGT728D iter 10330: loss 2.4561, time 768.21ms, mfu 7.55%
model:LGT728D iter 10340: loss 2.2013, time 756.60ms, mfu 7.70%
-----------average decoder density 0.0000
step 10350: train loss 2.3793, val loss 2.4719
model:LGT728D iter 10350: loss 2.4125, time 11956.88ms, mfu 6.99%
model:LGT728D iter 10360: loss 2.4448, time 753.67ms, mfu 7.21%
model:LGT728D iter 10370: loss 2.5306, time 753.28ms, mfu 7.40%
model:LGT728D iter 10380: loss 2.4447, time 756.23ms, mfu 7.57%
model:LGT728D iter 10390: loss 2.7673, time 777.89ms, mfu 7.70%
-----------average decoder density 0.0000
step 10400: train loss 2.3974, val loss 2.4548
model:LGT728D iter 10400: loss 2.2127, time 12076.95ms, mfu 6.99%
model:LGT728D iter 10410: loss 2.2283, time 760.00ms, mfu 7.20%
model:LGT728D iter 10420: loss 2.4088, time 753.55ms, mfu 7.39%
model:LGT728D iter 10430: loss 2.2891, time 754.57ms, mfu 7.57%
model:LGT728D iter 10440: loss 2.4613, time 753.96ms, mfu 7.72%
-----------average decoder density 0.0000
step 10450: train loss 2.3866, val loss 2.4668
model:LGT728D iter 10450: loss 2.3137, time 11928.82ms, mfu 7.01%
model:LGT728D iter 10460: loss 2.3024, time 753.85ms, mfu 7.22%
model:LGT728D iter 10470: loss 2.5654, time 754.04ms, mfu 7.41%
model:LGT728D iter 10480: loss 2.7576, time 756.32ms, mfu 7.58%
model:LGT728D iter 10490: loss 2.2758, time 756.26ms, mfu 7.74%
-----------average decoder density 0.0000
step 10500: train loss 2.3951, val loss 2.4700
model:LGT728D iter 10500: loss 2.1784, time 11969.33ms, mfu 7.02%
model:LGT728D iter 10510: loss 2.4671, time 755.19ms, mfu 7.23%
model:LGT728D iter 10520: loss 2.1133, time 754.09ms, mfu 7.42%
model:LGT728D iter 10530: loss 2.4825, time 754.06ms, mfu 7.59%
model:LGT728D iter 10540: loss 2.0527, time 754.64ms, mfu 7.75%
-----------average decoder density 0.0000
step 10550: train loss 2.3778, val loss 2.4254
saving checkpoint to out-novel-char3_LGT728D_3d25ede0cfd080d9e35756b051dcef65
model:LGT728D iter 10550: loss 2.5587, time 13543.67ms, mfu 7.02%
model:LGT728D iter 10560: loss 2.5137, time 758.44ms, mfu 7.23%
model:LGT728D iter 10570: loss 2.5932, time 831.12ms, mfu 7.34%
model:LGT728D iter 10580: loss 2.0976, time 832.87ms, mfu 7.43%
model:LGT728D iter 10590: loss 2.6656, time 832.81ms, mfu 7.52%
-----------average decoder density 0.0000
step 10600: train loss 2.3673, val loss 2.4542
model:LGT728D iter 10600: loss 2.1649, time 13121.71ms, mfu 6.82%
model:LGT728D iter 10610: loss 2.2429, time 773.09ms, mfu 7.03%
model:LGT728D iter 10620: loss 2.5375, time 753.16ms, mfu 7.24%
model:LGT728D iter 10630: loss 2.2753, time 773.58ms, mfu 7.41%
model:LGT728D iter 10640: loss 2.5574, time 774.24ms, mfu 7.56%
-----------average decoder density 0.0000
step 10650: train loss 2.3556, val loss 2.4511
model:LGT728D iter 10650: loss 2.4046, time 12965.96ms, mfu 6.85%
model:LGT728D iter 10660: loss 2.3821, time 809.45ms, mfu 7.02%
model:LGT728D iter 10670: loss 2.7641, time 825.97ms, mfu 7.15%
model:LGT728D iter 10680: loss 2.1612, time 758.46ms, mfu 7.35%
model:LGT728D iter 10690: loss 2.2301, time 770.38ms, mfu 7.51%
-----------average decoder density 0.0000
step 10700: train loss 2.3864, val loss 2.4510
model:LGT728D iter 10700: loss 2.4075, time 12679.58ms, mfu 6.81%
model:LGT728D iter 10710: loss 2.5451, time 813.81ms, mfu 6.98%
model:LGT728D iter 10720: loss 2.5439, time 775.67ms, mfu 7.17%
model:LGT728D iter 10730: loss 2.2538, time 826.98ms, mfu 7.28%
model:LGT728D iter 10740: loss 2.7569, time 824.78ms, mfu 7.39%
-----------average decoder density 0.0000
step 10750: train loss 2.3902, val loss 2.4714
model:LGT728D iter 10750: loss 2.4627, time 13561.08ms, mfu 6.70%
model:LGT728D iter 10760: loss 2.0705, time 753.88ms, mfu 6.95%
model:LGT728D iter 10770: loss 2.5080, time 754.02ms, mfu 7.17%
model:LGT728D iter 10780: loss 2.4015, time 765.26ms, mfu 7.35%
model:LGT728D iter 10790: loss 2.5056, time 756.05ms, mfu 7.53%
-----------average decoder density 0.0000
step 10800: train loss 2.3644, val loss 2.4242
saving checkpoint to out-novel-char3_LGT728D_3d25ede0cfd080d9e35756b051dcef65
model:LGT728D iter 10800: loss 2.1242, time 14379.91ms, mfu 6.82%
model:LGT728D iter 10810: loss 2.4050, time 828.93ms, mfu 6.97%
model:LGT728D iter 10820: loss 2.1290, time 825.20ms, mfu 7.11%
model:LGT728D iter 10830: loss 1.9260, time 827.14ms, mfu 7.23%
model:LGT728D iter 10840: loss 2.4909, time 832.60ms, mfu 7.34%
-----------average decoder density 0.0000
step 10850: train loss 2.3755, val loss 2.4517
model:LGT728D iter 10850: loss 2.0922, time 13733.94ms, mfu 6.65%
model:LGT728D iter 10860: loss 2.7685, time 772.68ms, mfu 6.88%
model:LGT728D iter 10870: loss 2.1955, time 753.61ms, mfu 7.11%
model:LGT728D iter 10880: loss 1.9733, time 753.48ms, mfu 7.31%
model:LGT728D iter 10890: loss 2.0136, time 753.80ms, mfu 7.49%
-----------average decoder density 0.0000
step 10900: train loss 2.3737, val loss 2.4335
model:LGT728D iter 10900: loss 2.2262, time 11576.36ms, mfu 6.80%
model:LGT728D iter 10910: loss 2.5206, time 753.71ms, mfu 7.04%
model:LGT728D iter 10920: loss 2.4531, time 753.60ms, mfu 7.25%
model:LGT728D iter 10930: loss 2.5189, time 753.44ms, mfu 7.44%
model:LGT728D iter 10940: loss 2.4419, time 753.52ms, mfu 7.61%
-----------average decoder density 0.0000
step 10950: train loss 2.3952, val loss 2.4156
saving checkpoint to out-novel-char3_LGT728D_3d25ede0cfd080d9e35756b051dcef65
model:LGT728D iter 10950: loss 2.3674, time 13047.15ms, mfu 6.90%
model:LGT728D iter 10960: loss 2.3722, time 827.10ms, mfu 7.05%
model:LGT728D iter 10970: loss 2.3289, time 814.49ms, mfu 7.19%
model:LGT728D iter 10980: loss 2.1116, time 831.39ms, mfu 7.30%
model:LGT728D iter 10990: loss 2.1231, time 830.17ms, mfu 7.40%
-----------average decoder density 0.0000
step 11000: train loss 2.3676, val loss 2.4455
model:LGT728D iter 11000: loss 2.6123, time 12949.73ms, mfu 6.71%
model:LGT728D iter 11010: loss 2.4840, time 758.02ms, mfu 6.95%
model:LGT728D iter 11020: loss 2.4782, time 767.51ms, mfu 7.15%
model:LGT728D iter 11030: loss 2.3633, time 755.09ms, mfu 7.35%
model:LGT728D iter 11040: loss 2.3441, time 773.73ms, mfu 7.51%
-----------average decoder density 0.0000
step 11050: train loss 2.3676, val loss 2.4299
model:LGT728D iter 11050: loss 2.2250, time 13240.44ms, mfu 6.81%
model:LGT728D iter 11060: loss 2.2038, time 753.53ms, mfu 7.04%
model:LGT728D iter 11070: loss 2.7196, time 770.36ms, mfu 7.23%
model:LGT728D iter 11080: loss 2.5702, time 753.38ms, mfu 7.42%
model:LGT728D iter 11090: loss 2.3186, time 759.15ms, mfu 7.59%
-----------average decoder density 0.0000
step 11100: train loss 2.3634, val loss 2.4577
model:LGT728D iter 11100: loss 2.2471, time 12769.19ms, mfu 6.88%
model:LGT728D iter 11110: loss 2.1967, time 760.17ms, mfu 7.10%
model:LGT728D iter 11120: loss 2.5534, time 857.50ms, mfu 7.20%
model:LGT728D iter 11130: loss 2.3686, time 756.75ms, mfu 7.39%
model:LGT728D iter 11140: loss 2.6416, time 753.53ms, mfu 7.56%
-----------average decoder density 0.0000
step 11150: train loss 2.3690, val loss 2.4303
model:LGT728D iter 11150: loss 2.3982, time 12557.48ms, mfu 6.86%
model:LGT728D iter 11160: loss 2.4616, time 762.29ms, mfu 7.08%
model:LGT728D iter 11170: loss 2.5032, time 753.34ms, mfu 7.29%
model:LGT728D iter 11180: loss 2.1841, time 757.14ms, mfu 7.47%
model:LGT728D iter 11190: loss 2.5236, time 777.17ms, mfu 7.61%
-----------average decoder density 0.0000
step 11200: train loss 2.3615, val loss 2.4221
model:LGT728D iter 11200: loss 2.3349, time 12972.53ms, mfu 6.90%
model:LGT728D iter 11210: loss 2.6415, time 813.10ms, mfu 7.06%
model:LGT728D iter 11220: loss 2.5141, time 784.27ms, mfu 7.23%
model:LGT728D iter 11230: loss 2.1669, time 823.80ms, mfu 7.35%
model:LGT728D iter 11240: loss 2.4644, time 831.89ms, mfu 7.44%
-----------average decoder density 0.0000
step 11250: train loss 2.3501, val loss 2.4265
model:LGT728D iter 11250: loss 2.0815, time 13163.64ms, mfu 6.75%
model:LGT728D iter 11260: loss 2.0861, time 830.10ms, mfu 6.90%
model:LGT728D iter 11270: loss 2.2201, time 798.12ms, mfu 7.08%
model:LGT728D iter 11280: loss 2.0299, time 828.80ms, mfu 7.20%
model:LGT728D iter 11290: loss 2.5464, time 816.06ms, mfu 7.33%
-----------average decoder density 0.0000
step 11300: train loss 2.3442, val loss 2.4426
model:LGT728D iter 11300: loss 2.5155, time 13081.08ms, mfu 6.65%
model:LGT728D iter 11310: loss 2.2599, time 753.33ms, mfu 6.90%
model:LGT728D iter 11320: loss 2.2463, time 753.50ms, mfu 7.12%
model:LGT728D iter 11330: loss 2.3735, time 753.69ms, mfu 7.32%
model:LGT728D iter 11340: loss 2.2328, time 753.48ms, mfu 7.51%
-----------average decoder density 0.0000
step 11350: train loss 2.3473, val loss 2.4231
model:LGT728D iter 11350: loss 2.5531, time 11531.12ms, mfu 6.82%
model:LGT728D iter 11360: loss 2.4425, time 753.21ms, mfu 7.05%
model:LGT728D iter 11370: loss 2.5828, time 847.67ms, mfu 7.16%
model:LGT728D iter 11380: loss 2.4165, time 906.85ms, mfu 7.20%
model:LGT728D iter 11390: loss 2.4095, time 753.39ms, mfu 7.40%
-----------average decoder density 0.0000
step 11400: train loss 2.3698, val loss 2.4126
saving checkpoint to out-novel-char3_LGT728D_3d25ede0cfd080d9e35756b051dcef65
model:LGT728D iter 11400: loss 2.2226, time 15186.99ms, mfu 6.70%
model:LGT728D iter 11410: loss 2.3756, time 809.09ms, mfu 6.88%
model:LGT728D iter 11420: loss 2.4562, time 754.06ms, mfu 7.11%
model:LGT728D iter 11430: loss 2.0091, time 769.37ms, mfu 7.29%
model:LGT728D iter 11440: loss 2.3532, time 753.85ms, mfu 7.48%
-----------average decoder density 0.0000
step 11450: train loss 2.3479, val loss 2.4140
model:LGT728D iter 11450: loss 2.2511, time 12834.36ms, mfu 6.79%
model:LGT728D iter 11460: loss 2.0801, time 775.40ms, mfu 7.00%
model:LGT728D iter 11470: loss 2.3557, time 753.45ms, mfu 7.21%
model:LGT728D iter 11480: loss 2.2108, time 759.71ms, mfu 7.40%
model:LGT728D iter 11490: loss 2.0925, time 819.95ms, mfu 7.50%
-----------average decoder density 0.0000
step 11500: train loss 2.3366, val loss 2.4263
model:LGT728D iter 11500: loss 2.2932, time 13219.66ms, mfu 6.80%
model:LGT728D iter 11510: loss 2.0980, time 753.60ms, mfu 7.04%
model:LGT728D iter 11520: loss 2.3918, time 753.41ms, mfu 7.25%
model:LGT728D iter 11530: loss 2.3442, time 755.76ms, mfu 7.43%
model:LGT728D iter 11540: loss 2.5290, time 754.42ms, mfu 7.60%
-----------average decoder density 0.0000
step 11550: train loss 2.3440, val loss 2.4357
model:LGT728D iter 11550: loss 2.0498, time 13769.59ms, mfu 6.89%
model:LGT728D iter 11560: loss 2.2858, time 754.27ms, mfu 7.12%
model:LGT728D iter 11570: loss 2.4075, time 759.90ms, mfu 7.31%
model:LGT728D iter 11580: loss 2.2437, time 758.41ms, mfu 7.49%
model:LGT728D iter 11590: loss 2.5852, time 754.96ms, mfu 7.66%
-----------average decoder density 0.0000
step 11600: train loss 2.3671, val loss 2.3912
saving checkpoint to out-novel-char3_LGT728D_3d25ede0cfd080d9e35756b051dcef65
model:LGT728D iter 11600: loss 2.2595, time 14771.53ms, mfu 6.94%
model:LGT728D iter 11610: loss 2.3042, time 753.79ms, mfu 7.16%
model:LGT728D iter 11620: loss 2.2442, time 772.88ms, mfu 7.33%
model:LGT728D iter 11630: loss 2.5364, time 754.92ms, mfu 7.51%
model:LGT728D iter 11640: loss 2.1576, time 762.00ms, mfu 7.67%
-----------average decoder density 0.0000
step 11650: train loss 2.3456, val loss 2.4185
model:LGT728D iter 11650: loss 2.5361, time 13499.38ms, mfu 6.95%
model:LGT728D iter 11660: loss 2.3451, time 767.38ms, mfu 7.15%
model:LGT728D iter 11670: loss 2.6503, time 753.50ms, mfu 7.35%
model:LGT728D iter 11680: loss 2.0787, time 753.33ms, mfu 7.53%
model:LGT728D iter 11690: loss 2.3501, time 753.63ms, mfu 7.69%
-----------average decoder density 0.0000
step 11700: train loss 2.3296, val loss 2.4223
model:LGT728D iter 11700: loss 1.8146, time 13769.87ms, mfu 6.98%
model:LGT728D iter 11710: loss 2.1231, time 827.09ms, mfu 7.11%
model:LGT728D iter 11720: loss 1.9797, time 808.82ms, mfu 7.25%
model:LGT728D iter 11730: loss 1.9329, time 754.53ms, mfu 7.44%
model:LGT728D iter 11740: loss 2.0875, time 753.23ms, mfu 7.61%
-----------average decoder density 0.0000
step 11750: train loss 2.3274, val loss 2.4285
model:LGT728D iter 11750: loss 2.2535, time 11544.12ms, mfu 6.91%
model:LGT728D iter 11760: loss 2.5568, time 753.36ms, mfu 7.13%
model:LGT728D iter 11770: loss 2.3260, time 753.64ms, mfu 7.34%
model:LGT728D iter 11780: loss 1.9550, time 753.31ms, mfu 7.52%
model:LGT728D iter 11790: loss 2.4851, time 753.46ms, mfu 7.68%
-----------average decoder density 0.0000
step 11800: train loss 2.3200, val loss 2.4145
model:LGT728D iter 11800: loss 2.3571, time 12531.98ms, mfu 6.97%
model:LGT728D iter 11810: loss 2.6474, time 778.01ms, mfu 7.16%
model:LGT728D iter 11820: loss 2.1883, time 798.22ms, mfu 7.30%
model:LGT728D iter 11830: loss 2.6103, time 843.62ms, mfu 7.39%
model:LGT728D iter 11840: loss 2.3157, time 826.52ms, mfu 7.49%
-----------average decoder density 0.0000
step 11850: train loss 2.3365, val loss 2.4057
model:LGT728D iter 11850: loss 2.1512, time 12882.27ms, mfu 6.79%
model:LGT728D iter 11860: loss 2.3967, time 771.41ms, mfu 7.01%
model:LGT728D iter 11870: loss 2.2627, time 771.67ms, mfu 7.20%
model:LGT728D iter 11880: loss 2.3448, time 770.14ms, mfu 7.37%
model:LGT728D iter 11890: loss 2.3137, time 754.82ms, mfu 7.55%
-----------average decoder density 0.0000
step 11900: train loss 2.3521, val loss 2.4151
model:LGT728D iter 11900: loss 2.0677, time 12830.29ms, mfu 6.85%
model:LGT728D iter 11910: loss 2.2763, time 827.56ms, mfu 7.00%
model:LGT728D iter 11920: loss 2.5830, time 830.12ms, mfu 7.13%
model:LGT728D iter 11930: loss 1.9190, time 829.43ms, mfu 7.25%
model:LGT728D iter 11940: loss 2.3339, time 825.89ms, mfu 7.36%
-----------average decoder density 0.0000
step 11950: train loss 2.3379, val loss 2.4013
model:LGT728D iter 11950: loss 2.5303, time 13054.09ms, mfu 6.67%
model:LGT728D iter 11960: loss 2.1274, time 771.91ms, mfu 6.90%
model:LGT728D iter 11970: loss 2.3140, time 753.22ms, mfu 7.12%
model:LGT728D iter 11980: loss 2.3290, time 754.50ms, mfu 7.33%
model:LGT728D iter 11990: loss 2.3927, time 755.22ms, mfu 7.51%
-----------average decoder density 0.0000
step 12000: train loss 2.3394, val loss 2.4241
model:LGT728D iter 12000: loss 2.4994, time 14430.49ms, mfu 6.80%
model:LGT728D iter 12010: loss 2.5533, time 796.70ms, mfu 6.99%
model:LGT728D iter 12020: loss 2.2761, time 803.79ms, mfu 7.15%
model:LGT728D iter 12030: loss 2.2343, time 828.31ms, mfu 7.26%
model:LGT728D iter 12040: loss 2.3072, time 817.79ms, mfu 7.38%
-----------average decoder density 0.0000
step 12050: train loss 2.3309, val loss 2.4159
model:LGT728D iter 12050: loss 2.2713, time 12801.52ms, mfu 6.70%
model:LGT728D iter 12060: loss 2.3853, time 830.14ms, mfu 6.86%
model:LGT728D iter 12070: loss 2.3412, time 830.80ms, mfu 7.00%
model:LGT728D iter 12080: loss 2.2088, time 833.87ms, mfu 7.13%
model:LGT728D iter 12090: loss 2.2441, time 754.09ms, mfu 7.33%
-----------average decoder density 0.0000
step 12100: train loss 2.3314, val loss 2.4118
model:LGT728D iter 12100: loss 2.3874, time 13266.60ms, mfu 6.65%
model:LGT728D iter 12110: loss 2.0241, time 820.56ms, mfu 6.82%
model:LGT728D iter 12120: loss 2.5203, time 764.93ms, mfu 7.04%
model:LGT728D iter 12130: loss 2.3573, time 753.57ms, mfu 7.25%
model:LGT728D iter 12140: loss 2.2620, time 753.77ms, mfu 7.44%
-----------average decoder density 0.0000
step 12150: train loss 2.3387, val loss 2.4020
model:LGT728D iter 12150: loss 2.3915, time 11560.03ms, mfu 6.76%
model:LGT728D iter 12160: loss 2.5397, time 753.08ms, mfu 7.00%
model:LGT728D iter 12170: loss 2.1303, time 753.29ms, mfu 7.21%
model:LGT728D iter 12180: loss 2.3323, time 753.27ms, mfu 7.41%
model:LGT728D iter 12190: loss 2.4471, time 753.51ms, mfu 7.58%
-----------average decoder density 0.0000
step 12200: train loss 2.3282, val loss 2.3949
model:LGT728D iter 12200: loss 2.5422, time 11526.41ms, mfu 6.88%
model:LGT728D iter 12210: loss 2.3441, time 754.57ms, mfu 7.11%
model:LGT728D iter 12220: loss 2.1516, time 773.90ms, mfu 7.29%
model:LGT728D iter 12230: loss 2.4680, time 765.07ms, mfu 7.46%
model:LGT728D iter 12240: loss 2.3236, time 754.65ms, mfu 7.63%
-----------average decoder density 0.0000
step 12250: train loss 2.3094, val loss 2.4156
model:LGT728D iter 12250: loss 2.6683, time 13837.09ms, mfu 6.91%
model:LGT728D iter 12260: loss 2.5625, time 832.90ms, mfu 7.05%
model:LGT728D iter 12270: loss 2.4950, time 839.69ms, mfu 7.17%
model:LGT728D iter 12280: loss 2.3105, time 856.26ms, mfu 7.25%
model:LGT728D iter 12290: loss 2.0919, time 767.42ms, mfu 7.43%
-----------average decoder density 0.0000
step 12300: train loss 2.3197, val loss 2.4049
model:LGT728D iter 12300: loss 2.2970, time 13899.57ms, mfu 6.73%
model:LGT728D iter 12310: loss 2.2699, time 754.24ms, mfu 6.97%
model:LGT728D iter 12320: loss 2.3442, time 785.99ms, mfu 7.15%
model:LGT728D iter 12330: loss 2.2533, time 827.55ms, mfu 7.27%
model:LGT728D iter 12340: loss 1.8915, time 831.14ms, mfu 7.37%
-----------average decoder density 0.0000
step 12350: train loss 2.3140, val loss 2.3922
model:LGT728D iter 12350: loss 2.4224, time 13278.49ms, mfu 6.69%
model:LGT728D iter 12360: loss 2.3720, time 816.69ms, mfu 6.86%
model:LGT728D iter 12370: loss 2.1663, time 831.39ms, mfu 7.01%
model:LGT728D iter 12380: loss 2.2952, time 823.22ms, mfu 7.14%
model:LGT728D iter 12390: loss 2.3184, time 828.50ms, mfu 7.26%
-----------average decoder density 0.0000
step 12400: train loss 2.3323, val loss 2.3906
saving checkpoint to out-novel-char3_LGT728D_3d25ede0cfd080d9e35756b051dcef65
model:LGT728D iter 12400: loss 1.9273, time 15180.18ms, mfu 6.58%
model:LGT728D iter 12410: loss 2.3231, time 828.61ms, mfu 6.75%
model:LGT728D iter 12420: loss 2.3847, time 826.65ms, mfu 6.91%
model:LGT728D iter 12430: loss 2.5376, time 829.69ms, mfu 7.05%
model:LGT728D iter 12440: loss 2.6003, time 767.29ms, mfu 7.25%
-----------average decoder density 0.0000
step 12450: train loss 2.2967, val loss 2.4078
model:LGT728D iter 12450: loss 2.4456, time 14706.51ms, mfu 6.57%
model:LGT728D iter 12460: loss 2.2665, time 826.57ms, mfu 6.74%
model:LGT728D iter 12470: loss 2.3526, time 833.36ms, mfu 6.90%
model:LGT728D iter 12480: loss 2.0577, time 859.56ms, mfu 7.01%
model:LGT728D iter 12490: loss 1.9532, time 827.56ms, mfu 7.14%
-----------average decoder density 0.0000
step 12500: train loss 2.3190, val loss 2.4131
model:LGT728D iter 12500: loss 2.1065, time 12940.30ms, mfu 6.48%
model:LGT728D iter 12510: loss 2.0479, time 827.16ms, mfu 6.67%
model:LGT728D iter 12520: loss 2.4849, time 811.45ms, mfu 6.85%
model:LGT728D iter 12530: loss 2.0149, time 839.15ms, mfu 6.99%
model:LGT728D iter 12540: loss 2.0371, time 753.51ms, mfu 7.20%
-----------average decoder density 0.0000
step 12550: train loss 2.2929, val loss 2.4240
model:LGT728D iter 12550: loss 2.1153, time 11557.08ms, mfu 6.54%
model:LGT728D iter 12560: loss 2.0010, time 754.15ms, mfu 6.80%
model:LGT728D iter 12570: loss 2.4361, time 754.70ms, mfu 7.03%
model:LGT728D iter 12580: loss 2.5392, time 753.96ms, mfu 7.25%
model:LGT728D iter 12590: loss 2.1423, time 754.02ms, mfu 7.44%
-----------average decoder density 0.0000
step 12600: train loss 2.2928, val loss 2.4059
model:LGT728D iter 12600: loss 2.2503, time 11530.53ms, mfu 6.75%
model:LGT728D iter 12610: loss 2.1425, time 754.08ms, mfu 6.99%
model:LGT728D iter 12620: loss 2.2641, time 753.95ms, mfu 7.21%
model:LGT728D iter 12630: loss 2.1881, time 771.22ms, mfu 7.38%
model:LGT728D iter 12640: loss 2.5695, time 770.55ms, mfu 7.54%
-----------average decoder density 0.0000
step 12650: train loss 2.2792, val loss 2.4004
model:LGT728D iter 12650: loss 2.1316, time 14659.54ms, mfu 6.83%
model:LGT728D iter 12660: loss 2.5979, time 758.69ms, mfu 7.05%
model:LGT728D iter 12670: loss 2.3160, time 832.02ms, mfu 7.18%
model:LGT728D iter 12680: loss 2.3054, time 830.26ms, mfu 7.29%
model:LGT728D iter 12690: loss 2.6874, time 770.06ms, mfu 7.46%
-----------average decoder density 0.0000
step 12700: train loss 2.3000, val loss 2.3938
model:LGT728D iter 12700: loss 2.3878, time 12483.85ms, mfu 6.77%
model:LGT728D iter 12710: loss 2.4134, time 757.74ms, mfu 7.00%
model:LGT728D iter 12720: loss 2.3588, time 761.51ms, mfu 7.20%
model:LGT728D iter 12730: loss 1.9194, time 754.47ms, mfu 7.40%
model:LGT728D iter 12740: loss 2.3216, time 754.65ms, mfu 7.57%
-----------average decoder density 0.0000
step 12750: train loss 2.2913, val loss 2.3718
saving checkpoint to out-novel-char3_LGT728D_3d25ede0cfd080d9e35756b051dcef65
model:LGT728D iter 12750: loss 2.5766, time 15016.75ms, mfu 6.86%
model:LGT728D iter 12760: loss 2.4033, time 753.07ms, mfu 7.09%
model:LGT728D iter 12770: loss 2.2267, time 753.05ms, mfu 7.30%
model:LGT728D iter 12780: loss 2.2682, time 753.52ms, mfu 7.48%
model:LGT728D iter 12790: loss 2.4110, time 753.14ms, mfu 7.65%
-----------average decoder density 0.0000
step 12800: train loss 2.2743, val loss 2.3988
model:LGT728D iter 12800: loss 2.4948, time 12654.61ms, mfu 6.94%
model:LGT728D iter 12810: loss 2.2520, time 754.35ms, mfu 7.16%
model:LGT728D iter 12820: loss 2.8133, time 753.23ms, mfu 7.36%
model:LGT728D iter 12830: loss 2.2998, time 756.93ms, mfu 7.53%
model:LGT728D iter 12840: loss 2.6440, time 754.04ms, mfu 7.69%
-----------average decoder density 0.0000
step 12850: train loss 2.3141, val loss 2.3884
model:LGT728D iter 12850: loss 2.3317, time 12795.16ms, mfu 6.98%
model:LGT728D iter 12860: loss 2.4777, time 753.47ms, mfu 7.19%
model:LGT728D iter 12870: loss 2.4206, time 753.33ms, mfu 7.39%
model:LGT728D iter 12880: loss 2.3698, time 767.25ms, mfu 7.55%
model:LGT728D iter 12890: loss 2.5067, time 758.74ms, mfu 7.70%
-----------average decoder density 0.0000
step 12900: train loss 2.2759, val loss 2.3410
saving checkpoint to out-novel-char3_LGT728D_3d25ede0cfd080d9e35756b051dcef65
model:LGT728D iter 12900: loss 1.9010, time 13988.44ms, mfu 6.98%
model:LGT728D iter 12910: loss 2.0800, time 755.29ms, mfu 7.20%
model:LGT728D iter 12920: loss 2.5604, time 764.29ms, mfu 7.38%
model:LGT728D iter 12930: loss 2.5027, time 763.11ms, mfu 7.54%
model:LGT728D iter 12940: loss 2.3100, time 755.69ms, mfu 7.70%
-----------average decoder density 0.0000
step 12950: train loss 2.2951, val loss 2.4037
model:LGT728D iter 12950: loss 2.1699, time 11698.68ms, mfu 6.99%
model:LGT728D iter 12960: loss 2.5411, time 753.48ms, mfu 7.21%
model:LGT728D iter 12970: loss 2.1862, time 753.36ms, mfu 7.40%
model:LGT728D iter 12980: loss 2.3549, time 753.73ms, mfu 7.58%
model:LGT728D iter 12990: loss 1.9994, time 753.31ms, mfu 7.73%
-----------average decoder density 0.0000
step 13000: train loss 2.3027, val loss 2.3875
model:LGT728D iter 13000: loss 2.4117, time 11534.01ms, mfu 7.02%
model:LGT728D iter 13010: loss 2.3286, time 753.05ms, mfu 7.23%
model:LGT728D iter 13020: loss 2.2108, time 753.14ms, mfu 7.42%
model:LGT728D iter 13030: loss 2.1979, time 754.11ms, mfu 7.60%
model:LGT728D iter 13040: loss 2.4352, time 763.75ms, mfu 7.74%
-----------average decoder density 0.0000
step 13050: train loss 2.2595, val loss 2.3959
model:LGT728D iter 13050: loss 2.2845, time 13022.84ms, mfu 7.02%
model:LGT728D iter 13060: loss 2.1099, time 752.93ms, mfu 7.23%
model:LGT728D iter 13070: loss 2.2010, time 753.32ms, mfu 7.42%
model:LGT728D iter 13080: loss 2.2769, time 753.43ms, mfu 7.60%
model:LGT728D iter 13090: loss 2.2699, time 811.20ms, mfu 7.69%
-----------average decoder density 0.0000
step 13100: train loss 2.3052, val loss 2.3806
model:LGT728D iter 13100: loss 2.4736, time 13990.65ms, mfu 6.97%
model:LGT728D iter 13110: loss 2.2999, time 834.83ms, mfu 7.10%
model:LGT728D iter 13120: loss 2.2452, time 827.94ms, mfu 7.22%
model:LGT728D iter 13130: loss 2.2272, time 831.70ms, mfu 7.33%
model:LGT728D iter 13140: loss 2.1687, time 753.51ms, mfu 7.51%
-----------average decoder density 0.0000
step 13150: train loss 2.2742, val loss 2.4071
model:LGT728D iter 13150: loss 1.9432, time 12683.74ms, mfu 6.81%
model:LGT728D iter 13160: loss 2.1501, time 769.25ms, mfu 7.03%
model:LGT728D iter 13170: loss 2.1844, time 783.70ms, mfu 7.20%
model:LGT728D iter 13180: loss 2.3906, time 754.30ms, mfu 7.40%
model:LGT728D iter 13190: loss 2.0835, time 753.71ms, mfu 7.57%
-----------average decoder density 0.0000
step 13200: train loss 2.2680, val loss 2.3800
model:LGT728D iter 13200: loss 2.4089, time 14030.44ms, mfu 6.86%
model:LGT728D iter 13210: loss 2.2681, time 771.59ms, mfu 7.07%
model:LGT728D iter 13220: loss 2.3243, time 753.24ms, mfu 7.28%
model:LGT728D iter 13230: loss 1.9987, time 753.75ms, mfu 7.47%
model:LGT728D iter 13240: loss 2.4023, time 771.84ms, mfu 7.61%
-----------average decoder density 0.0000
step 13250: train loss 2.2685, val loss 2.4020
model:LGT728D iter 13250: loss 2.3191, time 12839.93ms, mfu 6.90%
model:LGT728D iter 13260: loss 2.0190, time 753.51ms, mfu 7.13%
model:LGT728D iter 13270: loss 2.3199, time 769.15ms, mfu 7.31%
model:LGT728D iter 13280: loss 2.5524, time 753.79ms, mfu 7.50%
model:LGT728D iter 13290: loss 2.3103, time 769.78ms, mfu 7.64%
-----------average decoder density 0.0000
step 13300: train loss 2.2949, val loss 2.3729
model:LGT728D iter 13300: loss 2.5313, time 12776.27ms, mfu 6.93%
model:LGT728D iter 13310: loss 2.1318, time 753.18ms, mfu 7.15%
model:LGT728D iter 13320: loss 2.0792, time 753.43ms, mfu 7.35%
model:LGT728D iter 13330: loss 2.4068, time 753.92ms, mfu 7.53%
model:LGT728D iter 13340: loss 2.1437, time 753.51ms, mfu 7.69%
-----------average decoder density 0.0000
step 13350: train loss 2.2355, val loss 2.3767
model:LGT728D iter 13350: loss 2.1642, time 12660.06ms, mfu 6.98%
model:LGT728D iter 13360: loss 2.5914, time 879.69ms, mfu 7.06%
model:LGT728D iter 13370: loss 2.4126, time 753.57ms, mfu 7.27%
model:LGT728D iter 13380: loss 2.4108, time 753.47ms, mfu 7.46%
model:LGT728D iter 13390: loss 2.2476, time 753.42ms, mfu 7.63%
-----------average decoder density 0.0000
step 13400: train loss 2.2827, val loss 2.3810
model:LGT728D iter 13400: loss 2.4131, time 11542.65ms, mfu 6.93%
model:LGT728D iter 13410: loss 2.2503, time 753.30ms, mfu 7.15%
model:LGT728D iter 13420: loss 2.1594, time 753.21ms, mfu 7.35%
model:LGT728D iter 13430: loss 2.6258, time 753.22ms, mfu 7.53%
model:LGT728D iter 13440: loss 2.1882, time 753.30ms, mfu 7.69%
-----------average decoder density 0.0000
step 13450: train loss 2.2706, val loss 2.3462
model:LGT728D iter 13450: loss 2.4610, time 11518.07ms, mfu 6.98%
model:LGT728D iter 13460: loss 2.1614, time 753.49ms, mfu 7.20%
model:LGT728D iter 13470: loss 2.2542, time 753.62ms, mfu 7.39%
model:LGT728D iter 13480: loss 2.4132, time 915.58ms, mfu 7.41%
model:LGT728D iter 13490: loss 2.3190, time 933.02ms, mfu 7.41%
-----------average decoder density 0.0000
step 13500: train loss 2.2609, val loss 2.3663
model:LGT728D iter 13500: loss 2.2644, time 12201.10ms, mfu 6.72%
model:LGT728D iter 13510: loss 2.0187, time 821.07ms, mfu 6.89%
model:LGT728D iter 13520: loss 2.5808, time 753.60ms, mfu 7.11%
model:LGT728D iter 13530: loss 2.0549, time 769.91ms, mfu 7.30%
model:LGT728D iter 13540: loss 2.3930, time 752.88ms, mfu 7.48%
-----------average decoder density 0.0000
step 13550: train loss 2.2636, val loss 2.3646
model:LGT728D iter 13550: loss 2.3116, time 13973.25ms, mfu 6.79%
model:LGT728D iter 13560: loss 2.3270, time 753.77ms, mfu 7.02%
model:LGT728D iter 13570: loss 2.3463, time 753.68ms, mfu 7.23%
model:LGT728D iter 13580: loss 2.1374, time 754.25ms, mfu 7.42%
model:LGT728D iter 13590: loss 2.6194, time 753.77ms, mfu 7.60%
-----------average decoder density 0.0000
step 13600: train loss 2.2586, val loss 2.3905
model:LGT728D iter 13600: loss 2.4842, time 13462.67ms, mfu 6.89%
model:LGT728D iter 13610: loss 2.4296, time 770.49ms, mfu 7.09%
model:LGT728D iter 13620: loss 2.2355, time 753.91ms, mfu 7.30%
model:LGT728D iter 13630: loss 2.3464, time 753.84ms, mfu 7.48%
model:LGT728D iter 13640: loss 2.5340, time 753.92ms, mfu 7.65%
-----------average decoder density 0.0000
step 13650: train loss 2.2605, val loss 2.3653
model:LGT728D iter 13650: loss 2.3234, time 13125.99ms, mfu 6.94%
model:LGT728D iter 13660: loss 2.1322, time 762.72ms, mfu 7.15%
model:LGT728D iter 13670: loss 2.4440, time 754.98ms, mfu 7.35%
model:LGT728D iter 13680: loss 2.2507, time 760.56ms, mfu 7.52%
model:LGT728D iter 13690: loss 2.3327, time 753.49ms, mfu 7.68%
-----------average decoder density 0.0000
step 13700: train loss 2.2323, val loss 2.3605
model:LGT728D iter 13700: loss 2.3480, time 12803.55ms, mfu 6.97%
model:LGT728D iter 13710: loss 2.1252, time 756.86ms, mfu 7.18%
model:LGT728D iter 13720: loss 2.4488, time 853.42ms, mfu 7.27%
model:LGT728D iter 13730: loss 2.3358, time 762.39ms, mfu 7.45%
model:LGT728D iter 13740: loss 2.0708, time 753.57ms, mfu 7.62%
-----------average decoder density 0.0000
step 13750: train loss 2.2750, val loss 2.3637
model:LGT728D iter 13750: loss 1.9741, time 13489.98ms, mfu 6.91%
model:LGT728D iter 13760: loss 2.4363, time 767.46ms, mfu 7.11%
model:LGT728D iter 13770: loss 2.2306, time 753.25ms, mfu 7.32%
model:LGT728D iter 13780: loss 2.1168, time 753.17ms, mfu 7.50%
model:LGT728D iter 13790: loss 2.3089, time 753.10ms, mfu 7.67%
-----------average decoder density 0.0000
step 13800: train loss 2.2598, val loss 2.3644
model:LGT728D iter 13800: loss 2.3654, time 13222.16ms, mfu 6.95%
model:LGT728D iter 13810: loss 2.2932, time 793.39ms, mfu 7.13%
model:LGT728D iter 13820: loss 2.4703, time 762.16ms, mfu 7.32%
model:LGT728D iter 13830: loss 2.4797, time 753.43ms, mfu 7.50%
model:LGT728D iter 13840: loss 2.3563, time 772.54ms, mfu 7.64%
-----------average decoder density 0.0000
step 13850: train loss 2.2614, val loss 2.3572
model:LGT728D iter 13850: loss 2.0910, time 11686.45ms, mfu 6.94%
model:LGT728D iter 13860: loss 2.1959, time 753.17ms, mfu 7.16%
model:LGT728D iter 13870: loss 2.3347, time 753.44ms, mfu 7.36%
model:LGT728D iter 13880: loss 2.1229, time 753.75ms, mfu 7.54%
model:LGT728D iter 13890: loss 2.4078, time 753.46ms, mfu 7.70%
-----------average decoder density 0.0000
step 13900: train loss 2.2565, val loss 2.3891
model:LGT728D iter 13900: loss 1.7664, time 11523.77ms, mfu 6.99%
model:LGT728D iter 13910: loss 1.9350, time 753.20ms, mfu 7.20%
model:LGT728D iter 13920: loss 2.3958, time 902.91ms, mfu 7.25%
model:LGT728D iter 13930: loss 2.2141, time 844.37ms, mfu 7.34%
model:LGT728D iter 13940: loss 1.8788, time 753.17ms, mfu 7.52%
-----------average decoder density 0.0000
step 13950: train loss 2.2582, val loss 2.3435
model:LGT728D iter 13950: loss 2.3043, time 13815.49ms, mfu 6.82%
model:LGT728D iter 13960: loss 2.1899, time 753.07ms, mfu 7.05%
model:LGT728D iter 13970: loss 2.0975, time 813.52ms, mfu 7.19%
model:LGT728D iter 13980: loss 2.0760, time 904.69ms, mfu 7.24%
model:LGT728D iter 13990: loss 2.2180, time 909.11ms, mfu 7.27%
-----------average decoder density 0.0000
step 14000: train loss 2.2619, val loss 2.3477
model:LGT728D iter 14000: loss 2.0735, time 13835.79ms, mfu 6.59%
model:LGT728D iter 14010: loss 2.2112, time 753.48ms, mfu 6.85%
model:LGT728D iter 14020: loss 2.3887, time 754.27ms, mfu 7.08%
model:LGT728D iter 14030: loss 2.0698, time 754.18ms, mfu 7.28%
model:LGT728D iter 14040: loss 2.1940, time 753.57ms, mfu 7.47%
-----------average decoder density 0.0000
step 14050: train loss 2.2642, val loss 2.3642
model:LGT728D iter 14050: loss 2.3112, time 13785.89ms, mfu 6.77%
model:LGT728D iter 14060: loss 2.4332, time 895.73ms, mfu 6.87%
model:LGT728D iter 14070: loss 2.2676, time 753.27ms, mfu 7.09%
model:LGT728D iter 14080: loss 2.2797, time 793.61ms, mfu 7.25%
model:LGT728D iter 14090: loss 2.3319, time 815.45ms, mfu 7.37%
-----------average decoder density 0.0000
step 14100: train loss 2.2764, val loss 2.3562
model:LGT728D iter 14100: loss 2.2157, time 13091.14ms, mfu 6.69%
model:LGT728D iter 14110: loss 2.4099, time 845.03ms, mfu 6.84%
model:LGT728D iter 14120: loss 2.6212, time 753.32ms, mfu 7.07%
model:LGT728D iter 14130: loss 2.3815, time 934.13ms, mfu 7.10%
model:LGT728D iter 14140: loss 2.3684, time 801.98ms, mfu 7.25%
-----------average decoder density 0.0000
step 14150: train loss 2.2401, val loss 2.3345
saving checkpoint to out-novel-char3_LGT728D_3d25ede0cfd080d9e35756b051dcef65
model:LGT728D iter 14150: loss 1.8660, time 14726.00ms, mfu 6.57%
model:LGT728D iter 14160: loss 2.0329, time 889.95ms, mfu 6.69%
model:LGT728D iter 14170: loss 2.6010, time 853.28ms, mfu 6.83%
model:LGT728D iter 14180: loss 2.5624, time 796.70ms, mfu 7.01%
model:LGT728D iter 14190: loss 2.3448, time 771.39ms, mfu 7.20%
-----------average decoder density 0.0000
step 14200: train loss 2.2547, val loss 2.3699
model:LGT728D iter 14200: loss 2.1912, time 13245.07ms, mfu 6.53%
model:LGT728D iter 14210: loss 2.4873, time 760.12ms, mfu 6.79%
model:LGT728D iter 14220: loss 2.1935, time 757.33ms, mfu 7.02%
model:LGT728D iter 14230: loss 2.2169, time 844.98ms, mfu 7.13%
model:LGT728D iter 14240: loss 2.1047, time 827.13ms, mfu 7.25%
-----------average decoder density 0.0000
step 14250: train loss 2.2487, val loss 2.3434
model:LGT728D iter 14250: loss 2.2677, time 14689.86ms, mfu 6.57%
model:LGT728D iter 14260: loss 2.0214, time 758.28ms, mfu 6.83%
model:LGT728D iter 14270: loss 2.0125, time 754.71ms, mfu 7.06%
model:LGT728D iter 14280: loss 2.2374, time 753.41ms, mfu 7.27%
model:LGT728D iter 14290: loss 2.1696, time 753.40ms, mfu 7.45%
-----------average decoder density 0.0000
step 14300: train loss 2.2430, val loss 2.3517
model:LGT728D iter 14300: loss 2.1475, time 12859.55ms, mfu 6.76%
model:LGT728D iter 14310: loss 2.2952, time 753.27ms, mfu 7.00%
model:LGT728D iter 14320: loss 2.3171, time 753.06ms, mfu 7.22%
model:LGT728D iter 14330: loss 2.0533, time 753.70ms, mfu 7.41%
model:LGT728D iter 14340: loss 2.2367, time 755.00ms, mfu 7.58%
-----------average decoder density 0.0000
step 14350: train loss 2.2406, val loss 2.3475
model:LGT728D iter 14350: loss 2.3614, time 13091.60ms, mfu 6.88%
model:LGT728D iter 14360: loss 2.0596, time 754.09ms, mfu 7.10%
model:LGT728D iter 14370: loss 2.2411, time 756.68ms, mfu 7.30%
model:LGT728D iter 14380: loss 2.4552, time 753.44ms, mfu 7.49%
model:LGT728D iter 14390: loss 2.3942, time 753.20ms, mfu 7.65%
-----------average decoder density 0.0000
step 14400: train loss 2.2259, val loss 2.3140
saving checkpoint to out-novel-char3_LGT728D_3d25ede0cfd080d9e35756b051dcef65
model:LGT728D iter 14400: loss 2.1764, time 14390.96ms, mfu 6.94%
model:LGT728D iter 14410: loss 2.4621, time 824.44ms, mfu 7.08%
model:LGT728D iter 14420: loss 2.1547, time 753.84ms, mfu 7.29%
model:LGT728D iter 14430: loss 1.9612, time 753.29ms, mfu 7.47%
model:LGT728D iter 14440: loss 2.4944, time 768.43ms, mfu 7.62%
-----------average decoder density 0.0000
step 14450: train loss 2.2377, val loss 2.3628
model:LGT728D iter 14450: loss 2.1826, time 13388.00ms, mfu 6.91%
model:LGT728D iter 14460: loss 2.1207, time 828.62ms, mfu 7.05%
model:LGT728D iter 14470: loss 2.6870, time 832.48ms, mfu 7.18%
model:LGT728D iter 14480: loss 2.1129, time 796.17ms, mfu 7.32%
model:LGT728D iter 14490: loss 1.9497, time 832.09ms, mfu 7.42%
-----------average decoder density 0.0000
step 14500: train loss 2.2394, val loss 2.3586
model:LGT728D iter 14500: loss 2.2116, time 12845.13ms, mfu 6.73%
model:LGT728D iter 14510: loss 2.2518, time 753.34ms, mfu 6.97%
model:LGT728D iter 14520: loss 2.2256, time 753.30ms, mfu 7.19%
model:LGT728D iter 14530: loss 2.5307, time 753.91ms, mfu 7.39%
model:LGT728D iter 14540: loss 2.2840, time 910.16ms, mfu 7.40%
-----------average decoder density 0.0000
step 14550: train loss 2.2523, val loss 2.3468
model:LGT728D iter 14550: loss 2.4882, time 13556.02ms, mfu 6.72%
model:LGT728D iter 14560: loss 2.4724, time 770.32ms, mfu 6.94%
model:LGT728D iter 14570: loss 1.9602, time 753.35ms, mfu 7.16%
model:LGT728D iter 14580: loss 2.6280, time 753.51ms, mfu 7.36%
model:LGT728D iter 14590: loss 2.2827, time 753.56ms, mfu 7.54%
-----------average decoder density 0.0000
step 14600: train loss 2.2324, val loss 2.3202
model:LGT728D iter 14600: loss 2.1397, time 11570.14ms, mfu 6.84%
model:LGT728D iter 14610: loss 2.1600, time 753.58ms, mfu 7.07%
model:LGT728D iter 14620: loss 2.3426, time 753.35ms, mfu 7.28%
model:LGT728D iter 14630: loss 2.2452, time 753.30ms, mfu 7.47%
model:LGT728D iter 14640: loss 2.4046, time 753.25ms, mfu 7.64%
-----------average decoder density 0.0000
step 14650: train loss 2.2330, val loss 2.3299
model:LGT728D iter 14650: loss 2.0505, time 12622.15ms, mfu 6.93%
model:LGT728D iter 14660: loss 2.2976, time 774.42ms, mfu 7.12%
model:LGT728D iter 14670: loss 2.2171, time 753.69ms, mfu 7.33%
model:LGT728D iter 14680: loss 2.2454, time 753.43ms, mfu 7.51%
model:LGT728D iter 14690: loss 2.1877, time 753.54ms, mfu 7.67%
-----------average decoder density 0.0000
step 14700: train loss 2.2241, val loss 2.3321
model:LGT728D iter 14700: loss 1.8528, time 12476.31ms, mfu 6.96%
model:LGT728D iter 14710: loss 2.2695, time 773.04ms, mfu 7.16%
model:LGT728D iter 14720: loss 2.4018, time 753.78ms, mfu 7.36%
model:LGT728D iter 14730: loss 2.2418, time 778.57ms, mfu 7.51%
model:LGT728D iter 14740: loss 2.1341, time 753.72ms, mfu 7.67%
-----------average decoder density 0.0000
step 14750: train loss 2.2326, val loss 2.3237
model:LGT728D iter 14750: loss 2.4628, time 12544.66ms, mfu 6.96%
model:LGT728D iter 14760: loss 2.0976, time 753.44ms, mfu 7.18%
model:LGT728D iter 14770: loss 2.4207, time 753.49ms, mfu 7.37%
model:LGT728D iter 14780: loss 2.1303, time 755.57ms, mfu 7.55%
model:LGT728D iter 14790: loss 2.1939, time 753.46ms, mfu 7.71%
-----------average decoder density 0.0000
step 14800: train loss 2.2405, val loss 2.3435
model:LGT728D iter 14800: loss 2.0075, time 14270.91ms, mfu 6.99%
model:LGT728D iter 14810: loss 2.1234, time 818.67ms, mfu 7.13%
model:LGT728D iter 14820: loss 2.1536, time 809.81ms, mfu 7.27%
model:LGT728D iter 14830: loss 2.3387, time 766.70ms, mfu 7.44%
model:LGT728D iter 14840: loss 2.6704, time 754.15ms, mfu 7.61%
-----------average decoder density 0.0000
step 14850: train loss 2.2110, val loss 2.3452
model:LGT728D iter 14850: loss 2.0539, time 13123.76ms, mfu 6.90%
model:LGT728D iter 14860: loss 2.1428, time 774.22ms, mfu 7.10%
model:LGT728D iter 14870: loss 2.2855, time 752.98ms, mfu 7.31%
model:LGT728D iter 14880: loss 2.2429, time 753.30ms, mfu 7.49%
model:LGT728D iter 14890: loss 2.1681, time 753.02ms, mfu 7.66%
-----------average decoder density 0.0000
step 14900: train loss 2.2668, val loss 2.3519
model:LGT728D iter 14900: loss 2.2300, time 14013.06ms, mfu 6.94%
model:LGT728D iter 14910: loss 2.0765, time 832.16ms, mfu 7.08%
model:LGT728D iter 14920: loss 2.2660, time 830.08ms, mfu 7.20%
model:LGT728D iter 14930: loss 2.4025, time 857.29ms, mfu 7.28%
model:LGT728D iter 14940: loss 2.4453, time 834.91ms, mfu 7.38%
-----------average decoder density 0.0000
step 14950: train loss 2.2317, val loss 2.3249
model:LGT728D iter 14950: loss 2.3357, time 12755.71ms, mfu 6.70%
model:LGT728D iter 14960: loss 2.2710, time 768.55ms, mfu 6.92%
model:LGT728D iter 14970: loss 2.1979, time 772.25ms, mfu 7.12%
model:LGT728D iter 14980: loss 1.9733, time 766.71ms, mfu 7.31%
model:LGT728D iter 14990: loss 2.4245, time 753.30ms, mfu 7.49%
-----------average decoder density 0.0000
step 15000: train loss 2.2186, val loss 2.3434
model:LGT728D iter 15000: loss 2.1148, time 11589.94ms, mfu 6.80%
model:LGT728D iter 15010: loss 1.8550, time 753.57ms, mfu 7.04%
model:LGT728D iter 15020: loss 2.4286, time 753.57ms, mfu 7.25%
model:LGT728D iter 15030: loss 2.2683, time 753.31ms, mfu 7.44%
model:LGT728D iter 15040: loss 1.5855, time 753.47ms, mfu 7.61%
-----------average decoder density 0.0000
step 15050: train loss 2.2432, val loss 2.3278
model:LGT728D iter 15050: loss 2.0520, time 11530.84ms, mfu 6.91%
model:LGT728D iter 15060: loss 1.5330, time 753.48ms, mfu 7.13%
model:LGT728D iter 15070: loss 2.2314, time 753.57ms, mfu 7.33%
model:LGT728D iter 15080: loss 2.1797, time 890.61ms, mfu 7.38%
model:LGT728D iter 15090: loss 2.4385, time 753.61ms, mfu 7.55%
-----------average decoder density 0.0000
step 15100: train loss 2.2144, val loss 2.3263
model:LGT728D iter 15100: loss 2.2985, time 13808.08ms, mfu 6.85%
model:LGT728D iter 15110: loss 2.2696, time 753.09ms, mfu 7.08%
model:LGT728D iter 15120: loss 2.1360, time 790.91ms, mfu 7.24%
model:LGT728D iter 15130: loss 2.0225, time 906.07ms, mfu 7.28%
model:LGT728D iter 15140: loss 2.2730, time 753.20ms, mfu 7.47%
-----------average decoder density 0.0000
step 15150: train loss 2.2231, val loss 2.3334
model:LGT728D iter 15150: loss 2.2077, time 12635.22ms, mfu 6.77%
model:LGT728D iter 15160: loss 1.8277, time 771.18ms, mfu 6.99%
model:LGT728D iter 15170: loss 2.2310, time 753.39ms, mfu 7.21%
model:LGT728D iter 15180: loss 2.1376, time 770.43ms, mfu 7.38%
model:LGT728D iter 15190: loss 2.0537, time 771.21ms, mfu 7.54%
-----------average decoder density 0.0000
step 15200: train loss 2.2434, val loss 2.3208
model:LGT728D iter 15200: loss 2.4639, time 14708.95ms, mfu 6.83%
model:LGT728D iter 15210: loss 2.1452, time 771.67ms, mfu 7.04%
model:LGT728D iter 15220: loss 2.1172, time 755.74ms, mfu 7.25%
model:LGT728D iter 15230: loss 2.4788, time 753.50ms, mfu 7.44%
model:LGT728D iter 15240: loss 2.0904, time 754.32ms, mfu 7.61%
-----------average decoder density 0.0000
step 15250: train loss 2.2379, val loss 2.3367
model:LGT728D iter 15250: loss 2.4024, time 12741.48ms, mfu 6.90%
model:LGT728D iter 15260: loss 2.4709, time 777.40ms, mfu 7.10%
model:LGT728D iter 15270: loss 2.1738, time 769.59ms, mfu 7.28%
model:LGT728D iter 15280: loss 2.0308, time 832.54ms, mfu 7.38%
model:LGT728D iter 15290: loss 2.3045, time 753.43ms, mfu 7.56%
-----------average decoder density 0.0000
step 15300: train loss 2.2115, val loss 2.3318
model:LGT728D iter 15300: loss 2.1762, time 13013.84ms, mfu 6.86%
model:LGT728D iter 15310: loss 2.1064, time 753.41ms, mfu 7.09%
model:LGT728D iter 15320: loss 1.8489, time 753.48ms, mfu 7.29%
model:LGT728D iter 15330: loss 2.2430, time 773.61ms, mfu 7.45%
model:LGT728D iter 15340: loss 2.0919, time 762.79ms, mfu 7.61%
-----------average decoder density 0.0000
step 15350: train loss 2.2097, val loss 2.3367
model:LGT728D iter 15350: loss 2.7982, time 12948.99ms, mfu 6.90%
model:LGT728D iter 15360: loss 2.2135, time 778.80ms, mfu 7.10%
model:LGT728D iter 15370: loss 2.3276, time 752.89ms, mfu 7.30%
model:LGT728D iter 15380: loss 2.4281, time 753.93ms, mfu 7.49%
model:LGT728D iter 15390: loss 2.0415, time 753.75ms, mfu 7.65%
-----------average decoder density 0.0000
step 15400: train loss 2.2207, val loss 2.3301
model:LGT728D iter 15400: loss 2.1516, time 12518.61ms, mfu 6.94%
model:LGT728D iter 15410: loss 2.2048, time 753.65ms, mfu 7.16%
model:LGT728D iter 15420: loss 2.3662, time 753.34ms, mfu 7.36%
model:LGT728D iter 15430: loss 2.1237, time 753.89ms, mfu 7.54%
model:LGT728D iter 15440: loss 2.2352, time 753.50ms, mfu 7.70%
-----------average decoder density 0.0000
step 15450: train loss 2.2075, val loss 2.3198
model:LGT728D iter 15450: loss 1.8803, time 13238.43ms, mfu 6.98%
model:LGT728D iter 15460: loss 2.1683, time 833.57ms, mfu 7.11%
model:LGT728D iter 15470: loss 2.2385, time 796.06ms, mfu 7.27%
model:LGT728D iter 15480: loss 2.3818, time 810.52ms, mfu 7.39%
model:LGT728D iter 15490: loss 2.3848, time 753.54ms, mfu 7.57%
-----------average decoder density 0.0000
step 15500: train loss 2.2155, val loss 2.3332
model:LGT728D iter 15500: loss 2.2688, time 11553.75ms, mfu 6.87%
model:LGT728D iter 15510: loss 2.4776, time 753.42ms, mfu 7.10%
model:LGT728D iter 15520: loss 1.9773, time 753.57ms, mfu 7.30%
model:LGT728D iter 15530: loss 2.6274, time 753.26ms, mfu 7.49%
model:LGT728D iter 15540: loss 2.2044, time 753.34ms, mfu 7.65%
-----------average decoder density 0.0000
step 15550: train loss 2.2303, val loss 2.3236
model:LGT728D iter 15550: loss 2.4545, time 11519.28ms, mfu 6.95%
model:LGT728D iter 15560: loss 2.1852, time 834.01ms, mfu 7.08%
model:LGT728D iter 15570: loss 2.1810, time 755.43ms, mfu 7.28%
model:LGT728D iter 15580: loss 2.3063, time 753.07ms, mfu 7.47%
model:LGT728D iter 15590: loss 2.3032, time 882.48ms, mfu 7.51%
-----------average decoder density 0.0000
step 15600: train loss 2.2154, val loss 2.3362
model:LGT728D iter 15600: loss 2.1503, time 13647.82ms, mfu 6.81%
model:LGT728D iter 15610: loss 2.3043, time 759.43ms, mfu 7.03%
model:LGT728D iter 15620: loss 2.3987, time 777.59ms, mfu 7.22%
model:LGT728D iter 15630: loss 2.1924, time 825.73ms, mfu 7.33%
model:LGT728D iter 15640: loss 2.2324, time 771.84ms, mfu 7.49%
-----------average decoder density 0.0000
step 15650: train loss 2.2210, val loss 2.3112
saving checkpoint to out-novel-char3_LGT728D_3d25ede0cfd080d9e35756b051dcef65
model:LGT728D iter 15650: loss 2.0853, time 15192.99ms, mfu 6.79%
model:LGT728D iter 15660: loss 2.4277, time 810.53ms, mfu 6.96%
model:LGT728D iter 15670: loss 2.0651, time 760.59ms, mfu 7.17%
model:LGT728D iter 15680: loss 2.3963, time 760.54ms, mfu 7.36%
model:LGT728D iter 15690: loss 2.1028, time 792.19ms, mfu 7.49%
-----------average decoder density 0.0000
step 15700: train loss 2.1899, val loss 2.3095
saving checkpoint to out-novel-char3_LGT728D_3d25ede0cfd080d9e35756b051dcef65
model:LGT728D iter 15700: loss 2.5036, time 14600.31ms, mfu 6.79%
model:LGT728D iter 15710: loss 2.2400, time 754.54ms, mfu 7.02%
model:LGT728D iter 15720: loss 2.3231, time 772.24ms, mfu 7.21%
model:LGT728D iter 15730: loss 2.3501, time 773.35ms, mfu 7.38%
model:LGT728D iter 15740: loss 2.1089, time 753.78ms, mfu 7.56%
-----------average decoder density 0.0000
step 15750: train loss 2.2146, val loss 2.3501
model:LGT728D iter 15750: loss 2.3241, time 12515.66ms, mfu 6.86%
model:LGT728D iter 15760: loss 2.2203, time 830.32ms, mfu 7.00%
model:LGT728D iter 15770: loss 2.3179, time 834.12ms, mfu 7.13%
model:LGT728D iter 15780: loss 2.0245, time 793.76ms, mfu 7.29%
model:LGT728D iter 15790: loss 2.0806, time 814.43ms, mfu 7.40%
-----------average decoder density 0.0000
step 15800: train loss 2.1824, val loss 2.2938
saving checkpoint to out-novel-char3_LGT728D_3d25ede0cfd080d9e35756b051dcef65
model:LGT728D iter 15800: loss 2.0069, time 13990.42ms, mfu 6.71%
model:LGT728D iter 15810: loss 2.1945, time 828.83ms, mfu 6.87%
model:LGT728D iter 15820: loss 1.5968, time 864.73ms, mfu 6.98%
model:LGT728D iter 15830: loss 2.2854, time 825.18ms, mfu 7.12%
model:LGT728D iter 15840: loss 2.1038, time 776.90ms, mfu 7.30%
-----------average decoder density 0.0000
step 15850: train loss 2.1988, val loss 2.3336
model:LGT728D iter 15850: loss 2.5484, time 12911.78ms, mfu 6.62%
model:LGT728D iter 15860: loss 1.7662, time 831.31ms, mfu 6.79%
model:LGT728D iter 15870: loss 2.1764, time 753.56ms, mfu 7.02%
model:LGT728D iter 15880: loss 2.2493, time 763.77ms, mfu 7.22%
model:LGT728D iter 15890: loss 2.2851, time 769.76ms, mfu 7.40%
-----------average decoder density 0.0000
step 15900: train loss 2.2004, val loss 2.2904
saving checkpoint to out-novel-char3_LGT728D_3d25ede0cfd080d9e35756b051dcef65
model:LGT728D iter 15900: loss 2.3880, time 14302.44ms, mfu 6.70%
model:LGT728D iter 15910: loss 2.1313, time 794.12ms, mfu 6.90%
model:LGT728D iter 15920: loss 2.6823, time 753.48ms, mfu 7.13%
model:LGT728D iter 15930: loss 1.9762, time 823.67ms, mfu 7.25%
model:LGT728D iter 15940: loss 1.8923, time 753.29ms, mfu 7.44%
-----------average decoder density 0.0000
step 15950: train loss 2.1984, val loss 2.3097
model:LGT728D iter 15950: loss 2.0862, time 11597.32ms, mfu 6.76%
model:LGT728D iter 15960: loss 2.0467, time 753.82ms, mfu 7.00%
model:LGT728D iter 15970: loss 2.3436, time 753.77ms, mfu 7.21%
model:LGT728D iter 15980: loss 2.2492, time 753.44ms, mfu 7.40%
model:LGT728D iter 15990: loss 2.1589, time 753.30ms, mfu 7.58%
-----------average decoder density 0.0000
step 16000: train loss 2.2026, val loss 2.3056
model:LGT728D iter 16000: loss 2.4409, time 11528.28ms, mfu 6.88%
model:LGT728D iter 16010: loss 1.9443, time 754.11ms, mfu 7.11%
model:LGT728D iter 16020: loss 2.4447, time 808.27ms, mfu 7.25%
model:LGT728D iter 16030: loss 2.2101, time 907.33ms, mfu 7.28%
model:LGT728D iter 16040: loss 2.0530, time 754.08ms, mfu 7.47%
-----------average decoder density 0.0000
step 16050: train loss 2.2187, val loss 2.3006
model:LGT728D iter 16050: loss 1.9269, time 13822.23ms, mfu 6.77%
model:LGT728D iter 16060: loss 2.4072, time 753.94ms, mfu 7.01%
model:LGT728D iter 16070: loss 2.0712, time 825.62ms, mfu 7.14%
model:LGT728D iter 16080: loss 2.2923, time 830.19ms, mfu 7.26%
model:LGT728D iter 16090: loss 2.0969, time 754.51ms, mfu 7.45%
-----------average decoder density 0.0000
step 16100: train loss 2.2127, val loss 2.3329
model:LGT728D iter 16100: loss 2.4175, time 12485.84ms, mfu 6.76%
model:LGT728D iter 16110: loss 2.4586, time 754.48ms, mfu 7.00%
model:LGT728D iter 16120: loss 1.8018, time 754.28ms, mfu 7.21%
model:LGT728D iter 16130: loss 1.9461, time 754.07ms, mfu 7.40%
model:LGT728D iter 16140: loss 1.9374, time 754.39ms, mfu 7.58%
-----------average decoder density 0.0000
step 16150: train loss 2.1923, val loss 2.3354
model:LGT728D iter 16150: loss 2.2367, time 13068.75ms, mfu 6.87%
model:LGT728D iter 16160: loss 2.3507, time 761.10ms, mfu 7.09%
model:LGT728D iter 16170: loss 2.1085, time 838.46ms, mfu 7.20%
model:LGT728D iter 16180: loss 2.0601, time 753.87ms, mfu 7.40%
model:LGT728D iter 16190: loss 2.3902, time 754.02ms, mfu 7.57%
-----------average decoder density 0.0000
step 16200: train loss 2.2151, val loss 2.3172
model:LGT728D iter 16200: loss 2.2747, time 13586.27ms, mfu 6.87%
model:LGT728D iter 16210: loss 2.2111, time 766.87ms, mfu 7.08%
model:LGT728D iter 16220: loss 2.1037, time 780.29ms, mfu 7.25%
model:LGT728D iter 16230: loss 2.2345, time 764.04ms, mfu 7.43%
model:LGT728D iter 16240: loss 2.3208, time 764.60ms, mfu 7.59%
-----------average decoder density 0.0000
step 16250: train loss 2.1876, val loss 2.3031
model:LGT728D iter 16250: loss 1.8913, time 13774.81ms, mfu 6.88%
model:LGT728D iter 16260: loss 2.4766, time 832.28ms, mfu 7.02%
model:LGT728D iter 16270: loss 2.2939, time 761.43ms, mfu 7.22%
model:LGT728D iter 16280: loss 2.2920, time 771.18ms, mfu 7.40%
model:LGT728D iter 16290: loss 1.9159, time 772.34ms, mfu 7.55%
-----------average decoder density 0.0000
step 16300: train loss 2.1836, val loss 2.3152
model:LGT728D iter 16300: loss 2.0716, time 13799.06ms, mfu 6.84%
model:LGT728D iter 16310: loss 2.3115, time 755.84ms, mfu 7.07%
model:LGT728D iter 16320: loss 2.3444, time 753.85ms, mfu 7.28%
model:LGT728D iter 16330: loss 1.9950, time 782.98ms, mfu 7.43%
model:LGT728D iter 16340: loss 2.3480, time 765.91ms, mfu 7.59%
-----------average decoder density 0.0000
step 16350: train loss 2.2073, val loss 2.2962
model:LGT728D iter 16350: loss 2.4742, time 13181.43ms, mfu 6.88%
model:LGT728D iter 16360: loss 2.1900, time 754.68ms, mfu 7.11%
model:LGT728D iter 16370: loss 1.8381, time 839.11ms, mfu 7.22%
model:LGT728D iter 16380: loss 2.3643, time 753.99ms, mfu 7.41%
model:LGT728D iter 16390: loss 2.4455, time 773.07ms, mfu 7.56%
-----------average decoder density 0.0000
step 16400: train loss 2.2074, val loss 2.3069
model:LGT728D iter 16400: loss 2.2407, time 12319.71ms, mfu 6.86%
model:LGT728D iter 16410: loss 2.3223, time 754.21ms, mfu 7.09%
model:LGT728D iter 16420: loss 2.2118, time 754.11ms, mfu 7.29%
model:LGT728D iter 16430: loss 2.1365, time 754.15ms, mfu 7.48%
model:LGT728D iter 16440: loss 2.5328, time 754.13ms, mfu 7.64%
-----------average decoder density 0.0000
step 16450: train loss 2.1875, val loss 2.3257
model:LGT728D iter 16450: loss 2.1627, time 11539.25ms, mfu 6.94%
model:LGT728D iter 16460: loss 2.3488, time 754.02ms, mfu 7.16%
model:LGT728D iter 16470: loss 2.3220, time 753.99ms, mfu 7.36%
model:LGT728D iter 16480: loss 1.9878, time 753.66ms, mfu 7.54%
model:LGT728D iter 16490: loss 2.1030, time 792.13ms, mfu 7.65%
-----------average decoder density 0.0000
step 16500: train loss 2.2182, val loss 2.3157
model:LGT728D iter 16500: loss 2.4123, time 12856.81ms, mfu 6.94%
model:LGT728D iter 16510: loss 2.3449, time 754.08ms, mfu 7.16%
model:LGT728D iter 16520: loss 2.0834, time 766.35ms, mfu 7.35%
model:LGT728D iter 16530: loss 2.2873, time 754.37ms, mfu 7.52%
model:LGT728D iter 16540: loss 2.3359, time 754.08ms, mfu 7.69%
-----------average decoder density 0.0000
step 16550: train loss 2.1713, val loss 2.3106
model:LGT728D iter 16550: loss 2.3032, time 13452.62ms, mfu 6.97%
model:LGT728D iter 16560: loss 2.3636, time 768.70ms, mfu 7.17%
model:LGT728D iter 16570: loss 2.2590, time 881.27ms, mfu 7.23%
model:LGT728D iter 16580: loss 2.0700, time 831.41ms, mfu 7.34%
model:LGT728D iter 16590: loss 2.1205, time 761.76ms, mfu 7.51%
-----------average decoder density 0.0000
step 16600: train loss 2.1750, val loss 2.3029
model:LGT728D iter 16600: loss 2.2313, time 13627.61ms, mfu 6.81%
model:LGT728D iter 16610: loss 2.3328, time 833.40ms, mfu 6.96%
model:LGT728D iter 16620: loss 2.3011, time 788.13ms, mfu 7.14%
model:LGT728D iter 16630: loss 2.4122, time 832.81ms, mfu 7.25%
model:LGT728D iter 16640: loss 2.2368, time 829.47ms, mfu 7.36%
-----------average decoder density 0.0000
step 16650: train loss 2.1808, val loss 2.3251
model:LGT728D iter 16650: loss 2.1789, time 12995.01ms, mfu 6.67%
model:LGT728D iter 16660: loss 2.3363, time 753.35ms, mfu 6.92%
model:LGT728D iter 16670: loss 1.8857, time 793.72ms, mfu 7.10%
model:LGT728D iter 16680: loss 2.2453, time 753.20ms, mfu 7.30%
model:LGT728D iter 16690: loss 2.1680, time 753.24ms, mfu 7.49%
-----------average decoder density 0.0000
step 16700: train loss 2.1906, val loss 2.3186
model:LGT728D iter 16700: loss 1.8172, time 12725.20ms, mfu 6.79%
model:LGT728D iter 16710: loss 1.9043, time 753.22ms, mfu 7.03%
model:LGT728D iter 16720: loss 2.0661, time 753.11ms, mfu 7.24%
model:LGT728D iter 16730: loss 1.8973, time 753.07ms, mfu 7.43%
model:LGT728D iter 16740: loss 2.0510, time 829.79ms, mfu 7.52%
-----------average decoder density 0.0000
step 16750: train loss 2.1421, val loss 2.3098
model:LGT728D iter 16750: loss 2.2704, time 14506.11ms, mfu 6.82%
model:LGT728D iter 16760: loss 2.0993, time 829.14ms, mfu 6.97%
model:LGT728D iter 16770: loss 2.5161, time 831.72ms, mfu 7.10%
model:LGT728D iter 16780: loss 2.2289, time 871.87ms, mfu 7.18%
model:LGT728D iter 16790: loss 2.1324, time 764.83ms, mfu 7.36%
-----------average decoder density 0.0000
step 16800: train loss 2.1574, val loss 2.2948
model:LGT728D iter 16800: loss 1.9809, time 14105.04ms, mfu 6.67%
model:LGT728D iter 16810: loss 2.1146, time 825.64ms, mfu 6.84%
model:LGT728D iter 16820: loss 2.2041, time 758.76ms, mfu 7.07%
model:LGT728D iter 16830: loss 2.1814, time 827.20ms, mfu 7.19%
model:LGT728D iter 16840: loss 2.4058, time 827.83ms, mfu 7.31%
-----------average decoder density 0.0000
step 16850: train loss 2.1624, val loss 2.2991
model:LGT728D iter 16850: loss 2.2245, time 12805.36ms, mfu 6.63%
model:LGT728D iter 16860: loss 1.8152, time 753.38ms, mfu 6.88%
model:LGT728D iter 16870: loss 2.1122, time 753.43ms, mfu 7.11%
model:LGT728D iter 16880: loss 2.1017, time 753.50ms, mfu 7.31%
model:LGT728D iter 16890: loss 2.3091, time 753.55ms, mfu 7.50%
-----------average decoder density 0.0000
step 16900: train loss 2.1799, val loss 2.2847
saving checkpoint to out-novel-char3_LGT728D_3d25ede0cfd080d9e35756b051dcef65
model:LGT728D iter 16900: loss 2.2097, time 12675.49ms, mfu 6.80%
model:LGT728D iter 16910: loss 2.1223, time 754.06ms, mfu 7.03%
model:LGT728D iter 16920: loss 2.3536, time 754.09ms, mfu 7.25%
model:LGT728D iter 16930: loss 2.4198, time 754.09ms, mfu 7.44%
model:LGT728D iter 16940: loss 2.0070, time 754.14ms, mfu 7.61%
-----------average decoder density 0.0000
step 16950: train loss 2.1701, val loss 2.3188
model:LGT728D iter 16950: loss 2.1337, time 13335.54ms, mfu 6.90%
model:LGT728D iter 16960: loss 2.2126, time 754.12ms, mfu 7.12%
model:LGT728D iter 16970: loss 1.8618, time 897.32ms, mfu 7.18%
model:LGT728D iter 16980: loss 2.0989, time 847.18ms, mfu 7.27%
model:LGT728D iter 16990: loss 2.1856, time 757.12ms, mfu 7.46%
-----------average decoder density 0.0000
step 17000: train loss 2.1886, val loss 2.2726
saving checkpoint to out-novel-char3_LGT728D_3d25ede0cfd080d9e35756b051dcef65
model:LGT728D iter 17000: loss 2.1541, time 15040.93ms, mfu 6.76%
model:LGT728D iter 17010: loss 1.9250, time 876.16ms, mfu 6.87%
model:LGT728D iter 17020: loss 2.3531, time 756.31ms, mfu 7.09%
model:LGT728D iter 17030: loss 2.1041, time 831.83ms, mfu 7.21%
model:LGT728D iter 17040: loss 2.0325, time 832.82ms, mfu 7.32%
-----------average decoder density 0.0000
step 17050: train loss 2.1922, val loss 2.2863
model:LGT728D iter 17050: loss 2.5811, time 14268.70ms, mfu 6.63%
model:LGT728D iter 17060: loss 2.4628, time 824.12ms, mfu 6.81%
model:LGT728D iter 17070: loss 2.1708, time 794.43ms, mfu 6.99%
model:LGT728D iter 17080: loss 2.3250, time 859.98ms, mfu 7.10%
model:LGT728D iter 17090: loss 2.4658, time 754.81ms, mfu 7.30%
-----------average decoder density 0.0000
step 17100: train loss 2.1489, val loss 2.3028
model:LGT728D iter 17100: loss 2.1858, time 13967.73ms, mfu 6.62%
model:LGT728D iter 17110: loss 2.2765, time 754.39ms, mfu 6.87%
model:LGT728D iter 17120: loss 2.1515, time 830.82ms, mfu 7.01%
model:LGT728D iter 17130: loss 2.0520, time 832.76ms, mfu 7.14%
model:LGT728D iter 17140: loss 2.1795, time 764.74ms, mfu 7.33%
-----------average decoder density 0.0000
step 17150: train loss 2.1453, val loss 2.3020
model:LGT728D iter 17150: loss 2.3278, time 14096.37ms, mfu 6.64%
model:LGT728D iter 17160: loss 2.3547, time 771.84ms, mfu 6.87%
model:LGT728D iter 17170: loss 2.1287, time 772.01ms, mfu 7.08%
model:LGT728D iter 17180: loss 2.2536, time 838.36ms, mfu 7.19%
model:LGT728D iter 17190: loss 1.6441, time 833.47ms, mfu 7.30%
-----------average decoder density 0.0000
step 17200: train loss 2.1508, val loss 2.2975
model:LGT728D iter 17200: loss 2.3090, time 14297.09ms, mfu 6.62%
model:LGT728D iter 17210: loss 2.4977, time 772.75ms, mfu 6.85%
model:LGT728D iter 17220: loss 2.4185, time 753.47ms, mfu 7.08%
model:LGT728D iter 17230: loss 2.6089, time 865.11ms, mfu 7.17%
model:LGT728D iter 17240: loss 2.0182, time 753.73ms, mfu 7.37%
-----------average decoder density 0.0000
step 17250: train loss 2.1627, val loss 2.2895
model:LGT728D iter 17250: loss 2.3189, time 13267.65ms, mfu 6.68%
model:LGT728D iter 17260: loss 2.3484, time 754.57ms, mfu 6.93%
model:LGT728D iter 17270: loss 2.0410, time 754.06ms, mfu 7.15%
model:LGT728D iter 17280: loss 2.1043, time 753.55ms, mfu 7.35%
model:LGT728D iter 17290: loss 1.9278, time 780.75ms, mfu 7.50%
-----------average decoder density 0.0000
step 17300: train loss 2.1543, val loss 2.2810
model:LGT728D iter 17300: loss 2.1807, time 14368.60ms, mfu 6.79%
model:LGT728D iter 17310: loss 2.2250, time 753.44ms, mfu 7.03%
model:LGT728D iter 17320: loss 2.2143, time 754.10ms, mfu 7.24%
model:LGT728D iter 17330: loss 2.0921, time 754.03ms, mfu 7.43%
model:LGT728D iter 17340: loss 2.2759, time 758.15ms, mfu 7.60%
-----------average decoder density 0.0000
step 17350: train loss 2.1519, val loss 2.3110
model:LGT728D iter 17350: loss 2.4598, time 12653.36ms, mfu 6.89%
model:LGT728D iter 17360: loss 2.3218, time 753.53ms, mfu 7.12%
model:LGT728D iter 17370: loss 2.1553, time 753.45ms, mfu 7.32%
model:LGT728D iter 17380: loss 1.9894, time 753.47ms, mfu 7.50%
model:LGT728D iter 17390: loss 2.0775, time 753.17ms, mfu 7.67%
-----------average decoder density 0.0000
step 17400: train loss 2.1597, val loss 2.3070
model:LGT728D iter 17400: loss 1.9642, time 11520.33ms, mfu 6.96%
model:LGT728D iter 17410: loss 2.2034, time 753.34ms, mfu 7.18%
model:LGT728D iter 17420: loss 2.0334, time 753.27ms, mfu 7.38%
model:LGT728D iter 17430: loss 2.2279, time 802.97ms, mfu 7.50%
model:LGT728D iter 17440: loss 2.0033, time 784.10ms, mfu 7.63%
-----------average decoder density 0.0000
step 17450: train loss 2.1634, val loss 2.2495
saving checkpoint to out-novel-char3_LGT728D_3d25ede0cfd080d9e35756b051dcef65
model:LGT728D iter 17450: loss 2.1219, time 14257.83ms, mfu 6.91%
model:LGT728D iter 17460: loss 2.2051, time 762.90ms, mfu 7.13%
model:LGT728D iter 17470: loss 2.0924, time 774.46ms, mfu 7.30%
model:LGT728D iter 17480: loss 2.0321, time 830.91ms, mfu 7.40%
model:LGT728D iter 17490: loss 2.3229, time 788.39ms, mfu 7.54%
-----------average decoder density 0.0000
step 17500: train loss 2.1658, val loss 2.2866
model:LGT728D iter 17500: loss 2.3179, time 13127.12ms, mfu 6.84%
model:LGT728D iter 17510: loss 2.4218, time 753.42ms, mfu 7.07%
model:LGT728D iter 17520: loss 1.6723, time 756.48ms, mfu 7.27%
model:LGT728D iter 17530: loss 2.1330, time 755.35ms, mfu 7.46%
model:LGT728D iter 17540: loss 2.4900, time 802.59ms, mfu 7.57%
-----------average decoder density 0.0000
step 17550: train loss 2.1706, val loss 2.2783
model:LGT728D iter 17550: loss 2.2644, time 14149.29ms, mfu 6.86%
model:LGT728D iter 17560: loss 2.0271, time 776.21ms, mfu 7.06%
model:LGT728D iter 17570: loss 1.9790, time 753.25ms, mfu 7.27%
model:LGT728D iter 17580: loss 2.3487, time 780.68ms, mfu 7.43%
model:LGT728D iter 17590: loss 1.9585, time 753.61ms, mfu 7.60%
-----------average decoder density 0.0000
step 17600: train loss 2.1441, val loss 2.3051
model:LGT728D iter 17600: loss 2.5191, time 13202.62ms, mfu 6.89%
model:LGT728D iter 17610: loss 2.0050, time 770.34ms, mfu 7.10%
model:LGT728D iter 17620: loss 2.3594, time 753.27ms, mfu 7.30%
model:LGT728D iter 17630: loss 2.0070, time 792.69ms, mfu 7.44%
model:LGT728D iter 17640: loss 2.1262, time 766.69ms, mfu 7.60%
-----------average decoder density 0.0000
step 17650: train loss 2.1446, val loss 2.2690
model:LGT728D iter 17650: loss 2.3114, time 12727.90ms, mfu 6.89%
model:LGT728D iter 17660: loss 2.4382, time 826.50ms, mfu 7.04%
model:LGT728D iter 17670: loss 2.0822, time 762.38ms, mfu 7.24%
model:LGT728D iter 17680: loss 2.2168, time 782.85ms, mfu 7.39%
model:LGT728D iter 17690: loss 2.4546, time 773.92ms, mfu 7.55%
-----------average decoder density 0.0000
step 17700: train loss 2.1199, val loss 2.2787
model:LGT728D iter 17700: loss 1.8426, time 12949.69ms, mfu 6.84%
model:LGT728D iter 17710: loss 2.2266, time 753.30ms, mfu 7.07%
model:LGT728D iter 17720: loss 2.0471, time 753.48ms, mfu 7.28%
model:LGT728D iter 17730: loss 2.1601, time 765.16ms, mfu 7.45%
model:LGT728D iter 17740: loss 2.1706, time 753.55ms, mfu 7.62%
-----------average decoder density 0.0000
step 17750: train loss 2.1418, val loss 2.2651
model:LGT728D iter 17750: loss 2.0335, time 12653.71ms, mfu 6.92%
model:LGT728D iter 17760: loss 2.2959, time 756.58ms, mfu 7.14%
model:LGT728D iter 17770: loss 2.2947, time 753.88ms, mfu 7.34%
model:LGT728D iter 17780: loss 2.5698, time 753.33ms, mfu 7.52%
model:LGT728D iter 17790: loss 2.3308, time 753.38ms, mfu 7.68%
-----------average decoder density 0.0000
step 17800: train loss 2.1284, val loss 2.2839
model:LGT728D iter 17800: loss 2.4482, time 11539.27ms, mfu 6.97%
model:LGT728D iter 17810: loss 2.2474, time 753.19ms, mfu 7.19%
model:LGT728D iter 17820: loss 1.9948, time 753.20ms, mfu 7.39%
model:LGT728D iter 17830: loss 2.1298, time 753.25ms, mfu 7.56%
model:LGT728D iter 17840: loss 2.3980, time 820.43ms, mfu 7.65%
-----------average decoder density 0.0000
step 17850: train loss 2.1484, val loss 2.2715
model:LGT728D iter 17850: loss 1.7466, time 13531.60ms, mfu 6.93%
model:LGT728D iter 17860: loss 1.9186, time 905.45ms, mfu 7.00%
model:LGT728D iter 17870: loss 2.3038, time 920.00ms, mfu 7.05%
model:LGT728D iter 17880: loss 1.8920, time 753.06ms, mfu 7.26%
model:LGT728D iter 17890: loss 1.9228, time 875.04ms, mfu 7.32%
-----------average decoder density 0.0000
step 17900: train loss 2.1581, val loss 2.2850
model:LGT728D iter 17900: loss 1.9648, time 12374.55ms, mfu 6.65%
model:LGT728D iter 17910: loss 2.1054, time 841.53ms, mfu 6.80%
model:LGT728D iter 17920: loss 2.1921, time 797.86ms, mfu 6.98%
model:LGT728D iter 17930: loss 2.0912, time 753.30ms, mfu 7.20%
model:LGT728D iter 17940: loss 2.3248, time 913.63ms, mfu 7.24%
-----------average decoder density 0.0000
step 17950: train loss 2.1380, val loss 2.2797
model:LGT728D iter 17950: loss 2.4622, time 12672.87ms, mfu 6.57%
model:LGT728D iter 17960: loss 2.1923, time 904.18ms, mfu 6.67%
model:LGT728D iter 17970: loss 2.6476, time 753.69ms, mfu 6.92%
model:LGT728D iter 17980: loss 2.3509, time 784.60ms, mfu 7.11%
model:LGT728D iter 17990: loss 2.1732, time 753.84ms, mfu 7.31%
-----------average decoder density 0.0000
step 18000: train loss 2.1319, val loss 2.2746
model:LGT728D iter 18000: loss 2.3938, time 13339.06ms, mfu 6.63%
model:LGT728D iter 18010: loss 2.2207, time 773.71ms, mfu 6.86%
model:LGT728D iter 18020: loss 2.2569, time 756.28ms, mfu 7.08%
model:LGT728D iter 18030: loss 2.3939, time 831.38ms, mfu 7.20%
model:LGT728D iter 18040: loss 2.3693, time 795.50ms, mfu 7.35%
-----------average decoder density 0.0000
step 18050: train loss 2.1455, val loss 2.2720
model:LGT728D iter 18050: loss 2.0050, time 12673.71ms, mfu 6.67%
model:LGT728D iter 18060: loss 2.1678, time 753.81ms, mfu 6.92%
model:LGT728D iter 18070: loss 2.1809, time 753.53ms, mfu 7.14%
model:LGT728D iter 18080: loss 1.9859, time 753.71ms, mfu 7.34%
model:LGT728D iter 18090: loss 2.1873, time 839.84ms, mfu 7.43%
-----------average decoder density 0.0000
step 18100: train loss 2.1580, val loss 2.2941
model:LGT728D iter 18100: loss 1.9897, time 13035.98ms, mfu 6.74%
model:LGT728D iter 18110: loss 2.2573, time 834.55ms, mfu 6.89%
model:LGT728D iter 18120: loss 1.9389, time 832.07ms, mfu 7.03%
model:LGT728D iter 18130: loss 2.1339, time 826.79ms, mfu 7.16%
model:LGT728D iter 18140: loss 2.3688, time 831.65ms, mfu 7.27%
-----------average decoder density 0.0000
step 18150: train loss 2.1306, val loss 2.2700
model:LGT728D iter 18150: loss 2.6765, time 12727.09ms, mfu 6.60%
model:LGT728D iter 18160: loss 2.1589, time 830.52ms, mfu 6.77%
model:LGT728D iter 18170: loss 2.3538, time 829.21ms, mfu 6.92%
model:LGT728D iter 18180: loss 2.0917, time 831.89ms, mfu 7.06%
model:LGT728D iter 18190: loss 1.8017, time 777.63ms, mfu 7.24%
-----------average decoder density 0.0000
step 18200: train loss 2.1444, val loss 2.2869
model:LGT728D iter 18200: loss 2.2655, time 12820.58ms, mfu 6.57%
model:LGT728D iter 18210: loss 2.1522, time 833.15ms, mfu 6.74%
model:LGT728D iter 18220: loss 2.3473, time 775.55ms, mfu 6.96%
model:LGT728D iter 18230: loss 2.1743, time 753.79ms, mfu 7.17%
model:LGT728D iter 18240: loss 2.1338, time 802.48ms, mfu 7.32%
-----------average decoder density 0.0000
step 18250: train loss 2.1377, val loss 2.2455
saving checkpoint to out-novel-char3_LGT728D_3d25ede0cfd080d9e35756b051dcef65
model:LGT728D iter 18250: loss 2.1016, time 13953.51ms, mfu 6.63%
model:LGT728D iter 18260: loss 2.1883, time 753.21ms, mfu 6.89%
model:LGT728D iter 18270: loss 1.9839, time 823.81ms, mfu 7.03%
model:LGT728D iter 18280: loss 2.4081, time 753.42ms, mfu 7.25%
model:LGT728D iter 18290: loss 1.8803, time 769.68ms, mfu 7.42%
-----------average decoder density 0.0000
step 18300: train loss 2.1264, val loss 2.2697
model:LGT728D iter 18300: loss 2.1218, time 13687.17ms, mfu 6.73%
model:LGT728D iter 18310: loss 1.6212, time 769.20ms, mfu 6.95%
model:LGT728D iter 18320: loss 2.1318, time 753.79ms, mfu 7.17%
model:LGT728D iter 18330: loss 2.1811, time 753.24ms, mfu 7.37%
model:LGT728D iter 18340: loss 2.4622, time 753.87ms, mfu 7.54%
-----------average decoder density 0.0000
step 18350: train loss 2.1459, val loss 2.2421
saving checkpoint to out-novel-char3_LGT728D_3d25ede0cfd080d9e35756b051dcef65
model:LGT728D iter 18350: loss 2.2420, time 13548.54ms, mfu 6.84%
model:LGT728D iter 18360: loss 2.2949, time 753.28ms, mfu 7.07%
model:LGT728D iter 18370: loss 2.3522, time 753.54ms, mfu 7.28%
model:LGT728D iter 18380: loss 2.1723, time 753.56ms, mfu 7.47%
model:LGT728D iter 18390: loss 2.0858, time 753.64ms, mfu 7.63%
-----------average decoder density 0.0000
step 18400: train loss 2.1560, val loss 2.2860
model:LGT728D iter 18400: loss 2.1005, time 11539.65ms, mfu 6.93%
model:LGT728D iter 18410: loss 2.2855, time 753.34ms, mfu 7.15%
model:LGT728D iter 18420: loss 2.1836, time 753.25ms, mfu 7.35%
model:LGT728D iter 18430: loss 2.1227, time 796.66ms, mfu 7.48%
model:LGT728D iter 18440: loss 1.9375, time 753.73ms, mfu 7.65%
-----------average decoder density 0.0000
step 18450: train loss 2.1511, val loss 2.2518
model:LGT728D iter 18450: loss 2.4361, time 12327.94ms, mfu 6.94%
model:LGT728D iter 18460: loss 2.1391, time 754.81ms, mfu 7.16%
model:LGT728D iter 18470: loss 1.9965, time 753.43ms, mfu 7.36%
model:LGT728D iter 18480: loss 2.2562, time 827.56ms, mfu 7.46%
model:LGT728D iter 18490: loss 2.3435, time 831.43ms, mfu 7.54%
-----------average decoder density 0.0000
step 18500: train loss 2.1405, val loss 2.2762
model:LGT728D iter 18500: loss 2.3646, time 12798.72ms, mfu 6.84%
model:LGT728D iter 18510: loss 2.1937, time 855.07ms, mfu 6.96%
model:LGT728D iter 18520: loss 2.1391, time 827.66ms, mfu 7.10%
model:LGT728D iter 18530: loss 2.2961, time 831.02ms, mfu 7.22%
model:LGT728D iter 18540: loss 2.2765, time 830.47ms, mfu 7.33%
-----------average decoder density 0.0000
step 18550: train loss 2.1125, val loss 2.2400
saving checkpoint to out-novel-char3_LGT728D_3d25ede0cfd080d9e35756b051dcef65
model:LGT728D iter 18550: loss 2.3715, time 15224.11ms, mfu 6.64%
model:LGT728D iter 18560: loss 2.0242, time 762.60ms, mfu 6.88%
model:LGT728D iter 18570: loss 2.1834, time 830.20ms, mfu 7.02%
model:LGT728D iter 18580: loss 2.0801, time 753.95ms, mfu 7.23%
model:LGT728D iter 18590: loss 2.0132, time 830.36ms, mfu 7.34%
-----------average decoder density 0.0000
step 18600: train loss 2.1239, val loss 2.2489
model:LGT728D iter 18600: loss 1.9374, time 12973.84ms, mfu 6.66%
model:LGT728D iter 18610: loss 1.9400, time 753.55ms, mfu 6.91%
model:LGT728D iter 18620: loss 2.4219, time 797.94ms, mfu 7.08%
model:LGT728D iter 18630: loss 2.1655, time 754.94ms, mfu 7.29%
model:LGT728D iter 18640: loss 2.3234, time 766.24ms, mfu 7.46%
-----------average decoder density 0.0000
step 18650: train loss 2.1390, val loss 2.2697
model:LGT728D iter 18650: loss 2.0038, time 14361.85ms, mfu 6.76%
model:LGT728D iter 18660: loss 2.0085, time 754.36ms, mfu 7.00%
model:LGT728D iter 18670: loss 2.4517, time 770.42ms, mfu 7.19%
model:LGT728D iter 18680: loss 2.0511, time 753.51ms, mfu 7.39%
model:LGT728D iter 18690: loss 2.3678, time 754.60ms, mfu 7.56%
-----------average decoder density 0.0000
step 18700: train loss 2.1217, val loss 2.2585
model:LGT728D iter 18700: loss 2.1808, time 13641.30ms, mfu 6.86%
model:LGT728D iter 18710: loss 2.0729, time 753.55ms, mfu 7.09%
model:LGT728D iter 18720: loss 2.2572, time 940.95ms, mfu 7.11%
model:LGT728D iter 18730: loss 2.2981, time 781.52ms, mfu 7.28%
model:LGT728D iter 18740: loss 2.1772, time 781.38ms, mfu 7.44%
-----------average decoder density 0.0000
step 18750: train loss 2.1380, val loss 2.2656
model:LGT728D iter 18750: loss 2.3087, time 12900.14ms, mfu 6.75%
model:LGT728D iter 18760: loss 2.1062, time 778.49ms, mfu 6.96%
model:LGT728D iter 18770: loss 2.1283, time 754.46ms, mfu 7.17%
model:LGT728D iter 18780: loss 2.2428, time 753.82ms, mfu 7.37%
model:LGT728D iter 18790: loss 1.9870, time 753.39ms, mfu 7.55%
-----------average decoder density 0.0000
step 18800: train loss 2.1271, val loss 2.2398
saving checkpoint to out-novel-char3_LGT728D_3d25ede0cfd080d9e35756b051dcef65
model:LGT728D iter 18800: loss 2.1285, time 14136.69ms, mfu 6.84%
model:LGT728D iter 18810: loss 2.2594, time 753.55ms, mfu 7.07%
model:LGT728D iter 18820: loss 2.1466, time 753.39ms, mfu 7.28%
model:LGT728D iter 18830: loss 1.9528, time 753.49ms, mfu 7.47%
model:LGT728D iter 18840: loss 2.4276, time 753.35ms, mfu 7.64%
-----------average decoder density 0.0000
step 18850: train loss 2.1025, val loss 2.2575
model:LGT728D iter 18850: loss 1.9614, time 11532.17ms, mfu 6.93%
model:LGT728D iter 18860: loss 1.8844, time 753.27ms, mfu 7.15%
model:LGT728D iter 18870: loss 2.1561, time 753.24ms, mfu 7.35%
model:LGT728D iter 18880: loss 2.1866, time 753.11ms, mfu 7.53%
model:LGT728D iter 18890: loss 1.8978, time 753.06ms, mfu 7.70%
-----------average decoder density 0.0000
step 18900: train loss 2.1044, val loss 2.2541
model:LGT728D iter 18900: loss 1.8782, time 13680.20ms, mfu 6.98%
model:LGT728D iter 18910: loss 2.2070, time 753.40ms, mfu 7.19%
model:LGT728D iter 18920: loss 2.3976, time 754.75ms, mfu 7.39%
model:LGT728D iter 18930: loss 2.2184, time 877.59ms, mfu 7.43%
model:LGT728D iter 18940: loss 1.9373, time 756.75ms, mfu 7.60%
-----------average decoder density 0.0000
step 18950: train loss 2.1339, val loss 2.2673
model:LGT728D iter 18950: loss 1.8526, time 11852.92ms, mfu 6.90%
model:LGT728D iter 18960: loss 1.8612, time 754.39ms, mfu 7.12%
model:LGT728D iter 18970: loss 2.3203, time 851.71ms, mfu 7.22%
model:LGT728D iter 18980: loss 2.0812, time 753.74ms, mfu 7.41%
model:LGT728D iter 18990: loss 1.8939, time 753.73ms, mfu 7.59%
-----------average decoder density 0.0000
step 19000: train loss 2.1187, val loss 2.2566
model:LGT728D iter 19000: loss 2.2794, time 12226.38ms, mfu 6.88%
model:LGT728D iter 19010: loss 1.9084, time 762.36ms, mfu 7.10%
model:LGT728D iter 19020: loss 2.1009, time 799.95ms, mfu 7.25%
model:LGT728D iter 19030: loss 2.4778, time 756.91ms, mfu 7.44%
model:LGT728D iter 19040: loss 2.4798, time 753.34ms, mfu 7.61%
-----------average decoder density 0.0000
step 19050: train loss 2.1351, val loss 2.2263
saving checkpoint to out-novel-char3_LGT728D_3d25ede0cfd080d9e35756b051dcef65
model:LGT728D iter 19050: loss 1.9078, time 15727.25ms, mfu 6.89%
model:LGT728D iter 19060: loss 2.2512, time 752.99ms, mfu 7.12%
model:LGT728D iter 19070: loss 1.7542, time 756.70ms, mfu 7.32%
model:LGT728D iter 19080: loss 2.2636, time 784.49ms, mfu 7.46%
model:LGT728D iter 19090: loss 2.1803, time 775.25ms, mfu 7.61%
-----------average decoder density 0.0000
step 19100: train loss 2.1159, val loss 2.2282
model:LGT728D iter 19100: loss 2.4881, time 12704.75ms, mfu 6.90%
model:LGT728D iter 19110: loss 2.2530, time 778.91ms, mfu 7.10%
model:LGT728D iter 19120: loss 1.9802, time 757.44ms, mfu 7.30%
model:LGT728D iter 19130: loss 2.3024, time 753.82ms, mfu 7.48%
model:LGT728D iter 19140: loss 2.1722, time 753.44ms, mfu 7.65%
-----------average decoder density 0.0000
step 19150: train loss 2.1413, val loss 2.2539
model:LGT728D iter 19150: loss 2.2059, time 13037.27ms, mfu 6.94%
model:LGT728D iter 19160: loss 1.8758, time 770.24ms, mfu 7.14%
model:LGT728D iter 19170: loss 1.7113, time 754.32ms, mfu 7.34%
model:LGT728D iter 19180: loss 2.1785, time 753.57ms, mfu 7.52%
model:LGT728D iter 19190: loss 2.0004, time 753.40ms, mfu 7.68%
-----------average decoder density 0.0000
step 19200: train loss 2.1146, val loss 2.2671
model:LGT728D iter 19200: loss 1.9451, time 12625.92ms, mfu 6.97%
model:LGT728D iter 19210: loss 1.9931, time 753.88ms, mfu 7.19%
model:LGT728D iter 19220: loss 2.3095, time 803.42ms, mfu 7.32%
model:LGT728D iter 19230: loss 2.1349, time 753.85ms, mfu 7.51%
model:LGT728D iter 19240: loss 1.7363, time 754.80ms, mfu 7.67%
-----------average decoder density 0.0000
step 19250: train loss 2.1103, val loss 2.2420
model:LGT728D iter 19250: loss 2.2550, time 13051.22ms, mfu 6.96%
model:LGT728D iter 19260: loss 1.6883, time 846.60ms, mfu 7.07%
model:LGT728D iter 19270: loss 2.1408, time 753.28ms, mfu 7.28%
model:LGT728D iter 19280: loss 2.1843, time 771.93ms, mfu 7.45%
model:LGT728D iter 19290: loss 2.0903, time 772.81ms, mfu 7.59%
-----------average decoder density 0.0000
step 19300: train loss 2.1185, val loss 2.2420
model:LGT728D iter 19300: loss 2.2922, time 12560.16ms, mfu 6.89%
model:LGT728D iter 19310: loss 2.2015, time 753.51ms, mfu 7.12%
model:LGT728D iter 19320: loss 1.7689, time 830.16ms, mfu 7.23%
model:LGT728D iter 19330: loss 1.9238, time 753.21ms, mfu 7.43%
model:LGT728D iter 19340: loss 1.8810, time 754.22ms, mfu 7.60%
-----------average decoder density 0.0000
step 19350: train loss 2.1251, val loss 2.2410
model:LGT728D iter 19350: loss 1.9947, time 14057.24ms, mfu 6.89%
model:LGT728D iter 19360: loss 2.2279, time 834.47ms, mfu 7.02%
model:LGT728D iter 19370: loss 2.0133, time 832.27ms, mfu 7.15%
model:LGT728D iter 19380: loss 2.0823, time 836.22ms, mfu 7.26%
model:LGT728D iter 19390: loss 1.9302, time 790.01ms, mfu 7.41%
-----------average decoder density 0.0000
step 19400: train loss 2.1215, val loss 2.2381
model:LGT728D iter 19400: loss 2.3979, time 12526.22ms, mfu 6.72%
model:LGT728D iter 19410: loss 2.0916, time 753.37ms, mfu 6.96%
model:LGT728D iter 19420: loss 2.1970, time 753.47ms, mfu 7.18%
model:LGT728D iter 19430: loss 2.0724, time 753.34ms, mfu 7.38%
model:LGT728D iter 19440: loss 1.8965, time 753.42ms, mfu 7.56%
-----------average decoder density 0.0000
step 19450: train loss 2.1161, val loss 2.2455
model:LGT728D iter 19450: loss 2.1198, time 11526.63ms, mfu 6.86%
model:LGT728D iter 19460: loss 1.8440, time 753.30ms, mfu 7.09%
model:LGT728D iter 19470: loss 2.1836, time 753.25ms, mfu 7.30%
model:LGT728D iter 19480: loss 2.2364, time 753.14ms, mfu 7.48%
model:LGT728D iter 19490: loss 2.1451, time 753.26ms, mfu 7.65%
-----------average decoder density 0.0000
step 19500: train loss 2.1137, val loss 2.2423
model:LGT728D iter 19500: loss 1.8978, time 13968.78ms, mfu 6.93%
model:LGT728D iter 19510: loss 2.4306, time 753.24ms, mfu 7.15%
model:LGT728D iter 19520: loss 2.1278, time 795.40ms, mfu 7.31%
model:LGT728D iter 19530: loss 2.3459, time 910.41ms, mfu 7.33%
model:LGT728D iter 19540: loss 2.5833, time 753.16ms, mfu 7.51%
-----------average decoder density 0.0000
step 19550: train loss 2.0922, val loss 2.2756
model:LGT728D iter 19550: loss 2.3137, time 13536.12ms, mfu 6.81%
model:LGT728D iter 19560: loss 2.3123, time 753.31ms, mfu 7.05%
model:LGT728D iter 19570: loss 2.1309, time 803.91ms, mfu 7.20%
model:LGT728D iter 19580: loss 2.0841, time 906.86ms, mfu 7.24%
model:LGT728D iter 19590: loss 2.1572, time 777.32ms, mfu 7.40%
-----------average decoder density 0.0000
step 19600: train loss 2.0934, val loss 2.2550
model:LGT728D iter 19600: loss 2.4034, time 13269.39ms, mfu 6.71%
model:LGT728D iter 19610: loss 1.9438, time 753.50ms, mfu 6.96%
model:LGT728D iter 19620: loss 1.9915, time 905.47ms, mfu 7.02%
model:LGT728D iter 19630: loss 2.1482, time 822.73ms, mfu 7.16%
model:LGT728D iter 19640: loss 2.2726, time 753.98ms, mfu 7.36%
-----------average decoder density 0.0000
step 19650: train loss 2.0994, val loss 2.2285
model:LGT728D iter 19650: loss 2.0674, time 14357.55ms, mfu 6.67%
model:LGT728D iter 19660: loss 2.0562, time 753.09ms, mfu 6.92%
model:LGT728D iter 19670: loss 2.1041, time 819.54ms, mfu 7.07%
model:LGT728D iter 19680: loss 2.2284, time 818.53ms, mfu 7.20%
model:LGT728D iter 19690: loss 2.2754, time 754.02ms, mfu 7.40%
-----------average decoder density 0.0000
step 19700: train loss 2.1250, val loss 2.2436
model:LGT728D iter 19700: loss 1.8107, time 13385.95ms, mfu 6.71%
model:LGT728D iter 19710: loss 1.9844, time 753.65ms, mfu 6.95%
model:LGT728D iter 19720: loss 1.8900, time 796.65ms, mfu 7.12%
model:LGT728D iter 19730: loss 2.0715, time 906.61ms, mfu 7.17%
model:LGT728D iter 19740: loss 1.9368, time 902.97ms, mfu 7.22%
-----------average decoder density 0.0000
step 19750: train loss 2.1078, val loss 2.2274
model:LGT728D iter 19750: loss 1.6558, time 12812.44ms, mfu 6.55%
model:LGT728D iter 19760: loss 2.1261, time 835.87ms, mfu 6.72%
model:LGT728D iter 19770: loss 2.3232, time 830.25ms, mfu 6.88%
model:LGT728D iter 19780: loss 1.9996, time 777.21ms, mfu 7.08%
model:LGT728D iter 19790: loss 2.0562, time 753.28ms, mfu 7.28%
-----------average decoder density 0.0000
step 19800: train loss 2.1082, val loss 2.2446
model:LGT728D iter 19800: loss 2.1097, time 13736.73ms, mfu 6.61%
model:LGT728D iter 19810: loss 2.0819, time 753.61ms, mfu 6.86%
model:LGT728D iter 19820: loss 2.1645, time 787.22ms, mfu 7.05%
model:LGT728D iter 19830: loss 1.9375, time 764.21ms, mfu 7.25%
model:LGT728D iter 19840: loss 2.2329, time 763.39ms, mfu 7.42%
-----------average decoder density 0.0000
step 19850: train loss 2.1149, val loss 2.2425
model:LGT728D iter 19850: loss 2.2929, time 12577.91ms, mfu 6.74%
model:LGT728D iter 19860: loss 2.3013, time 757.99ms, mfu 6.97%
model:LGT728D iter 19870: loss 2.2817, time 824.56ms, mfu 7.11%
model:LGT728D iter 19880: loss 2.1847, time 758.50ms, mfu 7.31%
model:LGT728D iter 19890: loss 1.9807, time 833.53ms, mfu 7.41%
-----------average decoder density 0.0000
step 19900: train loss 2.1137, val loss 2.2493
model:LGT728D iter 19900: loss 1.9288, time 13427.41ms, mfu 6.72%
model:LGT728D iter 19910: loss 2.0188, time 779.21ms, mfu 6.93%
model:LGT728D iter 19920: loss 2.0188, time 754.38ms, mfu 7.15%
model:LGT728D iter 19930: loss 2.3189, time 778.13ms, mfu 7.32%
model:LGT728D iter 19940: loss 2.1426, time 832.41ms, mfu 7.42%
-----------average decoder density 0.0000
step 19950: train loss 2.1165, val loss 2.2474
model:LGT728D iter 19950: loss 1.8187, time 14784.21ms, mfu 6.72%
model:LGT728D iter 19960: loss 2.1889, time 776.90ms, mfu 6.94%
model:LGT728D iter 19970: loss 2.0373, time 786.65ms, mfu 7.12%
model:LGT728D iter 19980: loss 1.9490, time 753.33ms, mfu 7.32%
model:LGT728D iter 19990: loss 2.3650, time 753.91ms, mfu 7.50%
-----------average decoder density 0.0000
step 20000: train loss 2.0772, val loss 2.2386
model:LGT728D iter 20000: loss 2.4453, time 13772.37ms, mfu 6.80%
model:LGT728D iter 20010: loss 2.0256, time 831.43ms, mfu 6.95%
model:LGT728D iter 20020: loss 1.9321, time 831.46ms, mfu 7.09%
model:LGT728D iter 20030: loss 2.1898, time 819.07ms, mfu 7.22%
model:LGT728D iter 20040: loss 2.6311, time 808.21ms, mfu 7.35%
-----------average decoder density 0.0000
step 20050: train loss 2.1216, val loss 2.2278
model:LGT728D iter 20050: loss 2.4737, time 13070.48ms, mfu 6.67%
model:LGT728D iter 20060: loss 1.9608, time 753.53ms, mfu 6.92%
model:LGT728D iter 20070: loss 1.9729, time 753.19ms, mfu 7.14%
model:LGT728D iter 20080: loss 2.3005, time 754.06ms, mfu 7.34%
model:LGT728D iter 20090: loss 2.2112, time 753.45ms, mfu 7.52%
-----------average decoder density 0.0000
step 20100: train loss 2.1077, val loss 2.2101
saving checkpoint to out-novel-char3_LGT728D_3d25ede0cfd080d9e35756b051dcef65
model:LGT728D iter 20100: loss 2.1102, time 12798.90ms, mfu 6.82%
model:LGT728D iter 20110: loss 1.9488, time 753.63ms, mfu 7.06%
model:LGT728D iter 20120: loss 2.2351, time 753.80ms, mfu 7.26%
model:LGT728D iter 20130: loss 2.0641, time 753.38ms, mfu 7.45%
model:LGT728D iter 20140: loss 2.2824, time 753.00ms, mfu 7.62%
-----------average decoder density 0.0000
step 20150: train loss 2.0962, val loss 2.2368
model:LGT728D iter 20150: loss 2.0492, time 11524.27ms, mfu 6.92%
model:LGT728D iter 20160: loss 2.0557, time 799.31ms, mfu 7.09%
model:LGT728D iter 20170: loss 2.3812, time 833.89ms, mfu 7.21%
model:LGT728D iter 20180: loss 1.9798, time 828.03ms, mfu 7.32%
model:LGT728D iter 20190: loss 1.9001, time 784.59ms, mfu 7.47%
-----------average decoder density 0.0000
step 20200: train loss 2.0907, val loss 2.2169
model:LGT728D iter 20200: loss 2.5630, time 13279.10ms, mfu 6.77%
model:LGT728D iter 20210: loss 1.9781, time 753.48ms, mfu 7.01%
model:LGT728D iter 20220: loss 2.0135, time 758.15ms, mfu 7.22%
model:LGT728D iter 20230: loss 1.9946, time 770.73ms, mfu 7.39%
model:LGT728D iter 20240: loss 2.1620, time 753.96ms, mfu 7.57%
-----------average decoder density 0.0000
step 20250: train loss 2.0763, val loss 2.2254
model:LGT728D iter 20250: loss 2.0838, time 13639.69ms, mfu 6.86%
model:LGT728D iter 20260: loss 2.0585, time 829.01ms, mfu 7.01%
model:LGT728D iter 20270: loss 2.0176, time 831.97ms, mfu 7.13%
model:LGT728D iter 20280: loss 2.1218, time 835.06ms, mfu 7.25%
model:LGT728D iter 20290: loss 2.0651, time 770.19ms, mfu 7.42%
-----------average decoder density 0.0000
step 20300: train loss 2.0960, val loss 2.2145
model:LGT728D iter 20300: loss 2.2932, time 13699.64ms, mfu 6.72%
model:LGT728D iter 20310: loss 1.8115, time 830.17ms, mfu 6.88%
model:LGT728D iter 20320: loss 1.9743, time 764.96ms, mfu 7.10%
model:LGT728D iter 20330: loss 2.1354, time 778.91ms, mfu 7.27%
model:LGT728D iter 20340: loss 1.9303, time 762.72ms, mfu 7.45%
-----------average decoder density 0.0000
step 20350: train loss 2.0877, val loss 2.2254
model:LGT728D iter 20350: loss 2.0889, time 13873.74ms, mfu 6.75%
model:LGT728D iter 20360: loss 1.8932, time 754.43ms, mfu 6.99%
model:LGT728D iter 20370: loss 2.0285, time 768.53ms, mfu 7.19%
model:LGT728D iter 20380: loss 2.0509, time 832.14ms, mfu 7.30%
model:LGT728D iter 20390: loss 2.2797, time 808.76ms, mfu 7.42%
-----------average decoder density 0.0000
step 20400: train loss 2.0857, val loss 2.2354
model:LGT728D iter 20400: loss 2.1657, time 13247.69ms, mfu 6.73%
model:LGT728D iter 20410: loss 2.2023, time 831.68ms, mfu 6.89%
model:LGT728D iter 20420: loss 2.1878, time 856.75ms, mfu 7.00%
model:LGT728D iter 20430: loss 2.3326, time 833.16ms, mfu 7.13%
model:LGT728D iter 20440: loss 2.0655, time 832.76ms, mfu 7.24%
-----------average decoder density 0.0000
step 20450: train loss 2.0725, val loss 2.2188
model:LGT728D iter 20450: loss 2.2667, time 12720.63ms, mfu 6.57%
model:LGT728D iter 20460: loss 2.0702, time 805.72ms, mfu 6.77%
model:LGT728D iter 20470: loss 2.2737, time 786.41ms, mfu 6.97%
model:LGT728D iter 20480: loss 2.2236, time 761.99ms, mfu 7.18%
model:LGT728D iter 20490: loss 2.1897, time 792.47ms, mfu 7.33%
-----------average decoder density 0.0000
step 20500: train loss 2.0829, val loss 2.2189
model:LGT728D iter 20500: loss 1.6885, time 11578.71ms, mfu 6.66%
model:LGT728D iter 20510: loss 1.8483, time 753.37ms, mfu 6.91%
model:LGT728D iter 20520: loss 2.1508, time 753.51ms, mfu 7.13%
model:LGT728D iter 20530: loss 2.0329, time 753.40ms, mfu 7.33%
model:LGT728D iter 20540: loss 2.0381, time 753.21ms, mfu 7.51%
-----------average decoder density 0.0000
step 20550: train loss 2.0664, val loss 2.2216
model:LGT728D iter 20550: loss 2.0972, time 11528.03ms, mfu 6.82%
model:LGT728D iter 20560: loss 2.1931, time 759.04ms, mfu 7.05%
model:LGT728D iter 20570: loss 2.0884, time 830.14ms, mfu 7.17%
model:LGT728D iter 20580: loss 2.2143, time 892.86ms, mfu 7.23%
model:LGT728D iter 20590: loss 2.1654, time 801.34ms, mfu 7.37%
-----------average decoder density 0.0000
step 20600: train loss 2.0904, val loss 2.2156
model:LGT728D iter 20600: loss 2.0735, time 14127.27ms, mfu 6.68%
model:LGT728D iter 20610: loss 1.9888, time 833.00ms, mfu 6.84%
model:LGT728D iter 20620: loss 2.3591, time 753.31ms, mfu 7.07%
model:LGT728D iter 20630: loss 1.9161, time 828.57ms, mfu 7.19%
model:LGT728D iter 20640: loss 1.9016, time 753.34ms, mfu 7.39%
-----------average decoder density 0.0000
step 20650: train loss 2.0846, val loss 2.2237
model:LGT728D iter 20650: loss 2.1548, time 13885.94ms, mfu 6.70%
model:LGT728D iter 20660: loss 1.8855, time 836.26ms, mfu 6.85%
model:LGT728D iter 20670: loss 2.1896, time 830.55ms, mfu 7.00%
model:LGT728D iter 20680: loss 2.2994, time 768.05ms, mfu 7.20%
model:LGT728D iter 20690: loss 1.9985, time 753.76ms, mfu 7.39%
-----------average decoder density 0.0000
step 20700: train loss 2.0504, val loss 2.2505
model:LGT728D iter 20700: loss 2.0698, time 13647.84ms, mfu 6.70%
model:LGT728D iter 20710: loss 2.0082, time 824.16ms, mfu 6.87%
model:LGT728D iter 20720: loss 2.0362, time 826.64ms, mfu 7.02%
model:LGT728D iter 20730: loss 1.8929, time 828.50ms, mfu 7.15%
model:LGT728D iter 20740: loss 1.8251, time 886.13ms, mfu 7.21%
-----------average decoder density 0.0000
step 20750: train loss 2.0717, val loss 2.2386
model:LGT728D iter 20750: loss 2.0634, time 14111.96ms, mfu 6.54%
model:LGT728D iter 20760: loss 2.0050, time 830.24ms, mfu 6.71%
model:LGT728D iter 20770: loss 2.1228, time 843.41ms, mfu 6.86%
model:LGT728D iter 20780: loss 1.9208, time 783.12ms, mfu 7.05%
model:LGT728D iter 20790: loss 1.9728, time 753.90ms, mfu 7.26%
-----------average decoder density 0.0000
step 20800: train loss 2.0692, val loss 2.2409
model:LGT728D iter 20800: loss 2.1149, time 12998.06ms, mfu 6.59%
model:LGT728D iter 20810: loss 2.1823, time 831.07ms, mfu 6.76%
model:LGT728D iter 20820: loss 2.3954, time 826.15ms, mfu 6.92%
model:LGT728D iter 20830: loss 1.6132, time 830.34ms, mfu 7.06%
model:LGT728D iter 20840: loss 2.0674, time 896.36ms, mfu 7.12%
-----------average decoder density 0.0000
step 20850: train loss 2.0788, val loss 2.2118
model:LGT728D iter 20850: loss 1.9458, time 13077.52ms, mfu 6.46%
model:LGT728D iter 20860: loss 2.0664, time 828.88ms, mfu 6.65%
model:LGT728D iter 20870: loss 1.9217, time 831.07ms, mfu 6.81%
model:LGT728D iter 20880: loss 2.0339, time 830.99ms, mfu 6.96%
model:LGT728D iter 20890: loss 1.9084, time 766.32ms, mfu 7.16%
-----------average decoder density 0.0000
step 20900: train loss 2.0824, val loss 2.2197
model:LGT728D iter 20900: loss 2.0629, time 11572.97ms, mfu 6.51%
model:LGT728D iter 20910: loss 2.0264, time 753.22ms, mfu 6.77%
model:LGT728D iter 20920: loss 1.7487, time 753.04ms, mfu 7.01%
model:LGT728D iter 20930: loss 1.7960, time 753.20ms, mfu 7.22%
model:LGT728D iter 20940: loss 2.0077, time 753.08ms, mfu 7.42%
-----------average decoder density 0.0000
step 20950: train loss 2.0654, val loss 2.2450
model:LGT728D iter 20950: loss 2.0722, time 11516.68ms, mfu 6.73%
model:LGT728D iter 20960: loss 2.1802, time 753.30ms, mfu 6.98%
model:LGT728D iter 20970: loss 2.3339, time 753.42ms, mfu 7.19%
model:LGT728D iter 20980: loss 1.7867, time 753.53ms, mfu 7.39%
model:LGT728D iter 20990: loss 1.9770, time 768.54ms, mfu 7.55%
-----------average decoder density 0.0000
step 21000: train loss 2.0750, val loss 2.2070
saving checkpoint to out-novel-char3_LGT728D_3d25ede0cfd080d9e35756b051dcef65
model:LGT728D iter 21000: loss 1.5662, time 14237.85ms, mfu 6.84%
model:LGT728D iter 21010: loss 1.8888, time 754.17ms, mfu 7.07%
model:LGT728D iter 21020: loss 2.3231, time 767.92ms, mfu 7.26%
model:LGT728D iter 21030: loss 2.2969, time 753.22ms, mfu 7.45%
model:LGT728D iter 21040: loss 2.0542, time 753.02ms, mfu 7.62%
-----------average decoder density 0.0000
step 21050: train loss 2.0895, val loss 2.2059
saving checkpoint to out-novel-char3_LGT728D_3d25ede0cfd080d9e35756b051dcef65
model:LGT728D iter 21050: loss 1.9698, time 14340.03ms, mfu 6.91%
model:LGT728D iter 21060: loss 2.1624, time 771.70ms, mfu 7.11%
model:LGT728D iter 21070: loss 1.9178, time 830.79ms, mfu 7.23%
model:LGT728D iter 21080: loss 2.2060, time 824.87ms, mfu 7.34%
model:LGT728D iter 21090: loss 2.3038, time 753.30ms, mfu 7.52%
-----------average decoder density 0.0000
step 21100: train loss 2.0769, val loss 2.2060
model:LGT728D iter 21100: loss 2.1859, time 12739.95ms, mfu 6.82%
model:LGT728D iter 21110: loss 1.9286, time 753.79ms, mfu 7.06%
model:LGT728D iter 21120: loss 1.9266, time 813.19ms, mfu 7.20%
model:LGT728D iter 21130: loss 2.4727, time 822.66ms, mfu 7.32%
model:LGT728D iter 21140: loss 1.9316, time 785.92ms, mfu 7.46%
-----------average decoder density 0.0000
step 21150: train loss 2.0794, val loss 2.2246
model:LGT728D iter 21150: loss 2.1150, time 13342.18ms, mfu 6.77%
model:LGT728D iter 21160: loss 2.1826, time 757.07ms, mfu 7.00%
model:LGT728D iter 21170: loss 1.5723, time 768.18ms, mfu 7.20%
model:LGT728D iter 21180: loss 2.1966, time 754.84ms, mfu 7.39%
model:LGT728D iter 21190: loss 2.0894, time 753.24ms, mfu 7.57%
-----------average decoder density 0.0000
step 21200: train loss 2.0820, val loss 2.2357
model:LGT728D iter 21200: loss 2.1064, time 13122.01ms, mfu 6.86%
model:LGT728D iter 21210: loss 2.2100, time 753.26ms, mfu 7.09%
model:LGT728D iter 21220: loss 2.1566, time 753.85ms, mfu 7.30%
model:LGT728D iter 21230: loss 2.1744, time 754.75ms, mfu 7.48%
model:LGT728D iter 21240: loss 2.1508, time 754.06ms, mfu 7.65%
-----------average decoder density 0.0000
step 21250: train loss 2.0658, val loss 2.2001
saving checkpoint to out-novel-char3_LGT728D_3d25ede0cfd080d9e35756b051dcef65
model:LGT728D iter 21250: loss 2.3163, time 16237.26ms, mfu 6.92%
model:LGT728D iter 21260: loss 2.1721, time 827.28ms, mfu 7.07%
model:LGT728D iter 21270: loss 2.0588, time 766.74ms, mfu 7.26%
model:LGT728D iter 21280: loss 1.9073, time 828.56ms, mfu 7.36%
model:LGT728D iter 21290: loss 1.9002, time 831.13ms, mfu 7.46%
-----------average decoder density 0.0000
step 21300: train loss 2.0659, val loss 2.2123
model:LGT728D iter 21300: loss 1.6885, time 12761.93ms, mfu 6.77%
model:LGT728D iter 21310: loss 2.3401, time 753.22ms, mfu 7.00%
model:LGT728D iter 21320: loss 2.2457, time 753.51ms, mfu 7.22%
model:LGT728D iter 21330: loss 2.0386, time 753.34ms, mfu 7.41%
model:LGT728D iter 21340: loss 1.9860, time 753.14ms, mfu 7.59%
-----------average decoder density 0.0000
step 21350: train loss 2.0703, val loss 2.1970
saving checkpoint to out-novel-char3_LGT728D_3d25ede0cfd080d9e35756b051dcef65
model:LGT728D iter 21350: loss 1.9730, time 12590.88ms, mfu 6.88%
model:LGT728D iter 21360: loss 2.2257, time 753.28ms, mfu 7.11%
model:LGT728D iter 21370: loss 2.1102, time 762.11ms, mfu 7.30%
model:LGT728D iter 21380: loss 1.8207, time 833.95ms, mfu 7.40%
model:LGT728D iter 21390: loss 2.0240, time 763.60ms, mfu 7.56%
-----------average decoder density 0.0000
step 21400: train loss 2.0555, val loss 2.2103
model:LGT728D iter 21400: loss 2.0598, time 12535.26ms, mfu 6.86%
model:LGT728D iter 21410: loss 2.2284, time 758.71ms, mfu 7.08%
model:LGT728D iter 21420: loss 1.8873, time 828.68ms, mfu 7.21%
model:LGT728D iter 21430: loss 1.9972, time 768.23ms, mfu 7.38%
model:LGT728D iter 21440: loss 1.7078, time 782.91ms, mfu 7.53%
-----------average decoder density 0.0000
step 21450: train loss 2.0672, val loss 2.2040
model:LGT728D iter 21450: loss 2.3253, time 12608.55ms, mfu 6.83%
model:LGT728D iter 21460: loss 2.0153, time 794.39ms, mfu 7.01%
model:LGT728D iter 21470: loss 2.1984, time 829.61ms, mfu 7.14%
model:LGT728D iter 21480: loss 1.8415, time 830.94ms, mfu 7.26%
model:LGT728D iter 21490: loss 1.7244, time 830.79ms, mfu 7.36%
-----------average decoder density 0.0000
step 21500: train loss 2.0438, val loss 2.2198
model:LGT728D iter 21500: loss 2.1339, time 12654.73ms, mfu 6.68%
model:LGT728D iter 21510: loss 2.5212, time 793.72ms, mfu 6.88%
model:LGT728D iter 21520: loss 2.0614, time 787.07ms, mfu 7.07%
model:LGT728D iter 21530: loss 1.9267, time 767.63ms, mfu 7.26%
model:LGT728D iter 21540: loss 1.9396, time 753.64ms, mfu 7.45%
-----------average decoder density 0.0000
step 21550: train loss 2.0291, val loss 2.2029
model:LGT728D iter 21550: loss 2.0262, time 12832.58ms, mfu 6.76%
model:LGT728D iter 21560: loss 2.0234, time 753.45ms, mfu 7.00%
model:LGT728D iter 21570: loss 1.9060, time 754.40ms, mfu 7.21%
model:LGT728D iter 21580: loss 1.8973, time 769.46ms, mfu 7.39%
model:LGT728D iter 21590: loss 2.1631, time 754.22ms, mfu 7.56%
-----------average decoder density 0.0000
step 21600: train loss 2.0958, val loss 2.1904
saving checkpoint to out-novel-char3_LGT728D_3d25ede0cfd080d9e35756b051dcef65
model:LGT728D iter 21600: loss 2.0503, time 14161.65ms, mfu 6.85%
model:LGT728D iter 21610: loss 2.3207, time 755.17ms, mfu 7.08%
model:LGT728D iter 21620: loss 2.0696, time 753.59ms, mfu 7.29%
model:LGT728D iter 21630: loss 2.2451, time 755.48ms, mfu 7.47%
model:LGT728D iter 21640: loss 2.0045, time 753.34ms, mfu 7.64%
-----------average decoder density 0.0000
step 21650: train loss 2.0785, val loss 2.2200
model:LGT728D iter 21650: loss 1.8851, time 12987.28ms, mfu 6.93%
model:LGT728D iter 21660: loss 2.2539, time 753.57ms, mfu 7.15%
model:LGT728D iter 21670: loss 2.3326, time 753.64ms, mfu 7.35%
model:LGT728D iter 21680: loss 1.9703, time 753.61ms, mfu 7.53%
model:LGT728D iter 21690: loss 2.1259, time 753.47ms, mfu 7.69%
-----------average decoder density 0.0000
step 21700: train loss 2.0691, val loss 2.1944
model:LGT728D iter 21700: loss 2.0082, time 13196.47ms, mfu 6.97%
model:LGT728D iter 21710: loss 2.1224, time 753.33ms, mfu 7.19%
model:LGT728D iter 21720: loss 2.0506, time 753.35ms, mfu 7.39%
model:LGT728D iter 21730: loss 2.2606, time 753.29ms, mfu 7.56%
model:LGT728D iter 21740: loss 2.1110, time 753.38ms, mfu 7.72%
-----------average decoder density 0.0000
step 21750: train loss 2.0906, val loss 2.2156
model:LGT728D iter 21750: loss 1.7965, time 11550.23ms, mfu 7.01%
model:LGT728D iter 21760: loss 2.0071, time 753.31ms, mfu 7.22%
model:LGT728D iter 21770: loss 1.8439, time 753.59ms, mfu 7.42%
model:LGT728D iter 21780: loss 1.8915, time 753.66ms, mfu 7.59%
model:LGT728D iter 21790: loss 2.0824, time 753.54ms, mfu 7.75%
-----------average decoder density 0.0000
step 21800: train loss 2.0612, val loss 2.2161
model:LGT728D iter 21800: loss 2.0051, time 12940.08ms, mfu 7.02%
model:LGT728D iter 21810: loss 1.8604, time 821.85ms, mfu 7.16%
model:LGT728D iter 21820: loss 1.7886, time 826.21ms, mfu 7.28%
model:LGT728D iter 21830: loss 2.1197, time 827.14ms, mfu 7.38%
model:LGT728D iter 21840: loss 2.0736, time 830.30ms, mfu 7.48%
-----------average decoder density 0.0000
step 21850: train loss 2.0682, val loss 2.2352
model:LGT728D iter 21850: loss 1.9192, time 13243.92ms, mfu 6.78%
model:LGT728D iter 21860: loss 1.7285, time 774.82ms, mfu 6.99%
model:LGT728D iter 21870: loss 2.2031, time 774.30ms, mfu 7.18%
model:LGT728D iter 21880: loss 2.0204, time 757.70ms, mfu 7.37%
model:LGT728D iter 21890: loss 2.0819, time 827.25ms, mfu 7.47%
-----------average decoder density 0.0000
step 21900: train loss 2.0663, val loss 2.2099
model:LGT728D iter 21900: loss 1.7165, time 12684.11ms, mfu 6.78%
model:LGT728D iter 21910: loss 2.2528, time 787.91ms, mfu 6.97%
model:LGT728D iter 21920: loss 2.0409, time 830.78ms, mfu 7.11%
model:LGT728D iter 21930: loss 2.3378, time 772.88ms, mfu 7.29%
model:LGT728D iter 21940: loss 2.1084, time 754.11ms, mfu 7.47%
-----------average decoder density 0.0000
step 21950: train loss 2.0722, val loss 2.1838
saving checkpoint to out-novel-char3_LGT728D_3d25ede0cfd080d9e35756b051dcef65
model:LGT728D iter 21950: loss 2.3629, time 14522.42ms, mfu 6.77%
model:LGT728D iter 21960: loss 1.7005, time 827.71ms, mfu 6.93%
model:LGT728D iter 21970: loss 1.8660, time 822.69ms, mfu 7.07%
model:LGT728D iter 21980: loss 2.0831, time 753.55ms, mfu 7.28%
model:LGT728D iter 21990: loss 1.7332, time 754.39ms, mfu 7.47%
-----------average decoder density 0.0000
step 22000: train loss 2.0606, val loss 2.2002
model:LGT728D iter 22000: loss 2.2325, time 12841.69ms, mfu 6.77%
model:LGT728D iter 22010: loss 2.1495, time 761.71ms, mfu 7.00%
model:LGT728D iter 22020: loss 1.6627, time 753.93ms, mfu 7.22%
model:LGT728D iter 22030: loss 2.0089, time 764.42ms, mfu 7.40%
model:LGT728D iter 22040: loss 2.3296, time 753.51ms, mfu 7.57%
-----------average decoder density 0.0000
step 22050: train loss 2.0703, val loss 2.2052
model:LGT728D iter 22050: loss 1.9231, time 12933.84ms, mfu 6.87%
model:LGT728D iter 22060: loss 2.0489, time 795.13ms, mfu 7.05%
model:LGT728D iter 22070: loss 2.0422, time 754.12ms, mfu 7.26%
model:LGT728D iter 22080: loss 2.2490, time 753.37ms, mfu 7.45%
model:LGT728D iter 22090: loss 1.9877, time 753.36ms, mfu 7.62%
-----------average decoder density 0.0000
step 22100: train loss 2.0809, val loss 2.1982
model:LGT728D iter 22100: loss 1.6825, time 13240.41ms, mfu 6.91%
model:LGT728D iter 22110: loss 2.2440, time 838.04ms, mfu 7.04%
model:LGT728D iter 22120: loss 2.2611, time 753.29ms, mfu 7.25%
model:LGT728D iter 22130: loss 1.9644, time 753.63ms, mfu 7.44%
model:LGT728D iter 22140: loss 1.9296, time 753.35ms, mfu 7.61%
-----------average decoder density 0.0000
step 22150: train loss 2.0315, val loss 2.1865
model:LGT728D iter 22150: loss 1.9131, time 11538.97ms, mfu 6.91%
model:LGT728D iter 22160: loss 1.8740, time 753.28ms, mfu 7.13%
model:LGT728D iter 22170: loss 2.2582, time 753.28ms, mfu 7.34%
model:LGT728D iter 22180: loss 1.9896, time 753.14ms, mfu 7.52%
model:LGT728D iter 22190: loss 2.2622, time 753.24ms, mfu 7.68%
-----------average decoder density 0.0000
step 22200: train loss 2.0339, val loss 2.2008
model:LGT728D iter 22200: loss 2.0461, time 12251.23ms, mfu 6.97%
model:LGT728D iter 22210: loss 1.9634, time 754.02ms, mfu 7.19%
model:LGT728D iter 22220: loss 1.6780, time 756.20ms, mfu 7.38%
model:LGT728D iter 22230: loss 2.0636, time 755.24ms, mfu 7.55%
model:LGT728D iter 22240: loss 2.0042, time 783.38ms, mfu 7.68%
-----------average decoder density 0.0000
step 22250: train loss 2.0426, val loss 2.2012
model:LGT728D iter 22250: loss 2.2815, time 13331.59ms, mfu 6.96%
model:LGT728D iter 22260: loss 1.8168, time 799.85ms, mfu 7.13%
model:LGT728D iter 22270: loss 2.0040, time 754.62ms, mfu 7.33%
model:LGT728D iter 22280: loss 2.3366, time 774.90ms, mfu 7.49%
model:LGT728D iter 22290: loss 2.3058, time 758.96ms, mfu 7.65%
-----------average decoder density 0.0000
step 22300: train loss 2.0257, val loss 2.2034
model:LGT728D iter 22300: loss 2.0273, time 12854.26ms, mfu 6.93%
model:LGT728D iter 22310: loss 2.0942, time 754.96ms, mfu 7.15%
model:LGT728D iter 22320: loss 2.1199, time 754.79ms, mfu 7.35%
model:LGT728D iter 22330: loss 2.2048, time 769.94ms, mfu 7.51%
model:LGT728D iter 22340: loss 2.1803, time 755.40ms, mfu 7.67%
-----------average decoder density 0.0000
step 22350: train loss 2.0363, val loss 2.1936
model:LGT728D iter 22350: loss 1.9279, time 13920.46ms, mfu 6.96%
model:LGT728D iter 22360: loss 2.3137, time 767.90ms, mfu 7.16%
model:LGT728D iter 22370: loss 2.2171, time 754.56ms, mfu 7.36%
model:LGT728D iter 22380: loss 2.0705, time 754.13ms, mfu 7.53%
model:LGT728D iter 22390: loss 2.1993, time 754.12ms, mfu 7.69%
-----------average decoder density 0.0000
step 22400: train loss 2.0257, val loss 2.1914
model:LGT728D iter 22400: loss 2.1631, time 14663.33ms, mfu 6.97%
model:LGT728D iter 22410: loss 2.1879, time 827.00ms, mfu 7.11%
model:LGT728D iter 22420: loss 1.6186, time 777.96ms, mfu 7.28%
model:LGT728D iter 22430: loss 2.2040, time 774.38ms, mfu 7.45%
model:LGT728D iter 22440: loss 2.1342, time 754.49ms, mfu 7.61%
-----------average decoder density 0.0000
step 22450: train loss 2.0402, val loss 2.1956
model:LGT728D iter 22450: loss 2.0421, time 13547.65ms, mfu 6.90%
model:LGT728D iter 22460: loss 1.8391, time 805.69ms, mfu 7.07%
model:LGT728D iter 22470: loss 2.1314, time 753.51ms, mfu 7.28%
model:LGT728D iter 22480: loss 2.1881, time 754.11ms, mfu 7.46%
model:LGT728D iter 22490: loss 1.9681, time 836.65ms, mfu 7.54%
-----------average decoder density 0.0000
step 22500: train loss 2.0444, val loss 2.2112
model:LGT728D iter 22500: loss 2.5073, time 13736.47ms, mfu 6.84%
model:LGT728D iter 22510: loss 2.0387, time 813.13ms, mfu 7.00%
model:LGT728D iter 22520: loss 1.9381, time 768.81ms, mfu 7.20%
model:LGT728D iter 22530: loss 2.1732, time 772.34ms, mfu 7.37%
model:LGT728D iter 22540: loss 2.3679, time 753.50ms, mfu 7.55%
-----------average decoder density 0.0000
step 22550: train loss 2.0451, val loss 2.1978
model:LGT728D iter 22550: loss 2.0460, time 11576.20ms, mfu 6.85%
model:LGT728D iter 22560: loss 2.1121, time 753.25ms, mfu 7.08%
model:LGT728D iter 22570: loss 2.1248, time 753.30ms, mfu 7.29%
model:LGT728D iter 22580: loss 2.1954, time 753.43ms, mfu 7.48%
model:LGT728D iter 22590: loss 1.9229, time 753.18ms, mfu 7.64%
-----------average decoder density 0.0000
step 22600: train loss 2.0590, val loss 2.2033
model:LGT728D iter 22600: loss 2.1164, time 11525.61ms, mfu 6.94%
model:LGT728D iter 22610: loss 1.8003, time 772.97ms, mfu 7.14%
model:LGT728D iter 22620: loss 2.0549, time 754.28ms, mfu 7.34%
model:LGT728D iter 22630: loss 2.1477, time 754.57ms, mfu 7.52%
model:LGT728D iter 22640: loss 2.0806, time 754.30ms, mfu 7.68%
-----------average decoder density 0.0000
step 22650: train loss 2.0670, val loss 2.2147
model:LGT728D iter 22650: loss 2.0440, time 12550.35ms, mfu 6.97%
model:LGT728D iter 22660: loss 2.0811, time 753.95ms, mfu 7.18%
model:LGT728D iter 22670: loss 2.1198, time 758.86ms, mfu 7.37%
model:LGT728D iter 22680: loss 2.1880, time 772.73ms, mfu 7.53%
model:LGT728D iter 22690: loss 1.8356, time 776.03ms, mfu 7.66%
-----------average decoder density 0.0000
step 22700: train loss 2.0193, val loss 2.1910
model:LGT728D iter 22700: loss 1.9374, time 12938.25ms, mfu 6.95%
model:LGT728D iter 22710: loss 1.7865, time 755.46ms, mfu 7.17%
model:LGT728D iter 22720: loss 1.9412, time 862.34ms, mfu 7.25%
model:LGT728D iter 22730: loss 1.8934, time 813.21ms, mfu 7.37%
model:LGT728D iter 22740: loss 1.8558, time 973.51ms, mfu 7.34%
-----------average decoder density 0.0000
step 22750: train loss 2.0336, val loss 2.1824
saving checkpoint to out-novel-char3_LGT728D_3d25ede0cfd080d9e35756b051dcef65
model:LGT728D iter 22750: loss 2.1397, time 14906.88ms, mfu 6.66%
model:LGT728D iter 22760: loss 1.7245, time 773.42ms, mfu 6.88%
model:LGT728D iter 22770: loss 2.2695, time 765.65ms, mfu 7.09%
model:LGT728D iter 22780: loss 1.9867, time 753.20ms, mfu 7.30%
model:LGT728D iter 22790: loss 2.0979, time 753.56ms, mfu 7.48%
-----------average decoder density 0.0000
step 22800: train loss 2.0592, val loss 2.1886
model:LGT728D iter 22800: loss 1.9858, time 12772.95ms, mfu 6.79%
model:LGT728D iter 22810: loss 1.6773, time 838.70ms, mfu 6.93%
model:LGT728D iter 22820: loss 1.7288, time 760.85ms, mfu 7.15%
model:LGT728D iter 22830: loss 1.8839, time 828.85ms, mfu 7.26%
model:LGT728D iter 22840: loss 2.2109, time 759.19ms, mfu 7.44%
-----------average decoder density 0.0000
step 22850: train loss 2.0489, val loss 2.1867
model:LGT728D iter 22850: loss 2.0935, time 13228.73ms, mfu 6.75%
model:LGT728D iter 22860: loss 2.0748, time 830.86ms, mfu 6.91%
model:LGT728D iter 22870: loss 1.9959, time 843.45ms, mfu 7.03%
model:LGT728D iter 22880: loss 1.8555, time 826.21ms, mfu 7.16%
model:LGT728D iter 22890: loss 2.0184, time 802.04ms, mfu 7.31%
-----------average decoder density 0.0000
step 22900: train loss 2.0236, val loss 2.2150
model:LGT728D iter 22900: loss 2.1641, time 13422.63ms, mfu 6.63%
model:LGT728D iter 22910: loss 1.7119, time 828.42ms, mfu 6.80%
model:LGT728D iter 22920: loss 1.9732, time 829.56ms, mfu 6.95%
model:LGT728D iter 22930: loss 1.9176, time 774.05ms, mfu 7.14%
model:LGT728D iter 22940: loss 1.9800, time 772.45ms, mfu 7.32%
-----------average decoder density 0.0000
step 22950: train loss 2.0441, val loss 2.1828
model:LGT728D iter 22950: loss 2.1254, time 11625.51ms, mfu 6.65%
model:LGT728D iter 22960: loss 2.2071, time 753.20ms, mfu 6.90%
model:LGT728D iter 22970: loss 2.1971, time 753.14ms, mfu 7.12%
model:LGT728D iter 22980: loss 2.2516, time 753.30ms, mfu 7.33%
model:LGT728D iter 22990: loss 2.3104, time 753.24ms, mfu 7.51%
-----------average decoder density 0.0000
step 23000: train loss 2.0344, val loss 2.1807
saving checkpoint to out-novel-char3_LGT728D_3d25ede0cfd080d9e35756b051dcef65
model:LGT728D iter 23000: loss 2.0675, time 12583.14ms, mfu 6.81%
model:LGT728D iter 23010: loss 1.9556, time 754.78ms, mfu 7.05%
model:LGT728D iter 23020: loss 2.0672, time 760.06ms, mfu 7.25%
model:LGT728D iter 23030: loss 1.9342, time 831.85ms, mfu 7.35%
model:LGT728D iter 23040: loss 2.2314, time 830.19ms, mfu 7.45%
-----------average decoder density 0.0000
step 23050: train loss 2.0373, val loss 2.1848
model:LGT728D iter 23050: loss 2.0513, time 13038.66ms, mfu 6.76%
model:LGT728D iter 23060: loss 2.2853, time 783.52ms, mfu 6.96%
model:LGT728D iter 23070: loss 2.3034, time 859.73ms, mfu 7.07%
model:LGT728D iter 23080: loss 2.2100, time 754.36ms, mfu 7.27%
model:LGT728D iter 23090: loss 1.8380, time 774.30ms, mfu 7.44%
-----------average decoder density 0.0000
step 23100: train loss 2.0435, val loss 2.2091
model:LGT728D iter 23100: loss 1.9137, time 12726.34ms, mfu 6.75%
model:LGT728D iter 23110: loss 2.4114, time 759.70ms, mfu 6.98%
model:LGT728D iter 23120: loss 1.6445, time 768.93ms, mfu 7.18%
model:LGT728D iter 23130: loss 2.0700, time 754.51ms, mfu 7.37%
model:LGT728D iter 23140: loss 2.0758, time 780.62ms, mfu 7.52%
-----------average decoder density 0.0000
step 23150: train loss 2.0261, val loss 2.1718
saving checkpoint to out-novel-char3_LGT728D_3d25ede0cfd080d9e35756b051dcef65
model:LGT728D iter 23150: loss 2.0447, time 14077.17ms, mfu 6.82%
model:LGT728D iter 23160: loss 1.8412, time 804.50ms, mfu 6.99%
model:LGT728D iter 23170: loss 1.7698, time 754.77ms, mfu 7.21%
model:LGT728D iter 23180: loss 2.0372, time 754.06ms, mfu 7.40%
model:LGT728D iter 23190: loss 2.0122, time 777.83ms, mfu 7.55%
-----------average decoder density 0.0000
step 23200: train loss 2.0249, val loss 2.2023
model:LGT728D iter 23200: loss 1.9222, time 13227.47ms, mfu 6.84%
model:LGT728D iter 23210: loss 2.2182, time 754.92ms, mfu 7.07%
model:LGT728D iter 23220: loss 1.9968, time 766.31ms, mfu 7.26%
model:LGT728D iter 23230: loss 1.7423, time 773.42ms, mfu 7.43%
model:LGT728D iter 23240: loss 2.1740, time 784.91ms, mfu 7.56%
-----------average decoder density 0.0000
step 23250: train loss 2.0303, val loss 2.1806
model:LGT728D iter 23250: loss 2.2283, time 12783.12ms, mfu 6.86%
model:LGT728D iter 23260: loss 2.2153, time 826.41ms, mfu 7.01%
model:LGT728D iter 23270: loss 1.9146, time 754.19ms, mfu 7.22%
model:LGT728D iter 23280: loss 1.7583, time 753.92ms, mfu 7.41%
model:LGT728D iter 23290: loss 1.8929, time 814.85ms, mfu 7.52%
-----------average decoder density 0.0000
step 23300: train loss 2.0188, val loss 2.1856
model:LGT728D iter 23300: loss 2.2248, time 12659.26ms, mfu 6.82%
model:LGT728D iter 23310: loss 2.3031, time 754.08ms, mfu 7.05%
model:LGT728D iter 23320: loss 2.2004, time 827.39ms, mfu 7.18%
model:LGT728D iter 23330: loss 2.2018, time 844.51ms, mfu 7.28%
model:LGT728D iter 23340: loss 2.0199, time 754.20ms, mfu 7.47%
-----------average decoder density 0.0000
step 23350: train loss 1.9954, val loss 2.1820
model:LGT728D iter 23350: loss 2.1847, time 12592.51ms, mfu 6.77%
model:LGT728D iter 23360: loss 2.0648, time 754.29ms, mfu 7.01%
model:LGT728D iter 23370: loss 1.9640, time 754.15ms, mfu 7.22%
model:LGT728D iter 23380: loss 2.0600, time 753.98ms, mfu 7.42%
model:LGT728D iter 23390: loss 2.2399, time 754.21ms, mfu 7.59%
-----------average decoder density 0.0000
step 23400: train loss 2.0233, val loss 2.1876
model:LGT728D iter 23400: loss 1.6632, time 11545.57ms, mfu 6.89%
model:LGT728D iter 23410: loss 2.2517, time 753.91ms, mfu 7.11%
model:LGT728D iter 23420: loss 2.1718, time 754.02ms, mfu 7.32%
model:LGT728D iter 23430: loss 2.1301, time 833.02ms, mfu 7.41%
model:LGT728D iter 23440: loss 2.0853, time 754.64ms, mfu 7.58%
-----------average decoder density 0.0000
step 23450: train loss 2.0628, val loss 2.1849
model:LGT728D iter 23450: loss 1.6595, time 12483.54ms, mfu 6.88%
model:LGT728D iter 23460: loss 2.0034, time 869.82ms, mfu 6.99%
model:LGT728D iter 23470: loss 1.6969, time 827.17ms, mfu 7.12%
model:LGT728D iter 23480: loss 1.8386, time 828.15ms, mfu 7.24%
model:LGT728D iter 23490: loss 2.1116, time 830.42ms, mfu 7.35%
-----------average decoder density 0.0000
step 23500: train loss 2.0176, val loss 2.1747
model:LGT728D iter 23500: loss 2.1562, time 14705.87ms, mfu 6.66%
model:LGT728D iter 23510: loss 2.0666, time 829.59ms, mfu 6.82%
model:LGT728D iter 23520: loss 2.1510, time 822.45ms, mfu 6.98%
model:LGT728D iter 23530: loss 1.9287, time 829.92ms, mfu 7.11%
model:LGT728D iter 23540: loss 2.2600, time 830.98ms, mfu 7.23%
-----------average decoder density 0.0000
step 23550: train loss 2.0170, val loss 2.1800
model:LGT728D iter 23550: loss 1.8645, time 15041.28ms, mfu 6.55%
model:LGT728D iter 23560: loss 2.3309, time 785.32ms, mfu 6.78%
model:LGT728D iter 23570: loss 1.9826, time 866.77ms, mfu 6.89%
model:LGT728D iter 23580: loss 2.1689, time 767.45ms, mfu 7.10%
model:LGT728D iter 23590: loss 1.7299, time 757.60ms, mfu 7.30%
-----------average decoder density 0.0000
step 23600: train loss 2.0047, val loss 2.1776
model:LGT728D iter 23600: loss 2.2232, time 12575.35ms, mfu 6.63%
model:LGT728D iter 23610: loss 1.9633, time 754.35ms, mfu 6.88%
model:LGT728D iter 23620: loss 2.0407, time 802.63ms, mfu 7.05%
model:LGT728D iter 23630: loss 1.8708, time 779.17ms, mfu 7.23%
model:LGT728D iter 23640: loss 2.1088, time 758.45ms, mfu 7.41%
-----------average decoder density 0.0000
step 23650: train loss 2.0355, val loss 2.1818
model:LGT728D iter 23650: loss 2.1985, time 12538.28ms, mfu 6.73%
model:LGT728D iter 23660: loss 2.2219, time 834.94ms, mfu 6.88%
model:LGT728D iter 23670: loss 2.0480, time 759.27ms, mfu 7.10%
model:LGT728D iter 23680: loss 2.2404, time 771.84ms, mfu 7.28%
model:LGT728D iter 23690: loss 2.2784, time 785.97ms, mfu 7.43%
-----------average decoder density 0.0000
step 23700: train loss 2.0232, val loss 2.1838
model:LGT728D iter 23700: loss 1.9932, time 12987.80ms, mfu 6.74%
model:LGT728D iter 23710: loss 1.9722, time 753.81ms, mfu 6.98%
model:LGT728D iter 23720: loss 1.7188, time 839.74ms, mfu 7.11%
model:LGT728D iter 23730: loss 1.7116, time 754.72ms, mfu 7.31%
model:LGT728D iter 23740: loss 2.0960, time 769.72ms, mfu 7.47%
-----------average decoder density 0.0000
step 23750: train loss 2.0208, val loss 2.1772
model:LGT728D iter 23750: loss 1.6974, time 12724.63ms, mfu 6.78%
model:LGT728D iter 23760: loss 1.8452, time 754.55ms, mfu 7.02%
model:LGT728D iter 23770: loss 2.0275, time 754.39ms, mfu 7.23%
model:LGT728D iter 23780: loss 1.8373, time 754.38ms, mfu 7.42%
model:LGT728D iter 23790: loss 2.1119, time 754.18ms, mfu 7.59%
-----------average decoder density 0.0000
step 23800: train loss 2.0239, val loss 2.1691
saving checkpoint to out-novel-char3_LGT728D_3d25ede0cfd080d9e35756b051dcef65
model:LGT728D iter 23800: loss 1.8271, time 12764.25ms, mfu 6.89%
model:LGT728D iter 23810: loss 1.9167, time 754.15ms, mfu 7.11%
model:LGT728D iter 23820: loss 2.0106, time 754.12ms, mfu 7.31%
model:LGT728D iter 23830: loss 2.4122, time 754.20ms, mfu 7.50%
model:LGT728D iter 23840: loss 2.2352, time 754.29ms, mfu 7.66%
-----------average decoder density 0.0000
step 23850: train loss 2.0308, val loss 2.1847
model:LGT728D iter 23850: loss 1.9899, time 12833.04ms, mfu 6.95%
model:LGT728D iter 23860: loss 2.0140, time 755.10ms, mfu 7.17%
model:LGT728D iter 23870: loss 2.1247, time 754.21ms, mfu 7.36%
model:LGT728D iter 23880: loss 1.9892, time 754.48ms, mfu 7.54%
model:LGT728D iter 23890: loss 2.1802, time 820.70ms, mfu 7.63%
-----------average decoder density 0.0000
step 23900: train loss 2.0404, val loss 2.1848
model:LGT728D iter 23900: loss 2.1202, time 13405.16ms, mfu 6.92%
model:LGT728D iter 23910: loss 2.3818, time 872.74ms, mfu 7.01%
model:LGT728D iter 23920: loss 1.9940, time 773.04ms, mfu 7.20%
model:LGT728D iter 23930: loss 1.8628, time 833.61ms, mfu 7.31%
model:LGT728D iter 23940: loss 1.9638, time 835.13ms, mfu 7.41%
-----------average decoder density 0.0000
step 23950: train loss 2.0260, val loss 2.1824
model:LGT728D iter 23950: loss 2.2563, time 13052.82ms, mfu 6.72%
model:LGT728D iter 23960: loss 1.7631, time 816.61ms, mfu 6.89%
model:LGT728D iter 23970: loss 1.9635, time 754.04ms, mfu 7.12%
model:LGT728D iter 23980: loss 2.1108, time 788.19ms, mfu 7.28%
model:LGT728D iter 23990: loss 2.0428, time 812.19ms, mfu 7.40%
-----------average decoder density 0.0000
step 24000: train loss 2.0287, val loss 2.1632
saving checkpoint to out-novel-char3_LGT728D_3d25ede0cfd080d9e35756b051dcef65
model:LGT728D iter 24000: loss 2.0101, time 14538.49ms, mfu 6.71%
model:LGT728D iter 24010: loss 2.2035, time 831.74ms, mfu 6.86%
model:LGT728D iter 24020: loss 1.8989, time 829.85ms, mfu 7.01%
model:LGT728D iter 24030: loss 2.2251, time 827.68ms, mfu 7.14%
model:LGT728D iter 24040: loss 1.7109, time 829.54ms, mfu 7.26%
-----------average decoder density 0.0000
step 24050: train loss 2.0022, val loss 2.1851
model:LGT728D iter 24050: loss 2.0955, time 14187.52ms, mfu 6.58%
model:LGT728D iter 24060: loss 2.1094, time 830.27ms, mfu 6.75%
model:LGT728D iter 24070: loss 1.9716, time 831.51ms, mfu 6.91%
model:LGT728D iter 24080: loss 2.0844, time 830.04ms, mfu 7.05%
model:LGT728D iter 24090: loss 2.0913, time 773.53ms, mfu 7.23%
-----------average decoder density 0.0000
step 24100: train loss 2.0382, val loss 2.1744
model:LGT728D iter 24100: loss 1.6195, time 14719.43ms, mfu 6.56%
model:LGT728D iter 24110: loss 2.1690, time 845.94ms, mfu 6.72%
model:LGT728D iter 24120: loss 1.9863, time 832.86ms, mfu 6.87%
model:LGT728D iter 24130: loss 2.0986, time 833.78ms, mfu 7.01%
model:LGT728D iter 24140: loss 2.1059, time 757.37ms, mfu 7.22%
-----------average decoder density 0.0000
step 24150: train loss 2.0129, val loss 2.1776
model:LGT728D iter 24150: loss 2.2783, time 13108.24ms, mfu 6.55%
model:LGT728D iter 24160: loss 2.0885, time 754.25ms, mfu 6.81%
model:LGT728D iter 24170: loss 2.1991, time 754.07ms, mfu 7.04%
model:LGT728D iter 24180: loss 1.8248, time 754.45ms, mfu 7.25%
model:LGT728D iter 24190: loss 2.1376, time 754.31ms, mfu 7.44%
-----------average decoder density 0.0000
step 24200: train loss 2.0052, val loss 2.1699
model:LGT728D iter 24200: loss 2.1385, time 11552.85ms, mfu 6.76%
model:LGT728D iter 24210: loss 1.7963, time 753.94ms, mfu 7.00%
model:LGT728D iter 24220: loss 1.9345, time 754.00ms, mfu 7.21%
model:LGT728D iter 24230: loss 2.1895, time 753.92ms, mfu 7.40%
model:LGT728D iter 24240: loss 2.0238, time 770.08ms, mfu 7.56%
-----------average decoder density 0.0000
step 24250: train loss 2.0124, val loss 2.1584
saving checkpoint to out-novel-char3_LGT728D_3d25ede0cfd080d9e35756b051dcef65
model:LGT728D iter 24250: loss 1.6838, time 14158.22ms, mfu 6.85%
model:LGT728D iter 24260: loss 2.2140, time 885.11ms, mfu 6.94%
model:LGT728D iter 24270: loss 2.2264, time 760.02ms, mfu 7.16%
model:LGT728D iter 24280: loss 1.8457, time 827.19ms, mfu 7.27%
model:LGT728D iter 24290: loss 2.0199, time 868.81ms, mfu 7.34%
-----------average decoder density 0.0000
step 24300: train loss 2.0172, val loss 2.1515
saving checkpoint to out-novel-char3_LGT728D_3d25ede0cfd080d9e35756b051dcef65
model:LGT728D iter 24300: loss 2.0765, time 15251.65ms, mfu 6.65%
model:LGT728D iter 24310: loss 1.9008, time 758.54ms, mfu 6.90%
model:LGT728D iter 24320: loss 1.9478, time 830.78ms, mfu 7.04%
model:LGT728D iter 24330: loss 1.9939, time 768.97ms, mfu 7.23%
model:LGT728D iter 24340: loss 1.6615, time 764.12ms, mfu 7.41%
-----------average decoder density 0.0000
step 24350: train loss 2.0213, val loss 2.1523
model:LGT728D iter 24350: loss 1.9208, time 13847.07ms, mfu 6.72%
model:LGT728D iter 24360: loss 2.0432, time 804.92ms, mfu 6.90%
model:LGT728D iter 24370: loss 1.9075, time 761.26ms, mfu 7.12%
model:LGT728D iter 24380: loss 2.1181, time 777.36ms, mfu 7.29%
model:LGT728D iter 24390: loss 1.5887, time 926.15ms, mfu 7.31%
-----------average decoder density 0.0000
step 24400: train loss 2.0217, val loss 2.1429
saving checkpoint to out-novel-char3_LGT728D_3d25ede0cfd080d9e35756b051dcef65
model:LGT728D iter 24400: loss 1.7873, time 15313.89ms, mfu 6.62%
model:LGT728D iter 24410: loss 2.0002, time 753.72ms, mfu 6.87%
model:LGT728D iter 24420: loss 2.1461, time 772.05ms, mfu 7.08%
model:LGT728D iter 24430: loss 2.0910, time 771.73ms, mfu 7.26%
model:LGT728D iter 24440: loss 2.1405, time 754.86ms, mfu 7.45%
-----------average decoder density 0.0000
step 24450: train loss 1.9968, val loss 2.1703
model:LGT728D iter 24450: loss 2.1219, time 12805.04ms, mfu 6.76%
model:LGT728D iter 24460: loss 1.7754, time 753.32ms, mfu 7.00%
model:LGT728D iter 24470: loss 2.0559, time 827.10ms, mfu 7.13%
model:LGT728D iter 24480: loss 2.0956, time 846.56ms, mfu 7.23%
model:LGT728D iter 24490: loss 1.9140, time 754.51ms, mfu 7.42%
-----------average decoder density 0.0000
step 24500: train loss 2.0128, val loss 2.1414
saving checkpoint to out-novel-char3_LGT728D_3d25ede0cfd080d9e35756b051dcef65
model:LGT728D iter 24500: loss 1.6762, time 15295.23ms, mfu 6.73%
model:LGT728D iter 24510: loss 2.0967, time 767.18ms, mfu 6.95%
model:LGT728D iter 24520: loss 2.1406, time 756.46ms, mfu 7.17%
model:LGT728D iter 24530: loss 2.3228, time 772.16ms, mfu 7.34%
model:LGT728D iter 24540: loss 2.0609, time 772.21ms, mfu 7.50%
-----------average decoder density 0.0000
step 24550: train loss 1.9972, val loss 2.1603
model:LGT728D iter 24550: loss 2.1429, time 14796.58ms, mfu 6.80%
model:LGT728D iter 24560: loss 1.7072, time 753.66ms, mfu 7.03%
model:LGT728D iter 24570: loss 2.1332, time 753.75ms, mfu 7.24%
model:LGT728D iter 24580: loss 1.3486, time 753.62ms, mfu 7.44%
model:LGT728D iter 24590: loss 2.0076, time 753.70ms, mfu 7.61%
-----------average decoder density 0.0000
step 24600: train loss 2.0183, val loss 2.1456
model:LGT728D iter 24600: loss 2.0234, time 11547.88ms, mfu 6.91%
model:LGT728D iter 24610: loss 1.9014, time 753.69ms, mfu 7.13%
model:LGT728D iter 24620: loss 2.0432, time 753.65ms, mfu 7.33%
model:LGT728D iter 24630: loss 2.1712, time 770.94ms, mfu 7.49%
model:LGT728D iter 24640: loss 1.8685, time 773.27ms, mfu 7.63%
-----------average decoder density 0.0000
step 24650: train loss 2.0314, val loss 2.1766
model:LGT728D iter 24650: loss 1.9169, time 13594.27ms, mfu 6.92%
model:LGT728D iter 24660: loss 2.0621, time 755.99ms, mfu 7.14%
model:LGT728D iter 24670: loss 2.0899, time 753.49ms, mfu 7.34%
model:LGT728D iter 24680: loss 2.2385, time 786.81ms, mfu 7.48%
model:LGT728D iter 24690: loss 2.3604, time 819.47ms, mfu 7.58%
-----------average decoder density 0.0000
step 24700: train loss 2.0044, val loss 2.1686
model:LGT728D iter 24700: loss 2.0836, time 13639.21ms, mfu 6.87%
model:LGT728D iter 24710: loss 2.1265, time 770.75ms, mfu 7.08%
model:LGT728D iter 24720: loss 2.0065, time 772.35ms, mfu 7.26%
model:LGT728D iter 24730: loss 1.9692, time 753.65ms, mfu 7.45%
model:LGT728D iter 24740: loss 2.1973, time 777.34ms, mfu 7.59%
-----------average decoder density 0.0000
step 24750: train loss 2.0225, val loss 2.1497
model:LGT728D iter 24750: loss 1.8828, time 13471.07ms, mfu 6.88%
model:LGT728D iter 24760: loss 1.7031, time 753.70ms, mfu 7.11%
model:LGT728D iter 24770: loss 2.0509, time 753.66ms, mfu 7.31%
model:LGT728D iter 24780: loss 1.9635, time 758.75ms, mfu 7.49%
model:LGT728D iter 24790: loss 1.8707, time 755.21ms, mfu 7.65%
-----------average decoder density 0.0000
step 24800: train loss 2.0202, val loss 2.1725
model:LGT728D iter 24800: loss 1.8067, time 12734.89ms, mfu 6.94%
model:LGT728D iter 24810: loss 1.9928, time 753.44ms, mfu 7.16%
model:LGT728D iter 24820: loss 2.2612, time 821.75ms, mfu 7.29%
model:LGT728D iter 24830: loss 1.7478, time 834.88ms, mfu 7.38%
model:LGT728D iter 24840: loss 1.9379, time 754.16ms, mfu 7.56%
-----------average decoder density 0.0000
step 24850: train loss 2.0010, val loss 2.1666
model:LGT728D iter 24850: loss 1.9775, time 13189.95ms, mfu 6.86%
model:LGT728D iter 24860: loss 1.9756, time 756.23ms, mfu 7.08%
model:LGT728D iter 24870: loss 2.5799, time 775.65ms, mfu 7.26%
model:LGT728D iter 24880: loss 2.0176, time 762.53ms, mfu 7.44%
model:LGT728D iter 24890: loss 1.9847, time 769.39ms, mfu 7.59%
-----------average decoder density 0.0000
step 24900: train loss 2.0057, val loss 2.1875
model:LGT728D iter 24900: loss 2.2257, time 13293.26ms, mfu 6.88%
model:LGT728D iter 24910: loss 2.1750, time 771.99ms, mfu 7.09%
model:LGT728D iter 24920: loss 1.9831, time 780.64ms, mfu 7.26%
model:LGT728D iter 24930: loss 2.0428, time 753.52ms, mfu 7.45%
model:LGT728D iter 24940: loss 1.9325, time 753.76ms, mfu 7.62%
-----------average decoder density 0.0000
step 24950: train loss 2.0084, val loss 2.1621
model:LGT728D iter 24950: loss 2.2865, time 14609.22ms, mfu 6.91%
model:LGT728D iter 24960: loss 2.0977, time 754.36ms, mfu 7.13%
model:LGT728D iter 24970: loss 1.7726, time 753.92ms, mfu 7.33%
model:LGT728D iter 24980: loss 2.3388, time 753.75ms, mfu 7.51%
model:LGT728D iter 24990: loss 2.0035, time 753.40ms, mfu 7.68%
-----------average decoder density 0.0000
step 25000: train loss 1.9909, val loss 2.1454
model:LGT728D iter 25000: loss 2.4302, time 11545.95ms, mfu 6.97%
model:LGT728D iter 25010: loss 2.2458, time 753.31ms, mfu 7.19%
model:LGT728D iter 25020: loss 1.9475, time 753.34ms, mfu 7.38%
model:LGT728D iter 25030: loss 2.0557, time 753.40ms, mfu 7.56%
model:LGT728D iter 25040: loss 1.8314, time 753.43ms, mfu 7.72%
-----------average decoder density 0.0000
step 25050: train loss 2.0107, val loss 2.1689
model:LGT728D iter 25050: loss 2.1097, time 13677.77ms, mfu 7.00%
model:LGT728D iter 25060: loss 2.2308, time 757.77ms, mfu 7.21%
model:LGT728D iter 25070: loss 1.8817, time 778.86ms, mfu 7.37%
model:LGT728D iter 25080: loss 2.0729, time 823.81ms, mfu 7.47%
model:LGT728D iter 25090: loss 2.2553, time 825.92ms, mfu 7.56%
-----------average decoder density 0.0000
step 25100: train loss 2.0193, val loss 2.1541
model:LGT728D iter 25100: loss 1.9806, time 13675.69ms, mfu 6.85%
model:LGT728D iter 25110: loss 1.8476, time 830.58ms, mfu 7.00%
model:LGT728D iter 25120: loss 1.9012, time 848.56ms, mfu 7.11%
model:LGT728D iter 25130: loss 2.1875, time 832.17ms, mfu 7.23%
model:LGT728D iter 25140: loss 2.1041, time 765.81ms, mfu 7.40%
-----------average decoder density 0.0000
step 25150: train loss 1.9956, val loss 2.1617
model:LGT728D iter 25150: loss 2.1484, time 13507.01ms, mfu 6.72%
model:LGT728D iter 25160: loss 1.8297, time 754.00ms, mfu 6.96%
model:LGT728D iter 25170: loss 1.9542, time 754.18ms, mfu 7.18%
model:LGT728D iter 25180: loss 1.9211, time 753.81ms, mfu 7.37%
model:LGT728D iter 25190: loss 2.0530, time 828.35ms, mfu 7.47%
-----------average decoder density 0.0000
step 25200: train loss 2.0143, val loss 2.2002
model:LGT728D iter 25200: loss 2.0578, time 13447.19ms, mfu 6.77%
model:LGT728D iter 25210: loss 1.9303, time 754.93ms, mfu 7.01%
model:LGT728D iter 25220: loss 2.1476, time 762.18ms, mfu 7.21%
model:LGT728D iter 25230: loss 1.7557, time 758.68ms, mfu 7.40%
model:LGT728D iter 25240: loss 2.2132, time 768.69ms, mfu 7.56%
-----------average decoder density 0.0000
step 25250: train loss 1.9547, val loss 2.1576
model:LGT728D iter 25250: loss 1.8662, time 13903.07ms, mfu 6.85%
model:LGT728D iter 25260: loss 1.8577, time 753.38ms, mfu 7.08%
model:LGT728D iter 25270: loss 1.9939, time 753.80ms, mfu 7.29%
model:LGT728D iter 25280: loss 2.3307, time 753.69ms, mfu 7.47%
model:LGT728D iter 25290: loss 2.3539, time 767.44ms, mfu 7.62%
-----------average decoder density 0.0000
step 25300: train loss 1.9853, val loss 2.1586
model:LGT728D iter 25300: loss 2.2049, time 12612.26ms, mfu 6.92%
model:LGT728D iter 25310: loss 1.8947, time 754.61ms, mfu 7.14%
model:LGT728D iter 25320: loss 2.4017, time 815.92ms, mfu 7.27%
model:LGT728D iter 25330: loss 2.0303, time 769.03ms, mfu 7.44%
model:LGT728D iter 25340: loss 1.8930, time 753.48ms, mfu 7.61%
-----------average decoder density 0.0000
step 25350: train loss 1.9913, val loss 2.1578
model:LGT728D iter 25350: loss 2.0698, time 12980.12ms, mfu 6.90%
model:LGT728D iter 25360: loss 1.9044, time 753.32ms, mfu 7.13%
model:LGT728D iter 25370: loss 1.9476, time 753.43ms, mfu 7.33%
model:LGT728D iter 25380: loss 2.0939, time 753.57ms, mfu 7.51%
model:LGT728D iter 25390: loss 1.8599, time 753.46ms, mfu 7.67%
-----------average decoder density 0.0000
step 25400: train loss 2.0024, val loss 2.1577
model:LGT728D iter 25400: loss 2.0214, time 11595.56ms, mfu 6.97%
model:LGT728D iter 25410: loss 1.9815, time 753.43ms, mfu 7.18%
model:LGT728D iter 25420: loss 2.1000, time 753.40ms, mfu 7.38%
model:LGT728D iter 25430: loss 2.1590, time 753.39ms, mfu 7.56%
model:LGT728D iter 25440: loss 1.8805, time 753.62ms, mfu 7.72%
-----------average decoder density 0.0000
step 25450: train loss 2.0119, val loss 2.1461
model:LGT728D iter 25450: loss 2.1659, time 12160.61ms, mfu 7.00%
model:LGT728D iter 25460: loss 1.9681, time 829.20ms, mfu 7.13%
model:LGT728D iter 25470: loss 2.1851, time 828.67ms, mfu 7.25%
model:LGT728D iter 25480: loss 2.1346, time 827.82ms, mfu 7.36%
model:LGT728D iter 25490: loss 1.9254, time 752.87ms, mfu 7.54%
-----------average decoder density 0.0000
step 25500: train loss 1.9839, val loss 2.1662
model:LGT728D iter 25500: loss 2.0645, time 12825.61ms, mfu 6.84%
model:LGT728D iter 25510: loss 2.1509, time 777.86ms, mfu 7.04%
model:LGT728D iter 25520: loss 1.7423, time 753.42ms, mfu 7.25%
model:LGT728D iter 25530: loss 2.1212, time 765.37ms, mfu 7.43%
model:LGT728D iter 25540: loss 2.0004, time 760.27ms, mfu 7.59%
-----------average decoder density 0.0000
step 25550: train loss 1.9876, val loss 2.1615
model:LGT728D iter 25550: loss 1.6798, time 12526.88ms, mfu 6.89%
model:LGT728D iter 25560: loss 2.0680, time 753.82ms, mfu 7.11%
model:LGT728D iter 25570: loss 1.9241, time 779.33ms, mfu 7.29%
model:LGT728D iter 25580: loss 1.9577, time 767.93ms, mfu 7.46%
model:LGT728D iter 25590: loss 1.7183, time 827.37ms, mfu 7.54%
-----------average decoder density 0.0000
step 25600: train loss 1.9708, val loss 2.1835
model:LGT728D iter 25600: loss 1.8545, time 12634.47ms, mfu 6.84%
model:LGT728D iter 25610: loss 2.2829, time 794.01ms, mfu 7.03%
model:LGT728D iter 25620: loss 1.9545, time 754.31ms, mfu 7.24%
model:LGT728D iter 25630: loss 2.1191, time 753.47ms, mfu 7.43%
model:LGT728D iter 25640: loss 2.2415, time 753.55ms, mfu 7.60%
-----------average decoder density 0.0000
step 25650: train loss 1.9856, val loss 2.1653
model:LGT728D iter 25650: loss 2.0796, time 14408.16ms, mfu 6.89%
model:LGT728D iter 25660: loss 2.1814, time 753.44ms, mfu 7.11%
model:LGT728D iter 25670: loss 2.1871, time 753.97ms, mfu 7.32%
model:LGT728D iter 25680: loss 1.8746, time 753.65ms, mfu 7.50%
model:LGT728D iter 25690: loss 1.7096, time 753.92ms, mfu 7.66%
-----------average decoder density 0.0000
step 25700: train loss 2.0058, val loss 2.1543
model:LGT728D iter 25700: loss 1.7673, time 12768.92ms, mfu 6.95%
model:LGT728D iter 25710: loss 1.8767, time 830.11ms, mfu 7.09%
model:LGT728D iter 25720: loss 2.0646, time 753.50ms, mfu 7.29%
model:LGT728D iter 25730: loss 1.9670, time 754.15ms, mfu 7.48%
model:LGT728D iter 25740: loss 1.9805, time 773.52ms, mfu 7.62%
-----------average decoder density 0.0000
step 25750: train loss 2.0031, val loss 2.1650
model:LGT728D iter 25750: loss 1.7474, time 13977.77ms, mfu 6.91%
model:LGT728D iter 25760: loss 2.0166, time 753.67ms, mfu 7.13%
model:LGT728D iter 25770: loss 2.0329, time 831.85ms, mfu 7.25%
model:LGT728D iter 25780: loss 1.8999, time 758.40ms, mfu 7.43%
model:LGT728D iter 25790: loss 2.0544, time 753.42ms, mfu 7.60%
-----------average decoder density 0.0000
step 25800: train loss 1.9889, val loss 2.1612
model:LGT728D iter 25800: loss 2.1066, time 11587.88ms, mfu 6.90%
model:LGT728D iter 25810: loss 1.8235, time 753.38ms, mfu 7.13%
model:LGT728D iter 25820: loss 1.9829, time 753.80ms, mfu 7.33%
model:LGT728D iter 25830: loss 1.9634, time 753.49ms, mfu 7.51%
model:LGT728D iter 25840: loss 2.0267, time 753.21ms, mfu 7.68%
-----------average decoder density 0.0000
step 25850: train loss 1.9881, val loss 2.1744
model:LGT728D iter 25850: loss 1.9540, time 11521.53ms, mfu 6.97%
model:LGT728D iter 25860: loss 2.1444, time 753.72ms, mfu 7.19%
model:LGT728D iter 25870: loss 2.2677, time 753.48ms, mfu 7.38%
model:LGT728D iter 25880: loss 2.1121, time 754.73ms, mfu 7.56%
model:LGT728D iter 25890: loss 2.0187, time 757.37ms, mfu 7.71%
-----------average decoder density 0.0000
step 25900: train loss 1.9938, val loss 2.1633
model:LGT728D iter 25900: loss 1.6512, time 12663.05ms, mfu 6.99%
model:LGT728D iter 25910: loss 1.9387, time 770.88ms, mfu 7.19%
model:LGT728D iter 25920: loss 2.1086, time 769.50ms, mfu 7.37%
model:LGT728D iter 25930: loss 1.7892, time 754.49ms, mfu 7.54%
model:LGT728D iter 25940: loss 2.0545, time 753.84ms, mfu 7.70%
-----------average decoder density 0.0000
step 25950: train loss 1.9796, val loss 2.1555
model:LGT728D iter 25950: loss 1.8424, time 13720.01ms, mfu 6.98%
model:LGT728D iter 25960: loss 2.2220, time 832.59ms, mfu 7.11%
model:LGT728D iter 25970: loss 1.7375, time 829.60ms, mfu 7.23%
model:LGT728D iter 25980: loss 2.0168, time 831.06ms, mfu 7.34%
model:LGT728D iter 25990: loss 2.1216, time 830.68ms, mfu 7.43%
-----------average decoder density 0.0000
step 26000: train loss 1.9752, val loss 2.1558
model:LGT728D iter 26000: loss 2.0941, time 12926.55ms, mfu 6.74%
model:LGT728D iter 26010: loss 2.2591, time 829.51ms, mfu 6.90%
model:LGT728D iter 26020: loss 2.2348, time 782.82ms, mfu 7.09%
model:LGT728D iter 26030: loss 1.5509, time 829.78ms, mfu 7.21%
model:LGT728D iter 26040: loss 2.0389, time 807.42ms, mfu 7.35%
-----------average decoder density 0.0000
step 26050: train loss 2.0035, val loss 2.1585
model:LGT728D iter 26050: loss 2.0108, time 14489.54ms, mfu 6.66%
model:LGT728D iter 26060: loss 1.9707, time 832.42ms, mfu 6.82%
model:LGT728D iter 26070: loss 1.7051, time 783.19ms, mfu 7.02%
model:LGT728D iter 26080: loss 2.1798, time 753.59ms, mfu 7.23%
model:LGT728D iter 26090: loss 1.9817, time 773.63ms, mfu 7.40%
-----------average decoder density 0.0000
step 26100: train loss 1.9980, val loss 2.1688
model:LGT728D iter 26100: loss 1.8813, time 14768.89ms, mfu 6.71%
model:LGT728D iter 26110: loss 1.9432, time 774.45ms, mfu 6.93%
model:LGT728D iter 26120: loss 1.8538, time 769.63ms, mfu 7.13%
model:LGT728D iter 26130: loss 1.9615, time 773.33ms, mfu 7.31%
model:LGT728D iter 26140: loss 1.8922, time 768.59ms, mfu 7.47%
-----------average decoder density 0.0000
step 26150: train loss 1.9715, val loss 2.1451
model:LGT728D iter 26150: loss 1.8172, time 14702.88ms, mfu 6.77%
model:LGT728D iter 26160: loss 2.3116, time 833.32ms, mfu 6.92%
model:LGT728D iter 26170: loss 2.0872, time 832.72ms, mfu 7.06%
model:LGT728D iter 26180: loss 1.9636, time 832.82ms, mfu 7.18%
model:LGT728D iter 26190: loss 2.0410, time 832.66ms, mfu 7.29%
-----------average decoder density 0.0000
step 26200: train loss 2.0038, val loss 2.1314
saving checkpoint to out-novel-char3_LGT728D_3d25ede0cfd080d9e35756b051dcef65
model:LGT728D iter 26200: loss 2.0002, time 13422.20ms, mfu 6.61%
model:LGT728D iter 26210: loss 1.9031, time 753.48ms, mfu 6.87%
model:LGT728D iter 26220: loss 1.9826, time 753.70ms, mfu 7.09%
model:LGT728D iter 26230: loss 2.2382, time 753.60ms, mfu 7.30%
model:LGT728D iter 26240: loss 2.0785, time 753.53ms, mfu 7.48%
-----------average decoder density 0.0000
step 26250: train loss 1.9862, val loss 2.1324
model:LGT728D iter 26250: loss 2.1747, time 11527.86ms, mfu 6.80%
model:LGT728D iter 26260: loss 1.9510, time 753.28ms, mfu 7.03%
model:LGT728D iter 26270: loss 2.0652, time 753.70ms, mfu 7.24%
model:LGT728D iter 26280: loss 2.4523, time 753.49ms, mfu 7.43%
model:LGT728D iter 26290: loss 2.2807, time 755.59ms, mfu 7.60%
-----------average decoder density 0.0000
step 26300: train loss 1.9739, val loss 2.1363
model:LGT728D iter 26300: loss 2.1119, time 13431.66ms, mfu 6.89%
model:LGT728D iter 26310: loss 2.1123, time 825.28ms, mfu 7.04%
model:LGT728D iter 26320: loss 2.0824, time 763.53ms, mfu 7.24%
model:LGT728D iter 26330: loss 2.0485, time 757.56ms, mfu 7.42%
model:LGT728D iter 26340: loss 1.8815, time 753.41ms, mfu 7.60%
-----------average decoder density 0.0000
step 26350: train loss 1.9898, val loss 2.1611
model:LGT728D iter 26350: loss 1.9706, time 14716.23ms, mfu 6.88%
model:LGT728D iter 26360: loss 2.2090, time 832.01ms, mfu 7.02%
model:LGT728D iter 26370: loss 2.0809, time 809.98ms, mfu 7.17%
model:LGT728D iter 26380: loss 2.1979, time 831.60ms, mfu 7.28%
model:LGT728D iter 26390: loss 2.4115, time 804.74ms, mfu 7.41%
-----------average decoder density 0.0000
step 26400: train loss 1.9583, val loss 2.1666
model:LGT728D iter 26400: loss 1.9215, time 14128.28ms, mfu 6.72%
model:LGT728D iter 26410: loss 1.9283, time 827.37ms, mfu 6.88%
model:LGT728D iter 26420: loss 2.1410, time 769.88ms, mfu 7.09%
model:LGT728D iter 26430: loss 2.3454, time 753.62ms, mfu 7.29%
model:LGT728D iter 26440: loss 1.8241, time 754.95ms, mfu 7.48%
-----------average decoder density 0.0000
step 26450: train loss 1.9843, val loss 2.1321
model:LGT728D iter 26450: loss 2.0939, time 13209.42ms, mfu 6.78%
model:LGT728D iter 26460: loss 1.9833, time 758.50ms, mfu 7.01%
model:LGT728D iter 26470: loss 1.9106, time 764.28ms, mfu 7.21%
model:LGT728D iter 26480: loss 1.8756, time 834.02ms, mfu 7.32%
model:LGT728D iter 26490: loss 2.2419, time 791.05ms, mfu 7.46%
-----------average decoder density 0.0000
step 26500: train loss 1.9992, val loss 2.1301
saving checkpoint to out-novel-char3_LGT728D_3d25ede0cfd080d9e35756b051dcef65
model:LGT728D iter 26500: loss 1.9795, time 15323.96ms, mfu 6.76%
model:LGT728D iter 26510: loss 2.1838, time 835.02ms, mfu 6.91%
model:LGT728D iter 26520: loss 1.7896, time 831.53ms, mfu 7.05%
model:LGT728D iter 26530: loss 2.0602, time 753.98ms, mfu 7.26%
model:LGT728D iter 26540: loss 1.8406, time 753.82ms, mfu 7.44%
-----------average decoder density 0.0000
step 26550: train loss 1.9906, val loss 2.1217
saving checkpoint to out-novel-char3_LGT728D_3d25ede0cfd080d9e35756b051dcef65
model:LGT728D iter 26550: loss 2.0554, time 13990.25ms, mfu 6.75%
model:LGT728D iter 26560: loss 2.3417, time 753.22ms, mfu 6.99%
model:LGT728D iter 26570: loss 2.3350, time 754.24ms, mfu 7.20%
model:LGT728D iter 26580: loss 2.2697, time 776.01ms, mfu 7.37%
model:LGT728D iter 26590: loss 1.8656, time 774.78ms, mfu 7.52%
-----------average decoder density 0.0000
step 26600: train loss 1.9998, val loss 2.1412
model:LGT728D iter 26600: loss 1.8042, time 12966.20ms, mfu 6.83%
model:LGT728D iter 26610: loss 1.7312, time 753.50ms, mfu 7.06%
model:LGT728D iter 26620: loss 2.0326, time 753.56ms, mfu 7.27%
model:LGT728D iter 26630: loss 1.8138, time 753.73ms, mfu 7.45%
model:LGT728D iter 26640: loss 1.6353, time 753.51ms, mfu 7.62%
-----------average decoder density 0.0000
step 26650: train loss 1.9795, val loss 2.1606
model:LGT728D iter 26650: loss 2.1095, time 11546.32ms, mfu 6.92%
model:LGT728D iter 26660: loss 1.8942, time 753.36ms, mfu 7.14%
model:LGT728D iter 26670: loss 1.9879, time 753.40ms, mfu 7.34%
model:LGT728D iter 26680: loss 2.2230, time 753.31ms, mfu 7.53%
model:LGT728D iter 26690: loss 1.9571, time 753.25ms, mfu 7.69%
-----------average decoder density 0.0000
step 26700: train loss 1.9842, val loss 2.1158
saving checkpoint to out-novel-char3_LGT728D_3d25ede0cfd080d9e35756b051dcef65
model:LGT728D iter 26700: loss 2.0166, time 12579.77ms, mfu 6.97%
model:LGT728D iter 26710: loss 1.9774, time 757.50ms, mfu 7.19%
model:LGT728D iter 26720: loss 1.8478, time 801.50ms, mfu 7.33%
model:LGT728D iter 26730: loss 2.0053, time 754.13ms, mfu 7.51%
model:LGT728D iter 26740: loss 2.0952, time 795.95ms, mfu 7.62%
-----------average decoder density 0.0000
step 26750: train loss 1.9879, val loss 2.1415
model:LGT728D iter 26750: loss 2.1489, time 13117.18ms, mfu 6.91%
model:LGT728D iter 26760: loss 2.1201, time 754.00ms, mfu 7.14%
model:LGT728D iter 26770: loss 2.0048, time 754.02ms, mfu 7.34%
model:LGT728D iter 26780: loss 1.7509, time 754.04ms, mfu 7.52%
model:LGT728D iter 26790: loss 1.9222, time 771.43ms, mfu 7.66%
-----------average decoder density 0.0000
step 26800: train loss 1.9803, val loss 2.1265
model:LGT728D iter 26800: loss 2.1903, time 12891.71ms, mfu 6.95%
model:LGT728D iter 26810: loss 1.8594, time 755.86ms, mfu 7.16%
model:LGT728D iter 26820: loss 2.3295, time 754.73ms, mfu 7.36%
model:LGT728D iter 26830: loss 2.1202, time 780.71ms, mfu 7.51%
model:LGT728D iter 26840: loss 2.2652, time 759.48ms, mfu 7.67%
-----------average decoder density 0.0000
step 26850: train loss 1.9837, val loss 2.1130
saving checkpoint to out-novel-char3_LGT728D_3d25ede0cfd080d9e35756b051dcef65
model:LGT728D iter 26850: loss 2.0695, time 14256.52ms, mfu 6.95%
model:LGT728D iter 26860: loss 2.0381, time 775.61ms, mfu 7.14%
model:LGT728D iter 26870: loss 1.8943, time 754.37ms, mfu 7.34%
model:LGT728D iter 26880: loss 1.8670, time 754.07ms, mfu 7.52%
model:LGT728D iter 26890: loss 1.9376, time 754.22ms, mfu 7.68%
-----------average decoder density 0.0000
step 26900: train loss 1.9660, val loss 2.1658
model:LGT728D iter 26900: loss 1.7394, time 14366.69ms, mfu 6.96%
model:LGT728D iter 26910: loss 2.2408, time 809.44ms, mfu 7.12%
model:LGT728D iter 26920: loss 1.4517, time 773.58ms, mfu 7.30%
model:LGT728D iter 26930: loss 2.1061, time 774.56ms, mfu 7.46%
model:LGT728D iter 26940: loss 2.2376, time 754.79ms, mfu 7.62%
-----------average decoder density 0.0000
step 26950: train loss 1.9649, val loss 2.1296
model:LGT728D iter 26950: loss 1.7211, time 12633.09ms, mfu 6.92%
model:LGT728D iter 26960: loss 2.0031, time 806.86ms, mfu 7.08%
model:LGT728D iter 26970: loss 2.0942, time 768.24ms, mfu 7.27%
model:LGT728D iter 26980: loss 1.8704, time 753.68ms, mfu 7.46%
model:LGT728D iter 26990: loss 2.0921, time 754.24ms, mfu 7.62%
-----------average decoder density 0.0000
step 27000: train loss 1.9591, val loss 2.1352
model:LGT728D iter 27000: loss 1.9636, time 12493.12ms, mfu 6.92%
model:LGT728D iter 27010: loss 2.1056, time 770.16ms, mfu 7.12%
model:LGT728D iter 27020: loss 2.1282, time 773.29ms, mfu 7.30%
model:LGT728D iter 27030: loss 1.8012, time 754.66ms, mfu 7.48%
model:LGT728D iter 27040: loss 1.7785, time 762.34ms, mfu 7.64%
-----------average decoder density 0.0000
step 27050: train loss 1.9655, val loss 2.1446
model:LGT728D iter 27050: loss 1.7813, time 12268.11ms, mfu 6.93%
model:LGT728D iter 27060: loss 2.0522, time 754.18ms, mfu 7.15%
model:LGT728D iter 27070: loss 1.9112, time 754.24ms, mfu 7.35%
model:LGT728D iter 27080: loss 2.1241, time 754.14ms, mfu 7.53%
model:LGT728D iter 27090: loss 1.9740, time 754.09ms, mfu 7.69%
-----------average decoder density 0.0000
step 27100: train loss 1.9837, val loss 2.1440
model:LGT728D iter 27100: loss 2.0261, time 11544.54ms, mfu 6.98%
model:LGT728D iter 27110: loss 1.7820, time 753.85ms, mfu 7.20%
model:LGT728D iter 27120: loss 1.7279, time 754.06ms, mfu 7.39%
model:LGT728D iter 27130: loss 2.2054, time 753.87ms, mfu 7.57%
model:LGT728D iter 27140: loss 1.9594, time 753.94ms, mfu 7.73%
-----------average decoder density 0.0000
step 27150: train loss 1.9603, val loss 2.1559
model:LGT728D iter 27150: loss 1.8256, time 12983.47ms, mfu 7.01%
model:LGT728D iter 27160: loss 1.8476, time 829.13ms, mfu 7.14%
model:LGT728D iter 27170: loss 1.8944, time 808.69ms, mfu 7.28%
model:LGT728D iter 27180: loss 1.9341, time 773.52ms, mfu 7.44%
model:LGT728D iter 27190: loss 2.1005, time 754.33ms, mfu 7.61%
-----------average decoder density 0.0000
step 27200: train loss 1.9709, val loss 2.1308
model:LGT728D iter 27200: loss 2.1381, time 12925.80ms, mfu 6.90%
model:LGT728D iter 27210: loss 1.8087, time 769.03ms, mfu 7.11%
model:LGT728D iter 27220: loss 1.8969, time 790.21ms, mfu 7.27%
model:LGT728D iter 27230: loss 2.1060, time 761.02ms, mfu 7.45%
model:LGT728D iter 27240: loss 1.7304, time 754.44ms, mfu 7.62%
-----------average decoder density 0.0000
step 27250: train loss 1.9646, val loss 2.1424
model:LGT728D iter 27250: loss 1.9481, time 13405.27ms, mfu 6.91%
model:LGT728D iter 27260: loss 2.0801, time 864.47ms, mfu 7.01%
model:LGT728D iter 27270: loss 2.0020, time 858.09ms, mfu 7.12%
model:LGT728D iter 27280: loss 1.9434, time 830.91ms, mfu 7.23%
model:LGT728D iter 27290: loss 1.9872, time 811.79ms, mfu 7.36%
-----------average decoder density 0.0000
step 27300: train loss 1.9581, val loss 2.1271
model:LGT728D iter 27300: loss 2.0583, time 13523.19ms, mfu 6.67%
model:LGT728D iter 27310: loss 2.1721, time 835.73ms, mfu 6.83%
model:LGT728D iter 27320: loss 1.9499, time 834.65ms, mfu 6.97%
model:LGT728D iter 27330: loss 2.2497, time 834.28ms, mfu 7.10%
model:LGT728D iter 27340: loss 2.1038, time 824.77ms, mfu 7.23%
-----------average decoder density 0.0000
step 27350: train loss 1.9553, val loss 2.1627
model:LGT728D iter 27350: loss 1.9698, time 12691.51ms, mfu 6.56%
model:LGT728D iter 27360: loss 2.2226, time 802.36ms, mfu 6.76%
model:LGT728D iter 27370: loss 1.8757, time 755.62ms, mfu 7.00%
model:LGT728D iter 27380: loss 1.9811, time 754.27ms, mfu 7.21%
model:LGT728D iter 27390: loss 2.0814, time 810.84ms, mfu 7.34%
-----------average decoder density 0.0000
step 27400: train loss 2.0066, val loss 2.1381
model:LGT728D iter 27400: loss 2.1217, time 14004.13ms, mfu 6.66%
model:LGT728D iter 27410: loss 1.8594, time 754.24ms, mfu 6.91%
model:LGT728D iter 27420: loss 1.9744, time 766.19ms, mfu 7.11%
model:LGT728D iter 27430: loss 2.2190, time 754.58ms, mfu 7.32%
model:LGT728D iter 27440: loss 2.0296, time 776.53ms, mfu 7.47%
-----------average decoder density 0.0000
step 27450: train loss 1.9493, val loss 2.1441
model:LGT728D iter 27450: loss 1.8787, time 12686.53ms, mfu 6.78%
model:LGT728D iter 27460: loss 1.9601, time 753.94ms, mfu 7.02%
model:LGT728D iter 27470: loss 1.9973, time 754.24ms, mfu 7.23%
model:LGT728D iter 27480: loss 2.0581, time 754.12ms, mfu 7.42%
model:LGT728D iter 27490: loss 1.9491, time 754.23ms, mfu 7.59%
-----------average decoder density 0.0000
step 27500: train loss 1.9527, val loss 2.1379
model:LGT728D iter 27500: loss 1.9222, time 11555.68ms, mfu 6.89%
model:LGT728D iter 27510: loss 1.7014, time 754.05ms, mfu 7.12%
model:LGT728D iter 27520: loss 1.7640, time 753.90ms, mfu 7.32%
model:LGT728D iter 27530: loss 1.8943, time 754.06ms, mfu 7.50%
model:LGT728D iter 27540: loss 1.7304, time 754.14ms, mfu 7.67%
-----------average decoder density 0.0000
step 27550: train loss 1.9682, val loss 2.1481
model:LGT728D iter 27550: loss 2.0694, time 12600.01ms, mfu 6.95%
model:LGT728D iter 27560: loss 1.7772, time 759.31ms, mfu 7.17%
model:LGT728D iter 27570: loss 1.8216, time 753.76ms, mfu 7.36%
model:LGT728D iter 27580: loss 2.0942, time 763.14ms, mfu 7.53%
model:LGT728D iter 27590: loss 2.1032, time 806.13ms, mfu 7.63%
-----------average decoder density 0.0000
step 27600: train loss 1.9693, val loss 2.1380
model:LGT728D iter 27600: loss 2.1457, time 13928.05ms, mfu 6.92%
model:LGT728D iter 27610: loss 2.2119, time 830.96ms, mfu 7.06%
model:LGT728D iter 27620: loss 2.4124, time 830.93ms, mfu 7.18%
model:LGT728D iter 27630: loss 2.0763, time 834.30ms, mfu 7.29%
model:LGT728D iter 27640: loss 2.2445, time 831.29ms, mfu 7.39%
-----------average decoder density 0.0000
step 27650: train loss 1.9631, val loss 2.1529
model:LGT728D iter 27650: loss 1.8381, time 12934.09ms, mfu 6.70%
model:LGT728D iter 27660: loss 2.2375, time 798.53ms, mfu 6.90%
model:LGT728D iter 27670: loss 1.9365, time 775.16ms, mfu 7.10%
model:LGT728D iter 27680: loss 1.8668, time 753.79ms, mfu 7.30%
model:LGT728D iter 27690: loss 1.9267, time 754.62ms, mfu 7.48%
-----------average decoder density 0.0000
step 27700: train loss 1.9775, val loss 2.1254
model:LGT728D iter 27700: loss 2.0548, time 13006.97ms, mfu 6.79%
model:LGT728D iter 27710: loss 1.8209, time 826.02ms, mfu 6.94%
model:LGT728D iter 27720: loss 1.9956, time 754.16ms, mfu 7.16%
model:LGT728D iter 27730: loss 1.9706, time 829.28ms, mfu 7.28%
model:LGT728D iter 27740: loss 2.1323, time 754.04ms, mfu 7.47%
-----------average decoder density 0.0000
step 27750: train loss 1.9839, val loss 2.1378
model:LGT728D iter 27750: loss 1.8939, time 14647.60ms, mfu 6.77%
model:LGT728D iter 27760: loss 1.8742, time 779.17ms, mfu 6.97%
model:LGT728D iter 27770: loss 2.0593, time 770.75ms, mfu 7.17%
model:LGT728D iter 27780: loss 1.9633, time 773.06ms, mfu 7.35%
model:LGT728D iter 27790: loss 1.7392, time 771.69ms, mfu 7.50%
-----------average decoder density 0.0000
step 27800: train loss 1.9719, val loss 2.1215
model:LGT728D iter 27800: loss 2.3441, time 13490.28ms, mfu 6.80%
model:LGT728D iter 27810: loss 1.9692, time 823.44ms, mfu 6.96%
model:LGT728D iter 27820: loss 1.5852, time 761.44ms, mfu 7.17%
model:LGT728D iter 27830: loss 1.8174, time 826.97ms, mfu 7.29%
model:LGT728D iter 27840: loss 1.7604, time 768.56ms, mfu 7.46%
-----------average decoder density 0.0000
step 27850: train loss 1.9487, val loss 2.1336
model:LGT728D iter 27850: loss 1.5936, time 13595.58ms, mfu 6.76%
model:LGT728D iter 27860: loss 2.0556, time 753.97ms, mfu 7.00%
model:LGT728D iter 27870: loss 2.1324, time 792.99ms, mfu 7.17%
model:LGT728D iter 27880: loss 1.7028, time 754.38ms, mfu 7.37%
model:LGT728D iter 27890: loss 2.3690, time 754.05ms, mfu 7.54%
-----------average decoder density 0.0000
step 27900: train loss 1.9695, val loss 2.1424
model:LGT728D iter 27900: loss 2.0357, time 11561.37ms, mfu 6.85%
model:LGT728D iter 27910: loss 1.9457, time 754.13ms, mfu 7.08%
model:LGT728D iter 27920: loss 1.7988, time 754.10ms, mfu 7.28%
model:LGT728D iter 27930: loss 2.2286, time 754.06ms, mfu 7.47%
model:LGT728D iter 27940: loss 2.0603, time 753.78ms, mfu 7.64%
-----------average decoder density 0.0000
step 27950: train loss 1.9741, val loss 2.1275
model:LGT728D iter 27950: loss 2.0586, time 11580.19ms, mfu 6.93%
model:LGT728D iter 27960: loss 1.9114, time 904.30ms, mfu 7.00%
model:LGT728D iter 27970: loss 1.9800, time 791.94ms, mfu 7.17%
model:LGT728D iter 27980: loss 2.0923, time 753.92ms, mfu 7.37%
model:LGT728D iter 27990: loss 1.7602, time 755.71ms, mfu 7.54%
-----------average decoder density 0.0000
step 28000: train loss 1.9581, val loss 2.1400
model:LGT728D iter 28000: loss 1.7165, time 13495.35ms, mfu 6.84%
model:LGT728D iter 28010: loss 1.8914, time 753.83ms, mfu 7.07%
model:LGT728D iter 28020: loss 2.1727, time 837.89ms, mfu 7.19%
model:LGT728D iter 28030: loss 2.0275, time 903.40ms, mfu 7.23%
model:LGT728D iter 28040: loss 1.8427, time 784.17ms, mfu 7.39%
-----------average decoder density 0.0000
step 28050: train loss 1.9642, val loss 2.1368
model:LGT728D iter 28050: loss 1.9735, time 12645.95ms, mfu 6.70%
model:LGT728D iter 28060: loss 1.8110, time 767.45ms, mfu 6.93%
model:LGT728D iter 28070: loss 1.8856, time 841.91ms, mfu 7.06%
model:LGT728D iter 28080: loss 1.6344, time 754.10ms, mfu 7.27%
model:LGT728D iter 28090: loss 1.8055, time 839.80ms, mfu 7.36%
-----------average decoder density 0.0000
step 28100: train loss 1.9313, val loss 2.1057
saving checkpoint to out-novel-char3_LGT728D_3d25ede0cfd080d9e35756b051dcef65
model:LGT728D iter 28100: loss 2.1504, time 13695.04ms, mfu 6.67%
model:LGT728D iter 28110: loss 2.1320, time 826.21ms, mfu 6.84%
model:LGT728D iter 28120: loss 1.7332, time 901.62ms, mfu 6.92%
model:LGT728D iter 28130: loss 2.1749, time 903.77ms, mfu 6.99%
model:LGT728D iter 28140: loss 2.0342, time 754.06ms, mfu 7.21%
-----------average decoder density 0.0000
step 28150: train loss 1.9632, val loss 2.1230
model:LGT728D iter 28150: loss 1.8244, time 13236.77ms, mfu 6.54%
model:LGT728D iter 28160: loss 2.0586, time 754.74ms, mfu 6.80%
model:LGT728D iter 28170: loss 2.1569, time 753.91ms, mfu 7.03%
model:LGT728D iter 28180: loss 2.0878, time 760.28ms, mfu 7.24%
model:LGT728D iter 28190: loss 1.8795, time 849.57ms, mfu 7.32%
-----------average decoder density 0.0000
step 28200: train loss 1.9390, val loss 2.1332
model:LGT728D iter 28200: loss 1.5793, time 13512.75ms, mfu 6.64%
model:LGT728D iter 28210: loss 1.9032, time 854.97ms, mfu 6.78%
model:LGT728D iter 28220: loss 1.6268, time 901.98ms, mfu 6.87%
model:LGT728D iter 28230: loss 1.9255, time 753.84ms, mfu 7.10%
model:LGT728D iter 28240: loss 1.9413, time 753.84ms, mfu 7.30%
-----------average decoder density 0.0000
step 28250: train loss 1.9521, val loss 2.1392
model:LGT728D iter 28250: loss 1.9320, time 16153.65ms, mfu 6.61%
model:LGT728D iter 28260: loss 1.8063, time 753.86ms, mfu 6.87%
model:LGT728D iter 28270: loss 1.6234, time 820.17ms, mfu 7.02%
model:LGT728D iter 28280: loss 2.0603, time 791.80ms, mfu 7.19%
model:LGT728D iter 28290: loss 1.7876, time 754.43ms, mfu 7.38%
-----------average decoder density 0.0000
step 28300: train loss 1.9750, val loss 2.1358
model:LGT728D iter 28300: loss 2.0776, time 12690.96ms, mfu 6.70%
model:LGT728D iter 28310: loss 2.2775, time 811.46ms, mfu 6.88%
model:LGT728D iter 28320: loss 1.8159, time 846.69ms, mfu 7.01%
model:LGT728D iter 28330: loss 2.0515, time 753.90ms, mfu 7.22%
model:LGT728D iter 28340: loss 1.9141, time 755.08ms, mfu 7.41%
-----------average decoder density 0.0000
step 28350: train loss 1.9667, val loss 2.1493
model:LGT728D iter 28350: loss 2.1081, time 12956.22ms, mfu 6.72%
model:LGT728D iter 28360: loss 1.9584, time 801.83ms, mfu 6.91%
model:LGT728D iter 28370: loss 1.7451, time 852.99ms, mfu 7.03%
model:LGT728D iter 28380: loss 2.0654, time 846.08ms, mfu 7.14%
model:LGT728D iter 28390: loss 2.2380, time 754.11ms, mfu 7.34%
-----------average decoder density 0.0000
step 28400: train loss 1.9719, val loss 2.1346
model:LGT728D iter 28400: loss 2.1187, time 13826.82ms, mfu 6.66%
model:LGT728D iter 28410: loss 1.6745, time 754.21ms, mfu 6.90%
model:LGT728D iter 28420: loss 2.1460, time 754.03ms, mfu 7.13%
model:LGT728D iter 28430: loss 1.7907, time 774.41ms, mfu 7.31%
model:LGT728D iter 28440: loss 2.2419, time 842.36ms, mfu 7.39%
-----------average decoder density 0.0000
step 28450: train loss 1.9631, val loss 2.1598
model:LGT728D iter 28450: loss 1.8699, time 12853.52ms, mfu 6.71%
model:LGT728D iter 28460: loss 2.0531, time 904.32ms, mfu 6.80%
model:LGT728D iter 28470: loss 1.7796, time 909.58ms, mfu 6.88%
model:LGT728D iter 28480: loss 2.2471, time 753.89ms, mfu 7.10%
model:LGT728D iter 28490: loss 1.7651, time 753.94ms, mfu 7.31%
-----------average decoder density 0.0000
step 28500: train loss 1.9531, val loss 2.1339
model:LGT728D iter 28500: loss 1.8892, time 13462.09ms, mfu 6.63%
model:LGT728D iter 28510: loss 2.1568, time 753.74ms, mfu 6.88%
model:LGT728D iter 28520: loss 2.1390, time 830.30ms, mfu 7.02%
model:LGT728D iter 28530: loss 2.1901, time 839.71ms, mfu 7.14%
model:LGT728D iter 28540: loss 2.1825, time 842.14ms, mfu 7.25%
-----------average decoder density 0.0000
step 28550: train loss 1.9726, val loss 2.1443
model:LGT728D iter 28550: loss 1.9417, time 12025.12ms, mfu 6.58%
model:LGT728D iter 28560: loss 2.0880, time 803.89ms, mfu 6.78%
model:LGT728D iter 28570: loss 1.9759, time 774.64ms, mfu 6.99%
model:LGT728D iter 28580: loss 1.7814, time 754.15ms, mfu 7.20%
model:LGT728D iter 28590: loss 1.9434, time 756.77ms, mfu 7.40%
-----------average decoder density 0.0000
step 28600: train loss 1.9645, val loss 2.1342
model:LGT728D iter 28600: loss 1.8253, time 13663.41ms, mfu 6.71%
model:LGT728D iter 28610: loss 1.9693, time 754.07ms, mfu 6.95%
model:LGT728D iter 28620: loss 1.8380, time 754.20ms, mfu 7.17%
model:LGT728D iter 28630: loss 1.8537, time 823.05ms, mfu 7.29%
model:LGT728D iter 28640: loss 2.3974, time 756.34ms, mfu 7.47%
-----------average decoder density 0.0000
step 28650: train loss 1.9555, val loss 2.1180
model:LGT728D iter 28650: loss 2.1958, time 12607.20ms, mfu 6.78%
model:LGT728D iter 28660: loss 1.5673, time 770.62ms, mfu 7.00%
model:LGT728D iter 28670: loss 2.0257, time 753.88ms, mfu 7.21%
model:LGT728D iter 28680: loss 1.9310, time 761.22ms, mfu 7.40%
model:LGT728D iter 28690: loss 2.0879, time 848.15ms, mfu 7.47%
-----------average decoder density 0.0000
step 28700: train loss 1.9394, val loss 2.1366
model:LGT728D iter 28700: loss 1.8824, time 13532.04ms, mfu 6.77%
model:LGT728D iter 28710: loss 1.7913, time 760.28ms, mfu 7.00%
model:LGT728D iter 28720: loss 1.9726, time 871.42ms, mfu 7.09%
model:LGT728D iter 28730: loss 1.8139, time 813.16ms, mfu 7.23%
model:LGT728D iter 28740: loss 1.7405, time 754.09ms, mfu 7.42%
-----------average decoder density 0.0000
step 28750: train loss 1.9558, val loss 2.1018
saving checkpoint to out-novel-char3_LGT728D_3d25ede0cfd080d9e35756b051dcef65
model:LGT728D iter 28750: loss 1.9209, time 17220.57ms, mfu 6.72%
model:LGT728D iter 28760: loss 1.9993, time 754.56ms, mfu 6.96%
model:LGT728D iter 28770: loss 1.8181, time 902.95ms, mfu 7.03%
model:LGT728D iter 28780: loss 1.8791, time 843.94ms, mfu 7.14%
model:LGT728D iter 28790: loss 1.8871, time 754.12ms, mfu 7.34%
-----------average decoder density 0.0000
step 28800: train loss 1.9304, val loss 2.1148
model:LGT728D iter 28800: loss 1.5416, time 13011.84ms, mfu 6.66%
model:LGT728D iter 28810: loss 1.8837, time 837.20ms, mfu 6.82%
model:LGT728D iter 28820: loss 1.7614, time 754.15ms, mfu 7.05%
model:LGT728D iter 28830: loss 1.6894, time 754.06ms, mfu 7.26%
model:LGT728D iter 28840: loss 1.7152, time 840.95ms, mfu 7.35%
-----------average decoder density 0.0000
step 28850: train loss 1.9741, val loss 2.1178
model:LGT728D iter 28850: loss 1.9339, time 12619.62ms, mfu 6.67%
model:LGT728D iter 28860: loss 2.2395, time 906.89ms, mfu 6.77%
model:LGT728D iter 28870: loss 2.1821, time 907.06ms, mfu 6.85%
model:LGT728D iter 28880: loss 1.8755, time 823.89ms, mfu 7.00%
model:LGT728D iter 28890: loss 1.7864, time 754.11ms, mfu 7.21%
-----------average decoder density 0.0000
step 28900: train loss 1.9549, val loss 2.1311
model:LGT728D iter 28900: loss 1.8180, time 11526.36ms, mfu 6.55%
model:LGT728D iter 28910: loss 1.7464, time 753.81ms, mfu 6.81%
model:LGT728D iter 28920: loss 2.1758, time 753.96ms, mfu 7.05%
model:LGT728D iter 28930: loss 1.9176, time 753.88ms, mfu 7.26%
model:LGT728D iter 28940: loss 2.0859, time 753.86ms, mfu 7.44%
-----------average decoder density 0.0000
step 28950: train loss 1.9577, val loss 2.1313
model:LGT728D iter 28950: loss 2.0510, time 11528.98ms, mfu 6.76%
model:LGT728D iter 28960: loss 1.8513, time 753.74ms, mfu 7.00%
model:LGT728D iter 28970: loss 1.9746, time 753.75ms, mfu 7.21%
model:LGT728D iter 28980: loss 2.0688, time 753.81ms, mfu 7.41%
model:LGT728D iter 28990: loss 2.0075, time 753.95ms, mfu 7.58%
-----------average decoder density 0.0000
step 29000: train loss 1.9483, val loss 2.1194
model:LGT728D iter 29000: loss 1.8703, time 11526.15ms, mfu 6.88%
model:LGT728D iter 29010: loss 1.9927, time 753.97ms, mfu 7.11%
model:LGT728D iter 29020: loss 2.1058, time 753.78ms, mfu 7.31%
model:LGT728D iter 29030: loss 1.8552, time 753.89ms, mfu 7.49%
model:LGT728D iter 29040: loss 1.9744, time 754.03ms, mfu 7.66%
-----------average decoder density 0.0000
step 29050: train loss 1.9521, val loss 2.1128
model:LGT728D iter 29050: loss 1.8252, time 11531.85ms, mfu 6.95%
model:LGT728D iter 29060: loss 1.6528, time 753.91ms, mfu 7.17%
model:LGT728D iter 29070: loss 2.0034, time 753.86ms, mfu 7.37%
model:LGT728D iter 29080: loss 2.3564, time 753.97ms, mfu 7.55%
model:LGT728D iter 29090: loss 2.0996, time 753.96ms, mfu 7.71%
-----------average decoder density 0.0000
step 29100: train loss 1.9452, val loss 2.1044
model:LGT728D iter 29100: loss 2.0836, time 11527.13ms, mfu 7.00%
model:LGT728D iter 29110: loss 2.0257, time 753.99ms, mfu 7.21%
model:LGT728D iter 29120: loss 2.2508, time 754.05ms, mfu 7.40%
model:LGT728D iter 29130: loss 1.9765, time 753.85ms, mfu 7.58%
model:LGT728D iter 29140: loss 2.0632, time 753.91ms, mfu 7.73%
-----------average decoder density 0.0000
step 29150: train loss 1.9228, val loss 2.1109
model:LGT728D iter 29150: loss 2.0008, time 11525.27ms, mfu 7.02%
model:LGT728D iter 29160: loss 1.9701, time 754.04ms, mfu 7.23%
model:LGT728D iter 29170: loss 2.1330, time 754.08ms, mfu 7.42%
model:LGT728D iter 29180: loss 2.0297, time 754.03ms, mfu 7.60%
model:LGT728D iter 29190: loss 2.0321, time 753.99ms, mfu 7.75%
-----------average decoder density 0.0000
step 29200: train loss 1.9408, val loss 2.1217
model:LGT728D iter 29200: loss 2.0391, time 11525.63ms, mfu 7.03%
model:LGT728D iter 29210: loss 2.0215, time 753.67ms, mfu 7.25%
model:LGT728D iter 29220: loss 2.1208, time 754.03ms, mfu 7.44%
model:LGT728D iter 29230: loss 1.9747, time 754.16ms, mfu 7.61%
model:LGT728D iter 29240: loss 1.9744, time 754.03ms, mfu 7.76%
-----------average decoder density 0.0000
step 29250: train loss 1.9449, val loss 2.1235
model:LGT728D iter 29250: loss 1.6866, time 11528.74ms, mfu 7.04%
model:LGT728D iter 29260: loss 2.0111, time 753.97ms, mfu 7.25%
model:LGT728D iter 29270: loss 2.1995, time 753.96ms, mfu 7.44%
model:LGT728D iter 29280: loss 1.6103, time 754.00ms, mfu 7.61%
model:LGT728D iter 29290: loss 1.8554, time 753.95ms, mfu 7.77%
-----------average decoder density 0.0000
step 29300: train loss 1.9616, val loss 2.1160
model:LGT728D iter 29300: loss 1.9318, time 11528.88ms, mfu 7.05%
model:LGT728D iter 29310: loss 1.9523, time 754.14ms, mfu 7.26%
model:LGT728D iter 29320: loss 2.0448, time 753.92ms, mfu 7.45%
model:LGT728D iter 29330: loss 1.9028, time 753.69ms, mfu 7.62%
model:LGT728D iter 29340: loss 1.9616, time 754.30ms, mfu 7.77%
-----------average decoder density 0.0000
step 29350: train loss 1.9250, val loss 2.1157
model:LGT728D iter 29350: loss 1.9631, time 11526.39ms, mfu 7.05%
model:LGT728D iter 29360: loss 2.1005, time 754.02ms, mfu 7.26%
model:LGT728D iter 29370: loss 1.9816, time 754.13ms, mfu 7.45%
model:LGT728D iter 29380: loss 1.8004, time 753.84ms, mfu 7.62%
model:LGT728D iter 29390: loss 1.9591, time 753.94ms, mfu 7.77%
-----------average decoder density 0.0000
step 29400: train loss 1.9696, val loss 2.1296
model:LGT728D iter 29400: loss 1.8710, time 11532.23ms, mfu 7.05%
model:LGT728D iter 29410: loss 1.9406, time 753.92ms, mfu 7.26%
model:LGT728D iter 29420: loss 2.0556, time 753.97ms, mfu 7.45%
model:LGT728D iter 29430: loss 1.9052, time 754.32ms, mfu 7.62%
model:LGT728D iter 29440: loss 2.1396, time 753.94ms, mfu 7.77%
-----------average decoder density 0.0000
step 29450: train loss 1.9580, val loss 2.1151
model:LGT728D iter 29450: loss 1.6055, time 11532.01ms, mfu 7.05%
model:LGT728D iter 29460: loss 1.9592, time 754.21ms, mfu 7.26%
model:LGT728D iter 29470: loss 2.0063, time 753.90ms, mfu 7.45%
model:LGT728D iter 29480: loss 2.0078, time 754.10ms, mfu 7.62%
model:LGT728D iter 29490: loss 1.9127, time 754.02ms, mfu 7.77%
-----------average decoder density 0.0000
step 29500: train loss 1.9370, val loss 2.1443
model:LGT728D iter 29500: loss 1.6579, time 11532.36ms, mfu 7.05%
model:LGT728D iter 29510: loss 1.9368, time 753.90ms, mfu 7.26%
model:LGT728D iter 29520: loss 2.2615, time 753.95ms, mfu 7.45%
model:LGT728D iter 29530: loss 1.8710, time 753.97ms, mfu 7.62%
model:LGT728D iter 29540: loss 1.8724, time 754.12ms, mfu 7.77%
-----------average decoder density 0.0000
step 29550: train loss 1.9378, val loss 2.1414
model:LGT728D iter 29550: loss 2.0710, time 11529.38ms, mfu 7.06%
model:LGT728D iter 29560: loss 1.6649, time 753.87ms, mfu 7.26%
model:LGT728D iter 29570: loss 1.8600, time 753.92ms, mfu 7.45%
model:LGT728D iter 29580: loss 2.1782, time 753.91ms, mfu 7.62%
model:LGT728D iter 29590: loss 2.0724, time 754.09ms, mfu 7.77%
-----------average decoder density 0.0000
step 29600: train loss 1.9550, val loss 2.1109
model:LGT728D iter 29600: loss 2.2495, time 11530.55ms, mfu 7.06%
model:LGT728D iter 29610: loss 2.1587, time 754.00ms, mfu 7.26%
model:LGT728D iter 29620: loss 1.9409, time 753.71ms, mfu 7.45%
model:LGT728D iter 29630: loss 1.8651, time 753.93ms, mfu 7.62%
model:LGT728D iter 29640: loss 2.0327, time 753.89ms, mfu 7.77%
-----------average decoder density 0.0000
step 29650: train loss 1.9133, val loss 2.0995
saving checkpoint to out-novel-char3_LGT728D_3d25ede0cfd080d9e35756b051dcef65
model:LGT728D iter 29650: loss 2.0769, time 12592.49ms, mfu 7.05%
model:LGT728D iter 29660: loss 2.1072, time 754.56ms, mfu 7.26%
model:LGT728D iter 29670: loss 2.2787, time 754.56ms, mfu 7.45%
model:LGT728D iter 29680: loss 1.5227, time 754.13ms, mfu 7.62%
model:LGT728D iter 29690: loss 2.1137, time 754.28ms, mfu 7.77%
-----------average decoder density 0.0000
step 29700: train loss 1.9427, val loss 2.1265
model:LGT728D iter 29700: loss 2.0796, time 11536.63ms, mfu 7.05%
model:LGT728D iter 29710: loss 2.1022, time 754.49ms, mfu 7.26%
model:LGT728D iter 29720: loss 2.0463, time 754.43ms, mfu 7.45%
model:LGT728D iter 29730: loss 1.5765, time 754.38ms, mfu 7.62%
model:LGT728D iter 29740: loss 1.8141, time 754.36ms, mfu 7.77%
-----------average decoder density 0.0000
step 29750: train loss 1.9398, val loss 2.1152
model:LGT728D iter 29750: loss 2.0105, time 11532.52ms, mfu 7.05%
model:LGT728D iter 29760: loss 2.0769, time 754.04ms, mfu 7.26%
model:LGT728D iter 29770: loss 1.8699, time 754.01ms, mfu 7.45%
model:LGT728D iter 29780: loss 1.8711, time 754.20ms, mfu 7.62%
model:LGT728D iter 29790: loss 1.9592, time 754.19ms, mfu 7.77%
-----------average decoder density 0.0000
step 29800: train loss 1.9386, val loss 2.1248
model:LGT728D iter 29800: loss 1.8942, time 11530.32ms, mfu 7.05%
model:LGT728D iter 29810: loss 1.9349, time 753.91ms, mfu 7.26%
model:LGT728D iter 29820: loss 1.7887, time 754.11ms, mfu 7.45%
model:LGT728D iter 29830: loss 1.6517, time 754.09ms, mfu 7.62%
model:LGT728D iter 29840: loss 2.0298, time 754.55ms, mfu 7.77%
-----------average decoder density 0.0000
step 29850: train loss 1.9280, val loss 2.1401
model:LGT728D iter 29850: loss 1.5654, time 11541.72ms, mfu 7.05%
model:LGT728D iter 29860: loss 1.9606, time 754.31ms, mfu 7.26%
model:LGT728D iter 29870: loss 1.6482, time 754.35ms, mfu 7.45%
model:LGT728D iter 29880: loss 1.9128, time 754.41ms, mfu 7.62%
model:LGT728D iter 29890: loss 1.6488, time 754.49ms, mfu 7.77%
-----------average decoder density 0.0000
step 29900: train loss 1.9707, val loss 2.1267
model:LGT728D iter 29900: loss 2.1656, time 11536.26ms, mfu 7.05%
model:LGT728D iter 29910: loss 1.9438, time 754.56ms, mfu 7.26%
model:LGT728D iter 29920: loss 1.7977, time 754.49ms, mfu 7.45%
model:LGT728D iter 29930: loss 1.8582, time 754.55ms, mfu 7.62%
model:LGT728D iter 29940: loss 1.8491, time 754.66ms, mfu 7.77%
-----------average decoder density 0.0000
step 29950: train loss 1.9312, val loss 2.1202
model:LGT728D iter 29950: loss 2.2965, time 11537.31ms, mfu 7.05%
model:LGT728D iter 29960: loss 2.0176, time 754.55ms, mfu 7.26%
model:LGT728D iter 29970: loss 2.0259, time 754.58ms, mfu 7.45%
model:LGT728D iter 29980: loss 1.8971, time 754.46ms, mfu 7.62%
model:LGT728D iter 29990: loss 1.6757, time 754.76ms, mfu 7.77%
-----------average decoder density 0.0000
step 30000: train loss 1.9701, val loss 2.1182
model:LGT728D iter 30000: loss 1.9571, time 11544.73ms, mfu 7.05%
model:LGT728D iter 30010: loss 2.2366, time 754.52ms, mfu 7.26%
model:LGT728D iter 30020: loss 1.8372, time 754.68ms, mfu 7.45%
model:LGT728D iter 30030: loss 1.8489, time 754.51ms, mfu 7.62%
model:LGT728D iter 30040: loss 1.9925, time 754.50ms, mfu 7.77%
-----------average decoder density 0.0000
step 30050: train loss 1.9302, val loss 2.1118
model:LGT728D iter 30050: loss 2.0482, time 11539.82ms, mfu 7.05%
model:LGT728D iter 30060: loss 1.7648, time 754.52ms, mfu 7.26%
model:LGT728D iter 30070: loss 1.8633, time 754.67ms, mfu 7.45%
model:LGT728D iter 30080: loss 1.8366, time 754.81ms, mfu 7.62%
model:LGT728D iter 30090: loss 2.1397, time 754.55ms, mfu 7.77%
-----------average decoder density 0.0000
step 30100: train loss 1.9513, val loss 2.1114
model:LGT728D iter 30100: loss 1.4989, time 11547.40ms, mfu 7.05%
model:LGT728D iter 30110: loss 2.1060, time 754.80ms, mfu 7.26%
model:LGT728D iter 30120: loss 1.8173, time 754.54ms, mfu 7.45%
model:LGT728D iter 30130: loss 2.1882, time 754.66ms, mfu 7.62%
model:LGT728D iter 30140: loss 1.9294, time 754.65ms, mfu 7.77%
-----------average decoder density 0.0000
step 30150: train loss 1.9298, val loss 2.1334
model:LGT728D iter 30150: loss 1.9045, time 11535.66ms, mfu 7.05%
model:LGT728D iter 30160: loss 2.0452, time 754.37ms, mfu 7.26%
model:LGT728D iter 30170: loss 2.3111, time 754.48ms, mfu 7.45%
model:LGT728D iter 30180: loss 2.0071, time 754.70ms, mfu 7.62%
model:LGT728D iter 30190: loss 1.9542, time 754.54ms, mfu 7.77%
-----------average decoder density 0.0000
step 30200: train loss 1.9481, val loss 2.1325
model:LGT728D iter 30200: loss 2.0209, time 11536.98ms, mfu 7.05%
model:LGT728D iter 30210: loss 1.9478, time 754.47ms, mfu 7.26%
model:LGT728D iter 30220: loss 2.2159, time 754.28ms, mfu 7.45%
model:LGT728D iter 30230: loss 1.8327, time 754.40ms, mfu 7.62%
model:LGT728D iter 30240: loss 1.8632, time 754.54ms, mfu 7.77%
-----------average decoder density 0.0000
step 30250: train loss 1.9421, val loss 2.1049
model:LGT728D iter 30250: loss 2.1978, time 11535.33ms, mfu 7.05%
model:LGT728D iter 30260: loss 1.9959, time 754.38ms, mfu 7.26%
model:LGT728D iter 30270: loss 1.6973, time 754.42ms, mfu 7.45%
model:LGT728D iter 30280: loss 1.9253, time 754.40ms, mfu 7.62%
model:LGT728D iter 30290: loss 2.1840, time 754.41ms, mfu 7.77%
-----------average decoder density 0.0000
step 30300: train loss 1.9340, val loss 2.1140
model:LGT728D iter 30300: loss 1.9616, time 11537.03ms, mfu 7.05%
model:LGT728D iter 30310: loss 1.9634, time 754.44ms, mfu 7.26%
model:LGT728D iter 30320: loss 2.1322, time 754.42ms, mfu 7.45%
model:LGT728D iter 30330: loss 1.8880, time 754.55ms, mfu 7.62%
model:LGT728D iter 30340: loss 1.8261, time 754.51ms, mfu 7.77%
-----------average decoder density 0.0000
step 30350: train loss 1.9293, val loss 2.0939
saving checkpoint to out-novel-char3_LGT728D_3d25ede0cfd080d9e35756b051dcef65
model:LGT728D iter 30350: loss 1.8264, time 12600.03ms, mfu 7.05%
model:LGT728D iter 30360: loss 1.9142, time 753.65ms, mfu 7.26%
model:LGT728D iter 30370: loss 1.8614, time 753.46ms, mfu 7.45%
model:LGT728D iter 30380: loss 2.0680, time 753.47ms, mfu 7.62%
model:LGT728D iter 30390: loss 2.0900, time 753.62ms, mfu 7.77%
-----------average decoder density 0.0000
step 30400: train loss 1.9469, val loss 2.1120
model:LGT728D iter 30400: loss 2.1875, time 11525.55ms, mfu 7.05%
model:LGT728D iter 30410: loss 2.2448, time 753.39ms, mfu 7.26%
model:LGT728D iter 30420: loss 1.9636, time 753.46ms, mfu 7.45%
model:LGT728D iter 30430: loss 1.9562, time 753.47ms, mfu 7.62%
model:LGT728D iter 30440: loss 2.0702, time 753.40ms, mfu 7.77%
-----------average decoder density 0.0000
step 30450: train loss 1.9219, val loss 2.0905
saving checkpoint to out-novel-char3_LGT728D_3d25ede0cfd080d9e35756b051dcef65
model:LGT728D iter 30450: loss 2.0910, time 12573.36ms, mfu 7.05%
model:LGT728D iter 30460: loss 1.9438, time 753.41ms, mfu 7.26%
model:LGT728D iter 30470: loss 1.8197, time 753.40ms, mfu 7.45%
model:LGT728D iter 30480: loss 1.8489, time 753.43ms, mfu 7.62%
model:LGT728D iter 30490: loss 1.8502, time 753.60ms, mfu 7.77%
-----------average decoder density 0.0000
step 30500: train loss 1.9175, val loss 2.0967
model:LGT728D iter 30500: loss 2.2025, time 11523.55ms, mfu 7.05%
model:LGT728D iter 30510: loss 1.8252, time 753.56ms, mfu 7.26%
model:LGT728D iter 30520: loss 2.2016, time 753.43ms, mfu 7.45%
model:LGT728D iter 30530: loss 1.6779, time 753.28ms, mfu 7.62%
model:LGT728D iter 30540: loss 1.8077, time 753.47ms, mfu 7.78%
-----------average decoder density 0.0000
step 30550: train loss 1.9312, val loss 2.1405
model:LGT728D iter 30550: loss 1.8999, time 11519.90ms, mfu 7.06%
model:LGT728D iter 30560: loss 1.8806, time 753.60ms, mfu 7.27%
model:LGT728D iter 30570: loss 1.6877, time 753.35ms, mfu 7.45%
model:LGT728D iter 30580: loss 1.9338, time 753.32ms, mfu 7.62%
model:LGT728D iter 30590: loss 1.8174, time 753.44ms, mfu 7.78%
-----------average decoder density 0.0000
step 30600: train loss 1.9227, val loss 2.1246
model:LGT728D iter 30600: loss 1.9097, time 11521.30ms, mfu 7.06%
model:LGT728D iter 30610: loss 2.1171, time 753.52ms, mfu 7.27%
model:LGT728D iter 30620: loss 1.9717, time 753.52ms, mfu 7.46%
model:LGT728D iter 30630: loss 2.1514, time 753.52ms, mfu 7.63%
model:LGT728D iter 30640: loss 2.0181, time 753.25ms, mfu 7.78%
-----------average decoder density 0.0000
step 30650: train loss 1.9239, val loss 2.1220
model:LGT728D iter 30650: loss 2.0457, time 11522.05ms, mfu 7.06%
model:LGT728D iter 30660: loss 1.5981, time 753.40ms, mfu 7.27%
model:LGT728D iter 30670: loss 1.7277, time 753.41ms, mfu 7.46%
model:LGT728D iter 30680: loss 1.8169, time 753.58ms, mfu 7.63%
model:LGT728D iter 30690: loss 1.8266, time 753.52ms, mfu 7.78%
-----------average decoder density 0.0000
step 30700: train loss 1.9200, val loss 2.1206
model:LGT728D iter 30700: loss 2.0101, time 11538.14ms, mfu 7.06%
model:LGT728D iter 30710: loss 1.8736, time 753.37ms, mfu 7.27%
model:LGT728D iter 30720: loss 2.2031, time 753.71ms, mfu 7.46%
model:LGT728D iter 30730: loss 2.0543, time 753.52ms, mfu 7.63%
model:LGT728D iter 30740: loss 1.6063, time 753.57ms, mfu 7.78%
-----------average decoder density 0.0000
step 30750: train loss 1.9352, val loss 2.1207
model:LGT728D iter 30750: loss 2.3449, time 11527.80ms, mfu 7.06%
model:LGT728D iter 30760: loss 1.7788, time 753.50ms, mfu 7.27%
model:LGT728D iter 30770: loss 1.9701, time 753.44ms, mfu 7.46%
model:LGT728D iter 30780: loss 1.9067, time 753.58ms, mfu 7.63%
model:LGT728D iter 30790: loss 2.2374, time 753.57ms, mfu 7.78%
-----------average decoder density 0.0000
step 30800: train loss 1.9090, val loss 2.0955
model:LGT728D iter 30800: loss 1.8703, time 11531.97ms, mfu 7.06%
model:LGT728D iter 30810: loss 1.8300, time 753.56ms, mfu 7.27%
model:LGT728D iter 30820: loss 1.5980, time 753.47ms, mfu 7.46%
model:LGT728D iter 30830: loss 1.8648, time 753.44ms, mfu 7.63%
model:LGT728D iter 30840: loss 1.7642, time 753.54ms, mfu 7.78%
-----------average decoder density 0.0000
step 30850: train loss 1.8791, val loss 2.1067
model:LGT728D iter 30850: loss 2.1955, time 11532.95ms, mfu 7.06%
model:LGT728D iter 30860: loss 2.3141, time 753.80ms, mfu 7.27%
model:LGT728D iter 30870: loss 1.8854, time 753.44ms, mfu 7.46%
model:LGT728D iter 30880: loss 2.2321, time 753.36ms, mfu 7.63%
model:LGT728D iter 30890: loss 2.0555, time 753.45ms, mfu 7.78%
-----------average decoder density 0.0000
step 30900: train loss 1.9379, val loss 2.1014
model:LGT728D iter 30900: loss 2.0208, time 11527.49ms, mfu 7.06%
model:LGT728D iter 30910: loss 1.7309, time 753.61ms, mfu 7.27%
model:LGT728D iter 30920: loss 2.0341, time 753.49ms, mfu 7.46%
model:LGT728D iter 30930: loss 1.6288, time 753.57ms, mfu 7.63%
model:LGT728D iter 30940: loss 1.6278, time 753.41ms, mfu 7.78%
-----------average decoder density 0.0000
step 30950: train loss 1.9299, val loss 2.1077
model:LGT728D iter 30950: loss 1.9345, time 11527.48ms, mfu 7.06%
model:LGT728D iter 30960: loss 1.9147, time 753.68ms, mfu 7.27%
model:LGT728D iter 30970: loss 1.8816, time 753.54ms, mfu 7.46%
model:LGT728D iter 30980: loss 1.8195, time 753.73ms, mfu 7.63%
model:LGT728D iter 30990: loss 1.8893, time 753.66ms, mfu 7.78%
-----------average decoder density 0.0000
step 31000: train loss 1.9457, val loss 2.1134
model:LGT728D iter 31000: loss 1.8917, time 11524.48ms, mfu 7.06%
model:LGT728D iter 31010: loss 1.7841, time 753.35ms, mfu 7.27%
model:LGT728D iter 31020: loss 1.6119, time 753.49ms, mfu 7.46%
model:LGT728D iter 31030: loss 1.9021, time 753.56ms, mfu 7.63%
model:LGT728D iter 31040: loss 1.9753, time 753.62ms, mfu 7.78%
-----------average decoder density 0.0000
step 31050: train loss 1.9338, val loss 2.1122
model:LGT728D iter 31050: loss 1.7480, time 11520.98ms, mfu 7.06%
model:LGT728D iter 31060: loss 2.0209, time 753.34ms, mfu 7.27%
model:LGT728D iter 31070: loss 1.9915, time 753.40ms, mfu 7.46%
model:LGT728D iter 31080: loss 2.3129, time 753.52ms, mfu 7.63%
model:LGT728D iter 31090: loss 1.7514, time 753.61ms, mfu 7.78%
-----------average decoder density 0.0000
step 31100: train loss 1.9243, val loss 2.1220
model:LGT728D iter 31100: loss 1.7825, time 11523.02ms, mfu 7.06%
model:LGT728D iter 31110: loss 1.7029, time 753.64ms, mfu 7.27%
model:LGT728D iter 31120: loss 2.1632, time 753.39ms, mfu 7.46%
model:LGT728D iter 31130: loss 2.0843, time 753.42ms, mfu 7.63%
model:LGT728D iter 31140: loss 1.9310, time 753.59ms, mfu 7.78%
-----------average decoder density 0.0000
step 31150: train loss 1.9295, val loss 2.1423
model:LGT728D iter 31150: loss 1.9246, time 11527.12ms, mfu 7.06%
model:LGT728D iter 31160: loss 1.7574, time 753.50ms, mfu 7.27%
model:LGT728D iter 31170: loss 2.0787, time 753.53ms, mfu 7.46%
model:LGT728D iter 31180: loss 1.9020, time 753.55ms, mfu 7.63%
model:LGT728D iter 31190: loss 2.0101, time 753.50ms, mfu 7.78%
-----------average decoder density 0.0000
step 31200: train loss 1.9307, val loss 2.1292
model:LGT728D iter 31200: loss 1.7410, time 11520.19ms, mfu 7.06%
model:LGT728D iter 31210: loss 1.6530, time 753.56ms, mfu 7.27%
model:LGT728D iter 31220: loss 1.8773, time 755.24ms, mfu 7.45%
model:LGT728D iter 31230: loss 1.7301, time 753.59ms, mfu 7.62%
model:LGT728D iter 31240: loss 1.7751, time 753.30ms, mfu 7.78%
-----------average decoder density 0.0000
step 31250: train loss 1.9150, val loss 2.1180
model:LGT728D iter 31250: loss 1.9997, time 11524.07ms, mfu 7.06%
model:LGT728D iter 31260: loss 2.0083, time 753.42ms, mfu 7.27%
model:LGT728D iter 31270: loss 1.8844, time 753.67ms, mfu 7.46%
model:LGT728D iter 31280: loss 1.9018, time 753.53ms, mfu 7.63%
model:LGT728D iter 31290: loss 2.1844, time 753.60ms, mfu 7.78%
-----------average decoder density 0.0000
step 31300: train loss 1.9340, val loss 2.1082
model:LGT728D iter 31300: loss 2.0093, time 11522.23ms, mfu 7.06%
model:LGT728D iter 31310: loss 1.9396, time 753.52ms, mfu 7.27%
model:LGT728D iter 31320: loss 1.9822, time 753.52ms, mfu 7.46%
model:LGT728D iter 31330: loss 1.7431, time 753.48ms, mfu 7.63%
model:LGT728D iter 31340: loss 2.1019, time 753.58ms, mfu 7.78%
-----------average decoder density 0.0000
step 31350: train loss 1.9117, val loss 2.1087
model:LGT728D iter 31350: loss 1.9264, time 11520.21ms, mfu 7.06%
model:LGT728D iter 31360: loss 2.3002, time 753.23ms, mfu 7.27%
model:LGT728D iter 31370: loss 2.2780, time 753.52ms, mfu 7.46%
model:LGT728D iter 31380: loss 2.1071, time 753.56ms, mfu 7.63%
model:LGT728D iter 31390: loss 1.8864, time 753.34ms, mfu 7.78%
-----------average decoder density 0.0000
step 31400: train loss 1.9206, val loss 2.1014
model:LGT728D iter 31400: loss 1.9804, time 11519.92ms, mfu 7.06%
model:LGT728D iter 31410: loss 1.8350, time 753.60ms, mfu 7.27%
model:LGT728D iter 31420: loss 2.0970, time 753.25ms, mfu 7.46%
model:LGT728D iter 31430: loss 2.0584, time 753.54ms, mfu 7.63%
model:LGT728D iter 31440: loss 1.9143, time 753.59ms, mfu 7.78%
-----------average decoder density 0.0000
step 31450: train loss 1.9234, val loss 2.1102
model:LGT728D iter 31450: loss 2.0745, time 11520.42ms, mfu 7.06%
model:LGT728D iter 31460: loss 1.6407, time 753.50ms, mfu 7.27%
model:LGT728D iter 31470: loss 2.0729, time 753.46ms, mfu 7.46%
model:LGT728D iter 31480: loss 1.8947, time 753.28ms, mfu 7.63%
model:LGT728D iter 31490: loss 1.9395, time 753.55ms, mfu 7.78%
-----------average decoder density 0.0000
step 31500: train loss 1.8924, val loss 2.0812
saving checkpoint to out-novel-char3_LGT728D_3d25ede0cfd080d9e35756b051dcef65
model:LGT728D iter 31500: loss 1.9588, time 12582.43ms, mfu 7.06%
model:LGT728D iter 31510: loss 2.0731, time 753.55ms, mfu 7.26%
model:LGT728D iter 31520: loss 1.5599, time 753.41ms, mfu 7.45%
model:LGT728D iter 31530: loss 1.8993, time 753.56ms, mfu 7.62%
model:LGT728D iter 31540: loss 1.8577, time 753.25ms, mfu 7.78%
-----------average decoder density 0.0000
step 31550: train loss 1.9172, val loss 2.1093
model:LGT728D iter 31550: loss 1.9451, time 11537.36ms, mfu 7.06%
model:LGT728D iter 31560: loss 2.0224, time 753.47ms, mfu 7.27%
model:LGT728D iter 31570: loss 1.7675, time 753.45ms, mfu 7.46%
model:LGT728D iter 31580: loss 1.8507, time 753.50ms, mfu 7.62%
model:LGT728D iter 31590: loss 1.9741, time 753.68ms, mfu 7.78%
-----------average decoder density 0.0000
step 31600: train loss 1.9045, val loss 2.1042
model:LGT728D iter 31600: loss 1.7276, time 11526.59ms, mfu 7.06%
model:LGT728D iter 31610: loss 2.1954, time 753.62ms, mfu 7.27%
model:LGT728D iter 31620: loss 1.6050, time 753.66ms, mfu 7.46%
model:LGT728D iter 31630: loss 2.1571, time 753.68ms, mfu 7.62%
model:LGT728D iter 31640: loss 2.1069, time 753.56ms, mfu 7.78%
-----------average decoder density 0.0000
step 31650: train loss 1.9099, val loss 2.1217
model:LGT728D iter 31650: loss 2.0231, time 11524.65ms, mfu 7.06%
model:LGT728D iter 31660: loss 1.8651, time 753.21ms, mfu 7.27%
model:LGT728D iter 31670: loss 1.9798, time 753.47ms, mfu 7.46%
model:LGT728D iter 31680: loss 1.8600, time 753.50ms, mfu 7.63%
model:LGT728D iter 31690: loss 1.3091, time 753.51ms, mfu 7.78%
-----------average decoder density 0.0000
step 31700: train loss 1.9037, val loss 2.1062
model:LGT728D iter 31700: loss 1.9669, time 11526.04ms, mfu 7.06%
model:LGT728D iter 31710: loss 1.7181, time 753.52ms, mfu 7.27%
model:LGT728D iter 31720: loss 2.1722, time 753.35ms, mfu 7.46%
model:LGT728D iter 31730: loss 1.9779, time 753.32ms, mfu 7.63%
model:LGT728D iter 31740: loss 2.1376, time 753.60ms, mfu 7.78%
-----------average decoder density 0.0000
step 31750: train loss 1.8968, val loss 2.1041
model:LGT728D iter 31750: loss 1.9266, time 11533.45ms, mfu 7.06%
model:LGT728D iter 31760: loss 2.0342, time 753.54ms, mfu 7.27%
model:LGT728D iter 31770: loss 1.8436, time 753.52ms, mfu 7.46%
model:LGT728D iter 31780: loss 2.0445, time 753.41ms, mfu 7.63%
model:LGT728D iter 31790: loss 1.9223, time 753.58ms, mfu 7.78%
-----------average decoder density 0.0000
step 31800: train loss 1.9301, val loss 2.1147
model:LGT728D iter 31800: loss 1.8620, time 11518.56ms, mfu 7.06%
model:LGT728D iter 31810: loss 1.8426, time 753.60ms, mfu 7.27%
model:LGT728D iter 31820: loss 1.8501, time 753.53ms, mfu 7.46%
model:LGT728D iter 31830: loss 1.8964, time 753.46ms, mfu 7.63%
model:LGT728D iter 31840: loss 2.0172, time 753.87ms, mfu 7.78%
-----------average decoder density 0.0000
step 31850: train loss 1.9191, val loss 2.1147
model:LGT728D iter 31850: loss 1.4198, time 11525.24ms, mfu 7.06%
model:LGT728D iter 31860: loss 1.7096, time 753.44ms, mfu 7.27%
model:LGT728D iter 31870: loss 2.0516, time 753.64ms, mfu 7.46%
model:LGT728D iter 31880: loss 2.3206, time 753.57ms, mfu 7.63%
model:LGT728D iter 31890: loss 2.0448, time 753.49ms, mfu 7.78%
-----------average decoder density 0.0000
step 31900: train loss 1.9220, val loss 2.0804
saving checkpoint to out-novel-char3_LGT728D_3d25ede0cfd080d9e35756b051dcef65
model:LGT728D iter 31900: loss 2.1639, time 12599.77ms, mfu 7.05%
model:LGT728D iter 31910: loss 2.0249, time 753.43ms, mfu 7.26%
model:LGT728D iter 31920: loss 2.0134, time 753.56ms, mfu 7.45%
model:LGT728D iter 31930: loss 1.8695, time 753.76ms, mfu 7.62%
model:LGT728D iter 31940: loss 2.0012, time 753.68ms, mfu 7.77%
-----------average decoder density 0.0000
step 31950: train loss 1.9045, val loss 2.1182
model:LGT728D iter 31950: loss 1.9567, time 11526.06ms, mfu 7.06%
model:LGT728D iter 31960: loss 2.1070, time 753.24ms, mfu 7.27%
model:LGT728D iter 31970: loss 1.9616, time 753.36ms, mfu 7.45%
model:LGT728D iter 31980: loss 2.0187, time 753.58ms, mfu 7.62%
model:LGT728D iter 31990: loss 1.2280, time 753.37ms, mfu 7.78%
-----------average decoder density 0.0000
step 32000: train loss 1.9309, val loss 2.1150
model:LGT728D iter 32000: loss 1.7426, time 11522.35ms, mfu 7.06%
model:LGT728D iter 32010: loss 1.9728, time 753.51ms, mfu 7.27%
model:LGT728D iter 32020: loss 1.7752, time 753.65ms, mfu 7.46%
model:LGT728D iter 32030: loss 2.0685, time 753.75ms, mfu 7.62%
model:LGT728D iter 32040: loss 1.9243, time 753.52ms, mfu 7.78%
-----------average decoder density 0.0000
step 32050: train loss 1.9269, val loss 2.0877
model:LGT728D iter 32050: loss 1.8893, time 11524.76ms, mfu 7.06%
model:LGT728D iter 32060: loss 2.2080, time 753.64ms, mfu 7.27%
model:LGT728D iter 32070: loss 1.9856, time 753.56ms, mfu 7.46%
model:LGT728D iter 32080: loss 1.9234, time 753.54ms, mfu 7.63%
model:LGT728D iter 32090: loss 2.1000, time 753.52ms, mfu 7.78%
-----------average decoder density 0.0000
step 32100: train loss 1.9222, val loss 2.1004
model:LGT728D iter 32100: loss 2.0400, time 11518.39ms, mfu 7.06%
model:LGT728D iter 32110: loss 2.0667, time 753.39ms, mfu 7.27%
model:LGT728D iter 32120: loss 1.7145, time 753.39ms, mfu 7.46%
model:LGT728D iter 32130: loss 1.8578, time 753.43ms, mfu 7.63%
model:LGT728D iter 32140: loss 2.0705, time 753.45ms, mfu 7.78%
-----------average decoder density 0.0000
step 32150: train loss 1.9083, val loss 2.0822
model:LGT728D iter 32150: loss 2.1582, time 11520.30ms, mfu 7.06%
model:LGT728D iter 32160: loss 2.1120, time 753.43ms, mfu 7.27%
model:LGT728D iter 32170: loss 1.5369, time 753.50ms, mfu 7.46%
model:LGT728D iter 32180: loss 2.0363, time 753.63ms, mfu 7.63%
model:LGT728D iter 32190: loss 1.4968, time 753.59ms, mfu 7.78%
-----------average decoder density 0.0000
step 32200: train loss 1.9228, val loss 2.0992
model:LGT728D iter 32200: loss 2.0310, time 11518.33ms, mfu 7.06%
model:LGT728D iter 32210: loss 1.7451, time 753.47ms, mfu 7.27%
model:LGT728D iter 32220: loss 2.1047, time 753.44ms, mfu 7.46%
model:LGT728D iter 32230: loss 2.1148, time 753.54ms, mfu 7.63%
model:LGT728D iter 32240: loss 2.0810, time 753.45ms, mfu 7.78%
-----------average decoder density 0.0000
step 32250: train loss 1.9095, val loss 2.0881
model:LGT728D iter 32250: loss 1.7173, time 11533.75ms, mfu 7.06%
model:LGT728D iter 32260: loss 1.8822, time 753.50ms, mfu 7.27%
model:LGT728D iter 32270: loss 2.2182, time 753.72ms, mfu 7.46%
model:LGT728D iter 32280: loss 1.9527, time 753.50ms, mfu 7.63%
model:LGT728D iter 32290: loss 1.9750, time 753.54ms, mfu 7.78%
-----------average decoder density 0.0000
step 32300: train loss 1.8963, val loss 2.0871
model:LGT728D iter 32300: loss 2.2257, time 11523.35ms, mfu 7.06%
model:LGT728D iter 32310: loss 1.8737, time 753.42ms, mfu 7.27%
model:LGT728D iter 32320: loss 1.7666, time 753.27ms, mfu 7.46%
model:LGT728D iter 32330: loss 1.8384, time 753.35ms, mfu 7.63%
model:LGT728D iter 32340: loss 1.9449, time 753.38ms, mfu 7.78%
-----------average decoder density 0.0000
step 32350: train loss 1.8951, val loss 2.1083
model:LGT728D iter 32350: loss 1.8378, time 11516.03ms, mfu 7.06%
model:LGT728D iter 32360: loss 1.8559, time 753.45ms, mfu 7.27%
model:LGT728D iter 32370: loss 2.0155, time 753.38ms, mfu 7.46%
model:LGT728D iter 32380: loss 2.2101, time 753.41ms, mfu 7.63%
model:LGT728D iter 32390: loss 1.9671, time 753.32ms, mfu 7.78%
-----------average decoder density 0.0000
step 32400: train loss 1.9023, val loss 2.1056
model:LGT728D iter 32400: loss 2.1335, time 11517.31ms, mfu 7.06%
model:LGT728D iter 32410: loss 1.9265, time 753.47ms, mfu 7.27%
model:LGT728D iter 32420: loss 2.0006, time 753.61ms, mfu 7.46%
model:LGT728D iter 32430: loss 1.4127, time 753.37ms, mfu 7.63%
model:LGT728D iter 32440: loss 1.8894, time 753.33ms, mfu 7.78%
-----------average decoder density 0.0000
step 32450: train loss 1.8897, val loss 2.1120
model:LGT728D iter 32450: loss 2.1547, time 11532.75ms, mfu 7.06%
model:LGT728D iter 32460: loss 1.9277, time 753.80ms, mfu 7.27%
model:LGT728D iter 32470: loss 2.1775, time 753.58ms, mfu 7.46%
model:LGT728D iter 32480: loss 2.0478, time 753.54ms, mfu 7.63%
model:LGT728D iter 32490: loss 1.6611, time 753.52ms, mfu 7.78%
-----------average decoder density 0.0000
step 32500: train loss 1.8999, val loss 2.0929
model:LGT728D iter 32500: loss 1.8974, time 11527.96ms, mfu 7.06%
model:LGT728D iter 32510: loss 1.9368, time 753.43ms, mfu 7.27%
model:LGT728D iter 32520: loss 2.1049, time 753.44ms, mfu 7.46%
model:LGT728D iter 32530: loss 1.8161, time 753.55ms, mfu 7.63%
model:LGT728D iter 32540: loss 1.9558, time 753.57ms, mfu 7.78%
-----------average decoder density 0.0000
step 32550: train loss 1.9468, val loss 2.0942
model:LGT728D iter 32550: loss 2.0711, time 11517.78ms, mfu 7.06%
model:LGT728D iter 32560: loss 2.1409, time 753.16ms, mfu 7.27%
model:LGT728D iter 32570: loss 1.9341, time 753.47ms, mfu 7.46%
model:LGT728D iter 32580: loss 1.9260, time 753.34ms, mfu 7.63%
model:LGT728D iter 32590: loss 2.1093, time 753.46ms, mfu 7.78%
-----------average decoder density 0.0000
step 32600: train loss 1.9129, val loss 2.0901
model:LGT728D iter 32600: loss 1.9250, time 11520.70ms, mfu 7.06%
model:LGT728D iter 32610: loss 1.3785, time 753.45ms, mfu 7.27%
model:LGT728D iter 32620: loss 2.0774, time 753.22ms, mfu 7.46%
model:LGT728D iter 32630: loss 1.8032, time 753.38ms, mfu 7.63%
model:LGT728D iter 32640: loss 1.9102, time 753.44ms, mfu 7.78%
-----------average decoder density 0.0000
step 32650: train loss 1.9100, val loss 2.1009
model:LGT728D iter 32650: loss 1.7085, time 11519.87ms, mfu 7.06%
model:LGT728D iter 32660: loss 1.8277, time 753.42ms, mfu 7.27%
model:LGT728D iter 32670: loss 1.8051, time 753.50ms, mfu 7.46%
model:LGT728D iter 32680: loss 1.9321, time 753.76ms, mfu 7.63%
model:LGT728D iter 32690: loss 1.9689, time 753.36ms, mfu 7.78%
-----------average decoder density 0.0000
step 32700: train loss 1.9112, val loss 2.1039
model:LGT728D iter 32700: loss 1.8890, time 11531.29ms, mfu 7.06%
model:LGT728D iter 32710: loss 1.9628, time 753.55ms, mfu 7.27%
model:LGT728D iter 32720: loss 1.9273, time 753.46ms, mfu 7.46%
model:LGT728D iter 32730: loss 1.8170, time 753.34ms, mfu 7.63%
model:LGT728D iter 32740: loss 2.5032, time 753.34ms, mfu 7.78%
-----------average decoder density 0.0000
step 32750: train loss 1.9045, val loss 2.1056
model:LGT728D iter 32750: loss 2.0147, time 11526.47ms, mfu 7.06%
model:LGT728D iter 32760: loss 1.6408, time 753.41ms, mfu 7.27%
model:LGT728D iter 32770: loss 1.9929, time 753.66ms, mfu 7.46%
model:LGT728D iter 32780: loss 1.7811, time 753.57ms, mfu 7.63%
model:LGT728D iter 32790: loss 1.8278, time 753.37ms, mfu 7.78%
-----------average decoder density 0.0000
step 32800: train loss 1.9063, val loss 2.0868
model:LGT728D iter 32800: loss 1.9143, time 11523.87ms, mfu 7.06%
model:LGT728D iter 32810: loss 1.8554, time 753.51ms, mfu 7.27%
model:LGT728D iter 32820: loss 1.7907, time 753.52ms, mfu 7.46%
model:LGT728D iter 32830: loss 2.3435, time 753.75ms, mfu 7.63%
model:LGT728D iter 32840: loss 1.9240, time 753.43ms, mfu 7.78%
-----------average decoder density 0.0000
step 32850: train loss 1.9005, val loss 2.1020
model:LGT728D iter 32850: loss 2.0104, time 11523.97ms, mfu 7.06%
model:LGT728D iter 32860: loss 2.0081, time 753.43ms, mfu 7.27%
model:LGT728D iter 32870: loss 1.3417, time 753.85ms, mfu 7.46%
model:LGT728D iter 32880: loss 1.9492, time 753.80ms, mfu 7.63%
model:LGT728D iter 32890: loss 2.2011, time 753.60ms, mfu 7.78%
-----------average decoder density 0.0000
step 32900: train loss 1.9081, val loss 2.1195
model:LGT728D iter 32900: loss 2.0043, time 11539.21ms, mfu 7.06%
model:LGT728D iter 32910: loss 1.9159, time 753.30ms, mfu 7.27%
model:LGT728D iter 32920: loss 1.9348, time 753.60ms, mfu 7.46%
model:LGT728D iter 32930: loss 1.7247, time 753.43ms, mfu 7.63%
model:LGT728D iter 32940: loss 2.1167, time 753.31ms, mfu 7.78%
-----------average decoder density 0.0000
step 32950: train loss 1.8973, val loss 2.0868
model:LGT728D iter 32950: loss 1.7598, time 11518.97ms, mfu 7.06%
model:LGT728D iter 32960: loss 1.7914, time 753.40ms, mfu 7.27%
model:LGT728D iter 32970: loss 1.4895, time 753.83ms, mfu 7.46%
model:LGT728D iter 32980: loss 1.9621, time 753.30ms, mfu 7.63%
model:LGT728D iter 32990: loss 2.3349, time 753.38ms, mfu 7.78%
-----------average decoder density 0.0000
step 33000: train loss 1.8926, val loss 2.1077
model:LGT728D iter 33000: loss 1.9706, time 11522.55ms, mfu 7.06%
model:LGT728D iter 33010: loss 2.1059, time 753.57ms, mfu 7.27%
model:LGT728D iter 33020: loss 1.7000, time 753.44ms, mfu 7.46%
model:LGT728D iter 33030: loss 1.7868, time 753.31ms, mfu 7.63%
model:LGT728D iter 33040: loss 2.0123, time 753.23ms, mfu 7.78%
-----------average decoder density 0.0000
step 33050: train loss 1.9103, val loss 2.0953
model:LGT728D iter 33050: loss 1.8521, time 11523.26ms, mfu 7.06%
model:LGT728D iter 33060: loss 1.8293, time 753.37ms, mfu 7.27%
model:LGT728D iter 33070: loss 1.9191, time 753.56ms, mfu 7.46%
model:LGT728D iter 33080: loss 1.6053, time 753.52ms, mfu 7.63%
model:LGT728D iter 33090: loss 1.7353, time 753.53ms, mfu 7.78%
-----------average decoder density 0.0000
step 33100: train loss 1.9136, val loss 2.0956
model:LGT728D iter 33100: loss 2.1813, time 11526.13ms, mfu 7.06%
model:LGT728D iter 33110: loss 1.8290, time 753.43ms, mfu 7.27%
model:LGT728D iter 33120: loss 1.8594, time 753.72ms, mfu 7.46%
model:LGT728D iter 33130: loss 2.1920, time 753.47ms, mfu 7.63%
model:LGT728D iter 33140: loss 1.6480, time 753.66ms, mfu 7.78%
-----------average decoder density 0.0000
step 33150: train loss 1.9130, val loss 2.0905
model:LGT728D iter 33150: loss 1.8834, time 11521.10ms, mfu 7.06%
model:LGT728D iter 33160: loss 1.5989, time 753.45ms, mfu 7.27%
model:LGT728D iter 33170: loss 1.8874, time 753.41ms, mfu 7.46%
model:LGT728D iter 33180: loss 1.7791, time 753.48ms, mfu 7.63%
model:LGT728D iter 33190: loss 1.9461, time 753.59ms, mfu 7.78%
-----------average decoder density 0.0000
step 33200: train loss 1.9318, val loss 2.0915
model:LGT728D iter 33200: loss 1.8457, time 11524.28ms, mfu 7.06%
model:LGT728D iter 33210: loss 1.9713, time 753.57ms, mfu 7.27%
model:LGT728D iter 33220: loss 1.4399, time 753.28ms, mfu 7.46%
model:LGT728D iter 33230: loss 1.5526, time 753.54ms, mfu 7.63%
model:LGT728D iter 33240: loss 1.7102, time 753.37ms, mfu 7.78%
-----------average decoder density 0.0000
step 33250: train loss 1.9027, val loss 2.0873
model:LGT728D iter 33250: loss 1.7540, time 11521.35ms, mfu 7.06%
model:LGT728D iter 33260: loss 1.5655, time 753.58ms, mfu 7.27%
model:LGT728D iter 33270: loss 2.0001, time 753.68ms, mfu 7.46%
model:LGT728D iter 33280: loss 2.1688, time 753.37ms, mfu 7.63%
model:LGT728D iter 33290: loss 2.4213, time 753.42ms, mfu 7.78%
-----------average decoder density 0.0000
step 33300: train loss 1.8919, val loss 2.0918
model:LGT728D iter 33300: loss 1.7565, time 11523.45ms, mfu 7.06%
model:LGT728D iter 33310: loss 2.0189, time 753.44ms, mfu 7.27%
model:LGT728D iter 33320: loss 2.1494, time 753.73ms, mfu 7.46%
model:LGT728D iter 33330: loss 1.7999, time 753.52ms, mfu 7.63%
model:LGT728D iter 33340: loss 1.8566, time 753.32ms, mfu 7.78%
-----------average decoder density 0.0000
step 33350: train loss 1.9100, val loss 2.1012
model:LGT728D iter 33350: loss 1.8114, time 11528.21ms, mfu 7.06%
model:LGT728D iter 33360: loss 2.1361, time 753.48ms, mfu 7.27%
model:LGT728D iter 33370: loss 1.9045, time 753.79ms, mfu 7.46%
model:LGT728D iter 33380: loss 2.3454, time 753.71ms, mfu 7.63%
model:LGT728D iter 33390: loss 2.1561, time 753.32ms, mfu 7.78%
-----------average decoder density 0.0000
step 33400: train loss 1.9058, val loss 2.1206
model:LGT728D iter 33400: loss 1.7193, time 11525.39ms, mfu 7.06%
model:LGT728D iter 33410: loss 1.5278, time 754.09ms, mfu 7.27%
model:LGT728D iter 33420: loss 2.2079, time 754.18ms, mfu 7.46%
model:LGT728D iter 33430: loss 1.9064, time 754.18ms, mfu 7.62%
model:LGT728D iter 33440: loss 1.8975, time 754.09ms, mfu 7.78%
-----------average decoder density 0.0000
step 33450: train loss 1.9193, val loss 2.0945
model:LGT728D iter 33450: loss 1.6228, time 11527.87ms, mfu 7.06%
model:LGT728D iter 33460: loss 1.8295, time 754.02ms, mfu 7.27%
model:LGT728D iter 33470: loss 1.9943, time 753.94ms, mfu 7.45%
model:LGT728D iter 33480: loss 2.1900, time 754.01ms, mfu 7.62%
model:LGT728D iter 33490: loss 2.1780, time 753.93ms, mfu 7.77%
-----------average decoder density 0.0000
step 33500: train loss 1.8871, val loss 2.0778
saving checkpoint to out-novel-char3_LGT728D_3d25ede0cfd080d9e35756b051dcef65
model:LGT728D iter 33500: loss 1.8458, time 12570.41ms, mfu 7.05%
model:LGT728D iter 33510: loss 2.0748, time 753.82ms, mfu 7.26%
model:LGT728D iter 33520: loss 1.9788, time 753.90ms, mfu 7.45%
model:LGT728D iter 33530: loss 1.7389, time 753.86ms, mfu 7.62%
model:LGT728D iter 33540: loss 1.7596, time 754.01ms, mfu 7.77%
-----------average decoder density 0.0000
step 33550: train loss 1.8806, val loss 2.0805
model:LGT728D iter 33550: loss 2.1462, time 11528.58ms, mfu 7.05%
model:LGT728D iter 33560: loss 2.1219, time 754.20ms, mfu 7.26%
model:LGT728D iter 33570: loss 1.8962, time 753.99ms, mfu 7.45%
model:LGT728D iter 33580: loss 1.8621, time 753.70ms, mfu 7.62%
model:LGT728D iter 33590: loss 2.2753, time 753.89ms, mfu 7.77%
-----------average decoder density 0.0000
step 33600: train loss 1.8847, val loss 2.1020
model:LGT728D iter 33600: loss 1.9528, time 11527.93ms, mfu 7.06%
model:LGT728D iter 33610: loss 1.8578, time 753.94ms, mfu 7.26%
model:LGT728D iter 33620: loss 1.9131, time 753.74ms, mfu 7.45%
model:LGT728D iter 33630: loss 1.9659, time 753.77ms, mfu 7.62%
model:LGT728D iter 33640: loss 1.9283, time 753.78ms, mfu 7.77%
-----------average decoder density 0.0000
step 33650: train loss 1.9158, val loss 2.0956
model:LGT728D iter 33650: loss 1.6093, time 11528.75ms, mfu 7.06%
model:LGT728D iter 33660: loss 1.9278, time 753.99ms, mfu 7.26%
model:LGT728D iter 33670: loss 1.9730, time 753.94ms, mfu 7.45%
model:LGT728D iter 33680: loss 1.8019, time 753.86ms, mfu 7.62%
model:LGT728D iter 33690: loss 2.0316, time 754.13ms, mfu 7.77%
-----------average decoder density 0.0000
step 33700: train loss 1.9061, val loss 2.0863
model:LGT728D iter 33700: loss 1.8612, time 11531.52ms, mfu 7.06%
model:LGT728D iter 33710: loss 2.1755, time 753.95ms, mfu 7.26%
model:LGT728D iter 33720: loss 1.8224, time 753.92ms, mfu 7.45%
model:LGT728D iter 33730: loss 1.7868, time 754.09ms, mfu 7.62%
model:LGT728D iter 33740: loss 2.1119, time 754.07ms, mfu 7.77%
-----------average decoder density 0.0000
step 33750: train loss 1.9032, val loss 2.1285
model:LGT728D iter 33750: loss 1.8590, time 11530.07ms, mfu 7.06%
model:LGT728D iter 33760: loss 1.9086, time 753.80ms, mfu 7.26%
model:LGT728D iter 33770: loss 2.2018, time 753.97ms, mfu 7.45%
model:LGT728D iter 33780: loss 1.8943, time 753.91ms, mfu 7.62%
model:LGT728D iter 33790: loss 1.7827, time 753.97ms, mfu 7.77%
-----------average decoder density 0.0000
step 33800: train loss 1.9076, val loss 2.0908
model:LGT728D iter 33800: loss 1.7581, time 11529.62ms, mfu 7.06%
model:LGT728D iter 33810: loss 1.7472, time 753.99ms, mfu 7.26%
model:LGT728D iter 33820: loss 1.9508, time 753.81ms, mfu 7.45%
model:LGT728D iter 33830: loss 2.0084, time 753.97ms, mfu 7.62%
model:LGT728D iter 33840: loss 1.9646, time 753.98ms, mfu 7.77%
-----------average decoder density 0.0000
step 33850: train loss 1.8893, val loss 2.0723
saving checkpoint to out-novel-char3_LGT728D_3d25ede0cfd080d9e35756b051dcef65
model:LGT728D iter 33850: loss 1.9536, time 12589.70ms, mfu 7.05%
model:LGT728D iter 33860: loss 1.9586, time 754.22ms, mfu 7.26%
model:LGT728D iter 33870: loss 1.9737, time 754.05ms, mfu 7.45%
model:LGT728D iter 33880: loss 2.0471, time 753.87ms, mfu 7.62%
model:LGT728D iter 33890: loss 2.1162, time 754.11ms, mfu 7.77%
-----------average decoder density 0.0000
step 33900: train loss 1.8876, val loss 2.1037
model:LGT728D iter 33900: loss 1.8835, time 11528.59ms, mfu 7.05%
model:LGT728D iter 33910: loss 2.1581, time 753.91ms, mfu 7.26%
model:LGT728D iter 33920: loss 1.9096, time 754.08ms, mfu 7.45%
model:LGT728D iter 33930: loss 1.7544, time 754.02ms, mfu 7.62%
model:LGT728D iter 33940: loss 1.8207, time 754.01ms, mfu 7.77%
-----------average decoder density 0.0000
step 33950: train loss 1.8985, val loss 2.1025
model:LGT728D iter 33950: loss 1.9618, time 11522.53ms, mfu 7.05%
model:LGT728D iter 33960: loss 1.8633, time 753.92ms, mfu 7.26%
model:LGT728D iter 33970: loss 2.0846, time 754.02ms, mfu 7.45%
model:LGT728D iter 33980: loss 1.9157, time 753.98ms, mfu 7.62%
model:LGT728D iter 33990: loss 1.9700, time 753.96ms, mfu 7.77%
-----------average decoder density 0.0000
step 34000: train loss 1.9001, val loss 2.1155
model:LGT728D iter 34000: loss 1.9358, time 11526.17ms, mfu 7.05%
model:LGT728D iter 34010: loss 1.8294, time 753.89ms, mfu 7.26%
model:LGT728D iter 34020: loss 2.0672, time 754.02ms, mfu 7.45%
model:LGT728D iter 34030: loss 1.8718, time 753.96ms, mfu 7.62%
model:LGT728D iter 34040: loss 1.9679, time 754.08ms, mfu 7.77%
-----------average decoder density 0.0000
step 34050: train loss 1.8995, val loss 2.0601
saving checkpoint to out-novel-char3_LGT728D_3d25ede0cfd080d9e35756b051dcef65
model:LGT728D iter 34050: loss 1.9206, time 12578.78ms, mfu 7.05%
model:LGT728D iter 34060: loss 1.7550, time 753.89ms, mfu 7.26%
model:LGT728D iter 34070: loss 2.0603, time 753.84ms, mfu 7.45%
model:LGT728D iter 34080: loss 1.9469, time 753.87ms, mfu 7.62%
model:LGT728D iter 34090: loss 2.2589, time 753.95ms, mfu 7.77%
-----------average decoder density 0.0000
step 34100: train loss 1.9312, val loss 2.1080
model:LGT728D iter 34100: loss 1.7390, time 11534.04ms, mfu 7.05%
model:LGT728D iter 34110: loss 1.8370, time 754.05ms, mfu 7.26%
model:LGT728D iter 34120: loss 1.9350, time 753.78ms, mfu 7.45%
model:LGT728D iter 34130: loss 2.0018, time 753.93ms, mfu 7.62%
model:LGT728D iter 34140: loss 2.0829, time 753.92ms, mfu 7.77%
-----------average decoder density 0.0000
step 34150: train loss 1.8970, val loss 2.0858
model:LGT728D iter 34150: loss 2.0434, time 11526.02ms, mfu 7.05%
model:LGT728D iter 34160: loss 2.1038, time 754.08ms, mfu 7.26%
model:LGT728D iter 34170: loss 1.8652, time 754.06ms, mfu 7.45%
model:LGT728D iter 34180: loss 1.8754, time 753.97ms, mfu 7.62%
model:LGT728D iter 34190: loss 1.9265, time 753.99ms, mfu 7.77%
-----------average decoder density 0.0000
step 34200: train loss 1.8850, val loss 2.0954
model:LGT728D iter 34200: loss 1.5391, time 11528.70ms, mfu 7.05%
model:LGT728D iter 34210: loss 1.8883, time 753.91ms, mfu 7.26%
model:LGT728D iter 34220: loss 1.9277, time 754.32ms, mfu 7.45%
model:LGT728D iter 34230: loss 1.8780, time 753.81ms, mfu 7.62%
model:LGT728D iter 34240: loss 1.8963, time 754.10ms, mfu 7.77%
-----------average decoder density 0.0000
step 34250: train loss 1.8894, val loss 2.0961
model:LGT728D iter 34250: loss 2.0218, time 11531.28ms, mfu 7.06%
model:LGT728D iter 34260: loss 1.7004, time 753.97ms, mfu 7.26%
model:LGT728D iter 34270: loss 2.0296, time 753.90ms, mfu 7.45%
model:LGT728D iter 34280: loss 1.8555, time 754.08ms, mfu 7.62%
model:LGT728D iter 34290: loss 1.8544, time 754.01ms, mfu 7.77%
-----------average decoder density 0.0000
step 34300: train loss 1.9141, val loss 2.1062
model:LGT728D iter 34300: loss 2.0344, time 11529.71ms, mfu 7.06%
model:LGT728D iter 34310: loss 2.0139, time 753.99ms, mfu 7.26%
model:LGT728D iter 34320: loss 1.5197, time 753.82ms, mfu 7.45%
model:LGT728D iter 34330: loss 1.9628, time 753.85ms, mfu 7.62%
model:LGT728D iter 34340: loss 2.2829, time 753.90ms, mfu 7.77%
-----------average decoder density 0.0000
step 34350: train loss 1.9007, val loss 2.0832
model:LGT728D iter 34350: loss 1.7716, time 11528.02ms, mfu 7.06%
model:LGT728D iter 34360: loss 1.6813, time 753.74ms, mfu 7.27%
model:LGT728D iter 34370: loss 1.8861, time 754.04ms, mfu 7.45%
model:LGT728D iter 34380: loss 1.5114, time 753.97ms, mfu 7.62%
model:LGT728D iter 34390: loss 1.9790, time 753.94ms, mfu 7.77%
-----------average decoder density 0.0000
step 34400: train loss 1.8825, val loss 2.0959
model:LGT728D iter 34400: loss 1.9832, time 11527.60ms, mfu 7.06%
model:LGT728D iter 34410: loss 2.0132, time 753.99ms, mfu 7.26%
model:LGT728D iter 34420: loss 1.9083, time 753.90ms, mfu 7.45%
model:LGT728D iter 34430: loss 1.9343, time 753.80ms, mfu 7.62%
model:LGT728D iter 34440: loss 2.0485, time 753.90ms, mfu 7.77%
-----------average decoder density 0.0000
step 34450: train loss 1.9162, val loss 2.1030
model:LGT728D iter 34450: loss 1.8358, time 11527.26ms, mfu 7.06%
model:LGT728D iter 34460: loss 1.8202, time 754.07ms, mfu 7.26%
model:LGT728D iter 34470: loss 1.5688, time 753.99ms, mfu 7.45%
model:LGT728D iter 34480: loss 1.6768, time 753.84ms, mfu 7.62%
model:LGT728D iter 34490: loss 1.7692, time 753.90ms, mfu 7.77%
-----------average decoder density 0.0000
step 34500: train loss 1.8943, val loss 2.0844
model:LGT728D iter 34500: loss 1.8155, time 11530.57ms, mfu 7.06%
model:LGT728D iter 34510: loss 2.1135, time 753.85ms, mfu 7.27%
model:LGT728D iter 34520: loss 1.8362, time 754.05ms, mfu 7.45%
model:LGT728D iter 34530: loss 2.1236, time 753.77ms, mfu 7.62%
model:LGT728D iter 34540: loss 1.9643, time 753.91ms, mfu 7.77%
-----------average decoder density 0.0000
step 34550: train loss 1.8968, val loss 2.1008
model:LGT728D iter 34550: loss 1.8566, time 11533.82ms, mfu 7.06%
model:LGT728D iter 34560: loss 1.8113, time 754.08ms, mfu 7.27%
model:LGT728D iter 34570: loss 2.1284, time 753.88ms, mfu 7.45%
model:LGT728D iter 34580: loss 2.1698, time 754.10ms, mfu 7.62%
model:LGT728D iter 34590: loss 1.7917, time 754.15ms, mfu 7.77%
-----------average decoder density 0.0000
step 34600: train loss 1.8924, val loss 2.0867
model:LGT728D iter 34600: loss 1.9024, time 11532.84ms, mfu 7.06%
model:LGT728D iter 34610: loss 2.0465, time 754.02ms, mfu 7.26%
model:LGT728D iter 34620: loss 1.7107, time 754.04ms, mfu 7.45%
model:LGT728D iter 34630: loss 2.1192, time 754.01ms, mfu 7.62%
model:LGT728D iter 34640: loss 1.9198, time 754.16ms, mfu 7.77%
-----------average decoder density 0.0000
step 34650: train loss 1.8917, val loss 2.0970
model:LGT728D iter 34650: loss 1.8408, time 11526.68ms, mfu 7.06%
model:LGT728D iter 34660: loss 1.8422, time 753.70ms, mfu 7.26%
model:LGT728D iter 34670: loss 1.8842, time 754.05ms, mfu 7.45%
model:LGT728D iter 34680: loss 1.7902, time 753.96ms, mfu 7.62%
model:LGT728D iter 34690: loss 2.0771, time 753.88ms, mfu 7.77%
-----------average decoder density 0.0000
step 34700: train loss 1.8819, val loss 2.0784
model:LGT728D iter 34700: loss 2.0785, time 11528.55ms, mfu 7.06%
model:LGT728D iter 34710: loss 1.6550, time 754.18ms, mfu 7.26%
model:LGT728D iter 34720: loss 1.8971, time 753.83ms, mfu 7.45%
model:LGT728D iter 34730: loss 1.9168, time 753.75ms, mfu 7.62%
model:LGT728D iter 34740: loss 2.1784, time 753.94ms, mfu 7.77%
-----------average decoder density 0.0000
step 34750: train loss 1.9084, val loss 2.1129
model:LGT728D iter 34750: loss 2.0521, time 11527.55ms, mfu 7.06%
model:LGT728D iter 34760: loss 2.1734, time 754.02ms, mfu 7.26%
model:LGT728D iter 34770: loss 1.8730, time 754.15ms, mfu 7.45%
model:LGT728D iter 34780: loss 1.6337, time 753.78ms, mfu 7.62%
model:LGT728D iter 34790: loss 1.9162, time 754.07ms, mfu 7.77%
-----------average decoder density 0.0000
step 34800: train loss 1.8796, val loss 2.1061
model:LGT728D iter 34800: loss 2.0378, time 11533.58ms, mfu 7.06%
model:LGT728D iter 34810: loss 1.9313, time 754.12ms, mfu 7.26%
model:LGT728D iter 34820: loss 1.8984, time 754.02ms, mfu 7.45%
model:LGT728D iter 34830: loss 2.0796, time 753.86ms, mfu 7.62%
model:LGT728D iter 34840: loss 1.8794, time 753.74ms, mfu 7.77%
-----------average decoder density 0.0000
step 34850: train loss 1.8948, val loss 2.0701
model:LGT728D iter 34850: loss 1.7022, time 11523.95ms, mfu 7.06%
model:LGT728D iter 34860: loss 2.2190, time 754.04ms, mfu 7.26%
model:LGT728D iter 34870: loss 1.9793, time 753.90ms, mfu 7.45%
model:LGT728D iter 34880: loss 1.8248, time 754.04ms, mfu 7.62%
model:LGT728D iter 34890: loss 1.8515, time 754.10ms, mfu 7.77%
-----------average decoder density 0.0000
step 34900: train loss 1.8670, val loss 2.1011
model:LGT728D iter 34900: loss 2.1283, time 11526.58ms, mfu 7.06%
model:LGT728D iter 34910: loss 1.8633, time 753.82ms, mfu 7.26%
model:LGT728D iter 34920: loss 2.0244, time 753.94ms, mfu 7.45%
model:LGT728D iter 34930: loss 1.9440, time 753.90ms, mfu 7.62%
model:LGT728D iter 34940: loss 1.8997, time 753.99ms, mfu 7.77%
-----------average decoder density 0.0000
step 34950: train loss 1.8838, val loss 2.0797
model:LGT728D iter 34950: loss 1.8041, time 11539.43ms, mfu 7.06%
model:LGT728D iter 34960: loss 1.9811, time 753.79ms, mfu 7.27%
model:LGT728D iter 34970: loss 1.7922, time 753.82ms, mfu 7.45%
model:LGT728D iter 34980: loss 1.6168, time 754.00ms, mfu 7.62%
model:LGT728D iter 34990: loss 1.8350, time 753.96ms, mfu 7.77%
-----------average decoder density 0.0000
step 35000: train loss 1.8905, val loss 2.0765
model:LGT728D iter 35000: loss 1.6305, time 11529.07ms, mfu 7.06%
model:LGT728D iter 35010: loss 1.7937, time 753.92ms, mfu 7.27%
model:LGT728D iter 35020: loss 2.1780, time 753.78ms, mfu 7.45%
model:LGT728D iter 35030: loss 1.8797, time 753.99ms, mfu 7.62%
model:LGT728D iter 35040: loss 1.8379, time 753.91ms, mfu 7.77%
-----------average decoder density 0.0000
step 35050: train loss 1.8771, val loss 2.0808
model:LGT728D iter 35050: loss 1.9089, time 11541.64ms, mfu 7.06%
model:LGT728D iter 35060: loss 1.6526, time 753.96ms, mfu 7.27%
model:LGT728D iter 35070: loss 2.1492, time 753.93ms, mfu 7.45%
model:LGT728D iter 35080: loss 1.9720, time 753.86ms, mfu 7.62%
model:LGT728D iter 35090: loss 1.9427, time 753.94ms, mfu 7.77%
-----------average decoder density 0.0000
step 35100: train loss 1.8829, val loss 2.0817
model:LGT728D iter 35100: loss 1.9664, time 11533.40ms, mfu 7.06%
model:LGT728D iter 35110: loss 1.6903, time 754.08ms, mfu 7.26%
model:LGT728D iter 35120: loss 1.7318, time 753.96ms, mfu 7.45%
model:LGT728D iter 35130: loss 2.0077, time 754.10ms, mfu 7.62%
model:LGT728D iter 35140: loss 1.7920, time 753.89ms, mfu 7.77%
-----------average decoder density 0.0000
step 35150: train loss 1.9098, val loss 2.0527
saving checkpoint to out-novel-char3_LGT728D_3d25ede0cfd080d9e35756b051dcef65
model:LGT728D iter 35150: loss 1.8694, time 12587.99ms, mfu 7.05%
model:LGT728D iter 35160: loss 2.1809, time 753.94ms, mfu 7.26%
model:LGT728D iter 35170: loss 2.2062, time 754.04ms, mfu 7.45%
model:LGT728D iter 35180: loss 1.5159, time 754.02ms, mfu 7.62%
model:LGT728D iter 35190: loss 1.7753, time 754.11ms, mfu 7.77%
-----------average decoder density 0.0000
step 35200: train loss 1.8808, val loss 2.1008
model:LGT728D iter 35200: loss 1.8019, time 11530.70ms, mfu 7.05%
model:LGT728D iter 35210: loss 1.7311, time 753.88ms, mfu 7.26%
model:LGT728D iter 35220: loss 1.7966, time 754.13ms, mfu 7.45%
model:LGT728D iter 35230: loss 1.8966, time 757.64ms, mfu 7.61%
model:LGT728D iter 35240: loss 2.1328, time 753.98ms, mfu 7.77%
-----------average decoder density 0.0000
step 35250: train loss 1.8874, val loss 2.0829
model:LGT728D iter 35250: loss 1.6689, time 11525.14ms, mfu 7.05%
model:LGT728D iter 35260: loss 1.7041, time 753.88ms, mfu 7.26%
model:LGT728D iter 35270: loss 1.8393, time 754.10ms, mfu 7.45%
model:LGT728D iter 35280: loss 1.8706, time 754.08ms, mfu 7.62%
model:LGT728D iter 35290: loss 1.9045, time 754.18ms, mfu 7.77%
-----------average decoder density 0.0000
step 35300: train loss 1.8636, val loss 2.0651
model:LGT728D iter 35300: loss 1.6785, time 11532.60ms, mfu 7.05%
model:LGT728D iter 35310: loss 1.7315, time 753.99ms, mfu 7.26%
model:LGT728D iter 35320: loss 2.2271, time 753.84ms, mfu 7.45%
model:LGT728D iter 35330: loss 1.9362, time 753.76ms, mfu 7.62%
model:LGT728D iter 35340: loss 2.2864, time 753.94ms, mfu 7.77%
-----------average decoder density 0.0000
step 35350: train loss 1.8834, val loss 2.0877
model:LGT728D iter 35350: loss 1.8000, time 11526.26ms, mfu 7.05%
model:LGT728D iter 35360: loss 1.8344, time 753.89ms, mfu 7.26%
model:LGT728D iter 35370: loss 1.6273, time 755.95ms, mfu 7.45%
model:LGT728D iter 35380: loss 1.7576, time 753.82ms, mfu 7.62%
model:LGT728D iter 35390: loss 1.9603, time 753.83ms, mfu 7.77%
-----------average decoder density 0.0000
step 35400: train loss 1.8756, val loss 2.0610
model:LGT728D iter 35400: loss 1.8556, time 11525.76ms, mfu 7.05%
model:LGT728D iter 35410: loss 1.7676, time 753.93ms, mfu 7.26%
model:LGT728D iter 35420: loss 1.9499, time 753.91ms, mfu 7.45%
model:LGT728D iter 35430: loss 1.8876, time 753.97ms, mfu 7.62%
model:LGT728D iter 35440: loss 1.7593, time 753.86ms, mfu 7.77%
-----------average decoder density 0.0000
step 35450: train loss 1.8979, val loss 2.1031
model:LGT728D iter 35450: loss 1.6991, time 11533.24ms, mfu 7.05%
model:LGT728D iter 35460: loss 1.9943, time 754.00ms, mfu 7.26%
model:LGT728D iter 35470: loss 1.8845, time 753.87ms, mfu 7.45%
model:LGT728D iter 35480: loss 1.7450, time 753.94ms, mfu 7.62%
model:LGT728D iter 35490: loss 1.7684, time 753.96ms, mfu 7.77%
-----------average decoder density 0.0000
step 35500: train loss 1.8859, val loss 2.1281
model:LGT728D iter 35500: loss 1.5390, time 11531.06ms, mfu 7.06%
model:LGT728D iter 35510: loss 2.1642, time 754.00ms, mfu 7.26%
model:LGT728D iter 35520: loss 2.1146, time 753.85ms, mfu 7.45%
model:LGT728D iter 35530: loss 1.7923, time 754.03ms, mfu 7.62%
model:LGT728D iter 35540: loss 1.7920, time 753.93ms, mfu 7.77%
-----------average decoder density 0.0000
step 35550: train loss 1.9052, val loss 2.1037
model:LGT728D iter 35550: loss 1.8632, time 11526.56ms, mfu 7.06%
model:LGT728D iter 35560: loss 2.2102, time 753.84ms, mfu 7.26%
model:LGT728D iter 35570: loss 1.6881, time 753.90ms, mfu 7.45%
model:LGT728D iter 35580: loss 1.8364, time 753.85ms, mfu 7.62%
model:LGT728D iter 35590: loss 1.8968, time 753.93ms, mfu 7.77%
-----------average decoder density 0.0000
step 35600: train loss 1.8779, val loss 2.0808
model:LGT728D iter 35600: loss 1.8948, time 11529.48ms, mfu 7.06%
model:LGT728D iter 35610: loss 1.5920, time 754.04ms, mfu 7.26%
model:LGT728D iter 35620: loss 1.5530, time 753.99ms, mfu 7.45%
model:LGT728D iter 35630: loss 1.6129, time 753.70ms, mfu 7.62%
model:LGT728D iter 35640: loss 2.0267, time 754.40ms, mfu 7.77%
-----------average decoder density 0.0000
step 35650: train loss 1.8667, val loss 2.0665
model:LGT728D iter 35650: loss 1.7765, time 11529.79ms, mfu 7.06%
model:LGT728D iter 35660: loss 1.7184, time 754.08ms, mfu 7.26%
model:LGT728D iter 35670: loss 2.0950, time 753.98ms, mfu 7.45%
model:LGT728D iter 35680: loss 2.1163, time 753.97ms, mfu 7.62%
model:LGT728D iter 35690: loss 1.8866, time 754.01ms, mfu 7.77%
-----------average decoder density 0.0000
step 35700: train loss 1.8624, val loss 2.0866
model:LGT728D iter 35700: loss 1.7936, time 11526.17ms, mfu 7.06%
model:LGT728D iter 35710: loss 1.7140, time 754.10ms, mfu 7.26%
model:LGT728D iter 35720: loss 1.9732, time 754.03ms, mfu 7.45%
model:LGT728D iter 35730: loss 1.8955, time 753.92ms, mfu 7.62%
model:LGT728D iter 35740: loss 1.8979, time 753.90ms, mfu 7.77%
-----------average decoder density 0.0000
step 35750: train loss 1.8868, val loss 2.0893
model:LGT728D iter 35750: loss 1.9267, time 11528.78ms, mfu 7.06%
model:LGT728D iter 35760: loss 1.7730, time 753.71ms, mfu 7.26%
model:LGT728D iter 35770: loss 2.0002, time 753.96ms, mfu 7.45%
model:LGT728D iter 35780: loss 2.0772, time 754.04ms, mfu 7.62%
model:LGT728D iter 35790: loss 1.7221, time 754.02ms, mfu 7.77%
-----------average decoder density 0.0000
step 35800: train loss 1.8606, val loss 2.0985
model:LGT728D iter 35800: loss 1.6520, time 11532.42ms, mfu 7.06%
model:LGT728D iter 35810: loss 1.9947, time 753.76ms, mfu 7.27%
model:LGT728D iter 35820: loss 1.6000, time 753.92ms, mfu 7.45%
model:LGT728D iter 35830: loss 1.6637, time 753.98ms, mfu 7.62%
model:LGT728D iter 35840: loss 1.6434, time 754.06ms, mfu 7.77%
-----------average decoder density 0.0000
step 35850: train loss 1.8763, val loss 2.0998
model:LGT728D iter 35850: loss 1.7279, time 11529.12ms, mfu 7.06%
model:LGT728D iter 35860: loss 1.6565, time 754.03ms, mfu 7.26%
model:LGT728D iter 35870: loss 2.1235, time 753.99ms, mfu 7.45%
model:LGT728D iter 35880: loss 1.8417, time 754.08ms, mfu 7.62%
model:LGT728D iter 35890: loss 1.6684, time 753.97ms, mfu 7.77%
-----------average decoder density 0.0000
step 35900: train loss 1.8851, val loss 2.0895
model:LGT728D iter 35900: loss 1.5538, time 11538.82ms, mfu 7.06%
model:LGT728D iter 35910: loss 1.8774, time 754.00ms, mfu 7.26%
model:LGT728D iter 35920: loss 1.9696, time 753.77ms, mfu 7.45%
model:LGT728D iter 35930: loss 1.9253, time 753.96ms, mfu 7.62%
model:LGT728D iter 35940: loss 1.8507, time 753.95ms, mfu 7.77%
-----------average decoder density 0.0000
step 35950: train loss 1.8929, val loss 2.1087
model:LGT728D iter 35950: loss 1.8525, time 11529.61ms, mfu 7.06%
model:LGT728D iter 35960: loss 1.9646, time 754.14ms, mfu 7.26%
model:LGT728D iter 35970: loss 1.9570, time 753.90ms, mfu 7.45%
model:LGT728D iter 35980: loss 1.8232, time 753.80ms, mfu 7.62%
model:LGT728D iter 35990: loss 2.0000, time 753.84ms, mfu 7.77%
-----------average decoder density 0.0000
step 36000: train loss 1.8844, val loss 2.0818
model:LGT728D iter 36000: loss 2.1961, time 11526.09ms, mfu 7.06%
model:LGT728D iter 36010: loss 1.8443, time 754.01ms, mfu 7.27%
model:LGT728D iter 36020: loss 1.7912, time 753.97ms, mfu 7.45%
model:LGT728D iter 36030: loss 1.8604, time 754.03ms, mfu 7.62%
model:LGT728D iter 36040: loss 2.0279, time 753.77ms, mfu 7.77%
-----------average decoder density 0.0000
step 36050: train loss 1.8865, val loss 2.0759
model:LGT728D iter 36050: loss 2.1770, time 11557.99ms, mfu 7.06%
model:LGT728D iter 36060: loss 1.8589, time 755.55ms, mfu 7.26%
model:LGT728D iter 36070: loss 2.0581, time 755.07ms, mfu 7.45%
model:LGT728D iter 36080: loss 1.9249, time 755.01ms, mfu 7.62%
model:LGT728D iter 36090: loss 2.0013, time 755.11ms, mfu 7.77%
-----------average decoder density 0.0000
step 36100: train loss 1.8618, val loss 2.0678
model:LGT728D iter 36100: loss 1.8134, time 11549.97ms, mfu 7.05%
model:LGT728D iter 36110: loss 1.9455, time 754.28ms, mfu 7.26%
model:LGT728D iter 36120: loss 1.9308, time 753.95ms, mfu 7.45%
model:LGT728D iter 36130: loss 2.0516, time 753.85ms, mfu 7.62%
model:LGT728D iter 36140: loss 2.1153, time 754.02ms, mfu 7.77%
-----------average decoder density 0.0000
step 36150: train loss 1.8945, val loss 2.0792
model:LGT728D iter 36150: loss 1.9257, time 11528.69ms, mfu 7.05%
model:LGT728D iter 36160: loss 1.8348, time 754.13ms, mfu 7.26%
model:LGT728D iter 36170: loss 1.8197, time 754.76ms, mfu 7.45%
model:LGT728D iter 36180: loss 1.3615, time 754.02ms, mfu 7.62%
model:LGT728D iter 36190: loss 1.9420, time 756.47ms, mfu 7.77%
-----------average decoder density 0.0000
step 36200: train loss 1.8876, val loss 2.0744
model:LGT728D iter 36200: loss 1.8298, time 11524.60ms, mfu 7.05%
model:LGT728D iter 36210: loss 1.4817, time 753.88ms, mfu 7.26%
model:LGT728D iter 36220: loss 1.8074, time 753.81ms, mfu 7.45%
model:LGT728D iter 36230: loss 1.3647, time 753.96ms, mfu 7.62%
model:LGT728D iter 36240: loss 2.1007, time 753.86ms, mfu 7.77%
-----------average decoder density 0.0000
step 36250: train loss 1.8877, val loss 2.0803
model:LGT728D iter 36250: loss 2.0173, time 11523.27ms, mfu 7.05%
model:LGT728D iter 36260: loss 1.9578, time 753.78ms, mfu 7.26%
model:LGT728D iter 36270: loss 1.8369, time 753.82ms, mfu 7.45%
model:LGT728D iter 36280: loss 1.7046, time 753.95ms, mfu 7.62%
model:LGT728D iter 36290: loss 1.6961, time 753.87ms, mfu 7.77%
-----------average decoder density 0.0000
step 36300: train loss 1.8857, val loss 2.0646
model:LGT728D iter 36300: loss 1.7853, time 11526.13ms, mfu 7.05%
model:LGT728D iter 36310: loss 1.8375, time 753.94ms, mfu 7.26%
model:LGT728D iter 36320: loss 1.8926, time 753.99ms, mfu 7.45%
model:LGT728D iter 36330: loss 1.9467, time 753.85ms, mfu 7.62%
model:LGT728D iter 36340: loss 1.7525, time 753.81ms, mfu 7.77%
-----------average decoder density 0.0000
step 36350: train loss 1.9012, val loss 2.1010
model:LGT728D iter 36350: loss 2.0404, time 11590.69ms, mfu 7.06%
model:LGT728D iter 36360: loss 1.9852, time 753.94ms, mfu 7.26%
model:LGT728D iter 36370: loss 1.8053, time 754.60ms, mfu 7.45%
model:LGT728D iter 36380: loss 1.8650, time 754.17ms, mfu 7.62%
model:LGT728D iter 36390: loss 1.9949, time 753.89ms, mfu 7.77%
-----------average decoder density 0.0000
step 36400: train loss 1.8856, val loss 2.0997
model:LGT728D iter 36400: loss 1.8990, time 11601.05ms, mfu 7.05%
model:LGT728D iter 36410: loss 1.9000, time 753.81ms, mfu 7.26%
model:LGT728D iter 36420: loss 1.7929, time 756.18ms, mfu 7.45%
model:LGT728D iter 36430: loss 1.7845, time 753.95ms, mfu 7.62%
model:LGT728D iter 36440: loss 1.5453, time 753.94ms, mfu 7.77%
-----------average decoder density 0.0000
step 36450: train loss 1.8767, val loss 2.0727
model:LGT728D iter 36450: loss 1.9697, time 11523.95ms, mfu 7.05%
model:LGT728D iter 36460: loss 1.9979, time 753.73ms, mfu 7.26%
model:LGT728D iter 36470: loss 1.6303, time 753.97ms, mfu 7.45%
model:LGT728D iter 36480: loss 1.7610, time 753.99ms, mfu 7.62%
model:LGT728D iter 36490: loss 1.8076, time 754.01ms, mfu 7.77%
-----------average decoder density 0.0000
step 36500: train loss 1.8779, val loss 2.0855
model:LGT728D iter 36500: loss 1.8468, time 11529.54ms, mfu 7.05%
model:LGT728D iter 36510: loss 1.7772, time 753.96ms, mfu 7.26%
model:LGT728D iter 36520: loss 1.6431, time 753.88ms, mfu 7.45%
model:LGT728D iter 36530: loss 2.2033, time 753.88ms, mfu 7.62%
model:LGT728D iter 36540: loss 1.6004, time 754.12ms, mfu 7.77%
-----------average decoder density 0.0000
step 36550: train loss 1.8465, val loss 2.1086
model:LGT728D iter 36550: loss 1.7802, time 11523.72ms, mfu 7.06%
model:LGT728D iter 36560: loss 1.9746, time 753.92ms, mfu 7.26%
model:LGT728D iter 36570: loss 1.9436, time 754.00ms, mfu 7.45%
model:LGT728D iter 36580: loss 2.1100, time 753.84ms, mfu 7.62%
model:LGT728D iter 36590: loss 1.9470, time 754.14ms, mfu 7.77%
-----------average decoder density 0.0000
step 36600: train loss 1.8768, val loss 2.1173
model:LGT728D iter 36600: loss 1.5683, time 11521.72ms, mfu 7.06%
model:LGT728D iter 36610: loss 1.9657, time 754.06ms, mfu 7.26%
model:LGT728D iter 36620: loss 1.8468, time 753.90ms, mfu 7.45%
model:LGT728D iter 36630: loss 1.6667, time 754.00ms, mfu 7.62%
model:LGT728D iter 36640: loss 1.8008, time 754.42ms, mfu 7.77%
-----------average decoder density 0.0000
step 36650: train loss 1.8828, val loss 2.1151
model:LGT728D iter 36650: loss 1.7709, time 11555.96ms, mfu 7.06%
model:LGT728D iter 36660: loss 1.6961, time 753.85ms, mfu 7.26%
model:LGT728D iter 36670: loss 1.8694, time 756.97ms, mfu 7.45%
model:LGT728D iter 36680: loss 1.7232, time 754.08ms, mfu 7.62%
model:LGT728D iter 36690: loss 1.7853, time 754.47ms, mfu 7.77%
-----------average decoder density 0.0000
step 36700: train loss 1.9014, val loss 2.0697
model:LGT728D iter 36700: loss 1.7395, time 11531.06ms, mfu 7.05%
model:LGT728D iter 36710: loss 2.1975, time 753.90ms, mfu 7.26%
model:LGT728D iter 36720: loss 1.9017, time 754.03ms, mfu 7.45%
model:LGT728D iter 36730: loss 1.8389, time 753.95ms, mfu 7.62%
model:LGT728D iter 36740: loss 1.8863, time 753.92ms, mfu 7.77%
-----------average decoder density 0.0000
step 36750: train loss 1.8698, val loss 2.0683
model:LGT728D iter 36750: loss 1.8355, time 11557.20ms, mfu 7.05%
model:LGT728D iter 36760: loss 1.8793, time 753.83ms, mfu 7.26%
model:LGT728D iter 36770: loss 1.7013, time 753.88ms, mfu 7.45%
model:LGT728D iter 36780: loss 1.8286, time 753.80ms, mfu 7.62%
model:LGT728D iter 36790: loss 2.2374, time 753.90ms, mfu 7.77%
-----------average decoder density 0.0000
step 36800: train loss 1.8943, val loss 2.0924
model:LGT728D iter 36800: loss 1.7280, time 11529.12ms, mfu 7.06%
model:LGT728D iter 36810: loss 1.7979, time 753.99ms, mfu 7.26%
model:LGT728D iter 36820: loss 1.7535, time 753.90ms, mfu 7.45%
model:LGT728D iter 36830: loss 1.8447, time 753.93ms, mfu 7.62%
model:LGT728D iter 36840: loss 2.0116, time 753.84ms, mfu 7.77%
-----------average decoder density 0.0000
step 36850: train loss 1.8437, val loss 2.1003
model:LGT728D iter 36850: loss 2.0823, time 11527.40ms, mfu 7.06%
model:LGT728D iter 36860: loss 1.8196, time 754.01ms, mfu 7.26%
model:LGT728D iter 36870: loss 1.9366, time 754.05ms, mfu 7.45%
model:LGT728D iter 36880: loss 1.9242, time 753.93ms, mfu 7.62%
model:LGT728D iter 36890: loss 1.9723, time 753.79ms, mfu 7.77%
-----------average decoder density 0.0000
step 36900: train loss 1.8605, val loss 2.0891
model:LGT728D iter 36900: loss 2.2041, time 11525.68ms, mfu 7.06%
model:LGT728D iter 36910: loss 1.7559, time 754.13ms, mfu 7.26%
model:LGT728D iter 36920: loss 1.6413, time 754.54ms, mfu 7.45%
model:LGT728D iter 36930: loss 1.9221, time 754.84ms, mfu 7.62%
model:LGT728D iter 36940: loss 2.1728, time 753.93ms, mfu 7.77%
-----------average decoder density 0.0000
step 36950: train loss 1.8773, val loss 2.0904
model:LGT728D iter 36950: loss 1.9155, time 11591.61ms, mfu 7.05%
model:LGT728D iter 36960: loss 1.8694, time 755.42ms, mfu 7.26%
model:LGT728D iter 36970: loss 2.0533, time 754.08ms, mfu 7.45%
model:LGT728D iter 36980: loss 1.8747, time 753.88ms, mfu 7.62%
model:LGT728D iter 36990: loss 1.8997, time 754.14ms, mfu 7.77%
-----------average decoder density 0.0000
step 37000: train loss 1.8634, val loss 2.0721
model:LGT728D iter 37000: loss 1.8501, time 11533.54ms, mfu 7.05%
model:LGT728D iter 37010: loss 1.9423, time 754.01ms, mfu 7.26%
model:LGT728D iter 37020: loss 1.9979, time 754.01ms, mfu 7.45%
model:LGT728D iter 37030: loss 2.0958, time 754.05ms, mfu 7.62%
model:LGT728D iter 37040: loss 1.7707, time 754.08ms, mfu 7.77%
-----------average decoder density 0.0000
step 37050: train loss 1.8842, val loss 2.0884
model:LGT728D iter 37050: loss 1.7583, time 11526.27ms, mfu 7.05%
model:LGT728D iter 37060: loss 1.8294, time 753.88ms, mfu 7.26%
model:LGT728D iter 37070: loss 2.1357, time 753.80ms, mfu 7.45%
model:LGT728D iter 37080: loss 2.1797, time 753.89ms, mfu 7.62%
model:LGT728D iter 37090: loss 1.7852, time 754.00ms, mfu 7.77%
-----------average decoder density 0.0000
step 37100: train loss 1.8696, val loss 2.0679
model:LGT728D iter 37100: loss 1.8127, time 11525.23ms, mfu 7.06%
model:LGT728D iter 37110: loss 2.1796, time 753.99ms, mfu 7.26%
model:LGT728D iter 37120: loss 1.9143, time 754.02ms, mfu 7.45%
model:LGT728D iter 37130: loss 1.9976, time 754.01ms, mfu 7.62%
model:LGT728D iter 37140: loss 1.8441, time 753.99ms, mfu 7.77%
-----------average decoder density 0.0000
step 37150: train loss 1.8775, val loss 2.0661
model:LGT728D iter 37150: loss 2.0001, time 11523.45ms, mfu 7.06%
model:LGT728D iter 37160: loss 1.7045, time 754.00ms, mfu 7.26%
model:LGT728D iter 37170: loss 1.7243, time 753.61ms, mfu 7.45%
model:LGT728D iter 37180: loss 1.7567, time 753.46ms, mfu 7.62%
model:LGT728D iter 37190: loss 1.8603, time 753.38ms, mfu 7.77%
-----------average decoder density 0.0000
step 37200: train loss 1.8889, val loss 2.0623
model:LGT728D iter 37200: loss 1.9212, time 11531.14ms, mfu 7.06%
model:LGT728D iter 37210: loss 1.7837, time 753.93ms, mfu 7.27%
model:LGT728D iter 37220: loss 2.0831, time 753.77ms, mfu 7.45%
model:LGT728D iter 37230: loss 1.9324, time 753.77ms, mfu 7.62%
model:LGT728D iter 37240: loss 1.7410, time 753.95ms, mfu 7.77%
-----------average decoder density 0.0000
step 37250: train loss 1.8577, val loss 2.0940
model:LGT728D iter 37250: loss 1.6868, time 11585.39ms, mfu 7.06%
model:LGT728D iter 37260: loss 1.8263, time 753.53ms, mfu 7.27%
model:LGT728D iter 37270: loss 1.7080, time 753.96ms, mfu 7.45%
model:LGT728D iter 37280: loss 1.6746, time 753.95ms, mfu 7.62%
model:LGT728D iter 37290: loss 1.7814, time 753.96ms, mfu 7.77%
-----------average decoder density 0.0000
step 37300: train loss 1.8752, val loss 2.0810
model:LGT728D iter 37300: loss 2.1108, time 11527.48ms, mfu 7.06%
model:LGT728D iter 37310: loss 2.0615, time 754.02ms, mfu 7.27%
model:LGT728D iter 37320: loss 1.9858, time 755.66ms, mfu 7.45%
model:LGT728D iter 37330: loss 2.1711, time 753.66ms, mfu 7.62%
model:LGT728D iter 37340: loss 1.7868, time 754.07ms, mfu 7.77%
-----------average decoder density 0.0000
step 37350: train loss 1.8694, val loss 2.0924
model:LGT728D iter 37350: loss 2.0952, time 11525.11ms, mfu 7.06%
model:LGT728D iter 37360: loss 1.7545, time 753.81ms, mfu 7.26%
model:LGT728D iter 37370: loss 2.1061, time 753.93ms, mfu 7.45%
model:LGT728D iter 37380: loss 1.9439, time 754.08ms, mfu 7.62%
model:LGT728D iter 37390: loss 1.9082, time 753.97ms, mfu 7.77%
-----------average decoder density 0.0000
step 37400: train loss 1.8627, val loss 2.0856
model:LGT728D iter 37400: loss 1.9002, time 11526.17ms, mfu 7.06%
model:LGT728D iter 37410: loss 1.7927, time 753.92ms, mfu 7.26%
model:LGT728D iter 37420: loss 2.0349, time 753.86ms, mfu 7.45%
model:LGT728D iter 37430: loss 1.8855, time 753.95ms, mfu 7.62%
model:LGT728D iter 37440: loss 1.9854, time 754.01ms, mfu 7.77%
-----------average decoder density 0.0000
step 37450: train loss 1.8818, val loss 2.0863
model:LGT728D iter 37450: loss 1.7343, time 11526.91ms, mfu 7.06%
model:LGT728D iter 37460: loss 2.2888, time 754.05ms, mfu 7.26%
model:LGT728D iter 37470: loss 2.0631, time 754.08ms, mfu 7.45%
model:LGT728D iter 37480: loss 1.8544, time 753.86ms, mfu 7.62%
model:LGT728D iter 37490: loss 1.9810, time 753.85ms, mfu 7.77%
-----------average decoder density 0.0000
step 37500: train loss 1.8531, val loss 2.0692
model:LGT728D iter 37500: loss 1.9911, time 11570.18ms, mfu 7.06%
model:LGT728D iter 37510: loss 1.9362, time 754.60ms, mfu 7.26%
model:LGT728D iter 37520: loss 1.7273, time 753.95ms, mfu 7.45%
model:LGT728D iter 37530: loss 2.1234, time 754.01ms, mfu 7.62%
model:LGT728D iter 37540: loss 1.6584, time 753.76ms, mfu 7.77%
-----------average decoder density 0.0000
step 37550: train loss 1.8898, val loss 2.0534
model:LGT728D iter 37550: loss 1.6444, time 11600.19ms, mfu 7.06%
model:LGT728D iter 37560: loss 1.3581, time 754.00ms, mfu 7.26%
model:LGT728D iter 37570: loss 1.5896, time 753.80ms, mfu 7.45%
model:LGT728D iter 37580: loss 2.0013, time 754.11ms, mfu 7.62%
model:LGT728D iter 37590: loss 1.8802, time 753.95ms, mfu 7.77%
-----------average decoder density 0.0000
step 37600: train loss 1.8575, val loss 2.0598
model:LGT728D iter 37600: loss 1.3751, time 11528.50ms, mfu 7.06%
model:LGT728D iter 37610: loss 2.2660, time 753.91ms, mfu 7.26%
model:LGT728D iter 37620: loss 1.6554, time 754.06ms, mfu 7.45%
model:LGT728D iter 37630: loss 2.0344, time 753.95ms, mfu 7.62%
model:LGT728D iter 37640: loss 1.9312, time 753.86ms, mfu 7.77%
-----------average decoder density 0.0000
step 37650: train loss 1.8771, val loss 2.0626
model:LGT728D iter 37650: loss 1.9944, time 11534.75ms, mfu 7.06%
model:LGT728D iter 37660: loss 1.7836, time 753.84ms, mfu 7.26%
model:LGT728D iter 37670: loss 1.6431, time 753.96ms, mfu 7.45%
model:LGT728D iter 37680: loss 1.9167, time 753.91ms, mfu 7.62%
model:LGT728D iter 37690: loss 1.9765, time 754.10ms, mfu 7.77%
-----------average decoder density 0.0000
step 37700: train loss 1.8424, val loss 2.0733
model:LGT728D iter 37700: loss 2.0060, time 11541.04ms, mfu 7.06%
model:LGT728D iter 37710: loss 2.0487, time 754.03ms, mfu 7.26%
model:LGT728D iter 37720: loss 1.9601, time 753.76ms, mfu 7.45%
model:LGT728D iter 37730: loss 2.0384, time 753.94ms, mfu 7.62%
model:LGT728D iter 37740: loss 1.7580, time 753.82ms, mfu 7.77%
-----------average decoder density 0.0000
step 37750: train loss 1.8659, val loss 2.0965
model:LGT728D iter 37750: loss 1.8044, time 11522.54ms, mfu 7.06%
model:LGT728D iter 37760: loss 1.7484, time 753.96ms, mfu 7.27%
model:LGT728D iter 37770: loss 1.7778, time 754.11ms, mfu 7.45%
model:LGT728D iter 37780: loss 1.6222, time 753.80ms, mfu 7.62%
model:LGT728D iter 37790: loss 2.0073, time 753.91ms, mfu 7.77%
-----------average decoder density 0.0000
step 37800: train loss 1.8520, val loss 2.0880
model:LGT728D iter 37800: loss 1.8058, time 11525.34ms, mfu 7.06%
model:LGT728D iter 37810: loss 1.8232, time 753.91ms, mfu 7.27%
model:LGT728D iter 37820: loss 1.6830, time 754.01ms, mfu 7.45%
model:LGT728D iter 37830: loss 1.9415, time 754.04ms, mfu 7.62%
model:LGT728D iter 37840: loss 1.7263, time 753.75ms, mfu 7.77%
-----------average decoder density 0.0000
step 37850: train loss 1.8650, val loss 2.0791
model:LGT728D iter 37850: loss 1.8766, time 11586.13ms, mfu 7.06%
model:LGT728D iter 37860: loss 1.8215, time 753.71ms, mfu 7.27%
model:LGT728D iter 37870: loss 2.0135, time 754.43ms, mfu 7.45%
model:LGT728D iter 37880: loss 1.7025, time 754.45ms, mfu 7.62%
model:LGT728D iter 37890: loss 1.5082, time 756.16ms, mfu 7.77%
-----------average decoder density 0.0000
step 37900: train loss 1.8761, val loss 2.0737
model:LGT728D iter 37900: loss 1.9627, time 11584.42ms, mfu 7.05%
model:LGT728D iter 37910: loss 1.8446, time 756.14ms, mfu 7.26%
model:LGT728D iter 37920: loss 1.9026, time 754.50ms, mfu 7.45%
model:LGT728D iter 37930: loss 1.9829, time 753.96ms, mfu 7.62%
model:LGT728D iter 37940: loss 2.1035, time 753.97ms, mfu 7.77%
-----------average decoder density 0.0000
step 37950: train loss 1.8583, val loss 2.0769
model:LGT728D iter 37950: loss 1.8207, time 11526.75ms, mfu 7.05%
model:LGT728D iter 37960: loss 1.6870, time 753.91ms, mfu 7.26%
model:LGT728D iter 37970: loss 1.7717, time 753.73ms, mfu 7.45%
model:LGT728D iter 37980: loss 1.0959, time 754.03ms, mfu 7.62%
model:LGT728D iter 37990: loss 1.8842, time 753.96ms, mfu 7.77%
-----------average decoder density 0.0000
step 38000: train loss 1.8568, val loss 2.0695
model:LGT728D iter 38000: loss 1.9407, time 11523.57ms, mfu 7.05%
model:LGT728D iter 38010: loss 1.6872, time 754.08ms, mfu 7.26%
model:LGT728D iter 38020: loss 1.7606, time 753.89ms, mfu 7.45%
model:LGT728D iter 38030: loss 1.6058, time 754.05ms, mfu 7.62%
model:LGT728D iter 38040: loss 1.9986, time 754.04ms, mfu 7.77%
-----------average decoder density 0.0000
step 38050: train loss 1.8824, val loss 2.0862
model:LGT728D iter 38050: loss 1.9137, time 11528.46ms, mfu 7.05%
model:LGT728D iter 38060: loss 1.7578, time 754.19ms, mfu 7.26%
model:LGT728D iter 38070: loss 1.9150, time 754.02ms, mfu 7.45%
model:LGT728D iter 38080: loss 1.9006, time 753.77ms, mfu 7.62%
model:LGT728D iter 38090: loss 2.0124, time 753.98ms, mfu 7.77%
-----------average decoder density 0.0000
step 38100: train loss 1.8622, val loss 2.0705
model:LGT728D iter 38100: loss 1.6767, time 11524.97ms, mfu 7.06%
model:LGT728D iter 38110: loss 1.9635, time 754.06ms, mfu 7.26%
model:LGT728D iter 38120: loss 1.8419, time 754.14ms, mfu 7.45%
model:LGT728D iter 38130: loss 1.7556, time 754.04ms, mfu 7.62%
model:LGT728D iter 38140: loss 2.3840, time 753.88ms, mfu 7.77%
-----------average decoder density 0.0000
step 38150: train loss 1.8789, val loss 2.0760
model:LGT728D iter 38150: loss 2.1489, time 11527.84ms, mfu 7.06%
model:LGT728D iter 38160: loss 1.9871, time 754.64ms, mfu 7.26%
model:LGT728D iter 38170: loss 1.7289, time 754.34ms, mfu 7.45%
model:LGT728D iter 38180: loss 1.6597, time 753.85ms, mfu 7.62%
model:LGT728D iter 38190: loss 2.0786, time 754.00ms, mfu 7.77%
-----------average decoder density 0.0000
step 38200: train loss 1.8679, val loss 2.1130
model:LGT728D iter 38200: loss 1.7397, time 11563.00ms, mfu 7.05%
model:LGT728D iter 38210: loss 1.9249, time 755.12ms, mfu 7.26%
model:LGT728D iter 38220: loss 1.8332, time 756.45ms, mfu 7.45%
model:LGT728D iter 38230: loss 2.0231, time 753.99ms, mfu 7.62%
model:LGT728D iter 38240: loss 1.5086, time 754.02ms, mfu 7.77%
-----------average decoder density 0.0000
step 38250: train loss 1.8509, val loss 2.0700
model:LGT728D iter 38250: loss 1.5563, time 11539.64ms, mfu 7.05%
model:LGT728D iter 38260: loss 1.9993, time 753.78ms, mfu 7.26%
model:LGT728D iter 38270: loss 1.9493, time 754.01ms, mfu 7.45%
model:LGT728D iter 38280: loss 1.8834, time 753.97ms, mfu 7.62%
model:LGT728D iter 38290: loss 1.6998, time 754.03ms, mfu 7.77%
-----------average decoder density 0.0000
step 38300: train loss 1.8756, val loss 2.0682
model:LGT728D iter 38300: loss 1.6317, time 11526.41ms, mfu 7.05%
model:LGT728D iter 38310: loss 2.1889, time 753.98ms, mfu 7.26%
model:LGT728D iter 38320: loss 1.9424, time 753.94ms, mfu 7.45%
model:LGT728D iter 38330: loss 2.2388, time 754.08ms, mfu 7.62%
model:LGT728D iter 38340: loss 1.9322, time 754.02ms, mfu 7.77%
-----------average decoder density 0.0000
step 38350: train loss 1.8652, val loss 2.0914
model:LGT728D iter 38350: loss 1.8214, time 11530.85ms, mfu 7.05%
model:LGT728D iter 38360: loss 2.1565, time 753.99ms, mfu 7.26%
model:LGT728D iter 38370: loss 1.7329, time 754.07ms, mfu 7.45%
model:LGT728D iter 38380: loss 1.6883, time 753.96ms, mfu 7.62%
model:LGT728D iter 38390: loss 1.6923, time 754.09ms, mfu 7.77%
-----------average decoder density 0.0000
step 38400: train loss 1.8448, val loss 2.0850
model:LGT728D iter 38400: loss 1.9048, time 11536.30ms, mfu 7.05%
model:LGT728D iter 38410: loss 1.8811, time 754.13ms, mfu 7.26%
model:LGT728D iter 38420: loss 1.8903, time 754.19ms, mfu 7.45%
model:LGT728D iter 38430: loss 1.7807, time 754.49ms, mfu 7.62%
model:LGT728D iter 38440: loss 1.9048, time 753.85ms, mfu 7.77%
-----------average decoder density 0.0000
step 38450: train loss 1.8492, val loss 2.1034
model:LGT728D iter 38450: loss 1.9916, time 11541.94ms, mfu 7.05%
model:LGT728D iter 38460: loss 1.7578, time 754.10ms, mfu 7.26%
model:LGT728D iter 38470: loss 1.7288, time 754.23ms, mfu 7.45%
model:LGT728D iter 38480: loss 2.0083, time 754.22ms, mfu 7.62%
model:LGT728D iter 38490: loss 1.6245, time 754.35ms, mfu 7.77%
-----------average decoder density 0.0000
step 38500: train loss 1.8675, val loss 2.0805
model:LGT728D iter 38500: loss 2.1274, time 11531.86ms, mfu 7.05%
model:LGT728D iter 38510: loss 1.8929, time 753.99ms, mfu 7.26%
model:LGT728D iter 38520: loss 1.6335, time 753.92ms, mfu 7.45%
model:LGT728D iter 38530: loss 1.9183, time 754.16ms, mfu 7.62%
model:LGT728D iter 38540: loss 1.5037, time 754.05ms, mfu 7.77%
-----------average decoder density 0.0000
step 38550: train loss 1.8569, val loss 2.0788
model:LGT728D iter 38550: loss 2.0245, time 11530.45ms, mfu 7.05%
model:LGT728D iter 38560: loss 1.6321, time 754.95ms, mfu 7.26%
model:LGT728D iter 38570: loss 1.8436, time 753.91ms, mfu 7.45%
model:LGT728D iter 38580: loss 1.9876, time 754.49ms, mfu 7.62%
model:LGT728D iter 38590: loss 1.7940, time 754.26ms, mfu 7.77%
-----------average decoder density 0.0000
step 38600: train loss 1.8540, val loss 2.0862
model:LGT728D iter 38600: loss 1.8563, time 11586.51ms, mfu 7.05%
model:LGT728D iter 38610: loss 1.9631, time 758.05ms, mfu 7.26%
model:LGT728D iter 38620: loss 2.1711, time 753.98ms, mfu 7.45%
model:LGT728D iter 38630: loss 1.6984, time 753.82ms, mfu 7.62%
model:LGT728D iter 38640: loss 2.0660, time 754.19ms, mfu 7.77%
-----------average decoder density 0.0000
step 38650: train loss 1.8478, val loss 2.0617
model:LGT728D iter 38650: loss 1.4889, time 11537.93ms, mfu 7.05%
model:LGT728D iter 38660: loss 1.7221, time 754.14ms, mfu 7.26%
model:LGT728D iter 38670: loss 1.9631, time 754.32ms, mfu 7.45%
model:LGT728D iter 38680: loss 1.8465, time 753.75ms, mfu 7.62%
model:LGT728D iter 38690: loss 1.8431, time 754.18ms, mfu 7.77%
-----------average decoder density 0.0000
step 38700: train loss 1.8661, val loss 2.0845
model:LGT728D iter 38700: loss 1.9079, time 11533.60ms, mfu 7.05%
model:LGT728D iter 38710: loss 1.6238, time 754.03ms, mfu 7.26%
model:LGT728D iter 38720: loss 1.9824, time 754.03ms, mfu 7.45%
model:LGT728D iter 38730: loss 1.5685, time 754.14ms, mfu 7.62%
model:LGT728D iter 38740: loss 1.8886, time 753.98ms, mfu 7.77%
-----------average decoder density 0.0000
step 38750: train loss 1.8512, val loss 2.1002
model:LGT728D iter 38750: loss 2.0779, time 11527.29ms, mfu 7.05%
model:LGT728D iter 38760: loss 1.9714, time 754.00ms, mfu 7.26%
model:LGT728D iter 38770: loss 1.8460, time 754.04ms, mfu 7.45%
model:LGT728D iter 38780: loss 1.8377, time 753.99ms, mfu 7.62%
model:LGT728D iter 38790: loss 1.7534, time 754.08ms, mfu 7.77%
-----------average decoder density 0.0000
step 38800: train loss 1.8618, val loss 2.0801
model:LGT728D iter 38800: loss 1.9885, time 11527.50ms, mfu 7.05%
model:LGT728D iter 38810: loss 1.9767, time 753.88ms, mfu 7.26%
model:LGT728D iter 38820: loss 2.0687, time 753.94ms, mfu 7.45%
model:LGT728D iter 38830: loss 1.6905, time 753.95ms, mfu 7.62%
model:LGT728D iter 38840: loss 1.4355, time 754.15ms, mfu 7.77%
-----------average decoder density 0.0000
step 38850: train loss 1.8679, val loss 2.0660
model:LGT728D iter 38850: loss 1.9908, time 11528.25ms, mfu 7.06%
model:LGT728D iter 38860: loss 1.6776, time 753.80ms, mfu 7.26%
model:LGT728D iter 38870: loss 1.9787, time 753.91ms, mfu 7.45%
model:LGT728D iter 38880: loss 1.9164, time 754.19ms, mfu 7.62%
model:LGT728D iter 38890: loss 1.7359, time 754.10ms, mfu 7.77%
-----------average decoder density 0.0000
step 38900: train loss 1.8678, val loss 2.0777
model:LGT728D iter 38900: loss 1.7833, time 11526.71ms, mfu 7.06%
model:LGT728D iter 38910: loss 1.8468, time 754.00ms, mfu 7.26%
model:LGT728D iter 38920: loss 1.7782, time 753.99ms, mfu 7.45%
model:LGT728D iter 38930: loss 1.7191, time 754.07ms, mfu 7.62%
model:LGT728D iter 38940: loss 2.0114, time 754.47ms, mfu 7.77%
-----------average decoder density 0.0000
step 38950: train loss 1.8596, val loss 2.0646
model:LGT728D iter 38950: loss 1.6521, time 11538.47ms, mfu 7.05%
model:LGT728D iter 38960: loss 2.0026, time 754.24ms, mfu 7.26%
model:LGT728D iter 38970: loss 1.8562, time 754.16ms, mfu 7.45%
model:LGT728D iter 38980: loss 2.0656, time 753.95ms, mfu 7.62%
model:LGT728D iter 38990: loss 1.7727, time 754.00ms, mfu 7.77%
-----------average decoder density 0.0000
step 39000: train loss 1.8226, val loss 2.0328
saving checkpoint to out-novel-char3_LGT728D_3d25ede0cfd080d9e35756b051dcef65
model:LGT728D iter 39000: loss 1.6358, time 12599.77ms, mfu 7.05%
model:LGT728D iter 39010: loss 1.8040, time 754.04ms, mfu 7.26%
model:LGT728D iter 39020: loss 1.8497, time 753.91ms, mfu 7.45%
model:LGT728D iter 39030: loss 1.9855, time 753.90ms, mfu 7.62%
model:LGT728D iter 39040: loss 1.9738, time 753.92ms, mfu 7.77%
-----------average decoder density 0.0000
step 39050: train loss 1.8536, val loss 2.0470
model:LGT728D iter 39050: loss 1.7869, time 11582.95ms, mfu 7.05%
model:LGT728D iter 39060: loss 2.0713, time 754.09ms, mfu 7.26%
model:LGT728D iter 39070: loss 1.7591, time 757.18ms, mfu 7.45%
model:LGT728D iter 39080: loss 1.9756, time 754.18ms, mfu 7.61%
model:LGT728D iter 39090: loss 1.7499, time 753.97ms, mfu 7.77%
-----------average decoder density 0.0000
step 39100: train loss 1.8773, val loss 2.0760
model:LGT728D iter 39100: loss 2.2285, time 11535.78ms, mfu 7.05%
model:LGT728D iter 39110: loss 2.1255, time 753.96ms, mfu 7.26%
model:LGT728D iter 39120: loss 1.7742, time 753.92ms, mfu 7.45%
model:LGT728D iter 39130: loss 1.7433, time 753.78ms, mfu 7.62%
model:LGT728D iter 39140: loss 1.8151, time 753.95ms, mfu 7.77%
-----------average decoder density 0.0000
step 39150: train loss 1.8671, val loss 2.0864
model:LGT728D iter 39150: loss 2.2037, time 11530.20ms, mfu 7.05%
model:LGT728D iter 39160: loss 1.8000, time 753.89ms, mfu 7.26%
model:LGT728D iter 39170: loss 1.8318, time 754.03ms, mfu 7.45%
model:LGT728D iter 39180: loss 2.0448, time 753.95ms, mfu 7.62%
model:LGT728D iter 39190: loss 1.9508, time 753.94ms, mfu 7.77%
-----------average decoder density 0.0000
step 39200: train loss 1.8721, val loss 2.0900
model:LGT728D iter 39200: loss 1.9203, time 11528.84ms, mfu 7.05%
model:LGT728D iter 39210: loss 1.8216, time 754.02ms, mfu 7.26%
model:LGT728D iter 39220: loss 1.9749, time 753.79ms, mfu 7.45%
model:LGT728D iter 39230: loss 1.4325, time 754.11ms, mfu 7.62%
model:LGT728D iter 39240: loss 1.8396, time 753.87ms, mfu 7.77%
-----------average decoder density 0.0000
step 39250: train loss 1.8630, val loss 2.0977
model:LGT728D iter 39250: loss 1.6944, time 11525.66ms, mfu 7.06%
model:LGT728D iter 39260: loss 2.2150, time 754.00ms, mfu 7.26%
model:LGT728D iter 39270: loss 1.9375, time 753.92ms, mfu 7.45%
model:LGT728D iter 39280: loss 1.8447, time 753.80ms, mfu 7.62%
model:LGT728D iter 39290: loss 1.7282, time 753.94ms, mfu 7.77%
-----------average decoder density 0.0000
step 39300: train loss 1.8542, val loss 2.0584
model:LGT728D iter 39300: loss 1.9398, time 11526.34ms, mfu 7.06%
model:LGT728D iter 39310: loss 1.6133, time 754.27ms, mfu 7.26%
model:LGT728D iter 39320: loss 2.1103, time 753.96ms, mfu 7.45%
model:LGT728D iter 39330: loss 1.9276, time 753.95ms, mfu 7.62%
model:LGT728D iter 39340: loss 1.8314, time 753.89ms, mfu 7.77%
-----------average decoder density 0.0000
step 39350: train loss 1.8637, val loss 2.0992
model:LGT728D iter 39350: loss 1.7119, time 11526.31ms, mfu 7.06%
model:LGT728D iter 39360: loss 1.7387, time 754.07ms, mfu 7.26%
model:LGT728D iter 39370: loss 1.7371, time 753.92ms, mfu 7.45%
model:LGT728D iter 39380: loss 1.6720, time 754.04ms, mfu 7.62%
model:LGT728D iter 39390: loss 1.9063, time 754.27ms, mfu 7.77%
-----------average decoder density 0.0000
step 39400: train loss 1.8641, val loss 2.0927
model:LGT728D iter 39400: loss 1.6248, time 11585.68ms, mfu 7.06%
model:LGT728D iter 39410: loss 2.0269, time 754.10ms, mfu 7.26%
model:LGT728D iter 39420: loss 1.6191, time 753.75ms, mfu 7.45%
model:LGT728D iter 39430: loss 1.9316, time 754.13ms, mfu 7.62%
model:LGT728D iter 39440: loss 1.6841, time 754.40ms, mfu 7.77%
-----------average decoder density 0.0000
step 39450: train loss 1.8656, val loss 2.0622
model:LGT728D iter 39450: loss 1.9735, time 11529.81ms, mfu 7.06%
model:LGT728D iter 39460: loss 1.7378, time 753.84ms, mfu 7.26%
model:LGT728D iter 39470: loss 1.8623, time 753.98ms, mfu 7.45%
model:LGT728D iter 39480: loss 1.6967, time 754.00ms, mfu 7.62%
model:LGT728D iter 39490: loss 1.9572, time 754.06ms, mfu 7.77%
-----------average decoder density 0.0000
step 39500: train loss 1.8571, val loss 2.0717
model:LGT728D iter 39500: loss 2.2012, time 11526.81ms, mfu 7.06%
model:LGT728D iter 39510: loss 1.7318, time 754.06ms, mfu 7.26%
model:LGT728D iter 39520: loss 1.9246, time 753.90ms, mfu 7.45%
model:LGT728D iter 39530: loss 1.8831, time 753.72ms, mfu 7.62%
model:LGT728D iter 39540: loss 1.6032, time 753.98ms, mfu 7.77%
-----------average decoder density 0.0000
step 39550: train loss 1.8691, val loss 2.1021
model:LGT728D iter 39550: loss 1.5700, time 11527.44ms, mfu 7.06%
model:LGT728D iter 39560: loss 1.5831, time 754.15ms, mfu 7.26%
model:LGT728D iter 39570: loss 2.0900, time 753.95ms, mfu 7.45%
model:LGT728D iter 39580: loss 1.9274, time 753.84ms, mfu 7.62%
model:LGT728D iter 39590: loss 1.7912, time 753.98ms, mfu 7.77%
-----------average decoder density 0.0000
step 39600: train loss 1.8342, val loss 2.0504
model:LGT728D iter 39600: loss 1.6803, time 11527.08ms, mfu 7.06%
model:LGT728D iter 39610: loss 1.7561, time 754.09ms, mfu 7.26%
model:LGT728D iter 39620: loss 1.9081, time 753.93ms, mfu 7.45%
model:LGT728D iter 39630: loss 1.8942, time 753.77ms, mfu 7.62%
model:LGT728D iter 39640: loss 1.9013, time 753.76ms, mfu 7.77%
-----------average decoder density 0.0000
step 39650: train loss 1.8350, val loss 2.0554
model:LGT728D iter 39650: loss 1.9689, time 11528.04ms, mfu 7.06%
model:LGT728D iter 39660: loss 1.8928, time 753.97ms, mfu 7.27%
model:LGT728D iter 39670: loss 1.6872, time 753.95ms, mfu 7.45%
model:LGT728D iter 39680: loss 1.9674, time 753.99ms, mfu 7.62%
model:LGT728D iter 39690: loss 1.6498, time 754.08ms, mfu 7.77%
-----------average decoder density 0.0000
step 39700: train loss 1.8506, val loss 2.0687
model:LGT728D iter 39700: loss 2.0573, time 11538.92ms, mfu 7.06%
model:LGT728D iter 39710: loss 1.8369, time 753.95ms, mfu 7.26%
model:LGT728D iter 39720: loss 1.7400, time 754.18ms, mfu 7.45%
model:LGT728D iter 39730: loss 2.0819, time 754.10ms, mfu 7.62%
model:LGT728D iter 39740: loss 1.8313, time 754.96ms, mfu 7.77%
-----------average decoder density 0.0000
step 39750: train loss 1.8639, val loss 2.0535
model:LGT728D iter 39750: loss 1.6911, time 11531.15ms, mfu 7.05%
model:LGT728D iter 39760: loss 1.9125, time 753.83ms, mfu 7.26%
model:LGT728D iter 39770: loss 1.8035, time 753.93ms, mfu 7.45%
model:LGT728D iter 39780: loss 1.9182, time 754.01ms, mfu 7.62%
model:LGT728D iter 39790: loss 1.8033, time 754.06ms, mfu 7.77%
-----------average decoder density 0.0000
step 39800: train loss 1.8594, val loss 2.0597
model:LGT728D iter 39800: loss 1.8930, time 11532.23ms, mfu 7.06%
model:LGT728D iter 39810: loss 1.6484, time 753.89ms, mfu 7.26%
model:LGT728D iter 39820: loss 1.9206, time 753.85ms, mfu 7.45%
model:LGT728D iter 39830: loss 1.9963, time 753.81ms, mfu 7.62%
model:LGT728D iter 39840: loss 1.7528, time 754.02ms, mfu 7.77%
-----------average decoder density 0.0000
step 39850: train loss 1.8296, val loss 2.1001
model:LGT728D iter 39850: loss 1.7186, time 11524.51ms, mfu 7.06%
model:LGT728D iter 39860: loss 2.2970, time 753.97ms, mfu 7.26%
model:LGT728D iter 39870: loss 1.4823, time 754.09ms, mfu 7.45%
model:LGT728D iter 39880: loss 1.9556, time 753.88ms, mfu 7.62%
model:LGT728D iter 39890: loss 1.7218, time 753.83ms, mfu 7.77%
-----------average decoder density 0.0000
step 39900: train loss 1.8792, val loss 2.0699
model:LGT728D iter 39900: loss 1.8218, time 11525.00ms, mfu 7.06%
model:LGT728D iter 39910: loss 1.8091, time 753.92ms, mfu 7.26%
model:LGT728D iter 39920: loss 1.8005, time 754.09ms, mfu 7.45%
model:LGT728D iter 39930: loss 1.7716, time 754.10ms, mfu 7.62%
model:LGT728D iter 39940: loss 1.9354, time 754.04ms, mfu 7.77%
-----------average decoder density 0.0000
step 39950: train loss 1.8318, val loss 2.0762
model:LGT728D iter 39950: loss 1.6099, time 11529.83ms, mfu 7.06%
model:LGT728D iter 39960: loss 2.0687, time 753.86ms, mfu 7.26%
model:LGT728D iter 39970: loss 1.9716, time 753.99ms, mfu 7.45%
model:LGT728D iter 39980: loss 1.8843, time 753.94ms, mfu 7.62%
model:LGT728D iter 39990: loss 1.9241, time 754.00ms, mfu 7.77%
-----------average decoder density 0.0000
step 40000: train loss 1.8465, val loss 2.1089
model:LGT728D iter 40000: loss 1.7449, time 11531.20ms, mfu 7.06%
model:LGT728D iter 40010: loss 2.0950, time 753.86ms, mfu 7.26%
model:LGT728D iter 40020: loss 1.6156, time 753.88ms, mfu 7.45%
model:LGT728D iter 40030: loss 1.6680, time 753.86ms, mfu 7.62%
model:LGT728D iter 40040: loss 1.9418, time 753.87ms, mfu 7.77%
-----------average decoder density 0.0000
step 40050: train loss 1.8341, val loss 2.0766
model:LGT728D iter 40050: loss 2.0391, time 11528.81ms, mfu 7.06%
model:LGT728D iter 40060: loss 1.7741, time 753.68ms, mfu 7.27%
model:LGT728D iter 40070: loss 1.7618, time 754.02ms, mfu 7.45%
model:LGT728D iter 40080: loss 1.7702, time 753.86ms, mfu 7.62%
model:LGT728D iter 40090: loss 1.6070, time 754.97ms, mfu 7.77%
-----------average decoder density 0.0000
step 40100: train loss 1.8622, val loss 2.0782
model:LGT728D iter 40100: loss 1.7586, time 11535.82ms, mfu 7.06%
model:LGT728D iter 40110: loss 2.0453, time 753.97ms, mfu 7.26%
model:LGT728D iter 40120: loss 1.9927, time 753.87ms, mfu 7.45%
model:LGT728D iter 40130: loss 1.9432, time 753.94ms, mfu 7.62%
model:LGT728D iter 40140: loss 1.7346, time 753.92ms, mfu 7.77%
-----------average decoder density 0.0000
step 40150: train loss 1.8444, val loss 2.0786
model:LGT728D iter 40150: loss 1.9668, time 11528.57ms, mfu 7.06%
model:LGT728D iter 40160: loss 2.0722, time 754.12ms, mfu 7.26%
model:LGT728D iter 40170: loss 2.0106, time 754.02ms, mfu 7.45%
model:LGT728D iter 40180: loss 1.6043, time 753.81ms, mfu 7.62%
model:LGT728D iter 40190: loss 1.8251, time 753.93ms, mfu 7.77%
-----------average decoder density 0.0000
step 40200: train loss 1.8310, val loss 2.0736
model:LGT728D iter 40200: loss 1.9836, time 11534.83ms, mfu 7.06%
model:LGT728D iter 40210: loss 1.7473, time 754.18ms, mfu 7.26%
model:LGT728D iter 40220: loss 1.5997, time 754.28ms, mfu 7.45%
model:LGT728D iter 40230: loss 1.9310, time 754.19ms, mfu 7.62%
model:LGT728D iter 40240: loss 2.0080, time 753.93ms, mfu 7.77%
-----------average decoder density 0.0000
step 40250: train loss 1.8757, val loss 2.0576
model:LGT728D iter 40250: loss 2.0826, time 11546.12ms, mfu 7.06%
model:LGT728D iter 40260: loss 2.0115, time 756.99ms, mfu 7.26%
model:LGT728D iter 40270: loss 2.0017, time 754.12ms, mfu 7.45%
model:LGT728D iter 40280: loss 1.9664, time 754.00ms, mfu 7.62%
model:LGT728D iter 40290: loss 1.8529, time 755.09ms, mfu 7.77%
-----------average decoder density 0.0000
step 40300: train loss 1.8594, val loss 2.0603
model:LGT728D iter 40300: loss 1.9781, time 11527.94ms, mfu 7.05%
model:LGT728D iter 40310: loss 1.9445, time 753.89ms, mfu 7.26%
model:LGT728D iter 40320: loss 1.4719, time 754.20ms, mfu 7.45%
model:LGT728D iter 40330: loss 1.9418, time 754.03ms, mfu 7.62%
model:LGT728D iter 40340: loss 1.8357, time 753.89ms, mfu 7.77%
-----------average decoder density 0.0000
step 40350: train loss 1.8631, val loss 2.0600
model:LGT728D iter 40350: loss 2.1300, time 11525.99ms, mfu 7.05%
model:LGT728D iter 40360: loss 1.7225, time 753.89ms, mfu 7.26%
model:LGT728D iter 40370: loss 2.1559, time 753.92ms, mfu 7.45%
model:LGT728D iter 40380: loss 1.9656, time 753.82ms, mfu 7.62%
model:LGT728D iter 40390: loss 1.6990, time 753.98ms, mfu 7.77%
-----------average decoder density 0.0000
step 40400: train loss 1.8531, val loss 2.0904
model:LGT728D iter 40400: loss 1.6904, time 11524.05ms, mfu 7.05%
model:LGT728D iter 40410: loss 1.9099, time 754.08ms, mfu 7.26%
model:LGT728D iter 40420: loss 1.7773, time 753.83ms, mfu 7.45%
model:LGT728D iter 40430: loss 2.0321, time 753.99ms, mfu 7.62%
model:LGT728D iter 40440: loss 1.8694, time 753.98ms, mfu 7.77%
-----------average decoder density 0.0000
step 40450: train loss 1.8519, val loss 2.0660
model:LGT728D iter 40450: loss 2.0802, time 11525.03ms, mfu 7.06%
model:LGT728D iter 40460: loss 1.7896, time 753.90ms, mfu 7.26%
model:LGT728D iter 40470: loss 2.0040, time 753.91ms, mfu 7.45%
model:LGT728D iter 40480: loss 2.0044, time 753.79ms, mfu 7.62%
model:LGT728D iter 40490: loss 1.8166, time 753.78ms, mfu 7.77%
-----------average decoder density 0.0000
step 40500: train loss 1.8199, val loss 2.0695
model:LGT728D iter 40500: loss 1.8572, time 11534.68ms, mfu 7.06%
model:LGT728D iter 40510: loss 1.9532, time 754.11ms, mfu 7.26%
model:LGT728D iter 40520: loss 1.9255, time 753.89ms, mfu 7.45%
model:LGT728D iter 40530: loss 1.7097, time 753.94ms, mfu 7.62%
model:LGT728D iter 40540: loss 1.9521, time 753.98ms, mfu 7.77%
-----------average decoder density 0.0000
step 40550: train loss 1.8405, val loss 2.0726
model:LGT728D iter 40550: loss 2.0324, time 11525.67ms, mfu 7.06%
model:LGT728D iter 40560: loss 1.8507, time 753.89ms, mfu 7.26%
model:LGT728D iter 40570: loss 1.8906, time 754.00ms, mfu 7.45%
model:LGT728D iter 40580: loss 1.8085, time 753.91ms, mfu 7.62%
model:LGT728D iter 40590: loss 1.9151, time 754.16ms, mfu 7.77%
-----------average decoder density 0.0000
step 40600: train loss 1.8483, val loss 2.0755
model:LGT728D iter 40600: loss 2.1559, time 11548.39ms, mfu 7.06%
model:LGT728D iter 40610: loss 1.7244, time 753.89ms, mfu 7.26%
model:LGT728D iter 40620: loss 1.5446, time 753.82ms, mfu 7.45%
model:LGT728D iter 40630: loss 1.7163, time 754.06ms, mfu 7.62%
model:LGT728D iter 40640: loss 2.0079, time 753.89ms, mfu 7.77%
-----------average decoder density 0.0000
step 40650: train loss 1.8516, val loss 2.0469
model:LGT728D iter 40650: loss 1.7963, time 11528.19ms, mfu 7.06%
model:LGT728D iter 40660: loss 1.8643, time 753.95ms, mfu 7.26%
model:LGT728D iter 40670: loss 1.8043, time 760.08ms, mfu 7.45%
model:LGT728D iter 40680: loss 2.0005, time 753.90ms, mfu 7.62%
model:LGT728D iter 40690: loss 1.8052, time 753.96ms, mfu 7.77%
-----------average decoder density 0.0000
step 40700: train loss 1.8595, val loss 2.0710
model:LGT728D iter 40700: loss 2.0751, time 11525.25ms, mfu 7.05%
model:LGT728D iter 40710: loss 1.7713, time 753.99ms, mfu 7.26%
model:LGT728D iter 40720: loss 2.0248, time 753.68ms, mfu 7.45%
model:LGT728D iter 40730: loss 1.9828, time 753.91ms, mfu 7.62%
model:LGT728D iter 40740: loss 1.9746, time 753.82ms, mfu 7.77%
-----------average decoder density 0.0000
step 40750: train loss 1.8300, val loss 2.0673
model:LGT728D iter 40750: loss 1.7796, time 11523.76ms, mfu 7.05%
model:LGT728D iter 40760: loss 2.0198, time 753.90ms, mfu 7.26%
model:LGT728D iter 40770: loss 1.6756, time 757.76ms, mfu 7.45%
model:LGT728D iter 40780: loss 1.7896, time 753.68ms, mfu 7.62%
model:LGT728D iter 40790: loss 2.1469, time 758.08ms, mfu 7.76%
-----------average decoder density 0.0000
step 40800: train loss 1.8357, val loss 2.0705
model:LGT728D iter 40800: loss 1.8676, time 11582.51ms, mfu 7.05%
model:LGT728D iter 40810: loss 2.1061, time 754.08ms, mfu 7.26%
model:LGT728D iter 40820: loss 1.7953, time 754.14ms, mfu 7.44%
model:LGT728D iter 40830: loss 1.6306, time 754.08ms, mfu 7.61%
model:LGT728D iter 40840: loss 1.8841, time 753.98ms, mfu 7.77%
-----------average decoder density 0.0000
step 40850: train loss 1.8395, val loss 2.0580
model:LGT728D iter 40850: loss 1.3058, time 11528.48ms, mfu 7.05%
model:LGT728D iter 40860: loss 2.0472, time 754.00ms, mfu 7.26%
model:LGT728D iter 40870: loss 1.6456, time 753.87ms, mfu 7.45%
model:LGT728D iter 40880: loss 1.5412, time 754.02ms, mfu 7.62%
model:LGT728D iter 40890: loss 1.9619, time 753.86ms, mfu 7.77%
-----------average decoder density 0.0000
step 40900: train loss 1.8502, val loss 2.0796
model:LGT728D iter 40900: loss 1.9259, time 11533.31ms, mfu 7.05%
model:LGT728D iter 40910: loss 1.5951, time 753.97ms, mfu 7.26%
model:LGT728D iter 40920: loss 2.0994, time 754.09ms, mfu 7.45%
model:LGT728D iter 40930: loss 2.0409, time 754.13ms, mfu 7.62%
model:LGT728D iter 40940: loss 1.9693, time 753.92ms, mfu 7.77%
-----------average decoder density 0.0000
step 40950: train loss 1.8421, val loss 2.0876
model:LGT728D iter 40950: loss 1.7475, time 11525.80ms, mfu 7.05%
model:LGT728D iter 40960: loss 2.0303, time 753.73ms, mfu 7.26%
model:LGT728D iter 40970: loss 1.7708, time 753.74ms, mfu 7.45%
model:LGT728D iter 40980: loss 1.8776, time 753.91ms, mfu 7.62%
model:LGT728D iter 40990: loss 1.9435, time 753.99ms, mfu 7.77%
-----------average decoder density 0.0000
step 41000: train loss 1.8321, val loss 2.0911
model:LGT728D iter 41000: loss 1.4985, time 11545.68ms, mfu 7.06%
model:LGT728D iter 41010: loss 1.6261, time 753.99ms, mfu 7.26%
model:LGT728D iter 41020: loss 2.0118, time 753.75ms, mfu 7.45%
model:LGT728D iter 41030: loss 1.8660, time 754.54ms, mfu 7.62%
model:LGT728D iter 41040: loss 1.7716, time 754.36ms, mfu 7.77%
-----------average decoder density 0.0000
step 41050: train loss 1.8674, val loss 2.0702
model:LGT728D iter 41050: loss 2.2136, time 11589.29ms, mfu 7.05%
model:LGT728D iter 41060: loss 1.6047, time 754.41ms, mfu 7.26%
model:LGT728D iter 41070: loss 2.0851, time 754.04ms, mfu 7.45%
model:LGT728D iter 41080: loss 2.0520, time 753.94ms, mfu 7.62%
model:LGT728D iter 41090: loss 2.0466, time 753.86ms, mfu 7.77%
-----------average decoder density 0.0000
step 41100: train loss 1.8683, val loss 2.0748
model:LGT728D iter 41100: loss 2.0472, time 11534.60ms, mfu 7.05%
model:LGT728D iter 41110: loss 1.9195, time 754.18ms, mfu 7.26%
model:LGT728D iter 41120: loss 2.1034, time 753.94ms, mfu 7.45%
model:LGT728D iter 41130: loss 1.8759, time 754.04ms, mfu 7.62%
model:LGT728D iter 41140: loss 1.7864, time 753.98ms, mfu 7.77%
-----------average decoder density 0.0000
step 41150: train loss 1.8461, val loss 2.0711
model:LGT728D iter 41150: loss 1.8148, time 11528.64ms, mfu 7.06%
model:LGT728D iter 41160: loss 1.9604, time 754.31ms, mfu 7.26%
model:LGT728D iter 41170: loss 1.8795, time 754.26ms, mfu 7.45%
model:LGT728D iter 41180: loss 1.5776, time 753.84ms, mfu 7.62%
model:LGT728D iter 41190: loss 1.5409, time 754.00ms, mfu 7.77%
-----------average decoder density 0.0000
step 41200: train loss 1.8558, val loss 2.0837
model:LGT728D iter 41200: loss 2.0656, time 11526.89ms, mfu 7.06%
model:LGT728D iter 41210: loss 1.8324, time 753.88ms, mfu 7.26%
model:LGT728D iter 41220: loss 1.8744, time 753.91ms, mfu 7.45%
model:LGT728D iter 41230: loss 1.9721, time 754.10ms, mfu 7.62%
model:LGT728D iter 41240: loss 1.9447, time 754.04ms, mfu 7.77%
-----------average decoder density 0.0000
step 41250: train loss 1.8390, val loss 2.0679
model:LGT728D iter 41250: loss 1.8032, time 11525.32ms, mfu 7.06%
model:LGT728D iter 41260: loss 2.0710, time 753.92ms, mfu 7.26%
model:LGT728D iter 41270: loss 2.1314, time 753.98ms, mfu 7.45%
model:LGT728D iter 41280: loss 2.0093, time 753.97ms, mfu 7.62%
model:LGT728D iter 41290: loss 1.5810, time 754.08ms, mfu 7.77%
-----------average decoder density 0.0000
step 41300: train loss 1.8385, val loss 2.0725
model:LGT728D iter 41300: loss 1.7772, time 11580.57ms, mfu 7.06%
model:LGT728D iter 41310: loss 1.9745, time 754.36ms, mfu 7.26%
model:LGT728D iter 41320: loss 2.0389, time 753.84ms, mfu 7.45%
model:LGT728D iter 41330: loss 1.9439, time 754.00ms, mfu 7.62%
model:LGT728D iter 41340: loss 1.4334, time 753.99ms, mfu 7.77%
-----------average decoder density 0.0000
step 41350: train loss 1.8493, val loss 2.0752
model:LGT728D iter 41350: loss 1.8126, time 11529.04ms, mfu 7.06%
model:LGT728D iter 41360: loss 1.7062, time 754.12ms, mfu 7.26%
model:LGT728D iter 41370: loss 1.7339, time 754.03ms, mfu 7.45%
model:LGT728D iter 41380: loss 1.6952, time 753.84ms, mfu 7.62%
model:LGT728D iter 41390: loss 1.7024, time 753.83ms, mfu 7.77%
-----------average decoder density 0.0000
step 41400: train loss 1.8629, val loss 2.0827
model:LGT728D iter 41400: loss 1.7619, time 11539.00ms, mfu 7.06%
model:LGT728D iter 41410: loss 1.8350, time 753.99ms, mfu 7.26%
model:LGT728D iter 41420: loss 1.7344, time 753.84ms, mfu 7.45%
model:LGT728D iter 41430: loss 1.8615, time 754.06ms, mfu 7.62%
model:LGT728D iter 41440: loss 1.5992, time 753.92ms, mfu 7.77%
-----------average decoder density 0.0000
step 41450: train loss 1.8464, val loss 2.0895
model:LGT728D iter 41450: loss 1.8626, time 11529.51ms, mfu 7.06%
model:LGT728D iter 41460: loss 1.8529, time 753.87ms, mfu 7.26%
model:LGT728D iter 41470: loss 1.7389, time 754.04ms, mfu 7.45%
model:LGT728D iter 41480: loss 1.7535, time 753.98ms, mfu 7.62%
model:LGT728D iter 41490: loss 2.1919, time 754.05ms, mfu 7.77%
-----------average decoder density 0.0000
step 41500: train loss 1.8334, val loss 2.0519
model:LGT728D iter 41500: loss 1.3997, time 11529.07ms, mfu 7.06%
model:LGT728D iter 41510: loss 1.5517, time 753.92ms, mfu 7.26%
model:LGT728D iter 41520: loss 2.0269, time 753.98ms, mfu 7.45%
model:LGT728D iter 41530: loss 1.5880, time 754.09ms, mfu 7.62%
model:LGT728D iter 41540: loss 1.8375, time 753.90ms, mfu 7.77%
-----------average decoder density 0.0000
step 41550: train loss 1.8650, val loss 2.0763
model:LGT728D iter 41550: loss 1.8317, time 11567.83ms, mfu 7.06%
model:LGT728D iter 41560: loss 1.9685, time 754.03ms, mfu 7.26%
model:LGT728D iter 41570: loss 1.8056, time 753.92ms, mfu 7.45%
model:LGT728D iter 41580: loss 1.6888, time 754.04ms, mfu 7.62%
model:LGT728D iter 41590: loss 2.0069, time 754.29ms, mfu 7.77%
-----------average decoder density 0.0000
step 41600: train loss 1.8576, val loss 2.0781
model:LGT728D iter 41600: loss 1.8945, time 11530.59ms, mfu 7.06%
model:LGT728D iter 41610: loss 1.9610, time 753.98ms, mfu 7.26%
model:LGT728D iter 41620: loss 1.9439, time 753.88ms, mfu 7.45%
model:LGT728D iter 41630: loss 1.9297, time 753.99ms, mfu 7.62%
model:LGT728D iter 41640: loss 1.9199, time 753.90ms, mfu 7.77%
-----------average decoder density 0.0000
step 41650: train loss 1.8237, val loss 2.0729
model:LGT728D iter 41650: loss 1.2267, time 11526.94ms, mfu 7.06%
model:LGT728D iter 41660: loss 1.9101, time 753.95ms, mfu 7.26%
model:LGT728D iter 41670: loss 1.8218, time 754.01ms, mfu 7.45%
model:LGT728D iter 41680: loss 1.7516, time 754.02ms, mfu 7.62%
model:LGT728D iter 41690: loss 2.0576, time 753.84ms, mfu 7.77%
-----------average decoder density 0.0000
step 41700: train loss 1.8337, val loss 2.0503
model:LGT728D iter 41700: loss 1.3760, time 11537.90ms, mfu 7.06%
model:LGT728D iter 41710: loss 1.9785, time 753.94ms, mfu 7.26%
model:LGT728D iter 41720: loss 2.1377, time 753.90ms, mfu 7.45%
model:LGT728D iter 41730: loss 1.7174, time 754.06ms, mfu 7.62%
model:LGT728D iter 41740: loss 2.1786, time 753.87ms, mfu 7.77%
-----------average decoder density 0.0000
step 41750: train loss 1.8266, val loss 2.0594
model:LGT728D iter 41750: loss 2.1003, time 11531.28ms, mfu 7.06%
model:LGT728D iter 41760: loss 1.6564, time 753.95ms, mfu 7.26%
model:LGT728D iter 41770: loss 1.7635, time 753.89ms, mfu 7.45%
model:LGT728D iter 41780: loss 1.6343, time 754.04ms, mfu 7.62%
model:LGT728D iter 41790: loss 1.9709, time 753.95ms, mfu 7.77%
-----------average decoder density 0.0000
step 41800: train loss 1.8325, val loss 2.0770
model:LGT728D iter 41800: loss 2.0289, time 11589.33ms, mfu 7.06%
model:LGT728D iter 41810: loss 1.6843, time 754.40ms, mfu 7.26%
model:LGT728D iter 41820: loss 2.0587, time 754.71ms, mfu 7.45%
model:LGT728D iter 41830: loss 1.8846, time 754.30ms, mfu 7.62%
model:LGT728D iter 41840: loss 1.9366, time 754.01ms, mfu 7.77%
-----------average decoder density 0.0000
step 41850: train loss 1.8362, val loss 2.0685
model:LGT728D iter 41850: loss 1.6199, time 11531.08ms, mfu 7.05%
model:LGT728D iter 41860: loss 1.8565, time 753.84ms, mfu 7.26%
model:LGT728D iter 41870: loss 1.8505, time 753.87ms, mfu 7.45%
model:LGT728D iter 41880: loss 1.0809, time 754.03ms, mfu 7.62%
model:LGT728D iter 41890: loss 1.5449, time 753.75ms, mfu 7.77%
-----------average decoder density 0.0000
step 41900: train loss 1.8358, val loss 2.0595
model:LGT728D iter 41900: loss 2.1179, time 11525.79ms, mfu 7.06%
model:LGT728D iter 41910: loss 1.8446, time 754.05ms, mfu 7.26%
model:LGT728D iter 41920: loss 2.0683, time 754.06ms, mfu 7.45%
model:LGT728D iter 41930: loss 1.5595, time 753.89ms, mfu 7.62%
model:LGT728D iter 41940: loss 1.8001, time 754.01ms, mfu 7.77%
-----------average decoder density 0.0000
step 41950: train loss 1.8179, val loss 2.0839
model:LGT728D iter 41950: loss 1.8140, time 11524.91ms, mfu 7.06%
model:LGT728D iter 41960: loss 1.8016, time 754.05ms, mfu 7.26%
model:LGT728D iter 41970: loss 1.9666, time 753.91ms, mfu 7.45%
model:LGT728D iter 41980: loss 1.9597, time 753.77ms, mfu 7.62%
model:LGT728D iter 41990: loss 1.5237, time 753.78ms, mfu 7.77%
-----------average decoder density 0.0000
step 42000: train loss 1.8481, val loss 2.0875
model:LGT728D iter 42000: loss 1.8874, time 11526.75ms, mfu 7.06%
model:LGT728D iter 42010: loss 1.6424, time 753.93ms, mfu 7.26%
model:LGT728D iter 42020: loss 1.5485, time 753.94ms, mfu 7.45%
model:LGT728D iter 42030: loss 1.7027, time 753.82ms, mfu 7.62%
model:LGT728D iter 42040: loss 1.7431, time 753.83ms, mfu 7.77%
-----------average decoder density 0.0000
step 42050: train loss 1.8352, val loss 2.0890
model:LGT728D iter 42050: loss 1.8373, time 11544.81ms, mfu 7.06%
model:LGT728D iter 42060: loss 1.6894, time 754.58ms, mfu 7.26%
model:LGT728D iter 42070: loss 2.1217, time 754.00ms, mfu 7.45%
model:LGT728D iter 42080: loss 1.8780, time 754.08ms, mfu 7.62%
model:LGT728D iter 42090: loss 1.8233, time 753.97ms, mfu 7.77%
-----------average decoder density 0.0000
step 42100: train loss 1.8494, val loss 2.0659
model:LGT728D iter 42100: loss 1.7974, time 11530.97ms, mfu 7.06%
model:LGT728D iter 42110: loss 1.9859, time 754.04ms, mfu 7.26%
model:LGT728D iter 42120: loss 1.8860, time 753.93ms, mfu 7.45%
model:LGT728D iter 42130: loss 1.9416, time 754.01ms, mfu 7.62%
model:LGT728D iter 42140: loss 1.9423, time 754.01ms, mfu 7.77%
-----------average decoder density 0.0000
step 42150: train loss 1.8436, val loss 2.0794
model:LGT728D iter 42150: loss 1.9530, time 11525.29ms, mfu 7.06%
model:LGT728D iter 42160: loss 2.1348, time 753.66ms, mfu 7.26%
model:LGT728D iter 42170: loss 1.9885, time 753.93ms, mfu 7.45%
model:LGT728D iter 42180: loss 1.8087, time 754.02ms, mfu 7.62%
model:LGT728D iter 42190: loss 1.9972, time 754.03ms, mfu 7.77%
-----------average decoder density 0.0000
step 42200: train loss 1.8310, val loss 2.0831
model:LGT728D iter 42200: loss 1.7946, time 11527.92ms, mfu 7.06%
model:LGT728D iter 42210: loss 1.8844, time 753.95ms, mfu 7.26%
model:LGT728D iter 42220: loss 1.7363, time 753.86ms, mfu 7.45%
model:LGT728D iter 42230: loss 1.8329, time 753.93ms, mfu 7.62%
model:LGT728D iter 42240: loss 1.9059, time 753.91ms, mfu 7.77%
-----------average decoder density 0.0000
step 42250: train loss 1.8158, val loss 2.1129
model:LGT728D iter 42250: loss 2.0040, time 11525.85ms, mfu 7.06%
model:LGT728D iter 42260: loss 1.4420, time 754.25ms, mfu 7.26%
model:LGT728D iter 42270: loss 1.7527, time 754.18ms, mfu 7.45%
model:LGT728D iter 42280: loss 1.8257, time 753.83ms, mfu 7.62%
model:LGT728D iter 42290: loss 2.0270, time 754.10ms, mfu 7.77%
-----------average decoder density 0.0000
step 42300: train loss 1.8265, val loss 2.0949
model:LGT728D iter 42300: loss 1.6556, time 11527.35ms, mfu 7.06%
model:LGT728D iter 42310: loss 1.7819, time 754.06ms, mfu 7.26%
model:LGT728D iter 42320: loss 1.3703, time 754.05ms, mfu 7.45%
model:LGT728D iter 42330: loss 1.4832, time 754.01ms, mfu 7.62%
model:LGT728D iter 42340: loss 2.0192, time 753.68ms, mfu 7.77%
-----------average decoder density 0.0000
step 42350: train loss 1.8215, val loss 2.0542
model:LGT728D iter 42350: loss 1.5154, time 11532.66ms, mfu 7.06%
model:LGT728D iter 42360: loss 2.0394, time 754.29ms, mfu 7.26%
model:LGT728D iter 42370: loss 1.6755, time 754.64ms, mfu 7.45%
model:LGT728D iter 42380: loss 1.7359, time 755.02ms, mfu 7.62%
model:LGT728D iter 42390: loss 1.9654, time 754.53ms, mfu 7.77%
-----------average decoder density 0.0000
step 42400: train loss 1.8295, val loss 2.0517
model:LGT728D iter 42400: loss 1.8124, time 11544.07ms, mfu 7.05%
model:LGT728D iter 42410: loss 1.3299, time 754.02ms, mfu 7.26%
model:LGT728D iter 42420: loss 1.5115, time 754.09ms, mfu 7.45%
model:LGT728D iter 42430: loss 1.6954, time 753.88ms, mfu 7.62%
model:LGT728D iter 42440: loss 1.6987, time 754.20ms, mfu 7.77%
-----------average decoder density 0.0000
step 42450: train loss 1.8581, val loss 2.0651
model:LGT728D iter 42450: loss 1.8290, time 11525.99ms, mfu 7.05%
model:LGT728D iter 42460: loss 1.5779, time 753.89ms, mfu 7.26%
model:LGT728D iter 42470: loss 1.7803, time 753.95ms, mfu 7.45%
model:LGT728D iter 42480: loss 2.0814, time 754.05ms, mfu 7.62%
model:LGT728D iter 42490: loss 1.7598, time 754.09ms, mfu 7.77%
-----------average decoder density 0.0000
step 42500: train loss 1.8431, val loss 2.0516
model:LGT728D iter 42500: loss 1.7969, time 11527.15ms, mfu 7.05%
model:LGT728D iter 42510: loss 1.3593, time 753.95ms, mfu 7.26%
model:LGT728D iter 42520: loss 2.1169, time 753.85ms, mfu 7.45%
model:LGT728D iter 42530: loss 1.8539, time 753.97ms, mfu 7.62%
model:LGT728D iter 42540: loss 1.8658, time 753.91ms, mfu 7.77%
-----------average decoder density 0.0000
step 42550: train loss 1.8111, val loss 2.0680
model:LGT728D iter 42550: loss 1.9663, time 11524.30ms, mfu 7.06%
model:LGT728D iter 42560: loss 2.0736, time 753.83ms, mfu 7.26%
model:LGT728D iter 42570: loss 1.6028, time 753.92ms, mfu 7.45%
model:LGT728D iter 42580: loss 1.7586, time 753.71ms, mfu 7.62%
model:LGT728D iter 42590: loss 1.9825, time 753.88ms, mfu 7.77%
-----------average decoder density 0.0000
step 42600: train loss 1.8272, val loss 2.0641
model:LGT728D iter 42600: loss 1.9551, time 11526.11ms, mfu 7.06%
model:LGT728D iter 42610: loss 1.7722, time 754.05ms, mfu 7.26%
model:LGT728D iter 42620: loss 1.9798, time 753.97ms, mfu 7.45%
model:LGT728D iter 42630: loss 1.7157, time 756.97ms, mfu 7.62%
model:LGT728D iter 42640: loss 2.2119, time 753.83ms, mfu 7.77%
-----------average decoder density 0.0000
step 42650: train loss 1.8244, val loss 2.0544
model:LGT728D iter 42650: loss 1.7262, time 11526.83ms, mfu 7.05%
model:LGT728D iter 42660: loss 1.5275, time 753.86ms, mfu 7.26%
model:LGT728D iter 42670: loss 1.8941, time 753.86ms, mfu 7.45%
model:LGT728D iter 42680: loss 1.7955, time 754.04ms, mfu 7.62%
model:LGT728D iter 42690: loss 1.7229, time 753.91ms, mfu 7.77%
-----------average decoder density 0.0000
step 42700: train loss 1.8566, val loss 2.0780
model:LGT728D iter 42700: loss 1.8938, time 11525.83ms, mfu 7.05%
model:LGT728D iter 42710: loss 1.6944, time 753.85ms, mfu 7.26%
model:LGT728D iter 42720: loss 2.0551, time 753.80ms, mfu 7.45%
model:LGT728D iter 42730: loss 2.0747, time 754.20ms, mfu 7.62%
model:LGT728D iter 42740: loss 1.7980, time 754.05ms, mfu 7.77%
-----------average decoder density 0.0000
step 42750: train loss 1.8453, val loss 2.0491
model:LGT728D iter 42750: loss 1.6604, time 11529.43ms, mfu 7.06%
model:LGT728D iter 42760: loss 1.7312, time 753.95ms, mfu 7.26%
model:LGT728D iter 42770: loss 2.1130, time 753.97ms, mfu 7.45%
model:LGT728D iter 42780: loss 2.0923, time 753.95ms, mfu 7.62%
model:LGT728D iter 42790: loss 1.7209, time 754.10ms, mfu 7.77%
-----------average decoder density 0.0000
step 42800: train loss 1.8206, val loss 2.0763
model:LGT728D iter 42800: loss 1.6126, time 11603.07ms, mfu 7.06%
model:LGT728D iter 42810: loss 1.7574, time 754.40ms, mfu 7.26%
model:LGT728D iter 42820: loss 2.0137, time 753.92ms, mfu 7.45%
model:LGT728D iter 42830: loss 2.1771, time 754.35ms, mfu 7.62%
model:LGT728D iter 42840: loss 1.9527, time 754.07ms, mfu 7.77%
-----------average decoder density 0.0000
step 42850: train loss 1.8183, val loss 2.0598
model:LGT728D iter 42850: loss 1.9326, time 11533.14ms, mfu 7.05%
model:LGT728D iter 42860: loss 1.8680, time 753.96ms, mfu 7.26%
model:LGT728D iter 42870: loss 2.0583, time 753.86ms, mfu 7.45%
model:LGT728D iter 42880: loss 1.7420, time 753.82ms, mfu 7.62%
model:LGT728D iter 42890: loss 1.9772, time 753.89ms, mfu 7.77%
-----------average decoder density 0.0000
step 42900: train loss 1.8217, val loss 2.0757
model:LGT728D iter 42900: loss 1.8663, time 11526.84ms, mfu 7.06%
model:LGT728D iter 42910: loss 1.7017, time 753.99ms, mfu 7.26%
model:LGT728D iter 42920: loss 1.7163, time 754.19ms, mfu 7.45%
model:LGT728D iter 42930: loss 1.5265, time 754.03ms, mfu 7.62%
model:LGT728D iter 42940: loss 1.5454, time 753.67ms, mfu 7.77%
-----------average decoder density 0.0000
step 42950: train loss 1.8333, val loss 2.0641
model:LGT728D iter 42950: loss 1.5872, time 11534.20ms, mfu 7.06%
model:LGT728D iter 42960: loss 1.8818, time 753.88ms, mfu 7.26%
model:LGT728D iter 42970: loss 1.7500, time 753.94ms, mfu 7.45%
model:LGT728D iter 42980: loss 1.6049, time 754.12ms, mfu 7.62%
model:LGT728D iter 42990: loss 1.8045, time 753.98ms, mfu 7.77%
-----------average decoder density 0.0000
step 43000: train loss 1.8248, val loss 2.0452
model:LGT728D iter 43000: loss 1.9631, time 11533.29ms, mfu 7.06%
model:LGT728D iter 43010: loss 1.5370, time 753.66ms, mfu 7.26%
model:LGT728D iter 43020: loss 1.8811, time 753.96ms, mfu 7.45%
model:LGT728D iter 43030: loss 1.5109, time 753.89ms, mfu 7.62%
model:LGT728D iter 43040: loss 1.7941, time 753.98ms, mfu 7.77%
-----------average decoder density 0.0000
step 43050: train loss 1.8340, val loss 2.0594
model:LGT728D iter 43050: loss 1.7649, time 11525.43ms, mfu 7.06%
model:LGT728D iter 43060: loss 1.8570, time 753.89ms, mfu 7.27%
model:LGT728D iter 43070: loss 1.7170, time 753.82ms, mfu 7.45%
model:LGT728D iter 43080: loss 1.8755, time 754.02ms, mfu 7.62%
model:LGT728D iter 43090: loss 1.9303, time 753.94ms, mfu 7.77%
-----------average decoder density 0.0000
step 43100: train loss 1.8346, val loss 2.0810
model:LGT728D iter 43100: loss 1.9734, time 11527.80ms, mfu 7.06%
model:LGT728D iter 43110: loss 1.3792, time 754.03ms, mfu 7.26%
model:LGT728D iter 43120: loss 1.7396, time 753.89ms, mfu 7.45%
model:LGT728D iter 43130: loss 1.7349, time 753.92ms, mfu 7.62%
model:LGT728D iter 43140: loss 1.7826, time 754.06ms, mfu 7.77%
-----------average decoder density 0.0000
step 43150: train loss 1.8156, val loss 2.0505
model:LGT728D iter 43150: loss 1.7297, time 11525.72ms, mfu 7.06%
model:LGT728D iter 43160: loss 1.8287, time 753.98ms, mfu 7.26%
model:LGT728D iter 43170: loss 1.6621, time 754.02ms, mfu 7.45%
model:LGT728D iter 43180: loss 1.8633, time 753.87ms, mfu 7.62%
model:LGT728D iter 43190: loss 1.7165, time 753.94ms, mfu 7.77%
-----------average decoder density 0.0000
step 43200: train loss 1.8288, val loss 2.0789
model:LGT728D iter 43200: loss 1.9582, time 11530.59ms, mfu 7.06%
model:LGT728D iter 43210: loss 1.8794, time 753.98ms, mfu 7.26%
model:LGT728D iter 43220: loss 1.6576, time 754.02ms, mfu 7.45%
model:LGT728D iter 43230: loss 1.4254, time 754.09ms, mfu 7.62%
model:LGT728D iter 43240: loss 1.5635, time 753.94ms, mfu 7.77%
-----------average decoder density 0.0000
step 43250: train loss 1.8416, val loss 2.0774
model:LGT728D iter 43250: loss 1.7406, time 11591.75ms, mfu 7.06%
model:LGT728D iter 43260: loss 1.5547, time 754.15ms, mfu 7.26%
model:LGT728D iter 43270: loss 1.8474, time 753.96ms, mfu 7.45%
model:LGT728D iter 43280: loss 1.8885, time 754.10ms, mfu 7.62%
model:LGT728D iter 43290: loss 2.0001, time 754.18ms, mfu 7.77%
-----------average decoder density 0.0000
step 43300: train loss 1.8292, val loss 2.0715
model:LGT728D iter 43300: loss 1.8080, time 11549.53ms, mfu 7.06%
model:LGT728D iter 43310: loss 1.9728, time 754.03ms, mfu 7.26%
model:LGT728D iter 43320: loss 1.8306, time 754.01ms, mfu 7.45%
model:LGT728D iter 43330: loss 1.9695, time 753.97ms, mfu 7.62%
model:LGT728D iter 43340: loss 1.7967, time 754.04ms, mfu 7.77%
-----------average decoder density 0.0000
step 43350: train loss 1.8450, val loss 2.0571
model:LGT728D iter 43350: loss 1.8344, time 11537.80ms, mfu 7.06%
model:LGT728D iter 43360: loss 1.7831, time 753.93ms, mfu 7.26%
model:LGT728D iter 43370: loss 1.5467, time 753.92ms, mfu 7.45%
model:LGT728D iter 43380: loss 1.5804, time 753.89ms, mfu 7.62%
model:LGT728D iter 43390: loss 1.8419, time 753.87ms, mfu 7.77%
-----------average decoder density 0.0000
step 43400: train loss 1.8271, val loss 2.0398
model:LGT728D iter 43400: loss 1.7856, time 11525.92ms, mfu 7.06%
model:LGT728D iter 43410: loss 1.8534, time 753.87ms, mfu 7.26%
model:LGT728D iter 43420: loss 1.8098, time 753.82ms, mfu 7.45%
model:LGT728D iter 43430: loss 1.8622, time 753.87ms, mfu 7.62%
model:LGT728D iter 43440: loss 2.1677, time 754.05ms, mfu 7.77%
-----------average decoder density 0.0000
step 43450: train loss 1.8425, val loss 2.0758
model:LGT728D iter 43450: loss 1.3410, time 11528.63ms, mfu 7.06%
model:LGT728D iter 43460: loss 1.9238, time 754.17ms, mfu 7.26%
model:LGT728D iter 43470: loss 1.9072, time 753.96ms, mfu 7.45%
model:LGT728D iter 43480: loss 1.7084, time 753.89ms, mfu 7.62%
model:LGT728D iter 43490: loss 1.7319, time 753.81ms, mfu 7.77%
-----------average decoder density 0.0000
step 43500: train loss 1.8258, val loss 2.0729
model:LGT728D iter 43500: loss 1.9247, time 11580.35ms, mfu 7.06%
model:LGT728D iter 43510: loss 1.9411, time 754.29ms, mfu 7.26%
model:LGT728D iter 43520: loss 1.4328, time 754.13ms, mfu 7.45%
model:LGT728D iter 43530: loss 1.7852, time 753.89ms, mfu 7.62%
model:LGT728D iter 43540: loss 1.7088, time 753.88ms, mfu 7.77%
-----------average decoder density 0.0000
step 43550: train loss 1.8165, val loss 2.0331
model:LGT728D iter 43550: loss 1.7675, time 11532.12ms, mfu 7.06%
model:LGT728D iter 43560: loss 1.7675, time 753.87ms, mfu 7.26%
model:LGT728D iter 43570: loss 1.6782, time 753.90ms, mfu 7.45%
model:LGT728D iter 43580: loss 1.7548, time 754.22ms, mfu 7.62%
model:LGT728D iter 43590: loss 1.7519, time 754.09ms, mfu 7.77%
-----------average decoder density 0.0000
step 43600: train loss 1.8250, val loss 2.0713
model:LGT728D iter 43600: loss 1.8896, time 11527.92ms, mfu 7.06%
model:LGT728D iter 43610: loss 1.6743, time 753.89ms, mfu 7.26%
model:LGT728D iter 43620: loss 1.6913, time 754.03ms, mfu 7.45%
model:LGT728D iter 43630: loss 1.7637, time 753.93ms, mfu 7.62%
model:LGT728D iter 43640: loss 1.8036, time 754.05ms, mfu 7.77%
-----------average decoder density 0.0000
step 43650: train loss 1.8160, val loss 2.0559
model:LGT728D iter 43650: loss 1.7173, time 11528.52ms, mfu 7.06%
model:LGT728D iter 43660: loss 1.6939, time 753.90ms, mfu 7.26%
model:LGT728D iter 43670: loss 1.8885, time 753.91ms, mfu 7.45%
model:LGT728D iter 43680: loss 1.9257, time 753.96ms, mfu 7.62%
model:LGT728D iter 43690: loss 1.8595, time 754.08ms, mfu 7.77%
-----------average decoder density 0.0000
step 43700: train loss 1.8212, val loss 2.0516
model:LGT728D iter 43700: loss 1.9464, time 11526.11ms, mfu 7.06%
model:LGT728D iter 43710: loss 1.8520, time 753.97ms, mfu 7.26%
model:LGT728D iter 43720: loss 1.9012, time 753.80ms, mfu 7.45%
model:LGT728D iter 43730: loss 1.9734, time 753.93ms, mfu 7.62%
model:LGT728D iter 43740: loss 1.9494, time 753.91ms, mfu 7.77%
-----------average decoder density 0.0000
step 43750: train loss 1.8132, val loss 2.0801
model:LGT728D iter 43750: loss 1.6415, time 11576.40ms, mfu 7.06%
model:LGT728D iter 43760: loss 1.7309, time 754.29ms, mfu 7.26%
model:LGT728D iter 43770: loss 1.5937, time 753.99ms, mfu 7.45%
model:LGT728D iter 43780: loss 1.7753, time 753.94ms, mfu 7.62%
model:LGT728D iter 43790: loss 1.7039, time 753.87ms, mfu 7.77%
-----------average decoder density 0.0000
step 43800: train loss 1.8467, val loss 2.0534
model:LGT728D iter 43800: loss 1.9592, time 11530.82ms, mfu 7.06%
model:LGT728D iter 43810: loss 1.9963, time 753.91ms, mfu 7.26%
model:LGT728D iter 43820: loss 1.7948, time 754.09ms, mfu 7.45%
model:LGT728D iter 43830: loss 1.6403, time 754.04ms, mfu 7.62%
model:LGT728D iter 43840: loss 1.8540, time 753.93ms, mfu 7.77%
-----------average decoder density 0.0000
step 43850: train loss 1.8144, val loss 2.0591
model:LGT728D iter 43850: loss 1.8245, time 11539.10ms, mfu 7.06%
model:LGT728D iter 43860: loss 2.0261, time 754.06ms, mfu 7.26%
model:LGT728D iter 43870: loss 2.1121, time 754.11ms, mfu 7.45%
model:LGT728D iter 43880: loss 1.6036, time 753.98ms, mfu 7.62%
model:LGT728D iter 43890: loss 1.5910, time 754.33ms, mfu 7.77%
-----------average decoder density 0.0000
step 43900: train loss 1.8152, val loss 2.0669
model:LGT728D iter 43900: loss 1.7836, time 11531.40ms, mfu 7.06%
model:LGT728D iter 43910: loss 1.7655, time 754.01ms, mfu 7.26%
model:LGT728D iter 43920: loss 1.6879, time 753.99ms, mfu 7.45%
model:LGT728D iter 43930: loss 1.7497, time 754.03ms, mfu 7.62%
model:LGT728D iter 43940: loss 1.9463, time 753.96ms, mfu 7.77%
-----------average decoder density 0.0000
step 43950: train loss 1.8373, val loss 2.0612
model:LGT728D iter 43950: loss 1.4434, time 11538.54ms, mfu 7.06%
model:LGT728D iter 43960: loss 1.9682, time 753.94ms, mfu 7.26%
model:LGT728D iter 43970: loss 1.4300, time 754.04ms, mfu 7.45%
model:LGT728D iter 43980: loss 1.8692, time 753.94ms, mfu 7.62%
model:LGT728D iter 43990: loss 1.5353, time 754.11ms, mfu 7.77%
-----------average decoder density 0.0000
step 44000: train loss 1.8337, val loss 2.0762
model:LGT728D iter 44000: loss 1.7613, time 11578.90ms, mfu 7.06%
model:LGT728D iter 44010: loss 1.9544, time 754.88ms, mfu 7.26%
model:LGT728D iter 44020: loss 1.8899, time 753.94ms, mfu 7.45%
model:LGT728D iter 44030: loss 1.4767, time 754.07ms, mfu 7.62%
model:LGT728D iter 44040: loss 2.0786, time 757.66ms, mfu 7.77%
-----------average decoder density 0.0000
step 44050: train loss 1.8140, val loss 2.0685
model:LGT728D iter 44050: loss 1.8289, time 11525.11ms, mfu 7.05%
model:LGT728D iter 44060: loss 1.5600, time 754.04ms, mfu 7.26%
model:LGT728D iter 44070: loss 1.8094, time 754.10ms, mfu 7.45%
model:LGT728D iter 44080: loss 1.6629, time 753.85ms, mfu 7.62%
model:LGT728D iter 44090: loss 1.9990, time 753.83ms, mfu 7.77%
-----------average decoder density 0.0000
step 44100: train loss 1.8250, val loss 2.1039
model:LGT728D iter 44100: loss 1.7092, time 11540.69ms, mfu 7.05%
model:LGT728D iter 44110: loss 2.0073, time 753.99ms, mfu 7.26%
model:LGT728D iter 44120: loss 1.9640, time 754.25ms, mfu 7.45%
model:LGT728D iter 44130: loss 2.1300, time 753.89ms, mfu 7.62%
model:LGT728D iter 44140: loss 1.8364, time 753.93ms, mfu 7.77%
-----------average decoder density 0.0000
step 44150: train loss 1.8313, val loss 2.0492
model:LGT728D iter 44150: loss 1.4739, time 11525.17ms, mfu 7.05%
model:LGT728D iter 44160: loss 1.6683, time 753.90ms, mfu 7.26%
model:LGT728D iter 44170: loss 1.6482, time 753.89ms, mfu 7.45%
model:LGT728D iter 44180: loss 1.6126, time 753.95ms, mfu 7.62%
model:LGT728D iter 44190: loss 1.9754, time 754.08ms, mfu 7.77%
-----------average decoder density 0.0000
step 44200: train loss 1.8166, val loss 2.0713
model:LGT728D iter 44200: loss 2.0488, time 11525.86ms, mfu 7.06%
model:LGT728D iter 44210: loss 1.8849, time 753.87ms, mfu 7.26%
model:LGT728D iter 44220: loss 1.8440, time 753.96ms, mfu 7.45%
model:LGT728D iter 44230: loss 1.7241, time 753.89ms, mfu 7.62%
model:LGT728D iter 44240: loss 1.6768, time 753.85ms, mfu 7.77%
-----------average decoder density 0.0000
step 44250: train loss 1.8266, val loss 2.0538
model:LGT728D iter 44250: loss 1.7614, time 11524.61ms, mfu 7.06%
model:LGT728D iter 44260: loss 1.7611, time 753.92ms, mfu 7.26%
model:LGT728D iter 44270: loss 1.6431, time 753.91ms, mfu 7.45%
model:LGT728D iter 44280: loss 1.8151, time 754.19ms, mfu 7.62%
model:LGT728D iter 44290: loss 1.7478, time 754.08ms, mfu 7.77%
-----------average decoder density 0.0000
step 44300: train loss 1.8076, val loss 2.0795
model:LGT728D iter 44300: loss 1.5079, time 11607.04ms, mfu 7.06%
model:LGT728D iter 44310: loss 1.8413, time 754.05ms, mfu 7.26%
model:LGT728D iter 44320: loss 1.9151, time 753.88ms, mfu 7.45%
model:LGT728D iter 44330: loss 1.6631, time 753.81ms, mfu 7.62%
model:LGT728D iter 44340: loss 2.0280, time 753.92ms, mfu 7.77%
-----------average decoder density 0.0000
step 44350: train loss 1.8022, val loss 2.0533
model:LGT728D iter 44350: loss 1.7413, time 11524.58ms, mfu 7.06%
model:LGT728D iter 44360: loss 1.9279, time 754.41ms, mfu 7.26%
model:LGT728D iter 44370: loss 1.8734, time 754.00ms, mfu 7.45%
model:LGT728D iter 44380: loss 1.8230, time 753.97ms, mfu 7.62%
model:LGT728D iter 44390: loss 1.6867, time 753.77ms, mfu 7.77%
-----------average decoder density 0.0000
step 44400: train loss 1.8256, val loss 2.0476
model:LGT728D iter 44400: loss 1.7303, time 11527.99ms, mfu 7.06%
model:LGT728D iter 44410: loss 1.9621, time 753.97ms, mfu 7.26%
model:LGT728D iter 44420: loss 1.6719, time 753.90ms, mfu 7.45%
model:LGT728D iter 44430: loss 1.7077, time 753.99ms, mfu 7.62%
model:LGT728D iter 44440: loss 2.0378, time 753.90ms, mfu 7.77%
-----------average decoder density 0.0000
step 44450: train loss 1.8123, val loss 2.0902
model:LGT728D iter 44450: loss 1.7982, time 11531.04ms, mfu 7.06%
model:LGT728D iter 44460: loss 1.8840, time 754.15ms, mfu 7.26%
model:LGT728D iter 44470: loss 1.8104, time 754.04ms, mfu 7.45%
model:LGT728D iter 44480: loss 1.7409, time 753.95ms, mfu 7.62%
model:LGT728D iter 44490: loss 1.8902, time 753.96ms, mfu 7.77%
-----------average decoder density 0.0000
step 44500: train loss 1.8099, val loss 2.0479
model:LGT728D iter 44500: loss 1.3703, time 11527.05ms, mfu 7.06%
model:LGT728D iter 44510: loss 1.6142, time 753.88ms, mfu 7.26%
model:LGT728D iter 44520: loss 1.9924, time 753.81ms, mfu 7.45%
model:LGT728D iter 44530: loss 1.8380, time 754.02ms, mfu 7.62%
model:LGT728D iter 44540: loss 1.6213, time 754.05ms, mfu 7.77%
-----------average decoder density 0.0000
step 44550: train loss 1.8412, val loss 2.0849
model:LGT728D iter 44550: loss 1.7550, time 11565.14ms, mfu 7.06%
model:LGT728D iter 44560: loss 1.3992, time 753.90ms, mfu 7.26%
model:LGT728D iter 44570: loss 1.9300, time 754.42ms, mfu 7.45%
model:LGT728D iter 44580: loss 1.7892, time 753.88ms, mfu 7.62%
model:LGT728D iter 44590: loss 1.6297, time 754.05ms, mfu 7.77%
-----------average decoder density 0.0000
step 44600: train loss 1.7894, val loss 2.0629
model:LGT728D iter 44600: loss 1.8028, time 11524.72ms, mfu 7.06%
model:LGT728D iter 44610: loss 1.7059, time 754.96ms, mfu 7.26%
model:LGT728D iter 44620: loss 1.9332, time 753.50ms, mfu 7.45%
model:LGT728D iter 44630: loss 1.6006, time 753.51ms, mfu 7.62%
model:LGT728D iter 44640: loss 1.7038, time 753.55ms, mfu 7.77%
-----------average decoder density 0.0000
step 44650: train loss 1.8277, val loss 2.0801
model:LGT728D iter 44650: loss 1.4272, time 11522.27ms, mfu 7.06%
model:LGT728D iter 44660: loss 1.7196, time 753.76ms, mfu 7.27%
model:LGT728D iter 44670: loss 1.7512, time 753.77ms, mfu 7.45%
model:LGT728D iter 44680: loss 1.3361, time 753.41ms, mfu 7.62%
model:LGT728D iter 44690: loss 1.6525, time 753.52ms, mfu 7.78%
-----------average decoder density 0.0000
step 44700: train loss 1.8199, val loss 2.0742
model:LGT728D iter 44700: loss 1.6226, time 11527.10ms, mfu 7.06%
model:LGT728D iter 44710: loss 2.0089, time 754.04ms, mfu 7.27%
model:LGT728D iter 44720: loss 1.8045, time 753.87ms, mfu 7.45%
model:LGT728D iter 44730: loss 1.8585, time 754.00ms, mfu 7.62%
model:LGT728D iter 44740: loss 1.9586, time 753.85ms, mfu 7.77%
-----------average decoder density 0.0000
step 44750: train loss 1.8330, val loss 2.0586
model:LGT728D iter 44750: loss 1.6673, time 11531.17ms, mfu 7.06%
model:LGT728D iter 44760: loss 2.1652, time 754.04ms, mfu 7.27%
model:LGT728D iter 44770: loss 1.6875, time 753.95ms, mfu 7.45%
model:LGT728D iter 44780: loss 1.9382, time 754.03ms, mfu 7.62%
model:LGT728D iter 44790: loss 1.7140, time 754.37ms, mfu 7.77%
-----------average decoder density 0.0000
step 44800: train loss 1.8026, val loss 2.0522
model:LGT728D iter 44800: loss 1.6555, time 11581.17ms, mfu 7.06%
model:LGT728D iter 44810: loss 1.8117, time 754.78ms, mfu 7.26%
model:LGT728D iter 44820: loss 1.8305, time 754.14ms, mfu 7.45%
model:LGT728D iter 44830: loss 1.6917, time 754.14ms, mfu 7.62%
model:LGT728D iter 44840: loss 2.0085, time 754.14ms, mfu 7.77%
-----------average decoder density 0.0000
step 44850: train loss 1.8160, val loss 2.0870
model:LGT728D iter 44850: loss 1.6777, time 11527.90ms, mfu 7.05%
model:LGT728D iter 44860: loss 1.9876, time 753.88ms, mfu 7.26%
model:LGT728D iter 44870: loss 1.6724, time 753.92ms, mfu 7.45%
model:LGT728D iter 44880: loss 1.5874, time 754.07ms, mfu 7.62%
model:LGT728D iter 44890: loss 1.6802, time 753.94ms, mfu 7.77%
-----------average decoder density 0.0000
step 44900: train loss 1.8303, val loss 2.0532
model:LGT728D iter 44900: loss 1.8399, time 11538.10ms, mfu 7.06%
model:LGT728D iter 44910: loss 1.6902, time 754.12ms, mfu 7.26%
model:LGT728D iter 44920: loss 1.6721, time 754.09ms, mfu 7.45%
model:LGT728D iter 44930: loss 1.8649, time 754.42ms, mfu 7.62%
model:LGT728D iter 44940: loss 1.6748, time 753.97ms, mfu 7.77%
-----------average decoder density 0.0000
step 44950: train loss 1.8179, val loss 2.1009
model:LGT728D iter 44950: loss 1.9925, time 11573.90ms, mfu 7.05%
model:LGT728D iter 44960: loss 1.7843, time 753.99ms, mfu 7.26%
model:LGT728D iter 44970: loss 1.6692, time 753.89ms, mfu 7.45%
model:LGT728D iter 44980: loss 1.9522, time 753.89ms, mfu 7.62%
model:LGT728D iter 44990: loss 2.0894, time 753.91ms, mfu 7.77%
-----------average decoder density 0.0000
step 45000: train loss 1.7968, val loss 2.0481
model:LGT728D iter 45000: loss 1.7624, time 11546.48ms, mfu 7.06%
model:LGT728D iter 45010: loss 1.6521, time 753.98ms, mfu 7.26%
model:LGT728D iter 45020: loss 1.9268, time 754.12ms, mfu 7.45%
model:LGT728D iter 45030: loss 1.8944, time 754.06ms, mfu 7.62%
model:LGT728D iter 45040: loss 1.7241, time 753.83ms, mfu 7.77%
-----------average decoder density 0.0000
step 45050: train loss 1.8209, val loss 2.0800
model:LGT728D iter 45050: loss 1.8640, time 11530.05ms, mfu 7.06%
model:LGT728D iter 45060: loss 1.7441, time 754.01ms, mfu 7.26%
model:LGT728D iter 45070: loss 1.9140, time 754.14ms, mfu 7.45%
model:LGT728D iter 45080: loss 2.0812, time 754.04ms, mfu 7.62%
model:LGT728D iter 45090: loss 1.6072, time 753.93ms, mfu 7.77%
-----------average decoder density 0.0000
step 45100: train loss 1.8090, val loss 2.0543
model:LGT728D iter 45100: loss 1.6506, time 11537.85ms, mfu 7.06%
model:LGT728D iter 45110: loss 1.6851, time 753.91ms, mfu 7.26%
model:LGT728D iter 45120: loss 1.6813, time 753.89ms, mfu 7.45%
model:LGT728D iter 45130: loss 1.8400, time 753.97ms, mfu 7.62%
model:LGT728D iter 45140: loss 1.9985, time 754.06ms, mfu 7.77%
-----------average decoder density 0.0000
step 45150: train loss 1.8190, val loss 2.0437
model:LGT728D iter 45150: loss 1.8705, time 11529.67ms, mfu 7.06%
model:LGT728D iter 45160: loss 1.9649, time 753.93ms, mfu 7.26%
model:LGT728D iter 45170: loss 2.0934, time 753.97ms, mfu 7.45%
model:LGT728D iter 45180: loss 1.9415, time 753.99ms, mfu 7.62%
model:LGT728D iter 45190: loss 1.9412, time 753.96ms, mfu 7.77%
-----------average decoder density 0.0000
step 45200: train loss 1.8034, val loss 2.0578
model:LGT728D iter 45200: loss 1.9138, time 11528.82ms, mfu 7.06%
model:LGT728D iter 45210: loss 1.7422, time 754.16ms, mfu 7.26%
model:LGT728D iter 45220: loss 1.9374, time 753.94ms, mfu 7.45%
model:LGT728D iter 45230: loss 1.4565, time 753.94ms, mfu 7.62%
model:LGT728D iter 45240: loss 1.3050, time 753.92ms, mfu 7.77%
-----------average decoder density 0.0000
step 45250: train loss 1.7916, val loss 2.0701
model:LGT728D iter 45250: loss 1.7949, time 11533.16ms, mfu 7.06%
model:LGT728D iter 45260: loss 1.8126, time 754.09ms, mfu 7.26%
model:LGT728D iter 45270: loss 1.5956, time 754.20ms, mfu 7.45%
model:LGT728D iter 45280: loss 1.5521, time 753.85ms, mfu 7.62%
model:LGT728D iter 45290: loss 1.7505, time 754.11ms, mfu 7.77%
-----------average decoder density 0.0000
step 45300: train loss 1.8117, val loss 2.0717
model:LGT728D iter 45300: loss 1.9663, time 11533.57ms, mfu 7.06%
model:LGT728D iter 45310: loss 1.7714, time 753.88ms, mfu 7.26%
model:LGT728D iter 45320: loss 1.8073, time 754.01ms, mfu 7.45%
model:LGT728D iter 45330: loss 1.9514, time 753.93ms, mfu 7.62%
model:LGT728D iter 45340: loss 1.9986, time 753.82ms, mfu 7.77%
-----------average decoder density 0.0000
step 45350: train loss 1.8180, val loss 2.0370
model:LGT728D iter 45350: loss 1.7758, time 11528.94ms, mfu 7.06%
model:LGT728D iter 45360: loss 1.5663, time 754.06ms, mfu 7.26%
model:LGT728D iter 45370: loss 1.6057, time 753.90ms, mfu 7.45%
model:LGT728D iter 45380: loss 1.5462, time 754.12ms, mfu 7.62%
model:LGT728D iter 45390: loss 1.9151, time 753.98ms, mfu 7.77%
-----------average decoder density 0.0000
step 45400: train loss 1.8073, val loss 2.0674
model:LGT728D iter 45400: loss 1.5092, time 11533.23ms, mfu 7.06%
model:LGT728D iter 45410: loss 1.5890, time 753.92ms, mfu 7.26%
model:LGT728D iter 45420: loss 1.8190, time 753.90ms, mfu 7.45%
model:LGT728D iter 45430: loss 1.8478, time 754.16ms, mfu 7.62%
model:LGT728D iter 45440: loss 1.7781, time 754.08ms, mfu 7.77%
-----------average decoder density 0.0000
step 45450: train loss 1.8050, val loss 2.0588
model:LGT728D iter 45450: loss 1.2107, time 11529.50ms, mfu 7.06%
model:LGT728D iter 45460: loss 1.7357, time 753.81ms, mfu 7.26%
model:LGT728D iter 45470: loss 1.9957, time 753.90ms, mfu 7.45%
model:LGT728D iter 45480: loss 1.9386, time 753.88ms, mfu 7.62%
model:LGT728D iter 45490: loss 1.7075, time 754.10ms, mfu 7.77%
-----------average decoder density 0.0000
step 45500: train loss 1.8299, val loss 2.0583
model:LGT728D iter 45500: loss 1.5905, time 11529.89ms, mfu 7.06%
model:LGT728D iter 45510: loss 1.7531, time 753.89ms, mfu 7.26%
model:LGT728D iter 45520: loss 1.8826, time 753.89ms, mfu 7.45%
model:LGT728D iter 45530: loss 1.6933, time 753.82ms, mfu 7.62%
model:LGT728D iter 45540: loss 1.5738, time 753.91ms, mfu 7.77%
-----------average decoder density 0.0000
step 45550: train loss 1.8130, val loss 2.0658
model:LGT728D iter 45550: loss 1.8239, time 11526.59ms, mfu 7.06%
model:LGT728D iter 45560: loss 1.4349, time 754.34ms, mfu 7.26%
model:LGT728D iter 45570: loss 1.9150, time 754.06ms, mfu 7.45%
model:LGT728D iter 45580: loss 1.9495, time 753.88ms, mfu 7.62%
model:LGT728D iter 45590: loss 1.6758, time 754.01ms, mfu 7.77%
-----------average decoder density 0.0000
step 45600: train loss 1.8031, val loss 2.0701
model:LGT728D iter 45600: loss 1.8440, time 11524.91ms, mfu 7.06%
model:LGT728D iter 45610: loss 1.9296, time 753.89ms, mfu 7.26%
model:LGT728D iter 45620: loss 1.8958, time 753.98ms, mfu 7.45%
model:LGT728D iter 45630: loss 1.5487, time 753.80ms, mfu 7.62%
model:LGT728D iter 45640: loss 1.8049, time 753.87ms, mfu 7.77%
-----------average decoder density 0.0000
step 45650: train loss 1.8272, val loss 2.0451
model:LGT728D iter 45650: loss 1.8159, time 11526.88ms, mfu 7.06%
model:LGT728D iter 45660: loss 1.7239, time 754.01ms, mfu 7.26%
model:LGT728D iter 45670: loss 1.8076, time 754.04ms, mfu 7.45%
model:LGT728D iter 45680: loss 1.6655, time 754.12ms, mfu 7.62%
model:LGT728D iter 45690: loss 1.9387, time 753.99ms, mfu 7.77%
-----------average decoder density 0.0000
step 45700: train loss 1.8151, val loss 2.0400
model:LGT728D iter 45700: loss 1.9246, time 11526.59ms, mfu 7.06%
model:LGT728D iter 45710: loss 1.6464, time 753.91ms, mfu 7.26%
model:LGT728D iter 45720: loss 1.7396, time 754.09ms, mfu 7.45%
model:LGT728D iter 45730: loss 1.7840, time 754.16ms, mfu 7.62%
model:LGT728D iter 45740: loss 1.6744, time 754.13ms, mfu 7.77%
-----------average decoder density 0.0000
step 45750: train loss 1.8101, val loss 2.0711
model:LGT728D iter 45750: loss 1.6670, time 11529.80ms, mfu 7.06%
model:LGT728D iter 45760: loss 2.0134, time 753.85ms, mfu 7.26%
model:LGT728D iter 45770: loss 1.6867, time 753.86ms, mfu 7.45%
model:LGT728D iter 45780: loss 1.8854, time 754.06ms, mfu 7.62%
model:LGT728D iter 45790: loss 1.7525, time 754.21ms, mfu 7.77%
-----------average decoder density 0.0000
step 45800: train loss 1.8172, val loss 2.0273
saving checkpoint to out-novel-char3_LGT728D_3d25ede0cfd080d9e35756b051dcef65
model:LGT728D iter 45800: loss 1.8148, time 12578.15ms, mfu 7.05%
model:LGT728D iter 45810: loss 1.7739, time 753.64ms, mfu 7.26%
model:LGT728D iter 45820: loss 1.6832, time 753.55ms, mfu 7.45%
model:LGT728D iter 45830: loss 1.8683, time 753.47ms, mfu 7.62%
model:LGT728D iter 45840: loss 1.6477, time 753.46ms, mfu 7.77%
-----------average decoder density 0.0000
step 45850: train loss 1.8259, val loss 2.0392
model:LGT728D iter 45850: loss 2.0428, time 11542.48ms, mfu 7.05%
model:LGT728D iter 45860: loss 2.0129, time 753.59ms, mfu 7.26%
model:LGT728D iter 45870: loss 2.0098, time 753.62ms, mfu 7.45%
model:LGT728D iter 45880: loss 2.2791, time 753.41ms, mfu 7.62%
model:LGT728D iter 45890: loss 1.6531, time 753.30ms, mfu 7.77%
-----------average decoder density 0.0000
step 45900: train loss 1.8092, val loss 2.0598
model:LGT728D iter 45900: loss 1.7162, time 11524.97ms, mfu 7.06%
model:LGT728D iter 45910: loss 2.1273, time 753.43ms, mfu 7.27%
model:LGT728D iter 45920: loss 1.3537, time 753.53ms, mfu 7.45%
model:LGT728D iter 45930: loss 1.7303, time 753.37ms, mfu 7.62%
model:LGT728D iter 45940: loss 1.8638, time 753.31ms, mfu 7.78%
-----------average decoder density 0.0000
step 45950: train loss 1.8065, val loss 2.0790
model:LGT728D iter 45950: loss 1.7857, time 11519.29ms, mfu 7.06%
model:LGT728D iter 45960: loss 2.3077, time 753.44ms, mfu 7.27%
model:LGT728D iter 45970: loss 1.6752, time 753.48ms, mfu 7.46%
model:LGT728D iter 45980: loss 1.5157, time 753.49ms, mfu 7.63%
model:LGT728D iter 45990: loss 1.5788, time 753.69ms, mfu 7.78%
-----------average decoder density 0.0000
step 46000: train loss 1.8151, val loss 2.0928
model:LGT728D iter 46000: loss 1.7159, time 11520.36ms, mfu 7.06%
model:LGT728D iter 46010: loss 1.8199, time 753.54ms, mfu 7.27%
model:LGT728D iter 46020: loss 1.7213, time 753.51ms, mfu 7.46%
model:LGT728D iter 46030: loss 1.8015, time 753.48ms, mfu 7.63%
model:LGT728D iter 46040: loss 2.0768, time 753.33ms, mfu 7.78%
-----------average decoder density 0.0000
step 46050: train loss 1.8144, val loss 2.0453
model:LGT728D iter 46050: loss 1.7098, time 11519.66ms, mfu 7.06%
model:LGT728D iter 46060: loss 1.9220, time 753.19ms, mfu 7.27%
model:LGT728D iter 46070: loss 2.0669, time 753.52ms, mfu 7.46%
model:LGT728D iter 46080: loss 1.9085, time 753.57ms, mfu 7.63%
model:LGT728D iter 46090: loss 1.8496, time 753.57ms, mfu 7.78%
-----------average decoder density 0.0000
step 46100: train loss 1.8188, val loss 2.0872
model:LGT728D iter 46100: loss 1.7851, time 11517.07ms, mfu 7.06%
model:LGT728D iter 46110: loss 1.6543, time 753.43ms, mfu 7.27%
model:LGT728D iter 46120: loss 1.9013, time 753.32ms, mfu 7.46%
model:LGT728D iter 46130: loss 1.8957, time 753.70ms, mfu 7.63%
model:LGT728D iter 46140: loss 1.7380, time 753.54ms, mfu 7.78%
-----------average decoder density 0.0000
step 46150: train loss 1.8113, val loss 2.0824
model:LGT728D iter 46150: loss 1.6984, time 11520.95ms, mfu 7.06%
model:LGT728D iter 46160: loss 1.9236, time 753.45ms, mfu 7.27%
model:LGT728D iter 46170: loss 1.9139, time 753.51ms, mfu 7.46%
model:LGT728D iter 46180: loss 2.0491, time 753.39ms, mfu 7.63%
model:LGT728D iter 46190: loss 2.1610, time 753.34ms, mfu 7.78%
-----------average decoder density 0.0000
step 46200: train loss 1.8009, val loss 2.0571
model:LGT728D iter 46200: loss 1.6654, time 11519.66ms, mfu 7.06%
model:LGT728D iter 46210: loss 1.8868, time 753.55ms, mfu 7.27%
model:LGT728D iter 46220: loss 1.6789, time 753.38ms, mfu 7.46%
model:LGT728D iter 46230: loss 1.7428, time 753.73ms, mfu 7.63%
model:LGT728D iter 46240: loss 2.0088, time 753.50ms, mfu 7.78%
-----------average decoder density 0.0000
step 46250: train loss 1.8126, val loss 2.0573
model:LGT728D iter 46250: loss 1.6820, time 11518.01ms, mfu 7.06%
model:LGT728D iter 46260: loss 1.5373, time 753.35ms, mfu 7.27%
model:LGT728D iter 46270: loss 1.8550, time 753.61ms, mfu 7.46%
model:LGT728D iter 46280: loss 1.6691, time 753.46ms, mfu 7.63%
model:LGT728D iter 46290: loss 1.6614, time 753.60ms, mfu 7.78%
-----------average decoder density 0.0000
step 46300: train loss 1.8302, val loss 2.0733
model:LGT728D iter 46300: loss 1.7991, time 11519.26ms, mfu 7.06%
model:LGT728D iter 46310: loss 1.7744, time 753.38ms, mfu 7.27%
model:LGT728D iter 46320: loss 1.8410, time 753.50ms, mfu 7.46%
model:LGT728D iter 46330: loss 1.8400, time 753.50ms, mfu 7.63%
model:LGT728D iter 46340: loss 1.9112, time 753.49ms, mfu 7.78%
-----------average decoder density 0.0000
step 46350: train loss 1.8071, val loss 2.0784
model:LGT728D iter 46350: loss 1.8102, time 11544.78ms, mfu 7.06%
model:LGT728D iter 46360: loss 1.9505, time 753.34ms, mfu 7.27%
model:LGT728D iter 46370: loss 2.2782, time 753.46ms, mfu 7.46%
model:LGT728D iter 46380: loss 1.8808, time 753.54ms, mfu 7.63%
model:LGT728D iter 46390: loss 1.8582, time 753.63ms, mfu 7.78%
-----------average decoder density 0.0000
step 46400: train loss 1.8078, val loss 2.0605
model:LGT728D iter 46400: loss 1.6347, time 11524.16ms, mfu 7.06%
model:LGT728D iter 46410: loss 1.6472, time 753.50ms, mfu 7.27%
model:LGT728D iter 46420: loss 1.9942, time 753.36ms, mfu 7.46%
model:LGT728D iter 46430: loss 2.1310, time 753.37ms, mfu 7.63%
model:LGT728D iter 46440: loss 1.9020, time 753.34ms, mfu 7.78%
-----------average decoder density 0.0000
step 46450: train loss 1.8060, val loss 2.0631
model:LGT728D iter 46450: loss 1.8076, time 11523.72ms, mfu 7.06%
model:LGT728D iter 46460: loss 1.7906, time 753.54ms, mfu 7.27%
model:LGT728D iter 46470: loss 1.8689, time 753.46ms, mfu 7.46%
model:LGT728D iter 46480: loss 1.8446, time 753.30ms, mfu 7.63%
model:LGT728D iter 46490: loss 1.3283, time 753.29ms, mfu 7.78%
-----------average decoder density 0.0000
step 46500: train loss 1.8241, val loss 2.0615
model:LGT728D iter 46500: loss 2.0374, time 11520.23ms, mfu 7.06%
model:LGT728D iter 46510: loss 1.9913, time 753.43ms, mfu 7.27%
model:LGT728D iter 46520: loss 1.8125, time 753.50ms, mfu 7.46%
model:LGT728D iter 46530: loss 1.8543, time 753.50ms, mfu 7.63%
model:LGT728D iter 46540: loss 2.0519, time 753.32ms, mfu 7.78%
-----------average decoder density 0.0000
step 46550: train loss 1.8052, val loss 2.0556
model:LGT728D iter 46550: loss 1.8629, time 11517.17ms, mfu 7.06%
model:LGT728D iter 46560: loss 1.5053, time 753.39ms, mfu 7.27%
model:LGT728D iter 46570: loss 1.5779, time 753.43ms, mfu 7.46%
model:LGT728D iter 46580: loss 1.9691, time 753.46ms, mfu 7.63%
model:LGT728D iter 46590: loss 1.9528, time 753.36ms, mfu 7.78%
-----------average decoder density 0.0000
step 46600: train loss 1.8226, val loss 2.0594
model:LGT728D iter 46600: loss 1.9728, time 11520.70ms, mfu 7.06%
model:LGT728D iter 46610: loss 1.6632, time 753.36ms, mfu 7.27%
model:LGT728D iter 46620: loss 2.0034, time 753.71ms, mfu 7.46%
model:LGT728D iter 46630: loss 1.8458, time 753.57ms, mfu 7.63%
model:LGT728D iter 46640: loss 1.9474, time 754.09ms, mfu 7.78%
-----------average decoder density 0.0000
step 46650: train loss 1.7983, val loss 2.0674
model:LGT728D iter 46650: loss 1.7954, time 11556.89ms, mfu 7.06%
model:LGT728D iter 46660: loss 1.8227, time 753.62ms, mfu 7.27%
model:LGT728D iter 46670: loss 1.3961, time 753.58ms, mfu 7.46%
model:LGT728D iter 46680: loss 1.7506, time 753.64ms, mfu 7.63%
model:LGT728D iter 46690: loss 1.8730, time 753.57ms, mfu 7.78%
-----------average decoder density 0.0000
step 46700: train loss 1.8003, val loss 2.0733
model:LGT728D iter 46700: loss 1.5203, time 11520.39ms, mfu 7.06%
model:LGT728D iter 46710: loss 1.8016, time 753.49ms, mfu 7.27%
model:LGT728D iter 46720: loss 1.8335, time 753.34ms, mfu 7.46%
model:LGT728D iter 46730: loss 1.6733, time 753.44ms, mfu 7.63%
model:LGT728D iter 46740: loss 1.3655, time 753.55ms, mfu 7.78%
-----------average decoder density 0.0000
step 46750: train loss 1.7876, val loss 2.0433
model:LGT728D iter 46750: loss 1.6911, time 11516.89ms, mfu 7.06%
model:LGT728D iter 46760: loss 2.0179, time 753.60ms, mfu 7.27%
model:LGT728D iter 46770: loss 1.6869, time 753.49ms, mfu 7.46%
model:LGT728D iter 46780: loss 1.5919, time 753.31ms, mfu 7.63%
model:LGT728D iter 46790: loss 1.6585, time 753.47ms, mfu 7.78%
-----------average decoder density 0.0000
step 46800: train loss 1.8034, val loss 2.0594
model:LGT728D iter 46800: loss 1.8957, time 11519.19ms, mfu 7.06%
model:LGT728D iter 46810: loss 2.0042, time 753.52ms, mfu 7.27%
model:LGT728D iter 46820: loss 1.4189, time 753.61ms, mfu 7.46%
model:LGT728D iter 46830: loss 1.4365, time 753.49ms, mfu 7.63%
model:LGT728D iter 46840: loss 2.2689, time 753.33ms, mfu 7.78%
-----------average decoder density 0.0000
step 46850: train loss 1.8115, val loss 2.0597
model:LGT728D iter 46850: loss 1.8885, time 11521.07ms, mfu 7.06%
model:LGT728D iter 46860: loss 1.8336, time 753.49ms, mfu 7.27%
model:LGT728D iter 46870: loss 1.5824, time 754.00ms, mfu 7.46%
model:LGT728D iter 46880: loss 1.9686, time 753.52ms, mfu 7.63%
model:LGT728D iter 46890: loss 1.6201, time 753.55ms, mfu 7.78%
-----------average decoder density 0.0000
step 46900: train loss 1.8041, val loss 2.0564
model:LGT728D iter 46900: loss 1.8833, time 11552.95ms, mfu 7.06%
model:LGT728D iter 46910: loss 1.7545, time 753.44ms, mfu 7.27%
model:LGT728D iter 46920: loss 1.8996, time 753.52ms, mfu 7.46%
model:LGT728D iter 46930: loss 1.9170, time 753.45ms, mfu 7.63%
model:LGT728D iter 46940: loss 1.7237, time 753.92ms, mfu 7.78%
-----------average decoder density 0.0000
step 46950: train loss 1.8016, val loss 2.0417
model:LGT728D iter 46950: loss 2.1090, time 11519.87ms, mfu 7.06%
model:LGT728D iter 46960: loss 1.5673, time 753.25ms, mfu 7.27%
model:LGT728D iter 46970: loss 1.5376, time 753.19ms, mfu 7.46%
model:LGT728D iter 46980: loss 1.5569, time 753.59ms, mfu 7.63%
model:LGT728D iter 46990: loss 1.5608, time 753.56ms, mfu 7.78%
-----------average decoder density 0.0000
step 47000: train loss 1.7911, val loss 2.0435
model:LGT728D iter 47000: loss 1.9741, time 11518.69ms, mfu 7.06%
model:LGT728D iter 47010: loss 1.6344, time 753.50ms, mfu 7.27%
model:LGT728D iter 47020: loss 1.6483, time 753.23ms, mfu 7.46%
model:LGT728D iter 47030: loss 1.7610, time 753.37ms, mfu 7.63%
model:LGT728D iter 47040: loss 2.0053, time 753.56ms, mfu 7.78%
-----------average decoder density 0.0000
step 47050: train loss 1.8159, val loss 2.0753
model:LGT728D iter 47050: loss 2.0513, time 11520.87ms, mfu 7.06%
model:LGT728D iter 47060: loss 1.6435, time 753.46ms, mfu 7.27%
model:LGT728D iter 47070: loss 1.7914, time 753.59ms, mfu 7.46%
model:LGT728D iter 47080: loss 1.8637, time 753.37ms, mfu 7.63%
model:LGT728D iter 47090: loss 2.0949, time 753.39ms, mfu 7.78%
-----------average decoder density 0.0000
step 47100: train loss 1.7932, val loss 2.0362
model:LGT728D iter 47100: loss 2.0355, time 11519.02ms, mfu 7.06%
model:LGT728D iter 47110: loss 1.8239, time 753.48ms, mfu 7.27%
model:LGT728D iter 47120: loss 1.7765, time 753.48ms, mfu 7.46%
model:LGT728D iter 47130: loss 1.7399, time 753.47ms, mfu 7.63%
model:LGT728D iter 47140: loss 2.2520, time 753.31ms, mfu 7.78%
-----------average decoder density 0.0000
step 47150: train loss 1.8000, val loss 2.0879
model:LGT728D iter 47150: loss 1.7926, time 11520.04ms, mfu 7.06%
model:LGT728D iter 47160: loss 1.8184, time 753.45ms, mfu 7.27%
model:LGT728D iter 47170: loss 1.9089, time 753.47ms, mfu 7.46%
model:LGT728D iter 47180: loss 1.8360, time 753.51ms, mfu 7.63%
model:LGT728D iter 47190: loss 1.8407, time 753.50ms, mfu 7.78%
-----------average decoder density 0.0000
step 47200: train loss 1.7991, val loss 2.0428
model:LGT728D iter 47200: loss 2.0866, time 11521.26ms, mfu 7.06%
model:LGT728D iter 47210: loss 2.0940, time 753.90ms, mfu 7.27%
model:LGT728D iter 47220: loss 2.0503, time 753.49ms, mfu 7.46%
model:LGT728D iter 47230: loss 2.1291, time 753.88ms, mfu 7.63%
model:LGT728D iter 47240: loss 1.9860, time 755.00ms, mfu 7.78%
-----------average decoder density 0.0000
step 47250: train loss 1.7956, val loss 2.0597
model:LGT728D iter 47250: loss 1.9414, time 11540.64ms, mfu 7.06%
model:LGT728D iter 47260: loss 2.0119, time 753.46ms, mfu 7.27%
model:LGT728D iter 47270: loss 1.8768, time 753.43ms, mfu 7.46%
model:LGT728D iter 47280: loss 1.6993, time 753.57ms, mfu 7.62%
model:LGT728D iter 47290: loss 1.7133, time 753.55ms, mfu 7.78%
-----------average decoder density 0.0000
step 47300: train loss 1.8198, val loss 2.0513
model:LGT728D iter 47300: loss 1.7887, time 11521.13ms, mfu 7.06%
model:LGT728D iter 47310: loss 1.6435, time 753.50ms, mfu 7.27%
model:LGT728D iter 47320: loss 1.8144, time 753.16ms, mfu 7.46%
model:LGT728D iter 47330: loss 1.6704, time 753.50ms, mfu 7.63%
model:LGT728D iter 47340: loss 1.6682, time 753.48ms, mfu 7.78%
-----------average decoder density 0.0000
step 47350: train loss 1.8172, val loss 2.0402
model:LGT728D iter 47350: loss 1.6365, time 11526.79ms, mfu 7.06%
model:LGT728D iter 47360: loss 1.9018, time 753.51ms, mfu 7.27%
model:LGT728D iter 47370: loss 1.9383, time 753.49ms, mfu 7.46%
model:LGT728D iter 47380: loss 1.9944, time 753.25ms, mfu 7.63%
model:LGT728D iter 47390: loss 1.7776, time 753.59ms, mfu 7.78%
-----------average decoder density 0.0000
step 47400: train loss 1.7887, val loss 2.0452
model:LGT728D iter 47400: loss 1.8500, time 11526.19ms, mfu 7.06%
model:LGT728D iter 47410: loss 1.4048, time 753.49ms, mfu 7.27%
model:LGT728D iter 47420: loss 1.5969, time 753.41ms, mfu 7.46%
model:LGT728D iter 47430: loss 1.9869, time 753.70ms, mfu 7.63%
model:LGT728D iter 47440: loss 1.5692, time 753.56ms, mfu 7.78%
-----------average decoder density 0.0000
step 47450: train loss 1.7928, val loss 2.0728
model:LGT728D iter 47450: loss 1.6378, time 11520.34ms, mfu 7.06%
model:LGT728D iter 47460: loss 2.0337, time 753.36ms, mfu 7.27%
model:LGT728D iter 47470: loss 1.7525, time 753.73ms, mfu 7.46%
model:LGT728D iter 47480: loss 1.9706, time 753.69ms, mfu 7.63%
model:LGT728D iter 47490: loss 1.7251, time 753.45ms, mfu 7.78%
-----------average decoder density 0.0000
step 47500: train loss 1.8004, val loss 2.0709
model:LGT728D iter 47500: loss 1.6826, time 11526.88ms, mfu 7.06%
model:LGT728D iter 47510: loss 1.7395, time 753.44ms, mfu 7.27%
model:LGT728D iter 47520: loss 2.0297, time 753.61ms, mfu 7.46%
model:LGT728D iter 47530: loss 1.5740, time 753.60ms, mfu 7.63%
model:LGT728D iter 47540: loss 1.9181, time 753.48ms, mfu 7.78%
-----------average decoder density 0.0000
step 47550: train loss 1.7897, val loss 2.0568
model:LGT728D iter 47550: loss 1.4653, time 11519.07ms, mfu 7.06%
model:LGT728D iter 47560: loss 1.6058, time 753.52ms, mfu 7.27%
model:LGT728D iter 47570: loss 1.9100, time 753.46ms, mfu 7.46%
model:LGT728D iter 47580: loss 1.7821, time 753.38ms, mfu 7.63%
model:LGT728D iter 47590: loss 1.3532, time 753.47ms, mfu 7.78%
-----------average decoder density 0.0000
step 47600: train loss 1.8058, val loss 2.0575
model:LGT728D iter 47600: loss 1.7229, time 11520.21ms, mfu 7.06%
model:LGT728D iter 47610: loss 1.8436, time 753.49ms, mfu 7.27%
model:LGT728D iter 47620: loss 1.9191, time 753.57ms, mfu 7.46%
model:LGT728D iter 47630: loss 1.8344, time 753.33ms, mfu 7.63%
model:LGT728D iter 47640: loss 1.9306, time 753.43ms, mfu 7.78%
-----------average decoder density 0.0000
step 47650: train loss 1.8054, val loss 2.0600
model:LGT728D iter 47650: loss 1.9408, time 11524.29ms, mfu 7.06%
model:LGT728D iter 47660: loss 1.7358, time 753.40ms, mfu 7.27%
model:LGT728D iter 47670: loss 1.8032, time 753.63ms, mfu 7.46%
model:LGT728D iter 47680: loss 1.8225, time 753.52ms, mfu 7.63%
model:LGT728D iter 47690: loss 1.9565, time 753.45ms, mfu 7.78%
-----------average decoder density 0.0000
step 47700: train loss 1.7968, val loss 2.0769
model:LGT728D iter 47700: loss 1.6467, time 11520.29ms, mfu 7.06%
model:LGT728D iter 47710: loss 1.8956, time 753.68ms, mfu 7.27%
model:LGT728D iter 47720: loss 1.6936, time 753.66ms, mfu 7.46%
model:LGT728D iter 47730: loss 2.0017, time 753.53ms, mfu 7.63%
model:LGT728D iter 47740: loss 1.7558, time 753.35ms, mfu 7.78%
-----------average decoder density 0.0000
step 47750: train loss 1.7991, val loss 2.0438
model:LGT728D iter 47750: loss 2.0703, time 11522.12ms, mfu 7.06%
model:LGT728D iter 47760: loss 1.5928, time 753.36ms, mfu 7.27%
model:LGT728D iter 47770: loss 1.6438, time 753.46ms, mfu 7.46%
model:LGT728D iter 47780: loss 1.9713, time 753.56ms, mfu 7.63%
model:LGT728D iter 47790: loss 2.0504, time 753.50ms, mfu 7.78%
-----------average decoder density 0.0000
step 47800: train loss 1.7935, val loss 2.0520
model:LGT728D iter 47800: loss 1.9807, time 11527.62ms, mfu 7.06%
model:LGT728D iter 47810: loss 1.7942, time 753.52ms, mfu 7.27%
model:LGT728D iter 47820: loss 1.5837, time 753.41ms, mfu 7.46%
model:LGT728D iter 47830: loss 1.9500, time 753.63ms, mfu 7.63%
model:LGT728D iter 47840: loss 1.6860, time 753.51ms, mfu 7.78%
-----------average decoder density 0.0000
step 47850: train loss 1.8115, val loss 2.0680
model:LGT728D iter 47850: loss 1.6653, time 11519.92ms, mfu 7.06%
model:LGT728D iter 47860: loss 1.8642, time 753.22ms, mfu 7.27%
model:LGT728D iter 47870: loss 1.6042, time 753.42ms, mfu 7.46%
model:LGT728D iter 47880: loss 1.4730, time 753.57ms, mfu 7.63%
model:LGT728D iter 47890: loss 1.5507, time 753.51ms, mfu 7.78%
-----------average decoder density 0.0000
step 47900: train loss 1.8030, val loss 2.0514
model:LGT728D iter 47900: loss 1.5950, time 11518.57ms, mfu 7.06%
model:LGT728D iter 47910: loss 2.0143, time 753.49ms, mfu 7.27%
model:LGT728D iter 47920: loss 1.6490, time 753.38ms, mfu 7.46%
model:LGT728D iter 47930: loss 2.0379, time 753.42ms, mfu 7.63%
model:LGT728D iter 47940: loss 1.7493, time 753.37ms, mfu 7.78%
-----------average decoder density 0.0000
step 47950: train loss 1.7940, val loss 2.0818
model:LGT728D iter 47950: loss 1.5956, time 11517.51ms, mfu 7.06%
model:LGT728D iter 47960: loss 1.9528, time 753.55ms, mfu 7.27%
model:LGT728D iter 47970: loss 1.8605, time 753.56ms, mfu 7.46%
model:LGT728D iter 47980: loss 1.5393, time 753.49ms, mfu 7.63%
model:LGT728D iter 47990: loss 1.8703, time 753.55ms, mfu 7.78%
-----------average decoder density 0.0000
step 48000: train loss 1.8078, val loss 2.0365
model:LGT728D iter 48000: loss 1.9120, time 11520.35ms, mfu 7.06%
model:LGT728D iter 48010: loss 1.4951, time 753.52ms, mfu 7.27%
model:LGT728D iter 48020: loss 1.8105, time 753.50ms, mfu 7.46%
model:LGT728D iter 48030: loss 1.8289, time 753.55ms, mfu 7.63%
model:LGT728D iter 48040: loss 1.5380, time 753.45ms, mfu 7.78%
-----------average decoder density 0.0000
step 48050: train loss 1.7893, val loss 2.0754
model:LGT728D iter 48050: loss 1.8863, time 11523.30ms, mfu 7.06%
model:LGT728D iter 48060: loss 1.9117, time 753.67ms, mfu 7.27%
model:LGT728D iter 48070: loss 1.6358, time 753.61ms, mfu 7.46%
model:LGT728D iter 48080: loss 1.7834, time 753.59ms, mfu 7.63%
model:LGT728D iter 48090: loss 1.7853, time 753.53ms, mfu 7.78%
-----------average decoder density 0.0000
step 48100: train loss 1.8136, val loss 2.0404
model:LGT728D iter 48100: loss 1.7758, time 11525.31ms, mfu 7.06%
model:LGT728D iter 48110: loss 1.9897, time 753.50ms, mfu 7.27%
model:LGT728D iter 48120: loss 1.8362, time 753.41ms, mfu 7.46%
model:LGT728D iter 48130: loss 1.9945, time 753.36ms, mfu 7.63%
model:LGT728D iter 48140: loss 1.6173, time 753.48ms, mfu 7.78%
-----------average decoder density 0.0000
step 48150: train loss 1.8097, val loss 2.0706
model:LGT728D iter 48150: loss 1.6971, time 11522.71ms, mfu 7.06%
model:LGT728D iter 48160: loss 1.8752, time 753.36ms, mfu 7.27%
model:LGT728D iter 48170: loss 1.8365, time 753.59ms, mfu 7.46%
model:LGT728D iter 48180: loss 1.6277, time 753.39ms, mfu 7.63%
model:LGT728D iter 48190: loss 1.8862, time 753.48ms, mfu 7.78%
-----------average decoder density 0.0000
step 48200: train loss 1.7878, val loss 2.0383
model:LGT728D iter 48200: loss 1.6875, time 11527.46ms, mfu 7.06%
model:LGT728D iter 48210: loss 2.0103, time 753.54ms, mfu 7.27%
model:LGT728D iter 48220: loss 1.5374, time 753.45ms, mfu 7.46%
model:LGT728D iter 48230: loss 1.6173, time 753.57ms, mfu 7.63%
model:LGT728D iter 48240: loss 1.4549, time 753.58ms, mfu 7.78%
-----------average decoder density 0.0000
step 48250: train loss 1.7991, val loss 2.0501
model:LGT728D iter 48250: loss 1.7378, time 11516.78ms, mfu 7.06%
model:LGT728D iter 48260: loss 1.7136, time 753.45ms, mfu 7.27%
model:LGT728D iter 48270: loss 1.8844, time 753.58ms, mfu 7.46%
model:LGT728D iter 48280: loss 1.9783, time 753.30ms, mfu 7.63%
model:LGT728D iter 48290: loss 1.6353, time 753.38ms, mfu 7.78%
-----------average decoder density 0.0000
step 48300: train loss 1.7764, val loss 2.0663
model:LGT728D iter 48300: loss 1.5766, time 11519.77ms, mfu 7.06%
model:LGT728D iter 48310: loss 1.5284, time 753.47ms, mfu 7.27%
model:LGT728D iter 48320: loss 1.9280, time 753.44ms, mfu 7.46%
model:LGT728D iter 48330: loss 1.6948, time 753.56ms, mfu 7.63%
model:LGT728D iter 48340: loss 1.6495, time 753.37ms, mfu 7.78%
-----------average decoder density 0.0000
step 48350: train loss 1.7787, val loss 2.0702
model:LGT728D iter 48350: loss 1.7003, time 11525.80ms, mfu 7.06%
model:LGT728D iter 48360: loss 1.6583, time 753.48ms, mfu 7.27%
model:LGT728D iter 48370: loss 1.9888, time 753.48ms, mfu 7.46%
model:LGT728D iter 48380: loss 1.7908, time 753.49ms, mfu 7.63%
model:LGT728D iter 48390: loss 1.9078, time 753.64ms, mfu 7.78%
-----------average decoder density 0.0000
step 48400: train loss 1.8110, val loss 2.0613
model:LGT728D iter 48400: loss 1.5284, time 11522.80ms, mfu 7.06%
model:LGT728D iter 48410: loss 1.7969, time 753.47ms, mfu 7.27%
model:LGT728D iter 48420: loss 1.8532, time 753.46ms, mfu 7.46%
model:LGT728D iter 48430: loss 1.8251, time 753.39ms, mfu 7.63%
model:LGT728D iter 48440: loss 2.0374, time 753.46ms, mfu 7.78%
-----------average decoder density 0.0000
step 48450: train loss 1.7999, val loss 2.0561
model:LGT728D iter 48450: loss 1.8880, time 11521.33ms, mfu 7.06%
model:LGT728D iter 48460: loss 1.9179, time 753.32ms, mfu 7.27%
model:LGT728D iter 48470: loss 1.9109, time 753.50ms, mfu 7.46%
model:LGT728D iter 48480: loss 1.8835, time 753.37ms, mfu 7.63%
model:LGT728D iter 48490: loss 2.1454, time 753.43ms, mfu 7.78%
-----------average decoder density 0.0000
step 48500: train loss 1.7821, val loss 2.0412
model:LGT728D iter 48500: loss 1.7822, time 11525.67ms, mfu 7.06%
model:LGT728D iter 48510: loss 1.5613, time 753.42ms, mfu 7.27%
model:LGT728D iter 48520: loss 1.7553, time 753.53ms, mfu 7.46%
model:LGT728D iter 48530: loss 1.9135, time 753.91ms, mfu 7.63%
model:LGT728D iter 48540: loss 2.0087, time 754.44ms, mfu 7.78%
-----------average decoder density 0.0000
step 48550: train loss 1.7960, val loss 2.0492
model:LGT728D iter 48550: loss 1.8732, time 11524.36ms, mfu 7.06%
model:LGT728D iter 48560: loss 1.9069, time 753.62ms, mfu 7.27%
model:LGT728D iter 48570: loss 1.5386, time 753.62ms, mfu 7.46%
model:LGT728D iter 48580: loss 1.6631, time 753.36ms, mfu 7.63%
model:LGT728D iter 48590: loss 1.8418, time 753.52ms, mfu 7.78%
-----------average decoder density 0.0000
step 48600: train loss 1.7738, val loss 2.0492
model:LGT728D iter 48600: loss 1.6560, time 11521.07ms, mfu 7.06%
model:LGT728D iter 48610: loss 1.5966, time 753.49ms, mfu 7.27%
model:LGT728D iter 48620: loss 1.8790, time 753.48ms, mfu 7.46%
model:LGT728D iter 48630: loss 1.9976, time 753.36ms, mfu 7.63%
model:LGT728D iter 48640: loss 1.8617, time 753.31ms, mfu 7.78%
-----------average decoder density 0.0000
step 48650: train loss 1.7976, val loss 2.0764
model:LGT728D iter 48650: loss 1.7432, time 11520.83ms, mfu 7.06%
model:LGT728D iter 48660: loss 1.7785, time 753.38ms, mfu 7.27%
model:LGT728D iter 48670: loss 1.8781, time 753.48ms, mfu 7.46%
model:LGT728D iter 48680: loss 1.9787, time 753.55ms, mfu 7.63%
model:LGT728D iter 48690: loss 1.8670, time 753.56ms, mfu 7.78%
-----------average decoder density 0.0000
step 48700: train loss 1.7944, val loss 2.0572
model:LGT728D iter 48700: loss 2.1627, time 11518.19ms, mfu 7.06%
model:LGT728D iter 48710: loss 1.7079, time 753.42ms, mfu 7.27%
model:LGT728D iter 48720: loss 1.8769, time 753.31ms, mfu 7.46%
model:LGT728D iter 48730: loss 2.0449, time 753.51ms, mfu 7.63%
model:LGT728D iter 48740: loss 1.4403, time 753.36ms, mfu 7.78%
-----------average decoder density 0.0000
step 48750: train loss 1.8076, val loss 2.0553
model:LGT728D iter 48750: loss 1.6451, time 11521.89ms, mfu 7.06%
model:LGT728D iter 48760: loss 2.2235, time 753.18ms, mfu 7.27%
model:LGT728D iter 48770: loss 1.7581, time 753.52ms, mfu 7.46%
model:LGT728D iter 48780: loss 1.4269, time 753.40ms, mfu 7.63%
model:LGT728D iter 48790: loss 2.0015, time 753.58ms, mfu 7.78%
-----------average decoder density 0.0000
step 48800: train loss 1.8011, val loss 2.0436
model:LGT728D iter 48800: loss 1.7447, time 11519.52ms, mfu 7.06%
model:LGT728D iter 48810: loss 1.8277, time 753.44ms, mfu 7.27%
model:LGT728D iter 48820: loss 2.0438, time 753.37ms, mfu 7.46%
model:LGT728D iter 48830: loss 1.6687, time 753.45ms, mfu 7.63%
model:LGT728D iter 48840: loss 1.9456, time 753.29ms, mfu 7.78%
-----------average decoder density 0.0000
step 48850: train loss 1.7997, val loss 2.0468
model:LGT728D iter 48850: loss 1.8139, time 11519.97ms, mfu 7.06%
model:LGT728D iter 48860: loss 1.7659, time 753.48ms, mfu 7.27%
model:LGT728D iter 48870: loss 1.8505, time 753.38ms, mfu 7.46%
model:LGT728D iter 48880: loss 1.5216, time 753.23ms, mfu 7.63%
model:LGT728D iter 48890: loss 1.8388, time 753.23ms, mfu 7.78%
-----------average decoder density 0.0000
step 48900: train loss 1.7957, val loss 2.0724
model:LGT728D iter 48900: loss 1.5613, time 11526.22ms, mfu 7.06%
model:LGT728D iter 48910: loss 1.8874, time 753.28ms, mfu 7.27%
model:LGT728D iter 48920: loss 1.8534, time 753.49ms, mfu 7.46%
model:LGT728D iter 48930: loss 2.0364, time 753.76ms, mfu 7.63%
model:LGT728D iter 48940: loss 1.8353, time 753.66ms, mfu 7.78%
-----------average decoder density 0.0000
step 48950: train loss 1.7943, val loss 2.0800
model:LGT728D iter 48950: loss 1.8664, time 11603.50ms, mfu 7.06%
model:LGT728D iter 48960: loss 1.8591, time 753.72ms, mfu 7.27%
model:LGT728D iter 48970: loss 1.5773, time 754.24ms, mfu 7.46%
model:LGT728D iter 48980: loss 1.8314, time 753.58ms, mfu 7.63%
model:LGT728D iter 48990: loss 1.6767, time 753.51ms, mfu 7.78%
-----------average decoder density 0.0000
step 49000: train loss 1.7943, val loss 2.0566
model:LGT728D iter 49000: loss 1.6512, time 11526.72ms, mfu 7.06%
model:LGT728D iter 49010: loss 1.6114, time 753.50ms, mfu 7.27%
model:LGT728D iter 49020: loss 1.5170, time 753.32ms, mfu 7.46%
model:LGT728D iter 49030: loss 1.7335, time 753.38ms, mfu 7.63%
model:LGT728D iter 49040: loss 1.8726, time 753.50ms, mfu 7.78%
-----------average decoder density 0.0000
step 49050: train loss 1.8054, val loss 2.0486
model:LGT728D iter 49050: loss 1.9706, time 11524.23ms, mfu 7.06%
model:LGT728D iter 49060: loss 2.0110, time 753.40ms, mfu 7.27%
model:LGT728D iter 49070: loss 1.4640, time 753.28ms, mfu 7.46%
model:LGT728D iter 49080: loss 1.7908, time 753.33ms, mfu 7.63%
model:LGT728D iter 49090: loss 1.6253, time 753.32ms, mfu 7.78%
-----------average decoder density 0.0000
step 49100: train loss 1.7927, val loss 2.0525
model:LGT728D iter 49100: loss 1.9707, time 11529.74ms, mfu 7.06%
model:LGT728D iter 49110: loss 1.5552, time 753.30ms, mfu 7.27%
model:LGT728D iter 49120: loss 1.6415, time 753.36ms, mfu 7.46%
model:LGT728D iter 49130: loss 1.8745, time 753.35ms, mfu 7.63%
model:LGT728D iter 49140: loss 1.9724, time 753.38ms, mfu 7.78%
-----------average decoder density 0.0000
step 49150: train loss 1.7953, val loss 2.0654
model:LGT728D iter 49150: loss 1.7998, time 11518.66ms, mfu 7.06%
model:LGT728D iter 49160: loss 1.8733, time 753.50ms, mfu 7.27%
model:LGT728D iter 49170: loss 1.6703, time 753.60ms, mfu 7.46%
model:LGT728D iter 49180: loss 1.8023, time 753.28ms, mfu 7.63%
model:LGT728D iter 49190: loss 1.7968, time 753.47ms, mfu 7.78%
-----------average decoder density 0.0000
step 49200: train loss 1.7798, val loss 2.0869
model:LGT728D iter 49200: loss 1.9505, time 11519.59ms, mfu 7.06%
model:LGT728D iter 49210: loss 1.4069, time 753.43ms, mfu 7.27%
model:LGT728D iter 49220: loss 1.8487, time 753.67ms, mfu 7.46%
model:LGT728D iter 49230: loss 1.4614, time 753.58ms, mfu 7.63%
model:LGT728D iter 49240: loss 1.5639, time 753.36ms, mfu 7.78%
-----------average decoder density 0.0000
step 49250: train loss 1.7886, val loss 2.0517
model:LGT728D iter 49250: loss 1.9705, time 11522.06ms, mfu 7.06%
model:LGT728D iter 49260: loss 1.8955, time 753.55ms, mfu 7.27%
model:LGT728D iter 49270: loss 1.8444, time 753.44ms, mfu 7.46%
model:LGT728D iter 49280: loss 1.9987, time 753.58ms, mfu 7.63%
model:LGT728D iter 49290: loss 1.9618, time 753.50ms, mfu 7.78%
-----------average decoder density 0.0000
step 49300: train loss 1.8109, val loss 2.0573
model:LGT728D iter 49300: loss 1.7417, time 11519.51ms, mfu 7.06%
model:LGT728D iter 49310: loss 1.6116, time 753.43ms, mfu 7.27%
model:LGT728D iter 49320: loss 1.6463, time 753.47ms, mfu 7.46%
model:LGT728D iter 49330: loss 1.8005, time 753.57ms, mfu 7.63%
model:LGT728D iter 49340: loss 1.7879, time 753.58ms, mfu 7.78%
-----------average decoder density 0.0000
step 49350: train loss 1.7766, val loss 2.0620
model:LGT728D iter 49350: loss 1.8149, time 11536.69ms, mfu 7.06%
model:LGT728D iter 49360: loss 1.8350, time 753.33ms, mfu 7.27%
model:LGT728D iter 49370: loss 2.0838, time 753.91ms, mfu 7.46%
model:LGT728D iter 49380: loss 1.9997, time 753.46ms, mfu 7.63%
model:LGT728D iter 49390: loss 1.8779, time 753.56ms, mfu 7.78%
-----------average decoder density 0.0000
step 49400: train loss 1.8199, val loss 2.0253
saving checkpoint to out-novel-char3_LGT728D_3d25ede0cfd080d9e35756b051dcef65
model:LGT728D iter 49400: loss 1.8278, time 12571.13ms, mfu 7.06%
model:LGT728D iter 49410: loss 1.9232, time 753.54ms, mfu 7.26%
model:LGT728D iter 49420: loss 1.5499, time 753.39ms, mfu 7.45%
model:LGT728D iter 49430: loss 1.7574, time 754.52ms, mfu 7.62%
model:LGT728D iter 49440: loss 1.7980, time 754.47ms, mfu 7.77%
-----------average decoder density 0.0000
step 49450: train loss 1.7874, val loss 2.0500
model:LGT728D iter 49450: loss 2.0146, time 11579.51ms, mfu 7.06%
model:LGT728D iter 49460: loss 1.7565, time 753.45ms, mfu 7.26%
model:LGT728D iter 49470: loss 1.7036, time 753.46ms, mfu 7.45%
model:LGT728D iter 49480: loss 1.7571, time 753.47ms, mfu 7.62%
model:LGT728D iter 49490: loss 1.5914, time 753.37ms, mfu 7.78%
-----------average decoder density 0.0000
step 49500: train loss 1.8119, val loss 2.0507
model:LGT728D iter 49500: loss 1.8083, time 11524.15ms, mfu 7.06%
model:LGT728D iter 49510: loss 1.7647, time 753.44ms, mfu 7.27%
model:LGT728D iter 49520: loss 1.9246, time 753.59ms, mfu 7.45%
model:LGT728D iter 49530: loss 1.7819, time 753.57ms, mfu 7.62%
model:LGT728D iter 49540: loss 1.6272, time 753.37ms, mfu 7.78%
-----------average decoder density 0.0000
step 49550: train loss 1.7755, val loss 2.0345
model:LGT728D iter 49550: loss 1.7512, time 11520.62ms, mfu 7.06%
model:LGT728D iter 49560: loss 1.7428, time 753.32ms, mfu 7.27%
model:LGT728D iter 49570: loss 1.5321, time 753.31ms, mfu 7.46%
model:LGT728D iter 49580: loss 1.8544, time 753.41ms, mfu 7.63%
model:LGT728D iter 49590: loss 1.7708, time 753.39ms, mfu 7.78%
-----------average decoder density 0.0000
step 49600: train loss 1.8040, val loss 2.0705
model:LGT728D iter 49600: loss 1.7267, time 11521.87ms, mfu 7.06%
model:LGT728D iter 49610: loss 1.8036, time 753.28ms, mfu 7.27%
model:LGT728D iter 49620: loss 1.8321, time 753.43ms, mfu 7.46%
model:LGT728D iter 49630: loss 1.8684, time 753.45ms, mfu 7.63%
model:LGT728D iter 49640: loss 1.7790, time 753.34ms, mfu 7.78%
-----------average decoder density 0.0000
step 49650: train loss 1.8057, val loss 2.0675
model:LGT728D iter 49650: loss 1.4504, time 11526.06ms, mfu 7.06%
model:LGT728D iter 49660: loss 1.7088, time 753.38ms, mfu 7.27%
model:LGT728D iter 49670: loss 1.8995, time 753.42ms, mfu 7.46%
model:LGT728D iter 49680: loss 1.5909, time 753.52ms, mfu 7.63%
model:LGT728D iter 49690: loss 1.8589, time 754.43ms, mfu 7.78%
-----------average decoder density 0.0000
step 49700: train loss 1.7940, val loss 2.0612
model:LGT728D iter 49700: loss 2.0437, time 11600.68ms, mfu 7.06%
model:LGT728D iter 49710: loss 2.0024, time 753.87ms, mfu 7.27%
model:LGT728D iter 49720: loss 1.9708, time 754.14ms, mfu 7.46%
model:LGT728D iter 49730: loss 1.7836, time 753.19ms, mfu 7.62%
model:LGT728D iter 49740: loss 1.7122, time 753.48ms, mfu 7.78%
-----------average decoder density 0.0000
step 49750: train loss 1.8053, val loss 2.0378
model:LGT728D iter 49750: loss 2.0613, time 11531.00ms, mfu 7.06%
model:LGT728D iter 49760: loss 1.9810, time 753.45ms, mfu 7.27%
model:LGT728D iter 49770: loss 2.0003, time 753.53ms, mfu 7.46%
model:LGT728D iter 49780: loss 1.9836, time 753.28ms, mfu 7.63%
model:LGT728D iter 49790: loss 1.8139, time 753.41ms, mfu 7.78%
-----------average decoder density 0.0000
step 49800: train loss 1.8026, val loss 2.0656
model:LGT728D iter 49800: loss 1.7863, time 11522.81ms, mfu 7.06%
model:LGT728D iter 49810: loss 1.9043, time 753.53ms, mfu 7.27%
model:LGT728D iter 49820: loss 1.6380, time 753.39ms, mfu 7.46%
model:LGT728D iter 49830: loss 1.6349, time 753.35ms, mfu 7.63%
model:LGT728D iter 49840: loss 1.3368, time 753.22ms, mfu 7.78%
-----------average decoder density 0.0000
step 49850: train loss 1.8044, val loss 2.0457
model:LGT728D iter 49850: loss 1.8716, time 11522.86ms, mfu 7.06%
model:LGT728D iter 49860: loss 1.4151, time 753.37ms, mfu 7.27%
model:LGT728D iter 49870: loss 2.0754, time 753.37ms, mfu 7.46%
model:LGT728D iter 49880: loss 1.9569, time 753.45ms, mfu 7.63%
model:LGT728D iter 49890: loss 1.8354, time 753.49ms, mfu 7.78%
-----------average decoder density 0.0000
step 49900: train loss 1.7970, val loss 2.0604
model:LGT728D iter 49900: loss 1.9950, time 11521.81ms, mfu 7.06%
model:LGT728D iter 49910: loss 1.5860, time 753.45ms, mfu 7.27%
model:LGT728D iter 49920: loss 1.6523, time 753.55ms, mfu 7.46%
model:LGT728D iter 49930: loss 1.5989, time 753.38ms, mfu 7.63%
model:LGT728D iter 49940: loss 2.0525, time 753.49ms, mfu 7.78%
-----------average decoder density 0.0000
step 49950: train loss 1.8018, val loss 2.0799
model:LGT728D iter 49950: loss 1.6917, time 11521.19ms, mfu 7.06%
model:LGT728D iter 49960: loss 1.9331, time 753.65ms, mfu 7.27%
model:LGT728D iter 49970: loss 1.8219, time 753.59ms, mfu 7.46%
model:LGT728D iter 49980: loss 2.0463, time 753.60ms, mfu 7.63%
model:LGT728D iter 49990: loss 1.9261, time 753.56ms, mfu 7.78%
-----------average decoder density 0.0000
step 50000: train loss 1.8014, val loss 2.0412
model:LGT728D iter 50000: loss 1.6772, time 11539.59ms, mfu 7.06%
model:LGT728D iter 50010: loss 2.1036, time 753.50ms, mfu 7.27%
model:LGT728D iter 50020: loss 1.6770, time 753.74ms, mfu 7.46%
model:LGT728D iter 50030: loss 1.7982, time 753.59ms, mfu 7.63%
model:LGT728D iter 50040: loss 1.7978, time 753.32ms, mfu 7.78%
-----------average decoder density 0.0000
step 50050: train loss 1.7941, val loss 2.0611
model:LGT728D iter 50050: loss 1.6786, time 11522.61ms, mfu 7.06%
model:LGT728D iter 50060: loss 1.5746, time 753.34ms, mfu 7.27%
model:LGT728D iter 50070: loss 1.7429, time 753.53ms, mfu 7.46%
model:LGT728D iter 50080: loss 1.6301, time 753.28ms, mfu 7.63%
model:LGT728D iter 50090: loss 1.6105, time 753.37ms, mfu 7.78%
-----------average decoder density 0.0000
step 50100: train loss 1.8072, val loss 2.0628
model:LGT728D iter 50100: loss 1.4055, time 11519.74ms, mfu 7.06%
model:LGT728D iter 50110: loss 2.0315, time 753.37ms, mfu 7.27%
model:LGT728D iter 50120: loss 2.2175, time 753.36ms, mfu 7.46%
model:LGT728D iter 50130: loss 1.6118, time 753.49ms, mfu 7.63%
model:LGT728D iter 50140: loss 2.0143, time 753.36ms, mfu 7.78%
-----------average decoder density 0.0000
step 50150: train loss 1.8030, val loss 2.0655
model:LGT728D iter 50150: loss 1.8735, time 11522.34ms, mfu 7.06%
model:LGT728D iter 50160: loss 1.6012, time 753.38ms, mfu 7.27%
model:LGT728D iter 50170: loss 1.6634, time 753.33ms, mfu 7.46%
model:LGT728D iter 50180: loss 2.0351, time 753.34ms, mfu 7.63%
model:LGT728D iter 50190: loss 1.7205, time 753.45ms, mfu 7.78%
-----------average decoder density 0.0000
step 50200: train loss 1.7928, val loss 2.0442
model:LGT728D iter 50200: loss 1.7611, time 11521.11ms, mfu 7.06%
model:LGT728D iter 50210: loss 1.6186, time 753.36ms, mfu 7.27%
model:LGT728D iter 50220: loss 1.6018, time 753.38ms, mfu 7.46%
model:LGT728D iter 50230: loss 1.5510, time 753.42ms, mfu 7.63%
model:LGT728D iter 50240: loss 2.0476, time 753.50ms, mfu 7.78%
-----------average decoder density 0.0000
step 50250: train loss 1.7872, val loss 2.0796
model:LGT728D iter 50250: loss 1.8670, time 11523.50ms, mfu 7.06%
model:LGT728D iter 50260: loss 1.7562, time 753.33ms, mfu 7.27%
model:LGT728D iter 50270: loss 1.9131, time 753.39ms, mfu 7.46%
model:LGT728D iter 50280: loss 1.6617, time 753.32ms, mfu 7.63%
model:LGT728D iter 50290: loss 1.9148, time 755.36ms, mfu 7.78%
-----------average decoder density 0.0000
step 50300: train loss 1.7640, val loss 2.0505
model:LGT728D iter 50300: loss 1.4350, time 11573.89ms, mfu 7.06%
model:LGT728D iter 50310: loss 1.7825, time 753.58ms, mfu 7.27%
model:LGT728D iter 50320: loss 1.9439, time 753.43ms, mfu 7.46%
model:LGT728D iter 50330: loss 1.7539, time 753.52ms, mfu 7.63%
model:LGT728D iter 50340: loss 1.9328, time 753.38ms, mfu 7.78%
-----------average decoder density 0.0000
step 50350: train loss 1.8003, val loss 2.0756
model:LGT728D iter 50350: loss 1.7004, time 11527.60ms, mfu 7.06%
model:LGT728D iter 50360: loss 1.9492, time 753.49ms, mfu 7.27%
model:LGT728D iter 50370: loss 1.8593, time 753.47ms, mfu 7.46%
model:LGT728D iter 50380: loss 1.6172, time 753.41ms, mfu 7.63%
model:LGT728D iter 50390: loss 1.8335, time 753.31ms, mfu 7.78%
-----------average decoder density 0.0000
step 50400: train loss 1.7812, val loss 2.0519
model:LGT728D iter 50400: loss 1.4621, time 11520.86ms, mfu 7.06%
model:LGT728D iter 50410: loss 1.7268, time 753.52ms, mfu 7.27%
model:LGT728D iter 50420: loss 1.4602, time 753.35ms, mfu 7.46%
model:LGT728D iter 50430: loss 1.4835, time 753.33ms, mfu 7.63%
model:LGT728D iter 50440: loss 1.7163, time 753.15ms, mfu 7.78%
-----------average decoder density 0.0000
step 50450: train loss 1.7938, val loss 2.0325
model:LGT728D iter 50450: loss 1.8733, time 11521.52ms, mfu 7.06%
model:LGT728D iter 50460: loss 1.6251, time 753.38ms, mfu 7.27%
model:LGT728D iter 50470: loss 1.8226, time 753.57ms, mfu 7.46%
model:LGT728D iter 50480: loss 2.0399, time 753.45ms, mfu 7.63%
model:LGT728D iter 50490: loss 1.7021, time 753.47ms, mfu 7.78%
-----------average decoder density 0.0000
step 50500: train loss 1.7892, val loss 2.0326
model:LGT728D iter 50500: loss 1.7026, time 11522.37ms, mfu 7.06%
model:LGT728D iter 50510: loss 1.4289, time 753.34ms, mfu 7.27%
model:LGT728D iter 50520: loss 1.6272, time 753.48ms, mfu 7.46%
model:LGT728D iter 50530: loss 1.7416, time 753.48ms, mfu 7.63%
model:LGT728D iter 50540: loss 1.6762, time 753.60ms, mfu 7.78%
-----------average decoder density 0.0000
step 50550: train loss 1.7912, val loss 2.0501
model:LGT728D iter 50550: loss 1.7600, time 11522.46ms, mfu 7.06%
model:LGT728D iter 50560: loss 1.8875, time 753.46ms, mfu 7.27%
model:LGT728D iter 50570: loss 2.0588, time 753.62ms, mfu 7.46%
model:LGT728D iter 50580: loss 1.7087, time 753.44ms, mfu 7.63%
model:LGT728D iter 50590: loss 1.8714, time 753.63ms, mfu 7.78%
-----------average decoder density 0.0000
step 50600: train loss 1.7885, val loss 2.0558
model:LGT728D iter 50600: loss 1.8671, time 11522.40ms, mfu 7.06%
model:LGT728D iter 50610: loss 1.6882, time 753.29ms, mfu 7.27%
model:LGT728D iter 50620: loss 1.6953, time 753.53ms, mfu 7.46%
model:LGT728D iter 50630: loss 1.8933, time 753.34ms, mfu 7.63%
model:LGT728D iter 50640: loss 1.6105, time 753.44ms, mfu 7.78%
-----------average decoder density 0.0000
step 50650: train loss 1.7860, val loss 2.0463
model:LGT728D iter 50650: loss 1.7826, time 11519.10ms, mfu 7.06%
model:LGT728D iter 50660: loss 1.9011, time 753.39ms, mfu 7.27%
model:LGT728D iter 50670: loss 1.7672, time 753.56ms, mfu 7.46%
model:LGT728D iter 50680: loss 1.5448, time 753.23ms, mfu 7.63%
model:LGT728D iter 50690: loss 1.4408, time 754.50ms, mfu 7.78%
-----------average decoder density 0.0000
step 50700: train loss 1.7846, val loss 2.0719
model:LGT728D iter 50700: loss 1.9982, time 11581.73ms, mfu 7.06%
model:LGT728D iter 50710: loss 1.9827, time 753.82ms, mfu 7.27%
model:LGT728D iter 50720: loss 1.7964, time 753.51ms, mfu 7.46%
model:LGT728D iter 50730: loss 1.9325, time 753.40ms, mfu 7.63%
model:LGT728D iter 50740: loss 1.7129, time 753.27ms, mfu 7.78%
-----------average decoder density 0.0000
step 50750: train loss 1.7884, val loss 2.0611
model:LGT728D iter 50750: loss 1.3239, time 11534.32ms, mfu 7.06%
model:LGT728D iter 50760: loss 1.7061, time 753.48ms, mfu 7.27%
model:LGT728D iter 50770: loss 1.8374, time 753.45ms, mfu 7.46%
model:LGT728D iter 50780: loss 1.7982, time 753.65ms, mfu 7.63%
model:LGT728D iter 50790: loss 1.6547, time 753.51ms, mfu 7.78%
-----------average decoder density 0.0000
step 50800: train loss 1.7930, val loss 2.0637
model:LGT728D iter 50800: loss 2.0356, time 11522.51ms, mfu 7.06%
model:LGT728D iter 50810: loss 2.0199, time 753.44ms, mfu 7.27%
model:LGT728D iter 50820: loss 1.7178, time 753.38ms, mfu 7.46%
model:LGT728D iter 50830: loss 2.0323, time 753.40ms, mfu 7.63%
model:LGT728D iter 50840: loss 1.8150, time 753.45ms, mfu 7.78%
-----------average decoder density 0.0000
step 50850: train loss 1.7995, val loss 2.0332
model:LGT728D iter 50850: loss 1.3677, time 11522.97ms, mfu 7.06%
model:LGT728D iter 50860: loss 1.6747, time 753.32ms, mfu 7.27%
model:LGT728D iter 50870: loss 1.8675, time 753.39ms, mfu 7.46%
model:LGT728D iter 50880: loss 1.6288, time 753.40ms, mfu 7.63%
model:LGT728D iter 50890: loss 2.1165, time 753.37ms, mfu 7.78%
-----------average decoder density 0.0000
step 50900: train loss 1.7822, val loss 2.0476
model:LGT728D iter 50900: loss 1.9297, time 11531.76ms, mfu 7.06%
model:LGT728D iter 50910: loss 2.1036, time 753.58ms, mfu 7.27%
model:LGT728D iter 50920: loss 1.9558, time 753.38ms, mfu 7.46%
model:LGT728D iter 50930: loss 1.5604, time 753.30ms, mfu 7.63%
model:LGT728D iter 50940: loss 1.5296, time 753.38ms, mfu 7.78%
-----------average decoder density 0.0000
step 50950: train loss 1.8063, val loss 2.0344
model:LGT728D iter 50950: loss 1.5717, time 11520.38ms, mfu 7.06%
model:LGT728D iter 50960: loss 1.9635, time 753.59ms, mfu 7.27%
model:LGT728D iter 50970: loss 1.6908, time 753.39ms, mfu 7.46%
model:LGT728D iter 50980: loss 1.6444, time 753.26ms, mfu 7.63%
model:LGT728D iter 50990: loss 1.7690, time 753.28ms, mfu 7.78%
-----------average decoder density 0.0000
step 51000: train loss 1.8000, val loss 2.0176
saving checkpoint to out-novel-char3_LGT728D_3d25ede0cfd080d9e35756b051dcef65
model:LGT728D iter 51000: loss 1.5408, time 12576.50ms, mfu 7.06%
model:LGT728D iter 51010: loss 1.5995, time 753.61ms, mfu 7.27%
model:LGT728D iter 51020: loss 1.8265, time 753.43ms, mfu 7.45%
model:LGT728D iter 51030: loss 1.5888, time 753.44ms, mfu 7.62%
model:LGT728D iter 51040: loss 1.5613, time 753.36ms, mfu 7.78%
-----------average decoder density 0.0000
step 51050: train loss 1.7619, val loss 2.0536
model:LGT728D iter 51050: loss 1.3718, time 11526.00ms, mfu 7.06%
model:LGT728D iter 51060: loss 1.8223, time 753.53ms, mfu 7.27%
model:LGT728D iter 51070: loss 1.8724, time 753.56ms, mfu 7.46%
model:LGT728D iter 51080: loss 1.9239, time 753.50ms, mfu 7.62%
model:LGT728D iter 51090: loss 1.8385, time 753.50ms, mfu 7.78%
-----------average decoder density 0.0000
step 51100: train loss 1.7761, val loss 2.0705
model:LGT728D iter 51100: loss 1.5444, time 11524.89ms, mfu 7.06%
model:LGT728D iter 51110: loss 1.5897, time 753.58ms, mfu 7.27%
model:LGT728D iter 51120: loss 1.9112, time 753.51ms, mfu 7.46%
model:LGT728D iter 51130: loss 1.5912, time 755.36ms, mfu 7.62%
model:LGT728D iter 51140: loss 1.3985, time 753.95ms, mfu 7.77%
-----------average decoder density 0.0000
step 51150: train loss 1.7893, val loss 2.0485
model:LGT728D iter 51150: loss 2.1407, time 11563.80ms, mfu 7.06%
model:LGT728D iter 51160: loss 1.8931, time 753.25ms, mfu 7.27%
model:LGT728D iter 51170: loss 1.9002, time 753.47ms, mfu 7.45%
model:LGT728D iter 51180: loss 1.8649, time 753.66ms, mfu 7.62%
model:LGT728D iter 51190: loss 1.9265, time 753.59ms, mfu 7.78%
-----------average decoder density 0.0000
step 51200: train loss 1.7581, val loss 2.0497
model:LGT728D iter 51200: loss 1.8190, time 11520.16ms, mfu 7.06%
model:LGT728D iter 51210: loss 1.8284, time 753.63ms, mfu 7.27%
model:LGT728D iter 51220: loss 1.9254, time 753.39ms, mfu 7.46%
model:LGT728D iter 51230: loss 1.8994, time 753.36ms, mfu 7.63%
model:LGT728D iter 51240: loss 1.7636, time 753.43ms, mfu 7.78%
-----------average decoder density 0.0000
step 51250: train loss 1.7685, val loss 2.0542
model:LGT728D iter 51250: loss 1.9121, time 11519.69ms, mfu 7.06%
model:LGT728D iter 51260: loss 1.9945, time 753.52ms, mfu 7.27%
model:LGT728D iter 51270: loss 2.3119, time 753.43ms, mfu 7.46%
model:LGT728D iter 51280: loss 1.9564, time 753.36ms, mfu 7.63%
model:LGT728D iter 51290: loss 1.6246, time 753.21ms, mfu 7.78%
-----------average decoder density 0.0000
step 51300: train loss 1.8061, val loss 2.0436
model:LGT728D iter 51300: loss 1.8975, time 11517.73ms, mfu 7.06%
model:LGT728D iter 51310: loss 1.8246, time 753.36ms, mfu 7.27%
model:LGT728D iter 51320: loss 1.6911, time 753.40ms, mfu 7.46%
model:LGT728D iter 51330: loss 1.4602, time 753.50ms, mfu 7.63%
model:LGT728D iter 51340: loss 1.6544, time 753.37ms, mfu 7.78%
-----------average decoder density 0.0000
step 51350: train loss 1.7668, val loss 2.0444
model:LGT728D iter 51350: loss 1.4969, time 11516.58ms, mfu 7.06%
model:LGT728D iter 51360: loss 1.5045, time 753.63ms, mfu 7.27%
model:LGT728D iter 51370: loss 1.9503, time 753.44ms, mfu 7.46%
model:LGT728D iter 51380: loss 1.7227, time 753.45ms, mfu 7.63%
model:LGT728D iter 51390: loss 1.8069, time 753.49ms, mfu 7.78%
-----------average decoder density 0.0000
step 51400: train loss 1.7807, val loss 2.0399
model:LGT728D iter 51400: loss 1.9246, time 11569.73ms, mfu 7.06%
model:LGT728D iter 51410: loss 1.7343, time 753.47ms, mfu 7.27%
model:LGT728D iter 51420: loss 1.6488, time 753.47ms, mfu 7.46%
model:LGT728D iter 51430: loss 1.7384, time 753.73ms, mfu 7.63%
model:LGT728D iter 51440: loss 1.6806, time 753.52ms, mfu 7.78%
-----------average decoder density 0.0000
step 51450: train loss 1.7791, val loss 2.0590
model:LGT728D iter 51450: loss 2.0368, time 11527.37ms, mfu 7.06%
model:LGT728D iter 51460: loss 1.8529, time 753.20ms, mfu 7.27%
model:LGT728D iter 51470: loss 1.7086, time 753.69ms, mfu 7.46%
model:LGT728D iter 51480: loss 1.7864, time 753.62ms, mfu 7.63%
model:LGT728D iter 51490: loss 1.5621, time 753.49ms, mfu 7.78%
-----------average decoder density 0.0000
step 51500: train loss 1.7820, val loss 2.0393
model:LGT728D iter 51500: loss 2.0246, time 11521.68ms, mfu 7.06%
model:LGT728D iter 51510: loss 1.9512, time 753.52ms, mfu 7.27%
model:LGT728D iter 51520: loss 1.5661, time 753.42ms, mfu 7.46%
model:LGT728D iter 51530: loss 1.8398, time 753.38ms, mfu 7.63%
model:LGT728D iter 51540: loss 1.7460, time 753.45ms, mfu 7.78%
-----------average decoder density 0.0000
step 51550: train loss 1.7960, val loss 2.0621
model:LGT728D iter 51550: loss 1.8011, time 11527.18ms, mfu 7.06%
model:LGT728D iter 51560: loss 1.7777, time 753.49ms, mfu 7.27%
model:LGT728D iter 51570: loss 1.8232, time 753.41ms, mfu 7.46%
model:LGT728D iter 51580: loss 1.8321, time 753.80ms, mfu 7.63%
model:LGT728D iter 51590: loss 1.4078, time 753.45ms, mfu 7.78%
-----------average decoder density 0.0000
step 51600: train loss 1.7682, val loss 2.0454
model:LGT728D iter 51600: loss 1.4709, time 11517.65ms, mfu 7.06%
model:LGT728D iter 51610: loss 1.7654, time 753.59ms, mfu 7.27%
model:LGT728D iter 51620: loss 1.6399, time 753.50ms, mfu 7.46%
model:LGT728D iter 51630: loss 1.9389, time 753.31ms, mfu 7.63%
model:LGT728D iter 51640: loss 1.5452, time 753.36ms, mfu 7.78%
-----------average decoder density 0.0000
step 51650: train loss 1.7849, val loss 2.0724
model:LGT728D iter 51650: loss 2.0255, time 11518.35ms, mfu 7.06%
model:LGT728D iter 51660: loss 1.6112, time 753.51ms, mfu 7.27%
model:LGT728D iter 51670: loss 2.1515, time 753.48ms, mfu 7.46%
model:LGT728D iter 51680: loss 1.9288, time 753.50ms, mfu 7.63%
model:LGT728D iter 51690: loss 1.8121, time 753.46ms, mfu 7.78%
-----------average decoder density 0.0000
step 51700: train loss 1.7833, val loss 2.0618
model:LGT728D iter 51700: loss 1.7388, time 11519.55ms, mfu 7.06%
model:LGT728D iter 51710: loss 1.9026, time 753.38ms, mfu 7.27%
model:LGT728D iter 51720: loss 1.5992, time 753.47ms, mfu 7.46%
model:LGT728D iter 51730: loss 1.4785, time 753.53ms, mfu 7.63%
model:LGT728D iter 51740: loss 1.7307, time 753.46ms, mfu 7.78%
-----------average decoder density 0.0000
step 51750: train loss 1.7746, val loss 2.0610
model:LGT728D iter 51750: loss 1.4308, time 11517.81ms, mfu 7.06%
model:LGT728D iter 51760: loss 1.4585, time 753.20ms, mfu 7.27%
model:LGT728D iter 51770: loss 1.5987, time 753.31ms, mfu 7.46%
model:LGT728D iter 51780: loss 1.7216, time 754.41ms, mfu 7.63%
model:LGT728D iter 51790: loss 1.7095, time 754.80ms, mfu 7.78%
-----------average decoder density 0.0000
step 51800: train loss 1.8058, val loss 2.0525
model:LGT728D iter 51800: loss 1.7267, time 11579.09ms, mfu 7.06%
model:LGT728D iter 51810: loss 1.6771, time 753.55ms, mfu 7.27%
model:LGT728D iter 51820: loss 1.7382, time 753.44ms, mfu 7.46%
model:LGT728D iter 51830: loss 1.8960, time 753.37ms, mfu 7.63%
model:LGT728D iter 51840: loss 1.7973, time 753.76ms, mfu 7.78%
-----------average decoder density 0.0000
step 51850: train loss 1.7621, val loss 2.0449
model:LGT728D iter 51850: loss 1.6221, time 11518.03ms, mfu 7.06%
model:LGT728D iter 51860: loss 1.8401, time 753.48ms, mfu 7.27%
model:LGT728D iter 51870: loss 1.8125, time 753.43ms, mfu 7.46%
model:LGT728D iter 51880: loss 1.5778, time 753.35ms, mfu 7.63%
model:LGT728D iter 51890: loss 1.8847, time 753.34ms, mfu 7.78%
-----------average decoder density 0.0000
step 51900: train loss 1.7754, val loss 2.0686
model:LGT728D iter 51900: loss 1.5174, time 11519.92ms, mfu 7.06%
model:LGT728D iter 51910: loss 2.1127, time 753.43ms, mfu 7.27%
model:LGT728D iter 51920: loss 1.8563, time 753.45ms, mfu 7.46%
model:LGT728D iter 51930: loss 2.0830, time 753.42ms, mfu 7.63%
model:LGT728D iter 51940: loss 1.6882, time 753.36ms, mfu 7.78%
-----------average decoder density 0.0000
step 51950: train loss 1.7767, val loss 2.0348
model:LGT728D iter 51950: loss 1.6779, time 11521.74ms, mfu 7.06%
model:LGT728D iter 51960: loss 1.8446, time 753.43ms, mfu 7.27%
model:LGT728D iter 51970: loss 1.3014, time 753.44ms, mfu 7.46%
model:LGT728D iter 51980: loss 1.8595, time 753.44ms, mfu 7.63%
model:LGT728D iter 51990: loss 1.6490, time 753.48ms, mfu 7.78%
-----------average decoder density 0.0000
step 52000: train loss 1.7920, val loss 2.0629
model:LGT728D iter 52000: loss 1.9717, time 11517.70ms, mfu 7.06%
model:LGT728D iter 52010: loss 1.6437, time 753.48ms, mfu 7.27%
model:LGT728D iter 52020: loss 1.5555, time 753.43ms, mfu 7.46%
model:LGT728D iter 52030: loss 1.8097, time 753.42ms, mfu 7.63%
model:LGT728D iter 52040: loss 1.8969, time 753.41ms, mfu 7.78%
-----------average decoder density 0.0000
step 52050: train loss 1.7762, val loss 2.0274
model:LGT728D iter 52050: loss 1.9201, time 11518.24ms, mfu 7.06%
model:LGT728D iter 52060: loss 2.0230, time 753.30ms, mfu 7.27%
model:LGT728D iter 52070: loss 1.8344, time 753.42ms, mfu 7.46%
model:LGT728D iter 52080: loss 2.0561, time 753.43ms, mfu 7.63%
model:LGT728D iter 52090: loss 1.7694, time 753.27ms, mfu 7.78%
-----------average decoder density 0.0000
step 52100: train loss 1.7564, val loss 2.0732
model:LGT728D iter 52100: loss 1.4803, time 11518.30ms, mfu 7.06%
model:LGT728D iter 52110: loss 1.3889, time 753.47ms, mfu 7.27%
model:LGT728D iter 52120: loss 1.8088, time 753.20ms, mfu 7.46%
model:LGT728D iter 52130: loss 2.0818, time 753.25ms, mfu 7.63%
model:LGT728D iter 52140: loss 1.9716, time 753.58ms, mfu 7.78%
-----------average decoder density 0.0000
step 52150: train loss 1.7835, val loss 2.0580
model:LGT728D iter 52150: loss 1.6835, time 11518.77ms, mfu 7.06%
model:LGT728D iter 52160: loss 1.9032, time 753.64ms, mfu 7.27%
model:LGT728D iter 52170: loss 1.8756, time 753.53ms, mfu 7.46%
model:LGT728D iter 52180: loss 1.7465, time 753.37ms, mfu 7.63%
model:LGT728D iter 52190: loss 1.4662, time 753.43ms, mfu 7.78%
-----------average decoder density 0.0000
step 52200: train loss 1.7516, val loss 2.0272
model:LGT728D iter 52200: loss 1.7074, time 11518.00ms, mfu 7.06%
model:LGT728D iter 52210: loss 1.5681, time 753.42ms, mfu 7.27%
model:LGT728D iter 52220: loss 1.6017, time 753.39ms, mfu 7.46%
model:LGT728D iter 52230: loss 1.8521, time 753.38ms, mfu 7.63%
model:LGT728D iter 52240: loss 1.9205, time 753.25ms, mfu 7.78%
-----------average decoder density 0.0000
step 52250: train loss 1.7838, val loss 2.0473
model:LGT728D iter 52250: loss 1.8223, time 11517.78ms, mfu 7.06%
model:LGT728D iter 52260: loss 1.8049, time 753.35ms, mfu 7.27%
model:LGT728D iter 52270: loss 1.8374, time 753.56ms, mfu 7.46%
model:LGT728D iter 52280: loss 1.5648, time 753.52ms, mfu 7.63%
model:LGT728D iter 52290: loss 1.8372, time 753.43ms, mfu 7.78%
-----------average decoder density 0.0000
step 52300: train loss 1.7743, val loss 2.0637
model:LGT728D iter 52300: loss 1.7542, time 11519.81ms, mfu 7.06%
model:LGT728D iter 52310: loss 1.9198, time 753.49ms, mfu 7.27%
model:LGT728D iter 52320: loss 1.7280, time 753.46ms, mfu 7.46%
model:LGT728D iter 52330: loss 1.7461, time 753.48ms, mfu 7.63%
model:LGT728D iter 52340: loss 1.5204, time 753.42ms, mfu 7.78%
-----------average decoder density 0.0000
step 52350: train loss 1.7571, val loss 2.0476
model:LGT728D iter 52350: loss 1.4965, time 11532.69ms, mfu 7.06%
model:LGT728D iter 52360: loss 1.5771, time 754.32ms, mfu 7.27%
model:LGT728D iter 52370: loss 1.6493, time 753.30ms, mfu 7.46%
model:LGT728D iter 52380: loss 1.7735, time 753.86ms, mfu 7.63%
model:LGT728D iter 52390: loss 1.9129, time 753.42ms, mfu 7.78%
-----------average decoder density 0.0000
step 52400: train loss 1.7683, val loss 2.0604
model:LGT728D iter 52400: loss 1.9273, time 11523.03ms, mfu 7.06%
model:LGT728D iter 52410: loss 2.1281, time 753.51ms, mfu 7.27%
model:LGT728D iter 52420: loss 1.9622, time 753.35ms, mfu 7.46%
model:LGT728D iter 52430: loss 1.8763, time 753.64ms, mfu 7.63%
model:LGT728D iter 52440: loss 1.8333, time 753.42ms, mfu 7.78%
-----------average decoder density 0.0000
step 52450: train loss 1.7755, val loss 2.0537
model:LGT728D iter 52450: loss 1.8558, time 11520.18ms, mfu 7.06%
model:LGT728D iter 52460: loss 1.5781, time 753.45ms, mfu 7.27%
model:LGT728D iter 52470: loss 1.9574, time 753.52ms, mfu 7.46%
model:LGT728D iter 52480: loss 1.5484, time 753.43ms, mfu 7.63%
model:LGT728D iter 52490: loss 1.5096, time 753.40ms, mfu 7.78%
-----------average decoder density 0.0000
step 52500: train loss 1.7936, val loss 2.0431
model:LGT728D iter 52500: loss 1.5812, time 11524.97ms, mfu 7.06%
model:LGT728D iter 52510: loss 2.1365, time 753.51ms, mfu 7.27%
model:LGT728D iter 52520: loss 1.7948, time 753.66ms, mfu 7.46%
model:LGT728D iter 52530: loss 1.4861, time 753.46ms, mfu 7.63%
model:LGT728D iter 52540: loss 1.7820, time 753.43ms, mfu 7.78%
-----------average decoder density 0.0000
step 52550: train loss 1.7844, val loss 2.0588
model:LGT728D iter 52550: loss 1.9573, time 11522.30ms, mfu 7.06%
model:LGT728D iter 52560: loss 1.9647, time 753.42ms, mfu 7.27%
model:LGT728D iter 52570: loss 1.7284, time 753.59ms, mfu 7.46%
model:LGT728D iter 52580: loss 1.9413, time 753.68ms, mfu 7.63%
model:LGT728D iter 52590: loss 1.8810, time 753.45ms, mfu 7.78%
-----------average decoder density 0.0000
step 52600: train loss 1.7715, val loss 2.0496
model:LGT728D iter 52600: loss 1.7263, time 11518.73ms, mfu 7.06%
model:LGT728D iter 52610: loss 1.8038, time 753.28ms, mfu 7.27%
model:LGT728D iter 52620: loss 1.7374, time 753.52ms, mfu 7.46%
model:LGT728D iter 52630: loss 1.7584, time 754.47ms, mfu 7.63%
model:LGT728D iter 52640: loss 1.7903, time 754.48ms, mfu 7.78%
-----------average decoder density 0.0000
step 52650: train loss 1.7903, val loss 2.0520
model:LGT728D iter 52650: loss 1.3436, time 11558.17ms, mfu 7.06%
model:LGT728D iter 52660: loss 1.6393, time 753.43ms, mfu 7.27%
model:LGT728D iter 52670: loss 1.9631, time 753.37ms, mfu 7.46%
model:LGT728D iter 52680: loss 1.5429, time 753.46ms, mfu 7.63%
