Overriding config with config/train_novel_char3.py:
# train a miniature character-level shakespeare model
# good for debugging and playing on macbooks and such

out_dir = 'out-novel-char3'
eval_interval = 250 # keep frequent because we'll overfit
eval_iters = 200
log_interval = 10 # don't print too too often

# we expect to overfit on this small dataset, so only save when val improves
always_save_checkpoint = False

wandb_log = False # override via command line if you like
wandb_project = 'novel'
wandb_run_name = 'novel'

dataset = 'novel_char3'
gradient_accumulation_steps = 1
# gradient_accumulation_steps = 6
gradient_accumulation_steps = 12
# batch_size = 12
batch_size = 2
# batch_size = 1
# block_size = 256 # context of up to 256 previous characters
# block_size = 256 # context of up to 256 previous characters
# block_size = 64 # context of up to 256 previous characters
block_size = 1024 # context of up to 256 previous characters

# baby GPT model :)
n_layer = 6
n_head = 6
n_embd = 384
# n_embd = 182
dropout = 0.2

# learning_rate = 1e-3 # with baby networks can afford to go a bit higher
learning_rate = 1e-4 # with baby networks can afford to go a bit higher

# max_iters = 5000
# lr_decay_iters = 5000 # make equal to max_iters usually

max_iters = 500000
lr_decay_iters = 500000 # make equal to max_iters usually

min_lr = 1e-5 # learning_rate / 10 usually
beta2 = 0.99 # make a bit bigger because number of tokens per iter is small

warmup_iters = 100 # not super necessary potentially

# on macbook also add
# device = 'cpu'  # run on cpu only
# compile = False # do not torch compile the model
# init_from ='resume'


'''
python3 -u sample.py config/train_novel.py --out_dir=out-novel-word_CCM232_c85667cd6eadbcf772d23fa97827c506 --model=CCM232
python3 -u sample.py config/train_novel.py --out_dir=out-novel-word_CCM251_4bfeb7b3e1b9c46a2542bb9406173e22 --model=CCM251
python3 -u sample.py config/train_novel.py --out_dir=out-novel-word_CCM253_01b622029bb00e0dc9206cae3b0ab559 --model=CCM253 
python3 -u sample.py config/train_novel.py --out_dir=out-novel-word_CCM276_01b622029bb00e0dc9206cae3b0ab559 --model=CCM276
python3 -u sample.py config/train_novel.py --out_dir=out-novel-word_CCM278_a97bfe077b316033e3604831d5ad371e --model=CCM278
python3 -u sample.py config/train_novel.py --out_dir=out-novel-word_CCM305_52efa1def80492f81622f536ac701226 --model=CCM305


out-novel-word_CCM276_01b622029bb00e0dc9206cae3b0ab559

'''
#### python3 -u sample.py config/train_novel.py --out_dir=out-novel-word_CCM232_c85667cd6eadbcf772d23fa97827c506 --model=CCM232
Overriding: init_from = scratch
Overriding: compile = False
Overriding: model = LGT723E
Overriding: n_layer = 70
Overriding: n_head = 12
Overriding: share_layer = False
Overriding: always_save_checkpoint = False
Overriding: max_iters = 2500999
Overriding: best_val_loss_force = 10.001
Overriding: min_lr = 1e-05
Overriding: dropout = 0.0
Overriding: eval_interval = 50
Overriding: force_resave = 0
Overriding: random_seed = 3
tokens per iteration will be: 24,576
found vocab_size = 73440 (inside data/novel_char3/meta.pkl)
out_dir: out-novel-char3_LGT723E_3d25ede0cfd080d9e35756b051dcef65
Initializing a new model from scratch
WARNING: using slow attention. Flash Attention requires PyTorch >= 2.0
WARNING: using slow attention. Flash Attention requires PyTorch >= 2.0
WARNING: using slow attention. Flash Attention requires PyTorch >= 2.0
WARNING: using slow attention. Flash Attention requires PyTorch >= 2.0
WARNING: using slow attention. Flash Attention requires PyTorch >= 2.0
WARNING: using slow attention. Flash Attention requires PyTorch >= 2.0
WARNING: using slow attention. Flash Attention requires PyTorch >= 2.0
WARNING: using slow attention. Flash Attention requires PyTorch >= 2.0
WARNING: using slow attention. Flash Attention requires PyTorch >= 2.0
WARNING: using slow attention. Flash Attention requires PyTorch >= 2.0
WARNING: using slow attention. Flash Attention requires PyTorch >= 2.0
WARNING: using slow attention. Flash Attention requires PyTorch >= 2.0
WARNING: using slow attention. Flash Attention requires PyTorch >= 2.0
WARNING: using slow attention. Flash Attention requires PyTorch >= 2.0
WARNING: using slow attention. Flash Attention requires PyTorch >= 2.0
WARNING: using slow attention. Flash Attention requires PyTorch >= 2.0
WARNING: using slow attention. Flash Attention requires PyTorch >= 2.0
WARNING: using slow attention. Flash Attention requires PyTorch >= 2.0
WARNING: using slow attention. Flash Attention requires PyTorch >= 2.0
WARNING: using slow attention. Flash Attention requires PyTorch >= 2.0
WARNING: using slow attention. Flash Attention requires PyTorch >= 2.0
WARNING: using slow attention. Flash Attention requires PyTorch >= 2.0
WARNING: using slow attention. Flash Attention requires PyTorch >= 2.0
WARNING: using slow attention. Flash Attention requires PyTorch >= 2.0
WARNING: using slow attention. Flash Attention requires PyTorch >= 2.0
WARNING: using slow attention. Flash Attention requires PyTorch >= 2.0
WARNING: using slow attention. Flash Attention requires PyTorch >= 2.0
WARNING: using slow attention. Flash Attention requires PyTorch >= 2.0
WARNING: using slow attention. Flash Attention requires PyTorch >= 2.0
WARNING: using slow attention. Flash Attention requires PyTorch >= 2.0
WARNING: using slow attention. Flash Attention requires PyTorch >= 2.0
WARNING: using slow attention. Flash Attention requires PyTorch >= 2.0
WARNING: using slow attention. Flash Attention requires PyTorch >= 2.0
WARNING: using slow attention. Flash Attention requires PyTorch >= 2.0
WARNING: using slow attention. Flash Attention requires PyTorch >= 2.0
num decayed parameter tensors: 178, with 111,869,184 parameters
num non-decayed parameter tensors: 109, with 20,671,873 parameters
using fused AdamW: True
------average encoder activity 0.000
-----------average decoder density 0.0000
step 0: train loss 5.6483, val loss 5.6469
model:LGT723E iter 0: loss 5.6843, time 26200.44ms, mfu -100.00%
model:LGT723E iter 10: loss 5.4309, time 1711.12ms, mfu 5.17%
model:LGT723E iter 20: loss 5.3140, time 1712.33ms, mfu 5.17%
model:LGT723E iter 30: loss 5.2494, time 1711.55ms, mfu 5.17%
model:LGT723E iter 40: loss 5.1876, time 1711.57ms, mfu 5.17%
------average encoder activity 0.000
-----------average decoder density 0.3596
step 50: train loss 5.0653, val loss 5.0662
saving checkpoint to out-novel-char3_LGT723E_3d25ede0cfd080d9e35756b051dcef65
model:LGT723E iter 50: loss 5.0380, time 27282.84ms, mfu 4.68%
model:LGT723E iter 60: loss 4.9055, time 1710.39ms, mfu 4.73%
model:LGT723E iter 70: loss 4.7947, time 1710.36ms, mfu 4.78%
model:LGT723E iter 80: loss 4.5190, time 1710.48ms, mfu 4.82%
model:LGT723E iter 90: loss 4.4911, time 1710.20ms, mfu 4.85%
------average encoder activity 0.000
-----------average decoder density 0.4684
step 100: train loss 4.3080, val loss 4.3181
saving checkpoint to out-novel-char3_LGT723E_3d25ede0cfd080d9e35756b051dcef65
model:LGT723E iter 100: loss 4.2703, time 27459.73ms, mfu 4.40%
model:LGT723E iter 110: loss 4.1525, time 1710.23ms, mfu 4.48%
model:LGT723E iter 120: loss 4.0714, time 1710.03ms, mfu 4.55%
model:LGT723E iter 130: loss 4.0993, time 1710.38ms, mfu 4.61%
model:LGT723E iter 140: loss 4.0139, time 1711.47ms, mfu 4.66%
------average encoder activity 0.000
-----------average decoder density 0.3987
step 150: train loss 3.9706, val loss 3.9409
saving checkpoint to out-novel-char3_LGT723E_3d25ede0cfd080d9e35756b051dcef65
model:LGT723E iter 150: loss 3.8799, time 27502.06ms, mfu 4.23%
model:LGT723E iter 160: loss 3.7494, time 1710.97ms, mfu 4.32%
model:LGT723E iter 170: loss 3.8526, time 1713.42ms, mfu 4.41%
model:LGT723E iter 180: loss 3.8758, time 1710.57ms, mfu 4.48%
model:LGT723E iter 190: loss 4.0897, time 1711.53ms, mfu 4.55%
------average encoder activity 0.017
-----------average decoder density 0.3295
step 200: train loss 3.9064, val loss 3.8649
saving checkpoint to out-novel-char3_LGT723E_3d25ede0cfd080d9e35756b051dcef65
model:LGT723E iter 200: loss 3.8930, time 27549.52ms, mfu 4.13%
model:LGT723E iter 210: loss 3.7927, time 1708.95ms, mfu 4.23%
model:LGT723E iter 220: loss 3.7759, time 1707.78ms, mfu 4.33%
model:LGT723E iter 230: loss 3.7239, time 1713.87ms, mfu 4.41%
model:LGT723E iter 240: loss 3.8394, time 1715.16ms, mfu 4.49%
------average encoder activity 0.041
-----------average decoder density 0.3002
step 250: train loss 3.8557, val loss 3.8064
saving checkpoint to out-novel-char3_LGT723E_3d25ede0cfd080d9e35756b051dcef65
model:LGT723E iter 250: loss 3.7453, time 27520.75ms, mfu 4.07%
model:LGT723E iter 260: loss 3.8368, time 1712.34ms, mfu 4.18%
model:LGT723E iter 270: loss 3.8067, time 1714.03ms, mfu 4.28%
model:LGT723E iter 280: loss 3.8645, time 1711.37ms, mfu 4.37%
model:LGT723E iter 290: loss 3.7239, time 1710.84ms, mfu 4.45%
------average encoder activity 0.060
-----------average decoder density 0.3106
step 300: train loss 3.7774, val loss 3.7262
saving checkpoint to out-novel-char3_LGT723E_3d25ede0cfd080d9e35756b051dcef65
model:LGT723E iter 300: loss 4.1083, time 27453.63ms, mfu 4.03%
model:LGT723E iter 310: loss 3.6730, time 1710.94ms, mfu 4.15%
model:LGT723E iter 320: loss 3.8896, time 1710.72ms, mfu 4.25%
model:LGT723E iter 330: loss 3.9970, time 1710.91ms, mfu 4.34%
model:LGT723E iter 340: loss 3.6649, time 1710.88ms, mfu 4.42%
------average encoder activity 0.074
-----------average decoder density 0.3302
step 350: train loss 3.7226, val loss 3.6697
saving checkpoint to out-novel-char3_LGT723E_3d25ede0cfd080d9e35756b051dcef65
model:LGT723E iter 350: loss 3.6861, time 27483.26ms, mfu 4.01%
model:LGT723E iter 360: loss 3.7226, time 1710.54ms, mfu 4.13%
model:LGT723E iter 370: loss 3.7638, time 1708.15ms, mfu 4.23%
model:LGT723E iter 380: loss 3.8428, time 1708.55ms, mfu 4.33%
model:LGT723E iter 390: loss 4.0118, time 1708.29ms, mfu 4.41%
------average encoder activity 0.096
-----------average decoder density 0.3048
step 400: train loss 3.6878, val loss 3.6344
saving checkpoint to out-novel-char3_LGT723E_3d25ede0cfd080d9e35756b051dcef65
model:LGT723E iter 400: loss 3.8349, time 27496.97ms, mfu 4.00%
model:LGT723E iter 410: loss 3.5442, time 1710.64ms, mfu 4.12%
model:LGT723E iter 420: loss 3.4896, time 1708.97ms, mfu 4.23%
model:LGT723E iter 430: loss 3.7287, time 1707.93ms, mfu 4.32%
model:LGT723E iter 440: loss 3.4790, time 1707.55ms, mfu 4.41%
------average encoder activity 0.119
-----------average decoder density 0.2730
step 450: train loss 3.6153, val loss 3.6118
saving checkpoint to out-novel-char3_LGT723E_3d25ede0cfd080d9e35756b051dcef65
model:LGT723E iter 450: loss 3.5588, time 27443.77ms, mfu 4.00%
model:LGT723E iter 460: loss 3.6376, time 1707.83ms, mfu 4.12%
model:LGT723E iter 470: loss 3.6690, time 1708.24ms, mfu 4.22%
model:LGT723E iter 480: loss 3.5569, time 1708.35ms, mfu 4.32%
model:LGT723E iter 490: loss 3.7033, time 1708.47ms, mfu 4.40%
------average encoder activity 0.133
-----------average decoder density 0.2681
step 500: train loss 3.5912, val loss 3.5534
saving checkpoint to out-novel-char3_LGT723E_3d25ede0cfd080d9e35756b051dcef65
model:LGT723E iter 500: loss 3.4165, time 27480.31ms, mfu 4.00%
model:LGT723E iter 510: loss 3.8719, time 1710.64ms, mfu 4.11%
model:LGT723E iter 520: loss 3.6669, time 1711.11ms, mfu 4.22%
model:LGT723E iter 530: loss 3.4079, time 1712.39ms, mfu 4.31%
model:LGT723E iter 540: loss 3.3622, time 1711.78ms, mfu 4.40%
------average encoder activity 0.154
-----------average decoder density 0.2947
step 550: train loss 3.5713, val loss 3.5253
saving checkpoint to out-novel-char3_LGT723E_3d25ede0cfd080d9e35756b051dcef65
model:LGT723E iter 550: loss 3.5785, time 27518.16ms, mfu 3.99%
model:LGT723E iter 560: loss 3.5266, time 1711.99ms, mfu 4.11%
model:LGT723E iter 570: loss 3.6532, time 1711.09ms, mfu 4.21%
model:LGT723E iter 580: loss 3.4694, time 1710.73ms, mfu 4.31%
model:LGT723E iter 590: loss 3.5196, time 1710.32ms, mfu 4.40%
------average encoder activity 0.178
-----------average decoder density 0.2726
step 600: train loss 3.5425, val loss 3.4951
saving checkpoint to out-novel-char3_LGT723E_3d25ede0cfd080d9e35756b051dcef65
model:LGT723E iter 600: loss 3.3357, time 27505.66ms, mfu 3.99%
model:LGT723E iter 610: loss 3.5647, time 1711.81ms, mfu 4.11%
model:LGT723E iter 620: loss 3.4576, time 1710.18ms, mfu 4.21%
model:LGT723E iter 630: loss 3.5986, time 1710.35ms, mfu 4.31%
model:LGT723E iter 640: loss 3.3360, time 1710.61ms, mfu 4.40%
------average encoder activity 0.203
-----------average decoder density 0.2748
step 650: train loss 3.4730, val loss 3.4583
saving checkpoint to out-novel-char3_LGT723E_3d25ede0cfd080d9e35756b051dcef65
model:LGT723E iter 650: loss 3.3827, time 27428.24ms, mfu 3.99%
model:LGT723E iter 660: loss 3.5785, time 1707.63ms, mfu 4.11%
model:LGT723E iter 670: loss 3.7670, time 1708.23ms, mfu 4.21%
model:LGT723E iter 680: loss 3.4269, time 1708.33ms, mfu 4.31%
model:LGT723E iter 690: loss 3.4214, time 1708.81ms, mfu 4.40%
------average encoder activity 0.221
-----------average decoder density 0.2788
step 700: train loss 3.4723, val loss 3.4369
saving checkpoint to out-novel-char3_LGT723E_3d25ede0cfd080d9e35756b051dcef65
model:LGT723E iter 700: loss 3.5323, time 27487.73ms, mfu 3.99%
model:LGT723E iter 710: loss 3.2805, time 1708.13ms, mfu 4.11%
model:LGT723E iter 720: loss 3.2502, time 1707.30ms, mfu 4.22%
model:LGT723E iter 730: loss 3.2585, time 1707.81ms, mfu 4.31%
model:LGT723E iter 740: loss 3.5481, time 1707.24ms, mfu 4.40%
------average encoder activity 0.254
-----------average decoder density 0.2777
step 750: train loss 3.4710, val loss 3.4100
saving checkpoint to out-novel-char3_LGT723E_3d25ede0cfd080d9e35756b051dcef65
model:LGT723E iter 750: loss 3.3614, time 27547.80ms, mfu 3.99%
model:LGT723E iter 760: loss 3.3410, time 1708.95ms, mfu 4.11%
model:LGT723E iter 770: loss 3.2803, time 1708.30ms, mfu 4.22%
model:LGT723E iter 780: loss 3.5279, time 1710.32ms, mfu 4.31%
model:LGT723E iter 790: loss 3.3726, time 1710.61ms, mfu 4.40%
------average encoder activity 0.273
-----------average decoder density 0.2844
step 800: train loss 3.4135, val loss 3.3682
saving checkpoint to out-novel-char3_LGT723E_3d25ede0cfd080d9e35756b051dcef65
model:LGT723E iter 800: loss 3.2307, time 27509.06ms, mfu 3.99%
model:LGT723E iter 810: loss 3.4139, time 1708.43ms, mfu 4.11%
model:LGT723E iter 820: loss 3.5640, time 1708.96ms, mfu 4.22%
model:LGT723E iter 830: loss 3.3995, time 1708.33ms, mfu 4.31%
model:LGT723E iter 840: loss 3.4286, time 1710.64ms, mfu 4.40%
------average encoder activity 0.290
-----------average decoder density 0.2928
step 850: train loss 3.3968, val loss 3.3589
saving checkpoint to out-novel-char3_LGT723E_3d25ede0cfd080d9e35756b051dcef65
model:LGT723E iter 850: loss 3.7565, time 27386.05ms, mfu 3.99%
model:LGT723E iter 860: loss 3.5603, time 1712.20ms, mfu 4.11%
model:LGT723E iter 870: loss 3.6877, time 1710.39ms, mfu 4.21%
model:LGT723E iter 880: loss 3.6748, time 1710.83ms, mfu 4.31%
model:LGT723E iter 890: loss 3.2860, time 1707.26ms, mfu 4.40%
------average encoder activity 0.331
-----------average decoder density 0.2961
step 900: train loss 3.3826, val loss 3.3563
saving checkpoint to out-novel-char3_LGT723E_3d25ede0cfd080d9e35756b051dcef65
model:LGT723E iter 900: loss 3.4333, time 27517.32ms, mfu 3.99%
model:LGT723E iter 910: loss 3.4757, time 1710.72ms, mfu 4.11%
model:LGT723E iter 920: loss 3.3291, time 1712.95ms, mfu 4.21%
model:LGT723E iter 930: loss 3.2643, time 1710.87ms, mfu 4.31%
model:LGT723E iter 940: loss 3.4802, time 1710.83ms, mfu 4.39%
------average encoder activity 0.364
-----------average decoder density 0.3031
step 950: train loss 3.3792, val loss 3.3380
saving checkpoint to out-novel-char3_LGT723E_3d25ede0cfd080d9e35756b051dcef65
model:LGT723E iter 950: loss 3.2812, time 27523.23ms, mfu 3.99%
model:LGT723E iter 960: loss 3.1262, time 1710.65ms, mfu 4.11%
model:LGT723E iter 970: loss 3.4118, time 1712.02ms, mfu 4.21%
model:LGT723E iter 980: loss 3.3349, time 1711.54ms, mfu 4.31%
model:LGT723E iter 990: loss 3.5333, time 1710.76ms, mfu 4.39%
------average encoder activity 0.395
-----------average decoder density 0.3219
step 1000: train loss 3.3316, val loss 3.2999
saving checkpoint to out-novel-char3_LGT723E_3d25ede0cfd080d9e35756b051dcef65
model:LGT723E iter 1000: loss 3.4767, time 27520.50ms, mfu 3.99%
model:LGT723E iter 1010: loss 3.4039, time 1711.53ms, mfu 4.10%
model:LGT723E iter 1020: loss 3.3628, time 1711.12ms, mfu 4.21%
model:LGT723E iter 1030: loss 3.4705, time 1711.74ms, mfu 4.31%
model:LGT723E iter 1040: loss 3.4463, time 1710.86ms, mfu 4.39%
------average encoder activity 0.418
-----------average decoder density 0.3159
step 1050: train loss 3.3303, val loss 3.2773
saving checkpoint to out-novel-char3_LGT723E_3d25ede0cfd080d9e35756b051dcef65
model:LGT723E iter 1050: loss 3.5018, time 27445.33ms, mfu 3.99%
model:LGT723E iter 1060: loss 3.0965, time 1711.16ms, mfu 4.10%
model:LGT723E iter 1070: loss 3.0990, time 1710.50ms, mfu 4.21%
model:LGT723E iter 1080: loss 2.5697, time 1712.32ms, mfu 4.31%
model:LGT723E iter 1090: loss 3.5994, time 1712.45ms, mfu 4.39%
------average encoder activity 0.465
-----------average decoder density 0.3236
step 1100: train loss 3.3295, val loss 3.2731
saving checkpoint to out-novel-char3_LGT723E_3d25ede0cfd080d9e35756b051dcef65
model:LGT723E iter 1100: loss 3.5985, time 27510.32ms, mfu 3.99%
model:LGT723E iter 1110: loss 3.2714, time 1707.88ms, mfu 4.10%
model:LGT723E iter 1120: loss 3.4772, time 1710.59ms, mfu 4.21%
model:LGT723E iter 1130: loss 3.1749, time 1710.79ms, mfu 4.31%
model:LGT723E iter 1140: loss 3.1266, time 1710.42ms, mfu 4.39%
------average encoder activity 0.486
-----------average decoder density 0.3343
step 1150: train loss 3.3141, val loss 3.2738
model:LGT723E iter 1150: loss 3.2738, time 26154.79ms, mfu 3.99%
model:LGT723E iter 1160: loss 3.6577, time 1711.11ms, mfu 4.11%
model:LGT723E iter 1170: loss 3.3881, time 1711.89ms, mfu 4.21%
model:LGT723E iter 1180: loss 3.1191, time 1712.01ms, mfu 4.31%
model:LGT723E iter 1190: loss 3.2034, time 1713.24ms, mfu 4.39%
------average encoder activity 0.516
-----------average decoder density 0.3471
step 1200: train loss 3.2851, val loss 3.2430
saving checkpoint to out-novel-char3_LGT723E_3d25ede0cfd080d9e35756b051dcef65
model:LGT723E iter 1200: loss 3.2323, time 27565.18ms, mfu 3.99%
model:LGT723E iter 1210: loss 2.9857, time 1710.98ms, mfu 4.10%
model:LGT723E iter 1220: loss 3.4374, time 1710.58ms, mfu 4.21%
model:LGT723E iter 1230: loss 3.0758, time 1723.63ms, mfu 4.30%
model:LGT723E iter 1240: loss 3.3849, time 1710.57ms, mfu 4.39%
------average encoder activity 0.547
-----------average decoder density 0.3567
step 1250: train loss 3.2691, val loss 3.2344
saving checkpoint to out-novel-char3_LGT723E_3d25ede0cfd080d9e35756b051dcef65
model:LGT723E iter 1250: loss 3.2452, time 27512.40ms, mfu 3.98%
model:LGT723E iter 1260: loss 2.9249, time 1710.98ms, mfu 4.10%
model:LGT723E iter 1270: loss 2.9289, time 1710.65ms, mfu 4.21%
model:LGT723E iter 1280: loss 3.5287, time 1710.10ms, mfu 4.30%
model:LGT723E iter 1290: loss 2.7336, time 1710.35ms, mfu 4.39%
------average encoder activity 0.575
-----------average decoder density 0.3653
step 1300: train loss 3.2579, val loss 3.2138
saving checkpoint to out-novel-char3_LGT723E_3d25ede0cfd080d9e35756b051dcef65
model:LGT723E iter 1300: loss 3.4505, time 27416.40ms, mfu 3.98%
model:LGT723E iter 1310: loss 3.2397, time 1707.89ms, mfu 4.10%
model:LGT723E iter 1320: loss 2.9222, time 1708.51ms, mfu 4.21%
model:LGT723E iter 1330: loss 3.1340, time 1707.80ms, mfu 4.31%
model:LGT723E iter 1340: loss 3.4225, time 1708.84ms, mfu 4.39%
------average encoder activity 0.603
-----------average decoder density 0.3723
step 1350: train loss 3.2499, val loss 3.2141
model:LGT723E iter 1350: loss 3.1472, time 26168.33ms, mfu 3.99%
model:LGT723E iter 1360: loss 2.8602, time 1708.36ms, mfu 4.11%
model:LGT723E iter 1370: loss 3.3782, time 1707.96ms, mfu 4.21%
model:LGT723E iter 1380: loss 2.8604, time 1714.00ms, mfu 4.31%
model:LGT723E iter 1390: loss 3.3121, time 1712.99ms, mfu 4.39%
------average encoder activity 0.637
-----------average decoder density 0.3736
step 1400: train loss 3.2296, val loss 3.2154
model:LGT723E iter 1400: loss 3.3650, time 26200.50ms, mfu 3.99%
model:LGT723E iter 1410: loss 3.3650, time 1711.65ms, mfu 4.11%
model:LGT723E iter 1420: loss 3.0996, time 1711.75ms, mfu 4.21%
model:LGT723E iter 1430: loss 3.1788, time 1711.11ms, mfu 4.31%
model:LGT723E iter 1440: loss 3.5348, time 1711.53ms, mfu 4.39%
------average encoder activity 0.665
-----------average decoder density 0.3928
step 1450: train loss 3.2406, val loss 3.1942
saving checkpoint to out-novel-char3_LGT723E_3d25ede0cfd080d9e35756b051dcef65
model:LGT723E iter 1450: loss 3.5368, time 27501.66ms, mfu 3.99%
model:LGT723E iter 1460: loss 3.0193, time 1711.80ms, mfu 4.11%
model:LGT723E iter 1470: loss 3.2068, time 1711.07ms, mfu 4.21%
model:LGT723E iter 1480: loss 3.2109, time 1710.39ms, mfu 4.31%
model:LGT723E iter 1490: loss 3.1777, time 1711.52ms, mfu 4.39%
------average encoder activity 0.695
-----------average decoder density 0.3932
step 1500: train loss 3.2409, val loss 3.1990
model:LGT723E iter 1500: loss 3.2526, time 26222.84ms, mfu 3.99%
model:LGT723E iter 1510: loss 3.4318, time 1711.57ms, mfu 4.11%
model:LGT723E iter 1520: loss 3.1132, time 1711.58ms, mfu 4.21%
model:LGT723E iter 1530: loss 2.8443, time 1710.59ms, mfu 4.31%
model:LGT723E iter 1540: loss 3.7511, time 1711.41ms, mfu 4.39%
------average encoder activity 0.712
-----------average decoder density 0.3986
step 1550: train loss 3.2252, val loss 3.1927
saving checkpoint to out-novel-char3_LGT723E_3d25ede0cfd080d9e35756b051dcef65
model:LGT723E iter 1550: loss 3.2462, time 27526.87ms, mfu 3.99%
model:LGT723E iter 1560: loss 3.3621, time 1711.10ms, mfu 4.10%
model:LGT723E iter 1570: loss 3.2737, time 1712.36ms, mfu 4.21%
model:LGT723E iter 1580: loss 3.2579, time 1710.69ms, mfu 4.31%
model:LGT723E iter 1590: loss 3.2968, time 1710.70ms, mfu 4.39%
------average encoder activity 0.740
-----------average decoder density 0.4089
step 1600: train loss 3.1915, val loss 3.1707
saving checkpoint to out-novel-char3_LGT723E_3d25ede0cfd080d9e35756b051dcef65
model:LGT723E iter 1600: loss 3.0324, time 27463.75ms, mfu 3.99%
model:LGT723E iter 1610: loss 3.1880, time 1710.58ms, mfu 4.10%
model:LGT723E iter 1620: loss 3.4292, time 1710.44ms, mfu 4.21%
model:LGT723E iter 1630: loss 3.1264, time 1711.43ms, mfu 4.31%
model:LGT723E iter 1640: loss 3.3246, time 1713.74ms, mfu 4.39%
------average encoder activity 0.766
-----------average decoder density 0.4032
step 1650: train loss 3.1864, val loss 3.1941
model:LGT723E iter 1650: loss 2.9803, time 26186.51ms, mfu 3.99%
model:LGT723E iter 1660: loss 3.0266, time 1708.55ms, mfu 4.11%
model:LGT723E iter 1670: loss 3.3749, time 1708.31ms, mfu 4.21%
model:LGT723E iter 1680: loss 3.0740, time 1711.25ms, mfu 4.31%
model:LGT723E iter 1690: loss 3.2060, time 1710.16ms, mfu 4.39%
------average encoder activity 0.784
-----------average decoder density 0.4201
step 1700: train loss 3.1891, val loss 3.1633
saving checkpoint to out-novel-char3_LGT723E_3d25ede0cfd080d9e35756b051dcef65
model:LGT723E iter 1700: loss 3.1633, time 27528.54ms, mfu 3.99%
model:LGT723E iter 1710: loss 3.1137, time 1710.40ms, mfu 4.11%
model:LGT723E iter 1720: loss 3.2361, time 1710.92ms, mfu 4.21%
model:LGT723E iter 1730: loss 3.1251, time 1713.96ms, mfu 4.31%
model:LGT723E iter 1740: loss 3.2849, time 1712.79ms, mfu 4.39%
------average encoder activity 0.810
-----------average decoder density 0.4212
step 1750: train loss 3.1762, val loss 3.1508
saving checkpoint to out-novel-char3_LGT723E_3d25ede0cfd080d9e35756b051dcef65
model:LGT723E iter 1750: loss 3.3917, time 27527.57ms, mfu 3.99%
model:LGT723E iter 1760: loss 3.4060, time 1710.90ms, mfu 4.10%
model:LGT723E iter 1770: loss 2.9188, time 1708.98ms, mfu 4.21%
model:LGT723E iter 1780: loss 3.1359, time 1710.27ms, mfu 4.31%
model:LGT723E iter 1790: loss 2.9932, time 1710.67ms, mfu 4.39%
------average encoder activity 0.838
-----------average decoder density 0.4244
step 1800: train loss 3.1582, val loss 3.1561
model:LGT723E iter 1800: loss 3.0402, time 26193.90ms, mfu 3.99%
model:LGT723E iter 1810: loss 3.2632, time 1709.05ms, mfu 4.11%
model:LGT723E iter 1820: loss 3.2209, time 1710.57ms, mfu 4.21%
model:LGT723E iter 1830: loss 3.2387, time 1709.98ms, mfu 4.31%
model:LGT723E iter 1840: loss 3.2153, time 1711.22ms, mfu 4.39%
------average encoder activity 0.845
-----------average decoder density 0.4376
step 1850: train loss 3.1171, val loss 3.1239
saving checkpoint to out-novel-char3_LGT723E_3d25ede0cfd080d9e35756b051dcef65
model:LGT723E iter 1850: loss 2.9986, time 27516.31ms, mfu 3.99%
model:LGT723E iter 1860: loss 3.1663, time 1709.61ms, mfu 4.11%
model:LGT723E iter 1870: loss 3.0183, time 1708.90ms, mfu 4.21%
model:LGT723E iter 1880: loss 3.3580, time 1710.05ms, mfu 4.31%
model:LGT723E iter 1890: loss 3.1758, time 1709.55ms, mfu 4.40%
------average encoder activity 0.866
-----------average decoder density 0.4389
step 1900: train loss 3.1290, val loss 3.1203
saving checkpoint to out-novel-char3_LGT723E_3d25ede0cfd080d9e35756b051dcef65
model:LGT723E iter 1900: loss 2.8794, time 27454.02ms, mfu 3.99%
model:LGT723E iter 1910: loss 3.0953, time 1708.64ms, mfu 4.11%
model:LGT723E iter 1920: loss 3.1643, time 1708.67ms, mfu 4.21%
model:LGT723E iter 1930: loss 3.2018, time 1710.47ms, mfu 4.31%
model:LGT723E iter 1940: loss 3.2763, time 1710.85ms, mfu 4.40%
------average encoder activity 0.880
-----------average decoder density 0.4376
step 1950: train loss 3.1404, val loss 3.1006
saving checkpoint to out-novel-char3_LGT723E_3d25ede0cfd080d9e35756b051dcef65
model:LGT723E iter 1950: loss 2.9488, time 27587.64ms, mfu 3.99%
model:LGT723E iter 1960: loss 2.9743, time 1713.25ms, mfu 4.11%
model:LGT723E iter 1970: loss 3.0920, time 1712.11ms, mfu 4.21%
model:LGT723E iter 1980: loss 3.0715, time 1715.35ms, mfu 4.31%
model:LGT723E iter 1990: loss 3.3262, time 1719.82ms, mfu 4.39%
------average encoder activity 0.897
-----------average decoder density 0.4400
step 2000: train loss 3.1196, val loss 3.0998
saving checkpoint to out-novel-char3_LGT723E_3d25ede0cfd080d9e35756b051dcef65
model:LGT723E iter 2000: loss 3.3483, time 27525.16ms, mfu 3.98%
model:LGT723E iter 2010: loss 2.9929, time 1709.78ms, mfu 4.10%
model:LGT723E iter 2020: loss 3.3245, time 1709.95ms, mfu 4.21%
model:LGT723E iter 2030: loss 3.3395, time 1710.43ms, mfu 4.31%
model:LGT723E iter 2040: loss 3.2890, time 1710.46ms, mfu 4.39%
------average encoder activity 0.922
-----------average decoder density 0.4367
step 2050: train loss 3.1235, val loss 3.1154
model:LGT723E iter 2050: loss 3.1076, time 26234.53ms, mfu 3.99%
model:LGT723E iter 2060: loss 3.1992, time 1711.88ms, mfu 4.10%
model:LGT723E iter 2070: loss 2.9056, time 1709.44ms, mfu 4.21%
model:LGT723E iter 2080: loss 2.9854, time 1709.84ms, mfu 4.31%
model:LGT723E iter 2090: loss 3.2757, time 1709.42ms, mfu 4.39%
------average encoder activity 0.941
-----------average decoder density 0.4528
step 2100: train loss 3.1183, val loss 3.0979
saving checkpoint to out-novel-char3_LGT723E_3d25ede0cfd080d9e35756b051dcef65
model:LGT723E iter 2100: loss 2.9285, time 27568.75ms, mfu 3.99%
model:LGT723E iter 2110: loss 3.1414, time 1708.44ms, mfu 4.11%
model:LGT723E iter 2120: loss 3.2403, time 1709.09ms, mfu 4.21%
model:LGT723E iter 2130: loss 2.9711, time 1710.69ms, mfu 4.31%
model:LGT723E iter 2140: loss 2.9310, time 1709.26ms, mfu 4.40%
------average encoder activity 0.954
-----------average decoder density 0.4549
step 2150: train loss 3.0993, val loss 3.0825
saving checkpoint to out-novel-char3_LGT723E_3d25ede0cfd080d9e35756b051dcef65
model:LGT723E iter 2150: loss 3.2162, time 27434.48ms, mfu 3.99%
model:LGT723E iter 2160: loss 3.1852, time 1710.59ms, mfu 4.11%
model:LGT723E iter 2170: loss 3.0956, time 1710.38ms, mfu 4.21%
model:LGT723E iter 2180: loss 3.4295, time 1711.33ms, mfu 4.31%
model:LGT723E iter 2190: loss 2.6530, time 1709.44ms, mfu 4.39%
------average encoder activity 0.975
-----------average decoder density 0.4452
step 2200: train loss 3.0844, val loss 3.0746
saving checkpoint to out-novel-char3_LGT723E_3d25ede0cfd080d9e35756b051dcef65
model:LGT723E iter 2200: loss 3.2577, time 27549.50ms, mfu 3.99%
model:LGT723E iter 2210: loss 3.3388, time 1710.73ms, mfu 4.11%
model:LGT723E iter 2220: loss 3.2591, time 1710.60ms, mfu 4.21%
model:LGT723E iter 2230: loss 3.2311, time 1711.00ms, mfu 4.31%
model:LGT723E iter 2240: loss 3.1281, time 1710.80ms, mfu 4.39%
------average encoder activity 0.985
-----------average decoder density 0.4500
step 2250: train loss 3.0852, val loss 3.0642
saving checkpoint to out-novel-char3_LGT723E_3d25ede0cfd080d9e35756b051dcef65
model:LGT723E iter 2250: loss 3.1516, time 27502.79ms, mfu 3.99%
model:LGT723E iter 2260: loss 2.4833, time 1707.77ms, mfu 4.11%
model:LGT723E iter 2270: loss 3.2637, time 1708.08ms, mfu 4.21%
model:LGT723E iter 2280: loss 2.9912, time 1709.01ms, mfu 4.31%
model:LGT723E iter 2290: loss 2.9008, time 1707.28ms, mfu 4.40%
------average encoder activity 1.003
-----------average decoder density 0.4592
step 2300: train loss 3.0763, val loss 3.0688
model:LGT723E iter 2300: loss 3.2546, time 26154.27ms, mfu 3.99%
model:LGT723E iter 2310: loss 3.1010, time 1708.16ms, mfu 4.11%
model:LGT723E iter 2320: loss 3.0210, time 1708.19ms, mfu 4.22%
model:LGT723E iter 2330: loss 2.5811, time 1709.66ms, mfu 4.31%
model:LGT723E iter 2340: loss 3.0113, time 1712.20ms, mfu 4.40%
------average encoder activity 1.018
-----------average decoder density 0.4570
step 2350: train loss 3.0826, val loss 3.0807
model:LGT723E iter 2350: loss 3.1503, time 26172.69ms, mfu 3.99%
model:LGT723E iter 2360: loss 3.2880, time 1710.81ms, mfu 4.11%
model:LGT723E iter 2370: loss 3.1567, time 1711.02ms, mfu 4.22%
model:LGT723E iter 2380: loss 2.7801, time 1712.16ms, mfu 4.31%
model:LGT723E iter 2390: loss 2.8517, time 1712.52ms, mfu 4.40%
------average encoder activity 1.037
-----------average decoder density 0.4510
step 2400: train loss 3.0723, val loss 3.0775
model:LGT723E iter 2400: loss 3.0269, time 26195.94ms, mfu 3.99%
model:LGT723E iter 2410: loss 2.8225, time 1709.29ms, mfu 4.11%
model:LGT723E iter 2420: loss 2.9552, time 1708.81ms, mfu 4.22%
model:LGT723E iter 2430: loss 3.0668, time 1710.82ms, mfu 4.31%
model:LGT723E iter 2440: loss 2.9058, time 1712.64ms, mfu 4.40%
------average encoder activity 1.059
-----------average decoder density 0.4785
step 2450: train loss 3.0438, val loss 3.0400
saving checkpoint to out-novel-char3_LGT723E_3d25ede0cfd080d9e35756b051dcef65
model:LGT723E iter 2450: loss 2.8889, time 27507.67ms, mfu 3.99%
model:LGT723E iter 2460: loss 3.3170, time 1710.94ms, mfu 4.11%
model:LGT723E iter 2470: loss 3.1429, time 1711.34ms, mfu 4.21%
model:LGT723E iter 2480: loss 3.0812, time 1712.67ms, mfu 4.31%
model:LGT723E iter 2490: loss 3.1132, time 1713.01ms, mfu 4.39%
------average encoder activity 1.073
-----------average decoder density 0.4697
step 2500: train loss 3.0485, val loss 3.0540
model:LGT723E iter 2500: loss 3.0746, time 26194.89ms, mfu 3.99%
model:LGT723E iter 2510: loss 3.2586, time 1710.78ms, mfu 4.11%
model:LGT723E iter 2520: loss 2.8524, time 1710.11ms, mfu 4.21%
model:LGT723E iter 2530: loss 3.2269, time 1710.80ms, mfu 4.31%
model:LGT723E iter 2540: loss 3.0071, time 1710.76ms, mfu 4.39%
------average encoder activity 1.087
-----------average decoder density 0.4637
step 2550: train loss 3.0466, val loss 3.0157
saving checkpoint to out-novel-char3_LGT723E_3d25ede0cfd080d9e35756b051dcef65
model:LGT723E iter 2550: loss 3.1241, time 27529.27ms, mfu 3.99%
model:LGT723E iter 2560: loss 2.8734, time 1711.39ms, mfu 4.11%
model:LGT723E iter 2570: loss 3.1380, time 1712.21ms, mfu 4.21%
model:LGT723E iter 2580: loss 3.1904, time 1713.55ms, mfu 4.31%
model:LGT723E iter 2590: loss 2.6835, time 1710.80ms, mfu 4.39%
------average encoder activity 1.100
-----------average decoder density 0.4798
step 2600: train loss 3.0361, val loss 3.0394
model:LGT723E iter 2600: loss 2.8103, time 26228.63ms, mfu 3.99%
model:LGT723E iter 2610: loss 3.1818, time 1711.25ms, mfu 4.11%
model:LGT723E iter 2620: loss 2.7680, time 1710.42ms, mfu 4.21%
model:LGT723E iter 2630: loss 3.3813, time 1711.23ms, mfu 4.31%
model:LGT723E iter 2640: loss 3.3298, time 1712.21ms, mfu 4.39%
------average encoder activity 1.115
-----------average decoder density 0.4660
step 2650: train loss 3.0330, val loss 3.0300
model:LGT723E iter 2650: loss 3.0411, time 26189.44ms, mfu 3.99%
model:LGT723E iter 2660: loss 3.0619, time 1711.70ms, mfu 4.11%
model:LGT723E iter 2670: loss 2.8248, time 1710.99ms, mfu 4.21%
model:LGT723E iter 2680: loss 3.1762, time 1711.71ms, mfu 4.31%
model:LGT723E iter 2690: loss 3.0698, time 1710.60ms, mfu 4.39%
------average encoder activity 1.130
-----------average decoder density 0.4903
step 2700: train loss 3.0238, val loss 3.0119
saving checkpoint to out-novel-char3_LGT723E_3d25ede0cfd080d9e35756b051dcef65
model:LGT723E iter 2700: loss 3.1935, time 27472.50ms, mfu 3.99%
model:LGT723E iter 2710: loss 2.6222, time 1708.87ms, mfu 4.11%
model:LGT723E iter 2720: loss 2.9850, time 1713.24ms, mfu 4.21%
model:LGT723E iter 2730: loss 2.8540, time 1709.26ms, mfu 4.31%
model:LGT723E iter 2740: loss 2.8689, time 1713.25ms, mfu 4.39%
------average encoder activity 1.147
-----------average decoder density 0.4848
step 2750: train loss 3.0404, val loss 2.9961
saving checkpoint to out-novel-char3_LGT723E_3d25ede0cfd080d9e35756b051dcef65
model:LGT723E iter 2750: loss 2.9317, time 27521.45ms, mfu 3.99%
model:LGT723E iter 2760: loss 3.0894, time 1711.15ms, mfu 4.10%
model:LGT723E iter 2770: loss 2.9992, time 1710.43ms, mfu 4.21%
model:LGT723E iter 2780: loss 2.9495, time 1710.68ms, mfu 4.31%
model:LGT723E iter 2790: loss 2.9548, time 1710.37ms, mfu 4.39%
------average encoder activity 1.169
-----------average decoder density 0.4786
step 2800: train loss 3.0099, val loss 2.9845
saving checkpoint to out-novel-char3_LGT723E_3d25ede0cfd080d9e35756b051dcef65
model:LGT723E iter 2800: loss 2.9209, time 27496.14ms, mfu 3.99%
model:LGT723E iter 2810: loss 2.8804, time 1710.05ms, mfu 4.10%
model:LGT723E iter 2820: loss 3.1856, time 1710.09ms, mfu 4.21%
model:LGT723E iter 2830: loss 2.9738, time 1710.76ms, mfu 4.31%
model:LGT723E iter 2840: loss 3.0104, time 1711.37ms, mfu 4.39%
------average encoder activity 1.190
-----------average decoder density 0.4733
step 2850: train loss 2.9821, val loss 3.0106
model:LGT723E iter 2850: loss 2.9108, time 26172.70ms, mfu 3.99%
model:LGT723E iter 2860: loss 3.3413, time 1711.45ms, mfu 4.11%
model:LGT723E iter 2870: loss 2.6220, time 1712.04ms, mfu 4.21%
model:LGT723E iter 2880: loss 3.1911, time 1707.61ms, mfu 4.31%
model:LGT723E iter 2890: loss 3.1983, time 1707.88ms, mfu 4.40%
------average encoder activity 1.215
-----------average decoder density 0.4855
step 2900: train loss 2.9880, val loss 2.9902
model:LGT723E iter 2900: loss 3.0935, time 26181.46ms, mfu 3.99%
model:LGT723E iter 2910: loss 3.5661, time 1707.99ms, mfu 4.11%
model:LGT723E iter 2920: loss 3.0438, time 1709.50ms, mfu 4.22%
model:LGT723E iter 2930: loss 2.5909, time 1708.12ms, mfu 4.31%
model:LGT723E iter 2940: loss 2.9884, time 1710.53ms, mfu 4.40%
------average encoder activity 1.216
-----------average decoder density 0.5053
step 2950: train loss 3.0005, val loss 3.0131
model:LGT723E iter 2950: loss 3.1540, time 26212.97ms, mfu 3.99%
model:LGT723E iter 2960: loss 3.1038, time 1710.72ms, mfu 4.11%
model:LGT723E iter 2970: loss 3.0484, time 1711.93ms, mfu 4.22%
model:LGT723E iter 2980: loss 2.7148, time 1712.73ms, mfu 4.31%
model:LGT723E iter 2990: loss 2.6271, time 1713.33ms, mfu 4.40%
------average encoder activity 1.230
-----------average decoder density 0.4934
step 3000: train loss 2.9818, val loss 2.9757
saving checkpoint to out-novel-char3_LGT723E_3d25ede0cfd080d9e35756b051dcef65
model:LGT723E iter 3000: loss 3.0877, time 27567.39ms, mfu 3.99%
model:LGT723E iter 3010: loss 2.6316, time 1712.84ms, mfu 4.11%
model:LGT723E iter 3020: loss 2.9831, time 1711.54ms, mfu 4.21%
model:LGT723E iter 3030: loss 3.1910, time 1708.27ms, mfu 4.31%
model:LGT723E iter 3040: loss 3.1254, time 1708.84ms, mfu 4.39%
------average encoder activity 1.252
-----------average decoder density 0.4798
step 3050: train loss 2.9808, val loss 2.9595
saving checkpoint to out-novel-char3_LGT723E_3d25ede0cfd080d9e35756b051dcef65
model:LGT723E iter 3050: loss 3.2200, time 27543.59ms, mfu 3.99%
model:LGT723E iter 3060: loss 2.7970, time 1711.07ms, mfu 4.11%
model:LGT723E iter 3070: loss 2.8705, time 1710.16ms, mfu 4.21%
model:LGT723E iter 3080: loss 2.7343, time 1713.05ms, mfu 4.31%
model:LGT723E iter 3090: loss 3.0017, time 1710.89ms, mfu 4.39%
------average encoder activity 1.271
-----------average decoder density 0.4903
step 3100: train loss 2.9562, val loss 2.9613
model:LGT723E iter 3100: loss 2.8306, time 26194.87ms, mfu 3.99%
model:LGT723E iter 3110: loss 3.0342, time 1707.43ms, mfu 4.11%
model:LGT723E iter 3120: loss 2.6780, time 1707.93ms, mfu 4.21%
model:LGT723E iter 3130: loss 2.8104, time 1710.34ms, mfu 4.31%
model:LGT723E iter 3140: loss 3.0667, time 1708.24ms, mfu 4.40%
------average encoder activity 1.287
-----------average decoder density 0.5112
step 3150: train loss 2.9819, val loss 2.9828
model:LGT723E iter 3150: loss 3.0404, time 26177.13ms, mfu 3.99%
model:LGT723E iter 3160: loss 2.9682, time 1708.56ms, mfu 4.11%
model:LGT723E iter 3170: loss 2.9302, time 1708.78ms, mfu 4.22%
model:LGT723E iter 3180: loss 3.1739, time 1708.49ms, mfu 4.31%
model:LGT723E iter 3190: loss 3.0141, time 1709.09ms, mfu 4.40%
------average encoder activity 1.300
-----------average decoder density 0.4971
step 3200: train loss 2.9733, val loss 2.9668
model:LGT723E iter 3200: loss 2.6515, time 26173.70ms, mfu 3.99%
model:LGT723E iter 3210: loss 2.6424, time 1708.58ms, mfu 4.11%
model:LGT723E iter 3220: loss 3.0871, time 1708.37ms, mfu 4.22%
model:LGT723E iter 3230: loss 2.9667, time 1707.67ms, mfu 4.31%
model:LGT723E iter 3240: loss 3.3507, time 1710.87ms, mfu 4.40%
------average encoder activity 1.315
-----------average decoder density 0.4891
step 3250: train loss 2.9695, val loss 2.9524
saving checkpoint to out-novel-char3_LGT723E_3d25ede0cfd080d9e35756b051dcef65
model:LGT723E iter 3250: loss 2.9820, time 27531.61ms, mfu 3.99%
model:LGT723E iter 3260: loss 2.9626, time 1710.32ms, mfu 4.11%
model:LGT723E iter 3270: loss 2.8288, time 1711.40ms, mfu 4.22%
model:LGT723E iter 3280: loss 2.7798, time 1711.48ms, mfu 4.31%
model:LGT723E iter 3290: loss 2.8288, time 1711.56ms, mfu 4.40%
------average encoder activity 1.333
-----------average decoder density 0.4940
step 3300: train loss 2.9478, val loss 2.9421
saving checkpoint to out-novel-char3_LGT723E_3d25ede0cfd080d9e35756b051dcef65
model:LGT723E iter 3300: loss 3.3297, time 27426.90ms, mfu 3.99%
model:LGT723E iter 3310: loss 2.9713, time 1715.42ms, mfu 4.11%
model:LGT723E iter 3320: loss 2.9171, time 1710.75ms, mfu 4.21%
model:LGT723E iter 3330: loss 2.8643, time 1712.09ms, mfu 4.31%
model:LGT723E iter 3340: loss 2.6785, time 1710.49ms, mfu 4.39%
------average encoder activity 1.347
-----------average decoder density 0.5337
step 3350: train loss 2.9613, val loss 2.9471
model:LGT723E iter 3350: loss 2.9402, time 26169.31ms, mfu 3.99%
model:LGT723E iter 3360: loss 2.7038, time 1711.79ms, mfu 4.11%
model:LGT723E iter 3370: loss 3.0340, time 1710.84ms, mfu 4.21%
model:LGT723E iter 3380: loss 2.6112, time 1711.03ms, mfu 4.31%
model:LGT723E iter 3390: loss 2.8321, time 1711.10ms, mfu 4.39%
------average encoder activity 1.364
-----------average decoder density 0.5063
step 3400: train loss 2.9421, val loss 2.9431
model:LGT723E iter 3400: loss 2.9241, time 26205.54ms, mfu 3.99%
model:LGT723E iter 3410: loss 2.9130, time 1709.22ms, mfu 4.11%
model:LGT723E iter 3420: loss 3.1151, time 1710.56ms, mfu 4.21%
model:LGT723E iter 3430: loss 2.9852, time 1710.43ms, mfu 4.31%
model:LGT723E iter 3440: loss 3.0440, time 1710.43ms, mfu 4.40%
------average encoder activity 1.375
-----------average decoder density 0.5083
step 3450: train loss 2.9388, val loss 2.9236
saving checkpoint to out-novel-char3_LGT723E_3d25ede0cfd080d9e35756b051dcef65
model:LGT723E iter 3450: loss 3.0869, time 27525.31ms, mfu 3.99%
model:LGT723E iter 3460: loss 2.9758, time 1710.98ms, mfu 4.11%
model:LGT723E iter 3470: loss 2.8705, time 1710.34ms, mfu 4.21%
model:LGT723E iter 3480: loss 2.8944, time 1710.13ms, mfu 4.31%
model:LGT723E iter 3490: loss 3.0957, time 1711.23ms, mfu 4.39%
------average encoder activity 1.397
-----------average decoder density 0.4906
step 3500: train loss 2.9211, val loss 2.9191
saving checkpoint to out-novel-char3_LGT723E_3d25ede0cfd080d9e35756b051dcef65
model:LGT723E iter 3500: loss 2.7761, time 27509.81ms, mfu 3.99%
model:LGT723E iter 3510: loss 2.8215, time 1710.74ms, mfu 4.11%
model:LGT723E iter 3520: loss 2.8122, time 1716.00ms, mfu 4.21%
model:LGT723E iter 3530: loss 2.7729, time 1711.41ms, mfu 4.31%
model:LGT723E iter 3540: loss 2.7815, time 1710.43ms, mfu 4.39%
------average encoder activity 1.408
-----------average decoder density 0.4925
step 3550: train loss 2.9280, val loss 2.9257
model:LGT723E iter 3550: loss 3.1247, time 26235.48ms, mfu 3.99%
model:LGT723E iter 3560: loss 3.1044, time 1713.07ms, mfu 4.10%
model:LGT723E iter 3570: loss 2.3817, time 1711.20ms, mfu 4.21%
model:LGT723E iter 3580: loss 3.0017, time 1709.31ms, mfu 4.31%
model:LGT723E iter 3590: loss 2.7901, time 1708.77ms, mfu 4.39%
------average encoder activity 1.421
-----------average decoder density 0.5194
step 3600: train loss 2.9139, val loss 2.9338
model:LGT723E iter 3600: loss 3.1679, time 26246.51ms, mfu 3.99%
model:LGT723E iter 3610: loss 2.7495, time 1713.14ms, mfu 4.11%
model:LGT723E iter 3620: loss 2.9022, time 1712.48ms, mfu 4.21%
model:LGT723E iter 3630: loss 2.4336, time 1716.26ms, mfu 4.31%
model:LGT723E iter 3640: loss 2.9432, time 1716.38ms, mfu 4.39%
------average encoder activity 1.436
-----------average decoder density 0.5175
step 3650: train loss 2.9306, val loss 2.9186
saving checkpoint to out-novel-char3_LGT723E_3d25ede0cfd080d9e35756b051dcef65
model:LGT723E iter 3650: loss 2.7740, time 27545.96ms, mfu 3.98%
model:LGT723E iter 3660: loss 3.1335, time 1708.26ms, mfu 4.10%
model:LGT723E iter 3670: loss 3.0380, time 1708.91ms, mfu 4.21%
model:LGT723E iter 3680: loss 2.9846, time 1709.22ms, mfu 4.31%
model:LGT723E iter 3690: loss 2.8217, time 1713.26ms, mfu 4.39%
------average encoder activity 1.446
-----------average decoder density 0.5367
step 3700: train loss 2.9356, val loss 2.9293
model:LGT723E iter 3700: loss 3.2493, time 26256.88ms, mfu 3.99%
model:LGT723E iter 3710: loss 2.9493, time 1711.99ms, mfu 4.10%
model:LGT723E iter 3720: loss 3.0117, time 1709.96ms, mfu 4.21%
model:LGT723E iter 3730: loss 2.9167, time 1719.31ms, mfu 4.30%
model:LGT723E iter 3740: loss 2.4480, time 1707.32ms, mfu 4.39%
------average encoder activity 1.453
-----------average decoder density 0.5176
step 3750: train loss 2.9037, val loss 2.9389
model:LGT723E iter 3750: loss 3.0881, time 26202.74ms, mfu 3.99%
model:LGT723E iter 3760: loss 2.8759, time 1710.48ms, mfu 4.11%
model:LGT723E iter 3770: loss 2.8331, time 1713.61ms, mfu 4.21%
model:LGT723E iter 3780: loss 3.0017, time 1711.08ms, mfu 4.31%
model:LGT723E iter 3790: loss 2.7468, time 1710.37ms, mfu 4.39%
------average encoder activity 1.463
-----------average decoder density 0.5318
step 3800: train loss 2.9103, val loss 2.8910
saving checkpoint to out-novel-char3_LGT723E_3d25ede0cfd080d9e35756b051dcef65
model:LGT723E iter 3800: loss 3.0119, time 27572.15ms, mfu 3.99%
model:LGT723E iter 3810: loss 2.6975, time 1714.74ms, mfu 4.10%
model:LGT723E iter 3820: loss 3.0887, time 1712.37ms, mfu 4.21%
model:LGT723E iter 3830: loss 2.7369, time 1712.75ms, mfu 4.30%
model:LGT723E iter 3840: loss 2.9210, time 1711.58ms, mfu 4.39%
------average encoder activity 1.471
-----------average decoder density 0.5181
step 3850: train loss 2.8981, val loss 2.9152
model:LGT723E iter 3850: loss 2.7691, time 26237.20ms, mfu 3.99%
model:LGT723E iter 3860: loss 3.1311, time 1711.98ms, mfu 4.10%
model:LGT723E iter 3870: loss 3.1011, time 1711.10ms, mfu 4.21%
model:LGT723E iter 3880: loss 3.0988, time 1713.02ms, mfu 4.31%
model:LGT723E iter 3890: loss 2.8230, time 1711.39ms, mfu 4.39%
------average encoder activity 1.483
-----------average decoder density 0.5304
step 3900: train loss 2.8913, val loss 2.8977
model:LGT723E iter 3900: loss 2.9497, time 26227.68ms, mfu 3.99%
model:LGT723E iter 3910: loss 2.8940, time 1706.64ms, mfu 4.11%
model:LGT723E iter 3920: loss 3.1261, time 1712.36ms, mfu 4.21%
model:LGT723E iter 3930: loss 2.9342, time 1707.77ms, mfu 4.31%
model:LGT723E iter 3940: loss 2.4176, time 1707.76ms, mfu 4.40%
------average encoder activity 1.494
-----------average decoder density 0.5096
step 3950: train loss 2.8848, val loss 2.9169
model:LGT723E iter 3950: loss 3.1483, time 26215.69ms, mfu 3.99%
model:LGT723E iter 3960: loss 3.0089, time 1715.96ms, mfu 4.11%
model:LGT723E iter 3970: loss 2.6456, time 1711.13ms, mfu 4.21%
model:LGT723E iter 3980: loss 2.7522, time 1712.01ms, mfu 4.31%
model:LGT723E iter 3990: loss 3.2716, time 1710.95ms, mfu 4.39%
------average encoder activity 1.504
-----------average decoder density 0.5119
step 4000: train loss 2.8971, val loss 2.9249
model:LGT723E iter 4000: loss 2.7348, time 26210.50ms, mfu 3.99%
model:LGT723E iter 4010: loss 3.0353, time 1709.67ms, mfu 4.11%
model:LGT723E iter 4020: loss 2.9569, time 1708.59ms, mfu 4.21%
model:LGT723E iter 4030: loss 2.7762, time 1708.42ms, mfu 4.31%
model:LGT723E iter 4040: loss 2.6290, time 1708.15ms, mfu 4.40%
------average encoder activity 1.522
-----------average decoder density 0.5404
step 4050: train loss 2.8941, val loss 2.8692
saving checkpoint to out-novel-char3_LGT723E_3d25ede0cfd080d9e35756b051dcef65
model:LGT723E iter 4050: loss 3.0993, time 27540.47ms, mfu 3.99%
model:LGT723E iter 4060: loss 3.0192, time 1710.26ms, mfu 4.11%
model:LGT723E iter 4070: loss 3.1036, time 1709.72ms, mfu 4.21%
model:LGT723E iter 4080: loss 2.8479, time 1708.57ms, mfu 4.31%
model:LGT723E iter 4090: loss 2.8358, time 1708.96ms, mfu 4.40%
------average encoder activity 1.533
-----------average decoder density 0.5233
step 4100: train loss 2.8540, val loss 2.8768
model:LGT723E iter 4100: loss 3.0267, time 26164.93ms, mfu 3.99%
model:LGT723E iter 4110: loss 2.7671, time 1707.89ms, mfu 4.11%
model:LGT723E iter 4120: loss 2.8018, time 1707.66ms, mfu 4.22%
model:LGT723E iter 4130: loss 2.7823, time 1707.53ms, mfu 4.31%
model:LGT723E iter 4140: loss 2.9198, time 1707.93ms, mfu 4.40%
------average encoder activity 1.539
-----------average decoder density 0.5257
step 4150: train loss 2.8577, val loss 2.8621
saving checkpoint to out-novel-char3_LGT723E_3d25ede0cfd080d9e35756b051dcef65
model:LGT723E iter 4150: loss 2.7347, time 27514.29ms, mfu 3.99%
model:LGT723E iter 4160: loss 3.1404, time 1711.54ms, mfu 4.11%
model:LGT723E iter 4170: loss 3.0036, time 1711.53ms, mfu 4.22%
model:LGT723E iter 4180: loss 2.8136, time 1715.10ms, mfu 4.31%
model:LGT723E iter 4190: loss 2.2513, time 1714.46ms, mfu 4.39%
------average encoder activity 1.548
-----------average decoder density 0.5263
step 4200: train loss 2.8437, val loss 2.8667
model:LGT723E iter 4200: loss 2.5804, time 26232.68ms, mfu 3.99%
model:LGT723E iter 4210: loss 2.8270, time 1710.75ms, mfu 4.11%
model:LGT723E iter 4220: loss 2.9699, time 1711.76ms, mfu 4.21%
model:LGT723E iter 4230: loss 2.7132, time 1717.60ms, mfu 4.31%
model:LGT723E iter 4240: loss 2.9139, time 1716.58ms, mfu 4.39%
------average encoder activity 1.553
-----------average decoder density 0.5259
step 4250: train loss 2.8513, val loss 2.8616
saving checkpoint to out-novel-char3_LGT723E_3d25ede0cfd080d9e35756b051dcef65
model:LGT723E iter 4250: loss 2.8873, time 27570.51ms, mfu 3.98%
model:LGT723E iter 4260: loss 3.1275, time 1717.83ms, mfu 4.10%
model:LGT723E iter 4270: loss 2.8832, time 1712.96ms, mfu 4.21%
model:LGT723E iter 4280: loss 3.1225, time 1716.91ms, mfu 4.30%
model:LGT723E iter 4290: loss 2.6417, time 1710.18ms, mfu 4.39%
------average encoder activity 1.561
-----------average decoder density 0.5484
step 4300: train loss 2.8457, val loss 2.8666
model:LGT723E iter 4300: loss 2.7502, time 26204.50ms, mfu 3.98%
model:LGT723E iter 4310: loss 2.9632, time 1708.35ms, mfu 4.10%
model:LGT723E iter 4320: loss 2.8049, time 1708.37ms, mfu 4.21%
model:LGT723E iter 4330: loss 2.8870, time 1714.82ms, mfu 4.30%
model:LGT723E iter 4340: loss 2.8503, time 1711.28ms, mfu 4.39%
------average encoder activity 1.569
-----------average decoder density 0.5394
step 4350: train loss 2.8606, val loss 2.8642
model:LGT723E iter 4350: loss 3.1344, time 26167.99ms, mfu 3.99%
model:LGT723E iter 4360: loss 2.5973, time 1707.98ms, mfu 4.11%
model:LGT723E iter 4370: loss 2.9673, time 1708.87ms, mfu 4.21%
model:LGT723E iter 4380: loss 2.7279, time 1708.67ms, mfu 4.31%
model:LGT723E iter 4390: loss 3.0578, time 1708.70ms, mfu 4.40%
------average encoder activity 1.579
-----------average decoder density 0.5193
step 4400: train loss 2.8449, val loss 2.8684
model:LGT723E iter 4400: loss 2.9459, time 26192.01ms, mfu 3.99%
model:LGT723E iter 4410: loss 2.9374, time 1708.20ms, mfu 4.11%
model:LGT723E iter 4420: loss 2.9699, time 1708.90ms, mfu 4.22%
model:LGT723E iter 4430: loss 3.0113, time 1709.31ms, mfu 4.31%
model:LGT723E iter 4440: loss 2.8182, time 1708.97ms, mfu 4.40%
------average encoder activity 1.587
-----------average decoder density 0.5328
step 4450: train loss 2.8099, val loss 2.8454
saving checkpoint to out-novel-char3_LGT723E_3d25ede0cfd080d9e35756b051dcef65
model:LGT723E iter 4450: loss 2.3504, time 27589.80ms, mfu 3.99%
model:LGT723E iter 4460: loss 3.1667, time 1708.19ms, mfu 4.11%
model:LGT723E iter 4470: loss 2.4872, time 1709.83ms, mfu 4.22%
model:LGT723E iter 4480: loss 2.8040, time 1707.68ms, mfu 4.31%
model:LGT723E iter 4490: loss 2.9716, time 1709.06ms, mfu 4.40%
------average encoder activity 1.595
-----------average decoder density 0.5217
step 4500: train loss 2.8346, val loss 2.8442
saving checkpoint to out-novel-char3_LGT723E_3d25ede0cfd080d9e35756b051dcef65
model:LGT723E iter 4500: loss 3.1123, time 27535.95ms, mfu 3.99%
model:LGT723E iter 4510: loss 2.6734, time 1708.83ms, mfu 4.11%
model:LGT723E iter 4520: loss 3.1156, time 1709.00ms, mfu 4.22%
model:LGT723E iter 4530: loss 3.0229, time 1709.70ms, mfu 4.31%
model:LGT723E iter 4540: loss 2.9367, time 1709.96ms, mfu 4.40%
------average encoder activity 1.604
-----------average decoder density 0.5193
step 4550: train loss 2.8247, val loss 2.8266
saving checkpoint to out-novel-char3_LGT723E_3d25ede0cfd080d9e35756b051dcef65
model:LGT723E iter 4550: loss 2.6251, time 27537.98ms, mfu 3.99%
model:LGT723E iter 4560: loss 2.6833, time 1710.46ms, mfu 4.11%
model:LGT723E iter 4570: loss 2.9413, time 1715.39ms, mfu 4.21%
model:LGT723E iter 4580: loss 2.7475, time 1712.29ms, mfu 4.31%
model:LGT723E iter 4590: loss 2.6413, time 1712.20ms, mfu 4.39%
------average encoder activity 1.607
-----------average decoder density 0.5102
step 4600: train loss 2.8404, val loss 2.8709
model:LGT723E iter 4600: loss 2.5304, time 26256.66ms, mfu 3.99%
model:LGT723E iter 4610: loss 2.7440, time 1711.14ms, mfu 4.11%
model:LGT723E iter 4620: loss 2.8717, time 1727.19ms, mfu 4.21%
model:LGT723E iter 4630: loss 2.9188, time 1712.47ms, mfu 4.30%
model:LGT723E iter 4640: loss 2.6797, time 1710.62ms, mfu 4.39%
------average encoder activity 1.618
-----------average decoder density 0.5399
step 4650: train loss 2.8069, val loss 2.8448
model:LGT723E iter 4650: loss 2.7709, time 26185.26ms, mfu 3.98%
model:LGT723E iter 4660: loss 2.9160, time 1710.57ms, mfu 4.10%
model:LGT723E iter 4670: loss 2.8889, time 1711.89ms, mfu 4.21%
model:LGT723E iter 4680: loss 2.7922, time 1711.43ms, mfu 4.31%
model:LGT723E iter 4690: loss 2.9703, time 1712.68ms, mfu 4.39%
------average encoder activity 1.625
-----------average decoder density 0.5428
step 4700: train loss 2.8175, val loss 2.8147
saving checkpoint to out-novel-char3_LGT723E_3d25ede0cfd080d9e35756b051dcef65
model:LGT723E iter 4700: loss 2.5505, time 27553.15ms, mfu 3.98%
model:LGT723E iter 4710: loss 2.7415, time 1707.79ms, mfu 4.10%
model:LGT723E iter 4720: loss 2.6068, time 1707.89ms, mfu 4.21%
model:LGT723E iter 4730: loss 2.3172, time 1712.78ms, mfu 4.31%
model:LGT723E iter 4740: loss 3.1854, time 1711.33ms, mfu 4.39%
------average encoder activity 1.630
-----------average decoder density 0.5238
step 4750: train loss 2.8340, val loss 2.8221
model:LGT723E iter 4750: loss 2.7028, time 26220.82ms, mfu 3.99%
model:LGT723E iter 4760: loss 2.5338, time 1708.05ms, mfu 4.11%
model:LGT723E iter 4770: loss 2.6291, time 1707.89ms, mfu 4.21%
model:LGT723E iter 4780: loss 2.7464, time 1711.12ms, mfu 4.31%
model:LGT723E iter 4790: loss 2.8063, time 1708.63ms, mfu 4.40%
------average encoder activity 1.640
-----------average decoder density 0.5257
step 4800: train loss 2.8195, val loss 2.8080
saving checkpoint to out-novel-char3_LGT723E_3d25ede0cfd080d9e35756b051dcef65
model:LGT723E iter 4800: loss 2.7543, time 27563.78ms, mfu 3.99%
model:LGT723E iter 4810: loss 2.7460, time 1710.43ms, mfu 4.11%
model:LGT723E iter 4820: loss 3.1141, time 1709.92ms, mfu 4.21%
model:LGT723E iter 4830: loss 2.7864, time 1709.58ms, mfu 4.31%
model:LGT723E iter 4840: loss 2.8983, time 1715.53ms, mfu 4.39%
------average encoder activity 1.649
-----------average decoder density 0.5500
step 4850: train loss 2.7772, val loss 2.8251
model:LGT723E iter 4850: loss 3.0725, time 26193.19ms, mfu 3.99%
model:LGT723E iter 4860: loss 2.9976, time 1710.83ms, mfu 4.11%
model:LGT723E iter 4870: loss 2.6040, time 1710.59ms, mfu 4.21%
model:LGT723E iter 4880: loss 2.9755, time 1711.43ms, mfu 4.31%
model:LGT723E iter 4890: loss 2.3929, time 1713.32ms, mfu 4.39%
------average encoder activity 1.653
-----------average decoder density 0.5465
step 4900: train loss 2.7830, val loss 2.8030
saving checkpoint to out-novel-char3_LGT723E_3d25ede0cfd080d9e35756b051dcef65
model:LGT723E iter 4900: loss 2.8656, time 27430.32ms, mfu 3.99%
model:LGT723E iter 4910: loss 2.8827, time 1712.33ms, mfu 4.10%
model:LGT723E iter 4920: loss 2.7865, time 1715.17ms, mfu 4.21%
model:LGT723E iter 4930: loss 2.7548, time 1749.60ms, mfu 4.29%
model:LGT723E iter 4940: loss 2.6418, time 1712.78ms, mfu 4.38%
------average encoder activity 1.663
-----------average decoder density 0.5609
step 4950: train loss 2.7950, val loss 2.8180
model:LGT723E iter 4950: loss 2.8376, time 26274.26ms, mfu 3.98%
model:LGT723E iter 4960: loss 2.9905, time 1710.69ms, mfu 4.10%
model:LGT723E iter 4970: loss 2.9139, time 1711.10ms, mfu 4.20%
model:LGT723E iter 4980: loss 2.6702, time 1708.40ms, mfu 4.30%
model:LGT723E iter 4990: loss 2.8559, time 1708.05ms, mfu 4.39%
------average encoder activity 1.671
-----------average decoder density 0.5402
step 5000: train loss 2.7667, val loss 2.8248
model:LGT723E iter 5000: loss 2.8902, time 26173.77ms, mfu 3.98%
model:LGT723E iter 5010: loss 2.6560, time 1716.68ms, mfu 4.10%
model:LGT723E iter 5020: loss 2.7831, time 1718.14ms, mfu 4.21%
model:LGT723E iter 5030: loss 2.9247, time 1714.17ms, mfu 4.30%
model:LGT723E iter 5040: loss 2.6684, time 1711.97ms, mfu 4.39%
------average encoder activity 1.678
-----------average decoder density 0.5194
step 5050: train loss 2.8006, val loss 2.7936
saving checkpoint to out-novel-char3_LGT723E_3d25ede0cfd080d9e35756b051dcef65
model:LGT723E iter 5050: loss 3.0977, time 27546.21ms, mfu 3.98%
model:LGT723E iter 5060: loss 2.7402, time 1709.41ms, mfu 4.10%
model:LGT723E iter 5070: loss 2.9997, time 1708.93ms, mfu 4.21%
model:LGT723E iter 5080: loss 2.9642, time 1708.38ms, mfu 4.30%
model:LGT723E iter 5090: loss 2.5764, time 1711.18ms, mfu 4.39%
------average encoder activity 1.684
-----------average decoder density 0.5488
step 5100: train loss 2.7949, val loss 2.8180
model:LGT723E iter 5100: loss 3.0965, time 26189.60ms, mfu 3.99%
model:LGT723E iter 5110: loss 2.9863, time 1711.20ms, mfu 4.10%
model:LGT723E iter 5120: loss 2.6874, time 1711.28ms, mfu 4.21%
model:LGT723E iter 5130: loss 2.8148, time 1708.99ms, mfu 4.31%
model:LGT723E iter 5140: loss 2.6775, time 1708.37ms, mfu 4.39%
------average encoder activity 1.691
-----------average decoder density 0.5343
step 5150: train loss 2.7862, val loss 2.7721
saving checkpoint to out-novel-char3_LGT723E_3d25ede0cfd080d9e35756b051dcef65
model:LGT723E iter 5150: loss 2.7053, time 27554.97ms, mfu 3.99%
model:LGT723E iter 5160: loss 2.8700, time 1710.24ms, mfu 4.11%
model:LGT723E iter 5170: loss 2.3363, time 1712.53ms, mfu 4.21%
model:LGT723E iter 5180: loss 2.6653, time 1710.66ms, mfu 4.31%
model:LGT723E iter 5190: loss 3.0214, time 1710.92ms, mfu 4.39%
------average encoder activity 1.700
-----------average decoder density 0.5730
step 5200: train loss 2.7198, val loss 2.7890
model:LGT723E iter 5200: loss 3.0215, time 26189.06ms, mfu 3.99%
model:LGT723E iter 5210: loss 2.4900, time 1713.44ms, mfu 4.11%
model:LGT723E iter 5220: loss 2.7151, time 1714.34ms, mfu 4.21%
model:LGT723E iter 5230: loss 2.6288, time 1711.70ms, mfu 4.31%
model:LGT723E iter 5240: loss 2.9771, time 1713.60ms, mfu 4.39%
------average encoder activity 1.703
-----------average decoder density 0.5397
step 5250: train loss 2.7813, val loss 2.8065
model:LGT723E iter 5250: loss 2.4728, time 26210.05ms, mfu 3.99%
model:LGT723E iter 5260: loss 2.9345, time 1711.40ms, mfu 4.10%
model:LGT723E iter 5270: loss 2.9610, time 1711.10ms, mfu 4.21%
model:LGT723E iter 5280: loss 2.8231, time 1712.99ms, mfu 4.31%
model:LGT723E iter 5290: loss 2.5974, time 1708.96ms, mfu 4.39%
------average encoder activity 1.706
-----------average decoder density 0.5198
step 5300: train loss 2.7617, val loss 2.7889
model:LGT723E iter 5300: loss 2.7499, time 26250.33ms, mfu 3.99%
model:LGT723E iter 5310: loss 2.6374, time 1709.01ms, mfu 4.11%
model:LGT723E iter 5320: loss 2.7832, time 1709.44ms, mfu 4.21%
model:LGT723E iter 5330: loss 2.9065, time 1708.64ms, mfu 4.31%
model:LGT723E iter 5340: loss 2.6931, time 1708.48ms, mfu 4.40%
------average encoder activity 1.709
-----------average decoder density 0.5436
step 5350: train loss 2.7493, val loss 2.7804
model:LGT723E iter 5350: loss 2.7700, time 26180.80ms, mfu 3.99%
model:LGT723E iter 5360: loss 2.3897, time 1714.65ms, mfu 4.11%
model:LGT723E iter 5370: loss 2.6439, time 1708.54ms, mfu 4.21%
model:LGT723E iter 5380: loss 2.2887, time 1708.40ms, mfu 4.31%
model:LGT723E iter 5390: loss 2.8523, time 1708.25ms, mfu 4.40%
------average encoder activity 1.715
-----------average decoder density 0.5578
step 5400: train loss 2.7850, val loss 2.8028
model:LGT723E iter 5400: loss 3.0174, time 26241.83ms, mfu 3.99%
model:LGT723E iter 5410: loss 2.6202, time 1707.96ms, mfu 4.11%
model:LGT723E iter 5420: loss 2.4225, time 1709.49ms, mfu 4.22%
model:LGT723E iter 5430: loss 2.7324, time 1709.97ms, mfu 4.31%
model:LGT723E iter 5440: loss 2.3112, time 1707.87ms, mfu 4.40%
------average encoder activity 1.717
-----------average decoder density 0.5897
step 5450: train loss 2.7560, val loss 2.7933
model:LGT723E iter 5450: loss 2.8612, time 26169.03ms, mfu 3.99%
model:LGT723E iter 5460: loss 2.8711, time 1708.73ms, mfu 4.11%
model:LGT723E iter 5470: loss 2.9054, time 1708.00ms, mfu 4.22%
model:LGT723E iter 5480: loss 2.5677, time 1710.88ms, mfu 4.31%
model:LGT723E iter 5490: loss 2.4478, time 1708.51ms, mfu 4.40%
------average encoder activity 1.722
-----------average decoder density 0.5589
step 5500: train loss 2.7536, val loss 2.7702
saving checkpoint to out-novel-char3_LGT723E_3d25ede0cfd080d9e35756b051dcef65
model:LGT723E iter 5500: loss 2.4446, time 27570.03ms, mfu 3.99%
model:LGT723E iter 5510: loss 2.8080, time 1707.60ms, mfu 4.11%
model:LGT723E iter 5520: loss 2.8034, time 1707.27ms, mfu 4.22%
model:LGT723E iter 5530: loss 2.8354, time 1708.35ms, mfu 4.31%
model:LGT723E iter 5540: loss 2.9582, time 1709.87ms, mfu 4.40%
------average encoder activity 1.726
-----------average decoder density 0.5334
step 5550: train loss 2.7634, val loss 2.7525
saving checkpoint to out-novel-char3_LGT723E_3d25ede0cfd080d9e35756b051dcef65
model:LGT723E iter 5550: loss 2.6690, time 27519.75ms, mfu 3.99%
model:LGT723E iter 5560: loss 2.5889, time 1707.83ms, mfu 4.11%
model:LGT723E iter 5570: loss 2.9975, time 1708.65ms, mfu 4.22%
model:LGT723E iter 5580: loss 2.8856, time 1708.46ms, mfu 4.31%
model:LGT723E iter 5590: loss 2.9405, time 1707.91ms, mfu 4.40%
------average encoder activity 1.731
-----------average decoder density 0.5559
step 5600: train loss 2.7448, val loss 2.7788
model:LGT723E iter 5600: loss 2.7599, time 26273.25ms, mfu 3.99%
model:LGT723E iter 5610: loss 2.9292, time 1710.13ms, mfu 4.11%
model:LGT723E iter 5620: loss 2.7880, time 1708.08ms, mfu 4.22%
model:LGT723E iter 5630: loss 2.9890, time 1707.85ms, mfu 4.31%
model:LGT723E iter 5640: loss 2.2295, time 1708.09ms, mfu 4.40%
------average encoder activity 1.739
-----------average decoder density 0.5310
step 5650: train loss 2.7636, val loss 2.7669
model:LGT723E iter 5650: loss 3.0208, time 26186.46ms, mfu 3.99%
model:LGT723E iter 5660: loss 2.8666, time 1712.58ms, mfu 4.11%
model:LGT723E iter 5670: loss 2.6829, time 1710.57ms, mfu 4.22%
model:LGT723E iter 5680: loss 3.0612, time 1710.72ms, mfu 4.31%
model:LGT723E iter 5690: loss 2.7633, time 1711.11ms, mfu 4.40%
------average encoder activity 1.747
-----------average decoder density 0.5738
step 5700: train loss 2.7341, val loss 2.7553
model:LGT723E iter 5700: loss 2.9488, time 26183.56ms, mfu 3.99%
model:LGT723E iter 5710: loss 2.7203, time 1710.73ms, mfu 4.11%
model:LGT723E iter 5720: loss 2.9154, time 1711.06ms, mfu 4.22%
model:LGT723E iter 5730: loss 2.7813, time 1712.39ms, mfu 4.31%
model:LGT723E iter 5740: loss 2.6586, time 1711.73ms, mfu 4.40%
------average encoder activity 1.755
-----------average decoder density 0.5465
step 5750: train loss 2.7361, val loss 2.7663
model:LGT723E iter 5750: loss 2.6758, time 26200.68ms, mfu 3.99%
model:LGT723E iter 5760: loss 2.6714, time 1716.06ms, mfu 4.11%
model:LGT723E iter 5770: loss 2.8434, time 1715.36ms, mfu 4.21%
model:LGT723E iter 5780: loss 2.3269, time 1710.96ms, mfu 4.31%
model:LGT723E iter 5790: loss 2.2967, time 1711.99ms, mfu 4.39%
------average encoder activity 1.761
-----------average decoder density 0.5942
step 5800: train loss 2.7515, val loss 2.7337
saving checkpoint to out-novel-char3_LGT723E_3d25ede0cfd080d9e35756b051dcef65
model:LGT723E iter 5800: loss 2.9756, time 27594.59ms, mfu 3.99%
model:LGT723E iter 5810: loss 2.5893, time 1708.48ms, mfu 4.11%
model:LGT723E iter 5820: loss 2.8239, time 1713.42ms, mfu 4.21%
model:LGT723E iter 5830: loss 2.8084, time 1712.78ms, mfu 4.31%
model:LGT723E iter 5840: loss 1.9892, time 1711.48ms, mfu 4.39%
------average encoder activity 1.766
-----------average decoder density 0.5678
step 5850: train loss 2.7320, val loss 2.7453
model:LGT723E iter 5850: loss 2.5124, time 26208.84ms, mfu 3.99%
model:LGT723E iter 5860: loss 2.9278, time 1715.63ms, mfu 4.10%
model:LGT723E iter 5870: loss 2.5537, time 1717.42ms, mfu 4.21%
model:LGT723E iter 5880: loss 2.8337, time 1711.25ms, mfu 4.30%
model:LGT723E iter 5890: loss 2.5534, time 1711.60ms, mfu 4.39%
------average encoder activity 1.771
-----------average decoder density 0.5543
step 5900: train loss 2.7110, val loss 2.7476
model:LGT723E iter 5900: loss 2.9175, time 26195.34ms, mfu 3.99%
model:LGT723E iter 5910: loss 2.3284, time 1713.03ms, mfu 4.10%
model:LGT723E iter 5920: loss 2.9948, time 1710.21ms, mfu 4.21%
model:LGT723E iter 5930: loss 2.6586, time 1709.73ms, mfu 4.31%
model:LGT723E iter 5940: loss 2.6909, time 1709.12ms, mfu 4.39%
------average encoder activity 1.775
-----------average decoder density 0.5534
step 5950: train loss 2.7294, val loss 2.7359
model:LGT723E iter 5950: loss 2.3595, time 26211.94ms, mfu 3.99%
model:LGT723E iter 5960: loss 2.6888, time 1713.43ms, mfu 4.11%
model:LGT723E iter 5970: loss 2.8829, time 1711.64ms, mfu 4.21%
model:LGT723E iter 5980: loss 2.7075, time 1706.79ms, mfu 4.31%
model:LGT723E iter 5990: loss 2.6635, time 1707.38ms, mfu 4.40%
------average encoder activity 1.781
-----------average decoder density 0.5604
step 6000: train loss 2.7210, val loss 2.7604
model:LGT723E iter 6000: loss 2.6054, time 26211.02ms, mfu 3.99%
model:LGT723E iter 6010: loss 2.8913, time 1713.65ms, mfu 4.11%
model:LGT723E iter 6020: loss 2.6181, time 1715.58ms, mfu 4.21%
model:LGT723E iter 6030: loss 2.7655, time 1709.82ms, mfu 4.31%
model:LGT723E iter 6040: loss 2.9350, time 1709.27ms, mfu 4.39%
------average encoder activity 1.785
-----------average decoder density 0.5512
step 6050: train loss 2.7212, val loss 2.7502
model:LGT723E iter 6050: loss 2.7108, time 26217.21ms, mfu 3.99%
model:LGT723E iter 6060: loss 2.9334, time 1708.67ms, mfu 4.11%
model:LGT723E iter 6070: loss 2.8679, time 1708.69ms, mfu 4.21%
model:LGT723E iter 6080: loss 2.6553, time 1708.25ms, mfu 4.31%
model:LGT723E iter 6090: loss 2.7317, time 1708.38ms, mfu 4.40%
------average encoder activity 1.790
-----------average decoder density 0.5347
step 6100: train loss 2.7214, val loss 2.7141
saving checkpoint to out-novel-char3_LGT723E_3d25ede0cfd080d9e35756b051dcef65
model:LGT723E iter 6100: loss 2.7806, time 27589.29ms, mfu 3.99%
model:LGT723E iter 6110: loss 2.9359, time 1708.61ms, mfu 4.11%
model:LGT723E iter 6120: loss 2.9479, time 1708.61ms, mfu 4.22%
model:LGT723E iter 6130: loss 2.7190, time 1708.84ms, mfu 4.31%
model:LGT723E iter 6140: loss 2.9940, time 1708.87ms, mfu 4.40%
------average encoder activity 1.795
-----------average decoder density 0.5361
step 6150: train loss 2.7115, val loss 2.7296
model:LGT723E iter 6150: loss 2.6725, time 26183.83ms, mfu 3.99%
model:LGT723E iter 6160: loss 2.7113, time 1708.47ms, mfu 4.11%
model:LGT723E iter 6170: loss 2.4927, time 1708.87ms, mfu 4.22%
model:LGT723E iter 6180: loss 2.8700, time 1708.67ms, mfu 4.31%
model:LGT723E iter 6190: loss 2.6258, time 1709.67ms, mfu 4.40%
------average encoder activity 1.803
-----------average decoder density 0.5308
step 6200: train loss 2.7044, val loss 2.7276
model:LGT723E iter 6200: loss 2.6655, time 26204.59ms, mfu 3.99%
model:LGT723E iter 6210: loss 2.4557, time 1708.57ms, mfu 4.11%
model:LGT723E iter 6220: loss 2.8579, time 1711.56ms, mfu 4.22%
model:LGT723E iter 6230: loss 2.7497, time 1708.68ms, mfu 4.31%
model:LGT723E iter 6240: loss 2.5562, time 1709.84ms, mfu 4.40%
------average encoder activity 1.809
-----------average decoder density 0.5640
step 6250: train loss 2.6742, val loss 2.7098
saving checkpoint to out-novel-char3_LGT723E_3d25ede0cfd080d9e35756b051dcef65
model:LGT723E iter 6250: loss 2.8662, time 27469.09ms, mfu 3.99%
model:LGT723E iter 6260: loss 3.1222, time 1709.62ms, mfu 4.11%
model:LGT723E iter 6270: loss 2.6533, time 1709.70ms, mfu 4.22%
model:LGT723E iter 6280: loss 2.8448, time 1711.08ms, mfu 4.31%
model:LGT723E iter 6290: loss 2.6188, time 1710.56ms, mfu 4.40%
------average encoder activity 1.815
-----------average decoder density 0.5251
step 6300: train loss 2.7024, val loss 2.6968
saving checkpoint to out-novel-char3_LGT723E_3d25ede0cfd080d9e35756b051dcef65
model:LGT723E iter 6300: loss 2.2276, time 27605.70ms, mfu 3.99%
model:LGT723E iter 6310: loss 2.9977, time 1708.77ms, mfu 4.11%
model:LGT723E iter 6320: loss 2.8233, time 1707.91ms, mfu 4.22%
model:LGT723E iter 6330: loss 2.6332, time 1707.98ms, mfu 4.31%
model:LGT723E iter 6340: loss 2.7305, time 1708.08ms, mfu 4.40%
------average encoder activity 1.817
-----------average decoder density 0.5610
step 6350: train loss 2.6846, val loss 2.7340
model:LGT723E iter 6350: loss 2.2413, time 26204.59ms, mfu 3.99%
model:LGT723E iter 6360: loss 2.5476, time 1709.65ms, mfu 4.11%
model:LGT723E iter 6370: loss 2.5627, time 1714.04ms, mfu 4.22%
model:LGT723E iter 6380: loss 2.7179, time 1713.91ms, mfu 4.31%
model:LGT723E iter 6390: loss 2.9346, time 1710.12ms, mfu 4.40%
------average encoder activity 1.823
-----------average decoder density 0.5508
step 6400: train loss 2.7031, val loss 2.7098
model:LGT723E iter 6400: loss 2.5976, time 26159.30ms, mfu 3.99%
model:LGT723E iter 6410: loss 2.6155, time 1709.15ms, mfu 4.11%
model:LGT723E iter 6420: loss 2.8058, time 1708.41ms, mfu 4.22%
model:LGT723E iter 6430: loss 2.5885, time 1708.20ms, mfu 4.31%
model:LGT723E iter 6440: loss 2.7257, time 1708.19ms, mfu 4.40%
------average encoder activity 1.827
-----------average decoder density 0.6029
step 6450: train loss 2.7009, val loss 2.7293
model:LGT723E iter 6450: loss 2.6136, time 26192.30ms, mfu 3.99%
model:LGT723E iter 6460: loss 2.5021, time 1708.21ms, mfu 4.11%
model:LGT723E iter 6470: loss 2.9601, time 1708.80ms, mfu 4.22%
model:LGT723E iter 6480: loss 2.8068, time 1709.51ms, mfu 4.31%
model:LGT723E iter 6490: loss 2.3678, time 1709.62ms, mfu 4.40%
------average encoder activity 1.830
-----------average decoder density 0.5577
step 6500: train loss 2.6835, val loss 2.7128
model:LGT723E iter 6500: loss 2.7435, time 26309.08ms, mfu 3.99%
model:LGT723E iter 6510: loss 2.6291, time 1712.64ms, mfu 4.11%
model:LGT723E iter 6520: loss 2.8355, time 1713.47ms, mfu 4.22%
model:LGT723E iter 6530: loss 2.8090, time 1713.77ms, mfu 4.31%
model:LGT723E iter 6540: loss 2.5082, time 1715.03ms, mfu 4.39%
------average encoder activity 1.834
-----------average decoder density 0.5796
step 6550: train loss 2.6651, val loss 2.6751
saving checkpoint to out-novel-char3_LGT723E_3d25ede0cfd080d9e35756b051dcef65
model:LGT723E iter 6550: loss 2.7108, time 27582.73ms, mfu 3.99%
model:LGT723E iter 6560: loss 2.4242, time 1707.33ms, mfu 4.11%
model:LGT723E iter 6570: loss 2.9364, time 1708.71ms, mfu 4.21%
model:LGT723E iter 6580: loss 2.5984, time 1709.51ms, mfu 4.31%
model:LGT723E iter 6590: loss 2.9334, time 1714.50ms, mfu 4.39%
------average encoder activity 1.840
-----------average decoder density 0.5496
step 6600: train loss 2.6818, val loss 2.7325
model:LGT723E iter 6600: loss 2.7420, time 26259.84ms, mfu 3.99%
model:LGT723E iter 6610: loss 2.9033, time 1708.32ms, mfu 4.11%
model:LGT723E iter 6620: loss 2.6777, time 1709.04ms, mfu 4.21%
model:LGT723E iter 6630: loss 2.5467, time 1709.15ms, mfu 4.31%
model:LGT723E iter 6640: loss 2.5593, time 1709.14ms, mfu 4.40%
------average encoder activity 1.841
-----------average decoder density 0.5360
step 6650: train loss 2.6621, val loss 2.7029
model:LGT723E iter 6650: loss 2.3462, time 26229.22ms, mfu 3.99%
model:LGT723E iter 6660: loss 2.7256, time 1711.53ms, mfu 4.11%
model:LGT723E iter 6670: loss 2.3720, time 1711.93ms, mfu 4.21%
model:LGT723E iter 6680: loss 2.4913, time 1711.59ms, mfu 4.31%
model:LGT723E iter 6690: loss 2.8887, time 1713.17ms, mfu 4.39%
------average encoder activity 1.845
-----------average decoder density 0.5567
step 6700: train loss 2.6423, val loss 2.7140
model:LGT723E iter 6700: loss 2.9447, time 26215.86ms, mfu 3.99%
model:LGT723E iter 6710: loss 2.6865, time 1713.60ms, mfu 4.11%
model:LGT723E iter 6720: loss 2.5762, time 1708.35ms, mfu 4.21%
model:LGT723E iter 6730: loss 2.4371, time 1707.40ms, mfu 4.31%
model:LGT723E iter 6740: loss 2.5501, time 1708.75ms, mfu 4.40%
------average encoder activity 1.848
-----------average decoder density 0.5986
step 6750: train loss 2.6557, val loss 2.7024
model:LGT723E iter 6750: loss 2.9581, time 26211.84ms, mfu 3.99%
model:LGT723E iter 6760: loss 2.6971, time 1708.22ms, mfu 4.11%
model:LGT723E iter 6770: loss 2.7851, time 1711.46ms, mfu 4.22%
model:LGT723E iter 6780: loss 3.0276, time 1712.57ms, mfu 4.31%
model:LGT723E iter 6790: loss 2.5914, time 1711.59ms, mfu 4.40%
------average encoder activity 1.848
-----------average decoder density 0.5422
step 6800: train loss 2.6533, val loss 2.6856
model:LGT723E iter 6800: loss 2.6904, time 26219.69ms, mfu 3.99%
model:LGT723E iter 6810: loss 2.6712, time 1710.56ms, mfu 4.11%
model:LGT723E iter 6820: loss 2.5406, time 1710.64ms, mfu 4.21%
model:LGT723E iter 6830: loss 2.7159, time 1711.43ms, mfu 4.31%
model:LGT723E iter 6840: loss 2.7587, time 1710.41ms, mfu 4.40%
------average encoder activity 1.850
-----------average decoder density 0.5578
step 6850: train loss 2.6701, val loss 2.6964
model:LGT723E iter 6850: loss 2.7643, time 26209.35ms, mfu 3.99%
model:LGT723E iter 6860: loss 2.3946, time 1711.37ms, mfu 4.11%
model:LGT723E iter 6870: loss 2.6630, time 1714.37ms, mfu 4.21%
model:LGT723E iter 6880: loss 2.6496, time 1710.99ms, mfu 4.31%
model:LGT723E iter 6890: loss 2.7366, time 1712.66ms, mfu 4.39%
------average encoder activity 1.854
-----------average decoder density 0.5682
step 6900: train loss 2.6685, val loss 2.6711
saving checkpoint to out-novel-char3_LGT723E_3d25ede0cfd080d9e35756b051dcef65
model:LGT723E iter 6900: loss 2.6614, time 27480.87ms, mfu 3.99%
model:LGT723E iter 6910: loss 2.8502, time 1709.00ms, mfu 4.11%
model:LGT723E iter 6920: loss 2.6122, time 1707.62ms, mfu 4.21%
model:LGT723E iter 6930: loss 2.9085, time 1707.66ms, mfu 4.31%
model:LGT723E iter 6940: loss 2.5724, time 1710.11ms, mfu 4.40%
------average encoder activity 1.858
-----------average decoder density 0.5771
step 6950: train loss 2.6719, val loss 2.6895
model:LGT723E iter 6950: loss 3.0180, time 26176.66ms, mfu 3.99%
model:LGT723E iter 6960: loss 2.7027, time 1708.76ms, mfu 4.11%
model:LGT723E iter 6970: loss 2.4485, time 1707.91ms, mfu 4.22%
model:LGT723E iter 6980: loss 2.9583, time 1708.28ms, mfu 4.31%
model:LGT723E iter 6990: loss 2.7551, time 1708.23ms, mfu 4.40%
------average encoder activity 1.864
-----------average decoder density 0.5822
step 7000: train loss 2.6532, val loss 2.6974
model:LGT723E iter 7000: loss 2.4251, time 26186.27ms, mfu 3.99%
model:LGT723E iter 7010: loss 2.5068, time 1708.21ms, mfu 4.11%
model:LGT723E iter 7020: loss 2.7579, time 1708.33ms, mfu 4.22%
model:LGT723E iter 7030: loss 2.7003, time 1708.39ms, mfu 4.31%
model:LGT723E iter 7040: loss 2.5525, time 1709.08ms, mfu 4.40%
------average encoder activity 1.869
-----------average decoder density 0.5765
step 7050: train loss 2.6493, val loss 2.6813
model:LGT723E iter 7050: loss 2.8486, time 26183.05ms, mfu 3.99%
model:LGT723E iter 7060: loss 2.8224, time 1708.72ms, mfu 4.11%
model:LGT723E iter 7070: loss 2.3797, time 1707.93ms, mfu 4.22%
model:LGT723E iter 7080: loss 2.7384, time 1707.65ms, mfu 4.31%
model:LGT723E iter 7090: loss 2.7840, time 1707.82ms, mfu 4.40%
------average encoder activity 1.869
-----------average decoder density 0.5466
step 7100: train loss 2.6473, val loss 2.6614
saving checkpoint to out-novel-char3_LGT723E_3d25ede0cfd080d9e35756b051dcef65
model:LGT723E iter 7100: loss 2.3544, time 27421.08ms, mfu 3.99%
model:LGT723E iter 7110: loss 2.4033, time 1712.15ms, mfu 4.11%
model:LGT723E iter 7120: loss 2.6545, time 1707.55ms, mfu 4.22%
model:LGT723E iter 7130: loss 2.6716, time 1707.15ms, mfu 4.31%
model:LGT723E iter 7140: loss 2.4810, time 1708.07ms, mfu 4.40%
------average encoder activity 1.869
-----------average decoder density 0.5368
step 7150: train loss 2.6297, val loss 2.6792
model:LGT723E iter 7150: loss 2.6844, time 26208.35ms, mfu 3.99%
model:LGT723E iter 7160: loss 2.2619, time 1712.84ms, mfu 4.11%
model:LGT723E iter 7170: loss 2.0722, time 1709.50ms, mfu 4.22%
model:LGT723E iter 7180: loss 2.4064, time 1707.58ms, mfu 4.31%
model:LGT723E iter 7190: loss 2.4286, time 1708.41ms, mfu 4.40%
------average encoder activity 1.874
-----------average decoder density 0.5648
step 7200: train loss 2.6234, val loss 2.6714
model:LGT723E iter 7200: loss 2.5617, time 26219.58ms, mfu 3.99%
model:LGT723E iter 7210: loss 2.5968, time 1708.08ms, mfu 4.11%
model:LGT723E iter 7220: loss 2.7899, time 1708.22ms, mfu 4.22%
model:LGT723E iter 7230: loss 2.2950, time 1709.05ms, mfu 4.31%
model:LGT723E iter 7240: loss 2.6839, time 1709.26ms, mfu 4.40%
------average encoder activity 1.878
-----------average decoder density 0.5333
step 7250: train loss 2.6449, val loss 2.6567
saving checkpoint to out-novel-char3_LGT723E_3d25ede0cfd080d9e35756b051dcef65
model:LGT723E iter 7250: loss 2.7403, time 27615.98ms, mfu 3.99%
model:LGT723E iter 7260: loss 2.6206, time 1713.73ms, mfu 4.11%
model:LGT723E iter 7270: loss 2.5594, time 1712.27ms, mfu 4.21%
model:LGT723E iter 7280: loss 2.6028, time 1711.09ms, mfu 4.31%
model:LGT723E iter 7290: loss 2.6859, time 1710.99ms, mfu 4.40%
------average encoder activity 1.882
-----------average decoder density 0.5687
step 7300: train loss 2.6152, val loss 2.6677
model:LGT723E iter 7300: loss 2.6664, time 26200.55ms, mfu 3.99%
model:LGT723E iter 7310: loss 2.8121, time 1714.34ms, mfu 4.11%
model:LGT723E iter 7320: loss 2.4976, time 1709.51ms, mfu 4.21%
model:LGT723E iter 7330: loss 3.1623, time 1709.22ms, mfu 4.31%
model:LGT723E iter 7340: loss 2.9499, time 1713.01ms, mfu 4.40%
------average encoder activity 1.886
-----------average decoder density 0.6088
step 7350: train loss 2.6246, val loss 2.6867
model:LGT723E iter 7350: loss 2.5531, time 26244.56ms, mfu 3.99%
model:LGT723E iter 7360: loss 2.5791, time 1708.81ms, mfu 4.11%
model:LGT723E iter 7370: loss 2.2730, time 1711.89ms, mfu 4.21%
model:LGT723E iter 7380: loss 2.2310, time 1707.82ms, mfu 4.31%
model:LGT723E iter 7390: loss 2.3142, time 1714.90ms, mfu 4.40%
------average encoder activity 1.889
-----------average decoder density 0.5799
step 7400: train loss 2.6370, val loss 2.6599
model:LGT723E iter 7400: loss 2.7033, time 26212.59ms, mfu 3.99%
model:LGT723E iter 7410: loss 3.0120, time 1711.99ms, mfu 4.11%
model:LGT723E iter 7420: loss 2.6037, time 1720.93ms, mfu 4.21%
model:LGT723E iter 7430: loss 2.7899, time 1707.42ms, mfu 4.31%
model:LGT723E iter 7440: loss 2.3780, time 1707.22ms, mfu 4.39%
------average encoder activity 1.893
-----------average decoder density 0.5684
step 7450: train loss 2.6158, val loss 2.6465
saving checkpoint to out-novel-char3_LGT723E_3d25ede0cfd080d9e35756b051dcef65
model:LGT723E iter 7450: loss 2.5218, time 27517.61ms, mfu 3.99%
model:LGT723E iter 7460: loss 2.5245, time 1709.80ms, mfu 4.11%
model:LGT723E iter 7470: loss 2.7433, time 1713.03ms, mfu 4.21%
model:LGT723E iter 7480: loss 2.9202, time 1713.15ms, mfu 4.31%
model:LGT723E iter 7490: loss 2.5960, time 1710.20ms, mfu 4.39%
------average encoder activity 1.892
-----------average decoder density 0.5373
step 7500: train loss 2.6180, val loss 2.6604
model:LGT723E iter 7500: loss 2.6089, time 26208.60ms, mfu 3.99%
model:LGT723E iter 7510: loss 2.4754, time 1710.47ms, mfu 4.11%
model:LGT723E iter 7520: loss 2.7159, time 1709.88ms, mfu 4.21%
model:LGT723E iter 7530: loss 2.5220, time 1709.25ms, mfu 4.31%
model:LGT723E iter 7540: loss 2.7296, time 1710.42ms, mfu 4.40%
------average encoder activity 1.898
-----------average decoder density 0.5476
step 7550: train loss 2.6110, val loss 2.6576
model:LGT723E iter 7550: loss 2.5416, time 26194.11ms, mfu 3.99%
model:LGT723E iter 7560: loss 2.6239, time 1709.54ms, mfu 4.11%
model:LGT723E iter 7570: loss 2.5517, time 1709.99ms, mfu 4.21%
model:LGT723E iter 7580: loss 2.2744, time 1711.85ms, mfu 4.31%
model:LGT723E iter 7590: loss 2.3816, time 1718.46ms, mfu 4.39%
------average encoder activity 1.898
-----------average decoder density 0.5474
step 7600: train loss 2.5924, val loss 2.6522
model:LGT723E iter 7600: loss 2.5815, time 26296.32ms, mfu 3.99%
model:LGT723E iter 7610: loss 2.5704, time 1714.09ms, mfu 4.10%
model:LGT723E iter 7620: loss 2.8381, time 1711.46ms, mfu 4.21%
model:LGT723E iter 7630: loss 2.7612, time 1716.79ms, mfu 4.31%
model:LGT723E iter 7640: loss 2.6197, time 1712.33ms, mfu 4.39%
------average encoder activity 1.903
-----------average decoder density 0.5826
step 7650: train loss 2.6036, val loss 2.6360
saving checkpoint to out-novel-char3_LGT723E_3d25ede0cfd080d9e35756b051dcef65
model:LGT723E iter 7650: loss 2.5954, time 27500.63ms, mfu 3.98%
model:LGT723E iter 7660: loss 2.4154, time 1712.69ms, mfu 4.10%
model:LGT723E iter 7670: loss 2.2697, time 1712.09ms, mfu 4.21%
model:LGT723E iter 7680: loss 2.6928, time 1714.80ms, mfu 4.30%
model:LGT723E iter 7690: loss 2.7745, time 1712.34ms, mfu 4.39%
------average encoder activity 1.907
-----------average decoder density 0.5474
step 7700: train loss 2.6120, val loss 2.6302
saving checkpoint to out-novel-char3_LGT723E_3d25ede0cfd080d9e35756b051dcef65
model:LGT723E iter 7700: loss 2.6720, time 27566.51ms, mfu 3.98%
model:LGT723E iter 7710: loss 2.3565, time 1711.70ms, mfu 4.10%
model:LGT723E iter 7720: loss 2.7719, time 1712.66ms, mfu 4.21%
model:LGT723E iter 7730: loss 2.6023, time 1711.64ms, mfu 4.30%
model:LGT723E iter 7740: loss 2.4487, time 1716.12ms, mfu 4.39%
------average encoder activity 1.906
-----------average decoder density 0.5471
step 7750: train loss 2.6008, val loss 2.6458
model:LGT723E iter 7750: loss 2.6728, time 26205.13ms, mfu 3.98%
model:LGT723E iter 7760: loss 2.7524, time 1712.96ms, mfu 4.10%
model:LGT723E iter 7770: loss 2.7968, time 1712.40ms, mfu 4.21%
model:LGT723E iter 7780: loss 2.6554, time 1711.49ms, mfu 4.30%
model:LGT723E iter 7790: loss 2.7583, time 1711.29ms, mfu 4.39%
------average encoder activity 1.911
-----------average decoder density 0.5681
step 7800: train loss 2.6204, val loss 2.6313
model:LGT723E iter 7800: loss 2.7755, time 26203.46ms, mfu 3.98%
model:LGT723E iter 7810: loss 1.9487, time 1712.10ms, mfu 4.10%
model:LGT723E iter 7820: loss 2.4812, time 1711.50ms, mfu 4.21%
model:LGT723E iter 7830: loss 2.7255, time 1716.78ms, mfu 4.30%
model:LGT723E iter 7840: loss 2.8046, time 1712.57ms, mfu 4.39%
------average encoder activity 1.911
-----------average decoder density 0.5416
step 7850: train loss 2.6109, val loss 2.6102
saving checkpoint to out-novel-char3_LGT723E_3d25ede0cfd080d9e35756b051dcef65
model:LGT723E iter 7850: loss 2.8686, time 27665.88ms, mfu 3.98%
model:LGT723E iter 7860: loss 2.3719, time 1722.63ms, mfu 4.10%
model:LGT723E iter 7870: loss 2.5610, time 1711.76ms, mfu 4.20%
model:LGT723E iter 7880: loss 2.3434, time 1711.22ms, mfu 4.30%
model:LGT723E iter 7890: loss 2.8248, time 1717.31ms, mfu 4.39%
------average encoder activity 1.914
-----------average decoder density 0.5521
step 7900: train loss 2.5892, val loss 2.6412
model:LGT723E iter 7900: loss 2.5449, time 26200.71ms, mfu 3.98%
model:LGT723E iter 7910: loss 2.6576, time 1711.45ms, mfu 4.10%
model:LGT723E iter 7920: loss 2.4767, time 1712.71ms, mfu 4.21%
model:LGT723E iter 7930: loss 2.5732, time 1713.03ms, mfu 4.30%
model:LGT723E iter 7940: loss 2.5338, time 1714.54ms, mfu 4.39%
------average encoder activity 1.917
-----------average decoder density 0.5287
step 7950: train loss 2.6039, val loss 2.5963
saving checkpoint to out-novel-char3_LGT723E_3d25ede0cfd080d9e35756b051dcef65
model:LGT723E iter 7950: loss 2.8788, time 27464.52ms, mfu 3.98%
model:LGT723E iter 7960: loss 2.5446, time 1712.69ms, mfu 4.10%
model:LGT723E iter 7970: loss 2.4297, time 1712.20ms, mfu 4.21%
model:LGT723E iter 7980: loss 2.6348, time 1717.82ms, mfu 4.30%
model:LGT723E iter 7990: loss 2.4650, time 1718.72ms, mfu 4.38%
------average encoder activity 1.918
-----------average decoder density 0.5415
step 8000: train loss 2.5835, val loss 2.6324
model:LGT723E iter 8000: loss 2.9406, time 26190.78ms, mfu 3.98%
model:LGT723E iter 8010: loss 2.4095, time 1711.59ms, mfu 4.10%
model:LGT723E iter 8020: loss 2.4637, time 1711.87ms, mfu 4.21%
model:LGT723E iter 8030: loss 2.8514, time 1710.98ms, mfu 4.30%
model:LGT723E iter 8040: loss 2.3584, time 1711.47ms, mfu 4.39%
------average encoder activity 1.920
-----------average decoder density 0.5536
step 8050: train loss 2.5830, val loss 2.6263
model:LGT723E iter 8050: loss 2.5129, time 26177.87ms, mfu 3.98%
model:LGT723E iter 8060: loss 2.6181, time 1711.84ms, mfu 4.10%
model:LGT723E iter 8070: loss 2.3296, time 1712.03ms, mfu 4.21%
model:LGT723E iter 8080: loss 2.4934, time 1712.08ms, mfu 4.30%
model:LGT723E iter 8090: loss 2.7105, time 1707.82ms, mfu 4.39%
------average encoder activity 1.926
-----------average decoder density 0.5423
step 8100: train loss 2.5916, val loss 2.6186
model:LGT723E iter 8100: loss 2.7672, time 26274.63ms, mfu 3.99%
model:LGT723E iter 8110: loss 2.4088, time 1709.68ms, mfu 4.10%
model:LGT723E iter 8120: loss 2.3540, time 1708.21ms, mfu 4.21%
model:LGT723E iter 8130: loss 2.5301, time 1710.24ms, mfu 4.31%
model:LGT723E iter 8140: loss 2.4417, time 1710.29ms, mfu 4.39%
------average encoder activity 1.925
-----------average decoder density 0.5865
step 8150: train loss 2.5915, val loss 2.6243
model:LGT723E iter 8150: loss 2.8893, time 26252.09ms, mfu 3.99%
model:LGT723E iter 8160: loss 2.5389, time 1712.48ms, mfu 4.11%
model:LGT723E iter 8170: loss 2.4411, time 1712.51ms, mfu 4.21%
model:LGT723E iter 8180: loss 2.3532, time 1714.26ms, mfu 4.31%
model:LGT723E iter 8190: loss 2.6100, time 1714.95ms, mfu 4.39%
------average encoder activity 1.926
-----------average decoder density 0.5751
step 8200: train loss 2.5945, val loss 2.6441
model:LGT723E iter 8200: loss 2.4803, time 26340.83ms, mfu 3.99%
model:LGT723E iter 8210: loss 2.0921, time 1714.12ms, mfu 4.10%
model:LGT723E iter 8220: loss 2.6382, time 1708.41ms, mfu 4.21%
model:LGT723E iter 8230: loss 2.5195, time 1708.09ms, mfu 4.31%
model:LGT723E iter 8240: loss 2.6946, time 1708.58ms, mfu 4.39%
------average encoder activity 1.928
-----------average decoder density 0.5450
step 8250: train loss 2.5759, val loss 2.6252
model:LGT723E iter 8250: loss 2.4733, time 26211.70ms, mfu 3.99%
model:LGT723E iter 8260: loss 2.4003, time 1711.28ms, mfu 4.11%
model:LGT723E iter 8270: loss 2.3348, time 1712.26ms, mfu 4.21%
model:LGT723E iter 8280: loss 2.2269, time 1716.90ms, mfu 4.31%
model:LGT723E iter 8290: loss 2.5966, time 1712.68ms, mfu 4.39%
------average encoder activity 1.931
-----------average decoder density 0.5604
step 8300: train loss 2.5643, val loss 2.6408
model:LGT723E iter 8300: loss 2.3256, time 26218.44ms, mfu 3.99%
model:LGT723E iter 8310: loss 2.5131, time 1711.26ms, mfu 4.11%
model:LGT723E iter 8320: loss 2.6156, time 1711.51ms, mfu 4.21%
model:LGT723E iter 8330: loss 2.5785, time 1727.08ms, mfu 4.30%
model:LGT723E iter 8340: loss 2.5319, time 1711.78ms, mfu 4.39%
------average encoder activity 1.933
-----------average decoder density 0.5520
step 8350: train loss 2.5711, val loss 2.6142
model:LGT723E iter 8350: loss 2.5597, time 26218.76ms, mfu 3.98%
model:LGT723E iter 8360: loss 2.4891, time 1709.14ms, mfu 4.10%
model:LGT723E iter 8370: loss 2.5885, time 1710.34ms, mfu 4.21%
model:LGT723E iter 8380: loss 2.6821, time 1709.17ms, mfu 4.31%
model:LGT723E iter 8390: loss 2.3395, time 1708.50ms, mfu 4.39%
------average encoder activity 1.932
-----------average decoder density 0.5419
step 8400: train loss 2.5624, val loss 2.6125
model:LGT723E iter 8400: loss 2.4628, time 26189.09ms, mfu 3.99%
model:LGT723E iter 8410: loss 2.3808, time 1711.35ms, mfu 4.11%
model:LGT723E iter 8420: loss 2.0120, time 1709.11ms, mfu 4.21%
model:LGT723E iter 8430: loss 2.5805, time 1708.79ms, mfu 4.31%
model:LGT723E iter 8440: loss 2.5152, time 1709.65ms, mfu 4.40%
------average encoder activity 1.936
-----------average decoder density 0.5634
step 8450: train loss 2.5568, val loss 2.5870
saving checkpoint to out-novel-char3_LGT723E_3d25ede0cfd080d9e35756b051dcef65
model:LGT723E iter 8450: loss 2.1769, time 27586.38ms, mfu 3.99%
model:LGT723E iter 8460: loss 2.9634, time 1708.91ms, mfu 4.11%
model:LGT723E iter 8470: loss 2.8501, time 1709.43ms, mfu 4.21%
model:LGT723E iter 8480: loss 2.5040, time 1717.89ms, mfu 4.31%
model:LGT723E iter 8490: loss 2.6101, time 1711.34ms, mfu 4.39%
------average encoder activity 1.937
-----------average decoder density 0.5435
step 8500: train loss 2.5531, val loss 2.6209
model:LGT723E iter 8500: loss 2.8340, time 26199.85ms, mfu 3.99%
model:LGT723E iter 8510: loss 2.6575, time 1717.30ms, mfu 4.10%
model:LGT723E iter 8520: loss 2.6936, time 1712.04ms, mfu 4.21%
model:LGT723E iter 8530: loss 2.5503, time 1711.58ms, mfu 4.31%
model:LGT723E iter 8540: loss 2.2792, time 1711.34ms, mfu 4.39%
------average encoder activity 1.938
-----------average decoder density 0.5302
step 8550: train loss 2.5958, val loss 2.6208
model:LGT723E iter 8550: loss 2.4962, time 26218.04ms, mfu 3.99%
model:LGT723E iter 8560: loss 2.4820, time 1712.57ms, mfu 4.10%
model:LGT723E iter 8570: loss 2.7566, time 1711.80ms, mfu 4.21%
model:LGT723E iter 8580: loss 2.3808, time 1711.26ms, mfu 4.31%
model:LGT723E iter 8590: loss 2.3435, time 1708.78ms, mfu 4.39%
------average encoder activity 1.941
-----------average decoder density 0.5504
step 8600: train loss 2.5610, val loss 2.5865
saving checkpoint to out-novel-char3_LGT723E_3d25ede0cfd080d9e35756b051dcef65
model:LGT723E iter 8600: loss 2.6741, time 27532.49ms, mfu 3.99%
model:LGT723E iter 8610: loss 2.3031, time 1707.70ms, mfu 4.11%
model:LGT723E iter 8620: loss 2.3417, time 1707.71ms, mfu 4.21%
model:LGT723E iter 8630: loss 2.5068, time 1707.57ms, mfu 4.31%
model:LGT723E iter 8640: loss 2.3746, time 1709.30ms, mfu 4.40%
------average encoder activity 1.941
-----------average decoder density 0.5237
step 8650: train loss 2.5816, val loss 2.5889
model:LGT723E iter 8650: loss 2.9779, time 26183.16ms, mfu 3.99%
model:LGT723E iter 8660: loss 2.6417, time 1717.23ms, mfu 4.11%
model:LGT723E iter 8670: loss 2.2479, time 1715.21ms, mfu 4.21%
model:LGT723E iter 8680: loss 2.8340, time 1711.74ms, mfu 4.31%
model:LGT723E iter 8690: loss 2.4182, time 1713.41ms, mfu 4.39%
------average encoder activity 1.939
-----------average decoder density 0.5266
step 8700: train loss 2.5338, val loss 2.5959
model:LGT723E iter 8700: loss 2.5797, time 26216.38ms, mfu 3.99%
model:LGT723E iter 8710: loss 2.4436, time 1709.21ms, mfu 4.11%
model:LGT723E iter 8720: loss 2.3576, time 1709.06ms, mfu 4.21%
model:LGT723E iter 8730: loss 2.6194, time 1709.06ms, mfu 4.31%
model:LGT723E iter 8740: loss 2.4512, time 1713.03ms, mfu 4.39%
------average encoder activity 1.946
-----------average decoder density 0.5827
step 8750: train loss 2.5351, val loss 2.6102
model:LGT723E iter 8750: loss 2.5838, time 26210.51ms, mfu 3.99%
model:LGT723E iter 8760: loss 2.7561, time 1711.34ms, mfu 4.11%
model:LGT723E iter 8770: loss 2.2802, time 1711.74ms, mfu 4.21%
model:LGT723E iter 8780: loss 2.5342, time 1710.92ms, mfu 4.31%
model:LGT723E iter 8790: loss 2.4978, time 1712.25ms, mfu 4.39%
------average encoder activity 1.947
-----------average decoder density 0.5424
step 8800: train loss 2.5522, val loss 2.5748
saving checkpoint to out-novel-char3_LGT723E_3d25ede0cfd080d9e35756b051dcef65
model:LGT723E iter 8800: loss 2.2527, time 27410.65ms, mfu 3.99%
model:LGT723E iter 8810: loss 2.4378, time 1710.58ms, mfu 4.11%
model:LGT723E iter 8820: loss 2.6852, time 1708.42ms, mfu 4.21%
model:LGT723E iter 8830: loss 2.4717, time 1708.49ms, mfu 4.31%
model:LGT723E iter 8840: loss 2.7208, time 1707.93ms, mfu 4.40%
------average encoder activity 1.946
-----------average decoder density 0.5665
step 8850: train loss 2.5529, val loss 2.5954
model:LGT723E iter 8850: loss 2.4299, time 26168.29ms, mfu 3.99%
model:LGT723E iter 8860: loss 2.5802, time 1708.48ms, mfu 4.11%
model:LGT723E iter 8870: loss 2.6800, time 1707.85ms, mfu 4.22%
model:LGT723E iter 8880: loss 2.8509, time 1708.37ms, mfu 4.31%
model:LGT723E iter 8890: loss 2.5739, time 1707.73ms, mfu 4.40%
------average encoder activity 1.944
-----------average decoder density 0.5368
step 8900: train loss 2.5668, val loss 2.5994
model:LGT723E iter 8900: loss 2.6539, time 26197.69ms, mfu 3.99%
model:LGT723E iter 8910: loss 2.6469, time 1711.72ms, mfu 4.11%
model:LGT723E iter 8920: loss 2.6411, time 1712.46ms, mfu 4.22%
model:LGT723E iter 8930: loss 2.4759, time 1712.78ms, mfu 4.31%
model:LGT723E iter 8940: loss 2.7287, time 1712.20ms, mfu 4.40%
------average encoder activity 1.946
-----------average decoder density 0.5801
step 8950: train loss 2.5328, val loss 2.6023
model:LGT723E iter 8950: loss 2.5139, time 26186.01ms, mfu 3.99%
model:LGT723E iter 8960: loss 2.6088, time 1709.37ms, mfu 4.11%
model:LGT723E iter 8970: loss 2.4818, time 1708.40ms, mfu 4.22%
model:LGT723E iter 8980: loss 2.5795, time 1707.84ms, mfu 4.31%
model:LGT723E iter 8990: loss 2.8738, time 1708.01ms, mfu 4.40%
------average encoder activity 1.950
-----------average decoder density 0.5506
step 9000: train loss 2.5664, val loss 2.5999
model:LGT723E iter 9000: loss 2.6456, time 26215.24ms, mfu 3.99%
model:LGT723E iter 9010: loss 2.3742, time 1708.70ms, mfu 4.11%
model:LGT723E iter 9020: loss 2.6650, time 1711.60ms, mfu 4.22%
model:LGT723E iter 9030: loss 2.6465, time 1711.13ms, mfu 4.31%
model:LGT723E iter 9040: loss 2.4611, time 1708.87ms, mfu 4.40%
------average encoder activity 1.951
-----------average decoder density 0.5563
step 9050: train loss 2.5479, val loss 2.5982
model:LGT723E iter 9050: loss 2.2031, time 26188.66ms, mfu 3.99%
model:LGT723E iter 9060: loss 2.3703, time 1709.02ms, mfu 4.11%
model:LGT723E iter 9070: loss 2.5114, time 1708.67ms, mfu 4.22%
model:LGT723E iter 9080: loss 2.3016, time 1710.92ms, mfu 4.31%
model:LGT723E iter 9090: loss 2.2118, time 1708.85ms, mfu 4.40%
------average encoder activity 1.951
-----------average decoder density 0.5560
step 9100: train loss 2.5213, val loss 2.5745
saving checkpoint to out-novel-char3_LGT723E_3d25ede0cfd080d9e35756b051dcef65
model:LGT723E iter 9100: loss 2.5932, time 27611.45ms, mfu 3.99%
model:LGT723E iter 9110: loss 2.4966, time 1708.98ms, mfu 4.11%
model:LGT723E iter 9120: loss 2.5749, time 1708.01ms, mfu 4.22%
model:LGT723E iter 9130: loss 2.5727, time 1708.97ms, mfu 4.31%
model:LGT723E iter 9140: loss 2.6142, time 1710.94ms, mfu 4.40%
------average encoder activity 1.950
-----------average decoder density 0.5440
step 9150: train loss 2.5382, val loss 2.5666
saving checkpoint to out-novel-char3_LGT723E_3d25ede0cfd080d9e35756b051dcef65
model:LGT723E iter 9150: loss 2.7793, time 27580.00ms, mfu 3.99%
model:LGT723E iter 9160: loss 2.2733, time 1712.08ms, mfu 4.11%
model:LGT723E iter 9170: loss 2.6472, time 1711.74ms, mfu 4.21%
model:LGT723E iter 9180: loss 2.7962, time 1710.98ms, mfu 4.31%
model:LGT723E iter 9190: loss 2.4431, time 1715.53ms, mfu 4.39%
------average encoder activity 1.954
-----------average decoder density 0.5314
step 9200: train loss 2.5317, val loss 2.5755
model:LGT723E iter 9200: loss 2.2530, time 26204.48ms, mfu 3.99%
model:LGT723E iter 9210: loss 2.3978, time 1707.74ms, mfu 4.11%
model:LGT723E iter 9220: loss 2.4267, time 1707.41ms, mfu 4.21%
model:LGT723E iter 9230: loss 2.3943, time 1708.99ms, mfu 4.31%
model:LGT723E iter 9240: loss 2.3196, time 1707.41ms, mfu 4.40%
------average encoder activity 1.953
-----------average decoder density 0.5458
step 9250: train loss 2.5121, val loss 2.5806
model:LGT723E iter 9250: loss 2.4673, time 26148.71ms, mfu 3.99%
model:LGT723E iter 9260: loss 2.3195, time 1707.19ms, mfu 4.11%
model:LGT723E iter 9270: loss 2.7436, time 1708.64ms, mfu 4.22%
model:LGT723E iter 9280: loss 2.4865, time 1708.28ms, mfu 4.31%
model:LGT723E iter 9290: loss 2.5490, time 1708.46ms, mfu 4.40%
------average encoder activity 1.957
-----------average decoder density 0.5422
step 9300: train loss 2.5258, val loss 2.5532
saving checkpoint to out-novel-char3_LGT723E_3d25ede0cfd080d9e35756b051dcef65
model:LGT723E iter 9300: loss 2.7537, time 27520.21ms, mfu 3.99%
model:LGT723E iter 9310: loss 2.4033, time 1707.96ms, mfu 4.11%
model:LGT723E iter 9320: loss 2.6853, time 1709.07ms, mfu 4.22%
model:LGT723E iter 9330: loss 2.2820, time 1708.22ms, mfu 4.31%
model:LGT723E iter 9340: loss 2.5550, time 1708.02ms, mfu 4.40%
------average encoder activity 1.958
-----------average decoder density 0.5390
step 9350: train loss 2.5224, val loss 2.5512
saving checkpoint to out-novel-char3_LGT723E_3d25ede0cfd080d9e35756b051dcef65
model:LGT723E iter 9350: loss 2.2052, time 27544.16ms, mfu 3.99%
model:LGT723E iter 9360: loss 2.7658, time 1718.09ms, mfu 4.11%
model:LGT723E iter 9370: loss 2.3840, time 1716.27ms, mfu 4.21%
model:LGT723E iter 9380: loss 2.7686, time 1713.17ms, mfu 4.31%
model:LGT723E iter 9390: loss 2.5251, time 1710.93ms, mfu 4.39%
------average encoder activity 1.959
-----------average decoder density 0.5420
step 9400: train loss 2.4989, val loss 2.5683
model:LGT723E iter 9400: loss 2.4222, time 26235.76ms, mfu 3.99%
model:LGT723E iter 9410: loss 2.3407, time 1708.06ms, mfu 4.11%
model:LGT723E iter 9420: loss 2.8949, time 1707.75ms, mfu 4.21%
model:LGT723E iter 9430: loss 2.6163, time 1711.98ms, mfu 4.31%
model:LGT723E iter 9440: loss 2.7951, time 1712.66ms, mfu 4.39%
------average encoder activity 1.965
-----------average decoder density 0.5559
step 9450: train loss 2.4916, val loss 2.5859
model:LGT723E iter 9450: loss 2.4228, time 26238.66ms, mfu 3.99%
model:LGT723E iter 9460: loss 2.4560, time 1708.99ms, mfu 4.11%
model:LGT723E iter 9470: loss 2.6795, time 1708.28ms, mfu 4.21%
model:LGT723E iter 9480: loss 2.8131, time 1708.46ms, mfu 4.31%
model:LGT723E iter 9490: loss 2.8634, time 1708.96ms, mfu 4.40%
------average encoder activity 1.963
-----------average decoder density 0.5197
step 9500: train loss 2.5222, val loss 2.5807
model:LGT723E iter 9500: loss 2.5754, time 26213.51ms, mfu 3.99%
model:LGT723E iter 9510: loss 2.4837, time 1710.09ms, mfu 4.11%
model:LGT723E iter 9520: loss 2.3623, time 1712.02ms, mfu 4.22%
model:LGT723E iter 9530: loss 1.7094, time 1711.31ms, mfu 4.31%
model:LGT723E iter 9540: loss 2.5293, time 1710.01ms, mfu 4.40%
------average encoder activity 1.962
-----------average decoder density 0.5427
step 9550: train loss 2.4920, val loss 2.5572
model:LGT723E iter 9550: loss 2.6733, time 26206.40ms, mfu 3.99%
model:LGT723E iter 9560: loss 2.6664, time 1708.83ms, mfu 4.11%
model:LGT723E iter 9570: loss 2.6354, time 1708.77ms, mfu 4.22%
model:LGT723E iter 9580: loss 2.6877, time 1708.94ms, mfu 4.31%
model:LGT723E iter 9590: loss 2.4476, time 1709.24ms, mfu 4.40%
------average encoder activity 1.963
-----------average decoder density 0.5527
step 9600: train loss 2.5245, val loss 2.5621
model:LGT723E iter 9600: loss 2.4789, time 26303.79ms, mfu 3.99%
model:LGT723E iter 9610: loss 2.6237, time 1708.94ms, mfu 4.11%
model:LGT723E iter 9620: loss 2.2689, time 1708.11ms, mfu 4.22%
model:LGT723E iter 9630: loss 2.3923, time 1708.83ms, mfu 4.31%
model:LGT723E iter 9640: loss 2.4178, time 1708.66ms, mfu 4.40%
------average encoder activity 1.964
-----------average decoder density 0.5378
step 9650: train loss 2.4753, val loss 2.5867
model:LGT723E iter 9650: loss 2.3699, time 26246.09ms, mfu 3.99%
model:LGT723E iter 9660: loss 2.6152, time 1710.96ms, mfu 4.11%
model:LGT723E iter 9670: loss 2.0096, time 1713.00ms, mfu 4.22%
model:LGT723E iter 9680: loss 2.9558, time 1710.89ms, mfu 4.31%
model:LGT723E iter 9690: loss 2.4884, time 1711.50ms, mfu 4.40%
------average encoder activity 1.961
-----------average decoder density 0.5745
step 9700: train loss 2.4868, val loss 2.5306
saving checkpoint to out-novel-char3_LGT723E_3d25ede0cfd080d9e35756b051dcef65
model:LGT723E iter 9700: loss 2.6227, time 27599.64ms, mfu 3.99%
model:LGT723E iter 9710: loss 2.6277, time 1718.65ms, mfu 4.11%
model:LGT723E iter 9720: loss 2.9459, time 1711.79ms, mfu 4.21%
model:LGT723E iter 9730: loss 2.7309, time 1711.93ms, mfu 4.31%
model:LGT723E iter 9740: loss 2.2654, time 1713.24ms, mfu 4.39%
------average encoder activity 1.969
-----------average decoder density 0.5453
step 9750: train loss 2.5227, val loss 2.5783
model:LGT723E iter 9750: loss 2.2444, time 26202.67ms, mfu 3.99%
model:LGT723E iter 9760: loss 2.3856, time 1711.08ms, mfu 4.11%
model:LGT723E iter 9770: loss 2.6667, time 1707.65ms, mfu 4.21%
model:LGT723E iter 9780: loss 2.6040, time 1708.95ms, mfu 4.31%
model:LGT723E iter 9790: loss 2.4595, time 1708.06ms, mfu 4.40%
------average encoder activity 1.971
-----------average decoder density 0.5820
step 9800: train loss 2.4949, val loss 2.5285
saving checkpoint to out-novel-char3_LGT723E_3d25ede0cfd080d9e35756b051dcef65
model:LGT723E iter 9800: loss 2.4561, time 27537.22ms, mfu 3.99%
model:LGT723E iter 9810: loss 2.4794, time 1708.02ms, mfu 4.11%
model:LGT723E iter 9820: loss 2.6141, time 1708.77ms, mfu 4.21%
model:LGT723E iter 9830: loss 2.5430, time 1710.95ms, mfu 4.31%
model:LGT723E iter 9840: loss 2.5067, time 1711.33ms, mfu 4.40%
------average encoder activity 1.971
-----------average decoder density 0.5501
step 9850: train loss 2.4946, val loss 2.5226
saving checkpoint to out-novel-char3_LGT723E_3d25ede0cfd080d9e35756b051dcef65
model:LGT723E iter 9850: loss 2.6776, time 27479.35ms, mfu 3.99%
model:LGT723E iter 9860: loss 2.6975, time 1711.38ms, mfu 4.11%
model:LGT723E iter 9870: loss 2.5229, time 1711.06ms, mfu 4.21%
model:LGT723E iter 9880: loss 2.3600, time 1712.06ms, mfu 4.31%
model:LGT723E iter 9890: loss 2.5489, time 1715.31ms, mfu 4.39%
------average encoder activity 1.971
-----------average decoder density 0.5480
step 9900: train loss 2.4960, val loss 2.5696
model:LGT723E iter 9900: loss 2.8396, time 26210.56ms, mfu 3.99%
model:LGT723E iter 9910: loss 2.1108, time 1711.69ms, mfu 4.11%
model:LGT723E iter 9920: loss 2.1536, time 1712.37ms, mfu 4.21%
model:LGT723E iter 9930: loss 2.5993, time 1712.33ms, mfu 4.31%
model:LGT723E iter 9940: loss 2.4615, time 1712.88ms, mfu 4.39%
------average encoder activity 1.969
-----------average decoder density 0.5419
step 9950: train loss 2.5277, val loss 2.5733
model:LGT723E iter 9950: loss 2.6299, time 26217.38ms, mfu 3.99%
model:LGT723E iter 9960: loss 2.8305, time 1708.47ms, mfu 4.11%
model:LGT723E iter 9970: loss 2.2075, time 1713.66ms, mfu 4.21%
model:LGT723E iter 9980: loss 2.3554, time 1712.90ms, mfu 4.31%
model:LGT723E iter 9990: loss 2.7463, time 1707.96ms, mfu 4.39%
------average encoder activity 1.972
-----------average decoder density 0.5385
step 10000: train loss 2.5082, val loss 2.5542
model:LGT723E iter 10000: loss 2.1746, time 26170.21ms, mfu 3.99%
model:LGT723E iter 10010: loss 2.6419, time 1707.42ms, mfu 4.11%
model:LGT723E iter 10020: loss 2.2117, time 1707.70ms, mfu 4.21%
model:LGT723E iter 10030: loss 2.4446, time 1707.63ms, mfu 4.31%
model:LGT723E iter 10040: loss 2.4648, time 1708.32ms, mfu 4.40%
------average encoder activity 1.975
-----------average decoder density 0.5927
step 10050: train loss 2.4655, val loss 2.5380
model:LGT723E iter 10050: loss 2.3161, time 26163.02ms, mfu 3.99%
model:LGT723E iter 10060: loss 2.6417, time 1714.41ms, mfu 4.11%
model:LGT723E iter 10070: loss 2.5378, time 1714.25ms, mfu 4.21%
model:LGT723E iter 10080: loss 2.5214, time 1712.42ms, mfu 4.31%
model:LGT723E iter 10090: loss 2.7153, time 1711.00ms, mfu 4.39%
------average encoder activity 1.972
-----------average decoder density 0.5238
step 10100: train loss 2.4770, val loss 2.5076
saving checkpoint to out-novel-char3_LGT723E_3d25ede0cfd080d9e35756b051dcef65
model:LGT723E iter 10100: loss 2.4814, time 27479.09ms, mfu 3.99%
model:LGT723E iter 10110: loss 2.3979, time 1711.30ms, mfu 4.11%
model:LGT723E iter 10120: loss 2.3979, time 1711.13ms, mfu 4.21%
model:LGT723E iter 10130: loss 2.5533, time 1711.10ms, mfu 4.31%
model:LGT723E iter 10140: loss 2.5028, time 1710.93ms, mfu 4.39%
------average encoder activity 1.977
-----------average decoder density 0.5683
step 10150: train loss 2.5085, val loss 2.4986
saving checkpoint to out-novel-char3_LGT723E_3d25ede0cfd080d9e35756b051dcef65
model:LGT723E iter 10150: loss 2.6790, time 27613.46ms, mfu 3.99%
model:LGT723E iter 10160: loss 2.7865, time 1710.59ms, mfu 4.10%
model:LGT723E iter 10170: loss 2.6791, time 1711.58ms, mfu 4.21%
model:LGT723E iter 10180: loss 2.2467, time 1710.93ms, mfu 4.31%
model:LGT723E iter 10190: loss 2.6186, time 1712.50ms, mfu 4.39%
------average encoder activity 1.976
-----------average decoder density 0.5293
step 10200: train loss 2.4631, val loss 2.5160
model:LGT723E iter 10200: loss 2.5777, time 26195.56ms, mfu 3.99%
model:LGT723E iter 10210: loss 2.6751, time 1711.77ms, mfu 4.11%
model:LGT723E iter 10220: loss 2.4099, time 1714.59ms, mfu 4.21%
model:LGT723E iter 10230: loss 2.6704, time 1711.06ms, mfu 4.31%
model:LGT723E iter 10240: loss 2.3752, time 1715.05ms, mfu 4.39%
------average encoder activity 1.974
-----------average decoder density 0.5196
step 10250: train loss 2.4864, val loss 2.5334
model:LGT723E iter 10250: loss 2.6557, time 26241.25ms, mfu 3.99%
model:LGT723E iter 10260: loss 2.6819, time 1711.45ms, mfu 4.10%
model:LGT723E iter 10270: loss 2.4393, time 1711.13ms, mfu 4.21%
model:LGT723E iter 10280: loss 2.1710, time 1712.44ms, mfu 4.31%
model:LGT723E iter 10290: loss 2.5610, time 1718.30ms, mfu 4.39%
------average encoder activity 1.977
-----------average decoder density 0.5460
step 10300: train loss 2.4530, val loss 2.5244
model:LGT723E iter 10300: loss 2.2301, time 26240.42ms, mfu 3.98%
model:LGT723E iter 10310: loss 2.5957, time 1710.18ms, mfu 4.10%
model:LGT723E iter 10320: loss 2.5145, time 1709.52ms, mfu 4.21%
model:LGT723E iter 10330: loss 2.4141, time 1709.96ms, mfu 4.31%
model:LGT723E iter 10340: loss 2.3923, time 1710.30ms, mfu 4.39%
------average encoder activity 1.976
-----------average decoder density 0.5464
step 10350: train loss 2.4479, val loss 2.5343
model:LGT723E iter 10350: loss 2.5667, time 26211.48ms, mfu 3.99%
model:LGT723E iter 10360: loss 2.3571, time 1709.82ms, mfu 4.11%
model:LGT723E iter 10370: loss 2.3107, time 1709.60ms, mfu 4.21%
model:LGT723E iter 10380: loss 2.3308, time 1711.59ms, mfu 4.31%
model:LGT723E iter 10390: loss 2.4819, time 1708.43ms, mfu 4.40%
------average encoder activity 1.977
-----------average decoder density 0.5521
step 10400: train loss 2.4439, val loss 2.5295
model:LGT723E iter 10400: loss 2.5761, time 26195.61ms, mfu 3.99%
model:LGT723E iter 10410: loss 2.1331, time 1708.81ms, mfu 4.11%
model:LGT723E iter 10420: loss 2.4483, time 1709.00ms, mfu 4.21%
model:LGT723E iter 10430: loss 2.4051, time 1708.44ms, mfu 4.31%
model:LGT723E iter 10440: loss 2.4045, time 1708.39ms, mfu 4.40%
------average encoder activity 1.976
-----------average decoder density 0.5494
step 10450: train loss 2.4627, val loss 2.5079
model:LGT723E iter 10450: loss 2.4930, time 26216.42ms, mfu 3.99%
model:LGT723E iter 10460: loss 2.7497, time 1710.50ms, mfu 4.11%
model:LGT723E iter 10470: loss 2.8721, time 1708.33ms, mfu 4.22%
model:LGT723E iter 10480: loss 2.6885, time 1708.69ms, mfu 4.31%
model:LGT723E iter 10490: loss 2.8886, time 1712.11ms, mfu 4.40%
------average encoder activity 1.979
-----------average decoder density 0.5449
step 10500: train loss 2.4824, val loss 2.5031
model:LGT723E iter 10500: loss 2.4473, time 26195.14ms, mfu 3.99%
model:LGT723E iter 10510: loss 2.2823, time 1707.98ms, mfu 4.11%
model:LGT723E iter 10520: loss 2.5915, time 1710.43ms, mfu 4.22%
model:LGT723E iter 10530: loss 2.6107, time 1709.48ms, mfu 4.31%
model:LGT723E iter 10540: loss 2.1139, time 1708.08ms, mfu 4.40%
------average encoder activity 1.981
-----------average decoder density 0.5208
step 10550: train loss 2.4374, val loss 2.5090
model:LGT723E iter 10550: loss 2.5203, time 26192.70ms, mfu 3.99%
model:LGT723E iter 10560: loss 2.4962, time 1707.71ms, mfu 4.11%
model:LGT723E iter 10570: loss 2.4708, time 1709.04ms, mfu 4.22%
model:LGT723E iter 10580: loss 2.4514, time 1707.53ms, mfu 4.31%
model:LGT723E iter 10590: loss 2.2639, time 1707.91ms, mfu 4.40%
------average encoder activity 1.978
-----------average decoder density 0.5175
step 10600: train loss 2.4486, val loss 2.5181
model:LGT723E iter 10600: loss 2.5349, time 26164.19ms, mfu 3.99%
model:LGT723E iter 10610: loss 2.5954, time 1707.93ms, mfu 4.11%
model:LGT723E iter 10620: loss 2.4793, time 1708.96ms, mfu 4.22%
model:LGT723E iter 10630: loss 2.4136, time 1708.57ms, mfu 4.31%
model:LGT723E iter 10640: loss 2.4378, time 1708.53ms, mfu 4.40%
------average encoder activity 1.979
-----------average decoder density 0.5578
step 10650: train loss 2.4446, val loss 2.5250
model:LGT723E iter 10650: loss 2.1604, time 26176.33ms, mfu 3.99%
model:LGT723E iter 10660: loss 2.2823, time 1708.44ms, mfu 4.11%
model:LGT723E iter 10670: loss 2.1904, time 1709.01ms, mfu 4.22%
model:LGT723E iter 10680: loss 2.5739, time 1708.15ms, mfu 4.31%
model:LGT723E iter 10690: loss 2.6231, time 1708.18ms, mfu 4.40%
------average encoder activity 1.980
-----------average decoder density 0.5986
step 10700: train loss 2.4727, val loss 2.5029
model:LGT723E iter 10700: loss 2.4440, time 26177.87ms, mfu 3.99%
model:LGT723E iter 10710: loss 2.0886, time 1707.88ms, mfu 4.11%
model:LGT723E iter 10720: loss 2.1683, time 1709.99ms, mfu 4.22%
model:LGT723E iter 10730: loss 2.6379, time 1708.72ms, mfu 4.31%
model:LGT723E iter 10740: loss 1.8117, time 1708.91ms, mfu 4.40%
------average encoder activity 1.980
-----------average decoder density 0.5276
step 10750: train loss 2.4423, val loss 2.5066
model:LGT723E iter 10750: loss 1.8130, time 26177.38ms, mfu 3.99%
model:LGT723E iter 10760: loss 2.8119, time 1708.02ms, mfu 4.11%
model:LGT723E iter 10770: loss 2.1489, time 1708.76ms, mfu 4.22%
model:LGT723E iter 10780: loss 2.1646, time 1709.13ms, mfu 4.31%
model:LGT723E iter 10790: loss 2.5743, time 1709.03ms, mfu 4.40%
------average encoder activity 1.982
-----------average decoder density 0.5551
step 10800: train loss 2.4427, val loss 2.5171
model:LGT723E iter 10800: loss 2.4038, time 26273.42ms, mfu 3.99%
model:LGT723E iter 10810: loss 2.7623, time 1711.70ms, mfu 4.11%
model:LGT723E iter 10820: loss 2.3831, time 1712.57ms, mfu 4.22%
model:LGT723E iter 10830: loss 2.5578, time 1711.69ms, mfu 4.31%
model:LGT723E iter 10840: loss 2.5185, time 1710.87ms, mfu 4.40%
------average encoder activity 1.982
-----------average decoder density 0.5447
step 10850: train loss 2.4425, val loss 2.5217
model:LGT723E iter 10850: loss 2.5194, time 26185.47ms, mfu 3.99%
model:LGT723E iter 10860: loss 2.5300, time 1709.10ms, mfu 4.11%
model:LGT723E iter 10870: loss 2.2478, time 1714.61ms, mfu 4.21%
model:LGT723E iter 10880: loss 2.2441, time 1711.86ms, mfu 4.31%
model:LGT723E iter 10890: loss 2.4063, time 1708.81ms, mfu 4.40%
------average encoder activity 1.983
-----------average decoder density 0.5563
step 10900: train loss 2.4424, val loss 2.4737
saving checkpoint to out-novel-char3_LGT723E_3d25ede0cfd080d9e35756b051dcef65
model:LGT723E iter 10900: loss 2.5407, time 27441.59ms, mfu 3.99%
model:LGT723E iter 10910: loss 2.5877, time 1711.20ms, mfu 4.11%
model:LGT723E iter 10920: loss 2.5149, time 1707.86ms, mfu 4.21%
model:LGT723E iter 10930: loss 2.6999, time 1708.92ms, mfu 4.31%
model:LGT723E iter 10940: loss 2.1436, time 1707.30ms, mfu 4.40%
------average encoder activity 1.983
-----------average decoder density 0.5108
step 10950: train loss 2.4532, val loss 2.5038
model:LGT723E iter 10950: loss 2.6671, time 26171.79ms, mfu 3.99%
model:LGT723E iter 10960: loss 2.5340, time 1707.90ms, mfu 4.11%
model:LGT723E iter 10970: loss 2.2413, time 1710.33ms, mfu 4.22%
model:LGT723E iter 10980: loss 2.1602, time 1715.35ms, mfu 4.31%
model:LGT723E iter 10990: loss 2.0817, time 1716.96ms, mfu 4.39%
------average encoder activity 1.987
-----------average decoder density 0.5654
step 11000: train loss 2.4555, val loss 2.5016
model:LGT723E iter 11000: loss 2.1065, time 26291.56ms, mfu 3.99%
model:LGT723E iter 11010: loss 2.3963, time 1715.80ms, mfu 4.11%
model:LGT723E iter 11020: loss 2.6450, time 1714.82ms, mfu 4.21%
model:LGT723E iter 11030: loss 2.4700, time 1716.34ms, mfu 4.30%
model:LGT723E iter 11040: loss 2.3518, time 1712.01ms, mfu 4.39%
------average encoder activity 1.986
-----------average decoder density 0.5665
step 11050: train loss 2.4525, val loss 2.5097
model:LGT723E iter 11050: loss 2.5269, time 26225.03ms, mfu 3.99%
model:LGT723E iter 11060: loss 2.3962, time 1712.69ms, mfu 4.10%
model:LGT723E iter 11070: loss 2.6967, time 1708.87ms, mfu 4.21%
model:LGT723E iter 11080: loss 2.5552, time 1711.99ms, mfu 4.31%
model:LGT723E iter 11090: loss 2.5956, time 1708.93ms, mfu 4.39%
------average encoder activity 1.988
-----------average decoder density 0.5249
step 11100: train loss 2.4449, val loss 2.5111
model:LGT723E iter 11100: loss 2.4139, time 26226.77ms, mfu 3.99%
model:LGT723E iter 11110: loss 2.4456, time 1708.40ms, mfu 4.11%
model:LGT723E iter 11120: loss 2.4210, time 1708.41ms, mfu 4.21%
model:LGT723E iter 11130: loss 2.1589, time 1713.32ms, mfu 4.31%
model:LGT723E iter 11140: loss 2.3262, time 1713.15ms, mfu 4.39%
------average encoder activity 1.984
-----------average decoder density 0.5277
step 11150: train loss 2.4353, val loss 2.5019
model:LGT723E iter 11150: loss 2.5613, time 26255.51ms, mfu 3.99%
model:LGT723E iter 11160: loss 2.4370, time 1708.51ms, mfu 4.11%
model:LGT723E iter 11170: loss 2.5095, time 1707.70ms, mfu 4.21%
model:LGT723E iter 11180: loss 2.4659, time 1710.91ms, mfu 4.31%
model:LGT723E iter 11190: loss 2.7961, time 1711.84ms, mfu 4.40%
------average encoder activity 1.987
-----------average decoder density 0.5549
step 11200: train loss 2.4146, val loss 2.4912
model:LGT723E iter 11200: loss 2.3010, time 26219.95ms, mfu 3.99%
model:LGT723E iter 11210: loss 2.3836, time 1712.06ms, mfu 4.11%
model:LGT723E iter 11220: loss 2.7163, time 1715.10ms, mfu 4.21%
model:LGT723E iter 11230: loss 2.6083, time 1712.37ms, mfu 4.31%
model:LGT723E iter 11240: loss 2.4144, time 1711.42ms, mfu 4.39%
------average encoder activity 1.990
-----------average decoder density 0.5084
step 11250: train loss 2.4052, val loss 2.4923
model:LGT723E iter 11250: loss 2.2031, time 26209.04ms, mfu 3.99%
model:LGT723E iter 11260: loss 2.3208, time 1711.77ms, mfu 4.11%
model:LGT723E iter 11270: loss 2.8410, time 1712.92ms, mfu 4.21%
model:LGT723E iter 11280: loss 1.8093, time 1711.41ms, mfu 4.31%
model:LGT723E iter 11290: loss 2.1495, time 1711.83ms, mfu 4.39%
------average encoder activity 1.990
-----------average decoder density 0.5265
step 11300: train loss 2.4181, val loss 2.4844
model:LGT723E iter 11300: loss 2.3264, time 26173.66ms, mfu 3.99%
model:LGT723E iter 11310: loss 2.1222, time 1708.40ms, mfu 4.11%
model:LGT723E iter 11320: loss 2.6653, time 1708.05ms, mfu 4.21%
model:LGT723E iter 11330: loss 2.7206, time 1709.17ms, mfu 4.31%
model:LGT723E iter 11340: loss 2.5301, time 1707.18ms, mfu 4.40%
------average encoder activity 1.989
-----------average decoder density 0.5200
step 11350: train loss 2.4265, val loss 2.4627
saving checkpoint to out-novel-char3_LGT723E_3d25ede0cfd080d9e35756b051dcef65
model:LGT723E iter 11350: loss 2.4879, time 27571.83ms, mfu 3.99%
model:LGT723E iter 11360: loss 2.5403, time 1714.86ms, mfu 4.11%
model:LGT723E iter 11370: loss 2.5043, time 1708.57ms, mfu 4.21%
model:LGT723E iter 11380: loss 2.4791, time 1710.95ms, mfu 4.31%
model:LGT723E iter 11390: loss 2.1983, time 1710.12ms, mfu 4.40%
------average encoder activity 1.990
-----------average decoder density 0.5038
step 11400: train loss 2.4237, val loss 2.5021
model:LGT723E iter 11400: loss 2.3621, time 26259.31ms, mfu 3.99%
model:LGT723E iter 11410: loss 2.2428, time 1708.90ms, mfu 4.11%
model:LGT723E iter 11420: loss 2.3508, time 1708.56ms, mfu 4.21%
model:LGT723E iter 11430: loss 2.4168, time 1708.54ms, mfu 4.31%
model:LGT723E iter 11440: loss 2.4587, time 1711.97ms, mfu 4.40%
------average encoder activity 1.988
-----------average decoder density 0.5525
step 11450: train loss 2.4038, val loss 2.5088
model:LGT723E iter 11450: loss 2.0909, time 26175.82ms, mfu 3.99%
model:LGT723E iter 11460: loss 2.4635, time 1711.49ms, mfu 4.11%
model:LGT723E iter 11470: loss 2.2652, time 1711.95ms, mfu 4.21%
model:LGT723E iter 11480: loss 2.7489, time 1711.79ms, mfu 4.31%
model:LGT723E iter 11490: loss 2.7444, time 1710.77ms, mfu 4.40%
------average encoder activity 1.989
-----------average decoder density 0.5464
step 11500: train loss 2.4319, val loss 2.4768
model:LGT723E iter 11500: loss 2.5728, time 26231.47ms, mfu 3.99%
model:LGT723E iter 11510: loss 2.3494, time 1718.51ms, mfu 4.11%
model:LGT723E iter 11520: loss 2.1361, time 1711.46ms, mfu 4.21%
model:LGT723E iter 11530: loss 2.4874, time 1713.76ms, mfu 4.31%
model:LGT723E iter 11540: loss 2.5990, time 1713.08ms, mfu 4.39%
------average encoder activity 1.990
-----------average decoder density 0.5257
step 11550: train loss 2.4203, val loss 2.4657
model:LGT723E iter 11550: loss 2.5249, time 26224.71ms, mfu 3.99%
model:LGT723E iter 11560: loss 2.1942, time 1710.84ms, mfu 4.11%
model:LGT723E iter 11570: loss 2.1917, time 1711.11ms, mfu 4.21%
model:LGT723E iter 11580: loss 2.2709, time 1710.92ms, mfu 4.31%
model:LGT723E iter 11590: loss 2.3352, time 1711.71ms, mfu 4.39%
------average encoder activity 1.989
-----------average decoder density 0.5320
step 11600: train loss 2.3974, val loss 2.4802
model:LGT723E iter 11600: loss 2.5533, time 26187.55ms, mfu 3.99%
model:LGT723E iter 11610: loss 2.2793, time 1710.59ms, mfu 4.11%
model:LGT723E iter 11620: loss 2.3641, time 1708.33ms, mfu 4.21%
model:LGT723E iter 11630: loss 2.5842, time 1708.32ms, mfu 4.31%
model:LGT723E iter 11640: loss 2.6586, time 1709.29ms, mfu 4.40%
------average encoder activity 1.988
-----------average decoder density 0.5556
step 11650: train loss 2.3937, val loss 2.4687
model:LGT723E iter 11650: loss 2.4560, time 26184.13ms, mfu 3.99%
model:LGT723E iter 11660: loss 2.3946, time 1708.97ms, mfu 4.11%
model:LGT723E iter 11670: loss 2.6903, time 1708.52ms, mfu 4.22%
model:LGT723E iter 11680: loss 2.3663, time 1712.52ms, mfu 4.31%
model:LGT723E iter 11690: loss 2.7115, time 1715.37ms, mfu 4.40%
------average encoder activity 1.989
-----------average decoder density 0.5227
step 11700: train loss 2.4066, val loss 2.4513
saving checkpoint to out-novel-char3_LGT723E_3d25ede0cfd080d9e35756b051dcef65
model:LGT723E iter 11700: loss 2.8770, time 27577.09ms, mfu 3.99%
model:LGT723E iter 11710: loss 2.1058, time 1712.25ms, mfu 4.11%
model:LGT723E iter 11720: loss 1.8257, time 1711.58ms, mfu 4.21%
model:LGT723E iter 11730: loss 2.0656, time 1708.59ms, mfu 4.31%
model:LGT723E iter 11740: loss 2.2797, time 1707.69ms, mfu 4.40%
------average encoder activity 1.987
-----------average decoder density 0.5317
step 11750: train loss 2.4027, val loss 2.4823
model:LGT723E iter 11750: loss 2.3093, time 26183.78ms, mfu 3.99%
model:LGT723E iter 11760: loss 2.4224, time 1711.67ms, mfu 4.11%
model:LGT723E iter 11770: loss 2.0246, time 1710.29ms, mfu 4.21%
model:LGT723E iter 11780: loss 2.5081, time 1712.58ms, mfu 4.31%
model:LGT723E iter 11790: loss 2.2625, time 1709.34ms, mfu 4.40%
------average encoder activity 1.986
-----------average decoder density 0.5509
step 11800: train loss 2.4088, val loss 2.4753
model:LGT723E iter 11800: loss 2.4094, time 26180.88ms, mfu 3.99%
model:LGT723E iter 11810: loss 2.6397, time 1708.42ms, mfu 4.11%
model:LGT723E iter 11820: loss 2.3146, time 1708.69ms, mfu 4.22%
model:LGT723E iter 11830: loss 2.4075, time 1708.78ms, mfu 4.31%
model:LGT723E iter 11840: loss 2.4982, time 1709.06ms, mfu 4.40%
------average encoder activity 1.990
-----------average decoder density 0.5347
step 11850: train loss 2.4256, val loss 2.4587
model:LGT723E iter 11850: loss 2.5064, time 26212.23ms, mfu 3.99%
model:LGT723E iter 11860: loss 2.4115, time 1709.28ms, mfu 4.11%
model:LGT723E iter 11870: loss 2.2299, time 1708.63ms, mfu 4.22%
model:LGT723E iter 11880: loss 2.6481, time 1708.28ms, mfu 4.31%
model:LGT723E iter 11890: loss 2.5133, time 1708.87ms, mfu 4.40%
------average encoder activity 1.991
-----------average decoder density 0.5491
step 11900: train loss 2.4204, val loss 2.4603
model:LGT723E iter 11900: loss 2.6281, time 26231.67ms, mfu 3.99%
model:LGT723E iter 11910: loss 2.1902, time 1710.98ms, mfu 4.11%
model:LGT723E iter 11920: loss 2.4822, time 1709.64ms, mfu 4.22%
model:LGT723E iter 11930: loss 2.3333, time 1710.32ms, mfu 4.31%
model:LGT723E iter 11940: loss 2.2362, time 1708.73ms, mfu 4.40%
------average encoder activity 1.991
-----------average decoder density 0.5856
step 11950: train loss 2.4070, val loss 2.4614
model:LGT723E iter 11950: loss 2.1736, time 26208.61ms, mfu 3.99%
model:LGT723E iter 11960: loss 2.4673, time 1707.89ms, mfu 4.11%
model:LGT723E iter 11970: loss 2.2867, time 1709.22ms, mfu 4.22%
model:LGT723E iter 11980: loss 2.2305, time 1707.96ms, mfu 4.31%
model:LGT723E iter 11990: loss 2.3709, time 1714.58ms, mfu 4.40%
------average encoder activity 1.989
-----------average decoder density 0.5631
step 12000: train loss 2.4008, val loss 2.4768
model:LGT723E iter 12000: loss 2.1402, time 26185.73ms, mfu 3.99%
model:LGT723E iter 12010: loss 2.2641, time 1708.42ms, mfu 4.11%
model:LGT723E iter 12020: loss 2.6963, time 1707.93ms, mfu 4.22%
model:LGT723E iter 12030: loss 2.2598, time 1708.85ms, mfu 4.31%
model:LGT723E iter 12040: loss 2.0671, time 1708.71ms, mfu 4.40%
------average encoder activity 1.990
-----------average decoder density 0.5443
step 12050: train loss 2.3769, val loss 2.4236
saving checkpoint to out-novel-char3_LGT723E_3d25ede0cfd080d9e35756b051dcef65
model:LGT723E iter 12050: loss 2.7787, time 27620.41ms, mfu 3.99%
model:LGT723E iter 12060: loss 2.3860, time 1709.87ms, mfu 4.11%
model:LGT723E iter 12070: loss 2.4945, time 1714.05ms, mfu 4.21%
model:LGT723E iter 12080: loss 2.0851, time 1710.79ms, mfu 4.31%
model:LGT723E iter 12090: loss 2.6545, time 1713.54ms, mfu 4.40%
------average encoder activity 1.991
-----------average decoder density 0.5205
step 12100: train loss 2.3808, val loss 2.4248
model:LGT723E iter 12100: loss 2.3223, time 26187.73ms, mfu 3.99%
model:LGT723E iter 12110: loss 2.5131, time 1710.19ms, mfu 4.11%
model:LGT723E iter 12120: loss 2.3014, time 1707.54ms, mfu 4.22%
model:LGT723E iter 12130: loss 2.4873, time 1709.62ms, mfu 4.31%
model:LGT723E iter 12140: loss 2.4284, time 1709.75ms, mfu 4.40%
------average encoder activity 1.989
-----------average decoder density 0.5594
step 12150: train loss 2.4184, val loss 2.4488
model:LGT723E iter 12150: loss 2.3448, time 26173.11ms, mfu 3.99%
model:LGT723E iter 12160: loss 2.6578, time 1707.69ms, mfu 4.11%
model:LGT723E iter 12170: loss 2.4309, time 1707.71ms, mfu 4.22%
model:LGT723E iter 12180: loss 2.4920, time 1708.80ms, mfu 4.31%
model:LGT723E iter 12190: loss 1.8327, time 1707.12ms, mfu 4.40%
------average encoder activity 1.991
-----------average decoder density 0.5025
step 12200: train loss 2.3993, val loss 2.4563
model:LGT723E iter 12200: loss 2.3050, time 26186.67ms, mfu 3.99%
model:LGT723E iter 12210: loss 2.5368, time 1709.90ms, mfu 4.11%
model:LGT723E iter 12220: loss 2.1155, time 1708.06ms, mfu 4.22%
model:LGT723E iter 12230: loss 2.4018, time 1710.53ms, mfu 4.31%
model:LGT723E iter 12240: loss 2.6771, time 1715.90ms, mfu 4.40%
------average encoder activity 1.992
-----------average decoder density 0.5517
step 12250: train loss 2.3727, val loss 2.4282
model:LGT723E iter 12250: loss 2.4593, time 26208.74ms, mfu 3.99%
model:LGT723E iter 12260: loss 2.3321, time 1712.18ms, mfu 4.11%
model:LGT723E iter 12270: loss 2.6252, time 1710.90ms, mfu 4.21%
model:LGT723E iter 12280: loss 2.6954, time 1722.67ms, mfu 4.31%
model:LGT723E iter 12290: loss 2.5053, time 1713.15ms, mfu 4.39%
------average encoder activity 1.993
-----------average decoder density 0.5167
step 12300: train loss 2.3980, val loss 2.4374
model:LGT723E iter 12300: loss 2.2424, time 26241.64ms, mfu 3.99%
model:LGT723E iter 12310: loss 2.0969, time 1712.96ms, mfu 4.10%
model:LGT723E iter 12320: loss 2.3463, time 1710.70ms, mfu 4.21%
model:LGT723E iter 12330: loss 2.3700, time 1707.65ms, mfu 4.31%
model:LGT723E iter 12340: loss 2.3539, time 1712.01ms, mfu 4.39%
------average encoder activity 1.995
-----------average decoder density 0.5523
step 12350: train loss 2.3559, val loss 2.4286
model:LGT723E iter 12350: loss 2.3448, time 26203.30ms, mfu 3.99%
model:LGT723E iter 12360: loss 2.2552, time 1711.49ms, mfu 4.11%
model:LGT723E iter 12370: loss 2.3265, time 1722.51ms, mfu 4.21%
model:LGT723E iter 12380: loss 2.3817, time 1715.07ms, mfu 4.30%
model:LGT723E iter 12390: loss 2.4569, time 1714.00ms, mfu 4.39%
------average encoder activity 1.996
-----------average decoder density 0.5351
step 12400: train loss 2.3602, val loss 2.4488
model:LGT723E iter 12400: loss 2.6207, time 26212.21ms, mfu 3.98%
model:LGT723E iter 12410: loss 2.2151, time 1713.60ms, mfu 4.10%
model:LGT723E iter 12420: loss 2.5775, time 1714.23ms, mfu 4.21%
model:LGT723E iter 12430: loss 2.5555, time 1716.81ms, mfu 4.30%
model:LGT723E iter 12440: loss 2.4428, time 1713.63ms, mfu 4.39%
------average encoder activity 1.996
-----------average decoder density 0.5168
step 12450: train loss 2.4176, val loss 2.4326
model:LGT723E iter 12450: loss 2.4226, time 26290.43ms, mfu 3.98%
model:LGT723E iter 12460: loss 2.1012, time 1711.22ms, mfu 4.10%
model:LGT723E iter 12470: loss 2.4084, time 1716.50ms, mfu 4.21%
model:LGT723E iter 12480: loss 2.1949, time 1709.24ms, mfu 4.30%
model:LGT723E iter 12490: loss 2.4153, time 1713.73ms, mfu 4.39%
------average encoder activity 1.998
-----------average decoder density 0.5040
step 12500: train loss 2.3773, val loss 2.4427
model:LGT723E iter 12500: loss 2.0709, time 26222.55ms, mfu 3.98%
model:LGT723E iter 12510: loss 1.9395, time 1712.48ms, mfu 4.10%
model:LGT723E iter 12520: loss 2.4405, time 1707.48ms, mfu 4.21%
model:LGT723E iter 12530: loss 2.2783, time 1713.05ms, mfu 4.31%
model:LGT723E iter 12540: loss 1.7337, time 1710.33ms, mfu 4.39%
------average encoder activity 1.995
-----------average decoder density 0.5654
step 12550: train loss 2.4291, val loss 2.4352
model:LGT723E iter 12550: loss 2.1864, time 26250.57ms, mfu 3.99%
model:LGT723E iter 12560: loss 2.1644, time 1713.48ms, mfu 4.10%
model:LGT723E iter 12570: loss 2.4528, time 1711.08ms, mfu 4.21%
model:LGT723E iter 12580: loss 2.4081, time 1707.10ms, mfu 4.31%
model:LGT723E iter 12590: loss 2.4532, time 1708.46ms, mfu 4.39%
------average encoder activity 1.997
-----------average decoder density 0.5217
step 12600: train loss 2.4444, val loss 2.4555
model:LGT723E iter 12600: loss 2.8327, time 26199.19ms, mfu 3.99%
model:LGT723E iter 12610: loss 2.3920, time 1707.66ms, mfu 4.11%
model:LGT723E iter 12620: loss 2.2468, time 1708.29ms, mfu 4.21%
model:LGT723E iter 12630: loss 2.3465, time 1708.89ms, mfu 4.31%
model:LGT723E iter 12640: loss 2.1740, time 1708.29ms, mfu 4.40%
------average encoder activity 1.997
-----------average decoder density 0.5202
step 12650: train loss 2.4667, val loss 2.4641
model:LGT723E iter 12650: loss 2.5858, time 26234.99ms, mfu 3.99%
model:LGT723E iter 12660: loss 2.2273, time 1710.11ms, mfu 4.11%
model:LGT723E iter 12670: loss 2.2110, time 1712.54ms, mfu 4.22%
model:LGT723E iter 12680: loss 2.2854, time 1715.96ms, mfu 4.31%
model:LGT723E iter 12690: loss 2.1093, time 1711.82ms, mfu 4.39%
------average encoder activity 1.997
-----------average decoder density 0.5445
step 12700: train loss 2.4023, val loss 2.4159
saving checkpoint to out-novel-char3_LGT723E_3d25ede0cfd080d9e35756b051dcef65
model:LGT723E iter 12700: loss 2.4061, time 27580.40ms, mfu 3.99%
model:LGT723E iter 12710: loss 2.3835, time 1711.23ms, mfu 4.11%
model:LGT723E iter 12720: loss 2.3719, time 1712.65ms, mfu 4.21%
model:LGT723E iter 12730: loss 2.4292, time 1712.07ms, mfu 4.31%
model:LGT723E iter 12740: loss 2.5643, time 1708.56ms, mfu 4.39%
------average encoder activity 1.997
-----------average decoder density 0.5553
step 12750: train loss 2.3634, val loss 2.4533
model:LGT723E iter 12750: loss 2.3685, time 26207.21ms, mfu 3.99%
model:LGT723E iter 12760: loss 2.4796, time 1709.77ms, mfu 4.11%
model:LGT723E iter 12770: loss 2.8008, time 1711.69ms, mfu 4.21%
model:LGT723E iter 12780: loss 2.5667, time 1713.27ms, mfu 4.31%
model:LGT723E iter 12790: loss 2.4739, time 1710.94ms, mfu 4.39%
------average encoder activity 2.000
-----------average decoder density 0.5258
step 12800: train loss 2.3634, val loss 2.4282
model:LGT723E iter 12800: loss 2.2562, time 26281.81ms, mfu 3.99%
model:LGT723E iter 12810: loss 2.2015, time 1707.86ms, mfu 4.11%
model:LGT723E iter 12820: loss 2.1893, time 1710.57ms, mfu 4.21%
model:LGT723E iter 12830: loss 2.3945, time 1708.03ms, mfu 4.31%
model:LGT723E iter 12840: loss 2.2636, time 1707.68ms, mfu 4.40%
------average encoder activity 1.998
-----------average decoder density 0.5509
step 12850: train loss 2.3497, val loss 2.4204
model:LGT723E iter 12850: loss 2.5307, time 26189.88ms, mfu 3.99%
model:LGT723E iter 12860: loss 2.4629, time 1713.03ms, mfu 4.11%
model:LGT723E iter 12870: loss 2.1738, time 1712.14ms, mfu 4.21%
model:LGT723E iter 12880: loss 2.2084, time 1711.96ms, mfu 4.31%
model:LGT723E iter 12890: loss 2.3175, time 1712.78ms, mfu 4.39%
------average encoder activity 1.999
-----------average decoder density 0.5164
step 12900: train loss 2.3705, val loss 2.4063
saving checkpoint to out-novel-char3_LGT723E_3d25ede0cfd080d9e35756b051dcef65
model:LGT723E iter 12900: loss 2.2633, time 27594.93ms, mfu 3.99%
model:LGT723E iter 12910: loss 2.3270, time 1711.47ms, mfu 4.11%
model:LGT723E iter 12920: loss 2.2908, time 1714.69ms, mfu 4.21%
model:LGT723E iter 12930: loss 2.2232, time 1711.44ms, mfu 4.31%
model:LGT723E iter 12940: loss 2.3392, time 1712.56ms, mfu 4.39%
------average encoder activity 1.996
-----------average decoder density 0.5377
step 12950: train loss 2.3734, val loss 2.4441
model:LGT723E iter 12950: loss 2.1997, time 26239.83ms, mfu 3.99%
model:LGT723E iter 12960: loss 2.3376, time 1709.24ms, mfu 4.11%
model:LGT723E iter 12970: loss 2.2194, time 1714.78ms, mfu 4.21%
model:LGT723E iter 12980: loss 2.4913, time 1714.10ms, mfu 4.31%
model:LGT723E iter 12990: loss 2.3501, time 1712.86ms, mfu 4.39%
------average encoder activity 2.000
-----------average decoder density 0.5068
step 13000: train loss 2.3407, val loss 2.4077
model:LGT723E iter 13000: loss 2.3277, time 26211.82ms, mfu 3.99%
model:LGT723E iter 13010: loss 2.2240, time 1709.47ms, mfu 4.10%
model:LGT723E iter 13020: loss 1.7939, time 1708.44ms, mfu 4.21%
model:LGT723E iter 13030: loss 2.2671, time 1709.80ms, mfu 4.31%
model:LGT723E iter 13040: loss 2.4481, time 1709.11ms, mfu 4.39%
------average encoder activity 1.998
-----------average decoder density 0.5523
step 13050: train loss 2.4182, val loss 2.4245
model:LGT723E iter 13050: loss 2.4676, time 26196.45ms, mfu 3.99%
model:LGT723E iter 13060: loss 2.6435, time 1708.71ms, mfu 4.11%
model:LGT723E iter 13070: loss 2.3147, time 1708.62ms, mfu 4.21%
model:LGT723E iter 13080: loss 2.1908, time 1708.36ms, mfu 4.31%
model:LGT723E iter 13090: loss 2.3761, time 1708.11ms, mfu 4.40%
------average encoder activity 1.996
-----------average decoder density 0.5404
step 13100: train loss 2.3350, val loss 2.4411
model:LGT723E iter 13100: loss 2.0394, time 26250.80ms, mfu 3.99%
model:LGT723E iter 13110: loss 2.2028, time 1713.46ms, mfu 4.11%
model:LGT723E iter 13120: loss 2.3453, time 1708.21ms, mfu 4.22%
model:LGT723E iter 13130: loss 2.3877, time 1708.79ms, mfu 4.31%
model:LGT723E iter 13140: loss 2.2179, time 1709.66ms, mfu 4.40%
------average encoder activity 2.000
-----------average decoder density 0.5845
step 13150: train loss 2.3467, val loss 2.4268
model:LGT723E iter 13150: loss 2.4402, time 26167.00ms, mfu 3.99%
model:LGT723E iter 13160: loss 2.3399, time 1708.52ms, mfu 4.11%
model:LGT723E iter 13170: loss 2.1383, time 1707.85ms, mfu 4.22%
model:LGT723E iter 13180: loss 2.1099, time 1709.06ms, mfu 4.31%
model:LGT723E iter 13190: loss 2.3358, time 1711.41ms, mfu 4.40%
------average encoder activity 2.000
-----------average decoder density 0.5133
step 13200: train loss 2.3690, val loss 2.4166
model:LGT723E iter 13200: loss 2.3990, time 26156.99ms, mfu 3.99%
model:LGT723E iter 13210: loss 2.1759, time 1715.76ms, mfu 4.11%
model:LGT723E iter 13220: loss 2.4859, time 1710.82ms, mfu 4.21%
model:LGT723E iter 13230: loss 2.1448, time 1711.02ms, mfu 4.31%
model:LGT723E iter 13240: loss 2.2157, time 1710.63ms, mfu 4.40%
------average encoder activity 2.000
-----------average decoder density 0.5417
step 13250: train loss 2.3434, val loss 2.4202
model:LGT723E iter 13250: loss 2.3533, time 26164.52ms, mfu 3.99%
model:LGT723E iter 13260: loss 2.1684, time 1712.20ms, mfu 4.11%
model:LGT723E iter 13270: loss 2.3907, time 1713.29ms, mfu 4.21%
model:LGT723E iter 13280: loss 2.1590, time 1710.15ms, mfu 4.31%
model:LGT723E iter 13290: loss 2.3292, time 1710.75ms, mfu 4.40%
------average encoder activity 2.003
-----------average decoder density 0.5060
step 13300: train loss 2.3291, val loss 2.4246
model:LGT723E iter 13300: loss 2.7065, time 26223.24ms, mfu 3.99%
model:LGT723E iter 13310: loss 2.2967, time 1708.73ms, mfu 4.11%
model:LGT723E iter 13320: loss 2.3051, time 1709.73ms, mfu 4.21%
model:LGT723E iter 13330: loss 2.2745, time 1707.61ms, mfu 4.31%
model:LGT723E iter 13340: loss 2.4924, time 1709.27ms, mfu 4.40%
------average encoder activity 2.002
-----------average decoder density 0.5246
step 13350: train loss 2.3222, val loss 2.4071
model:LGT723E iter 13350: loss 2.1870, time 26210.27ms, mfu 3.99%
model:LGT723E iter 13360: loss 1.9699, time 1709.87ms, mfu 4.11%
model:LGT723E iter 13370: loss 2.7084, time 1707.76ms, mfu 4.22%
model:LGT723E iter 13380: loss 2.3595, time 1708.17ms, mfu 4.31%
model:LGT723E iter 13390: loss 2.5264, time 1711.81ms, mfu 4.40%
------average encoder activity 2.002
-----------average decoder density 0.5053
step 13400: train loss 2.3618, val loss 2.4108
model:LGT723E iter 13400: loss 2.2413, time 26206.53ms, mfu 3.99%
model:LGT723E iter 13410: loss 2.3254, time 1710.45ms, mfu 4.11%
model:LGT723E iter 13420: loss 2.4517, time 1710.70ms, mfu 4.22%
model:LGT723E iter 13430: loss 2.3270, time 1708.14ms, mfu 4.31%
model:LGT723E iter 13440: loss 2.1368, time 1708.68ms, mfu 4.40%
------average encoder activity 2.003
-----------average decoder density 0.5101
step 13450: train loss 2.3486, val loss 2.4297
model:LGT723E iter 13450: loss 2.3120, time 26175.20ms, mfu 3.99%
model:LGT723E iter 13460: loss 2.2013, time 1707.79ms, mfu 4.11%
model:LGT723E iter 13470: loss 2.6012, time 1708.67ms, mfu 4.22%
model:LGT723E iter 13480: loss 2.2926, time 1711.05ms, mfu 4.31%
model:LGT723E iter 13490: loss 2.0891, time 1710.85ms, mfu 4.40%
------average encoder activity 2.001
-----------average decoder density 0.5155
step 13500: train loss 2.3463, val loss 2.3887
saving checkpoint to out-novel-char3_LGT723E_3d25ede0cfd080d9e35756b051dcef65
model:LGT723E iter 13500: loss 2.2347, time 27589.04ms, mfu 3.99%
model:LGT723E iter 13510: loss 2.3291, time 1712.03ms, mfu 4.11%
model:LGT723E iter 13520: loss 2.1915, time 1711.36ms, mfu 4.21%
model:LGT723E iter 13530: loss 2.4558, time 1713.81ms, mfu 4.31%
model:LGT723E iter 13540: loss 2.2954, time 1709.71ms, mfu 4.40%
------average encoder activity 2.004
-----------average decoder density 0.5220
step 13550: train loss 2.3218, val loss 2.4126
model:LGT723E iter 13550: loss 2.3366, time 26225.99ms, mfu 3.99%
model:LGT723E iter 13560: loss 2.3966, time 1709.55ms, mfu 4.11%
model:LGT723E iter 13570: loss 2.4797, time 1710.55ms, mfu 4.21%
model:LGT723E iter 13580: loss 1.8958, time 1711.05ms, mfu 4.31%
model:LGT723E iter 13590: loss 2.3842, time 1711.20ms, mfu 4.40%
------average encoder activity 2.003
-----------average decoder density 0.5379
step 13600: train loss 2.3545, val loss 2.4135
model:LGT723E iter 13600: loss 2.2987, time 26240.74ms, mfu 3.99%
model:LGT723E iter 13610: loss 2.1258, time 1714.04ms, mfu 4.11%
model:LGT723E iter 13620: loss 1.8796, time 1711.03ms, mfu 4.21%
model:LGT723E iter 13630: loss 2.3966, time 1710.88ms, mfu 4.31%
model:LGT723E iter 13640: loss 2.5106, time 1709.44ms, mfu 4.40%
------average encoder activity 2.002
-----------average decoder density 0.5458
step 13650: train loss 2.3010, val loss 2.3982
model:LGT723E iter 13650: loss 2.4198, time 26275.47ms, mfu 3.99%
model:LGT723E iter 13660: loss 2.3529, time 1715.04ms, mfu 4.11%
model:LGT723E iter 13670: loss 2.7547, time 1707.57ms, mfu 4.21%
model:LGT723E iter 13680: loss 2.2939, time 1711.06ms, mfu 4.31%
model:LGT723E iter 13690: loss 2.3555, time 1712.52ms, mfu 4.39%
------average encoder activity 2.002
-----------average decoder density 0.5181
step 13700: train loss 2.3163, val loss 2.3830
saving checkpoint to out-novel-char3_LGT723E_3d25ede0cfd080d9e35756b051dcef65
model:LGT723E iter 13700: loss 2.2651, time 27621.31ms, mfu 3.99%
model:LGT723E iter 13710: loss 2.5113, time 1710.68ms, mfu 4.11%
model:LGT723E iter 13720: loss 2.1927, time 1710.90ms, mfu 4.21%
model:LGT723E iter 13730: loss 2.0213, time 1712.36ms, mfu 4.31%
model:LGT723E iter 13740: loss 2.2788, time 1715.88ms, mfu 4.39%
------average encoder activity 2.001
-----------average decoder density 0.5438
step 13750: train loss 2.3456, val loss 2.3968
model:LGT723E iter 13750: loss 2.2799, time 26188.40ms, mfu 3.99%
model:LGT723E iter 13760: loss 2.2765, time 1709.43ms, mfu 4.11%
model:LGT723E iter 13770: loss 2.4409, time 1712.00ms, mfu 4.21%
model:LGT723E iter 13780: loss 2.1228, time 1710.67ms, mfu 4.31%
model:LGT723E iter 13790: loss 2.5628, time 1710.91ms, mfu 4.39%
------average encoder activity 2.003
-----------average decoder density 0.5179
step 13800: train loss 2.3547, val loss 2.4061
model:LGT723E iter 13800: loss 2.2628, time 26187.99ms, mfu 3.99%
model:LGT723E iter 13810: loss 2.3558, time 1708.87ms, mfu 4.11%
model:LGT723E iter 13820: loss 2.3033, time 1707.89ms, mfu 4.21%
model:LGT723E iter 13830: loss 1.8900, time 1709.19ms, mfu 4.31%
model:LGT723E iter 13840: loss 2.0650, time 1708.26ms, mfu 4.40%
------average encoder activity 2.005
-----------average decoder density 0.5108
step 13850: train loss 2.3442, val loss 2.3812
saving checkpoint to out-novel-char3_LGT723E_3d25ede0cfd080d9e35756b051dcef65
model:LGT723E iter 13850: loss 2.0548, time 27523.99ms, mfu 3.99%
model:LGT723E iter 13860: loss 2.1380, time 1708.51ms, mfu 4.11%
model:LGT723E iter 13870: loss 2.2124, time 1708.48ms, mfu 4.21%
model:LGT723E iter 13880: loss 1.9738, time 1708.23ms, mfu 4.31%
model:LGT723E iter 13890: loss 1.8375, time 1708.37ms, mfu 4.40%
------average encoder activity 2.007
-----------average decoder density 0.5003
step 13900: train loss 2.3299, val loss 2.3838
model:LGT723E iter 13900: loss 2.3917, time 26179.90ms, mfu 3.99%
model:LGT723E iter 13910: loss 2.2663, time 1707.91ms, mfu 4.11%
model:LGT723E iter 13920: loss 2.3020, time 1707.90ms, mfu 4.22%
model:LGT723E iter 13930: loss 2.5088, time 1708.16ms, mfu 4.31%
model:LGT723E iter 13940: loss 2.5131, time 1708.38ms, mfu 4.40%
------average encoder activity 2.008
-----------average decoder density 0.5193
step 13950: train loss 2.2957, val loss 2.3844
model:LGT723E iter 13950: loss 2.1204, time 26179.60ms, mfu 3.99%
model:LGT723E iter 13960: loss 2.2861, time 1708.57ms, mfu 4.11%
model:LGT723E iter 13970: loss 2.1114, time 1708.77ms, mfu 4.22%
model:LGT723E iter 13980: loss 2.2083, time 1708.00ms, mfu 4.31%
model:LGT723E iter 13990: loss 2.3545, time 1708.57ms, mfu 4.40%
------average encoder activity 2.009
-----------average decoder density 0.4999
step 14000: train loss 2.2927, val loss 2.4092
model:LGT723E iter 14000: loss 2.2584, time 26178.98ms, mfu 3.99%
model:LGT723E iter 14010: loss 2.1633, time 1708.48ms, mfu 4.11%
model:LGT723E iter 14020: loss 2.4537, time 1708.45ms, mfu 4.22%
model:LGT723E iter 14030: loss 2.4115, time 1708.81ms, mfu 4.31%
model:LGT723E iter 14040: loss 2.4047, time 1708.79ms, mfu 4.40%
------average encoder activity 2.010
-----------average decoder density 0.5387
step 14050: train loss 2.2911, val loss 2.3735
saving checkpoint to out-novel-char3_LGT723E_3d25ede0cfd080d9e35756b051dcef65
model:LGT723E iter 14050: loss 2.4102, time 27572.60ms, mfu 3.99%
model:LGT723E iter 14060: loss 2.3366, time 1708.29ms, mfu 4.11%
model:LGT723E iter 14070: loss 2.4376, time 1708.48ms, mfu 4.22%
model:LGT723E iter 14080: loss 2.2491, time 1709.90ms, mfu 4.31%
model:LGT723E iter 14090: loss 2.2817, time 1709.95ms, mfu 4.40%
------average encoder activity 2.011
-----------average decoder density 0.5027
step 14100: train loss 2.3812, val loss 2.4159
model:LGT723E iter 14100: loss 2.5183, time 26173.55ms, mfu 3.99%
model:LGT723E iter 14110: loss 2.1462, time 1707.82ms, mfu 4.11%
model:LGT723E iter 14120: loss 2.3994, time 1708.47ms, mfu 4.22%
model:LGT723E iter 14130: loss 2.1215, time 1708.69ms, mfu 4.31%
model:LGT723E iter 14140: loss 2.8176, time 1709.33ms, mfu 4.40%
------average encoder activity 2.013
-----------average decoder density 0.5080
step 14150: train loss 2.3095, val loss 2.3971
model:LGT723E iter 14150: loss 2.2846, time 26242.53ms, mfu 3.99%
model:LGT723E iter 14160: loss 2.4351, time 1711.48ms, mfu 4.11%
model:LGT723E iter 14170: loss 2.1108, time 1711.84ms, mfu 4.22%
model:LGT723E iter 14180: loss 2.4949, time 1710.99ms, mfu 4.31%
model:LGT723E iter 14190: loss 2.1105, time 1709.92ms, mfu 4.40%
------average encoder activity 2.012
-----------average decoder density 0.5407
step 14200: train loss 2.3023, val loss 2.3960
model:LGT723E iter 14200: loss 2.2837, time 26225.21ms, mfu 3.99%
model:LGT723E iter 14210: loss 2.4874, time 1716.87ms, mfu 4.11%
model:LGT723E iter 14220: loss 2.2660, time 1711.94ms, mfu 4.21%
model:LGT723E iter 14230: loss 2.2697, time 1716.64ms, mfu 4.31%
model:LGT723E iter 14240: loss 2.4654, time 1711.78ms, mfu 4.39%
------average encoder activity 2.017
-----------average decoder density 0.5327
step 14250: train loss 2.3458, val loss 2.3937
model:LGT723E iter 14250: loss 2.4184, time 26243.30ms, mfu 3.99%
model:LGT723E iter 14260: loss 2.4359, time 1711.76ms, mfu 4.11%
model:LGT723E iter 14270: loss 2.2400, time 1712.08ms, mfu 4.21%
model:LGT723E iter 14280: loss 2.4524, time 1712.48ms, mfu 4.31%
model:LGT723E iter 14290: loss 2.4288, time 1709.87ms, mfu 4.39%
------average encoder activity 2.017
-----------average decoder density 0.4901
step 14300: train loss 2.3225, val loss 2.3722
saving checkpoint to out-novel-char3_LGT723E_3d25ede0cfd080d9e35756b051dcef65
model:LGT723E iter 14300: loss 2.3170, time 27624.33ms, mfu 3.99%
model:LGT723E iter 14310: loss 1.9398, time 1715.50ms, mfu 4.10%
model:LGT723E iter 14320: loss 2.2678, time 1708.14ms, mfu 4.21%
model:LGT723E iter 14330: loss 1.9481, time 1707.84ms, mfu 4.31%
model:LGT723E iter 14340: loss 2.1421, time 1711.53ms, mfu 4.39%
------average encoder activity 2.013
-----------average decoder density 0.5441
step 14350: train loss 2.2960, val loss 2.4001
model:LGT723E iter 14350: loss 2.3191, time 26186.42ms, mfu 3.99%
model:LGT723E iter 14360: loss 2.2733, time 1711.08ms, mfu 4.11%
model:LGT723E iter 14370: loss 2.0729, time 1711.16ms, mfu 4.21%
model:LGT723E iter 14380: loss 2.1000, time 1711.70ms, mfu 4.31%
model:LGT723E iter 14390: loss 2.6259, time 1711.01ms, mfu 4.39%
------average encoder activity 2.014
-----------average decoder density 0.5752
step 14400: train loss 2.3215, val loss 2.3914
model:LGT723E iter 14400: loss 2.3054, time 26217.80ms, mfu 3.99%
model:LGT723E iter 14410: loss 2.1776, time 1710.51ms, mfu 4.11%
model:LGT723E iter 14420: loss 2.2785, time 1711.27ms, mfu 4.21%
model:LGT723E iter 14430: loss 2.1878, time 1710.80ms, mfu 4.31%
model:LGT723E iter 14440: loss 1.8921, time 1710.78ms, mfu 4.39%
------average encoder activity 2.017
-----------average decoder density 0.5350
step 14450: train loss 2.5165, val loss 2.4159
model:LGT723E iter 14450: loss 1.9747, time 26216.67ms, mfu 3.99%
model:LGT723E iter 14460: loss 2.1771, time 1710.33ms, mfu 4.11%
model:LGT723E iter 14470: loss 2.1560, time 1711.12ms, mfu 4.21%
model:LGT723E iter 14480: loss 2.4221, time 1710.25ms, mfu 4.31%
model:LGT723E iter 14490: loss 2.3038, time 1710.59ms, mfu 4.40%
------average encoder activity 2.017
-----------average decoder density 0.5440
step 14500: train loss 2.2839, val loss 2.3826
model:LGT723E iter 14500: loss 2.0333, time 26249.14ms, mfu 3.99%
model:LGT723E iter 14510: loss 2.3829, time 1710.66ms, mfu 4.11%
model:LGT723E iter 14520: loss 2.1971, time 1710.25ms, mfu 4.21%
model:LGT723E iter 14530: loss 2.1331, time 1710.56ms, mfu 4.31%
model:LGT723E iter 14540: loss 2.5520, time 1710.44ms, mfu 4.40%
------average encoder activity 2.016
-----------average decoder density 0.5203
step 14550: train loss 2.8218, val loss 2.5853
model:LGT723E iter 14550: loss 2.6021, time 26251.52ms, mfu 3.99%
model:LGT723E iter 14560: loss 1.9635, time 1710.14ms, mfu 4.11%
model:LGT723E iter 14570: loss 2.3309, time 1712.96ms, mfu 4.21%
model:LGT723E iter 14580: loss 2.1430, time 1711.25ms, mfu 4.31%
model:LGT723E iter 14590: loss 2.1473, time 1711.47ms, mfu 4.39%
------average encoder activity 2.019
-----------average decoder density 0.4984
step 14600: train loss 2.2834, val loss 2.3756
model:LGT723E iter 14600: loss 2.3967, time 26225.85ms, mfu 3.99%
model:LGT723E iter 14610: loss 2.3994, time 1714.25ms, mfu 4.11%
model:LGT723E iter 14620: loss 2.1752, time 1711.15ms, mfu 4.21%
model:LGT723E iter 14630: loss 2.0521, time 1709.65ms, mfu 4.31%
model:LGT723E iter 14640: loss 2.2945, time 1709.82ms, mfu 4.40%
------average encoder activity 2.019
-----------average decoder density 0.5052
step 14650: train loss 2.3051, val loss 2.3690
saving checkpoint to out-novel-char3_LGT723E_3d25ede0cfd080d9e35756b051dcef65
model:LGT723E iter 14650: loss 2.4159, time 27564.25ms, mfu 3.99%
model:LGT723E iter 14660: loss 2.2703, time 1710.46ms, mfu 4.11%
model:LGT723E iter 14670: loss 2.1502, time 1709.27ms, mfu 4.21%
model:LGT723E iter 14680: loss 2.3942, time 1711.34ms, mfu 4.31%
model:LGT723E iter 14690: loss 2.2221, time 1710.70ms, mfu 4.39%
------average encoder activity 2.018
-----------average decoder density 0.5188
step 14700: train loss 2.3113, val loss 2.3634
saving checkpoint to out-novel-char3_LGT723E_3d25ede0cfd080d9e35756b051dcef65
model:LGT723E iter 14700: loss 2.2048, time 27573.64ms, mfu 3.99%
model:LGT723E iter 14710: loss 2.1959, time 1713.14ms, mfu 4.10%
model:LGT723E iter 14720: loss 2.0072, time 1709.09ms, mfu 4.21%
model:LGT723E iter 14730: loss 2.4737, time 1708.93ms, mfu 4.31%
model:LGT723E iter 14740: loss 2.2956, time 1711.19ms, mfu 4.39%
------average encoder activity 2.017
-----------average decoder density 0.5299
step 14750: train loss 2.2849, val loss 2.3919
model:LGT723E iter 14750: loss 2.1892, time 26202.84ms, mfu 3.99%
model:LGT723E iter 14760: loss 2.2581, time 1710.31ms, mfu 4.11%
model:LGT723E iter 14770: loss 2.4052, time 1715.28ms, mfu 4.21%
model:LGT723E iter 14780: loss 2.3647, time 1713.26ms, mfu 4.31%
model:LGT723E iter 14790: loss 2.0621, time 1712.95ms, mfu 4.39%
------average encoder activity 2.018
-----------average decoder density 0.5072
step 14800: train loss 2.2560, val loss 2.3502
saving checkpoint to out-novel-char3_LGT723E_3d25ede0cfd080d9e35756b051dcef65
model:LGT723E iter 14800: loss 2.2339, time 27567.94ms, mfu 3.99%
model:LGT723E iter 14810: loss 2.2509, time 1713.60ms, mfu 4.10%
model:LGT723E iter 14820: loss 2.1715, time 1712.43ms, mfu 4.21%
model:LGT723E iter 14830: loss 2.2909, time 1715.46ms, mfu 4.30%
model:LGT723E iter 14840: loss 2.6142, time 1713.24ms, mfu 4.39%
------average encoder activity 2.019
-----------average decoder density 0.5134
step 14850: train loss 2.3061, val loss 2.3532
model:LGT723E iter 14850: loss 2.1396, time 26232.31ms, mfu 3.98%
model:LGT723E iter 14860: loss 2.1789, time 1712.76ms, mfu 4.10%
model:LGT723E iter 14870: loss 2.1284, time 1712.61ms, mfu 4.21%
model:LGT723E iter 14880: loss 2.6511, time 1713.06ms, mfu 4.30%
model:LGT723E iter 14890: loss 2.4299, time 1712.27ms, mfu 4.39%
------average encoder activity 2.022
-----------average decoder density 0.5377
step 14900: train loss 2.5008, val loss 2.4105
model:LGT723E iter 14900: loss 2.4500, time 26229.90ms, mfu 3.98%
model:LGT723E iter 14910: loss 2.4181, time 1712.32ms, mfu 4.10%
model:LGT723E iter 14920: loss 2.2026, time 1709.20ms, mfu 4.21%
model:LGT723E iter 14930: loss 2.1197, time 1709.10ms, mfu 4.31%
model:LGT723E iter 14940: loss 1.9955, time 1709.50ms, mfu 4.39%
------average encoder activity 2.021
-----------average decoder density 0.5353
step 14950: train loss 2.2986, val loss 2.3456
saving checkpoint to out-novel-char3_LGT723E_3d25ede0cfd080d9e35756b051dcef65
model:LGT723E iter 14950: loss 2.2344, time 27606.52ms, mfu 3.99%
model:LGT723E iter 14960: loss 2.3995, time 1711.01ms, mfu 4.10%
model:LGT723E iter 14970: loss 2.2348, time 1709.95ms, mfu 4.21%
model:LGT723E iter 14980: loss 2.0220, time 1718.24ms, mfu 4.30%
model:LGT723E iter 14990: loss 2.3353, time 1712.57ms, mfu 4.39%
------average encoder activity 2.022
-----------average decoder density 0.5280
step 15000: train loss 2.3591, val loss 2.3840
model:LGT723E iter 15000: loss 2.2187, time 26204.67ms, mfu 3.99%
model:LGT723E iter 15010: loss 1.8569, time 1712.18ms, mfu 4.10%
model:LGT723E iter 15020: loss 2.0809, time 1713.27ms, mfu 4.21%
model:LGT723E iter 15030: loss 2.4968, time 1716.81ms, mfu 4.30%
model:LGT723E iter 15040: loss 2.0320, time 1714.00ms, mfu 4.39%
------average encoder activity 2.023
-----------average decoder density 0.5009
step 15050: train loss 2.2652, val loss 2.3550
model:LGT723E iter 15050: loss 2.3469, time 26251.84ms, mfu 3.98%
model:LGT723E iter 15060: loss 2.4452, time 1713.24ms, mfu 4.10%
model:LGT723E iter 15070: loss 2.0883, time 1712.61ms, mfu 4.21%
model:LGT723E iter 15080: loss 2.6882, time 1712.40ms, mfu 4.30%
model:LGT723E iter 15090: loss 2.2008, time 1713.42ms, mfu 4.39%
------average encoder activity 2.021
-----------average decoder density 0.5183
step 15100: train loss 2.2785, val loss 2.3557
model:LGT723E iter 15100: loss 2.4553, time 26206.52ms, mfu 3.98%
model:LGT723E iter 15110: loss 1.9554, time 1712.51ms, mfu 4.10%
model:LGT723E iter 15120: loss 2.5337, time 1713.70ms, mfu 4.21%
model:LGT723E iter 15130: loss 2.5581, time 1713.18ms, mfu 4.30%
model:LGT723E iter 15140: loss 2.4326, time 1714.27ms, mfu 4.39%
------average encoder activity 2.023
-----------average decoder density 0.5112
step 15150: train loss 2.2680, val loss 2.3355
saving checkpoint to out-novel-char3_LGT723E_3d25ede0cfd080d9e35756b051dcef65
model:LGT723E iter 15150: loss 2.5150, time 27478.46ms, mfu 3.98%
model:LGT723E iter 15160: loss 2.4640, time 1715.67ms, mfu 4.10%
model:LGT723E iter 15170: loss 1.7759, time 1712.38ms, mfu 4.21%
model:LGT723E iter 15180: loss 2.5643, time 1721.59ms, mfu 4.30%
model:LGT723E iter 15190: loss 2.0410, time 1709.57ms, mfu 4.39%
------average encoder activity 2.025
-----------average decoder density 0.5089
step 15200: train loss 2.3080, val loss 2.3681
model:LGT723E iter 15200: loss 1.9793, time 26234.09ms, mfu 3.98%
model:LGT723E iter 15210: loss 2.2796, time 1712.93ms, mfu 4.10%
model:LGT723E iter 15220: loss 2.5103, time 1712.65ms, mfu 4.21%
model:LGT723E iter 15230: loss 2.3222, time 1715.43ms, mfu 4.30%
model:LGT723E iter 15240: loss 2.3515, time 1714.16ms, mfu 4.39%
------average encoder activity 2.027
-----------average decoder density 0.5039
step 15250: train loss 2.2386, val loss 2.3442
model:LGT723E iter 15250: loss 2.4075, time 26248.30ms, mfu 3.98%
model:LGT723E iter 15260: loss 2.1700, time 1713.46ms, mfu 4.10%
model:LGT723E iter 15270: loss 2.2933, time 1718.23ms, mfu 4.20%
model:LGT723E iter 15280: loss 2.2666, time 1715.58ms, mfu 4.30%
model:LGT723E iter 15290: loss 2.2323, time 1712.88ms, mfu 4.39%
------average encoder activity 2.027
-----------average decoder density 0.5387
step 15300: train loss 2.2838, val loss 2.3775
model:LGT723E iter 15300: loss 2.3072, time 26225.26ms, mfu 3.98%
model:LGT723E iter 15310: loss 2.3846, time 1712.52ms, mfu 4.10%
model:LGT723E iter 15320: loss 2.0042, time 1712.67ms, mfu 4.21%
model:LGT723E iter 15330: loss 2.2358, time 1714.21ms, mfu 4.30%
model:LGT723E iter 15340: loss 2.4026, time 1712.26ms, mfu 4.39%
------average encoder activity 2.030
-----------average decoder density 0.4882
step 15350: train loss 2.2554, val loss 2.3412
model:LGT723E iter 15350: loss 2.4602, time 26238.26ms, mfu 3.98%
model:LGT723E iter 15360: loss 2.2834, time 1712.11ms, mfu 4.10%
model:LGT723E iter 15370: loss 2.1315, time 1712.78ms, mfu 4.21%
model:LGT723E iter 15380: loss 2.4964, time 1712.50ms, mfu 4.30%
model:LGT723E iter 15390: loss 2.4497, time 1713.32ms, mfu 4.39%
------average encoder activity 2.031
-----------average decoder density 0.5273
step 15400: train loss 2.3968, val loss 2.4472
model:LGT723E iter 15400: loss 1.9958, time 26230.60ms, mfu 3.98%
model:LGT723E iter 15410: loss 2.4963, time 1714.02ms, mfu 4.10%
model:LGT723E iter 15420: loss 2.3226, time 1714.04ms, mfu 4.21%
model:LGT723E iter 15430: loss 2.2012, time 1712.33ms, mfu 4.30%
model:LGT723E iter 15440: loss 2.1733, time 1712.79ms, mfu 4.39%
------average encoder activity 2.024
-----------average decoder density 0.5452
step 15450: train loss 2.2521, val loss 2.3430
model:LGT723E iter 15450: loss 2.0964, time 26197.98ms, mfu 3.98%
model:LGT723E iter 15460: loss 2.4314, time 1712.52ms, mfu 4.10%
model:LGT723E iter 15470: loss 2.0607, time 1712.67ms, mfu 4.21%
model:LGT723E iter 15480: loss 2.1701, time 1710.87ms, mfu 4.30%
model:LGT723E iter 15490: loss 2.5262, time 1709.63ms, mfu 4.39%
------average encoder activity 2.028
-----------average decoder density 0.5055
step 15500: train loss 2.2685, val loss 2.3300
saving checkpoint to out-novel-char3_LGT723E_3d25ede0cfd080d9e35756b051dcef65
model:LGT723E iter 15500: loss 2.2870, time 27674.58ms, mfu 3.98%
model:LGT723E iter 15510: loss 1.9632, time 1708.64ms, mfu 4.10%
model:LGT723E iter 15520: loss 2.0950, time 1711.45ms, mfu 4.21%
model:LGT723E iter 15530: loss 2.2117, time 1707.83ms, mfu 4.31%
model:LGT723E iter 15540: loss 2.3471, time 1707.74ms, mfu 4.39%
------average encoder activity 2.029
-----------average decoder density 0.5377
step 15550: train loss 2.2558, val loss 2.3635
model:LGT723E iter 15550: loss 2.1838, time 26166.59ms, mfu 3.99%
model:LGT723E iter 15560: loss 2.3182, time 1711.14ms, mfu 4.11%
model:LGT723E iter 15570: loss 2.3334, time 1711.57ms, mfu 4.21%
model:LGT723E iter 15580: loss 1.9376, time 1712.38ms, mfu 4.31%
model:LGT723E iter 15590: loss 2.5585, time 1711.38ms, mfu 4.39%
------average encoder activity 2.029
-----------average decoder density 0.5058
step 15600: train loss 2.2638, val loss 2.3445
model:LGT723E iter 15600: loss 2.1872, time 26212.37ms, mfu 3.99%
model:LGT723E iter 15610: loss 2.1837, time 1712.62ms, mfu 4.11%
model:LGT723E iter 15620: loss 2.1761, time 1711.45ms, mfu 4.21%
model:LGT723E iter 15630: loss 2.2604, time 1712.52ms, mfu 4.31%
model:LGT723E iter 15640: loss 2.4951, time 1711.39ms, mfu 4.39%
------average encoder activity 2.029
-----------average decoder density 0.5173
step 15650: train loss 2.2785, val loss 2.3350
model:LGT723E iter 15650: loss 2.1762, time 26207.44ms, mfu 3.99%
model:LGT723E iter 15660: loss 2.3903, time 1712.27ms, mfu 4.11%
model:LGT723E iter 15670: loss 2.5512, time 1710.69ms, mfu 4.21%
model:LGT723E iter 15680: loss 2.2417, time 1711.38ms, mfu 4.31%
model:LGT723E iter 15690: loss 2.0256, time 1712.66ms, mfu 4.39%
------average encoder activity 2.032
-----------average decoder density 0.4930
step 15700: train loss 2.2197, val loss 2.3270
saving checkpoint to out-novel-char3_LGT723E_3d25ede0cfd080d9e35756b051dcef65
model:LGT723E iter 15700: loss 2.4041, time 27602.24ms, mfu 3.99%
model:LGT723E iter 15710: loss 2.4298, time 1708.13ms, mfu 4.11%
model:LGT723E iter 15720: loss 2.2949, time 1710.81ms, mfu 4.21%
model:LGT723E iter 15730: loss 2.4379, time 1711.19ms, mfu 4.31%
model:LGT723E iter 15740: loss 2.4702, time 1712.50ms, mfu 4.39%
------average encoder activity 2.033
-----------average decoder density 0.5563
step 15750: train loss 2.2659, val loss 2.3514
model:LGT723E iter 15750: loss 2.3030, time 26201.69ms, mfu 3.99%
model:LGT723E iter 15760: loss 2.1589, time 1713.50ms, mfu 4.10%
model:LGT723E iter 15770: loss 2.1224, time 1712.13ms, mfu 4.21%
model:LGT723E iter 15780: loss 2.1624, time 1713.17ms, mfu 4.31%
model:LGT723E iter 15790: loss 2.2738, time 1713.12ms, mfu 4.39%
------average encoder activity 2.035
-----------average decoder density 0.5358
step 15800: train loss 2.4497, val loss 2.3992
model:LGT723E iter 15800: loss 2.1816, time 26235.02ms, mfu 3.99%
model:LGT723E iter 15810: loss 1.9327, time 1714.94ms, mfu 4.10%
model:LGT723E iter 15820: loss 2.2614, time 1712.33ms, mfu 4.21%
model:LGT723E iter 15830: loss 2.1688, time 1714.39ms, mfu 4.30%
model:LGT723E iter 15840: loss 2.0567, time 1712.37ms, mfu 4.39%
------average encoder activity 2.036
-----------average decoder density 0.5356
step 15850: train loss 2.4308, val loss 2.4460
model:LGT723E iter 15850: loss 1.8194, time 26208.26ms, mfu 3.99%
model:LGT723E iter 15860: loss 2.2697, time 1712.72ms, mfu 4.10%
model:LGT723E iter 15870: loss 2.0367, time 1712.15ms, mfu 4.21%
model:LGT723E iter 15880: loss 2.1844, time 1712.78ms, mfu 4.30%
model:LGT723E iter 15890: loss 2.4089, time 1708.86ms, mfu 4.39%
------average encoder activity 2.038
-----------average decoder density 0.5427
step 15900: train loss 2.3722, val loss 2.3888
model:LGT723E iter 15900: loss 2.3030, time 26194.49ms, mfu 3.99%
model:LGT723E iter 15910: loss 2.2198, time 1712.29ms, mfu 4.10%
model:LGT723E iter 15920: loss 2.2875, time 1708.68ms, mfu 4.21%
model:LGT723E iter 15930: loss 2.2865, time 1710.75ms, mfu 4.31%
model:LGT723E iter 15940: loss 2.3318, time 1709.22ms, mfu 4.39%
------average encoder activity 2.037
-----------average decoder density 0.5390
step 15950: train loss 2.3529, val loss 2.4077
model:LGT723E iter 15950: loss 2.3444, time 26180.43ms, mfu 3.99%
model:LGT723E iter 15960: loss 2.2593, time 1708.90ms, mfu 4.11%
model:LGT723E iter 15970: loss 2.4540, time 1707.93ms, mfu 4.21%
model:LGT723E iter 15980: loss 2.4378, time 1713.22ms, mfu 4.31%
model:LGT723E iter 15990: loss 2.3787, time 1712.74ms, mfu 4.39%
------average encoder activity 2.036
-----------average decoder density 0.5030
step 16000: train loss 2.2485, val loss 2.3268
saving checkpoint to out-novel-char3_LGT723E_3d25ede0cfd080d9e35756b051dcef65
model:LGT723E iter 16000: loss 2.3288, time 27539.68ms, mfu 3.99%
model:LGT723E iter 16010: loss 2.3367, time 1708.05ms, mfu 4.11%
model:LGT723E iter 16020: loss 2.2454, time 1708.05ms, mfu 4.21%
model:LGT723E iter 16030: loss 2.4328, time 1711.07ms, mfu 4.31%
model:LGT723E iter 16040: loss 2.0580, time 1710.97ms, mfu 4.40%
------average encoder activity 2.036
-----------average decoder density 0.4941
step 16050: train loss 2.2540, val loss 2.3247
saving checkpoint to out-novel-char3_LGT723E_3d25ede0cfd080d9e35756b051dcef65
model:LGT723E iter 16050: loss 2.4769, time 27583.71ms, mfu 3.99%
model:LGT723E iter 16060: loss 2.2031, time 1711.54ms, mfu 4.11%
model:LGT723E iter 16070: loss 2.0194, time 1711.14ms, mfu 4.21%
model:LGT723E iter 16080: loss 2.2990, time 1711.67ms, mfu 4.31%
model:LGT723E iter 16090: loss 2.3377, time 1709.32ms, mfu 4.39%
------average encoder activity 2.037
-----------average decoder density 0.4971
step 16100: train loss 2.2480, val loss 2.3424
model:LGT723E iter 16100: loss 2.2533, time 26199.73ms, mfu 3.99%
model:LGT723E iter 16110: loss 2.3448, time 1710.72ms, mfu 4.11%
model:LGT723E iter 16120: loss 2.1516, time 1712.00ms, mfu 4.21%
model:LGT723E iter 16130: loss 2.5884, time 1711.42ms, mfu 4.31%
model:LGT723E iter 16140: loss 2.4214, time 1710.85ms, mfu 4.39%
------average encoder activity 2.038
-----------average decoder density 0.5004
step 16150: train loss 2.2462, val loss 2.3334
model:LGT723E iter 16150: loss 2.3393, time 26202.57ms, mfu 3.99%
model:LGT723E iter 16160: loss 2.3001, time 1714.79ms, mfu 4.11%
model:LGT723E iter 16170: loss 2.1506, time 1714.27ms, mfu 4.21%
model:LGT723E iter 16180: loss 1.8896, time 1712.07ms, mfu 4.31%
model:LGT723E iter 16190: loss 2.1890, time 1713.42ms, mfu 4.39%
------average encoder activity 2.040
-----------average decoder density 0.5285
step 16200: train loss 2.3065, val loss 2.3266
model:LGT723E iter 16200: loss 2.3707, time 26257.57ms, mfu 3.99%
model:LGT723E iter 16210: loss 2.2208, time 1713.44ms, mfu 4.10%
model:LGT723E iter 16220: loss 2.0256, time 1712.87ms, mfu 4.21%
model:LGT723E iter 16230: loss 2.4101, time 1712.94ms, mfu 4.31%
model:LGT723E iter 16240: loss 2.2101, time 1719.41ms, mfu 4.39%
------average encoder activity 2.042
-----------average decoder density 0.4909
step 16250: train loss 2.3012, val loss 2.3461
model:LGT723E iter 16250: loss 2.0739, time 26294.73ms, mfu 3.98%
model:LGT723E iter 16260: loss 2.0636, time 1714.97ms, mfu 4.10%
model:LGT723E iter 16270: loss 2.3483, time 1711.77ms, mfu 4.21%
model:LGT723E iter 16280: loss 2.2417, time 1711.59ms, mfu 4.30%
model:LGT723E iter 16290: loss 2.2000, time 1708.67ms, mfu 4.39%
------average encoder activity 2.046
-----------average decoder density 0.5273
step 16300: train loss 2.2365, val loss 2.3109
saving checkpoint to out-novel-char3_LGT723E_3d25ede0cfd080d9e35756b051dcef65
model:LGT723E iter 16300: loss 2.0117, time 27556.76ms, mfu 3.98%
model:LGT723E iter 16310: loss 2.3624, time 1712.48ms, mfu 4.10%
model:LGT723E iter 16320: loss 2.2206, time 1708.82ms, mfu 4.21%
model:LGT723E iter 16330: loss 2.0643, time 1708.91ms, mfu 4.31%
model:LGT723E iter 16340: loss 2.0874, time 1709.60ms, mfu 4.39%
------average encoder activity 2.043
-----------average decoder density 0.5323
step 16350: train loss 2.2046, val loss 2.2816
saving checkpoint to out-novel-char3_LGT723E_3d25ede0cfd080d9e35756b051dcef65
model:LGT723E iter 16350: loss 2.1707, time 27614.94ms, mfu 3.99%
model:LGT723E iter 16360: loss 2.3790, time 1711.76ms, mfu 4.10%
model:LGT723E iter 16370: loss 2.2969, time 1710.58ms, mfu 4.21%
model:LGT723E iter 16380: loss 2.0883, time 1713.88ms, mfu 4.31%
model:LGT723E iter 16390: loss 1.9406, time 1713.08ms, mfu 4.39%
------average encoder activity 2.045
-----------average decoder density 0.4943
step 16400: train loss 2.2655, val loss 2.3076
model:LGT723E iter 16400: loss 2.2584, time 26185.59ms, mfu 3.99%
model:LGT723E iter 16410: loss 2.1188, time 1711.14ms, mfu 4.10%
model:LGT723E iter 16420: loss 2.2763, time 1710.34ms, mfu 4.21%
model:LGT723E iter 16430: loss 2.1394, time 1711.43ms, mfu 4.31%
model:LGT723E iter 16440: loss 2.1956, time 1712.06ms, mfu 4.39%
------average encoder activity 2.045
-----------average decoder density 0.5010
step 16450: train loss 2.3632, val loss 2.3424
model:LGT723E iter 16450: loss 2.0271, time 26235.79ms, mfu 3.99%
model:LGT723E iter 16460: loss 2.4277, time 1708.89ms, mfu 4.11%
model:LGT723E iter 16470: loss 1.9072, time 1708.47ms, mfu 4.21%
model:LGT723E iter 16480: loss 2.1976, time 1708.83ms, mfu 4.31%
model:LGT723E iter 16490: loss 2.4150, time 1708.17ms, mfu 4.40%
------average encoder activity 2.049
-----------average decoder density 0.5364
step 16500: train loss 2.2474, val loss 2.3510
model:LGT723E iter 16500: loss 2.3576, time 26186.64ms, mfu 3.99%
model:LGT723E iter 16510: loss 2.3285, time 1708.72ms, mfu 4.11%
model:LGT723E iter 16520: loss 2.3716, time 1708.66ms, mfu 4.22%
model:LGT723E iter 16530: loss 2.3979, time 1709.12ms, mfu 4.31%
model:LGT723E iter 16540: loss 1.8478, time 1708.94ms, mfu 4.40%
------average encoder activity 2.047
-----------average decoder density 0.5312
step 16550: train loss 2.6608, val loss 2.4996
model:LGT723E iter 16550: loss 2.3733, time 26267.33ms, mfu 3.99%
model:LGT723E iter 16560: loss 2.1459, time 1711.44ms, mfu 4.11%
model:LGT723E iter 16570: loss 2.0302, time 1708.60ms, mfu 4.22%
model:LGT723E iter 16580: loss 2.2302, time 1707.77ms, mfu 4.31%
model:LGT723E iter 16590: loss 2.2956, time 1707.85ms, mfu 4.40%
------average encoder activity 2.051
-----------average decoder density 0.5492
step 16600: train loss 2.4535, val loss 2.3409
model:LGT723E iter 16600: loss 2.1878, time 26174.93ms, mfu 3.99%
model:LGT723E iter 16610: loss 2.3976, time 1709.26ms, mfu 4.11%
model:LGT723E iter 16620: loss 1.8491, time 1711.45ms, mfu 4.22%
model:LGT723E iter 16630: loss 2.3747, time 1711.86ms, mfu 4.31%
model:LGT723E iter 16640: loss 1.9748, time 1712.26ms, mfu 4.40%
------average encoder activity 2.055
-----------average decoder density 0.5348
step 16650: train loss 2.2146, val loss 2.3214
model:LGT723E iter 16650: loss 2.2042, time 26237.68ms, mfu 3.99%
model:LGT723E iter 16660: loss 1.9565, time 1712.87ms, mfu 4.11%
model:LGT723E iter 16670: loss 2.2634, time 1711.92ms, mfu 4.21%
model:LGT723E iter 16680: loss 2.3660, time 1712.96ms, mfu 4.31%
model:LGT723E iter 16690: loss 2.2178, time 1708.24ms, mfu 4.40%
------average encoder activity 2.055
-----------average decoder density 0.5134
step 16700: train loss 2.1901, val loss 2.3050
model:LGT723E iter 16700: loss 2.1455, time 26164.53ms, mfu 3.99%
model:LGT723E iter 16710: loss 2.0212, time 1711.91ms, mfu 4.11%
model:LGT723E iter 16720: loss 2.1662, time 1710.63ms, mfu 4.21%
model:LGT723E iter 16730: loss 2.6021, time 1711.17ms, mfu 4.31%
model:LGT723E iter 16740: loss 2.2191, time 1711.38ms, mfu 4.40%
------average encoder activity 2.055
-----------average decoder density 0.4890
step 16750: train loss 2.2648, val loss 2.3610
model:LGT723E iter 16750: loss 2.1113, time 26191.57ms, mfu 3.99%
model:LGT723E iter 16760: loss 2.3333, time 1708.99ms, mfu 4.11%
model:LGT723E iter 16770: loss 2.0880, time 1708.32ms, mfu 4.22%
model:LGT723E iter 16780: loss 2.2101, time 1708.64ms, mfu 4.31%
model:LGT723E iter 16790: loss 2.1420, time 1708.64ms, mfu 4.40%
------average encoder activity 2.058
-----------average decoder density 0.5187
step 16800: train loss 2.2584, val loss 2.3339
model:LGT723E iter 16800: loss 2.0067, time 26191.25ms, mfu 3.99%
model:LGT723E iter 16810: loss 2.4328, time 1711.67ms, mfu 4.11%
model:LGT723E iter 16820: loss 2.0769, time 1711.05ms, mfu 4.22%
model:LGT723E iter 16830: loss 2.2453, time 1712.61ms, mfu 4.31%
model:LGT723E iter 16840: loss 2.3400, time 1707.86ms, mfu 4.40%
------average encoder activity 2.057
-----------average decoder density 0.5084
step 16850: train loss 2.2255, val loss 2.3422
model:LGT723E iter 16850: loss 2.2771, time 26200.90ms, mfu 3.99%
model:LGT723E iter 16860: loss 2.5775, time 1710.05ms, mfu 4.11%
model:LGT723E iter 16870: loss 2.2548, time 1711.13ms, mfu 4.22%
model:LGT723E iter 16880: loss 2.3880, time 1712.49ms, mfu 4.31%
model:LGT723E iter 16890: loss 2.0825, time 1710.88ms, mfu 4.40%
------average encoder activity 2.056
-----------average decoder density 0.5657
step 16900: train loss 2.3321, val loss 2.3306
model:LGT723E iter 16900: loss 1.7382, time 26206.76ms, mfu 3.99%
model:LGT723E iter 16910: loss 2.1502, time 1711.57ms, mfu 4.11%
model:LGT723E iter 16920: loss 2.0430, time 1713.69ms, mfu 4.21%
model:LGT723E iter 16930: loss 2.2575, time 1711.22ms, mfu 4.31%
model:LGT723E iter 16940: loss 2.3243, time 1711.75ms, mfu 4.39%
------average encoder activity 2.054
-----------average decoder density 0.5240
step 16950: train loss 2.2130, val loss 2.3221
model:LGT723E iter 16950: loss 2.1553, time 26228.28ms, mfu 3.99%
model:LGT723E iter 16960: loss 2.0895, time 1708.90ms, mfu 4.11%
model:LGT723E iter 16970: loss 2.0643, time 1709.07ms, mfu 4.21%
model:LGT723E iter 16980: loss 2.1042, time 1708.62ms, mfu 4.31%
model:LGT723E iter 16990: loss 2.2008, time 1708.74ms, mfu 4.40%
------average encoder activity 2.056
-----------average decoder density 0.4961
step 17000: train loss 2.2967, val loss 2.2897
model:LGT723E iter 17000: loss 2.0058, time 26193.10ms, mfu 3.99%
model:LGT723E iter 17010: loss 2.3783, time 1709.80ms, mfu 4.11%
model:LGT723E iter 17020: loss 2.1167, time 1709.00ms, mfu 4.22%
model:LGT723E iter 17030: loss 2.3606, time 1709.22ms, mfu 4.31%
model:LGT723E iter 17040: loss 2.2469, time 1708.27ms, mfu 4.40%
------average encoder activity 2.057
-----------average decoder density 0.4954
step 17050: train loss 2.2981, val loss 2.3193
model:LGT723E iter 17050: loss 2.2418, time 26182.57ms, mfu 3.99%
model:LGT723E iter 17060: loss 2.3032, time 1709.09ms, mfu 4.11%
model:LGT723E iter 17070: loss 1.8707, time 1708.29ms, mfu 4.22%
model:LGT723E iter 17080: loss 2.2430, time 1708.65ms, mfu 4.31%
model:LGT723E iter 17090: loss 2.3667, time 1709.03ms, mfu 4.40%
------average encoder activity 2.056
-----------average decoder density 0.4974
step 17100: train loss 2.3557, val loss 2.3482
model:LGT723E iter 17100: loss 2.2388, time 26165.48ms, mfu 3.99%
model:LGT723E iter 17110: loss 2.3089, time 1708.63ms, mfu 4.11%
model:LGT723E iter 17120: loss 2.1850, time 1708.29ms, mfu 4.22%
model:LGT723E iter 17130: loss 1.8843, time 1708.66ms, mfu 4.31%
model:LGT723E iter 17140: loss 2.3700, time 1708.18ms, mfu 4.40%
------average encoder activity 2.053
-----------average decoder density 0.5038
step 17150: train loss 2.3092, val loss 2.3667
model:LGT723E iter 17150: loss 1.6885, time 26177.72ms, mfu 3.99%
model:LGT723E iter 17160: loss 2.0461, time 1709.15ms, mfu 4.11%
model:LGT723E iter 17170: loss 2.0481, time 1708.37ms, mfu 4.22%
model:LGT723E iter 17180: loss 2.1907, time 1708.75ms, mfu 4.31%
model:LGT723E iter 17190: loss 2.0670, time 1708.76ms, mfu 4.40%
------average encoder activity 2.054
-----------average decoder density 0.5155
step 17200: train loss 2.2470, val loss 2.2749
saving checkpoint to out-novel-char3_LGT723E_3d25ede0cfd080d9e35756b051dcef65
model:LGT723E iter 17200: loss 2.2916, time 27547.98ms, mfu 3.99%
model:LGT723E iter 17210: loss 2.1124, time 1712.35ms, mfu 4.11%
model:LGT723E iter 17220: loss 2.0489, time 1712.37ms, mfu 4.22%
model:LGT723E iter 17230: loss 2.4377, time 1713.55ms, mfu 4.31%
model:LGT723E iter 17240: loss 2.3149, time 1709.95ms, mfu 4.40%
------average encoder activity 2.057
-----------average decoder density 0.4921
step 17250: train loss 2.1945, val loss 2.2543
saving checkpoint to out-novel-char3_LGT723E_3d25ede0cfd080d9e35756b051dcef65
model:LGT723E iter 17250: loss 2.2166, time 27438.12ms, mfu 3.99%
model:LGT723E iter 17260: loss 2.0999, time 1707.45ms, mfu 4.11%
model:LGT723E iter 17270: loss 2.1151, time 1707.93ms, mfu 4.22%
model:LGT723E iter 17280: loss 2.4353, time 1708.07ms, mfu 4.31%
model:LGT723E iter 17290: loss 2.2973, time 1708.67ms, mfu 4.40%
------average encoder activity 2.055
-----------average decoder density 0.5042
step 17300: train loss 2.1966, val loss 2.2659
model:LGT723E iter 17300: loss 2.3402, time 26221.93ms, mfu 3.99%
model:LGT723E iter 17310: loss 2.0820, time 1708.96ms, mfu 4.11%
model:LGT723E iter 17320: loss 2.3216, time 1709.81ms, mfu 4.22%
model:LGT723E iter 17330: loss 2.3683, time 1710.99ms, mfu 4.31%
model:LGT723E iter 17340: loss 2.1107, time 1710.53ms, mfu 4.40%
------average encoder activity 2.058
-----------average decoder density 0.4992
step 17350: train loss 2.1733, val loss 2.2906
model:LGT723E iter 17350: loss 2.0390, time 26248.49ms, mfu 3.99%
model:LGT723E iter 17360: loss 1.7834, time 1711.61ms, mfu 4.11%
model:LGT723E iter 17370: loss 1.7830, time 1713.58ms, mfu 4.21%
model:LGT723E iter 17380: loss 2.1799, time 1715.08ms, mfu 4.31%
model:LGT723E iter 17390: loss 2.1603, time 1713.04ms, mfu 4.39%
------average encoder activity 2.058
-----------average decoder density 0.5045
step 17400: train loss 2.2266, val loss 2.2982
model:LGT723E iter 17400: loss 2.4842, time 26210.31ms, mfu 3.99%
model:LGT723E iter 17410: loss 2.1225, time 1710.95ms, mfu 4.11%
model:LGT723E iter 17420: loss 2.1734, time 1709.06ms, mfu 4.21%
model:LGT723E iter 17430: loss 2.0221, time 1709.24ms, mfu 4.31%
model:LGT723E iter 17440: loss 2.1305, time 1710.39ms, mfu 4.40%
------average encoder activity 2.059
-----------average decoder density 0.4992
step 17450: train loss 2.1715, val loss 2.2959
model:LGT723E iter 17450: loss 1.8701, time 26230.85ms, mfu 3.99%
model:LGT723E iter 17460: loss 2.2715, time 1713.32ms, mfu 4.11%
model:LGT723E iter 17470: loss 2.2294, time 1714.71ms, mfu 4.21%
model:LGT723E iter 17480: loss 2.1689, time 1715.74ms, mfu 4.31%
model:LGT723E iter 17490: loss 2.0671, time 1714.19ms, mfu 4.39%
------average encoder activity 2.062
-----------average decoder density 0.4994
step 17500: train loss 2.2217, val loss 2.2889
model:LGT723E iter 17500: loss 1.8038, time 26207.26ms, mfu 3.99%
model:LGT723E iter 17510: loss 2.0992, time 1708.88ms, mfu 4.11%
model:LGT723E iter 17520: loss 2.2567, time 1709.03ms, mfu 4.21%
model:LGT723E iter 17530: loss 2.1821, time 1708.83ms, mfu 4.31%
model:LGT723E iter 17540: loss 2.2292, time 1711.85ms, mfu 4.39%
------average encoder activity 2.061
-----------average decoder density 0.5060
step 17550: train loss 2.3162, val loss 2.3184
model:LGT723E iter 17550: loss 2.1919, time 26233.07ms, mfu 3.99%
model:LGT723E iter 17560: loss 2.2171, time 1715.13ms, mfu 4.11%
model:LGT723E iter 17570: loss 2.1376, time 1710.68ms, mfu 4.21%
model:LGT723E iter 17580: loss 2.5346, time 1711.99ms, mfu 4.31%
model:LGT723E iter 17590: loss 1.8887, time 1710.95ms, mfu 4.39%
------average encoder activity 2.063
-----------average decoder density 0.5509
step 17600: train loss 2.1698, val loss 2.3177
model:LGT723E iter 17600: loss 2.2063, time 26188.64ms, mfu 3.99%
model:LGT723E iter 17610: loss 2.3320, time 1712.82ms, mfu 4.11%
model:LGT723E iter 17620: loss 2.4058, time 1712.44ms, mfu 4.21%
model:LGT723E iter 17630: loss 2.1750, time 1711.42ms, mfu 4.31%
model:LGT723E iter 17640: loss 2.0226, time 1711.75ms, mfu 4.39%
------average encoder activity 2.064
-----------average decoder density 0.5287
step 17650: train loss 2.1932, val loss 2.2790
model:LGT723E iter 17650: loss 2.2393, time 26180.54ms, mfu 3.99%
model:LGT723E iter 17660: loss 2.3258, time 1707.77ms, mfu 4.11%
model:LGT723E iter 17670: loss 2.0097, time 1708.09ms, mfu 4.21%
model:LGT723E iter 17680: loss 2.0566, time 1708.75ms, mfu 4.31%
model:LGT723E iter 17690: loss 2.2034, time 1708.26ms, mfu 4.40%
------average encoder activity 2.064
-----------average decoder density 0.5148
step 17700: train loss 2.2441, val loss 2.2962
model:LGT723E iter 17700: loss 2.2252, time 26179.73ms, mfu 3.99%
model:LGT723E iter 17710: loss 2.3253, time 1709.05ms, mfu 4.11%
model:LGT723E iter 17720: loss 2.3239, time 1710.03ms, mfu 4.22%
model:LGT723E iter 17730: loss 1.9667, time 1707.37ms, mfu 4.31%
model:LGT723E iter 17740: loss 2.2363, time 1714.97ms, mfu 4.40%
------average encoder activity 2.064
-----------average decoder density 0.4867
step 17750: train loss 2.4107, val loss 2.4225
model:LGT723E iter 17750: loss 2.3159, time 26225.39ms, mfu 3.99%
model:LGT723E iter 17760: loss 1.9623, time 1708.25ms, mfu 4.11%
model:LGT723E iter 17770: loss 2.1017, time 1709.28ms, mfu 4.22%
model:LGT723E iter 17780: loss 2.1726, time 1709.82ms, mfu 4.31%
model:LGT723E iter 17790: loss 2.0677, time 1708.67ms, mfu 4.40%
------average encoder activity 2.063
-----------average decoder density 0.5408
step 17800: train loss 2.1595, val loss 2.2457
saving checkpoint to out-novel-char3_LGT723E_3d25ede0cfd080d9e35756b051dcef65
model:LGT723E iter 17800: loss 2.0348, time 27528.55ms, mfu 3.99%
model:LGT723E iter 17810: loss 2.2037, time 1711.52ms, mfu 4.11%
model:LGT723E iter 17820: loss 2.5437, time 1710.82ms, mfu 4.21%
model:LGT723E iter 17830: loss 2.1061, time 1711.14ms, mfu 4.31%
model:LGT723E iter 17840: loss 2.0615, time 1719.99ms, mfu 4.39%
------average encoder activity 2.064
-----------average decoder density 0.5204
step 17850: train loss 2.1559, val loss 2.2788
model:LGT723E iter 17850: loss 2.0172, time 26227.97ms, mfu 3.99%
model:LGT723E iter 17860: loss 2.2707, time 1710.32ms, mfu 4.11%
model:LGT723E iter 17870: loss 1.9048, time 1708.35ms, mfu 4.21%
model:LGT723E iter 17880: loss 2.3261, time 1707.92ms, mfu 4.31%
model:LGT723E iter 17890: loss 1.9893, time 1707.60ms, mfu 4.40%
------average encoder activity 2.064
-----------average decoder density 0.4839
step 17900: train loss 2.1658, val loss 2.2908
model:LGT723E iter 17900: loss 2.0218, time 26162.44ms, mfu 3.99%
model:LGT723E iter 17910: loss 2.2828, time 1708.57ms, mfu 4.11%
model:LGT723E iter 17920: loss 2.2840, time 1711.10ms, mfu 4.22%
model:LGT723E iter 17930: loss 2.1833, time 1710.44ms, mfu 4.31%
model:LGT723E iter 17940: loss 2.3687, time 1709.32ms, mfu 4.40%
------average encoder activity 2.066
-----------average decoder density 0.4940
step 17950: train loss 2.1782, val loss 2.2766
model:LGT723E iter 17950: loss 2.2314, time 26199.28ms, mfu 3.99%
model:LGT723E iter 17960: loss 2.1669, time 1708.68ms, mfu 4.11%
model:LGT723E iter 17970: loss 2.1729, time 1709.55ms, mfu 4.22%
model:LGT723E iter 17980: loss 1.9886, time 1708.41ms, mfu 4.31%
model:LGT723E iter 17990: loss 2.1262, time 1708.86ms, mfu 4.40%
------average encoder activity 2.067
-----------average decoder density 0.5072
step 18000: train loss 2.2192, val loss 2.2684
model:LGT723E iter 18000: loss 2.0654, time 26191.46ms, mfu 3.99%
model:LGT723E iter 18010: loss 2.3163, time 1708.62ms, mfu 4.11%
model:LGT723E iter 18020: loss 1.8801, time 1708.58ms, mfu 4.22%
model:LGT723E iter 18030: loss 2.2677, time 1709.37ms, mfu 4.31%
model:LGT723E iter 18040: loss 1.9459, time 1709.05ms, mfu 4.40%
------average encoder activity 2.069
-----------average decoder density 0.5037
step 18050: train loss 2.2919, val loss 2.3413
model:LGT723E iter 18050: loss 2.0912, time 26203.98ms, mfu 3.99%
model:LGT723E iter 18060: loss 2.2930, time 1709.50ms, mfu 4.11%
model:LGT723E iter 18070: loss 1.8095, time 1709.20ms, mfu 4.22%
model:LGT723E iter 18080: loss 2.3001, time 1708.58ms, mfu 4.31%
model:LGT723E iter 18090: loss 2.2339, time 1708.08ms, mfu 4.40%
------average encoder activity 2.067
-----------average decoder density 0.5326
step 18100: train loss 2.1660, val loss 2.2617
model:LGT723E iter 18100: loss 1.8668, time 26162.79ms, mfu 3.99%
model:LGT723E iter 18110: loss 2.0236, time 1711.84ms, mfu 4.11%
model:LGT723E iter 18120: loss 1.9053, time 1713.81ms, mfu 4.22%
model:LGT723E iter 18130: loss 2.3733, time 1713.65ms, mfu 4.31%
model:LGT723E iter 18140: loss 2.2548, time 1712.43ms, mfu 4.40%
------average encoder activity 2.069
-----------average decoder density 0.5123
step 18150: train loss 2.1643, val loss 2.2748
model:LGT723E iter 18150: loss 2.3115, time 26228.45ms, mfu 3.99%
model:LGT723E iter 18160: loss 2.2274, time 1712.79ms, mfu 4.11%
model:LGT723E iter 18170: loss 2.2175, time 1713.44ms, mfu 4.21%
model:LGT723E iter 18180: loss 2.1759, time 1715.07ms, mfu 4.31%
model:LGT723E iter 18190: loss 2.1835, time 1712.92ms, mfu 4.39%
------average encoder activity 2.069
-----------average decoder density 0.5061
step 18200: train loss 2.1323, val loss 2.2767
model:LGT723E iter 18200: loss 2.2316, time 26221.86ms, mfu 3.99%
model:LGT723E iter 18210: loss 2.2010, time 1711.35ms, mfu 4.11%
model:LGT723E iter 18220: loss 2.2454, time 1711.35ms, mfu 4.21%
model:LGT723E iter 18230: loss 2.2555, time 1712.73ms, mfu 4.31%
model:LGT723E iter 18240: loss 2.3359, time 1711.74ms, mfu 4.39%
------average encoder activity 2.069
-----------average decoder density 0.4918
step 18250: train loss 2.1839, val loss 2.2627
model:LGT723E iter 18250: loss 2.1516, time 26214.48ms, mfu 3.99%
model:LGT723E iter 18260: loss 2.0689, time 1712.20ms, mfu 4.11%
model:LGT723E iter 18270: loss 2.2407, time 1708.10ms, mfu 4.21%
model:LGT723E iter 18280: loss 2.3850, time 1707.69ms, mfu 4.31%
model:LGT723E iter 18290: loss 1.6309, time 1707.91ms, mfu 4.40%
------average encoder activity 2.069
-----------average decoder density 0.5332
step 18300: train loss 2.1531, val loss 2.2708
model:LGT723E iter 18300: loss 2.2939, time 26177.30ms, mfu 3.99%
model:LGT723E iter 18310: loss 2.2182, time 1707.88ms, mfu 4.11%
model:LGT723E iter 18320: loss 2.3734, time 1709.55ms, mfu 4.22%
model:LGT723E iter 18330: loss 2.1550, time 1711.67ms, mfu 4.31%
model:LGT723E iter 18340: loss 2.1242, time 1710.36ms, mfu 4.40%
------average encoder activity 2.070
-----------average decoder density 0.5316
step 18350: train loss 2.1449, val loss 2.2581
model:LGT723E iter 18350: loss 2.0943, time 26194.47ms, mfu 3.99%
model:LGT723E iter 18360: loss 2.3423, time 1709.23ms, mfu 4.11%
model:LGT723E iter 18370: loss 1.9547, time 1707.04ms, mfu 4.22%
model:LGT723E iter 18380: loss 2.3915, time 1708.24ms, mfu 4.31%
model:LGT723E iter 18390: loss 1.9789, time 1707.42ms, mfu 4.40%
------average encoder activity 2.071
-----------average decoder density 0.4998
step 18400: train loss 2.1425, val loss 2.2831
model:LGT723E iter 18400: loss 1.9639, time 26166.67ms, mfu 3.99%
model:LGT723E iter 18410: loss 2.2807, time 1712.18ms, mfu 4.11%
model:LGT723E iter 18420: loss 2.2126, time 1709.82ms, mfu 4.22%
model:LGT723E iter 18430: loss 1.8119, time 1708.16ms, mfu 4.31%
model:LGT723E iter 18440: loss 2.1919, time 1709.10ms, mfu 4.40%
------average encoder activity 2.070
-----------average decoder density 0.4975
step 18450: train loss 2.1346, val loss 2.2366
saving checkpoint to out-novel-char3_LGT723E_3d25ede0cfd080d9e35756b051dcef65
model:LGT723E iter 18450: loss 2.1329, time 27575.49ms, mfu 3.99%
model:LGT723E iter 18460: loss 1.8945, time 1709.89ms, mfu 4.11%
model:LGT723E iter 18470: loss 2.2591, time 1708.85ms, mfu 4.22%
model:LGT723E iter 18480: loss 2.2799, time 1712.11ms, mfu 4.31%
model:LGT723E iter 18490: loss 2.0306, time 1710.35ms, mfu 4.40%
------average encoder activity 2.070
-----------average decoder density 0.4883
step 18500: train loss 2.1618, val loss 2.2636
model:LGT723E iter 18500: loss 2.2385, time 26218.18ms, mfu 3.99%
model:LGT723E iter 18510: loss 2.3523, time 1708.68ms, mfu 4.11%
model:LGT723E iter 18520: loss 2.2712, time 1708.91ms, mfu 4.22%
model:LGT723E iter 18530: loss 1.9285, time 1711.93ms, mfu 4.31%
model:LGT723E iter 18540: loss 2.2804, time 1711.17ms, mfu 4.40%
------average encoder activity 2.072
-----------average decoder density 0.5176
step 18550: train loss 2.1664, val loss 2.2312
saving checkpoint to out-novel-char3_LGT723E_3d25ede0cfd080d9e35756b051dcef65
model:LGT723E iter 18550: loss 2.1603, time 27559.35ms, mfu 3.99%
model:LGT723E iter 18560: loss 2.2582, time 1712.45ms, mfu 4.11%
model:LGT723E iter 18570: loss 2.0498, time 1711.48ms, mfu 4.21%
model:LGT723E iter 18580: loss 2.0473, time 1711.04ms, mfu 4.31%
model:LGT723E iter 18590: loss 2.2784, time 1710.79ms, mfu 4.39%
------average encoder activity 2.076
-----------average decoder density 0.5273
step 18600: train loss 2.1474, val loss 2.2866
model:LGT723E iter 18600: loss 2.2385, time 26187.47ms, mfu 3.99%
model:LGT723E iter 18610: loss 2.2873, time 1711.45ms, mfu 4.11%
model:LGT723E iter 18620: loss 2.2999, time 1712.42ms, mfu 4.21%
model:LGT723E iter 18630: loss 2.1448, time 1712.45ms, mfu 4.31%
model:LGT723E iter 18640: loss 2.3185, time 1711.71ms, mfu 4.39%
------average encoder activity 2.073
-----------average decoder density 0.5101
step 18650: train loss 2.1382, val loss 2.2606
model:LGT723E iter 18650: loss 2.2846, time 26202.04ms, mfu 3.99%
model:LGT723E iter 18660: loss 2.2400, time 1713.06ms, mfu 4.11%
model:LGT723E iter 18670: loss 1.9228, time 1712.17ms, mfu 4.21%
model:LGT723E iter 18680: loss 2.2783, time 1712.26ms, mfu 4.31%
model:LGT723E iter 18690: loss 2.0355, time 1712.76ms, mfu 4.39%
------average encoder activity 2.073
-----------average decoder density 0.4811
step 18700: train loss 2.1316, val loss 2.2771
model:LGT723E iter 18700: loss 2.3323, time 26201.95ms, mfu 3.99%
model:LGT723E iter 18710: loss 2.1814, time 1709.58ms, mfu 4.11%
model:LGT723E iter 18720: loss 1.8947, time 1710.61ms, mfu 4.21%
model:LGT723E iter 18730: loss 2.4947, time 1709.33ms, mfu 4.31%
model:LGT723E iter 18740: loss 2.6035, time 1709.11ms, mfu 4.40%
------average encoder activity 2.074
-----------average decoder density 0.4903
step 18750: train loss 2.1126, val loss 2.2675
model:LGT723E iter 18750: loss 2.2933, time 26282.91ms, mfu 3.99%
model:LGT723E iter 18760: loss 2.3971, time 1712.77ms, mfu 4.11%
model:LGT723E iter 18770: loss 2.1333, time 1713.77ms, mfu 4.21%
model:LGT723E iter 18780: loss 2.2537, time 1714.30ms, mfu 4.31%
model:LGT723E iter 18790: loss 1.9158, time 1716.09ms, mfu 4.39%
------average encoder activity 2.074
-----------average decoder density 0.5092
step 18800: train loss 2.1524, val loss 2.2792
model:LGT723E iter 18800: loss 2.1530, time 26229.53ms, mfu 3.99%
model:LGT723E iter 18810: loss 1.9777, time 1709.80ms, mfu 4.10%
model:LGT723E iter 18820: loss 2.0589, time 1711.08ms, mfu 4.21%
model:LGT723E iter 18830: loss 2.5144, time 1717.13ms, mfu 4.31%
model:LGT723E iter 18840: loss 2.2667, time 1713.45ms, mfu 4.39%
------average encoder activity 2.073
-----------average decoder density 0.5225
step 18850: train loss 2.1311, val loss 2.2609
model:LGT723E iter 18850: loss 2.2013, time 26252.28ms, mfu 3.99%
model:LGT723E iter 18860: loss 1.8846, time 1713.71ms, mfu 4.10%
model:LGT723E iter 18870: loss 2.0344, time 1714.09ms, mfu 4.21%
model:LGT723E iter 18880: loss 2.1932, time 1712.56ms, mfu 4.30%
model:LGT723E iter 18890: loss 1.8950, time 1715.31ms, mfu 4.39%
------average encoder activity 2.076
-----------average decoder density 0.5335
step 18900: train loss 2.1462, val loss 2.2607
model:LGT723E iter 18900: loss 2.1977, time 26262.79ms, mfu 3.98%
model:LGT723E iter 18910: loss 2.2294, time 1712.31ms, mfu 4.10%
model:LGT723E iter 18920: loss 2.3318, time 1711.40ms, mfu 4.21%
model:LGT723E iter 18930: loss 2.3215, time 1711.70ms, mfu 4.30%
model:LGT723E iter 18940: loss 2.1861, time 1713.45ms, mfu 4.39%
------average encoder activity 2.076
-----------average decoder density 0.5403
step 18950: train loss 2.1169, val loss 2.2994
model:LGT723E iter 18950: loss 2.0480, time 26225.37ms, mfu 3.99%
model:LGT723E iter 18960: loss 2.4216, time 1707.71ms, mfu 4.10%
model:LGT723E iter 18970: loss 2.2696, time 1708.55ms, mfu 4.21%
model:LGT723E iter 18980: loss 1.9528, time 1708.55ms, mfu 4.31%
model:LGT723E iter 18990: loss 1.9433, time 1708.47ms, mfu 4.40%
------average encoder activity 2.077
-----------average decoder density 0.5179
step 19000: train loss 2.1585, val loss 2.2345
model:LGT723E iter 19000: loss 2.1239, time 26230.24ms, mfu 3.99%
model:LGT723E iter 19010: loss 2.1094, time 1707.75ms, mfu 4.11%
model:LGT723E iter 19020: loss 2.4648, time 1708.08ms, mfu 4.22%
model:LGT723E iter 19030: loss 2.3098, time 1707.79ms, mfu 4.31%
model:LGT723E iter 19040: loss 2.2961, time 1708.08ms, mfu 4.40%
------average encoder activity 2.077
-----------average decoder density 0.5237
step 19050: train loss 2.1123, val loss 2.2470
model:LGT723E iter 19050: loss 1.8806, time 26220.02ms, mfu 3.99%
model:LGT723E iter 19060: loss 2.1793, time 1710.18ms, mfu 4.11%
model:LGT723E iter 19070: loss 2.1795, time 1708.30ms, mfu 4.22%
model:LGT723E iter 19080: loss 2.5810, time 1708.27ms, mfu 4.31%
model:LGT723E iter 19090: loss 2.3224, time 1710.03ms, mfu 4.40%
------average encoder activity 2.081
-----------average decoder density 0.5171
step 19100: train loss 2.1090, val loss 2.2200
saving checkpoint to out-novel-char3_LGT723E_3d25ede0cfd080d9e35756b051dcef65
model:LGT723E iter 19100: loss 1.8484, time 27552.70ms, mfu 3.99%
model:LGT723E iter 19110: loss 1.8089, time 1711.78ms, mfu 4.11%
model:LGT723E iter 19120: loss 2.2664, time 1709.49ms, mfu 4.22%
model:LGT723E iter 19130: loss 1.9308, time 1711.59ms, mfu 4.31%
model:LGT723E iter 19140: loss 2.3785, time 1708.76ms, mfu 4.40%
------average encoder activity 2.082
-----------average decoder density 0.5204
step 19150: train loss 2.1160, val loss 2.2393
model:LGT723E iter 19150: loss 2.3359, time 26249.65ms, mfu 3.99%
model:LGT723E iter 19160: loss 2.1225, time 1710.43ms, mfu 4.11%
model:LGT723E iter 19170: loss 2.3304, time 1708.34ms, mfu 4.22%
model:LGT723E iter 19180: loss 2.0249, time 1709.18ms, mfu 4.31%
model:LGT723E iter 19190: loss 1.9490, time 1709.22ms, mfu 4.40%
------average encoder activity 2.081
-----------average decoder density 0.4957
step 19200: train loss 2.1157, val loss 2.2444
model:LGT723E iter 19200: loss 2.4403, time 26190.13ms, mfu 3.99%
model:LGT723E iter 19210: loss 1.9704, time 1709.62ms, mfu 4.11%
model:LGT723E iter 19220: loss 2.0447, time 1708.25ms, mfu 4.22%
model:LGT723E iter 19230: loss 1.8718, time 1712.82ms, mfu 4.31%
model:LGT723E iter 19240: loss 2.3438, time 1712.56ms, mfu 4.40%
------average encoder activity 2.082
-----------average decoder density 0.5092
step 19250: train loss 2.1247, val loss 2.2354
model:LGT723E iter 19250: loss 2.1814, time 26234.18ms, mfu 3.99%
model:LGT723E iter 19260: loss 2.4340, time 1710.01ms, mfu 4.11%
model:LGT723E iter 19270: loss 2.1713, time 1710.16ms, mfu 4.22%
model:LGT723E iter 19280: loss 2.2195, time 1709.55ms, mfu 4.31%
model:LGT723E iter 19290: loss 2.1479, time 1709.51ms, mfu 4.40%
------average encoder activity 2.085
-----------average decoder density 0.5139
step 19300: train loss 2.1060, val loss 2.2527
model:LGT723E iter 19300: loss 1.7758, time 26211.27ms, mfu 3.99%
model:LGT723E iter 19310: loss 1.7158, time 1710.17ms, mfu 4.11%
model:LGT723E iter 19320: loss 1.9532, time 1709.92ms, mfu 4.22%
model:LGT723E iter 19330: loss 2.0366, time 1710.50ms, mfu 4.31%
model:LGT723E iter 19340: loss 2.2152, time 1710.36ms, mfu 4.40%
------average encoder activity 2.086
-----------average decoder density 0.5046
step 19350: train loss 2.1121, val loss 2.2603
model:LGT723E iter 19350: loss 2.1297, time 26229.77ms, mfu 3.99%
model:LGT723E iter 19360: loss 2.1270, time 1711.26ms, mfu 4.11%
model:LGT723E iter 19370: loss 2.2615, time 1709.47ms, mfu 4.22%
model:LGT723E iter 19380: loss 2.0495, time 1709.53ms, mfu 4.31%
model:LGT723E iter 19390: loss 2.3725, time 1709.88ms, mfu 4.40%
------average encoder activity 2.087
-----------average decoder density 0.5011
step 19400: train loss 2.1418, val loss 2.2332
model:LGT723E iter 19400: loss 2.0620, time 26220.18ms, mfu 3.99%
model:LGT723E iter 19410: loss 2.1584, time 1709.45ms, mfu 4.11%
model:LGT723E iter 19420: loss 2.1532, time 1709.27ms, mfu 4.22%
model:LGT723E iter 19430: loss 2.1871, time 1712.58ms, mfu 4.31%
model:LGT723E iter 19440: loss 1.8604, time 1712.95ms, mfu 4.40%
------average encoder activity 2.088
-----------average decoder density 0.4947
step 19450: train loss 2.1413, val loss 2.2495
model:LGT723E iter 19450: loss 1.9051, time 26204.23ms, mfu 3.99%
model:LGT723E iter 19460: loss 1.7624, time 1712.26ms, mfu 4.11%
model:LGT723E iter 19470: loss 1.8399, time 1712.66ms, mfu 4.21%
model:LGT723E iter 19480: loss 2.2220, time 1713.52ms, mfu 4.31%
model:LGT723E iter 19490: loss 2.2825, time 1711.95ms, mfu 4.39%
------average encoder activity 2.086
-----------average decoder density 0.5043
step 19500: train loss 2.1059, val loss 2.2313
model:LGT723E iter 19500: loss 2.1979, time 26183.36ms, mfu 3.99%
model:LGT723E iter 19510: loss 2.2912, time 1712.16ms, mfu 4.11%
model:LGT723E iter 19520: loss 2.1201, time 1712.97ms, mfu 4.21%
model:LGT723E iter 19530: loss 1.9711, time 1713.05ms, mfu 4.31%
model:LGT723E iter 19540: loss 2.0331, time 1711.47ms, mfu 4.39%
------average encoder activity 2.087
-----------average decoder density 0.5000
step 19550: train loss 2.0927, val loss 2.2280
model:LGT723E iter 19550: loss 2.2691, time 26185.09ms, mfu 3.99%
model:LGT723E iter 19560: loss 2.0669, time 1713.10ms, mfu 4.11%
model:LGT723E iter 19570: loss 2.3156, time 1711.57ms, mfu 4.21%
model:LGT723E iter 19580: loss 2.3260, time 1711.79ms, mfu 4.31%
model:LGT723E iter 19590: loss 2.5243, time 1709.90ms, mfu 4.39%
------average encoder activity 2.086
-----------average decoder density 0.5028
step 19600: train loss 2.0915, val loss 2.1894
saving checkpoint to out-novel-char3_LGT723E_3d25ede0cfd080d9e35756b051dcef65
model:LGT723E iter 19600: loss 1.9226, time 27511.82ms, mfu 3.99%
model:LGT723E iter 19610: loss 2.0876, time 1710.82ms, mfu 4.10%
model:LGT723E iter 19620: loss 2.1611, time 1711.30ms, mfu 4.21%
model:LGT723E iter 19630: loss 2.0093, time 1708.46ms, mfu 4.31%
model:LGT723E iter 19640: loss 2.2931, time 1708.56ms, mfu 4.39%
------average encoder activity 2.088
-----------average decoder density 0.5203
step 19650: train loss 2.1000, val loss 2.2339
model:LGT723E iter 19650: loss 2.1454, time 26207.39ms, mfu 3.99%
model:LGT723E iter 19660: loss 2.3942, time 1712.08ms, mfu 4.11%
model:LGT723E iter 19670: loss 2.0874, time 1714.25ms, mfu 4.21%
model:LGT723E iter 19680: loss 2.1491, time 1709.65ms, mfu 4.31%
model:LGT723E iter 19690: loss 2.2785, time 1707.58ms, mfu 4.40%
------average encoder activity 2.087
-----------average decoder density 0.5210
step 19700: train loss 2.0863, val loss 2.2146
model:LGT723E iter 19700: loss 2.2574, time 26222.94ms, mfu 3.99%
model:LGT723E iter 19710: loss 2.1520, time 1711.39ms, mfu 4.11%
model:LGT723E iter 19720: loss 2.0961, time 1712.02ms, mfu 4.21%
model:LGT723E iter 19730: loss 2.1727, time 1711.50ms, mfu 4.31%
model:LGT723E iter 19740: loss 2.2440, time 1710.57ms, mfu 4.39%
------average encoder activity 2.086
-----------average decoder density 0.5224
step 19750: train loss 2.1177, val loss 2.2250
model:LGT723E iter 19750: loss 2.1398, time 26201.27ms, mfu 3.99%
model:LGT723E iter 19760: loss 1.5666, time 1712.83ms, mfu 4.11%
model:LGT723E iter 19770: loss 2.0205, time 1711.61ms, mfu 4.21%
model:LGT723E iter 19780: loss 2.4059, time 1711.14ms, mfu 4.31%
model:LGT723E iter 19790: loss 2.3313, time 1712.38ms, mfu 4.39%
------average encoder activity 2.087
-----------average decoder density 0.4988
step 19800: train loss 2.0937, val loss 2.2427
model:LGT723E iter 19800: loss 2.1012, time 26218.32ms, mfu 3.99%
model:LGT723E iter 19810: loss 2.2679, time 1710.33ms, mfu 4.11%
model:LGT723E iter 19820: loss 1.8423, time 1711.15ms, mfu 4.21%
model:LGT723E iter 19830: loss 1.9902, time 1713.20ms, mfu 4.31%
model:LGT723E iter 19840: loss 2.1914, time 1708.10ms, mfu 4.39%
------average encoder activity 2.087
-----------average decoder density 0.5105
step 19850: train loss 2.0607, val loss 2.2251
model:LGT723E iter 19850: loss 2.1135, time 26199.94ms, mfu 3.99%
model:LGT723E iter 19860: loss 2.1714, time 1709.04ms, mfu 4.11%
model:LGT723E iter 19870: loss 2.1234, time 1709.66ms, mfu 4.21%
model:LGT723E iter 19880: loss 2.1097, time 1708.19ms, mfu 4.31%
model:LGT723E iter 19890: loss 2.0243, time 1708.61ms, mfu 4.40%
------average encoder activity 2.087
-----------average decoder density 0.5267
step 19900: train loss 2.0939, val loss 2.2058
model:LGT723E iter 19900: loss 2.0797, time 26170.10ms, mfu 3.99%
model:LGT723E iter 19910: loss 2.2587, time 1708.14ms, mfu 4.11%
model:LGT723E iter 19920: loss 2.0227, time 1708.09ms, mfu 4.22%
model:LGT723E iter 19930: loss 2.2460, time 1707.70ms, mfu 4.31%
model:LGT723E iter 19940: loss 1.7992, time 1707.72ms, mfu 4.40%
------average encoder activity 2.086
-----------average decoder density 0.5074
step 19950: train loss 2.0689, val loss 2.2346
model:LGT723E iter 19950: loss 2.0210, time 26156.42ms, mfu 3.99%
model:LGT723E iter 19960: loss 2.1418, time 1707.88ms, mfu 4.11%
model:LGT723E iter 19970: loss 1.9272, time 1709.43ms, mfu 4.22%
model:LGT723E iter 19980: loss 2.4729, time 1708.65ms, mfu 4.31%
model:LGT723E iter 19990: loss 1.7376, time 1708.81ms, mfu 4.40%
------average encoder activity 2.086
-----------average decoder density 0.5049
step 20000: train loss 2.0686, val loss 2.2242
model:LGT723E iter 20000: loss 2.0478, time 26238.95ms, mfu 3.99%
model:LGT723E iter 20010: loss 1.9878, time 1711.95ms, mfu 4.11%
model:LGT723E iter 20020: loss 2.2137, time 1714.12ms, mfu 4.22%
model:LGT723E iter 20030: loss 2.4321, time 1710.61ms, mfu 4.31%
model:LGT723E iter 20040: loss 2.1679, time 1711.15ms, mfu 4.40%
------average encoder activity 2.086
-----------average decoder density 0.5592
step 20050: train loss 2.0757, val loss 2.2107
model:LGT723E iter 20050: loss 1.8878, time 26185.09ms, mfu 3.99%
model:LGT723E iter 20060: loss 1.9812, time 1710.41ms, mfu 4.11%
model:LGT723E iter 20070: loss 2.0373, time 1710.94ms, mfu 4.22%
model:LGT723E iter 20080: loss 1.9991, time 1711.02ms, mfu 4.31%
model:LGT723E iter 20090: loss 2.6388, time 1711.00ms, mfu 4.40%
------average encoder activity 2.087
-----------average decoder density 0.5155
step 20100: train loss 2.0711, val loss 2.2101
model:LGT723E iter 20100: loss 2.1722, time 26185.48ms, mfu 3.99%
model:LGT723E iter 20110: loss 2.0866, time 1711.32ms, mfu 4.11%
model:LGT723E iter 20120: loss 2.2618, time 1711.48ms, mfu 4.21%
model:LGT723E iter 20130: loss 2.1569, time 1711.10ms, mfu 4.31%
model:LGT723E iter 20140: loss 2.1827, time 1710.84ms, mfu 4.40%
------average encoder activity 2.088
-----------average decoder density 0.5324
step 20150: train loss 2.0728, val loss 2.2142
model:LGT723E iter 20150: loss 1.9389, time 26148.07ms, mfu 3.99%
model:LGT723E iter 20160: loss 2.1643, time 1710.67ms, mfu 4.11%
model:LGT723E iter 20170: loss 2.1975, time 1711.23ms, mfu 4.21%
model:LGT723E iter 20180: loss 1.7759, time 1711.19ms, mfu 4.31%
model:LGT723E iter 20190: loss 2.2410, time 1711.30ms, mfu 4.40%
------average encoder activity 2.089
-----------average decoder density 0.4948
step 20200: train loss 2.0857, val loss 2.1999
model:LGT723E iter 20200: loss 2.0729, time 26185.98ms, mfu 3.99%
model:LGT723E iter 20210: loss 2.0322, time 1707.77ms, mfu 4.11%
model:LGT723E iter 20220: loss 2.1987, time 1708.06ms, mfu 4.22%
model:LGT723E iter 20230: loss 1.9906, time 1708.06ms, mfu 4.31%
model:LGT723E iter 20240: loss 2.0315, time 1708.62ms, mfu 4.40%
------average encoder activity 2.089
-----------average decoder density 0.5232
step 20250: train loss 2.1223, val loss 2.2466
model:LGT723E iter 20250: loss 2.0302, time 26247.47ms, mfu 3.99%
model:LGT723E iter 20260: loss 2.1556, time 1709.95ms, mfu 4.11%
model:LGT723E iter 20270: loss 1.9552, time 1708.79ms, mfu 4.22%
model:LGT723E iter 20280: loss 2.4613, time 1708.56ms, mfu 4.31%
model:LGT723E iter 20290: loss 1.8665, time 1709.05ms, mfu 4.40%
------average encoder activity 2.090
-----------average decoder density 0.5248
step 20300: train loss 2.0832, val loss 2.2157
model:LGT723E iter 20300: loss 2.2203, time 26202.54ms, mfu 3.99%
model:LGT723E iter 20310: loss 1.8778, time 1709.47ms, mfu 4.11%
model:LGT723E iter 20320: loss 1.9434, time 1708.70ms, mfu 4.22%
model:LGT723E iter 20330: loss 1.9361, time 1708.28ms, mfu 4.31%
model:LGT723E iter 20340: loss 1.8771, time 1710.06ms, mfu 4.40%
------average encoder activity 2.089
-----------average decoder density 0.5050
step 20350: train loss 2.3201, val loss 2.4394
model:LGT723E iter 20350: loss 1.9465, time 26266.34ms, mfu 3.99%
model:LGT723E iter 20360: loss 2.2661, time 1709.13ms, mfu 4.11%
model:LGT723E iter 20370: loss 2.2754, time 1707.95ms, mfu 4.22%
model:LGT723E iter 20380: loss 2.0782, time 1711.13ms, mfu 4.31%
model:LGT723E iter 20390: loss 1.6729, time 1711.18ms, mfu 4.40%
------average encoder activity 2.088
-----------average decoder density 0.5027
step 20400: train loss 2.2418, val loss 2.4455
model:LGT723E iter 20400: loss 1.9847, time 26207.51ms, mfu 3.99%
model:LGT723E iter 20410: loss 1.9301, time 1713.12ms, mfu 4.11%
model:LGT723E iter 20420: loss 2.0023, time 1713.04ms, mfu 4.21%
model:LGT723E iter 20430: loss 2.1169, time 1712.13ms, mfu 4.31%
model:LGT723E iter 20440: loss 1.8680, time 1707.33ms, mfu 4.40%
------average encoder activity 2.090
-----------average decoder density 0.5007
step 20450: train loss 2.1273, val loss 2.2924
model:LGT723E iter 20450: loss 2.3234, time 26218.01ms, mfu 3.99%
model:LGT723E iter 20460: loss 1.8876, time 1707.83ms, mfu 4.11%
model:LGT723E iter 20470: loss 1.8035, time 1708.15ms, mfu 4.22%
model:LGT723E iter 20480: loss 2.0791, time 1708.88ms, mfu 4.31%
model:LGT723E iter 20490: loss 2.2116, time 1707.72ms, mfu 4.40%
------average encoder activity 2.090
-----------average decoder density 0.5037
step 20500: train loss 2.2687, val loss 2.3076
model:LGT723E iter 20500: loss 1.9798, time 26191.00ms, mfu 3.99%
model:LGT723E iter 20510: loss 2.0782, time 1710.39ms, mfu 4.11%
model:LGT723E iter 20520: loss 1.6342, time 1711.03ms, mfu 4.22%
model:LGT723E iter 20530: loss 1.6821, time 1710.96ms, mfu 4.31%
model:LGT723E iter 20540: loss 1.8575, time 1711.45ms, mfu 4.40%
------average encoder activity 2.090
-----------average decoder density 0.5290
step 20550: train loss 2.0650, val loss 2.2129
model:LGT723E iter 20550: loss 2.1911, time 26184.78ms, mfu 3.99%
model:LGT723E iter 20560: loss 2.0761, time 1710.77ms, mfu 4.11%
model:LGT723E iter 20570: loss 1.8605, time 1712.06ms, mfu 4.22%
model:LGT723E iter 20580: loss 1.8935, time 1711.27ms, mfu 4.31%
model:LGT723E iter 20590: loss 1.9976, time 1707.64ms, mfu 4.40%
------average encoder activity 2.090
-----------average decoder density 0.4889
step 20600: train loss 2.1043, val loss 2.2446
model:LGT723E iter 20600: loss 2.3066, time 26200.81ms, mfu 3.99%
model:LGT723E iter 20610: loss 2.3231, time 1710.10ms, mfu 4.11%
model:LGT723E iter 20620: loss 1.9211, time 1709.10ms, mfu 4.22%
model:LGT723E iter 20630: loss 1.9559, time 1709.31ms, mfu 4.31%
model:LGT723E iter 20640: loss 2.0748, time 1712.38ms, mfu 4.40%
------average encoder activity 2.089
-----------average decoder density 0.5420
step 20650: train loss 2.0988, val loss 2.2227
model:LGT723E iter 20650: loss 2.1175, time 26241.19ms, mfu 3.99%
model:LGT723E iter 20660: loss 2.2874, time 1711.29ms, mfu 4.11%
model:LGT723E iter 20670: loss 2.1404, time 1712.08ms, mfu 4.21%
model:LGT723E iter 20680: loss 1.9701, time 1711.29ms, mfu 4.31%
model:LGT723E iter 20690: loss 2.0467, time 1711.50ms, mfu 4.40%
------average encoder activity 2.093
-----------average decoder density 0.5222
step 20700: train loss 2.0538, val loss 2.1996
model:LGT723E iter 20700: loss 1.8156, time 26201.39ms, mfu 3.99%
model:LGT723E iter 20710: loss 1.8075, time 1713.09ms, mfu 4.11%
model:LGT723E iter 20720: loss 2.0948, time 1713.63ms, mfu 4.21%
model:LGT723E iter 20730: loss 2.2961, time 1713.82ms, mfu 4.31%
model:LGT723E iter 20740: loss 2.0222, time 1718.32ms, mfu 4.39%
------average encoder activity 2.092
-----------average decoder density 0.5237
step 20750: train loss 2.0845, val loss 2.1937
model:LGT723E iter 20750: loss 2.1487, time 26216.92ms, mfu 3.99%
model:LGT723E iter 20760: loss 1.6716, time 1712.49ms, mfu 4.10%
model:LGT723E iter 20770: loss 2.0527, time 1712.32ms, mfu 4.21%
model:LGT723E iter 20780: loss 1.9986, time 1712.69ms, mfu 4.31%
model:LGT723E iter 20790: loss 2.2653, time 1712.63ms, mfu 4.39%
------average encoder activity 2.091
-----------average decoder density 0.4955
step 20800: train loss 2.0624, val loss 2.2004
model:LGT723E iter 20800: loss 2.1476, time 26190.57ms, mfu 3.99%
model:LGT723E iter 20810: loss 1.9836, time 1712.82ms, mfu 4.10%
model:LGT723E iter 20820: loss 2.1523, time 1711.32ms, mfu 4.21%
model:LGT723E iter 20830: loss 2.2191, time 1710.76ms, mfu 4.31%
model:LGT723E iter 20840: loss 1.8827, time 1711.38ms, mfu 4.39%
------average encoder activity 2.094
-----------average decoder density 0.5326
step 20850: train loss 2.0566, val loss 2.1778
saving checkpoint to out-novel-char3_LGT723E_3d25ede0cfd080d9e35756b051dcef65
model:LGT723E iter 20850: loss 2.1565, time 27421.86ms, mfu 3.99%
model:LGT723E iter 20860: loss 2.2807, time 1710.88ms, mfu 4.10%
model:LGT723E iter 20870: loss 2.4762, time 1712.08ms, mfu 4.21%
model:LGT723E iter 20880: loss 2.2470, time 1711.93ms, mfu 4.31%
model:LGT723E iter 20890: loss 1.9378, time 1710.64ms, mfu 4.39%
------average encoder activity 2.095
-----------average decoder density 0.5610
step 20900: train loss 2.0392, val loss 2.1993
model:LGT723E iter 20900: loss 1.7987, time 26169.05ms, mfu 3.99%
model:LGT723E iter 20910: loss 1.7964, time 1711.54ms, mfu 4.10%
model:LGT723E iter 20920: loss 2.0626, time 1712.48ms, mfu 4.21%
model:LGT723E iter 20930: loss 1.8472, time 1713.24ms, mfu 4.31%
model:LGT723E iter 20940: loss 2.2801, time 1709.55ms, mfu 4.39%
------average encoder activity 2.096
-----------average decoder density 0.5220
step 20950: train loss 2.0797, val loss 2.1601
saving checkpoint to out-novel-char3_LGT723E_3d25ede0cfd080d9e35756b051dcef65
model:LGT723E iter 20950: loss 2.2270, time 27520.54ms, mfu 3.99%
model:LGT723E iter 20960: loss 2.0763, time 1721.78ms, mfu 4.10%
model:LGT723E iter 20970: loss 2.2921, time 1710.92ms, mfu 4.21%
model:LGT723E iter 20980: loss 1.6020, time 1712.60ms, mfu 4.30%
model:LGT723E iter 20990: loss 2.1187, time 1710.65ms, mfu 4.39%
------average encoder activity 2.095
-----------average decoder density 0.5150
step 21000: train loss 2.0644, val loss 2.1876
model:LGT723E iter 21000: loss 2.3517, time 26203.94ms, mfu 3.98%
model:LGT723E iter 21010: loss 1.9707, time 1714.09ms, mfu 4.10%
model:LGT723E iter 21020: loss 2.1586, time 1712.44ms, mfu 4.21%
model:LGT723E iter 21030: loss 2.1609, time 1714.69ms, mfu 4.30%
model:LGT723E iter 21040: loss 2.2411, time 1712.08ms, mfu 4.39%
------average encoder activity 2.096
-----------average decoder density 0.4988
step 21050: train loss 2.0682, val loss 2.1835
model:LGT723E iter 21050: loss 1.8353, time 26213.53ms, mfu 3.98%
model:LGT723E iter 21060: loss 1.8804, time 1708.35ms, mfu 4.10%
model:LGT723E iter 21070: loss 2.1958, time 1707.46ms, mfu 4.21%
model:LGT723E iter 21080: loss 1.9823, time 1711.78ms, mfu 4.31%
model:LGT723E iter 21090: loss 2.1287, time 1707.24ms, mfu 4.39%
------average encoder activity 2.096
-----------average decoder density 0.5620
step 21100: train loss 2.0599, val loss 2.1822
model:LGT723E iter 21100: loss 2.3601, time 26154.60ms, mfu 3.99%
model:LGT723E iter 21110: loss 2.1338, time 1707.10ms, mfu 4.11%
model:LGT723E iter 21120: loss 2.1331, time 1712.45ms, mfu 4.21%
model:LGT723E iter 21130: loss 2.2668, time 1714.52ms, mfu 4.31%
model:LGT723E iter 21140: loss 1.8223, time 1712.37ms, mfu 4.39%
------average encoder activity 2.095
-----------average decoder density 0.5367
step 21150: train loss 2.0482, val loss 2.1958
model:LGT723E iter 21150: loss 2.1803, time 26238.04ms, mfu 3.99%
model:LGT723E iter 21160: loss 1.8569, time 1713.21ms, mfu 4.11%
model:LGT723E iter 21170: loss 2.1038, time 1714.61ms, mfu 4.21%
model:LGT723E iter 21180: loss 1.9140, time 1711.71ms, mfu 4.31%
model:LGT723E iter 21190: loss 1.6693, time 1713.26ms, mfu 4.39%
------average encoder activity 2.097
-----------average decoder density 0.5047
step 21200: train loss 2.0488, val loss 2.2027
model:LGT723E iter 21200: loss 2.3151, time 26189.06ms, mfu 3.99%
model:LGT723E iter 21210: loss 1.8125, time 1711.43ms, mfu 4.10%
model:LGT723E iter 21220: loss 2.0209, time 1711.06ms, mfu 4.21%
model:LGT723E iter 21230: loss 2.1823, time 1711.22ms, mfu 4.31%
model:LGT723E iter 21240: loss 1.9700, time 1707.99ms, mfu 4.39%
------average encoder activity 2.098
-----------average decoder density 0.4989
step 21250: train loss 2.0491, val loss 2.2006
model:LGT723E iter 21250: loss 1.5749, time 26194.26ms, mfu 3.99%
model:LGT723E iter 21260: loss 2.2830, time 1711.33ms, mfu 4.11%
model:LGT723E iter 21270: loss 1.6737, time 1710.97ms, mfu 4.21%
model:LGT723E iter 21280: loss 1.9476, time 1711.16ms, mfu 4.31%
model:LGT723E iter 21290: loss 2.0042, time 1711.31ms, mfu 4.39%
------average encoder activity 2.099
-----------average decoder density 0.5059
step 21300: train loss 2.0566, val loss 2.1952
model:LGT723E iter 21300: loss 2.1622, time 26186.83ms, mfu 3.99%
model:LGT723E iter 21310: loss 2.0534, time 1713.02ms, mfu 4.11%
model:LGT723E iter 21320: loss 2.0062, time 1711.07ms, mfu 4.21%
model:LGT723E iter 21330: loss 2.0854, time 1711.76ms, mfu 4.31%
model:LGT723E iter 21340: loss 2.0417, time 1712.45ms, mfu 4.39%
------average encoder activity 2.098
-----------average decoder density 0.4986
step 21350: train loss 2.0387, val loss 2.1790
model:LGT723E iter 21350: loss 2.2081, time 26228.22ms, mfu 3.99%
model:LGT723E iter 21360: loss 1.8275, time 1711.89ms, mfu 4.11%
model:LGT723E iter 21370: loss 2.2191, time 1712.12ms, mfu 4.21%
model:LGT723E iter 21380: loss 1.8421, time 1712.96ms, mfu 4.31%
model:LGT723E iter 21390: loss 2.2607, time 1710.28ms, mfu 4.39%
------average encoder activity 2.100
-----------average decoder density 0.5262
step 21400: train loss 2.0570, val loss 2.1857
model:LGT723E iter 21400: loss 2.1491, time 26210.21ms, mfu 3.99%
model:LGT723E iter 21410: loss 2.2874, time 1709.76ms, mfu 4.11%
model:LGT723E iter 21420: loss 2.1974, time 1709.90ms, mfu 4.21%
model:LGT723E iter 21430: loss 1.8636, time 1710.37ms, mfu 4.31%
model:LGT723E iter 21440: loss 2.2276, time 1711.27ms, mfu 4.39%
------average encoder activity 2.100
-----------average decoder density 0.5238
step 21450: train loss 2.0079, val loss 2.1918
model:LGT723E iter 21450: loss 2.1001, time 26170.62ms, mfu 3.99%
model:LGT723E iter 21460: loss 2.0503, time 1709.13ms, mfu 4.11%
model:LGT723E iter 21470: loss 1.7359, time 1708.58ms, mfu 4.21%
model:LGT723E iter 21480: loss 2.2296, time 1708.77ms, mfu 4.31%
model:LGT723E iter 21490: loss 2.2881, time 1710.52ms, mfu 4.40%
------average encoder activity 2.102
-----------average decoder density 0.4988
step 21500: train loss 2.0393, val loss 2.1965
model:LGT723E iter 21500: loss 1.9470, time 26221.61ms, mfu 3.99%
model:LGT723E iter 21510: loss 2.3883, time 1714.79ms, mfu 4.11%
model:LGT723E iter 21520: loss 1.9092, time 1713.12ms, mfu 4.21%
model:LGT723E iter 21530: loss 1.8893, time 1713.59ms, mfu 4.31%
model:LGT723E iter 21540: loss 2.0456, time 1713.16ms, mfu 4.39%
------average encoder activity 2.101
-----------average decoder density 0.4951
step 21550: train loss 2.0406, val loss 2.1788
model:LGT723E iter 21550: loss 1.9014, time 26189.74ms, mfu 3.99%
model:LGT723E iter 21560: loss 2.1540, time 1709.84ms, mfu 4.11%
model:LGT723E iter 21570: loss 2.2000, time 1709.97ms, mfu 4.21%
model:LGT723E iter 21580: loss 2.0498, time 1709.73ms, mfu 4.31%
model:LGT723E iter 21590: loss 1.6335, time 1710.41ms, mfu 4.40%
------average encoder activity 2.102
-----------average decoder density 0.5218
step 21600: train loss 2.0336, val loss 2.1745
model:LGT723E iter 21600: loss 1.9761, time 26223.02ms, mfu 3.99%
model:LGT723E iter 21610: loss 2.1440, time 1710.62ms, mfu 4.11%
model:LGT723E iter 21620: loss 1.9625, time 1708.96ms, mfu 4.21%
model:LGT723E iter 21630: loss 1.9556, time 1709.74ms, mfu 4.31%
model:LGT723E iter 21640: loss 2.2868, time 1709.65ms, mfu 4.40%
------average encoder activity 2.102
-----------average decoder density 0.4957
step 21650: train loss 2.0277, val loss 2.1860
model:LGT723E iter 21650: loss 2.0055, time 26186.09ms, mfu 3.99%
model:LGT723E iter 21660: loss 2.1022, time 1709.62ms, mfu 4.11%
model:LGT723E iter 21670: loss 1.9675, time 1710.12ms, mfu 4.22%
model:LGT723E iter 21680: loss 2.1323, time 1711.41ms, mfu 4.31%
model:LGT723E iter 21690: loss 2.0479, time 1710.37ms, mfu 4.40%
------average encoder activity 2.103
-----------average decoder density 0.5482
step 21700: train loss 2.0235, val loss 2.1839
model:LGT723E iter 21700: loss 1.7867, time 26252.47ms, mfu 3.99%
model:LGT723E iter 21710: loss 2.4112, time 1713.41ms, mfu 4.11%
model:LGT723E iter 21720: loss 2.2256, time 1712.72ms, mfu 4.21%
model:LGT723E iter 21730: loss 2.1418, time 1713.76ms, mfu 4.31%
model:LGT723E iter 21740: loss 1.7552, time 1712.64ms, mfu 4.39%
------average encoder activity 2.101
-----------average decoder density 0.4939
step 21750: train loss 2.0225, val loss 2.1612
model:LGT723E iter 21750: loss 1.9528, time 26196.43ms, mfu 3.99%
model:LGT723E iter 21760: loss 2.2395, time 1712.90ms, mfu 4.11%
model:LGT723E iter 21770: loss 1.9460, time 1712.39ms, mfu 4.21%
model:LGT723E iter 21780: loss 2.0806, time 1712.32ms, mfu 4.31%
model:LGT723E iter 21790: loss 1.9790, time 1712.67ms, mfu 4.39%
------average encoder activity 2.101
-----------average decoder density 0.5046
step 21800: train loss 2.0357, val loss 2.2026
model:LGT723E iter 21800: loss 1.7914, time 26197.78ms, mfu 3.99%
model:LGT723E iter 21810: loss 1.8849, time 1711.34ms, mfu 4.11%
model:LGT723E iter 21820: loss 1.9979, time 1708.38ms, mfu 4.21%
model:LGT723E iter 21830: loss 2.0984, time 1709.01ms, mfu 4.31%
model:LGT723E iter 21840: loss 2.0713, time 1709.51ms, mfu 4.40%
------average encoder activity 2.099
-----------average decoder density 0.5093
step 21850: train loss 2.0324, val loss 2.1907
model:LGT723E iter 21850: loss 2.1115, time 26191.53ms, mfu 3.99%
model:LGT723E iter 21860: loss 1.8872, time 1710.78ms, mfu 4.11%
model:LGT723E iter 21870: loss 2.0085, time 1711.27ms, mfu 4.21%
model:LGT723E iter 21880: loss 2.1136, time 1711.09ms, mfu 4.31%
model:LGT723E iter 21890: loss 1.9386, time 1712.85ms, mfu 4.39%
------average encoder activity 2.100
-----------average decoder density 0.5207
step 21900: train loss 2.0403, val loss 2.1671
model:LGT723E iter 21900: loss 1.7644, time 26163.06ms, mfu 3.99%
model:LGT723E iter 21910: loss 1.8941, time 1707.96ms, mfu 4.11%
model:LGT723E iter 21920: loss 2.0315, time 1707.88ms, mfu 4.22%
model:LGT723E iter 21930: loss 2.1157, time 1708.01ms, mfu 4.31%
model:LGT723E iter 21940: loss 2.0946, time 1708.19ms, mfu 4.40%
------average encoder activity 2.103
-----------average decoder density 0.5003
step 21950: train loss 2.0438, val loss 2.1769
model:LGT723E iter 21950: loss 2.0169, time 26229.56ms, mfu 3.99%
model:LGT723E iter 21960: loss 2.0598, time 1708.17ms, mfu 4.11%
model:LGT723E iter 21970: loss 2.1351, time 1715.02ms, mfu 4.22%
model:LGT723E iter 21980: loss 2.0092, time 1711.69ms, mfu 4.31%
model:LGT723E iter 21990: loss 2.0166, time 1712.63ms, mfu 4.40%
------average encoder activity 2.103
-----------average decoder density 0.4963
step 22000: train loss 2.0220, val loss 2.1621
model:LGT723E iter 22000: loss 2.4414, time 26194.09ms, mfu 3.99%
model:LGT723E iter 22010: loss 2.2140, time 1715.16ms, mfu 4.11%
model:LGT723E iter 22020: loss 1.7315, time 1711.83ms, mfu 4.21%
model:LGT723E iter 22030: loss 2.1521, time 1710.96ms, mfu 4.31%
model:LGT723E iter 22040: loss 1.9113, time 1711.28ms, mfu 4.39%
------average encoder activity 2.103
-----------average decoder density 0.4976
step 22050: train loss 2.0357, val loss 2.1608
model:LGT723E iter 22050: loss 1.8217, time 26216.32ms, mfu 3.99%
model:LGT723E iter 22060: loss 2.1261, time 1711.64ms, mfu 4.11%
model:LGT723E iter 22070: loss 2.1067, time 1713.41ms, mfu 4.21%
model:LGT723E iter 22080: loss 2.0080, time 1712.04ms, mfu 4.31%
model:LGT723E iter 22090: loss 1.9408, time 1712.49ms, mfu 4.39%
------average encoder activity 2.104
-----------average decoder density 0.4872
step 22100: train loss 2.0470, val loss 2.1790
model:LGT723E iter 22100: loss 1.9155, time 26208.46ms, mfu 3.99%
model:LGT723E iter 22110: loss 1.8349, time 1710.88ms, mfu 4.11%
model:LGT723E iter 22120: loss 2.1387, time 1710.38ms, mfu 4.21%
model:LGT723E iter 22130: loss 1.9076, time 1711.07ms, mfu 4.31%
model:LGT723E iter 22140: loss 2.1214, time 1710.49ms, mfu 4.39%
------average encoder activity 2.106
-----------average decoder density 0.5294
step 22150: train loss 2.0182, val loss 2.2131
model:LGT723E iter 22150: loss 2.2407, time 26199.94ms, mfu 3.99%
model:LGT723E iter 22160: loss 1.9702, time 1711.66ms, mfu 4.11%
model:LGT723E iter 22170: loss 2.5821, time 1711.34ms, mfu 4.21%
model:LGT723E iter 22180: loss 1.9697, time 1712.00ms, mfu 4.31%
model:LGT723E iter 22190: loss 2.1809, time 1711.06ms, mfu 4.39%
------average encoder activity 2.106
-----------average decoder density 0.4899
step 22200: train loss 2.0285, val loss 2.1659
model:LGT723E iter 22200: loss 1.7378, time 26194.64ms, mfu 3.99%
model:LGT723E iter 22210: loss 2.3298, time 1712.21ms, mfu 4.11%
model:LGT723E iter 22220: loss 2.1403, time 1712.50ms, mfu 4.21%
model:LGT723E iter 22230: loss 2.1558, time 1712.19ms, mfu 4.31%
model:LGT723E iter 22240: loss 2.2433, time 1712.00ms, mfu 4.39%
------average encoder activity 2.106
-----------average decoder density 0.5366
step 22250: train loss 2.0384, val loss 2.1663
model:LGT723E iter 22250: loss 1.7733, time 26239.73ms, mfu 3.99%
model:LGT723E iter 22260: loss 2.3138, time 1709.65ms, mfu 4.11%
model:LGT723E iter 22270: loss 1.7650, time 1708.16ms, mfu 4.21%
model:LGT723E iter 22280: loss 2.1221, time 1707.65ms, mfu 4.31%
model:LGT723E iter 22290: loss 1.9900, time 1711.15ms, mfu 4.40%
------average encoder activity 2.105
-----------average decoder density 0.5129
step 22300: train loss 2.0120, val loss 2.1705
model:LGT723E iter 22300: loss 1.9256, time 26206.26ms, mfu 3.99%
model:LGT723E iter 22310: loss 2.0190, time 1712.36ms, mfu 4.11%
model:LGT723E iter 22320: loss 2.3594, time 1712.37ms, mfu 4.21%
model:LGT723E iter 22330: loss 1.9705, time 1713.25ms, mfu 4.31%
model:LGT723E iter 22340: loss 1.7750, time 1713.22ms, mfu 4.39%
------average encoder activity 2.106
-----------average decoder density 0.5383
step 22350: train loss 2.0061, val loss 2.1634
model:LGT723E iter 22350: loss 2.1510, time 26185.16ms, mfu 3.99%
model:LGT723E iter 22360: loss 1.9397, time 1709.52ms, mfu 4.11%
model:LGT723E iter 22370: loss 2.1367, time 1709.49ms, mfu 4.21%
model:LGT723E iter 22380: loss 2.0464, time 1710.01ms, mfu 4.31%
model:LGT723E iter 22390: loss 1.8861, time 1710.16ms, mfu 4.40%
------average encoder activity 2.105
-----------average decoder density 0.4947
step 22400: train loss 2.0357, val loss 2.1601
saving checkpoint to out-novel-char3_LGT723E_3d25ede0cfd080d9e35756b051dcef65
model:LGT723E iter 22400: loss 1.9510, time 27586.26ms, mfu 3.99%
model:LGT723E iter 22410: loss 1.7304, time 1712.54ms, mfu 4.11%
model:LGT723E iter 22420: loss 2.2908, time 1711.34ms, mfu 4.21%
model:LGT723E iter 22430: loss 1.6710, time 1712.35ms, mfu 4.31%
model:LGT723E iter 22440: loss 2.1411, time 1711.82ms, mfu 4.39%
------average encoder activity 2.106
-----------average decoder density 0.4844
step 22450: train loss 2.0278, val loss 2.1651
model:LGT723E iter 22450: loss 1.9829, time 26178.09ms, mfu 3.99%
model:LGT723E iter 22460: loss 2.0481, time 1709.06ms, mfu 4.11%
model:LGT723E iter 22470: loss 2.3651, time 1709.28ms, mfu 4.21%
model:LGT723E iter 22480: loss 1.7069, time 1709.58ms, mfu 4.31%
model:LGT723E iter 22490: loss 2.0741, time 1710.60ms, mfu 4.40%
------average encoder activity 2.106
-----------average decoder density 0.4870
step 22500: train loss 2.0407, val loss 2.1510
saving checkpoint to out-novel-char3_LGT723E_3d25ede0cfd080d9e35756b051dcef65
model:LGT723E iter 22500: loss 2.2305, time 27583.79ms, mfu 3.99%
model:LGT723E iter 22510: loss 2.2212, time 1710.71ms, mfu 4.11%
model:LGT723E iter 22520: loss 1.9325, time 1708.26ms, mfu 4.21%
model:LGT723E iter 22530: loss 1.9172, time 1707.79ms, mfu 4.31%
model:LGT723E iter 22540: loss 1.7296, time 1707.58ms, mfu 4.40%
------average encoder activity 2.105
-----------average decoder density 0.5300
step 22550: train loss 2.0226, val loss 2.1555
model:LGT723E iter 22550: loss 2.2309, time 26161.15ms, mfu 3.99%
model:LGT723E iter 22560: loss 2.1727, time 1712.44ms, mfu 4.11%
model:LGT723E iter 22570: loss 2.2068, time 1714.24ms, mfu 4.21%
model:LGT723E iter 22580: loss 2.0473, time 1712.40ms, mfu 4.31%
model:LGT723E iter 22590: loss 2.0640, time 1710.81ms, mfu 4.39%
------average encoder activity 2.104
-----------average decoder density 0.5203
step 22600: train loss 1.9938, val loss 2.1716
model:LGT723E iter 22600: loss 2.0994, time 26172.90ms, mfu 3.99%
model:LGT723E iter 22610: loss 2.0419, time 1711.11ms, mfu 4.11%
model:LGT723E iter 22620: loss 1.9965, time 1711.47ms, mfu 4.21%
model:LGT723E iter 22630: loss 2.1835, time 1710.45ms, mfu 4.31%
model:LGT723E iter 22640: loss 1.9556, time 1711.27ms, mfu 4.39%
------average encoder activity 2.103
-----------average decoder density 0.5122
step 22650: train loss 2.0463, val loss 2.1418
saving checkpoint to out-novel-char3_LGT723E_3d25ede0cfd080d9e35756b051dcef65
model:LGT723E iter 22650: loss 2.2153, time 27528.58ms, mfu 3.99%
model:LGT723E iter 22660: loss 1.9502, time 1707.27ms, mfu 4.11%
model:LGT723E iter 22670: loss 2.0387, time 1708.80ms, mfu 4.21%
model:LGT723E iter 22680: loss 1.8682, time 1708.39ms, mfu 4.31%
model:LGT723E iter 22690: loss 2.0871, time 1713.13ms, mfu 4.40%
------average encoder activity 2.103
-----------average decoder density 0.5103
step 22700: train loss 2.0347, val loss 2.1494
model:LGT723E iter 22700: loss 1.9308, time 26188.14ms, mfu 3.99%
model:LGT723E iter 22710: loss 2.1350, time 1712.46ms, mfu 4.11%
model:LGT723E iter 22720: loss 2.2702, time 1711.64ms, mfu 4.21%
model:LGT723E iter 22730: loss 2.1674, time 1711.69ms, mfu 4.31%
model:LGT723E iter 22740: loss 2.1216, time 1712.32ms, mfu 4.39%
------average encoder activity 2.104
-----------average decoder density 0.4940
step 22750: train loss 2.0164, val loss 2.1714
model:LGT723E iter 22750: loss 1.7342, time 26204.65ms, mfu 3.99%
model:LGT723E iter 22760: loss 1.8630, time 1711.60ms, mfu 4.11%
model:LGT723E iter 22770: loss 2.1404, time 1711.70ms, mfu 4.21%
model:LGT723E iter 22780: loss 2.2780, time 1712.01ms, mfu 4.31%
model:LGT723E iter 22790: loss 1.8958, time 1711.67ms, mfu 4.39%
------average encoder activity 2.103
-----------average decoder density 0.5356
step 22800: train loss 2.0154, val loss 2.1514
model:LGT723E iter 22800: loss 2.2364, time 26225.03ms, mfu 3.99%
model:LGT723E iter 22810: loss 1.8289, time 1711.81ms, mfu 4.11%
model:LGT723E iter 22820: loss 2.2995, time 1711.31ms, mfu 4.21%
model:LGT723E iter 22830: loss 1.9926, time 1710.66ms, mfu 4.31%
model:LGT723E iter 22840: loss 1.7580, time 1711.31ms, mfu 4.39%
------average encoder activity 2.102
-----------average decoder density 0.5317
step 22850: train loss 2.0035, val loss 2.1866
model:LGT723E iter 22850: loss 2.2014, time 26189.06ms, mfu 3.99%
model:LGT723E iter 22860: loss 1.9893, time 1711.34ms, mfu 4.11%
model:LGT723E iter 22870: loss 2.1108, time 1711.91ms, mfu 4.21%
model:LGT723E iter 22880: loss 1.7716, time 1710.95ms, mfu 4.31%
model:LGT723E iter 22890: loss 2.1524, time 1712.44ms, mfu 4.39%
------average encoder activity 2.101
-----------average decoder density 0.5020
step 22900: train loss 2.0019, val loss 2.1447
model:LGT723E iter 22900: loss 1.7130, time 26192.61ms, mfu 3.99%
model:LGT723E iter 22910: loss 1.7748, time 1714.72ms, mfu 4.11%
model:LGT723E iter 22920: loss 1.9394, time 1710.91ms, mfu 4.21%
model:LGT723E iter 22930: loss 2.2243, time 1710.71ms, mfu 4.31%
model:LGT723E iter 22940: loss 2.1416, time 1711.27ms, mfu 4.39%
------average encoder activity 2.102
-----------average decoder density 0.5135
step 22950: train loss 1.9988, val loss 2.1783
model:LGT723E iter 22950: loss 2.2122, time 26170.57ms, mfu 3.99%
model:LGT723E iter 22960: loss 1.5505, time 1712.39ms, mfu 4.11%
model:LGT723E iter 22970: loss 2.0355, time 1712.93ms, mfu 4.21%
model:LGT723E iter 22980: loss 2.2396, time 1713.50ms, mfu 4.31%
model:LGT723E iter 22990: loss 2.1769, time 1712.81ms, mfu 4.39%
------average encoder activity 2.104
-----------average decoder density 0.5056
step 23000: train loss 2.0178, val loss 2.1515
model:LGT723E iter 23000: loss 1.8607, time 26200.75ms, mfu 3.99%
model:LGT723E iter 23010: loss 2.0236, time 1713.01ms, mfu 4.10%
model:LGT723E iter 23020: loss 2.2215, time 1712.59ms, mfu 4.21%
model:LGT723E iter 23030: loss 2.1342, time 1713.58ms, mfu 4.31%
model:LGT723E iter 23040: loss 2.2738, time 1712.58ms, mfu 4.39%
------average encoder activity 2.105
-----------average decoder density 0.5233
step 23050: train loss 2.0172, val loss 2.1461
model:LGT723E iter 23050: loss 1.8738, time 26198.44ms, mfu 3.99%
model:LGT723E iter 23060: loss 2.1155, time 1712.04ms, mfu 4.10%
model:LGT723E iter 23070: loss 2.1049, time 1712.81ms, mfu 4.21%
model:LGT723E iter 23080: loss 2.1695, time 1712.89ms, mfu 4.31%
model:LGT723E iter 23090: loss 2.0535, time 1712.95ms, mfu 4.39%
------average encoder activity 2.106
-----------average decoder density 0.5364
step 23100: train loss 2.0187, val loss 2.1383
saving checkpoint to out-novel-char3_LGT723E_3d25ede0cfd080d9e35756b051dcef65
model:LGT723E iter 23100: loss 2.2046, time 27482.56ms, mfu 3.98%
model:LGT723E iter 23110: loss 1.9429, time 1712.31ms, mfu 4.10%
model:LGT723E iter 23120: loss 2.0706, time 1710.89ms, mfu 4.21%
model:LGT723E iter 23130: loss 2.0314, time 1713.47ms, mfu 4.30%
model:LGT723E iter 23140: loss 2.0923, time 1711.47ms, mfu 4.39%
------average encoder activity 2.105
-----------average decoder density 0.5285
step 23150: train loss 1.9977, val loss 2.1680
model:LGT723E iter 23150: loss 2.3007, time 26220.17ms, mfu 3.99%
model:LGT723E iter 23160: loss 2.1069, time 1712.42ms, mfu 4.10%
model:LGT723E iter 23170: loss 2.2108, time 1713.23ms, mfu 4.21%
model:LGT723E iter 23180: loss 2.0546, time 1712.98ms, mfu 4.30%
model:LGT723E iter 23190: loss 1.9512, time 1713.02ms, mfu 4.39%
------average encoder activity 2.105
-----------average decoder density 0.4958
step 23200: train loss 1.9917, val loss 2.1665
model:LGT723E iter 23200: loss 2.1720, time 26200.75ms, mfu 3.99%
model:LGT723E iter 23210: loss 1.9302, time 1713.22ms, mfu 4.10%
model:LGT723E iter 23220: loss 1.9825, time 1713.08ms, mfu 4.21%
model:LGT723E iter 23230: loss 1.9000, time 1712.65ms, mfu 4.30%
model:LGT723E iter 23240: loss 1.9990, time 1712.25ms, mfu 4.39%
------average encoder activity 2.106
-----------average decoder density 0.4913
step 23250: train loss 2.0246, val loss 2.1495
model:LGT723E iter 23250: loss 2.0779, time 26222.68ms, mfu 3.99%
model:LGT723E iter 23260: loss 1.8033, time 1713.39ms, mfu 4.10%
model:LGT723E iter 23270: loss 1.9163, time 1712.30ms, mfu 4.21%
model:LGT723E iter 23280: loss 1.8201, time 1709.53ms, mfu 4.31%
model:LGT723E iter 23290: loss 2.0113, time 1712.12ms, mfu 4.39%
------average encoder activity 2.105
-----------average decoder density 0.5048
step 23300: train loss 1.9997, val loss 2.1722
model:LGT723E iter 23300: loss 1.8722, time 26216.48ms, mfu 3.99%
model:LGT723E iter 23310: loss 1.5953, time 1709.94ms, mfu 4.10%
model:LGT723E iter 23320: loss 1.8535, time 1709.61ms, mfu 4.21%
model:LGT723E iter 23330: loss 1.9762, time 1709.71ms, mfu 4.31%
model:LGT723E iter 23340: loss 1.7596, time 1713.35ms, mfu 4.39%
------average encoder activity 2.106
-----------average decoder density 0.5200
step 23350: train loss 1.9804, val loss 2.1776
model:LGT723E iter 23350: loss 1.9681, time 26229.92ms, mfu 3.99%
model:LGT723E iter 23360: loss 2.1046, time 1713.00ms, mfu 4.11%
model:LGT723E iter 23370: loss 2.0278, time 1712.55ms, mfu 4.21%
model:LGT723E iter 23380: loss 1.9599, time 1713.20ms, mfu 4.31%
model:LGT723E iter 23390: loss 1.9113, time 1713.51ms, mfu 4.39%
------average encoder activity 2.105
-----------average decoder density 0.5046
step 23400: train loss 2.0036, val loss 2.1379
saving checkpoint to out-novel-char3_LGT723E_3d25ede0cfd080d9e35756b051dcef65
model:LGT723E iter 23400: loss 1.6025, time 27585.57ms, mfu 3.98%
model:LGT723E iter 23410: loss 1.8607, time 1714.02ms, mfu 4.10%
model:LGT723E iter 23420: loss 1.9020, time 1715.16ms, mfu 4.21%
model:LGT723E iter 23430: loss 2.1038, time 1714.94ms, mfu 4.30%
model:LGT723E iter 23440: loss 2.2247, time 1713.67ms, mfu 4.39%
------average encoder activity 2.107
-----------average decoder density 0.5258
step 23450: train loss 1.9980, val loss 2.1258
saving checkpoint to out-novel-char3_LGT723E_3d25ede0cfd080d9e35756b051dcef65
model:LGT723E iter 23450: loss 2.1915, time 27668.27ms, mfu 3.98%
model:LGT723E iter 23460: loss 1.8180, time 1713.43ms, mfu 4.10%
model:LGT723E iter 23470: loss 2.0243, time 1712.23ms, mfu 4.21%
model:LGT723E iter 23480: loss 1.8534, time 1712.66ms, mfu 4.30%
model:LGT723E iter 23490: loss 1.9677, time 1712.56ms, mfu 4.39%
------average encoder activity 2.107
-----------average decoder density 0.5014
step 23500: train loss 1.9949, val loss 2.1512
model:LGT723E iter 23500: loss 1.9115, time 26195.26ms, mfu 3.98%
model:LGT723E iter 23510: loss 2.1333, time 1712.01ms, mfu 4.10%
model:LGT723E iter 23520: loss 2.0193, time 1712.78ms, mfu 4.21%
model:LGT723E iter 23530: loss 1.9195, time 1712.28ms, mfu 4.30%
model:LGT723E iter 23540: loss 2.0221, time 1712.58ms, mfu 4.39%
------average encoder activity 2.106
-----------average decoder density 0.4970
step 23550: train loss 2.0013, val loss 2.1364
model:LGT723E iter 23550: loss 1.9475, time 26184.08ms, mfu 3.98%
model:LGT723E iter 23560: loss 1.8450, time 1713.06ms, mfu 4.10%
model:LGT723E iter 23570: loss 2.2360, time 1710.31ms, mfu 4.21%
model:LGT723E iter 23580: loss 1.7698, time 1709.70ms, mfu 4.31%
model:LGT723E iter 23590: loss 2.1084, time 1710.39ms, mfu 4.39%
------average encoder activity 2.107
-----------average decoder density 0.4985
step 23600: train loss 1.9837, val loss 2.1317
model:LGT723E iter 23600: loss 2.1843, time 26210.31ms, mfu 3.99%
model:LGT723E iter 23610: loss 2.1558, time 1712.37ms, mfu 4.10%
model:LGT723E iter 23620: loss 2.0253, time 1712.97ms, mfu 4.21%
model:LGT723E iter 23630: loss 1.9213, time 1713.66ms, mfu 4.31%
model:LGT723E iter 23640: loss 2.1565, time 1712.64ms, mfu 4.39%
------average encoder activity 2.107
-----------average decoder density 0.5187
step 23650: train loss 1.9790, val loss 2.1597
model:LGT723E iter 23650: loss 1.8206, time 26210.78ms, mfu 3.99%
model:LGT723E iter 23660: loss 2.3446, time 1712.63ms, mfu 4.10%
model:LGT723E iter 23670: loss 2.1548, time 1713.39ms, mfu 4.21%
model:LGT723E iter 23680: loss 2.0064, time 1712.57ms, mfu 4.31%
model:LGT723E iter 23690: loss 1.8773, time 1712.43ms, mfu 4.39%
------average encoder activity 2.106
-----------average decoder density 0.5510
step 23700: train loss 1.9819, val loss 2.1511
model:LGT723E iter 23700: loss 1.7913, time 26254.25ms, mfu 3.99%
model:LGT723E iter 23710: loss 2.0749, time 1712.13ms, mfu 4.10%
model:LGT723E iter 23720: loss 1.7949, time 1712.87ms, mfu 4.21%
model:LGT723E iter 23730: loss 1.9367, time 1712.95ms, mfu 4.31%
model:LGT723E iter 23740: loss 2.0854, time 1712.01ms, mfu 4.39%
------average encoder activity 2.104
-----------average decoder density 0.5244
step 23750: train loss 1.9787, val loss 2.1448
model:LGT723E iter 23750: loss 2.0035, time 26234.36ms, mfu 3.99%
model:LGT723E iter 23760: loss 1.9885, time 1713.11ms, mfu 4.10%
model:LGT723E iter 23770: loss 2.1470, time 1712.98ms, mfu 4.21%
model:LGT723E iter 23780: loss 2.2186, time 1713.41ms, mfu 4.30%
model:LGT723E iter 23790: loss 1.9773, time 1712.41ms, mfu 4.39%
------average encoder activity 2.103
-----------average decoder density 0.5299
step 23800: train loss 2.0136, val loss 2.1566
model:LGT723E iter 23800: loss 2.1713, time 26222.35ms, mfu 3.99%
model:LGT723E iter 23810: loss 2.0995, time 1709.33ms, mfu 4.10%
model:LGT723E iter 23820: loss 1.9940, time 1709.45ms, mfu 4.21%
model:LGT723E iter 23830: loss 1.9134, time 1712.57ms, mfu 4.31%
model:LGT723E iter 23840: loss 2.0304, time 1712.62ms, mfu 4.39%
------average encoder activity 2.103
-----------average decoder density 0.4924
step 23850: train loss 1.9731, val loss 2.1255
saving checkpoint to out-novel-char3_LGT723E_3d25ede0cfd080d9e35756b051dcef65
model:LGT723E iter 23850: loss 1.8557, time 27602.88ms, mfu 3.99%
model:LGT723E iter 23860: loss 2.1153, time 1712.43ms, mfu 4.10%
model:LGT723E iter 23870: loss 2.1734, time 1709.67ms, mfu 4.21%
model:LGT723E iter 23880: loss 1.9525, time 1708.87ms, mfu 4.31%
model:LGT723E iter 23890: loss 2.0212, time 1708.81ms, mfu 4.39%
------average encoder activity 2.102
-----------average decoder density 0.5195
step 23900: train loss 1.9780, val loss 2.1543
model:LGT723E iter 23900: loss 2.2530, time 26228.87ms, mfu 3.99%
model:LGT723E iter 23910: loss 1.8947, time 1712.86ms, mfu 4.11%
model:LGT723E iter 23920: loss 1.9732, time 1711.94ms, mfu 4.21%
model:LGT723E iter 23930: loss 2.0260, time 1712.51ms, mfu 4.31%
model:LGT723E iter 23940: loss 1.8584, time 1709.45ms, mfu 4.39%
------average encoder activity 2.102
-----------average decoder density 0.5291
step 23950: train loss 1.9709, val loss 2.1272
model:LGT723E iter 23950: loss 2.1489, time 26238.19ms, mfu 3.99%
model:LGT723E iter 23960: loss 2.1550, time 1712.64ms, mfu 4.11%
model:LGT723E iter 23970: loss 2.3639, time 1713.39ms, mfu 4.21%
model:LGT723E iter 23980: loss 1.7962, time 1711.97ms, mfu 4.31%
model:LGT723E iter 23990: loss 2.1067, time 1712.56ms, mfu 4.39%
------average encoder activity 2.104
-----------average decoder density 0.5106
step 24000: train loss 2.0000, val loss 2.1386
model:LGT723E iter 24000: loss 1.9644, time 26184.67ms, mfu 3.99%
model:LGT723E iter 24010: loss 2.0746, time 1712.13ms, mfu 4.10%
model:LGT723E iter 24020: loss 1.6779, time 1711.94ms, mfu 4.21%
model:LGT723E iter 24030: loss 1.9990, time 1712.27ms, mfu 4.31%
model:LGT723E iter 24040: loss 2.0343, time 1712.67ms, mfu 4.39%
------average encoder activity 2.104
-----------average decoder density 0.5289
step 24050: train loss 1.9770, val loss 2.1404
model:LGT723E iter 24050: loss 2.2897, time 26202.32ms, mfu 3.99%
model:LGT723E iter 24060: loss 1.7948, time 1718.97ms, mfu 4.10%
model:LGT723E iter 24070: loss 1.8259, time 1711.75ms, mfu 4.21%
model:LGT723E iter 24080: loss 2.1677, time 1709.74ms, mfu 4.31%
model:LGT723E iter 24090: loss 2.1168, time 1709.93ms, mfu 4.39%
------average encoder activity 2.105
-----------average decoder density 0.5230
step 24100: train loss 1.9913, val loss 2.1369
model:LGT723E iter 24100: loss 2.1171, time 26292.87ms, mfu 3.99%
model:LGT723E iter 24110: loss 2.1743, time 1713.03ms, mfu 4.10%
model:LGT723E iter 24120: loss 2.0647, time 1712.25ms, mfu 4.21%
model:LGT723E iter 24130: loss 2.1274, time 1713.03ms, mfu 4.31%
model:LGT723E iter 24140: loss 1.9528, time 1712.99ms, mfu 4.39%
------average encoder activity 2.107
-----------average decoder density 0.5204
step 24150: train loss 1.9900, val loss 2.1319
model:LGT723E iter 24150: loss 1.9276, time 26224.48ms, mfu 3.99%
model:LGT723E iter 24160: loss 2.2651, time 1714.51ms, mfu 4.10%
model:LGT723E iter 24170: loss 1.9995, time 1713.17ms, mfu 4.21%
model:LGT723E iter 24180: loss 1.9367, time 1714.66ms, mfu 4.30%
model:LGT723E iter 24190: loss 1.9979, time 1713.04ms, mfu 4.39%
------average encoder activity 2.109
-----------average decoder density 0.5286
step 24200: train loss 1.9713, val loss 2.1502
model:LGT723E iter 24200: loss 2.0740, time 26246.31ms, mfu 3.98%
model:LGT723E iter 24210: loss 1.8655, time 1711.89ms, mfu 4.10%
model:LGT723E iter 24220: loss 1.6718, time 1712.45ms, mfu 4.21%
model:LGT723E iter 24230: loss 1.8742, time 1712.45ms, mfu 4.30%
model:LGT723E iter 24240: loss 1.9330, time 1713.10ms, mfu 4.39%
------average encoder activity 2.107
-----------average decoder density 0.5100
step 24250: train loss 1.9611, val loss 2.1282
model:LGT723E iter 24250: loss 1.7671, time 26249.88ms, mfu 3.99%
model:LGT723E iter 24260: loss 2.0835, time 1713.01ms, mfu 4.10%
model:LGT723E iter 24270: loss 2.0613, time 1713.32ms, mfu 4.21%
model:LGT723E iter 24280: loss 2.1091, time 1713.52ms, mfu 4.30%
model:LGT723E iter 24290: loss 1.9613, time 1715.77ms, mfu 4.39%
------average encoder activity 2.106
-----------average decoder density 0.5094
step 24300: train loss 1.9651, val loss 2.1631
model:LGT723E iter 24300: loss 2.1992, time 26258.47ms, mfu 3.98%
model:LGT723E iter 24310: loss 1.5587, time 1715.52ms, mfu 4.10%
model:LGT723E iter 24320: loss 1.9128, time 1712.24ms, mfu 4.21%
model:LGT723E iter 24330: loss 1.5796, time 1711.81ms, mfu 4.30%
model:LGT723E iter 24340: loss 1.9974, time 1711.74ms, mfu 4.39%
------average encoder activity 2.109
-----------average decoder density 0.5051
step 24350: train loss 1.9790, val loss 2.1366
model:LGT723E iter 24350: loss 1.8278, time 26225.89ms, mfu 3.98%
model:LGT723E iter 24360: loss 2.0376, time 1712.79ms, mfu 4.10%
model:LGT723E iter 24370: loss 1.5066, time 1710.08ms, mfu 4.21%
model:LGT723E iter 24380: loss 1.9395, time 1709.97ms, mfu 4.31%
model:LGT723E iter 24390: loss 1.7316, time 1710.23ms, mfu 4.39%
------average encoder activity 2.109
-----------average decoder density 0.5404
step 24400: train loss 1.9760, val loss 2.1279
model:LGT723E iter 24400: loss 1.8513, time 26242.23ms, mfu 3.99%
model:LGT723E iter 24410: loss 2.0862, time 1710.52ms, mfu 4.11%
model:LGT723E iter 24420: loss 2.1170, time 1710.73ms, mfu 4.21%
model:LGT723E iter 24430: loss 1.9563, time 1712.73ms, mfu 4.31%
model:LGT723E iter 24440: loss 2.1585, time 1712.65ms, mfu 4.39%
------average encoder activity 2.109
-----------average decoder density 0.5343
step 24450: train loss 1.9867, val loss 2.1167
saving checkpoint to out-novel-char3_LGT723E_3d25ede0cfd080d9e35756b051dcef65
model:LGT723E iter 24450: loss 2.2016, time 27493.56ms, mfu 3.99%
model:LGT723E iter 24460: loss 1.7087, time 1711.74ms, mfu 4.10%
model:LGT723E iter 24470: loss 2.1567, time 1708.88ms, mfu 4.21%
model:LGT723E iter 24480: loss 2.0792, time 1709.00ms, mfu 4.31%
model:LGT723E iter 24490: loss 1.7461, time 1708.97ms, mfu 4.39%
------average encoder activity 2.108
-----------average decoder density 0.5157
step 24500: train loss 1.9803, val loss 2.1374
model:LGT723E iter 24500: loss 1.9515, time 26174.59ms, mfu 3.99%
model:LGT723E iter 24510: loss 1.7982, time 1709.00ms, mfu 4.11%
model:LGT723E iter 24520: loss 2.3918, time 1709.20ms, mfu 4.21%
model:LGT723E iter 24530: loss 2.3191, time 1708.96ms, mfu 4.31%
model:LGT723E iter 24540: loss 1.8321, time 1708.76ms, mfu 4.40%
------average encoder activity 2.106
-----------average decoder density 0.5130
step 24550: train loss 1.9685, val loss 2.1356
model:LGT723E iter 24550: loss 1.5500, time 26206.60ms, mfu 3.99%
model:LGT723E iter 24560: loss 2.1886, time 1709.50ms, mfu 4.11%
model:LGT723E iter 24570: loss 1.9577, time 1710.46ms, mfu 4.22%
model:LGT723E iter 24580: loss 2.0142, time 1710.01ms, mfu 4.31%
model:LGT723E iter 24590: loss 1.7904, time 1709.99ms, mfu 4.40%
------average encoder activity 2.104
-----------average decoder density 0.5239
step 24600: train loss 1.9718, val loss 2.1319
model:LGT723E iter 24600: loss 1.9358, time 26191.80ms, mfu 3.99%
model:LGT723E iter 24610: loss 1.7836, time 1712.47ms, mfu 4.11%
model:LGT723E iter 24620: loss 2.0803, time 1711.85ms, mfu 4.21%
model:LGT723E iter 24630: loss 2.1095, time 1711.62ms, mfu 4.31%
model:LGT723E iter 24640: loss 1.8466, time 1711.75ms, mfu 4.40%
------average encoder activity 2.104
-----------average decoder density 0.4978
step 24650: train loss 1.9571, val loss 2.1320
model:LGT723E iter 24650: loss 2.1048, time 26196.34ms, mfu 3.99%
model:LGT723E iter 24660: loss 1.7640, time 1711.94ms, mfu 4.11%
model:LGT723E iter 24670: loss 2.0667, time 1712.06ms, mfu 4.21%
model:LGT723E iter 24680: loss 1.7667, time 1711.99ms, mfu 4.31%
model:LGT723E iter 24690: loss 1.7712, time 1712.61ms, mfu 4.39%
------average encoder activity 2.103
-----------average decoder density 0.5011
step 24700: train loss 1.9850, val loss 2.1367
model:LGT723E iter 24700: loss 2.0086, time 26182.26ms, mfu 3.99%
model:LGT723E iter 24710: loss 2.1379, time 1712.53ms, mfu 4.11%
model:LGT723E iter 24720: loss 2.2916, time 1712.28ms, mfu 4.21%
model:LGT723E iter 24730: loss 2.0993, time 1712.48ms, mfu 4.31%
model:LGT723E iter 24740: loss 2.0469, time 1713.08ms, mfu 4.39%
------average encoder activity 2.104
-----------average decoder density 0.5334
step 24750: train loss 1.9785, val loss 2.1173
model:LGT723E iter 24750: loss 1.7289, time 26201.84ms, mfu 3.99%
model:LGT723E iter 24760: loss 2.0854, time 1712.95ms, mfu 4.10%
model:LGT723E iter 24770: loss 2.0422, time 1713.23ms, mfu 4.21%
model:LGT723E iter 24780: loss 1.9060, time 1712.27ms, mfu 4.31%
model:LGT723E iter 24790: loss 1.9357, time 1713.63ms, mfu 4.39%
------average encoder activity 2.103
-----------average decoder density 0.5008
step 24800: train loss 1.9467, val loss 2.1056
saving checkpoint to out-novel-char3_LGT723E_3d25ede0cfd080d9e35756b051dcef65
model:LGT723E iter 24800: loss 2.1577, time 27620.21ms, mfu 3.98%
model:LGT723E iter 24810: loss 1.8575, time 1712.48ms, mfu 4.10%
model:LGT723E iter 24820: loss 2.1519, time 1712.68ms, mfu 4.21%
model:LGT723E iter 24830: loss 2.0017, time 1710.30ms, mfu 4.31%
model:LGT723E iter 24840: loss 1.8899, time 1710.33ms, mfu 4.39%
------average encoder activity 2.102
-----------average decoder density 0.5087
step 24850: train loss 1.9809, val loss 2.1310
model:LGT723E iter 24850: loss 1.6241, time 26230.49ms, mfu 3.99%
model:LGT723E iter 24860: loss 2.0408, time 1709.90ms, mfu 4.10%
model:LGT723E iter 24870: loss 1.7251, time 1710.45ms, mfu 4.21%
model:LGT723E iter 24880: loss 1.9784, time 1710.83ms, mfu 4.31%
model:LGT723E iter 24890: loss 1.5086, time 1713.24ms, mfu 4.39%
------average encoder activity 2.103
-----------average decoder density 0.5108
step 24900: train loss 1.9737, val loss 2.1352
model:LGT723E iter 24900: loss 1.7184, time 26236.82ms, mfu 3.99%
model:LGT723E iter 24910: loss 2.1617, time 1715.47ms, mfu 4.10%
model:LGT723E iter 24920: loss 1.9627, time 1713.99ms, mfu 4.21%
model:LGT723E iter 24930: loss 1.8587, time 1713.00ms, mfu 4.31%
model:LGT723E iter 24940: loss 1.9921, time 1713.11ms, mfu 4.39%
------average encoder activity 2.101
-----------average decoder density 0.5538
step 24950: train loss 1.9822, val loss 2.1388
model:LGT723E iter 24950: loss 2.0200, time 26202.85ms, mfu 3.99%
model:LGT723E iter 24960: loss 2.0634, time 1712.51ms, mfu 4.10%
model:LGT723E iter 24970: loss 1.8033, time 1711.76ms, mfu 4.21%
model:LGT723E iter 24980: loss 1.9713, time 1712.01ms, mfu 4.31%
model:LGT723E iter 24990: loss 2.3261, time 1712.23ms, mfu 4.39%
------average encoder activity 2.103
-----------average decoder density 0.5324
step 25000: train loss 1.9295, val loss 2.1513
model:LGT723E iter 25000: loss 1.8938, time 26202.22ms, mfu 3.99%
model:LGT723E iter 25010: loss 2.1068, time 1712.36ms, mfu 4.10%
model:LGT723E iter 25020: loss 2.1212, time 1713.32ms, mfu 4.21%
model:LGT723E iter 25030: loss 2.3296, time 1712.49ms, mfu 4.31%
model:LGT723E iter 25040: loss 1.7967, time 1712.40ms, mfu 4.39%
------average encoder activity 2.101
-----------average decoder density 0.5368
step 25050: train loss 1.9554, val loss 2.1303
model:LGT723E iter 25050: loss 2.1550, time 26247.63ms, mfu 3.99%
model:LGT723E iter 25060: loss 1.8556, time 1714.07ms, mfu 4.10%
model:LGT723E iter 25070: loss 2.2094, time 1712.78ms, mfu 4.21%
model:LGT723E iter 25080: loss 2.1078, time 1712.81ms, mfu 4.30%
model:LGT723E iter 25090: loss 1.7217, time 1710.96ms, mfu 4.39%
------average encoder activity 2.103
-----------average decoder density 0.5362
step 25100: train loss 1.9491, val loss 2.1340
model:LGT723E iter 25100: loss 2.3191, time 26221.18ms, mfu 3.99%
model:LGT723E iter 25110: loss 1.9788, time 1710.42ms, mfu 4.10%
model:LGT723E iter 25120: loss 1.9862, time 1710.88ms, mfu 4.21%
model:LGT723E iter 25130: loss 1.9686, time 1711.25ms, mfu 4.31%
model:LGT723E iter 25140: loss 1.9554, time 1709.60ms, mfu 4.39%
------average encoder activity 2.101
-----------average decoder density 0.4887
step 25150: train loss 1.9667, val loss 2.1227
model:LGT723E iter 25150: loss 1.9474, time 26226.57ms, mfu 3.99%
model:LGT723E iter 25160: loss 2.1917, time 1712.32ms, mfu 4.11%
model:LGT723E iter 25170: loss 2.0456, time 1711.97ms, mfu 4.21%
model:LGT723E iter 25180: loss 2.0188, time 1713.27ms, mfu 4.31%
model:LGT723E iter 25190: loss 1.9795, time 1714.62ms, mfu 4.39%
------average encoder activity 2.099
-----------average decoder density 0.5294
step 25200: train loss 1.9587, val loss 2.1153
model:LGT723E iter 25200: loss 2.0223, time 26261.48ms, mfu 3.99%
model:LGT723E iter 25210: loss 2.0404, time 1710.83ms, mfu 4.10%
model:LGT723E iter 25220: loss 1.9758, time 1709.90ms, mfu 4.21%
model:LGT723E iter 25230: loss 1.9078, time 1712.67ms, mfu 4.31%
model:LGT723E iter 25240: loss 2.1601, time 1709.23ms, mfu 4.39%
------average encoder activity 2.099
-----------average decoder density 0.4971
step 25250: train loss 1.9851, val loss 2.1143
model:LGT723E iter 25250: loss 1.9635, time 26182.71ms, mfu 3.99%
model:LGT723E iter 25260: loss 1.7361, time 1715.86ms, mfu 4.10%
model:LGT723E iter 25270: loss 1.7043, time 1712.41ms, mfu 4.21%
model:LGT723E iter 25280: loss 2.1097, time 1713.16ms, mfu 4.31%
model:LGT723E iter 25290: loss 1.9604, time 1713.68ms, mfu 4.39%
------average encoder activity 2.099
-----------average decoder density 0.5268
step 25300: train loss 1.9390, val loss 2.1382
model:LGT723E iter 25300: loss 2.0945, time 26180.38ms, mfu 3.99%
model:LGT723E iter 25310: loss 1.6371, time 1710.22ms, mfu 4.10%
model:LGT723E iter 25320: loss 2.0981, time 1709.13ms, mfu 4.21%
model:LGT723E iter 25330: loss 1.8191, time 1709.43ms, mfu 4.31%
model:LGT723E iter 25340: loss 2.0834, time 1709.75ms, mfu 4.39%
------average encoder activity 2.098
-----------average decoder density 0.5293
step 25350: train loss 1.9609, val loss 2.1012
saving checkpoint to out-novel-char3_LGT723E_3d25ede0cfd080d9e35756b051dcef65
model:LGT723E iter 25350: loss 2.1142, time 27578.97ms, mfu 3.99%
model:LGT723E iter 25360: loss 1.8468, time 1714.57ms, mfu 4.10%
model:LGT723E iter 25370: loss 2.0961, time 1711.73ms, mfu 4.21%
model:LGT723E iter 25380: loss 1.9275, time 1712.23ms, mfu 4.31%
model:LGT723E iter 25390: loss 2.1745, time 1712.21ms, mfu 4.39%
------average encoder activity 2.101
-----------average decoder density 0.5211
step 25400: train loss 1.9265, val loss 2.1180
model:LGT723E iter 25400: loss 1.9502, time 26196.85ms, mfu 3.99%
model:LGT723E iter 25410: loss 1.5438, time 1712.52ms, mfu 4.10%
model:LGT723E iter 25420: loss 1.8517, time 1712.82ms, mfu 4.21%
model:LGT723E iter 25430: loss 1.8817, time 1712.62ms, mfu 4.31%
model:LGT723E iter 25440: loss 1.8592, time 1712.54ms, mfu 4.39%
------average encoder activity 2.100
-----------average decoder density 0.5109
step 25450: train loss 1.9475, val loss 2.1206
model:LGT723E iter 25450: loss 1.7963, time 26177.63ms, mfu 3.99%
model:LGT723E iter 25460: loss 2.3501, time 1713.01ms, mfu 4.10%
model:LGT723E iter 25470: loss 1.9950, time 1712.99ms, mfu 4.21%
model:LGT723E iter 25480: loss 1.9956, time 1710.91ms, mfu 4.31%
model:LGT723E iter 25490: loss 1.5657, time 1709.69ms, mfu 4.39%
------average encoder activity 2.101
-----------average decoder density 0.4961
step 25500: train loss 1.9673, val loss 2.1270
model:LGT723E iter 25500: loss 2.1785, time 26220.82ms, mfu 3.99%
model:LGT723E iter 25510: loss 1.9831, time 1713.80ms, mfu 4.10%
model:LGT723E iter 25520: loss 2.1153, time 1713.63ms, mfu 4.21%
model:LGT723E iter 25530: loss 1.8663, time 1713.54ms, mfu 4.31%
model:LGT723E iter 25540: loss 1.7752, time 1714.90ms, mfu 4.39%
------average encoder activity 2.101
-----------average decoder density 0.5180
step 25550: train loss 1.9281, val loss 2.1063
model:LGT723E iter 25550: loss 2.0861, time 26161.17ms, mfu 3.99%
model:LGT723E iter 25560: loss 2.1351, time 1707.50ms, mfu 4.10%
model:LGT723E iter 25570: loss 1.8689, time 1743.84ms, mfu 4.20%
model:LGT723E iter 25580: loss 1.9167, time 1710.86ms, mfu 4.30%
model:LGT723E iter 25590: loss 2.1129, time 1710.90ms, mfu 4.39%
------average encoder activity 2.100
-----------average decoder density 0.4899
step 25600: train loss 1.9258, val loss 2.1087
model:LGT723E iter 25600: loss 2.1428, time 26197.34ms, mfu 3.98%
model:LGT723E iter 25610: loss 1.9178, time 1710.50ms, mfu 4.10%
model:LGT723E iter 25620: loss 2.0161, time 1711.70ms, mfu 4.21%
model:LGT723E iter 25630: loss 1.9938, time 1711.94ms, mfu 4.30%
model:LGT723E iter 25640: loss 1.9849, time 1712.64ms, mfu 4.39%
------average encoder activity 2.100
-----------average decoder density 0.5219
step 25650: train loss 1.9357, val loss 2.1106
model:LGT723E iter 25650: loss 2.0681, time 26207.93ms, mfu 3.98%
model:LGT723E iter 25660: loss 2.0436, time 1716.56ms, mfu 4.10%
model:LGT723E iter 25670: loss 2.0868, time 1712.50ms, mfu 4.21%
model:LGT723E iter 25680: loss 2.0504, time 1713.20ms, mfu 4.30%
model:LGT723E iter 25690: loss 1.8213, time 1713.79ms, mfu 4.39%
------average encoder activity 2.098
-----------average decoder density 0.5105
step 25700: train loss 1.9687, val loss 2.1218
model:LGT723E iter 25700: loss 2.0147, time 26222.45ms, mfu 3.98%
model:LGT723E iter 25710: loss 1.8176, time 1712.38ms, mfu 4.10%
model:LGT723E iter 25720: loss 1.8522, time 1712.51ms, mfu 4.21%
model:LGT723E iter 25730: loss 1.9441, time 1712.56ms, mfu 4.30%
model:LGT723E iter 25740: loss 2.1685, time 1711.56ms, mfu 4.39%
------average encoder activity 2.098
-----------average decoder density 0.5035
step 25750: train loss 1.9588, val loss 2.1203
model:LGT723E iter 25750: loss 1.9964, time 26195.82ms, mfu 3.98%
model:LGT723E iter 25760: loss 1.7969, time 1712.81ms, mfu 4.10%
model:LGT723E iter 25770: loss 1.8395, time 1712.57ms, mfu 4.21%
model:LGT723E iter 25780: loss 2.0042, time 1713.03ms, mfu 4.30%
model:LGT723E iter 25790: loss 1.6379, time 1712.53ms, mfu 4.39%
------average encoder activity 2.099
-----------average decoder density 0.5105
step 25800: train loss 1.9510, val loss 2.1021
model:LGT723E iter 25800: loss 1.9417, time 26251.56ms, mfu 3.98%
model:LGT723E iter 25810: loss 2.0442, time 1712.04ms, mfu 4.10%
model:LGT723E iter 25820: loss 1.8090, time 1712.18ms, mfu 4.21%
model:LGT723E iter 25830: loss 1.8984, time 1712.67ms, mfu 4.30%
model:LGT723E iter 25840: loss 1.9661, time 1712.92ms, mfu 4.39%
------average encoder activity 2.099
-----------average decoder density 0.5165
step 25850: train loss 1.9325, val loss 2.1040
model:LGT723E iter 25850: loss 2.1582, time 26189.45ms, mfu 3.99%
model:LGT723E iter 25860: loss 1.8652, time 1709.32ms, mfu 4.10%
model:LGT723E iter 25870: loss 1.6304, time 1708.87ms, mfu 4.21%
model:LGT723E iter 25880: loss 1.7551, time 1711.74ms, mfu 4.31%
model:LGT723E iter 25890: loss 1.9169, time 1712.93ms, mfu 4.39%
------average encoder activity 2.099
-----------average decoder density 0.5218
step 25900: train loss 1.9553, val loss 2.1147
model:LGT723E iter 25900: loss 2.0864, time 26202.35ms, mfu 3.99%
model:LGT723E iter 25910: loss 1.5927, time 1709.29ms, mfu 4.11%
model:LGT723E iter 25920: loss 2.1216, time 1710.87ms, mfu 4.21%
model:LGT723E iter 25930: loss 1.7447, time 1711.68ms, mfu 4.31%
model:LGT723E iter 25940: loss 2.0602, time 1709.55ms, mfu 4.39%
------average encoder activity 2.097
-----------average decoder density 0.5142
step 25950: train loss 1.9453, val loss 2.1368
model:LGT723E iter 25950: loss 1.9249, time 26195.45ms, mfu 3.99%
model:LGT723E iter 25960: loss 1.7846, time 1710.10ms, mfu 4.11%
model:LGT723E iter 25970: loss 1.9862, time 1709.18ms, mfu 4.21%
model:LGT723E iter 25980: loss 2.3974, time 1710.73ms, mfu 4.31%
model:LGT723E iter 25990: loss 1.9611, time 1709.90ms, mfu 4.40%
------average encoder activity 2.097
-----------average decoder density 0.5202
step 26000: train loss 1.9475, val loss 2.1262
model:LGT723E iter 26000: loss 2.3851, time 26226.45ms, mfu 3.99%
model:LGT723E iter 26010: loss 2.2766, time 1712.63ms, mfu 4.11%
model:LGT723E iter 26020: loss 2.3393, time 1710.66ms, mfu 4.21%
model:LGT723E iter 26030: loss 1.6963, time 1709.91ms, mfu 4.31%
model:LGT723E iter 26040: loss 1.9910, time 1713.09ms, mfu 4.39%
------average encoder activity 2.098
-----------average decoder density 0.4960
step 26050: train loss 1.9423, val loss 2.1241
model:LGT723E iter 26050: loss 2.2357, time 26228.35ms, mfu 3.99%
model:LGT723E iter 26060: loss 1.7485, time 1712.65ms, mfu 4.11%
model:LGT723E iter 26070: loss 2.1339, time 1712.10ms, mfu 4.21%
model:LGT723E iter 26080: loss 2.2075, time 1712.48ms, mfu 4.31%
model:LGT723E iter 26090: loss 1.7598, time 1713.04ms, mfu 4.39%
------average encoder activity 2.097
-----------average decoder density 0.5042
step 26100: train loss 1.9404, val loss 2.0972
saving checkpoint to out-novel-char3_LGT723E_3d25ede0cfd080d9e35756b051dcef65
model:LGT723E iter 26100: loss 2.1898, time 27586.84ms, mfu 3.99%
model:LGT723E iter 26110: loss 1.8873, time 1711.55ms, mfu 4.10%
model:LGT723E iter 26120: loss 1.9965, time 1711.70ms, mfu 4.21%
model:LGT723E iter 26130: loss 1.9240, time 1711.65ms, mfu 4.31%
model:LGT723E iter 26140: loss 2.0095, time 1712.03ms, mfu 4.39%
------average encoder activity 2.095
-----------average decoder density 0.5119
step 26150: train loss 1.9528, val loss 2.1267
model:LGT723E iter 26150: loss 1.8090, time 26246.38ms, mfu 3.99%
model:LGT723E iter 26160: loss 2.1033, time 1712.19ms, mfu 4.10%
model:LGT723E iter 26170: loss 1.7504, time 1711.03ms, mfu 4.21%
model:LGT723E iter 26180: loss 1.8469, time 1710.08ms, mfu 4.31%
model:LGT723E iter 26190: loss 2.4337, time 1708.09ms, mfu 4.39%
------average encoder activity 2.097
-----------average decoder density 0.5509
step 26200: train loss 1.9366, val loss 2.0956
saving checkpoint to out-novel-char3_LGT723E_3d25ede0cfd080d9e35756b051dcef65
model:LGT723E iter 26200: loss 2.1510, time 27553.06ms, mfu 3.99%
model:LGT723E iter 26210: loss 1.8258, time 1708.36ms, mfu 4.11%
model:LGT723E iter 26220: loss 1.9856, time 1707.84ms, mfu 4.21%
model:LGT723E iter 26230: loss 1.9383, time 1710.69ms, mfu 4.31%
model:LGT723E iter 26240: loss 2.2140, time 1712.41ms, mfu 4.39%
------average encoder activity 2.098
-----------average decoder density 0.4962
step 26250: train loss 1.9471, val loss 2.1084
model:LGT723E iter 26250: loss 1.9036, time 26186.95ms, mfu 3.99%
model:LGT723E iter 26260: loss 2.0298, time 1711.05ms, mfu 4.11%
model:LGT723E iter 26270: loss 2.0173, time 1713.57ms, mfu 4.21%
model:LGT723E iter 26280: loss 1.9468, time 1713.68ms, mfu 4.31%
model:LGT723E iter 26290: loss 1.7441, time 1711.17ms, mfu 4.39%
------average encoder activity 2.099
-----------average decoder density 0.5002
step 26300: train loss 1.9493, val loss 2.1177
model:LGT723E iter 26300: loss 2.2293, time 26190.94ms, mfu 3.99%
model:LGT723E iter 26310: loss 1.6218, time 1711.14ms, mfu 4.11%
model:LGT723E iter 26320: loss 1.9752, time 1711.51ms, mfu 4.21%
model:LGT723E iter 26330: loss 1.9283, time 1711.05ms, mfu 4.31%
model:LGT723E iter 26340: loss 2.0495, time 1715.81ms, mfu 4.39%
------average encoder activity 2.099
-----------average decoder density 0.5282
step 26350: train loss 1.9218, val loss 2.1107
model:LGT723E iter 26350: loss 1.8760, time 26203.23ms, mfu 3.99%
model:LGT723E iter 26360: loss 1.9112, time 1712.35ms, mfu 4.10%
model:LGT723E iter 26370: loss 1.7973, time 1712.24ms, mfu 4.21%
model:LGT723E iter 26380: loss 2.3461, time 1711.08ms, mfu 4.31%
model:LGT723E iter 26390: loss 1.1987, time 1712.15ms, mfu 4.39%
------average encoder activity 2.097
-----------average decoder density 0.5547
step 26400: train loss 1.9255, val loss 2.1054
model:LGT723E iter 26400: loss 1.8999, time 26239.18ms, mfu 3.99%
model:LGT723E iter 26410: loss 1.9739, time 1716.98ms, mfu 4.10%
model:LGT723E iter 26420: loss 1.8693, time 1711.74ms, mfu 4.21%
model:LGT723E iter 26430: loss 1.9499, time 1710.81ms, mfu 4.31%
model:LGT723E iter 26440: loss 1.9875, time 1710.72ms, mfu 4.39%
------average encoder activity 2.096
-----------average decoder density 0.4910
step 26450: train loss 1.9504, val loss 2.0997
model:LGT723E iter 26450: loss 1.7379, time 26213.64ms, mfu 3.99%
model:LGT723E iter 26460: loss 1.7916, time 1712.59ms, mfu 4.10%
model:LGT723E iter 26470: loss 2.0930, time 1712.13ms, mfu 4.21%
model:LGT723E iter 26480: loss 1.7581, time 1713.67ms, mfu 4.31%
model:LGT723E iter 26490: loss 1.9618, time 1710.31ms, mfu 4.39%
------average encoder activity 2.098
-----------average decoder density 0.4931
step 26500: train loss 1.9314, val loss 2.1104
model:LGT723E iter 26500: loss 1.9808, time 26166.63ms, mfu 3.99%
model:LGT723E iter 26510: loss 1.6504, time 1710.67ms, mfu 4.11%
model:LGT723E iter 26520: loss 1.6359, time 1710.98ms, mfu 4.21%
model:LGT723E iter 26530: loss 2.1192, time 1711.00ms, mfu 4.31%
model:LGT723E iter 26540: loss 1.9044, time 1711.29ms, mfu 4.39%
------average encoder activity 2.099
-----------average decoder density 0.5136
step 26550: train loss 1.9210, val loss 2.1187
model:LGT723E iter 26550: loss 1.8437, time 26280.67ms, mfu 3.99%
model:LGT723E iter 26560: loss 1.7564, time 1711.55ms, mfu 4.11%
model:LGT723E iter 26570: loss 1.8853, time 1711.93ms, mfu 4.21%
model:LGT723E iter 26580: loss 1.9257, time 1711.04ms, mfu 4.31%
model:LGT723E iter 26590: loss 1.9415, time 1715.12ms, mfu 4.39%
------average encoder activity 2.100
-----------average decoder density 0.4884
step 26600: train loss 1.9331, val loss 2.1051
model:LGT723E iter 26600: loss 2.1238, time 26231.32ms, mfu 3.99%
model:LGT723E iter 26610: loss 1.7960, time 1712.31ms, mfu 4.10%
model:LGT723E iter 26620: loss 2.0013, time 1713.38ms, mfu 4.21%
model:LGT723E iter 26630: loss 2.3101, time 1712.55ms, mfu 4.31%
model:LGT723E iter 26640: loss 1.9873, time 1714.04ms, mfu 4.39%
------average encoder activity 2.100
-----------average decoder density 0.5227
step 26650: train loss 1.9579, val loss 2.1204
model:LGT723E iter 26650: loss 1.9483, time 26179.51ms, mfu 3.99%
model:LGT723E iter 26660: loss 1.8782, time 1708.15ms, mfu 4.11%
model:LGT723E iter 26670: loss 1.7963, time 1710.74ms, mfu 4.21%
model:LGT723E iter 26680: loss 1.9465, time 1707.93ms, mfu 4.31%
model:LGT723E iter 26690: loss 2.1152, time 1708.18ms, mfu 4.40%
------average encoder activity 2.101
-----------average decoder density 0.5358
step 26700: train loss 1.9161, val loss 2.0914
saving checkpoint to out-novel-char3_LGT723E_3d25ede0cfd080d9e35756b051dcef65
model:LGT723E iter 26700: loss 1.8398, time 27545.68ms, mfu 3.99%
model:LGT723E iter 26710: loss 1.9330, time 1719.94ms, mfu 4.10%
model:LGT723E iter 26720: loss 1.9623, time 1711.72ms, mfu 4.21%
model:LGT723E iter 26730: loss 1.8326, time 1711.87ms, mfu 4.31%
model:LGT723E iter 26740: loss 1.8741, time 1708.92ms, mfu 4.39%
------average encoder activity 2.101
-----------average decoder density 0.5149
step 26750: train loss 1.9268, val loss 2.1236
model:LGT723E iter 26750: loss 1.8446, time 26183.85ms, mfu 3.99%
model:LGT723E iter 26760: loss 1.7061, time 1708.59ms, mfu 4.11%
model:LGT723E iter 26770: loss 1.9484, time 1711.06ms, mfu 4.21%
model:LGT723E iter 26780: loss 1.7852, time 1711.50ms, mfu 4.31%
model:LGT723E iter 26790: loss 1.9906, time 1713.89ms, mfu 4.39%
------average encoder activity 2.100
-----------average decoder density 0.5139
step 26800: train loss 1.9492, val loss 2.0999
model:LGT723E iter 26800: loss 1.8536, time 26286.60ms, mfu 3.99%
model:LGT723E iter 26810: loss 1.9336, time 1711.25ms, mfu 4.11%
model:LGT723E iter 26820: loss 1.8866, time 1711.56ms, mfu 4.21%
model:LGT723E iter 26830: loss 2.1743, time 1711.34ms, mfu 4.31%
model:LGT723E iter 26840: loss 1.5456, time 1715.50ms, mfu 4.39%
------average encoder activity 2.101
-----------average decoder density 0.5176
step 26850: train loss 1.9073, val loss 2.0966
model:LGT723E iter 26850: loss 1.9492, time 26188.21ms, mfu 3.99%
model:LGT723E iter 26860: loss 2.0535, time 1712.08ms, mfu 4.10%
model:LGT723E iter 26870: loss 1.7058, time 1711.22ms, mfu 4.21%
model:LGT723E iter 26880: loss 2.1388, time 1711.58ms, mfu 4.31%
model:LGT723E iter 26890: loss 2.0272, time 1711.01ms, mfu 4.39%
------average encoder activity 2.100
-----------average decoder density 0.5187
step 26900: train loss 1.9367, val loss 2.1145
model:LGT723E iter 26900: loss 1.9017, time 26193.32ms, mfu 3.99%
model:LGT723E iter 26910: loss 1.8396, time 1708.47ms, mfu 4.11%
model:LGT723E iter 26920: loss 2.0533, time 1709.88ms, mfu 4.21%
model:LGT723E iter 26930: loss 2.2555, time 1712.32ms, mfu 4.31%
model:LGT723E iter 26940: loss 1.9182, time 1712.50ms, mfu 4.39%
------average encoder activity 2.100
-----------average decoder density 0.5089
step 26950: train loss 1.9190, val loss 2.1312
model:LGT723E iter 26950: loss 2.1025, time 26191.28ms, mfu 3.99%
model:LGT723E iter 26960: loss 2.1011, time 1713.35ms, mfu 4.11%
model:LGT723E iter 26970: loss 1.9977, time 1711.42ms, mfu 4.21%
model:LGT723E iter 26980: loss 2.0020, time 1711.11ms, mfu 4.31%
model:LGT723E iter 26990: loss 1.9119, time 1712.04ms, mfu 4.39%
------average encoder activity 2.099
-----------average decoder density 0.4973
step 27000: train loss 1.9492, val loss 2.1057
model:LGT723E iter 27000: loss 2.1116, time 26204.27ms, mfu 3.99%
model:LGT723E iter 27010: loss 1.8996, time 1711.37ms, mfu 4.11%
model:LGT723E iter 27020: loss 1.6191, time 1711.20ms, mfu 4.21%
model:LGT723E iter 27030: loss 2.0117, time 1710.62ms, mfu 4.31%
model:LGT723E iter 27040: loss 1.9104, time 1711.55ms, mfu 4.39%
------average encoder activity 2.099
-----------average decoder density 0.5085
step 27050: train loss 1.9093, val loss 2.1033
model:LGT723E iter 27050: loss 1.9145, time 26213.83ms, mfu 3.99%
model:LGT723E iter 27060: loss 1.7819, time 1710.67ms, mfu 4.11%
model:LGT723E iter 27070: loss 1.5181, time 1711.55ms, mfu 4.21%
model:LGT723E iter 27080: loss 1.2401, time 1712.26ms, mfu 4.31%
model:LGT723E iter 27090: loss 1.6821, time 1711.02ms, mfu 4.39%
------average encoder activity 2.099
-----------average decoder density 0.5069
step 27100: train loss 1.9361, val loss 2.0962
model:LGT723E iter 27100: loss 2.0733, time 26173.62ms, mfu 3.99%
model:LGT723E iter 27110: loss 2.1315, time 1710.99ms, mfu 4.11%
model:LGT723E iter 27120: loss 2.0556, time 1711.32ms, mfu 4.21%
model:LGT723E iter 27130: loss 1.8701, time 1712.30ms, mfu 4.31%
model:LGT723E iter 27140: loss 2.1901, time 1712.49ms, mfu 4.39%
------average encoder activity 2.098
-----------average decoder density 0.5310
step 27150: train loss 1.9195, val loss 2.1064
model:LGT723E iter 27150: loss 2.0822, time 26282.55ms, mfu 3.99%
model:LGT723E iter 27160: loss 1.3610, time 1709.05ms, mfu 4.11%
model:LGT723E iter 27170: loss 2.1585, time 1713.66ms, mfu 4.21%
model:LGT723E iter 27180: loss 1.8443, time 1708.86ms, mfu 4.31%
model:LGT723E iter 27190: loss 2.0102, time 1710.95ms, mfu 4.39%
------average encoder activity 2.099
-----------average decoder density 0.5368
step 27200: train loss 1.8800, val loss 2.1079
model:LGT723E iter 27200: loss 2.0631, time 26190.06ms, mfu 3.99%
model:LGT723E iter 27210: loss 2.0081, time 1711.31ms, mfu 4.11%
model:LGT723E iter 27220: loss 2.0437, time 1708.70ms, mfu 4.21%
model:LGT723E iter 27230: loss 2.0445, time 1710.49ms, mfu 4.31%
model:LGT723E iter 27240: loss 1.9959, time 1710.86ms, mfu 4.40%
------average encoder activity 2.098
-----------average decoder density 0.5093
step 27250: train loss 1.9399, val loss 2.0793
saving checkpoint to out-novel-char3_LGT723E_3d25ede0cfd080d9e35756b051dcef65
model:LGT723E iter 27250: loss 1.8580, time 27500.08ms, mfu 3.99%
model:LGT723E iter 27260: loss 2.2069, time 1712.11ms, mfu 4.11%
model:LGT723E iter 27270: loss 1.8808, time 1708.53ms, mfu 4.21%
model:LGT723E iter 27280: loss 1.7060, time 1709.12ms, mfu 4.31%
model:LGT723E iter 27290: loss 1.6295, time 1709.17ms, mfu 4.40%
------average encoder activity 2.098
-----------average decoder density 0.5358
step 27300: train loss 1.9341, val loss 2.0821
model:LGT723E iter 27300: loss 1.7106, time 26226.09ms, mfu 3.99%
model:LGT723E iter 27310: loss 1.6929, time 1737.44ms, mfu 4.10%
model:LGT723E iter 27320: loss 2.0041, time 1713.33ms, mfu 4.21%
model:LGT723E iter 27330: loss 1.9663, time 1711.93ms, mfu 4.30%
model:LGT723E iter 27340: loss 1.9514, time 1711.83ms, mfu 4.39%
------average encoder activity 2.097
-----------average decoder density 0.5539
step 27350: train loss 1.9415, val loss 2.0799
model:LGT723E iter 27350: loss 1.8246, time 26202.88ms, mfu 3.98%
model:LGT723E iter 27360: loss 1.7713, time 1711.87ms, mfu 4.10%
model:LGT723E iter 27370: loss 2.0438, time 1712.44ms, mfu 4.21%
model:LGT723E iter 27380: loss 1.9490, time 1711.82ms, mfu 4.30%
model:LGT723E iter 27390: loss 1.8053, time 1711.95ms, mfu 4.39%
------average encoder activity 2.096
-----------average decoder density 0.5008
step 27400: train loss 1.9149, val loss 2.1054
model:LGT723E iter 27400: loss 1.8031, time 26224.72ms, mfu 3.98%
model:LGT723E iter 27410: loss 2.3501, time 1709.40ms, mfu 4.10%
model:LGT723E iter 27420: loss 2.2252, time 1708.96ms, mfu 4.21%
model:LGT723E iter 27430: loss 2.0206, time 1708.05ms, mfu 4.31%
model:LGT723E iter 27440: loss 2.0043, time 1709.24ms, mfu 4.39%
------average encoder activity 2.095
-----------average decoder density 0.5279
step 27450: train loss 1.8977, val loss 2.1022
model:LGT723E iter 27450: loss 1.7185, time 26192.97ms, mfu 3.99%
model:LGT723E iter 27460: loss 2.0900, time 1709.70ms, mfu 4.11%
model:LGT723E iter 27470: loss 2.0111, time 1709.19ms, mfu 4.21%
model:LGT723E iter 27480: loss 1.9517, time 1708.16ms, mfu 4.31%
model:LGT723E iter 27490: loss 2.1248, time 1707.70ms, mfu 4.40%
------average encoder activity 2.097
-----------average decoder density 0.5305
step 27500: train loss 1.9133, val loss 2.1157
model:LGT723E iter 27500: loss 1.8694, time 26147.99ms, mfu 3.99%
model:LGT723E iter 27510: loss 1.9300, time 1708.83ms, mfu 4.11%
model:LGT723E iter 27520: loss 2.1371, time 1708.56ms, mfu 4.22%
model:LGT723E iter 27530: loss 1.7735, time 1712.39ms, mfu 4.31%
model:LGT723E iter 27540: loss 1.9397, time 1712.74ms, mfu 4.40%
------average encoder activity 2.095
-----------average decoder density 0.5077
step 27550: train loss 1.9117, val loss 2.1049
model:LGT723E iter 27550: loss 1.8020, time 26243.96ms, mfu 3.99%
model:LGT723E iter 27560: loss 1.5917, time 1711.65ms, mfu 4.11%
model:LGT723E iter 27570: loss 1.9427, time 1711.47ms, mfu 4.21%
model:LGT723E iter 27580: loss 1.7083, time 1711.53ms, mfu 4.31%
model:LGT723E iter 27590: loss 1.9184, time 1711.72ms, mfu 4.40%
------average encoder activity 2.098
-----------average decoder density 0.5001
step 27600: train loss 1.9134, val loss 2.1150
model:LGT723E iter 27600: loss 1.8308, time 26191.65ms, mfu 3.99%
model:LGT723E iter 27610: loss 1.6415, time 1711.80ms, mfu 4.11%
model:LGT723E iter 27620: loss 1.9001, time 1712.55ms, mfu 4.21%
model:LGT723E iter 27630: loss 1.7364, time 1711.23ms, mfu 4.31%
model:LGT723E iter 27640: loss 2.2670, time 1710.65ms, mfu 4.39%
------average encoder activity 2.098
-----------average decoder density 0.5465
step 27650: train loss 1.9353, val loss 2.0867
model:LGT723E iter 27650: loss 1.8363, time 26202.80ms, mfu 3.99%
model:LGT723E iter 27660: loss 2.0424, time 1711.15ms, mfu 4.11%
model:LGT723E iter 27670: loss 1.7844, time 1711.21ms, mfu 4.21%
model:LGT723E iter 27680: loss 1.8910, time 1712.44ms, mfu 4.31%
model:LGT723E iter 27690: loss 1.8788, time 1713.36ms, mfu 4.39%
------average encoder activity 2.095
-----------average decoder density 0.5227
step 27700: train loss 1.9167, val loss 2.0975
model:LGT723E iter 27700: loss 1.9067, time 26176.71ms, mfu 3.99%
model:LGT723E iter 27710: loss 2.0987, time 1712.66ms, mfu 4.11%
model:LGT723E iter 27720: loss 1.8294, time 1712.18ms, mfu 4.21%
model:LGT723E iter 27730: loss 1.8512, time 1710.96ms, mfu 4.31%
model:LGT723E iter 27740: loss 1.7580, time 1710.66ms, mfu 4.39%
------average encoder activity 2.098
-----------average decoder density 0.5158
step 27750: train loss 1.9048, val loss 2.0828
model:LGT723E iter 27750: loss 1.9232, time 26176.15ms, mfu 3.99%
model:LGT723E iter 27760: loss 2.0879, time 1711.26ms, mfu 4.11%
model:LGT723E iter 27770: loss 2.0246, time 1711.40ms, mfu 4.21%
model:LGT723E iter 27780: loss 1.8195, time 1711.07ms, mfu 4.31%
model:LGT723E iter 27790: loss 1.6020, time 1711.03ms, mfu 4.39%
------average encoder activity 2.098
-----------average decoder density 0.5176
step 27800: train loss 1.9391, val loss 2.0842
model:LGT723E iter 27800: loss 1.6667, time 26184.75ms, mfu 3.99%
model:LGT723E iter 27810: loss 1.7593, time 1711.13ms, mfu 4.11%
model:LGT723E iter 27820: loss 1.6765, time 1715.03ms, mfu 4.21%
model:LGT723E iter 27830: loss 1.8046, time 1710.86ms, mfu 4.31%
model:LGT723E iter 27840: loss 1.7571, time 1711.26ms, mfu 4.39%
------average encoder activity 2.096
-----------average decoder density 0.5084
step 27850: train loss 1.8985, val loss 2.0859
model:LGT723E iter 27850: loss 1.6503, time 26203.67ms, mfu 3.99%
model:LGT723E iter 27860: loss 2.2738, time 1715.62ms, mfu 4.10%
model:LGT723E iter 27870: loss 1.8183, time 1709.51ms, mfu 4.21%
model:LGT723E iter 27880: loss 1.7419, time 1708.27ms, mfu 4.31%
model:LGT723E iter 27890: loss 2.2195, time 1712.84ms, mfu 4.39%
------average encoder activity 2.096
-----------average decoder density 0.5035
step 27900: train loss 1.8872, val loss 2.1054
model:LGT723E iter 27900: loss 2.0611, time 26245.39ms, mfu 3.99%
model:LGT723E iter 27910: loss 2.0229, time 1707.45ms, mfu 4.11%
model:LGT723E iter 27920: loss 1.8345, time 1709.38ms, mfu 4.21%
model:LGT723E iter 27930: loss 1.6429, time 1707.70ms, mfu 4.31%
model:LGT723E iter 27940: loss 1.8365, time 1707.55ms, mfu 4.40%
------average encoder activity 2.097
-----------average decoder density 0.5048
step 27950: train loss 1.9167, val loss 2.1224
model:LGT723E iter 27950: loss 1.8679, time 26175.91ms, mfu 3.99%
model:LGT723E iter 27960: loss 1.8573, time 1711.97ms, mfu 4.11%
model:LGT723E iter 27970: loss 2.0865, time 1711.61ms, mfu 4.21%
model:LGT723E iter 27980: loss 2.0609, time 1711.76ms, mfu 4.31%
model:LGT723E iter 27990: loss 1.7864, time 1715.40ms, mfu 4.39%
------average encoder activity 2.098
-----------average decoder density 0.5291
step 28000: train loss 1.9164, val loss 2.1084
model:LGT723E iter 28000: loss 1.9088, time 26238.47ms, mfu 3.99%
model:LGT723E iter 28010: loss 1.8992, time 1712.70ms, mfu 4.11%
model:LGT723E iter 28020: loss 1.7943, time 1712.70ms, mfu 4.21%
model:LGT723E iter 28030: loss 1.8070, time 1712.44ms, mfu 4.31%
model:LGT723E iter 28040: loss 1.9540, time 1712.53ms, mfu 4.39%
------average encoder activity 2.094
-----------average decoder density 0.4993
step 28050: train loss 1.9024, val loss 2.1113
model:LGT723E iter 28050: loss 1.7503, time 26185.70ms, mfu 3.99%
model:LGT723E iter 28060: loss 1.8663, time 1708.97ms, mfu 4.11%
model:LGT723E iter 28070: loss 1.8874, time 1709.59ms, mfu 4.21%
model:LGT723E iter 28080: loss 1.8220, time 1709.37ms, mfu 4.31%
model:LGT723E iter 28090: loss 1.9830, time 1711.06ms, mfu 4.40%
------average encoder activity 2.095
-----------average decoder density 0.4988
step 28100: train loss 1.9128, val loss 2.0776
saving checkpoint to out-novel-char3_LGT723E_3d25ede0cfd080d9e35756b051dcef65
model:LGT723E iter 28100: loss 1.7978, time 27466.18ms, mfu 3.99%
model:LGT723E iter 28110: loss 1.5874, time 1710.43ms, mfu 4.11%
model:LGT723E iter 28120: loss 1.9934, time 1710.97ms, mfu 4.21%
model:LGT723E iter 28130: loss 1.6073, time 1708.36ms, mfu 4.31%
model:LGT723E iter 28140: loss 1.6827, time 1710.54ms, mfu 4.40%
------average encoder activity 2.093
-----------average decoder density 0.5102
step 28150: train loss 1.9131, val loss 2.0765
saving checkpoint to out-novel-char3_LGT723E_3d25ede0cfd080d9e35756b051dcef65
model:LGT723E iter 28150: loss 1.7707, time 27473.26ms, mfu 3.99%
model:LGT723E iter 28160: loss 1.9108, time 1723.25ms, mfu 4.10%
model:LGT723E iter 28170: loss 2.1711, time 1712.64ms, mfu 4.21%
model:LGT723E iter 28180: loss 1.8597, time 1711.89ms, mfu 4.30%
model:LGT723E iter 28190: loss 1.8818, time 1711.16ms, mfu 4.39%
------average encoder activity 2.092
-----------average decoder density 0.5231
step 28200: train loss 1.9016, val loss 2.1016
model:LGT723E iter 28200: loss 1.7293, time 26204.65ms, mfu 3.99%
model:LGT723E iter 28210: loss 1.6868, time 1711.49ms, mfu 4.10%
model:LGT723E iter 28220: loss 1.7704, time 1711.21ms, mfu 4.21%
model:LGT723E iter 28230: loss 1.9582, time 1710.63ms, mfu 4.31%
model:LGT723E iter 28240: loss 1.8199, time 1708.15ms, mfu 4.39%
------average encoder activity 2.093
-----------average decoder density 0.4981
step 28250: train loss 1.8993, val loss 2.0809
model:LGT723E iter 28250: loss 1.9453, time 26194.83ms, mfu 3.99%
model:LGT723E iter 28260: loss 2.0899, time 1712.97ms, mfu 4.11%
model:LGT723E iter 28270: loss 2.1815, time 1710.13ms, mfu 4.21%
model:LGT723E iter 28280: loss 1.9608, time 1708.05ms, mfu 4.31%
model:LGT723E iter 28290: loss 1.9198, time 1708.04ms, mfu 4.40%
------average encoder activity 2.094
-----------average decoder density 0.5031
step 28300: train loss 1.9155, val loss 2.0923
model:LGT723E iter 28300: loss 2.1844, time 26175.44ms, mfu 3.99%
model:LGT723E iter 28310: loss 1.9952, time 1711.09ms, mfu 4.11%
model:LGT723E iter 28320: loss 1.8008, time 1712.03ms, mfu 4.21%
model:LGT723E iter 28330: loss 2.2413, time 1710.97ms, mfu 4.31%
model:LGT723E iter 28340: loss 1.9231, time 1718.83ms, mfu 4.39%
------average encoder activity 2.092
-----------average decoder density 0.5167
step 28350: train loss 1.8957, val loss 2.1094
model:LGT723E iter 28350: loss 1.7300, time 26206.24ms, mfu 3.99%
model:LGT723E iter 28360: loss 1.7970, time 1712.02ms, mfu 4.11%
model:LGT723E iter 28370: loss 1.7253, time 1711.83ms, mfu 4.21%
model:LGT723E iter 28380: loss 1.9764, time 1711.13ms, mfu 4.31%
model:LGT723E iter 28390: loss 1.6854, time 1711.91ms, mfu 4.39%
------average encoder activity 2.092
-----------average decoder density 0.5222
step 28400: train loss 1.9107, val loss 2.0987
model:LGT723E iter 28400: loss 1.8210, time 26190.49ms, mfu 3.99%
model:LGT723E iter 28410: loss 1.9900, time 1710.98ms, mfu 4.11%
model:LGT723E iter 28420: loss 1.8791, time 1707.83ms, mfu 4.21%
model:LGT723E iter 28430: loss 2.1083, time 1708.11ms, mfu 4.31%
model:LGT723E iter 28440: loss 1.8096, time 1708.45ms, mfu 4.40%
------average encoder activity 2.091
-----------average decoder density 0.5131
step 28450: train loss 1.8747, val loss 2.0878
model:LGT723E iter 28450: loss 2.0015, time 26177.80ms, mfu 3.99%
model:LGT723E iter 28460: loss 1.9385, time 1710.75ms, mfu 4.11%
model:LGT723E iter 28470: loss 1.9553, time 1710.84ms, mfu 4.21%
model:LGT723E iter 28480: loss 1.6782, time 1711.23ms, mfu 4.31%
model:LGT723E iter 28490: loss 1.8418, time 1711.36ms, mfu 4.40%
------average encoder activity 2.092
-----------average decoder density 0.5319
step 28500: train loss 1.9081, val loss 2.0921
model:LGT723E iter 28500: loss 1.9106, time 26157.47ms, mfu 3.99%
model:LGT723E iter 28510: loss 1.9130, time 1710.81ms, mfu 4.11%
model:LGT723E iter 28520: loss 1.9396, time 1710.90ms, mfu 4.21%
model:LGT723E iter 28530: loss 1.5422, time 1715.67ms, mfu 4.31%
model:LGT723E iter 28540: loss 1.8973, time 1711.57ms, mfu 4.39%
------average encoder activity 2.092
-----------average decoder density 0.5118
step 28550: train loss 1.8975, val loss 2.0862
model:LGT723E iter 28550: loss 1.8051, time 26186.44ms, mfu 3.99%
model:LGT723E iter 28560: loss 1.7389, time 1711.29ms, mfu 4.11%
model:LGT723E iter 28570: loss 2.1109, time 1711.86ms, mfu 4.21%
model:LGT723E iter 28580: loss 2.0441, time 1711.75ms, mfu 4.31%
model:LGT723E iter 28590: loss 1.7937, time 1711.71ms, mfu 4.39%
------average encoder activity 2.091
-----------average decoder density 0.5248
step 28600: train loss 1.9131, val loss 2.0836
model:LGT723E iter 28600: loss 2.0606, time 26179.98ms, mfu 3.99%
model:LGT723E iter 28610: loss 1.9279, time 1710.52ms, mfu 4.11%
model:LGT723E iter 28620: loss 1.9509, time 1710.69ms, mfu 4.21%
model:LGT723E iter 28630: loss 1.9282, time 1708.98ms, mfu 4.31%
model:LGT723E iter 28640: loss 1.9323, time 1708.90ms, mfu 4.40%
------average encoder activity 2.090
-----------average decoder density 0.5104
step 28650: train loss 1.8709, val loss 2.0660
saving checkpoint to out-novel-char3_LGT723E_3d25ede0cfd080d9e35756b051dcef65
model:LGT723E iter 28650: loss 2.1116, time 27516.16ms, mfu 3.99%
model:LGT723E iter 28660: loss 1.9129, time 1714.67ms, mfu 4.11%
model:LGT723E iter 28670: loss 2.0090, time 1707.73ms, mfu 4.21%
model:LGT723E iter 28680: loss 1.9727, time 1707.50ms, mfu 4.31%
model:LGT723E iter 28690: loss 1.5610, time 1707.55ms, mfu 4.40%
------average encoder activity 2.090
-----------average decoder density 0.5272
step 28700: train loss 1.8943, val loss 2.1005
model:LGT723E iter 28700: loss 2.0091, time 26165.20ms, mfu 3.99%
model:LGT723E iter 28710: loss 1.8770, time 1708.38ms, mfu 4.11%
model:LGT723E iter 28720: loss 1.7197, time 1708.33ms, mfu 4.22%
model:LGT723E iter 28730: loss 1.9516, time 1708.43ms, mfu 4.31%
model:LGT723E iter 28740: loss 2.0748, time 1709.27ms, mfu 4.40%
------average encoder activity 2.090
-----------average decoder density 0.4996
step 28750: train loss 1.8859, val loss 2.1055
model:LGT723E iter 28750: loss 2.0467, time 26173.65ms, mfu 3.99%
model:LGT723E iter 28760: loss 1.6726, time 1707.95ms, mfu 4.11%
model:LGT723E iter 28770: loss 2.0064, time 1708.01ms, mfu 4.22%
model:LGT723E iter 28780: loss 2.2504, time 1708.98ms, mfu 4.31%
model:LGT723E iter 28790: loss 1.9762, time 1711.15ms, mfu 4.40%
------average encoder activity 2.090
-----------average decoder density 0.5036
step 28800: train loss 1.9021, val loss 2.0577
saving checkpoint to out-novel-char3_LGT723E_3d25ede0cfd080d9e35756b051dcef65
model:LGT723E iter 28800: loss 1.8707, time 27493.83ms, mfu 3.99%
model:LGT723E iter 28810: loss 1.6240, time 1710.34ms, mfu 4.11%
model:LGT723E iter 28820: loss 1.5311, time 1710.04ms, mfu 4.22%
model:LGT723E iter 28830: loss 1.7060, time 1710.09ms, mfu 4.31%
model:LGT723E iter 28840: loss 1.8799, time 1710.45ms, mfu 4.40%
------average encoder activity 2.090
-----------average decoder density 0.5223
step 28850: train loss 1.8993, val loss 2.0751
model:LGT723E iter 28850: loss 1.8963, time 26166.27ms, mfu 3.99%
model:LGT723E iter 28860: loss 1.7462, time 1709.76ms, mfu 4.11%
model:LGT723E iter 28870: loss 1.8847, time 1710.27ms, mfu 4.22%
model:LGT723E iter 28880: loss 2.1345, time 1711.06ms, mfu 4.31%
model:LGT723E iter 28890: loss 2.2687, time 1710.18ms, mfu 4.40%
------average encoder activity 2.089
-----------average decoder density 0.5213
step 28900: train loss 1.8937, val loss 2.0812
model:LGT723E iter 28900: loss 1.9562, time 26174.70ms, mfu 3.99%
model:LGT723E iter 28910: loss 1.8512, time 1710.80ms, mfu 4.11%
model:LGT723E iter 28920: loss 1.5795, time 1710.80ms, mfu 4.22%
model:LGT723E iter 28930: loss 2.1531, time 1710.19ms, mfu 4.31%
model:LGT723E iter 28940: loss 1.4231, time 1711.76ms, mfu 4.40%
------average encoder activity 2.090
-----------average decoder density 0.5161
step 28950: train loss 1.8910, val loss 2.0883
model:LGT723E iter 28950: loss 1.9025, time 26179.28ms, mfu 3.99%
model:LGT723E iter 28960: loss 2.2696, time 1714.23ms, mfu 4.11%
model:LGT723E iter 28970: loss 1.8692, time 1710.92ms, mfu 4.21%
model:LGT723E iter 28980: loss 1.7878, time 1710.84ms, mfu 4.31%
model:LGT723E iter 28990: loss 1.8096, time 1711.19ms, mfu 4.40%
------average encoder activity 2.090
-----------average decoder density 0.5187
step 29000: train loss 1.8838, val loss 2.0730
model:LGT723E iter 29000: loss 1.6609, time 26180.77ms, mfu 3.99%
model:LGT723E iter 29010: loss 1.9449, time 1711.32ms, mfu 4.11%
model:LGT723E iter 29020: loss 1.7770, time 1721.19ms, mfu 4.21%
model:LGT723E iter 29030: loss 2.0683, time 1722.38ms, mfu 4.30%
model:LGT723E iter 29040: loss 1.7578, time 1712.37ms, mfu 4.39%
------average encoder activity 2.088
-----------average decoder density 0.5149
step 29050: train loss 1.8882, val loss 2.0841
model:LGT723E iter 29050: loss 1.7199, time 26204.87ms, mfu 3.98%
model:LGT723E iter 29060: loss 2.0027, time 1711.11ms, mfu 4.10%
model:LGT723E iter 29070: loss 2.1134, time 1710.46ms, mfu 4.21%
model:LGT723E iter 29080: loss 1.9015, time 1711.05ms, mfu 4.31%
model:LGT723E iter 29090: loss 1.7061, time 1710.48ms, mfu 4.39%
------average encoder activity 2.088
-----------average decoder density 0.4984
step 29100: train loss 1.8767, val loss 2.0717
model:LGT723E iter 29100: loss 1.6429, time 26179.45ms, mfu 3.99%
model:LGT723E iter 29110: loss 1.6223, time 1710.40ms, mfu 4.10%
model:LGT723E iter 29120: loss 1.5986, time 1710.46ms, mfu 4.21%
model:LGT723E iter 29130: loss 2.0169, time 1710.69ms, mfu 4.31%
model:LGT723E iter 29140: loss 2.1296, time 1710.52ms, mfu 4.39%
------average encoder activity 2.089
-----------average decoder density 0.5283
step 29150: train loss 1.8750, val loss 2.0676
model:LGT723E iter 29150: loss 2.1738, time 26178.25ms, mfu 3.99%
model:LGT723E iter 29160: loss 2.0611, time 1711.26ms, mfu 4.11%
model:LGT723E iter 29170: loss 1.5827, time 1712.39ms, mfu 4.21%
model:LGT723E iter 29180: loss 2.2053, time 1711.91ms, mfu 4.31%
model:LGT723E iter 29190: loss 2.1025, time 1711.76ms, mfu 4.39%
------average encoder activity 2.090
-----------average decoder density 0.5085
step 29200: train loss 1.8993, val loss 2.0808
model:LGT723E iter 29200: loss 1.7413, time 26190.03ms, mfu 3.99%
model:LGT723E iter 29210: loss 2.0400, time 1711.12ms, mfu 4.11%
model:LGT723E iter 29220: loss 2.0723, time 1710.82ms, mfu 4.21%
model:LGT723E iter 29230: loss 2.2345, time 1710.65ms, mfu 4.31%
model:LGT723E iter 29240: loss 1.8712, time 1710.93ms, mfu 4.39%
------average encoder activity 2.091
-----------average decoder density 0.5046
step 29250: train loss 1.9101, val loss 2.0945
model:LGT723E iter 29250: loss 1.7817, time 26188.59ms, mfu 3.99%
model:LGT723E iter 29260: loss 1.9295, time 1710.62ms, mfu 4.11%
model:LGT723E iter 29270: loss 2.0262, time 1710.56ms, mfu 4.21%
model:LGT723E iter 29280: loss 1.7915, time 1717.75ms, mfu 4.31%
model:LGT723E iter 29290: loss 1.7257, time 1711.72ms, mfu 4.39%
------average encoder activity 2.090
-----------average decoder density 0.5106
step 29300: train loss 1.9039, val loss 2.0635
model:LGT723E iter 29300: loss 1.9779, time 26200.01ms, mfu 3.99%
model:LGT723E iter 29310: loss 2.0680, time 1712.89ms, mfu 4.10%
model:LGT723E iter 29320: loss 1.9383, time 1710.71ms, mfu 4.21%
model:LGT723E iter 29330: loss 2.2219, time 1710.92ms, mfu 4.31%
model:LGT723E iter 29340: loss 1.5789, time 1710.74ms, mfu 4.39%
------average encoder activity 2.091
-----------average decoder density 0.5075
step 29350: train loss 1.8790, val loss 2.0919
model:LGT723E iter 29350: loss 2.1870, time 26170.11ms, mfu 3.99%
model:LGT723E iter 29360: loss 2.1965, time 1710.59ms, mfu 4.11%
model:LGT723E iter 29370: loss 2.0956, time 1710.47ms, mfu 4.21%
model:LGT723E iter 29380: loss 1.6995, time 1710.86ms, mfu 4.31%
model:LGT723E iter 29390: loss 1.8242, time 1715.63ms, mfu 4.39%
------average encoder activity 2.089
-----------average decoder density 0.5207
step 29400: train loss 1.8855, val loss 2.0766
model:LGT723E iter 29400: loss 1.8482, time 26359.66ms, mfu 3.99%
model:LGT723E iter 29410: loss 2.1804, time 1709.32ms, mfu 4.11%
model:LGT723E iter 29420: loss 2.0183, time 1711.65ms, mfu 4.21%
model:LGT723E iter 29430: loss 2.0284, time 1712.15ms, mfu 4.31%
model:LGT723E iter 29440: loss 1.8512, time 1710.63ms, mfu 4.39%
------average encoder activity 2.089
-----------average decoder density 0.5093
Overriding config with config/train_novel_char3.py:
# train a miniature character-level shakespeare model
# good for debugging and playing on macbooks and such

out_dir = 'out-novel-char3'
eval_interval = 250 # keep frequent because we'll overfit
eval_iters = 200
log_interval = 10 # don't print too too often

# we expect to overfit on this small dataset, so only save when val improves
always_save_checkpoint = False

wandb_log = False # override via command line if you like
wandb_project = 'novel'
wandb_run_name = 'novel'

dataset = 'novel_char3'
gradient_accumulation_steps = 1
# gradient_accumulation_steps = 6
gradient_accumulation_steps = 12
# batch_size = 12
batch_size = 2
# batch_size = 1
# block_size = 256 # context of up to 256 previous characters
# block_size = 256 # context of up to 256 previous characters
# block_size = 64 # context of up to 256 previous characters
block_size = 1024 # context of up to 256 previous characters

# baby GPT model :)
n_layer = 6
n_head = 6
n_embd = 384
# n_embd = 182
dropout = 0.2

# learning_rate = 1e-3 # with baby networks can afford to go a bit higher
learning_rate = 1e-4 # with baby networks can afford to go a bit higher

# max_iters = 5000
# lr_decay_iters = 5000 # make equal to max_iters usually

max_iters = 500000
lr_decay_iters = 500000 # make equal to max_iters usually

min_lr = 1e-5 # learning_rate / 10 usually
beta2 = 0.99 # make a bit bigger because number of tokens per iter is small

warmup_iters = 100 # not super necessary potentially

# on macbook also add
# device = 'cpu'  # run on cpu only
# compile = False # do not torch compile the model
# init_from ='resume'


'''
python3 -u sample.py config/train_novel.py --out_dir=out-novel-word_CCM232_c85667cd6eadbcf772d23fa97827c506 --model=CCM232
python3 -u sample.py config/train_novel.py --out_dir=out-novel-word_CCM251_4bfeb7b3e1b9c46a2542bb9406173e22 --model=CCM251
python3 -u sample.py config/train_novel.py --out_dir=out-novel-word_CCM253_01b622029bb00e0dc9206cae3b0ab559 --model=CCM253 
python3 -u sample.py config/train_novel.py --out_dir=out-novel-word_CCM276_01b622029bb00e0dc9206cae3b0ab559 --model=CCM276
python3 -u sample.py config/train_novel.py --out_dir=out-novel-word_CCM278_a97bfe077b316033e3604831d5ad371e --model=CCM278
python3 -u sample.py config/train_novel.py --out_dir=out-novel-word_CCM305_52efa1def80492f81622f536ac701226 --model=CCM305


out-novel-word_CCM276_01b622029bb00e0dc9206cae3b0ab559

'''
#### python3 -u sample.py config/train_novel.py --out_dir=out-novel-word_CCM232_c85667cd6eadbcf772d23fa97827c506 --model=CCM232
Overriding: init_from = resume
Overriding: compile = False
Overriding: model = LGT723E
Overriding: n_layer = 70
Overriding: n_head = 12
Overriding: share_layer = False
Overriding: always_save_checkpoint = False
Overriding: max_iters = 2500999
Overriding: best_val_loss_force = 10.001
Overriding: min_lr = 1e-05
Overriding: dropout = 0.0
Overriding: eval_interval = 50
Overriding: force_resave = 0
Overriding: random_seed = 3
tokens per iteration will be: 24,576
found vocab_size = 73440 (inside data/novel_char3/meta.pkl)
out_dir: out-novel-char3_LGT723E_3d25ede0cfd080d9e35756b051dcef65
Resuming training from out-novel-char3_LGT723E_3d25ede0cfd080d9e35756b051dcef65
WARNING: using slow attention. Flash Attention requires PyTorch >= 2.0
WARNING: using slow attention. Flash Attention requires PyTorch >= 2.0
WARNING: using slow attention. Flash Attention requires PyTorch >= 2.0
WARNING: using slow attention. Flash Attention requires PyTorch >= 2.0
WARNING: using slow attention. Flash Attention requires PyTorch >= 2.0
WARNING: using slow attention. Flash Attention requires PyTorch >= 2.0
WARNING: using slow attention. Flash Attention requires PyTorch >= 2.0
WARNING: using slow attention. Flash Attention requires PyTorch >= 2.0
WARNING: using slow attention. Flash Attention requires PyTorch >= 2.0
WARNING: using slow attention. Flash Attention requires PyTorch >= 2.0
WARNING: using slow attention. Flash Attention requires PyTorch >= 2.0
WARNING: using slow attention. Flash Attention requires PyTorch >= 2.0
WARNING: using slow attention. Flash Attention requires PyTorch >= 2.0
WARNING: using slow attention. Flash Attention requires PyTorch >= 2.0
WARNING: using slow attention. Flash Attention requires PyTorch >= 2.0
WARNING: using slow attention. Flash Attention requires PyTorch >= 2.0
WARNING: using slow attention. Flash Attention requires PyTorch >= 2.0
WARNING: using slow attention. Flash Attention requires PyTorch >= 2.0
WARNING: using slow attention. Flash Attention requires PyTorch >= 2.0
WARNING: using slow attention. Flash Attention requires PyTorch >= 2.0
WARNING: using slow attention. Flash Attention requires PyTorch >= 2.0
WARNING: using slow attention. Flash Attention requires PyTorch >= 2.0
WARNING: using slow attention. Flash Attention requires PyTorch >= 2.0
WARNING: using slow attention. Flash Attention requires PyTorch >= 2.0
WARNING: using slow attention. Flash Attention requires PyTorch >= 2.0
WARNING: using slow attention. Flash Attention requires PyTorch >= 2.0
WARNING: using slow attention. Flash Attention requires PyTorch >= 2.0
WARNING: using slow attention. Flash Attention requires PyTorch >= 2.0
WARNING: using slow attention. Flash Attention requires PyTorch >= 2.0
WARNING: using slow attention. Flash Attention requires PyTorch >= 2.0
WARNING: using slow attention. Flash Attention requires PyTorch >= 2.0
WARNING: using slow attention. Flash Attention requires PyTorch >= 2.0
WARNING: using slow attention. Flash Attention requires PyTorch >= 2.0
WARNING: using slow attention. Flash Attention requires PyTorch >= 2.0
WARNING: using slow attention. Flash Attention requires PyTorch >= 2.0
num decayed parameter tensors: 178, with 111,869,184 parameters
num non-decayed parameter tensors: 109, with 20,671,873 parameters
using fused AdamW: True
------average encoder activity 2.090
-----------average decoder density 0.4983
step 28800: train loss 1.8889, val loss 2.1000
saving checkpoint to out-novel-char3_LGT723E_3d25ede0cfd080d9e35756b051dcef65
model:LGT723E iter 28800: loss 2.1412, time 27873.51ms, mfu -100.00%
model:LGT723E iter 28810: loss 1.9180, time 1713.99ms, mfu 5.16%
model:LGT723E iter 28820: loss 1.9750, time 1714.83ms, mfu 5.16%
model:LGT723E iter 28830: loss 2.1737, time 1714.30ms, mfu 5.16%
model:LGT723E iter 28840: loss 1.9123, time 1716.52ms, mfu 5.16%
------average encoder activity 2.090
-----------average decoder density 0.5290
step 28850: train loss 1.8949, val loss 2.0776
saving checkpoint to out-novel-char3_LGT723E_3d25ede0cfd080d9e35756b051dcef65
model:LGT723E iter 28850: loss 1.6210, time 27776.31ms, mfu 4.68%
model:LGT723E iter 28860: loss 1.9792, time 1715.27ms, mfu 4.72%
model:LGT723E iter 28870: loss 1.8422, time 1715.12ms, mfu 4.77%
model:LGT723E iter 28880: loss 2.0329, time 1716.56ms, mfu 4.81%
model:LGT723E iter 28890: loss 1.9006, time 1718.02ms, mfu 4.84%
------average encoder activity 2.091
-----------average decoder density 0.5320
step 28900: train loss 1.8870, val loss 2.0834
model:LGT723E iter 28900: loss 1.7311, time 26494.61ms, mfu 4.39%
model:LGT723E iter 28910: loss 1.8297, time 1717.69ms, mfu 4.46%
model:LGT723E iter 28920: loss 1.7505, time 1714.35ms, mfu 4.53%
model:LGT723E iter 28930: loss 1.8371, time 1716.40ms, mfu 4.60%
model:LGT723E iter 28940: loss 1.8374, time 1716.48ms, mfu 4.65%
------average encoder activity 2.093
-----------average decoder density 0.5279
step 28950: train loss 1.9126, val loss 2.0795
model:LGT723E iter 28950: loss 1.7914, time 26470.32ms, mfu 4.22%
model:LGT723E iter 28960: loss 1.5896, time 1715.93ms, mfu 4.31%
model:LGT723E iter 28970: loss 1.7829, time 1713.90ms, mfu 4.40%
model:LGT723E iter 28980: loss 2.1263, time 1713.98ms, mfu 4.47%
model:LGT723E iter 28990: loss 1.9621, time 1714.56ms, mfu 4.54%
------average encoder activity 2.091
-----------average decoder density 0.5209
step 29000: train loss 1.8722, val loss 2.0737
saving checkpoint to out-novel-char3_LGT723E_3d25ede0cfd080d9e35756b051dcef65
model:LGT723E iter 29000: loss 2.0214, time 27846.57ms, mfu 4.12%
model:LGT723E iter 29010: loss 1.7622, time 1721.86ms, mfu 4.22%
model:LGT723E iter 29020: loss 1.8471, time 1714.75ms, mfu 4.32%
model:LGT723E iter 29030: loss 1.7812, time 1733.17ms, mfu 4.39%
model:LGT723E iter 29040: loss 2.0207, time 1730.44ms, mfu 4.47%
------average encoder activity 2.091
-----------average decoder density 0.5109
step 29050: train loss 1.9019, val loss 2.0969
model:LGT723E iter 29050: loss 1.9284, time 26488.10ms, mfu 4.05%
model:LGT723E iter 29060: loss 2.0280, time 1726.49ms, mfu 4.16%
model:LGT723E iter 29070: loss 1.8544, time 1722.78ms, mfu 4.26%
model:LGT723E iter 29080: loss 2.1730, time 1715.40ms, mfu 4.35%
model:LGT723E iter 29090: loss 2.1819, time 1725.14ms, mfu 4.43%
------average encoder activity 2.090
-----------average decoder density 0.5153
step 29100: train loss 1.8915, val loss 2.0673
saving checkpoint to out-novel-char3_LGT723E_3d25ede0cfd080d9e35756b051dcef65
model:LGT723E iter 29100: loss 1.9164, time 27989.19ms, mfu 4.01%
model:LGT723E iter 29110: loss 1.7458, time 1718.27ms, mfu 4.13%
model:LGT723E iter 29120: loss 2.1526, time 1726.72ms, mfu 4.23%
model:LGT723E iter 29130: loss 2.2228, time 1714.26ms, mfu 4.32%
model:LGT723E iter 29140: loss 1.8316, time 1719.15ms, mfu 4.40%
------average encoder activity 2.089
-----------average decoder density 0.5463
step 29150: train loss 1.8904, val loss 2.0753
model:LGT723E iter 29150: loss 1.6358, time 26483.19ms, mfu 4.00%
model:LGT723E iter 29160: loss 1.7648, time 1715.40ms, mfu 4.11%
model:LGT723E iter 29170: loss 2.0874, time 1716.50ms, mfu 4.22%
model:LGT723E iter 29180: loss 1.7225, time 1714.00ms, mfu 4.31%
model:LGT723E iter 29190: loss 2.1581, time 1723.88ms, mfu 4.39%
------average encoder activity 2.089
-----------average decoder density 0.5193
step 29200: train loss 1.8735, val loss 2.0915
model:LGT723E iter 29200: loss 1.9747, time 26479.98ms, mfu 3.99%
model:LGT723E iter 29210: loss 1.6016, time 1713.88ms, mfu 4.10%
model:LGT723E iter 29220: loss 1.4925, time 1728.79ms, mfu 4.21%
model:LGT723E iter 29230: loss 1.7020, time 1727.31ms, mfu 4.30%
model:LGT723E iter 29240: loss 1.5885, time 1714.58ms, mfu 4.38%
------average encoder activity 2.091
-----------average decoder density 0.4932
step 29250: train loss 1.8791, val loss 2.1212
model:LGT723E iter 29250: loss 1.8749, time 26538.74ms, mfu 3.98%
model:LGT723E iter 29260: loss 2.1890, time 1713.44ms, mfu 4.10%
model:LGT723E iter 29270: loss 2.0153, time 1728.30ms, mfu 4.20%
model:LGT723E iter 29280: loss 1.8311, time 1717.22ms, mfu 4.29%
model:LGT723E iter 29290: loss 1.8514, time 1716.61ms, mfu 4.38%
------average encoder activity 2.091
-----------average decoder density 0.5216
step 29300: train loss 1.8919, val loss 2.0911
model:LGT723E iter 29300: loss 2.0012, time 26477.43ms, mfu 3.97%
model:LGT723E iter 29310: loss 2.1461, time 1713.34ms, mfu 4.09%
model:LGT723E iter 29320: loss 1.9106, time 1714.05ms, mfu 4.20%
model:LGT723E iter 29330: loss 1.6833, time 1717.64ms, mfu 4.30%
model:LGT723E iter 29340: loss 1.5062, time 1715.03ms, mfu 4.38%
------average encoder activity 2.090
-----------average decoder density 0.5167
step 29350: train loss 1.8880, val loss 2.0816
model:LGT723E iter 29350: loss 1.9537, time 26462.68ms, mfu 3.98%
model:LGT723E iter 29360: loss 2.0006, time 1714.47ms, mfu 4.09%
model:LGT723E iter 29370: loss 2.2568, time 1714.70ms, mfu 4.20%
model:LGT723E iter 29380: loss 1.8009, time 1714.85ms, mfu 4.30%
model:LGT723E iter 29390: loss 1.9243, time 1714.08ms, mfu 4.38%
------average encoder activity 2.091
-----------average decoder density 0.5026
step 29400: train loss 1.8957, val loss 2.0995
model:LGT723E iter 29400: loss 1.8183, time 26521.19ms, mfu 3.98%
model:LGT723E iter 29410: loss 2.0297, time 1714.91ms, mfu 4.10%
model:LGT723E iter 29420: loss 1.8421, time 1717.38ms, mfu 4.20%
model:LGT723E iter 29430: loss 2.2709, time 1714.16ms, mfu 4.30%
model:LGT723E iter 29440: loss 1.7752, time 1714.81ms, mfu 4.38%
------average encoder activity 2.090
-----------average decoder density 0.5072
step 29450: train loss 1.8652, val loss 2.0816
model:LGT723E iter 29450: loss 1.9624, time 26495.09ms, mfu 3.98%
model:LGT723E iter 29460: loss 1.9722, time 1718.93ms, mfu 4.10%
model:LGT723E iter 29470: loss 2.2152, time 1717.29ms, mfu 4.20%
model:LGT723E iter 29480: loss 1.8222, time 1712.66ms, mfu 4.30%
model:LGT723E iter 29490: loss 1.9180, time 1716.88ms, mfu 4.38%
------average encoder activity 2.089
-----------average decoder density 0.5232
step 29500: train loss 1.8898, val loss 2.0843
model:LGT723E iter 29500: loss 2.1402, time 26448.86ms, mfu 3.98%
model:LGT723E iter 29510: loss 1.8901, time 1715.17ms, mfu 4.10%
model:LGT723E iter 29520: loss 1.7561, time 1714.00ms, mfu 4.20%
model:LGT723E iter 29530: loss 1.6466, time 1713.60ms, mfu 4.30%
model:LGT723E iter 29540: loss 2.1145, time 1717.06ms, mfu 4.38%
------average encoder activity 2.088
-----------average decoder density 0.5021
step 29550: train loss 1.8937, val loss 2.0768
model:LGT723E iter 29550: loss 2.0448, time 26417.57ms, mfu 3.98%
model:LGT723E iter 29560: loss 1.7512, time 1716.11ms, mfu 4.10%
Overriding config with config/train_novel_char3.py:
# train a miniature character-level shakespeare model
# good for debugging and playing on macbooks and such

out_dir = 'out-novel-char3'
eval_interval = 250 # keep frequent because we'll overfit
eval_iters = 200
log_interval = 10 # don't print too too often

# we expect to overfit on this small dataset, so only save when val improves
always_save_checkpoint = False

wandb_log = False # override via command line if you like
wandb_project = 'novel'
wandb_run_name = 'novel'

dataset = 'novel_char3'
gradient_accumulation_steps = 1
# gradient_accumulation_steps = 6
gradient_accumulation_steps = 12
# batch_size = 12
batch_size = 2
# batch_size = 1
# block_size = 256 # context of up to 256 previous characters
# block_size = 256 # context of up to 256 previous characters
# block_size = 64 # context of up to 256 previous characters
block_size = 1024 # context of up to 256 previous characters

# baby GPT model :)
n_layer = 6
n_head = 6
n_embd = 384
# n_embd = 182
dropout = 0.2

# learning_rate = 1e-3 # with baby networks can afford to go a bit higher
learning_rate = 1e-4 # with baby networks can afford to go a bit higher

# max_iters = 5000
# lr_decay_iters = 5000 # make equal to max_iters usually

max_iters = 500000
lr_decay_iters = 500000 # make equal to max_iters usually

min_lr = 1e-5 # learning_rate / 10 usually
beta2 = 0.99 # make a bit bigger because number of tokens per iter is small

warmup_iters = 100 # not super necessary potentially

# on macbook also add
# device = 'cpu'  # run on cpu only
# compile = False # do not torch compile the model
# init_from ='resume'


'''
python3 -u sample.py config/train_novel.py --out_dir=out-novel-word_CCM232_c85667cd6eadbcf772d23fa97827c506 --model=CCM232
python3 -u sample.py config/train_novel.py --out_dir=out-novel-word_CCM251_4bfeb7b3e1b9c46a2542bb9406173e22 --model=CCM251
python3 -u sample.py config/train_novel.py --out_dir=out-novel-word_CCM253_01b622029bb00e0dc9206cae3b0ab559 --model=CCM253 
python3 -u sample.py config/train_novel.py --out_dir=out-novel-word_CCM276_01b622029bb00e0dc9206cae3b0ab559 --model=CCM276
python3 -u sample.py config/train_novel.py --out_dir=out-novel-word_CCM278_a97bfe077b316033e3604831d5ad371e --model=CCM278
python3 -u sample.py config/train_novel.py --out_dir=out-novel-word_CCM305_52efa1def80492f81622f536ac701226 --model=CCM305


out-novel-word_CCM276_01b622029bb00e0dc9206cae3b0ab559

'''
#### python3 -u sample.py config/train_novel.py --out_dir=out-novel-word_CCM232_c85667cd6eadbcf772d23fa97827c506 --model=CCM232
Overriding: init_from = resume
Overriding: compile = False
Overriding: model = LGT723E
Overriding: n_layer = 70
Overriding: n_head = 12
Overriding: share_layer = False
Overriding: always_save_checkpoint = True
Overriding: max_iters = 2500999
Overriding: best_val_loss_force = 10.001
Overriding: min_lr = 1e-05
Overriding: dropout = 0.0
Overriding: eval_interval = 100
Overriding: force_resave = 0
Overriding: random_seed = 3
tokens per iteration will be: 24,576
found vocab_size = 73440 (inside data/novel_char3/meta.pkl)
out_dir: out-novel-char3_LGT723E_3d25ede0cfd080d9e35756b051dcef65
Resuming training from out-novel-char3_LGT723E_3d25ede0cfd080d9e35756b051dcef65
WARNING: using slow attention. Flash Attention requires PyTorch >= 2.0
WARNING: using slow attention. Flash Attention requires PyTorch >= 2.0
WARNING: using slow attention. Flash Attention requires PyTorch >= 2.0
WARNING: using slow attention. Flash Attention requires PyTorch >= 2.0
WARNING: using slow attention. Flash Attention requires PyTorch >= 2.0
WARNING: using slow attention. Flash Attention requires PyTorch >= 2.0
WARNING: using slow attention. Flash Attention requires PyTorch >= 2.0
WARNING: using slow attention. Flash Attention requires PyTorch >= 2.0
WARNING: using slow attention. Flash Attention requires PyTorch >= 2.0
WARNING: using slow attention. Flash Attention requires PyTorch >= 2.0
WARNING: using slow attention. Flash Attention requires PyTorch >= 2.0
WARNING: using slow attention. Flash Attention requires PyTorch >= 2.0
WARNING: using slow attention. Flash Attention requires PyTorch >= 2.0
WARNING: using slow attention. Flash Attention requires PyTorch >= 2.0
WARNING: using slow attention. Flash Attention requires PyTorch >= 2.0
WARNING: using slow attention. Flash Attention requires PyTorch >= 2.0
WARNING: using slow attention. Flash Attention requires PyTorch >= 2.0
WARNING: using slow attention. Flash Attention requires PyTorch >= 2.0
WARNING: using slow attention. Flash Attention requires PyTorch >= 2.0
WARNING: using slow attention. Flash Attention requires PyTorch >= 2.0
WARNING: using slow attention. Flash Attention requires PyTorch >= 2.0
WARNING: using slow attention. Flash Attention requires PyTorch >= 2.0
WARNING: using slow attention. Flash Attention requires PyTorch >= 2.0
WARNING: using slow attention. Flash Attention requires PyTorch >= 2.0
WARNING: using slow attention. Flash Attention requires PyTorch >= 2.0
WARNING: using slow attention. Flash Attention requires PyTorch >= 2.0
WARNING: using slow attention. Flash Attention requires PyTorch >= 2.0
WARNING: using slow attention. Flash Attention requires PyTorch >= 2.0
WARNING: using slow attention. Flash Attention requires PyTorch >= 2.0
WARNING: using slow attention. Flash Attention requires PyTorch >= 2.0
WARNING: using slow attention. Flash Attention requires PyTorch >= 2.0
WARNING: using slow attention. Flash Attention requires PyTorch >= 2.0
WARNING: using slow attention. Flash Attention requires PyTorch >= 2.0
WARNING: using slow attention. Flash Attention requires PyTorch >= 2.0
WARNING: using slow attention. Flash Attention requires PyTorch >= 2.0
num decayed parameter tensors: 178, with 111,869,184 parameters
num non-decayed parameter tensors: 109, with 20,671,873 parameters
using fused AdamW: True
------average encoder activity 2.090
-----------average decoder density 0.4992
step 29100: train loss 1.8864, val loss 2.0977
saving checkpoint to out-novel-char3_LGT723E_3d25ede0cfd080d9e35756b051dcef65
model:LGT723E iter 29100: loss 2.0261, time 28009.59ms, mfu -100.00%
model:LGT723E iter 29110: loss 1.8389, time 1713.93ms, mfu 5.16%
model:LGT723E iter 29120: loss 1.8824, time 1730.62ms, mfu 5.16%
model:LGT723E iter 29130: loss 2.0335, time 1718.50ms, mfu 5.15%
model:LGT723E iter 29140: loss 1.8255, time 1714.76ms, mfu 5.15%
model:LGT723E iter 29150: loss 1.6037, time 1732.81ms, mfu 5.15%
model:LGT723E iter 29160: loss 1.7341, time 1718.42ms, mfu 5.15%
model:LGT723E iter 29170: loss 1.9733, time 1722.83ms, mfu 5.15%
model:LGT723E iter 29180: loss 1.5771, time 1717.00ms, mfu 5.15%
model:LGT723E iter 29190: loss 2.0864, time 1725.84ms, mfu 5.15%
------average encoder activity 2.088
-----------average decoder density 0.5047
step 29200: train loss 1.8097, val loss 2.0902
saving checkpoint to out-novel-char3_LGT723E_3d25ede0cfd080d9e35756b051dcef65
model:LGT723E iter 29200: loss 1.8769, time 27976.38ms, mfu 4.66%
model:LGT723E iter 29210: loss 1.9073, time 1749.10ms, mfu 4.70%
model:LGT723E iter 29220: loss 1.7700, time 1748.50ms, mfu 4.74%
model:LGT723E iter 29230: loss 1.8470, time 1803.18ms, mfu 4.75%
model:LGT723E iter 29240: loss 1.9191, time 1718.41ms, mfu 4.79%
model:LGT723E iter 29250: loss 1.4928, time 1722.74ms, mfu 4.83%
model:LGT723E iter 29260: loss 1.8288, time 1721.10ms, mfu 4.86%
model:LGT723E iter 29270: loss 1.8344, time 1727.04ms, mfu 4.89%
model:LGT723E iter 29280: loss 1.6510, time 1718.31ms, mfu 4.91%
model:LGT723E iter 29290: loss 2.2591, time 1718.44ms, mfu 4.93%
------average encoder activity 2.089
-----------average decoder density 0.5060
step 29300: train loss 1.9004, val loss 2.1010
saving checkpoint to out-novel-char3_LGT723E_3d25ede0cfd080d9e35756b051dcef65
model:LGT723E iter 29300: loss 1.7115, time 28059.17ms, mfu 4.47%
model:LGT723E iter 29310: loss 1.5849, time 1724.69ms, mfu 4.54%
model:LGT723E iter 29320: loss 1.6293, time 1727.15ms, mfu 4.60%
model:LGT723E iter 29330: loss 2.1192, time 1720.42ms, mfu 4.65%
model:LGT723E iter 29340: loss 1.7068, time 1718.88ms, mfu 4.70%
model:LGT723E iter 29350: loss 1.9581, time 1722.34ms, mfu 4.74%
model:LGT723E iter 29360: loss 1.7192, time 1724.45ms, mfu 4.78%
model:LGT723E iter 29370: loss 1.9051, time 1775.11ms, mfu 4.80%
model:LGT723E iter 29380: loss 1.5432, time 1722.20ms, mfu 4.84%
model:LGT723E iter 29390: loss 1.6560, time 1719.67ms, mfu 4.87%
------average encoder activity 2.091
-----------average decoder density 0.5015
step 29400: train loss 1.8058, val loss 2.0917
saving checkpoint to out-novel-char3_LGT723E_3d25ede0cfd080d9e35756b051dcef65
model:LGT723E iter 29400: loss 2.1555, time 28074.52ms, mfu 4.41%
model:LGT723E iter 29410: loss 2.0294, time 1718.18ms, mfu 4.49%
model:LGT723E iter 29420: loss 1.9123, time 1713.95ms, mfu 4.55%
model:LGT723E iter 29430: loss 1.8194, time 1717.80ms, mfu 4.61%
model:LGT723E iter 29440: loss 1.9364, time 1717.70ms, mfu 4.67%
model:LGT723E iter 29450: loss 1.9952, time 1717.81ms, mfu 4.71%
model:LGT723E iter 29460: loss 1.4701, time 1717.89ms, mfu 4.76%
model:LGT723E iter 29470: loss 2.2814, time 1716.77ms, mfu 4.80%
model:LGT723E iter 29480: loss 1.9857, time 1726.17ms, mfu 4.83%
model:LGT723E iter 29490: loss 2.0231, time 1716.41ms, mfu 4.86%
------average encoder activity 2.089
-----------average decoder density 0.5218
step 29500: train loss 1.8865, val loss 2.0991
saving checkpoint to out-novel-char3_LGT723E_3d25ede0cfd080d9e35756b051dcef65
model:LGT723E iter 29500: loss 2.0379, time 28110.92ms, mfu 4.41%
model:LGT723E iter 29510: loss 1.8320, time 1720.83ms, mfu 4.48%
model:LGT723E iter 29520: loss 1.9661, time 1717.98ms, mfu 4.55%
model:LGT723E iter 29530: loss 1.7494, time 1716.93ms, mfu 4.61%
model:LGT723E iter 29540: loss 2.2865, time 1718.47ms, mfu 4.66%
model:LGT723E iter 29550: loss 1.6580, time 1717.71ms, mfu 4.71%
model:LGT723E iter 29560: loss 1.7836, time 1718.52ms, mfu 4.75%
model:LGT723E iter 29570: loss 2.0293, time 1723.82ms, mfu 4.79%
model:LGT723E iter 29580: loss 1.7446, time 1722.97ms, mfu 4.83%
model:LGT723E iter 29590: loss 2.1224, time 1723.18ms, mfu 4.86%
------average encoder activity 2.090
-----------average decoder density 0.5190
step 29600: train loss 1.8724, val loss 2.0948
saving checkpoint to out-novel-char3_LGT723E_3d25ede0cfd080d9e35756b051dcef65
model:LGT723E iter 29600: loss 1.9054, time 28201.80ms, mfu 4.40%
model:LGT723E iter 29610: loss 1.6188, time 1732.22ms, mfu 4.47%
model:LGT723E iter 29620: loss 1.4820, time 1720.84ms, mfu 4.54%
model:LGT723E iter 29630: loss 1.7083, time 1722.16ms, mfu 4.60%
model:LGT723E iter 29640: loss 1.5926, time 1717.77ms, mfu 4.65%
model:LGT723E iter 29650: loss 2.1508, time 1719.89ms, mfu 4.70%
model:LGT723E iter 29660: loss 1.9286, time 1720.05ms, mfu 4.75%
model:LGT723E iter 29670: loss 1.8311, time 1723.52ms, mfu 4.79%
model:LGT723E iter 29680: loss 1.8135, time 1719.51ms, mfu 4.82%
model:LGT723E iter 29690: loss 1.8823, time 1718.84ms, mfu 4.85%
------average encoder activity 2.090
-----------average decoder density 0.5024
step 29700: train loss 1.8764, val loss 2.0889
saving checkpoint to out-novel-char3_LGT723E_3d25ede0cfd080d9e35756b051dcef65
model:LGT723E iter 29700: loss 2.1738, time 28208.78ms, mfu 4.40%
model:LGT723E iter 29710: loss 1.8784, time 1717.72ms, mfu 4.47%
model:LGT723E iter 29720: loss 1.7691, time 1728.64ms, mfu 4.54%
model:LGT723E iter 29730: loss 1.6374, time 1726.61ms, mfu 4.60%
model:LGT723E iter 29740: loss 1.9930, time 1718.10ms, mfu 4.65%
model:LGT723E iter 29750: loss 1.7720, time 1727.33ms, mfu 4.70%
model:LGT723E iter 29760: loss 1.7209, time 1724.35ms, mfu 4.74%
model:LGT723E iter 29770: loss 1.9765, time 1724.09ms, mfu 4.78%
model:LGT723E iter 29780: loss 1.7871, time 1722.67ms, mfu 4.82%
model:LGT723E iter 29790: loss 1.6899, time 1717.57ms, mfu 4.85%
------average encoder activity 2.090
-----------average decoder density 0.5042
step 29800: train loss 1.8843, val loss 2.0711
saving checkpoint to out-novel-char3_LGT723E_3d25ede0cfd080d9e35756b051dcef65
model:LGT723E iter 29800: loss 1.9250, time 28061.60ms, mfu 4.40%
model:LGT723E iter 29810: loss 1.6417, time 1720.63ms, mfu 4.47%
model:LGT723E iter 29820: loss 1.9311, time 1718.45ms, mfu 4.54%
model:LGT723E iter 29830: loss 2.0614, time 1729.56ms, mfu 4.60%
model:LGT723E iter 29840: loss 1.9644, time 1732.03ms, mfu 4.65%
model:LGT723E iter 29850: loss 1.8048, time 1747.26ms, mfu 4.69%
model:LGT723E iter 29860: loss 1.5655, time 1726.53ms, mfu 4.73%
model:LGT723E iter 29870: loss 1.7882, time 1729.56ms, mfu 4.77%
model:LGT723E iter 29880: loss 1.5544, time 1728.40ms, mfu 4.80%
model:LGT723E iter 29890: loss 2.1298, time 1743.06ms, mfu 4.83%
------average encoder activity 2.088
-----------average decoder density 0.5296
step 29900: train loss 1.8765, val loss 2.0973
saving checkpoint to out-novel-char3_LGT723E_3d25ede0cfd080d9e35756b051dcef65
model:LGT723E iter 29900: loss 1.7149, time 28795.00ms, mfu 4.38%
model:LGT723E iter 29910: loss 1.7094, time 1726.66ms, mfu 4.45%
model:LGT723E iter 29920: loss 1.8256, time 1734.38ms, mfu 4.52%
model:LGT723E iter 29930: loss 1.6625, time 1734.50ms, mfu 4.58%
model:LGT723E iter 29940: loss 1.7995, time 1732.70ms, mfu 4.63%
model:LGT723E iter 29950: loss 1.3657, time 1730.25ms, mfu 4.68%
model:LGT723E iter 29960: loss 2.1473, time 1735.29ms, mfu 4.72%
model:LGT723E iter 29970: loss 1.6987, time 1726.43ms, mfu 4.76%
model:LGT723E iter 29980: loss 1.7931, time 1717.75ms, mfu 4.80%
model:LGT723E iter 29990: loss 1.7536, time 1720.82ms, mfu 4.83%
------average encoder activity 2.089
-----------average decoder density 0.5178
step 30000: train loss 1.8932, val loss 2.0913
saving checkpoint to out-novel-char3_LGT723E_3d25ede0cfd080d9e35756b051dcef65
model:LGT723E iter 30000: loss 1.8698, time 28041.53ms, mfu 4.38%
model:LGT723E iter 30010: loss 2.0744, time 1721.65ms, mfu 4.46%
model:LGT723E iter 30020: loss 1.8083, time 1727.74ms, mfu 4.52%
model:LGT723E iter 30030: loss 1.6354, time 1721.49ms, mfu 4.58%
model:LGT723E iter 30040: loss 1.8210, time 1725.62ms, mfu 4.64%
model:LGT723E iter 30050: loss 2.0439, time 1719.76ms, mfu 4.69%
model:LGT723E iter 30060: loss 1.7495, time 1715.66ms, mfu 4.74%
model:LGT723E iter 30070: loss 1.7954, time 1717.72ms, mfu 4.78%
model:LGT723E iter 30080: loss 1.7478, time 1718.76ms, mfu 4.81%
model:LGT723E iter 30090: loss 1.9050, time 1723.01ms, mfu 4.85%
------average encoder activity 2.087
-----------average decoder density 0.5036
step 30100: train loss 1.8797, val loss 2.0822
saving checkpoint to out-novel-char3_LGT723E_3d25ede0cfd080d9e35756b051dcef65
model:LGT723E iter 30100: loss 1.9157, time 28056.93ms, mfu 4.39%
model:LGT723E iter 30110: loss 1.6610, time 1719.46ms, mfu 4.47%
model:LGT723E iter 30120: loss 1.9725, time 1729.71ms, mfu 4.53%
model:LGT723E iter 30130: loss 1.6685, time 1721.08ms, mfu 4.59%
model:LGT723E iter 30140: loss 1.7816, time 1724.10ms, mfu 4.65%
model:LGT723E iter 30150: loss 2.0795, time 1718.36ms, mfu 4.70%
model:LGT723E iter 30160: loss 2.0212, time 1720.85ms, mfu 4.74%
model:LGT723E iter 30170: loss 1.8572, time 1717.50ms, mfu 4.78%
model:LGT723E iter 30180: loss 1.7091, time 1719.36ms, mfu 4.82%
model:LGT723E iter 30190: loss 2.1868, time 1720.74ms, mfu 4.85%
------average encoder activity 2.087
-----------average decoder density 0.5129
step 30200: train loss 1.8945, val loss 2.0628
saving checkpoint to out-novel-char3_LGT723E_3d25ede0cfd080d9e35756b051dcef65
model:LGT723E iter 30200: loss 1.7759, time 28260.37ms, mfu 4.40%
model:LGT723E iter 30210: loss 1.9267, time 1719.99ms, mfu 4.47%
model:LGT723E iter 30220: loss 1.8340, time 1718.53ms, mfu 4.54%
model:LGT723E iter 30230: loss 1.9525, time 1719.22ms, mfu 4.60%
model:LGT723E iter 30240: loss 2.1271, time 1720.55ms, mfu 4.65%
model:LGT723E iter 30250: loss 1.8860, time 1718.33ms, mfu 4.70%
model:LGT723E iter 30260: loss 1.7058, time 1727.39ms, mfu 4.74%
model:LGT723E iter 30270: loss 1.7035, time 1717.15ms, mfu 4.79%
model:LGT723E iter 30280: loss 1.8794, time 1717.00ms, mfu 4.82%
model:LGT723E iter 30290: loss 1.9926, time 1720.07ms, mfu 4.85%
------average encoder activity 2.086
-----------average decoder density 0.5245
step 30300: train loss 1.8677, val loss 2.0744
saving checkpoint to out-novel-char3_LGT723E_3d25ede0cfd080d9e35756b051dcef65
model:LGT723E iter 30300: loss 1.9183, time 28168.76ms, mfu 4.40%
model:LGT723E iter 30310: loss 1.9450, time 1718.43ms, mfu 4.47%
model:LGT723E iter 30320: loss 2.0297, time 1719.46ms, mfu 4.54%
Overriding config with config/train_novel_char3.py:
# train a miniature character-level shakespeare model
# good for debugging and playing on macbooks and such

out_dir = 'out-novel-char3'
eval_interval = 250 # keep frequent because we'll overfit
eval_iters = 200
log_interval = 10 # don't print too too often

# we expect to overfit on this small dataset, so only save when val improves
always_save_checkpoint = False

wandb_log = False # override via command line if you like
wandb_project = 'novel'
wandb_run_name = 'novel'

dataset = 'novel_char3'
gradient_accumulation_steps = 1
# gradient_accumulation_steps = 6
# gradient_accumulation_steps = 12
gradient_accumulation_steps = 48
# batch_size = 12
batch_size = 3
# batch_size = 1
# block_size = 256 # context of up to 256 previous characters
# block_size = 256 # context of up to 256 previous characters
# block_size = 64 # context of up to 256 previous characters
block_size = 1024 # context of up to 256 previous characters

# baby GPT model :)
n_layer = 6
n_head = 6
n_embd = 384
# n_embd = 182
dropout = 0.2

# learning_rate = 1e-3 # with baby networks can afford to go a bit higher
learning_rate = 1e-4 # with baby networks can afford to go a bit higher

# max_iters = 5000
# lr_decay_iters = 5000 # make equal to max_iters usually

max_iters = 500000
lr_decay_iters = 500000 # make equal to max_iters usually

min_lr = 1e-5 # learning_rate / 10 usually
beta2 = 0.99 # make a bit bigger because number of tokens per iter is small

warmup_iters = 100 # not super necessary potentially

# on macbook also add
# device = 'cpu'  # run on cpu only
# compile = False # do not torch compile the model
# init_from ='resume'


'''
python3 -u sample.py config/train_novel.py --out_dir=out-novel-word_CCM232_c85667cd6eadbcf772d23fa97827c506 --model=CCM232
python3 -u sample.py config/train_novel.py --out_dir=out-novel-word_CCM251_4bfeb7b3e1b9c46a2542bb9406173e22 --model=CCM251
python3 -u sample.py config/train_novel.py --out_dir=out-novel-word_CCM253_01b622029bb00e0dc9206cae3b0ab559 --model=CCM253 
python3 -u sample.py config/train_novel.py --out_dir=out-novel-word_CCM276_01b622029bb00e0dc9206cae3b0ab559 --model=CCM276
python3 -u sample.py config/train_novel.py --out_dir=out-novel-word_CCM278_a97bfe077b316033e3604831d5ad371e --model=CCM278
python3 -u sample.py config/train_novel.py --out_dir=out-novel-word_CCM305_52efa1def80492f81622f536ac701226 --model=CCM305


out-novel-word_CCM276_01b622029bb00e0dc9206cae3b0ab559

'''
#### python3 -u sample.py config/train_novel.py --out_dir=out-novel-word_CCM232_c85667cd6eadbcf772d23fa97827c506 --model=CCM232
Overriding: init_from = resume
Overriding: compile = False
Overriding: model = LGT723E
Overriding: n_layer = 70
Overriding: n_head = 12
Overriding: share_layer = False
Overriding: always_save_checkpoint = True
Overriding: max_iters = 2500999
Overriding: best_val_loss_force = 10.001
Overriding: min_lr = 1e-05
Overriding: dropout = 0.0
Overriding: eval_interval = 50
Overriding: force_resave = 0
Overriding: random_seed = 3
tokens per iteration will be: 147,456
found vocab_size = 73440 (inside data/novel_char3/meta.pkl)
out_dir: out-novel-char3_LGT723E_3d25ede0cfd080d9e35756b051dcef65
Resuming training from out-novel-char3_LGT723E_3d25ede0cfd080d9e35756b051dcef65
WARNING: using slow attention. Flash Attention requires PyTorch >= 2.0
WARNING: using slow attention. Flash Attention requires PyTorch >= 2.0
WARNING: using slow attention. Flash Attention requires PyTorch >= 2.0
WARNING: using slow attention. Flash Attention requires PyTorch >= 2.0
WARNING: using slow attention. Flash Attention requires PyTorch >= 2.0
WARNING: using slow attention. Flash Attention requires PyTorch >= 2.0
WARNING: using slow attention. Flash Attention requires PyTorch >= 2.0
WARNING: using slow attention. Flash Attention requires PyTorch >= 2.0
WARNING: using slow attention. Flash Attention requires PyTorch >= 2.0
WARNING: using slow attention. Flash Attention requires PyTorch >= 2.0
WARNING: using slow attention. Flash Attention requires PyTorch >= 2.0
WARNING: using slow attention. Flash Attention requires PyTorch >= 2.0
WARNING: using slow attention. Flash Attention requires PyTorch >= 2.0
WARNING: using slow attention. Flash Attention requires PyTorch >= 2.0
WARNING: using slow attention. Flash Attention requires PyTorch >= 2.0
WARNING: using slow attention. Flash Attention requires PyTorch >= 2.0
WARNING: using slow attention. Flash Attention requires PyTorch >= 2.0
WARNING: using slow attention. Flash Attention requires PyTorch >= 2.0
WARNING: using slow attention. Flash Attention requires PyTorch >= 2.0
WARNING: using slow attention. Flash Attention requires PyTorch >= 2.0
WARNING: using slow attention. Flash Attention requires PyTorch >= 2.0
WARNING: using slow attention. Flash Attention requires PyTorch >= 2.0
WARNING: using slow attention. Flash Attention requires PyTorch >= 2.0
WARNING: using slow attention. Flash Attention requires PyTorch >= 2.0
WARNING: using slow attention. Flash Attention requires PyTorch >= 2.0
WARNING: using slow attention. Flash Attention requires PyTorch >= 2.0
WARNING: using slow attention. Flash Attention requires PyTorch >= 2.0
WARNING: using slow attention. Flash Attention requires PyTorch >= 2.0
WARNING: using slow attention. Flash Attention requires PyTorch >= 2.0
WARNING: using slow attention. Flash Attention requires PyTorch >= 2.0
WARNING: using slow attention. Flash Attention requires PyTorch >= 2.0
WARNING: using slow attention. Flash Attention requires PyTorch >= 2.0
WARNING: using slow attention. Flash Attention requires PyTorch >= 2.0
WARNING: using slow attention. Flash Attention requires PyTorch >= 2.0
WARNING: using slow attention. Flash Attention requires PyTorch >= 2.0
num decayed parameter tensors: 178, with 111,869,184 parameters
num non-decayed parameter tensors: 109, with 20,671,873 parameters
using fused AdamW: True
------average encoder activity 2.086
-----------average decoder density 0.5184
Traceback (most recent call last):
  File "train.py", line 313, in <module>
    losses = estimate_loss()
  File "train.py", line 272, in estimate_loss
    logits, loss = model(X, Y)
  File "/root/miniconda3/lib/python3.8/site-packages/torch/nn/modules/module.py", line 1501, in _call_impl
    return forward_call(*args, **kwargs)
  File "/root/ccm/model.py", line 51488, in forward
    logits, lpy, vmsq = self._decode_with_prefix(
  File "/root/ccm/model.py", line 51240, in _decode_with_prefix
    x,vmsqd = block(x,x, vlora=prefix1[:,i:i+1], vlora_att=prefix1[:,i:i+1], return_gates=True, mlp_mask = mlp_mask[i])
  File "/root/miniconda3/lib/python3.8/site-packages/torch/nn/modules/module.py", line 1501, in _call_impl
    return forward_call(*args, **kwargs)
  File "/root/ccm/model.py", line 46038, in forward
    v_attn = self.attn(self.ln_1(attn_x),self.ln_1(x0), vlora = vlora_att)
  File "/root/miniconda3/lib/python3.8/site-packages/torch/nn/modules/module.py", line 1501, in _call_impl
    return forward_call(*args, **kwargs)
  File "/root/ccm/model.py", line 15952, in forward
    att = (q @ k.transpose(-2, -1)) * (1.0 / math.sqrt(k.size(-1)))
torch.cuda.OutOfMemoryError: CUDA out of memory. Tried to allocate 74.00 MiB (GPU 0; 23.64 GiB total capacity; 22.92 GiB already allocated; 63.69 MiB free; 23.12 GiB reserved in total by PyTorch) If reserved memory is >> allocated memory try setting max_split_size_mb to avoid fragmentation.  See documentation for Memory Management and PYTORCH_CUDA_ALLOC_CONF
Overriding config with config/train_novel_char3.py:
# train a miniature character-level shakespeare model
# good for debugging and playing on macbooks and such

out_dir = 'out-novel-char3'
eval_interval = 250 # keep frequent because we'll overfit
eval_iters = 200
log_interval = 10 # don't print too too often

# we expect to overfit on this small dataset, so only save when val improves
always_save_checkpoint = False

wandb_log = False # override via command line if you like
wandb_project = 'novel'
wandb_run_name = 'novel'

dataset = 'novel_char3'
gradient_accumulation_steps = 1
# gradient_accumulation_steps = 6
# gradient_accumulation_steps = 12
gradient_accumulation_steps = 48
# batch_size = 12
batch_size = 2
# batch_size = 1
# block_size = 256 # context of up to 256 previous characters
# block_size = 256 # context of up to 256 previous characters
# block_size = 64 # context of up to 256 previous characters
block_size = 1024 # context of up to 256 previous characters

# baby GPT model :)
n_layer = 6
n_head = 6
n_embd = 384
# n_embd = 182
dropout = 0.2

# learning_rate = 1e-3 # with baby networks can afford to go a bit higher
learning_rate = 1e-4 # with baby networks can afford to go a bit higher

# max_iters = 5000
# lr_decay_iters = 5000 # make equal to max_iters usually

max_iters = 500000
lr_decay_iters = 500000 # make equal to max_iters usually

min_lr = 1e-5 # learning_rate / 10 usually
beta2 = 0.99 # make a bit bigger because number of tokens per iter is small

warmup_iters = 100 # not super necessary potentially

# on macbook also add
# device = 'cpu'  # run on cpu only
# compile = False # do not torch compile the model
# init_from ='resume'


'''
python3 -u sample.py config/train_novel.py --out_dir=out-novel-word_CCM232_c85667cd6eadbcf772d23fa97827c506 --model=CCM232
python3 -u sample.py config/train_novel.py --out_dir=out-novel-word_CCM251_4bfeb7b3e1b9c46a2542bb9406173e22 --model=CCM251
python3 -u sample.py config/train_novel.py --out_dir=out-novel-word_CCM253_01b622029bb00e0dc9206cae3b0ab559 --model=CCM253 
python3 -u sample.py config/train_novel.py --out_dir=out-novel-word_CCM276_01b622029bb00e0dc9206cae3b0ab559 --model=CCM276
python3 -u sample.py config/train_novel.py --out_dir=out-novel-word_CCM278_a97bfe077b316033e3604831d5ad371e --model=CCM278
python3 -u sample.py config/train_novel.py --out_dir=out-novel-word_CCM305_52efa1def80492f81622f536ac701226 --model=CCM305


out-novel-word_CCM276_01b622029bb00e0dc9206cae3b0ab559

'''
#### python3 -u sample.py config/train_novel.py --out_dir=out-novel-word_CCM232_c85667cd6eadbcf772d23fa97827c506 --model=CCM232
Overriding: init_from = resume
Overriding: compile = False
Overriding: model = LGT723E
Overriding: n_layer = 70
Overriding: n_head = 12
Overriding: share_layer = False
Overriding: always_save_checkpoint = True
Overriding: max_iters = 2500999
Overriding: best_val_loss_force = 10.001
Overriding: min_lr = 1e-05
Overriding: dropout = 0.0
Overriding: eval_interval = 50
Overriding: force_resave = 0
Overriding: random_seed = 3
tokens per iteration will be: 98,304
found vocab_size = 73440 (inside data/novel_char3/meta.pkl)
out_dir: out-novel-char3_LGT723E_3d25ede0cfd080d9e35756b051dcef65
Resuming training from out-novel-char3_LGT723E_3d25ede0cfd080d9e35756b051dcef65
WARNING: using slow attention. Flash Attention requires PyTorch >= 2.0
WARNING: using slow attention. Flash Attention requires PyTorch >= 2.0
WARNING: using slow attention. Flash Attention requires PyTorch >= 2.0
WARNING: using slow attention. Flash Attention requires PyTorch >= 2.0
WARNING: using slow attention. Flash Attention requires PyTorch >= 2.0
WARNING: using slow attention. Flash Attention requires PyTorch >= 2.0
WARNING: using slow attention. Flash Attention requires PyTorch >= 2.0
WARNING: using slow attention. Flash Attention requires PyTorch >= 2.0
WARNING: using slow attention. Flash Attention requires PyTorch >= 2.0
WARNING: using slow attention. Flash Attention requires PyTorch >= 2.0
WARNING: using slow attention. Flash Attention requires PyTorch >= 2.0
WARNING: using slow attention. Flash Attention requires PyTorch >= 2.0
WARNING: using slow attention. Flash Attention requires PyTorch >= 2.0
WARNING: using slow attention. Flash Attention requires PyTorch >= 2.0
WARNING: using slow attention. Flash Attention requires PyTorch >= 2.0
WARNING: using slow attention. Flash Attention requires PyTorch >= 2.0
WARNING: using slow attention. Flash Attention requires PyTorch >= 2.0
WARNING: using slow attention. Flash Attention requires PyTorch >= 2.0
WARNING: using slow attention. Flash Attention requires PyTorch >= 2.0
WARNING: using slow attention. Flash Attention requires PyTorch >= 2.0
WARNING: using slow attention. Flash Attention requires PyTorch >= 2.0
WARNING: using slow attention. Flash Attention requires PyTorch >= 2.0
WARNING: using slow attention. Flash Attention requires PyTorch >= 2.0
WARNING: using slow attention. Flash Attention requires PyTorch >= 2.0
WARNING: using slow attention. Flash Attention requires PyTorch >= 2.0
WARNING: using slow attention. Flash Attention requires PyTorch >= 2.0
WARNING: using slow attention. Flash Attention requires PyTorch >= 2.0
WARNING: using slow attention. Flash Attention requires PyTorch >= 2.0
WARNING: using slow attention. Flash Attention requires PyTorch >= 2.0
WARNING: using slow attention. Flash Attention requires PyTorch >= 2.0
WARNING: using slow attention. Flash Attention requires PyTorch >= 2.0
WARNING: using slow attention. Flash Attention requires PyTorch >= 2.0
WARNING: using slow attention. Flash Attention requires PyTorch >= 2.0
WARNING: using slow attention. Flash Attention requires PyTorch >= 2.0
WARNING: using slow attention. Flash Attention requires PyTorch >= 2.0
num decayed parameter tensors: 178, with 111,869,184 parameters
num non-decayed parameter tensors: 109, with 20,671,873 parameters
using fused AdamW: True
------average encoder activity 2.086
-----------average decoder density 0.5014
step 30300: train loss 1.8672, val loss 2.0889
saving checkpoint to out-novel-char3_LGT723E_3d25ede0cfd080d9e35756b051dcef65
model:LGT723E iter 30300: loss 1.5090, time 32882.43ms, mfu -100.00%
model:LGT723E iter 30310: loss 1.6319, time 6823.53ms, mfu 5.18%
Overriding config with config/train_novel_char3.py:
# train a miniature character-level shakespeare model
# good for debugging and playing on macbooks and such

out_dir = 'out-novel-char3'
eval_interval = 250 # keep frequent because we'll overfit
eval_iters = 200
log_interval = 10 # don't print too too often

# we expect to overfit on this small dataset, so only save when val improves
always_save_checkpoint = False

wandb_log = False # override via command line if you like
wandb_project = 'novel'
wandb_run_name = 'novel'

dataset = 'novel_char3'
gradient_accumulation_steps = 1
# gradient_accumulation_steps = 6
# gradient_accumulation_steps = 12
gradient_accumulation_steps = 24
# gradient_accumulation_steps = 48
# batch_size = 12
batch_size = 2
# batch_size = 1
# block_size = 256 # context of up to 256 previous characters
# block_size = 256 # context of up to 256 previous characters
# block_size = 64 # context of up to 256 previous characters
block_size = 1024 # context of up to 256 previous characters

# baby GPT model :)
n_layer = 6
n_head = 6
n_embd = 384
# n_embd = 182
dropout = 0.2

# learning_rate = 1e-3 # with baby networks can afford to go a bit higher
learning_rate = 1e-4 # with baby networks can afford to go a bit higher

# max_iters = 5000
# lr_decay_iters = 5000 # make equal to max_iters usually

max_iters = 500000
lr_decay_iters = 500000 # make equal to max_iters usually

min_lr = 1e-5 # learning_rate / 10 usually
beta2 = 0.99 # make a bit bigger because number of tokens per iter is small

warmup_iters = 100 # not super necessary potentially

# on macbook also add
# device = 'cpu'  # run on cpu only
# compile = False # do not torch compile the model
# init_from ='resume'


'''
python3 -u sample.py config/train_novel.py --out_dir=out-novel-word_CCM232_c85667cd6eadbcf772d23fa97827c506 --model=CCM232
python3 -u sample.py config/train_novel.py --out_dir=out-novel-word_CCM251_4bfeb7b3e1b9c46a2542bb9406173e22 --model=CCM251
python3 -u sample.py config/train_novel.py --out_dir=out-novel-word_CCM253_01b622029bb00e0dc9206cae3b0ab559 --model=CCM253 
python3 -u sample.py config/train_novel.py --out_dir=out-novel-word_CCM276_01b622029bb00e0dc9206cae3b0ab559 --model=CCM276
python3 -u sample.py config/train_novel.py --out_dir=out-novel-word_CCM278_a97bfe077b316033e3604831d5ad371e --model=CCM278
python3 -u sample.py config/train_novel.py --out_dir=out-novel-word_CCM305_52efa1def80492f81622f536ac701226 --model=CCM305


out-novel-word_CCM276_01b622029bb00e0dc9206cae3b0ab559

'''
#### python3 -u sample.py config/train_novel.py --out_dir=out-novel-word_CCM232_c85667cd6eadbcf772d23fa97827c506 --model=CCM232
Overriding: init_from = resume
Overriding: compile = False
Overriding: model = LGT723E
Overriding: n_layer = 70
Overriding: n_head = 12
Overriding: share_layer = False
Overriding: always_save_checkpoint = True
Overriding: max_iters = 2500999
Overriding: best_val_loss_force = 10.001
Overriding: min_lr = 1e-05
Overriding: dropout = 0.0
Overriding: eval_interval = 50
Overriding: force_resave = 0
Overriding: random_seed = 3
tokens per iteration will be: 49,152
found vocab_size = 73440 (inside data/novel_char3/meta.pkl)
out_dir: out-novel-char3_LGT723E_3d25ede0cfd080d9e35756b051dcef65
Resuming training from out-novel-char3_LGT723E_3d25ede0cfd080d9e35756b051dcef65
WARNING: using slow attention. Flash Attention requires PyTorch >= 2.0
WARNING: using slow attention. Flash Attention requires PyTorch >= 2.0
WARNING: using slow attention. Flash Attention requires PyTorch >= 2.0
WARNING: using slow attention. Flash Attention requires PyTorch >= 2.0
WARNING: using slow attention. Flash Attention requires PyTorch >= 2.0
WARNING: using slow attention. Flash Attention requires PyTorch >= 2.0
WARNING: using slow attention. Flash Attention requires PyTorch >= 2.0
WARNING: using slow attention. Flash Attention requires PyTorch >= 2.0
WARNING: using slow attention. Flash Attention requires PyTorch >= 2.0
WARNING: using slow attention. Flash Attention requires PyTorch >= 2.0
WARNING: using slow attention. Flash Attention requires PyTorch >= 2.0
WARNING: using slow attention. Flash Attention requires PyTorch >= 2.0
WARNING: using slow attention. Flash Attention requires PyTorch >= 2.0
WARNING: using slow attention. Flash Attention requires PyTorch >= 2.0
WARNING: using slow attention. Flash Attention requires PyTorch >= 2.0
WARNING: using slow attention. Flash Attention requires PyTorch >= 2.0
WARNING: using slow attention. Flash Attention requires PyTorch >= 2.0
WARNING: using slow attention. Flash Attention requires PyTorch >= 2.0
WARNING: using slow attention. Flash Attention requires PyTorch >= 2.0
WARNING: using slow attention. Flash Attention requires PyTorch >= 2.0
WARNING: using slow attention. Flash Attention requires PyTorch >= 2.0
WARNING: using slow attention. Flash Attention requires PyTorch >= 2.0
WARNING: using slow attention. Flash Attention requires PyTorch >= 2.0
WARNING: using slow attention. Flash Attention requires PyTorch >= 2.0
WARNING: using slow attention. Flash Attention requires PyTorch >= 2.0
WARNING: using slow attention. Flash Attention requires PyTorch >= 2.0
WARNING: using slow attention. Flash Attention requires PyTorch >= 2.0
WARNING: using slow attention. Flash Attention requires PyTorch >= 2.0
WARNING: using slow attention. Flash Attention requires PyTorch >= 2.0
WARNING: using slow attention. Flash Attention requires PyTorch >= 2.0
WARNING: using slow attention. Flash Attention requires PyTorch >= 2.0
WARNING: using slow attention. Flash Attention requires PyTorch >= 2.0
WARNING: using slow attention. Flash Attention requires PyTorch >= 2.0
WARNING: using slow attention. Flash Attention requires PyTorch >= 2.0
WARNING: using slow attention. Flash Attention requires PyTorch >= 2.0
num decayed parameter tensors: 178, with 111,869,184 parameters
num non-decayed parameter tensors: 109, with 20,671,873 parameters
using fused AdamW: True
------average encoder activity 2.086
-----------average decoder density 0.5014
step 30300: train loss 1.8672, val loss 2.0889
saving checkpoint to out-novel-char3_LGT723E_3d25ede0cfd080d9e35756b051dcef65
model:LGT723E iter 30300: loss 1.5811, time 29791.55ms, mfu -100.00%
model:LGT723E iter 30310: loss 1.8294, time 3409.12ms, mfu 5.19%
model:LGT723E iter 30320: loss 1.5845, time 3483.98ms, mfu 5.18%
model:LGT723E iter 30330: loss 1.5856, time 3452.04ms, mfu 5.17%
model:LGT723E iter 30340: loss 1.9095, time 3401.74ms, mfu 5.18%
------average encoder activity 2.087
-----------average decoder density 0.5051
step 30350: train loss 1.8143, val loss 2.0739
saving checkpoint to out-novel-char3_LGT723E_3d25ede0cfd080d9e35756b051dcef65
model:LGT723E iter 30350: loss 1.7058, time 30298.20ms, mfu 4.72%
model:LGT723E iter 30360: loss 1.8966, time 3419.80ms, mfu 4.76%
model:LGT723E iter 30370: loss 1.7089, time 3400.57ms, mfu 4.81%
model:LGT723E iter 30380: loss 1.5997, time 3428.20ms, mfu 4.84%
model:LGT723E iter 30390: loss 1.6479, time 3411.60ms, mfu 4.88%
------average encoder activity 2.085
-----------average decoder density 0.5121
step 30400: train loss 1.8618, val loss 2.0914
saving checkpoint to out-novel-char3_LGT723E_3d25ede0cfd080d9e35756b051dcef65
model:LGT723E iter 30400: loss 1.5059, time 29598.71ms, mfu 4.45%
model:LGT723E iter 30410: loss 1.5548, time 3426.48ms, mfu 4.52%
model:LGT723E iter 30420: loss 1.8049, time 3442.52ms, mfu 4.58%
model:LGT723E iter 30430: loss 1.9601, time 3427.21ms, mfu 4.64%
model:LGT723E iter 30440: loss 1.6717, time 3419.68ms, mfu 4.69%
------average encoder activity 2.084
-----------average decoder density 0.4995
step 30450: train loss 1.8196, val loss 2.0783
saving checkpoint to out-novel-char3_LGT723E_3d25ede0cfd080d9e35756b051dcef65
model:LGT723E iter 30450: loss 1.8263, time 29179.25ms, mfu 4.28%
model:LGT723E iter 30460: loss 1.5573, time 3403.76ms, mfu 4.38%
Overriding config with config/train_novel_char3.py:
# train a miniature character-level shakespeare model
# good for debugging and playing on macbooks and such

out_dir = 'out-novel-char3'
eval_interval = 250 # keep frequent because we'll overfit
eval_iters = 200
log_interval = 10 # don't print too too often

# we expect to overfit on this small dataset, so only save when val improves
always_save_checkpoint = False

wandb_log = False # override via command line if you like
wandb_project = 'novel'
wandb_run_name = 'novel'

dataset = 'novel_char3'
gradient_accumulation_steps = 1
# gradient_accumulation_steps = 6
gradient_accumulation_steps = 12
# gradient_accumulation_steps = 24
# gradient_accumulation_steps = 48
# batch_size = 12
batch_size = 2
# batch_size = 1
# block_size = 256 # context of up to 256 previous characters
# block_size = 256 # context of up to 256 previous characters
# block_size = 64 # context of up to 256 previous characters
block_size = 1024 # context of up to 256 previous characters

# baby GPT model :)
n_layer = 6
n_head = 6
n_embd = 384
# n_embd = 182
dropout = 0.2

# learning_rate = 1e-3 # with baby networks can afford to go a bit higher
learning_rate = 1e-4 # with baby networks can afford to go a bit higher

# max_iters = 5000
# lr_decay_iters = 5000 # make equal to max_iters usually

max_iters = 500000
lr_decay_iters = 500000 # make equal to max_iters usually

min_lr = 1e-5 # learning_rate / 10 usually
beta2 = 0.99 # make a bit bigger because number of tokens per iter is small

warmup_iters = 100 # not super necessary potentially

# on macbook also add
# device = 'cpu'  # run on cpu only
# compile = False # do not torch compile the model
# init_from ='resume'


'''
python3 -u sample.py config/train_novel.py --out_dir=out-novel-word_CCM232_c85667cd6eadbcf772d23fa97827c506 --model=CCM232
python3 -u sample.py config/train_novel.py --out_dir=out-novel-word_CCM251_4bfeb7b3e1b9c46a2542bb9406173e22 --model=CCM251
python3 -u sample.py config/train_novel.py --out_dir=out-novel-word_CCM253_01b622029bb00e0dc9206cae3b0ab559 --model=CCM253 
python3 -u sample.py config/train_novel.py --out_dir=out-novel-word_CCM276_01b622029bb00e0dc9206cae3b0ab559 --model=CCM276
python3 -u sample.py config/train_novel.py --out_dir=out-novel-word_CCM278_a97bfe077b316033e3604831d5ad371e --model=CCM278
python3 -u sample.py config/train_novel.py --out_dir=out-novel-word_CCM305_52efa1def80492f81622f536ac701226 --model=CCM305


out-novel-word_CCM276_01b622029bb00e0dc9206cae3b0ab559

'''
#### python3 -u sample.py config/train_novel.py --out_dir=out-novel-word_CCM232_c85667cd6eadbcf772d23fa97827c506 --model=CCM232
Overriding: init_from = resume
Overriding: compile = False
Overriding: model = LGT723E
Overriding: n_layer = 70
Overriding: n_head = 12
Overriding: share_layer = False
Overriding: always_save_checkpoint = True
Overriding: max_iters = 2500999
Overriding: best_val_loss_force = 10.001
Overriding: min_lr = 5e-05
Overriding: dropout = 0.0
Overriding: eval_interval = 50
Overriding: force_resave = 0
Overriding: random_seed = 3
tokens per iteration will be: 24,576
found vocab_size = 73440 (inside data/novel_char3/meta.pkl)
out_dir: out-novel-char3_LGT723E_3d25ede0cfd080d9e35756b051dcef65
Resuming training from out-novel-char3_LGT723E_3d25ede0cfd080d9e35756b051dcef65
WARNING: using slow attention. Flash Attention requires PyTorch >= 2.0
WARNING: using slow attention. Flash Attention requires PyTorch >= 2.0
WARNING: using slow attention. Flash Attention requires PyTorch >= 2.0
WARNING: using slow attention. Flash Attention requires PyTorch >= 2.0
WARNING: using slow attention. Flash Attention requires PyTorch >= 2.0
WARNING: using slow attention. Flash Attention requires PyTorch >= 2.0
WARNING: using slow attention. Flash Attention requires PyTorch >= 2.0
WARNING: using slow attention. Flash Attention requires PyTorch >= 2.0
WARNING: using slow attention. Flash Attention requires PyTorch >= 2.0
WARNING: using slow attention. Flash Attention requires PyTorch >= 2.0
WARNING: using slow attention. Flash Attention requires PyTorch >= 2.0
WARNING: using slow attention. Flash Attention requires PyTorch >= 2.0
WARNING: using slow attention. Flash Attention requires PyTorch >= 2.0
WARNING: using slow attention. Flash Attention requires PyTorch >= 2.0
WARNING: using slow attention. Flash Attention requires PyTorch >= 2.0
WARNING: using slow attention. Flash Attention requires PyTorch >= 2.0
WARNING: using slow attention. Flash Attention requires PyTorch >= 2.0
WARNING: using slow attention. Flash Attention requires PyTorch >= 2.0
WARNING: using slow attention. Flash Attention requires PyTorch >= 2.0
WARNING: using slow attention. Flash Attention requires PyTorch >= 2.0
WARNING: using slow attention. Flash Attention requires PyTorch >= 2.0
WARNING: using slow attention. Flash Attention requires PyTorch >= 2.0
WARNING: using slow attention. Flash Attention requires PyTorch >= 2.0
WARNING: using slow attention. Flash Attention requires PyTorch >= 2.0
WARNING: using slow attention. Flash Attention requires PyTorch >= 2.0
WARNING: using slow attention. Flash Attention requires PyTorch >= 2.0
WARNING: using slow attention. Flash Attention requires PyTorch >= 2.0
WARNING: using slow attention. Flash Attention requires PyTorch >= 2.0
WARNING: using slow attention. Flash Attention requires PyTorch >= 2.0
WARNING: using slow attention. Flash Attention requires PyTorch >= 2.0
WARNING: using slow attention. Flash Attention requires PyTorch >= 2.0
WARNING: using slow attention. Flash Attention requires PyTorch >= 2.0
WARNING: using slow attention. Flash Attention requires PyTorch >= 2.0
WARNING: using slow attention. Flash Attention requires PyTorch >= 2.0
WARNING: using slow attention. Flash Attention requires PyTorch >= 2.0
num decayed parameter tensors: 178, with 111,869,184 parameters
num non-decayed parameter tensors: 109, with 20,671,873 parameters
using fused AdamW: True
------average encoder activity 2.084
-----------average decoder density 0.5052
step 30450: train loss 1.8510, val loss 2.0907
saving checkpoint to out-novel-char3_LGT723E_3d25ede0cfd080d9e35756b051dcef65
model:LGT723E iter 30450: loss 1.8580, time 27485.24ms, mfu -100.00%
model:LGT723E iter 30460: loss 1.7579, time 1716.34ms, mfu 5.15%
model:LGT723E iter 30470: loss 1.7743, time 1714.12ms, mfu 5.15%
model:LGT723E iter 30480: loss 1.8063, time 1709.35ms, mfu 5.16%
model:LGT723E iter 30490: loss 1.7261, time 1710.14ms, mfu 5.16%
------average encoder activity 2.082
-----------average decoder density 0.5272
step 30500: train loss 1.7462, val loss 2.1002
saving checkpoint to out-novel-char3_LGT723E_3d25ede0cfd080d9e35756b051dcef65
model:LGT723E iter 30500: loss 1.3646, time 27570.42ms, mfu 4.67%
model:LGT723E iter 30510: loss 1.7387, time 1710.23ms, mfu 4.72%
model:LGT723E iter 30520: loss 1.8105, time 1708.76ms, mfu 4.77%
model:LGT723E iter 30530: loss 1.9344, time 1708.62ms, mfu 4.81%
model:LGT723E iter 30540: loss 1.8263, time 1706.78ms, mfu 4.85%
------average encoder activity 2.084
-----------average decoder density 0.5301
step 30550: train loss 1.7547, val loss 2.0942
saving checkpoint to out-novel-char3_LGT723E_3d25ede0cfd080d9e35756b051dcef65
model:LGT723E iter 30550: loss 1.6099, time 27512.36ms, mfu 4.39%
model:LGT723E iter 30560: loss 1.5564, time 1707.38ms, mfu 4.47%
model:LGT723E iter 30570: loss 1.5676, time 1706.31ms, mfu 4.54%
model:LGT723E iter 30580: loss 1.5895, time 1706.38ms, mfu 4.61%
model:LGT723E iter 30590: loss 1.5965, time 1706.16ms, mfu 4.67%
------average encoder activity 2.083
-----------average decoder density 0.5265
step 30600: train loss 1.7667, val loss 2.1042
saving checkpoint to out-novel-char3_LGT723E_3d25ede0cfd080d9e35756b051dcef65
model:LGT723E iter 30600: loss 1.7279, time 27517.87ms, mfu 4.23%
model:LGT723E iter 30610: loss 1.5308, time 1715.92ms, mfu 4.32%
model:LGT723E iter 30620: loss 1.5832, time 1709.79ms, mfu 4.41%
model:LGT723E iter 30630: loss 1.9575, time 1708.93ms, mfu 4.49%
model:LGT723E iter 30640: loss 1.7215, time 1709.10ms, mfu 4.55%
------average encoder activity 2.081
-----------average decoder density 0.5224
step 30650: train loss 1.7289, val loss 2.0999
saving checkpoint to out-novel-char3_LGT723E_3d25ede0cfd080d9e35756b051dcef65
model:LGT723E iter 30650: loss 1.8132, time 27470.20ms, mfu 4.13%
model:LGT723E iter 30660: loss 1.5737, time 1708.67ms, mfu 4.24%
model:LGT723E iter 30670: loss 1.6352, time 1709.46ms, mfu 4.33%
model:LGT723E iter 30680: loss 1.6214, time 1709.40ms, mfu 4.41%
model:LGT723E iter 30690: loss 1.8764, time 1712.26ms, mfu 4.49%
------average encoder activity 2.082
-----------average decoder density 0.5067
step 30700: train loss 1.8942, val loss 2.1164
saving checkpoint to out-novel-char3_LGT723E_3d25ede0cfd080d9e35756b051dcef65
model:LGT723E iter 30700: loss 1.7748, time 27465.58ms, mfu 4.07%
model:LGT723E iter 30710: loss 1.9418, time 1706.02ms, mfu 4.18%
model:LGT723E iter 30720: loss 1.6134, time 1706.58ms, mfu 4.28%
model:LGT723E iter 30730: loss 1.9735, time 1709.59ms, mfu 4.37%
model:LGT723E iter 30740: loss 2.0299, time 1708.43ms, mfu 4.45%
------average encoder activity 2.080
-----------average decoder density 0.5148
step 30750: train loss 1.8261, val loss 2.0909
saving checkpoint to out-novel-char3_LGT723E_3d25ede0cfd080d9e35756b051dcef65
model:LGT723E iter 30750: loss 1.9332, time 27515.00ms, mfu 4.04%
model:LGT723E iter 30760: loss 1.7430, time 1709.73ms, mfu 4.15%
model:LGT723E iter 30770: loss 2.0834, time 1705.88ms, mfu 4.26%
model:LGT723E iter 30780: loss 2.2323, time 1705.78ms, mfu 4.35%
model:LGT723E iter 30790: loss 1.7961, time 1708.91ms, mfu 4.43%
------average encoder activity 2.079
-----------average decoder density 0.5428
step 30800: train loss 1.8200, val loss 2.0885
saving checkpoint to out-novel-char3_LGT723E_3d25ede0cfd080d9e35756b051dcef65
model:LGT723E iter 30800: loss 1.5937, time 27523.07ms, mfu 4.02%
model:LGT723E iter 30810: loss 1.7353, time 1709.26ms, mfu 4.14%
model:LGT723E iter 30820: loss 1.9550, time 1709.22ms, mfu 4.24%
model:LGT723E iter 30830: loss 1.6493, time 1708.57ms, mfu 4.33%
model:LGT723E iter 30840: loss 2.0955, time 1708.50ms, mfu 4.42%
------average encoder activity 2.080
-----------average decoder density 0.5179
step 30850: train loss 1.8608, val loss 2.1029
saving checkpoint to out-novel-char3_LGT723E_3d25ede0cfd080d9e35756b051dcef65
model:LGT723E iter 30850: loss 1.8553, time 27482.88ms, mfu 4.01%
model:LGT723E iter 30860: loss 1.5642, time 1710.27ms, mfu 4.12%
model:LGT723E iter 30870: loss 1.3583, time 1708.84ms, mfu 4.23%
model:LGT723E iter 30880: loss 1.6269, time 1723.79ms, mfu 4.32%
model:LGT723E iter 30890: loss 1.5322, time 1708.59ms, mfu 4.41%
------average encoder activity 2.081
-----------average decoder density 0.4941
step 30900: train loss 1.8053, val loss 2.1339
saving checkpoint to out-novel-char3_LGT723E_3d25ede0cfd080d9e35756b051dcef65
model:LGT723E iter 30900: loss 1.8117, time 27456.05ms, mfu 4.00%
model:LGT723E iter 30910: loss 2.1665, time 1708.29ms, mfu 4.12%
model:LGT723E iter 30920: loss 2.0469, time 1708.24ms, mfu 4.22%
model:LGT723E iter 30930: loss 1.8111, time 1708.85ms, mfu 4.32%
model:LGT723E iter 30940: loss 1.8095, time 1709.13ms, mfu 4.40%
------average encoder activity 2.082
-----------average decoder density 0.5191
step 30950: train loss 1.8228, val loss 2.0959
saving checkpoint to out-novel-char3_LGT723E_3d25ede0cfd080d9e35756b051dcef65
model:LGT723E iter 30950: loss 1.9061, time 27495.84ms, mfu 3.99%
model:LGT723E iter 30960: loss 2.0934, time 1709.52ms, mfu 4.11%
model:LGT723E iter 30970: loss 1.8617, time 1708.99ms, mfu 4.22%
model:LGT723E iter 30980: loss 1.6101, time 1708.77ms, mfu 4.31%
model:LGT723E iter 30990: loss 1.4647, time 1708.92ms, mfu 4.40%
------average encoder activity 2.082
-----------average decoder density 0.5173
step 31000: train loss 1.8140, val loss 2.0937
saving checkpoint to out-novel-char3_LGT723E_3d25ede0cfd080d9e35756b051dcef65
model:LGT723E iter 31000: loss 1.9666, time 27463.07ms, mfu 3.99%
model:LGT723E iter 31010: loss 1.9554, time 1711.07ms, mfu 4.11%
model:LGT723E iter 31020: loss 2.1395, time 1708.02ms, mfu 4.22%
model:LGT723E iter 31030: loss 1.7269, time 1708.22ms, mfu 4.31%
model:LGT723E iter 31040: loss 1.8171, time 1709.11ms, mfu 4.40%
------average encoder activity 2.085
-----------average decoder density 0.5026
step 31050: train loss 1.8190, val loss 2.1083
saving checkpoint to out-novel-char3_LGT723E_3d25ede0cfd080d9e35756b051dcef65
model:LGT723E iter 31050: loss 1.7946, time 27477.03ms, mfu 3.99%
model:LGT723E iter 31060: loss 1.9312, time 1708.22ms, mfu 4.11%
model:LGT723E iter 31070: loss 1.7042, time 1708.52ms, mfu 4.22%
model:LGT723E iter 31080: loss 2.1641, time 1708.45ms, mfu 4.31%
model:LGT723E iter 31090: loss 1.7646, time 1708.80ms, mfu 4.40%
------average encoder activity 2.084
-----------average decoder density 0.5053
step 31100: train loss 1.8525, val loss 2.0855
saving checkpoint to out-novel-char3_LGT723E_3d25ede0cfd080d9e35756b051dcef65
model:LGT723E iter 31100: loss 1.9216, time 27473.92ms, mfu 3.99%
model:LGT723E iter 31110: loss 1.9128, time 1708.84ms, mfu 4.11%
model:LGT723E iter 31120: loss 1.9833, time 1708.36ms, mfu 4.22%
model:LGT723E iter 31130: loss 1.7420, time 1707.99ms, mfu 4.31%
model:LGT723E iter 31140: loss 1.8553, time 1705.22ms, mfu 4.40%
------average encoder activity 2.085
-----------average decoder density 0.5237
step 31150: train loss 1.8143, val loss 2.0927
saving checkpoint to out-novel-char3_LGT723E_3d25ede0cfd080d9e35756b051dcef65
model:LGT723E iter 31150: loss 2.1636, time 27503.83ms, mfu 3.99%
model:LGT723E iter 31160: loss 1.8718, time 1705.62ms, mfu 4.11%
model:LGT723E iter 31170: loss 1.7254, time 1706.27ms, mfu 4.22%
model:LGT723E iter 31180: loss 1.6502, time 1706.30ms, mfu 4.32%
model:LGT723E iter 31190: loss 2.0251, time 1706.91ms, mfu 4.40%
------average encoder activity 2.083
-----------average decoder density 0.4987
step 31200: train loss 1.8156, val loss 2.0822
saving checkpoint to out-novel-char3_LGT723E_3d25ede0cfd080d9e35756b051dcef65
model:LGT723E iter 31200: loss 1.9759, time 27502.55ms, mfu 3.99%
model:LGT723E iter 31210: loss 1.6669, time 1708.58ms, mfu 4.11%
model:LGT723E iter 31220: loss 1.7197, time 1709.11ms, mfu 4.22%
model:LGT723E iter 31230: loss 1.6637, time 1710.51ms, mfu 4.31%
model:LGT723E iter 31240: loss 1.8579, time 1708.67ms, mfu 4.40%
------average encoder activity 2.083
-----------average decoder density 0.5033
step 31250: train loss 1.8681, val loss 2.0911
saving checkpoint to out-novel-char3_LGT723E_3d25ede0cfd080d9e35756b051dcef65
model:LGT723E iter 31250: loss 1.8528, time 27502.03ms, mfu 3.99%
model:LGT723E iter 31260: loss 1.5651, time 1708.54ms, mfu 4.11%
model:LGT723E iter 31270: loss 1.8921, time 1709.25ms, mfu 4.22%
model:LGT723E iter 31280: loss 1.5863, time 1709.33ms, mfu 4.31%
model:LGT723E iter 31290: loss 1.7229, time 1708.76ms, mfu 4.40%
------average encoder activity 2.083
-----------average decoder density 0.5287
step 31300: train loss 1.8191, val loss 2.1034
saving checkpoint to out-novel-char3_LGT723E_3d25ede0cfd080d9e35756b051dcef65
model:LGT723E iter 31300: loss 1.9537, time 27485.93ms, mfu 3.99%
Overriding config with config/train_novel_char3.py:
# train a miniature character-level shakespeare model
# good for debugging and playing on macbooks and such

out_dir = 'out-novel-char3'
eval_interval = 250 # keep frequent because we'll overfit
eval_iters = 200
log_interval = 10 # don't print too too often

# we expect to overfit on this small dataset, so only save when val improves
always_save_checkpoint = False

wandb_log = False # override via command line if you like
wandb_project = 'novel'
wandb_run_name = 'novel'

dataset = 'novel_char3'
gradient_accumulation_steps = 1
# gradient_accumulation_steps = 6
gradient_accumulation_steps = 12
# gradient_accumulation_steps = 24
# gradient_accumulation_steps = 48
# batch_size = 12
batch_size = 2
# batch_size = 1
# block_size = 256 # context of up to 256 previous characters
# block_size = 256 # context of up to 256 previous characters
# block_size = 64 # context of up to 256 previous characters
block_size = 1024 # context of up to 256 previous characters

# baby GPT model :)
n_layer = 6
n_head = 6
n_embd = 384
# n_embd = 182
dropout = 0.2

# learning_rate = 1e-3 # with baby networks can afford to go a bit higher
learning_rate = 1e-4 # with baby networks can afford to go a bit higher

# max_iters = 5000
# lr_decay_iters = 5000 # make equal to max_iters usually

max_iters = 500000
lr_decay_iters = 500000 # make equal to max_iters usually

min_lr = 1e-5 # learning_rate / 10 usually
beta2 = 0.99 # make a bit bigger because number of tokens per iter is small

warmup_iters = 100 # not super necessary potentially

# on macbook also add
# device = 'cpu'  # run on cpu only
# compile = False # do not torch compile the model
# init_from ='resume'


'''
python3 -u sample.py config/train_novel.py --out_dir=out-novel-word_CCM232_c85667cd6eadbcf772d23fa97827c506 --model=CCM232
python3 -u sample.py config/train_novel.py --out_dir=out-novel-word_CCM251_4bfeb7b3e1b9c46a2542bb9406173e22 --model=CCM251
python3 -u sample.py config/train_novel.py --out_dir=out-novel-word_CCM253_01b622029bb00e0dc9206cae3b0ab559 --model=CCM253 
python3 -u sample.py config/train_novel.py --out_dir=out-novel-word_CCM276_01b622029bb00e0dc9206cae3b0ab559 --model=CCM276
python3 -u sample.py config/train_novel.py --out_dir=out-novel-word_CCM278_a97bfe077b316033e3604831d5ad371e --model=CCM278
python3 -u sample.py config/train_novel.py --out_dir=out-novel-word_CCM305_52efa1def80492f81622f536ac701226 --model=CCM305


out-novel-word_CCM276_01b622029bb00e0dc9206cae3b0ab559

'''
#### python3 -u sample.py config/train_novel.py --out_dir=out-novel-word_CCM232_c85667cd6eadbcf772d23fa97827c506 --model=CCM232
Overriding: init_from = resume
Overriding: compile = False
Overriding: model = LGT723E
Overriding: n_layer = 70
Overriding: n_head = 12
Overriding: share_layer = False
Overriding: always_save_checkpoint = True
Overriding: max_iters = 2500999
Overriding: best_val_loss_force = 10.001
Overriding: min_lr = 5e-06
Overriding: dropout = 0.0
Overriding: eval_interval = 50
Overriding: force_resave = 0
Overriding: random_seed = 3
tokens per iteration will be: 24,576
found vocab_size = 73440 (inside data/novel_char3/meta.pkl)
out_dir: out-novel-char3_LGT723E_3d25ede0cfd080d9e35756b051dcef65
Resuming training from out-novel-char3_LGT723E_3d25ede0cfd080d9e35756b051dcef65
WARNING: using slow attention. Flash Attention requires PyTorch >= 2.0
WARNING: using slow attention. Flash Attention requires PyTorch >= 2.0
WARNING: using slow attention. Flash Attention requires PyTorch >= 2.0
WARNING: using slow attention. Flash Attention requires PyTorch >= 2.0
WARNING: using slow attention. Flash Attention requires PyTorch >= 2.0
WARNING: using slow attention. Flash Attention requires PyTorch >= 2.0
WARNING: using slow attention. Flash Attention requires PyTorch >= 2.0
WARNING: using slow attention. Flash Attention requires PyTorch >= 2.0
WARNING: using slow attention. Flash Attention requires PyTorch >= 2.0
WARNING: using slow attention. Flash Attention requires PyTorch >= 2.0
WARNING: using slow attention. Flash Attention requires PyTorch >= 2.0
WARNING: using slow attention. Flash Attention requires PyTorch >= 2.0
WARNING: using slow attention. Flash Attention requires PyTorch >= 2.0
WARNING: using slow attention. Flash Attention requires PyTorch >= 2.0
WARNING: using slow attention. Flash Attention requires PyTorch >= 2.0
WARNING: using slow attention. Flash Attention requires PyTorch >= 2.0
WARNING: using slow attention. Flash Attention requires PyTorch >= 2.0
WARNING: using slow attention. Flash Attention requires PyTorch >= 2.0
WARNING: using slow attention. Flash Attention requires PyTorch >= 2.0
WARNING: using slow attention. Flash Attention requires PyTorch >= 2.0
WARNING: using slow attention. Flash Attention requires PyTorch >= 2.0
WARNING: using slow attention. Flash Attention requires PyTorch >= 2.0
WARNING: using slow attention. Flash Attention requires PyTorch >= 2.0
WARNING: using slow attention. Flash Attention requires PyTorch >= 2.0
WARNING: using slow attention. Flash Attention requires PyTorch >= 2.0
WARNING: using slow attention. Flash Attention requires PyTorch >= 2.0
WARNING: using slow attention. Flash Attention requires PyTorch >= 2.0
WARNING: using slow attention. Flash Attention requires PyTorch >= 2.0
WARNING: using slow attention. Flash Attention requires PyTorch >= 2.0
WARNING: using slow attention. Flash Attention requires PyTorch >= 2.0
WARNING: using slow attention. Flash Attention requires PyTorch >= 2.0
WARNING: using slow attention. Flash Attention requires PyTorch >= 2.0
WARNING: using slow attention. Flash Attention requires PyTorch >= 2.0
WARNING: using slow attention. Flash Attention requires PyTorch >= 2.0
WARNING: using slow attention. Flash Attention requires PyTorch >= 2.0
num decayed parameter tensors: 178, with 111,869,184 parameters
num non-decayed parameter tensors: 109, with 20,671,873 parameters
using fused AdamW: True
------average encoder activity 2.083
-----------average decoder density 0.5010
step 31300: train loss 1.8605, val loss 2.1004
saving checkpoint to out-novel-char3_LGT723E_3d25ede0cfd080d9e35756b051dcef65
model:LGT723E iter 31300: loss 1.8086, time 27480.80ms, mfu -100.00%
model:LGT723E iter 31310: loss 1.7108, time 1709.42ms, mfu 5.17%
model:LGT723E iter 31320: loss 1.7087, time 1708.36ms, mfu 5.17%
model:LGT723E iter 31330: loss 1.7249, time 1709.09ms, mfu 5.17%
model:LGT723E iter 31340: loss 1.6577, time 1708.34ms, mfu 5.17%
------average encoder activity 2.077
-----------average decoder density 0.5275
step 31350: train loss 1.7875, val loss 2.1170
saving checkpoint to out-novel-char3_LGT723E_3d25ede0cfd080d9e35756b051dcef65
model:LGT723E iter 31350: loss 1.3529, time 27478.67ms, mfu 4.69%
model:LGT723E iter 31360: loss 1.7181, time 1709.13ms, mfu 4.74%
model:LGT723E iter 31370: loss 1.7140, time 1709.54ms, mfu 4.78%
model:LGT723E iter 31380: loss 1.8497, time 1709.10ms, mfu 4.82%
model:LGT723E iter 31390: loss 1.6958, time 1709.51ms, mfu 4.86%
------average encoder activity 2.078
-----------average decoder density 0.5293
step 31400: train loss 1.7814, val loss 2.1094
saving checkpoint to out-novel-char3_LGT723E_3d25ede0cfd080d9e35756b051dcef65
model:LGT723E iter 31400: loss 1.5601, time 27488.66ms, mfu 4.40%
model:LGT723E iter 31410: loss 1.4733, time 1709.76ms, mfu 4.48%
model:LGT723E iter 31420: loss 1.5249, time 1709.10ms, mfu 4.55%
model:LGT723E iter 31430: loss 1.5410, time 1708.56ms, mfu 4.61%
model:LGT723E iter 31440: loss 1.4814, time 1710.05ms, mfu 4.67%
------average encoder activity 2.073
-----------average decoder density 0.5256
step 31450: train loss 1.8035, val loss 2.1213
saving checkpoint to out-novel-char3_LGT723E_3d25ede0cfd080d9e35756b051dcef65
model:LGT723E iter 31450: loss 1.6646, time 27474.28ms, mfu 4.23%
model:LGT723E iter 31460: loss 1.4520, time 1709.73ms, mfu 4.33%
model:LGT723E iter 31470: loss 1.5163, time 1708.63ms, mfu 4.41%
model:LGT723E iter 31480: loss 1.9180, time 1709.33ms, mfu 4.49%
model:LGT723E iter 31490: loss 1.6699, time 1710.26ms, mfu 4.56%
------average encoder activity 2.071
-----------average decoder density 0.5209
step 31500: train loss 1.7656, val loss 2.1167
saving checkpoint to out-novel-char3_LGT723E_3d25ede0cfd080d9e35756b051dcef65
model:LGT723E iter 31500: loss 1.7686, time 27470.62ms, mfu 4.13%
model:LGT723E iter 31510: loss 1.5221, time 1710.16ms, mfu 4.24%
model:LGT723E iter 31520: loss 1.5685, time 1709.78ms, mfu 4.33%
model:LGT723E iter 31530: loss 1.5749, time 1710.07ms, mfu 4.41%
model:LGT723E iter 31540: loss 1.7774, time 1709.08ms, mfu 4.49%
------average encoder activity 2.070
-----------average decoder density 0.5056
step 31550: train loss 1.8982, val loss 2.1390
saving checkpoint to out-novel-char3_LGT723E_3d25ede0cfd080d9e35756b051dcef65
model:LGT723E iter 31550: loss 1.6851, time 27464.93ms, mfu 4.07%
model:LGT723E iter 31560: loss 1.8842, time 1708.05ms, mfu 4.18%
model:LGT723E iter 31570: loss 1.5114, time 1708.21ms, mfu 4.28%
model:LGT723E iter 31580: loss 1.8619, time 1705.66ms, mfu 4.37%
model:LGT723E iter 31590: loss 1.9513, time 1705.69ms, mfu 4.46%
------average encoder activity 2.068
-----------average decoder density 0.5119
step 31600: train loss 1.8378, val loss 2.1117
saving checkpoint to out-novel-char3_LGT723E_3d25ede0cfd080d9e35756b051dcef65
model:LGT723E iter 31600: loss 1.8176, time 27503.07ms, mfu 4.04%
model:LGT723E iter 31610: loss 1.6435, time 1705.45ms, mfu 4.16%
model:LGT723E iter 31620: loss 1.9496, time 1705.51ms, mfu 4.26%
model:LGT723E iter 31630: loss 2.1282, time 1705.73ms, mfu 4.35%
model:LGT723E iter 31640: loss 1.6929, time 1705.65ms, mfu 4.44%
------average encoder activity 2.065
-----------average decoder density 0.5388
step 31650: train loss 1.8285, val loss 2.1073
saving checkpoint to out-novel-char3_LGT723E_3d25ede0cfd080d9e35756b051dcef65
model:LGT723E iter 31650: loss 1.5240, time 27451.22ms, mfu 4.02%
model:LGT723E iter 31660: loss 1.6635, time 1710.76ms, mfu 4.14%
model:LGT723E iter 31670: loss 1.8938, time 1708.41ms, mfu 4.24%
model:LGT723E iter 31680: loss 1.5473, time 1709.35ms, mfu 4.34%
model:LGT723E iter 31690: loss 2.0037, time 1710.42ms, mfu 4.42%
------average encoder activity 2.066
-----------average decoder density 0.5154
step 31700: train loss 1.8626, val loss 2.1256
saving checkpoint to out-novel-char3_LGT723E_3d25ede0cfd080d9e35756b051dcef65
model:LGT723E iter 31700: loss 1.7318, time 27468.55ms, mfu 4.01%
model:LGT723E iter 31710: loss 1.4937, time 1709.35ms, mfu 4.13%
model:LGT723E iter 31720: loss 1.2825, time 1710.11ms, mfu 4.23%
model:LGT723E iter 31730: loss 1.5350, time 1709.73ms, mfu 4.32%
model:LGT723E iter 31740: loss 1.4465, time 1709.01ms, mfu 4.41%
------average encoder activity 2.066
-----------average decoder density 0.4880
step 31750: train loss 1.8160, val loss 2.1598
saving checkpoint to out-novel-char3_LGT723E_3d25ede0cfd080d9e35756b051dcef65
model:LGT723E iter 31750: loss 1.6971, time 27458.86ms, mfu 4.00%
model:LGT723E iter 31760: loss 2.1024, time 1709.06ms, mfu 4.12%
model:LGT723E iter 31770: loss 1.9409, time 1709.21ms, mfu 4.22%
model:LGT723E iter 31780: loss 1.7274, time 1709.45ms, mfu 4.32%
model:LGT723E iter 31790: loss 1.7255, time 1708.98ms, mfu 4.40%
------average encoder activity 2.067
-----------average decoder density 0.5155
step 31800: train loss 1.8345, val loss 2.1232
saving checkpoint to out-novel-char3_LGT723E_3d25ede0cfd080d9e35756b051dcef65
model:LGT723E iter 31800: loss 1.8325, time 27478.04ms, mfu 4.00%
model:LGT723E iter 31810: loss 2.0122, time 1708.46ms, mfu 4.11%
model:LGT723E iter 31820: loss 1.7624, time 1708.17ms, mfu 4.22%
model:LGT723E iter 31830: loss 1.5339, time 1708.65ms, mfu 4.32%
model:LGT723E iter 31840: loss 1.3874, time 1708.54ms, mfu 4.40%
------average encoder activity 2.066
-----------average decoder density 0.5132
step 31850: train loss 1.8284, val loss 2.1168
saving checkpoint to out-novel-char3_LGT723E_3d25ede0cfd080d9e35756b051dcef65
model:LGT723E iter 31850: loss 1.8699, time 27476.81ms, mfu 3.99%
Overriding config with config/train_novel_char3.py:
# train a miniature character-level shakespeare model
# good for debugging and playing on macbooks and such

out_dir = 'out-novel-char3'
eval_interval = 250 # keep frequent because we'll overfit
eval_iters = 200
log_interval = 10 # don't print too too often

# we expect to overfit on this small dataset, so only save when val improves
always_save_checkpoint = False

wandb_log = False # override via command line if you like
wandb_project = 'novel'
wandb_run_name = 'novel'

dataset = 'novel_char3'
gradient_accumulation_steps = 1
# gradient_accumulation_steps = 6
gradient_accumulation_steps = 12
# gradient_accumulation_steps = 24
# gradient_accumulation_steps = 48
# batch_size = 12
batch_size = 2
# batch_size = 1
# block_size = 256 # context of up to 256 previous characters
# block_size = 256 # context of up to 256 previous characters
# block_size = 64 # context of up to 256 previous characters
block_size = 1024 # context of up to 256 previous characters

# baby GPT model :)
n_layer = 6
n_head = 6
n_embd = 384
# n_embd = 182
dropout = 0.2

# learning_rate = 1e-3 # with baby networks can afford to go a bit higher
learning_rate = 1e-4 # with baby networks can afford to go a bit higher

# max_iters = 5000
# lr_decay_iters = 5000 # make equal to max_iters usually

max_iters = 500000
lr_decay_iters = 500000 # make equal to max_iters usually

min_lr = 5e-6 # learning_rate / 10 usually
beta2 = 0.99 # make a bit bigger because number of tokens per iter is small

warmup_iters = 100 # not super necessary potentially

# on macbook also add
# device = 'cpu'  # run on cpu only
# compile = False # do not torch compile the model
# init_from ='resume'


'''
python3 -u sample.py config/train_novel.py --out_dir=out-novel-word_CCM232_c85667cd6eadbcf772d23fa97827c506 --model=CCM232
python3 -u sample.py config/train_novel.py --out_dir=out-novel-word_CCM251_4bfeb7b3e1b9c46a2542bb9406173e22 --model=CCM251
python3 -u sample.py config/train_novel.py --out_dir=out-novel-word_CCM253_01b622029bb00e0dc9206cae3b0ab559 --model=CCM253 
python3 -u sample.py config/train_novel.py --out_dir=out-novel-word_CCM276_01b622029bb00e0dc9206cae3b0ab559 --model=CCM276
python3 -u sample.py config/train_novel.py --out_dir=out-novel-word_CCM278_a97bfe077b316033e3604831d5ad371e --model=CCM278
python3 -u sample.py config/train_novel.py --out_dir=out-novel-word_CCM305_52efa1def80492f81622f536ac701226 --model=CCM305


out-novel-word_CCM276_01b622029bb00e0dc9206cae3b0ab559

'''
#### python3 -u sample.py config/train_novel.py --out_dir=out-novel-word_CCM232_c85667cd6eadbcf772d23fa97827c506 --model=CCM232
Overriding: init_from = resume
Overriding: compile = False
Overriding: model = LGT723E
Overriding: n_layer = 70
Overriding: n_head = 12
Overriding: share_layer = False
Overriding: always_save_checkpoint = True
Overriding: max_iters = 2500999
Overriding: best_val_loss_force = 10.001
Overriding: min_lr = 5e-06
Overriding: dropout = 0.0
Overriding: eval_interval = 50
Overriding: force_resave = 0
Overriding: random_seed = 3
tokens per iteration will be: 24,576
found vocab_size = 73440 (inside data/novel_char3/meta.pkl)
out_dir: out-novel-char3_LGT723E_3d25ede0cfd080d9e35756b051dcef65
Resuming training from out-novel-char3_LGT723E_3d25ede0cfd080d9e35756b051dcef65
WARNING: using slow attention. Flash Attention requires PyTorch >= 2.0
WARNING: using slow attention. Flash Attention requires PyTorch >= 2.0
WARNING: using slow attention. Flash Attention requires PyTorch >= 2.0
WARNING: using slow attention. Flash Attention requires PyTorch >= 2.0
WARNING: using slow attention. Flash Attention requires PyTorch >= 2.0
WARNING: using slow attention. Flash Attention requires PyTorch >= 2.0
WARNING: using slow attention. Flash Attention requires PyTorch >= 2.0
WARNING: using slow attention. Flash Attention requires PyTorch >= 2.0
WARNING: using slow attention. Flash Attention requires PyTorch >= 2.0
WARNING: using slow attention. Flash Attention requires PyTorch >= 2.0
WARNING: using slow attention. Flash Attention requires PyTorch >= 2.0
WARNING: using slow attention. Flash Attention requires PyTorch >= 2.0
WARNING: using slow attention. Flash Attention requires PyTorch >= 2.0
WARNING: using slow attention. Flash Attention requires PyTorch >= 2.0
WARNING: using slow attention. Flash Attention requires PyTorch >= 2.0
WARNING: using slow attention. Flash Attention requires PyTorch >= 2.0
WARNING: using slow attention. Flash Attention requires PyTorch >= 2.0
WARNING: using slow attention. Flash Attention requires PyTorch >= 2.0
WARNING: using slow attention. Flash Attention requires PyTorch >= 2.0
WARNING: using slow attention. Flash Attention requires PyTorch >= 2.0
WARNING: using slow attention. Flash Attention requires PyTorch >= 2.0
WARNING: using slow attention. Flash Attention requires PyTorch >= 2.0
WARNING: using slow attention. Flash Attention requires PyTorch >= 2.0
WARNING: using slow attention. Flash Attention requires PyTorch >= 2.0
WARNING: using slow attention. Flash Attention requires PyTorch >= 2.0
WARNING: using slow attention. Flash Attention requires PyTorch >= 2.0
WARNING: using slow attention. Flash Attention requires PyTorch >= 2.0
WARNING: using slow attention. Flash Attention requires PyTorch >= 2.0
WARNING: using slow attention. Flash Attention requires PyTorch >= 2.0
WARNING: using slow attention. Flash Attention requires PyTorch >= 2.0
WARNING: using slow attention. Flash Attention requires PyTorch >= 2.0
WARNING: using slow attention. Flash Attention requires PyTorch >= 2.0
WARNING: using slow attention. Flash Attention requires PyTorch >= 2.0
WARNING: using slow attention. Flash Attention requires PyTorch >= 2.0
WARNING: using slow attention. Flash Attention requires PyTorch >= 2.0
num decayed parameter tensors: 178, with 111,869,184 parameters
num non-decayed parameter tensors: 109, with 20,671,873 parameters
using fused AdamW: True
------average encoder activity 2.066
-----------average decoder density 0.4986
step 31850: train loss 1.8729, val loss 2.1285
saving checkpoint to out-novel-char3_LGT723E_3d25ede0cfd080d9e35756b051dcef65
model:LGT723E iter 31850: loss 1.6837, time 27495.16ms, mfu -100.00%
model:LGT723E iter 31860: loss 1.6497, time 1709.77ms, mfu 5.17%
model:LGT723E iter 31870: loss 1.6713, time 1709.60ms, mfu 5.17%
Overriding config with config/train_novel_char3.py:
# train a miniature character-level shakespeare model
# good for debugging and playing on macbooks and such

out_dir = 'out-novel-char3'
eval_interval = 250 # keep frequent because we'll overfit
eval_iters = 200
log_interval = 10 # don't print too too often

# we expect to overfit on this small dataset, so only save when val improves
always_save_checkpoint = False

wandb_log = False # override via command line if you like
wandb_project = 'novel'
wandb_run_name = 'novel'

dataset = 'novel_char3'
gradient_accumulation_steps = 1
# gradient_accumulation_steps = 6
gradient_accumulation_steps = 12
# gradient_accumulation_steps = 24
# gradient_accumulation_steps = 48
# batch_size = 12
batch_size = 2
# batch_size = 1
# block_size = 256 # context of up to 256 previous characters
# block_size = 256 # context of up to 256 previous characters
# block_size = 64 # context of up to 256 previous characters
block_size = 1024 # context of up to 256 previous characters

# baby GPT model :)
n_layer = 6
n_head = 6
n_embd = 384
# n_embd = 182
dropout = 0.2

# learning_rate = 1e-3 # with baby networks can afford to go a bit higher
learning_rate = 1e-4 # with baby networks can afford to go a bit higher

# max_iters = 5000
# lr_decay_iters = 5000 # make equal to max_iters usually

max_iters = 500000
lr_decay_iters = 500000 # make equal to max_iters usually

min_lr = 5e-6 # learning_rate / 10 usually
beta2 = 0.99 # make a bit bigger because number of tokens per iter is small

warmup_iters = 100 # not super necessary potentially

# on macbook also add
# device = 'cpu'  # run on cpu only
# compile = False # do not torch compile the model
# init_from ='resume'


'''
python3 -u sample.py config/train_novel.py --out_dir=out-novel-word_CCM232_c85667cd6eadbcf772d23fa97827c506 --model=CCM232
python3 -u sample.py config/train_novel.py --out_dir=out-novel-word_CCM251_4bfeb7b3e1b9c46a2542bb9406173e22 --model=CCM251
python3 -u sample.py config/train_novel.py --out_dir=out-novel-word_CCM253_01b622029bb00e0dc9206cae3b0ab559 --model=CCM253 
python3 -u sample.py config/train_novel.py --out_dir=out-novel-word_CCM276_01b622029bb00e0dc9206cae3b0ab559 --model=CCM276
python3 -u sample.py config/train_novel.py --out_dir=out-novel-word_CCM278_a97bfe077b316033e3604831d5ad371e --model=CCM278
python3 -u sample.py config/train_novel.py --out_dir=out-novel-word_CCM305_52efa1def80492f81622f536ac701226 --model=CCM305


out-novel-word_CCM276_01b622029bb00e0dc9206cae3b0ab559

'''
#### python3 -u sample.py config/train_novel.py --out_dir=out-novel-word_CCM232_c85667cd6eadbcf772d23fa97827c506 --model=CCM232
Overriding: init_from = resume
Overriding: compile = False
Overriding: model = LGT723E
Overriding: n_layer = 70
Overriding: n_head = 12
Overriding: share_layer = False
Overriding: always_save_checkpoint = False
Overriding: max_iters = 2500999
Overriding: best_val_loss_force = 10.001
Overriding: min_lr = 5e-06
Overriding: dropout = 0.0
Overriding: eval_interval = 50
Overriding: force_resave = 0
Overriding: random_seed = 3
tokens per iteration will be: 24,576
found vocab_size = 73440 (inside data/novel_char3/meta.pkl)
out_dir: out-novel-char3_LGT723E_3d25ede0cfd080d9e35756b051dcef65
Resuming training from out-novel-char3_LGT723E_3d25ede0cfd080d9e35756b051dcef65
WARNING: using slow attention. Flash Attention requires PyTorch >= 2.0
WARNING: using slow attention. Flash Attention requires PyTorch >= 2.0
WARNING: using slow attention. Flash Attention requires PyTorch >= 2.0
WARNING: using slow attention. Flash Attention requires PyTorch >= 2.0
WARNING: using slow attention. Flash Attention requires PyTorch >= 2.0
WARNING: using slow attention. Flash Attention requires PyTorch >= 2.0
WARNING: using slow attention. Flash Attention requires PyTorch >= 2.0
WARNING: using slow attention. Flash Attention requires PyTorch >= 2.0
WARNING: using slow attention. Flash Attention requires PyTorch >= 2.0
WARNING: using slow attention. Flash Attention requires PyTorch >= 2.0
WARNING: using slow attention. Flash Attention requires PyTorch >= 2.0
WARNING: using slow attention. Flash Attention requires PyTorch >= 2.0
WARNING: using slow attention. Flash Attention requires PyTorch >= 2.0
WARNING: using slow attention. Flash Attention requires PyTorch >= 2.0
WARNING: using slow attention. Flash Attention requires PyTorch >= 2.0
WARNING: using slow attention. Flash Attention requires PyTorch >= 2.0
WARNING: using slow attention. Flash Attention requires PyTorch >= 2.0
WARNING: using slow attention. Flash Attention requires PyTorch >= 2.0
WARNING: using slow attention. Flash Attention requires PyTorch >= 2.0
WARNING: using slow attention. Flash Attention requires PyTorch >= 2.0
WARNING: using slow attention. Flash Attention requires PyTorch >= 2.0
WARNING: using slow attention. Flash Attention requires PyTorch >= 2.0
WARNING: using slow attention. Flash Attention requires PyTorch >= 2.0
WARNING: using slow attention. Flash Attention requires PyTorch >= 2.0
WARNING: using slow attention. Flash Attention requires PyTorch >= 2.0
WARNING: using slow attention. Flash Attention requires PyTorch >= 2.0
WARNING: using slow attention. Flash Attention requires PyTorch >= 2.0
WARNING: using slow attention. Flash Attention requires PyTorch >= 2.0
WARNING: using slow attention. Flash Attention requires PyTorch >= 2.0
WARNING: using slow attention. Flash Attention requires PyTorch >= 2.0
WARNING: using slow attention. Flash Attention requires PyTorch >= 2.0
WARNING: using slow attention. Flash Attention requires PyTorch >= 2.0
WARNING: using slow attention. Flash Attention requires PyTorch >= 2.0
WARNING: using slow attention. Flash Attention requires PyTorch >= 2.0
WARNING: using slow attention. Flash Attention requires PyTorch >= 2.0
num decayed parameter tensors: 178, with 111,869,184 parameters
num non-decayed parameter tensors: 109, with 20,671,873 parameters
using fused AdamW: True
------average encoder activity 2.066
-----------average decoder density 0.4986
step 31850: train loss 1.8729, val loss 2.1285
saving checkpoint to out-novel-char3_LGT723E_3d25ede0cfd080d9e35756b051dcef65
model:LGT723E iter 31850: loss 1.6837, time 27538.67ms, mfu -100.00%
model:LGT723E iter 31860: loss 1.6497, time 1707.32ms, mfu 5.18%
model:LGT723E iter 31870: loss 1.6713, time 1709.39ms, mfu 5.18%
model:LGT723E iter 31880: loss 1.6486, time 1708.81ms, mfu 5.18%
model:LGT723E iter 31890: loss 1.6070, time 1708.59ms, mfu 5.18%
------average encoder activity 2.061
-----------average decoder density 0.5224
step 31900: train loss 1.8113, val loss 2.1484
model:LGT723E iter 31900: loss 1.2974, time 26165.79ms, mfu 4.70%
model:LGT723E iter 31910: loss 1.6356, time 1708.64ms, mfu 4.74%
model:LGT723E iter 31920: loss 1.6166, time 1709.64ms, mfu 4.79%
model:LGT723E iter 31930: loss 1.7674, time 1709.65ms, mfu 4.82%
model:LGT723E iter 31940: loss 1.6514, time 1708.73ms, mfu 4.86%
------average encoder activity 2.060
-----------average decoder density 0.5255
step 31950: train loss 1.8040, val loss 2.1430
model:LGT723E iter 31950: loss 1.4939, time 26239.75ms, mfu 4.41%
model:LGT723E iter 31960: loss 1.3492, time 1709.65ms, mfu 4.48%
model:LGT723E iter 31970: loss 1.4736, time 1709.14ms, mfu 4.55%
model:LGT723E iter 31980: loss 1.4521, time 1717.67ms, mfu 4.61%
model:LGT723E iter 31990: loss 1.4048, time 1711.00ms, mfu 4.67%
------average encoder activity 2.057
-----------average decoder density 0.5214
step 32000: train loss 1.8379, val loss 2.1734
model:LGT723E iter 32000: loss 1.6071, time 26170.58ms, mfu 4.24%
model:LGT723E iter 32010: loss 1.3827, time 1707.66ms, mfu 4.33%
model:LGT723E iter 32020: loss 1.4431, time 1707.43ms, mfu 4.41%
model:LGT723E iter 32030: loss 1.8574, time 1707.89ms, mfu 4.49%
model:LGT723E iter 32040: loss 1.5905, time 1708.12ms, mfu 4.56%
------average encoder activity 2.056
-----------average decoder density 0.5138
step 32050: train loss 1.8018, val loss 2.1592
model:LGT723E iter 32050: loss 1.6992, time 26121.33ms, mfu 4.14%
model:LGT723E iter 32060: loss 1.4350, time 1708.23ms, mfu 4.24%
model:LGT723E iter 32070: loss 1.4868, time 1708.20ms, mfu 4.34%
model:LGT723E iter 32080: loss 1.5062, time 1708.30ms, mfu 4.42%
model:LGT723E iter 32090: loss 1.6789, time 1708.11ms, mfu 4.50%
------average encoder activity 2.055
-----------average decoder density 0.4987
step 32100: train loss 1.9225, val loss 2.1792
model:LGT723E iter 32100: loss 1.6285, time 26138.61ms, mfu 4.08%
model:LGT723E iter 32110: loss 1.8296, time 1711.17ms, mfu 4.19%
model:LGT723E iter 32120: loss 1.4033, time 1718.03ms, mfu 4.28%
model:LGT723E iter 32130: loss 1.7584, time 1709.14ms, mfu 4.37%
model:LGT723E iter 32140: loss 1.8756, time 1712.96ms, mfu 4.45%
------average encoder activity 2.050
-----------average decoder density 0.5081
step 32150: train loss 1.8669, val loss 2.1547
model:LGT723E iter 32150: loss 1.6934, time 26132.47ms, mfu 4.04%
model:LGT723E iter 32160: loss 1.5541, time 1708.23ms, mfu 4.15%
model:LGT723E iter 32170: loss 1.8044, time 1708.56ms, mfu 4.26%
model:LGT723E iter 32180: loss 2.0550, time 1708.54ms, mfu 4.35%
model:LGT723E iter 32190: loss 1.6191, time 1708.77ms, mfu 4.43%
------average encoder activity 2.048
-----------average decoder density 0.5335
step 32200: train loss 1.8565, val loss 2.1485
model:LGT723E iter 32200: loss 1.4514, time 26134.25ms, mfu 4.02%
model:LGT723E iter 32210: loss 1.5874, time 1708.13ms, mfu 4.14%
model:LGT723E iter 32220: loss 1.8160, time 1707.82ms, mfu 4.24%
model:LGT723E iter 32230: loss 1.4759, time 1708.34ms, mfu 4.34%
model:LGT723E iter 32240: loss 1.9099, time 1708.21ms, mfu 4.42%
------average encoder activity 2.047
-----------average decoder density 0.5112
step 32250: train loss 1.8859, val loss 2.1650
model:LGT723E iter 32250: loss 1.6335, time 26144.32ms, mfu 4.01%
model:LGT723E iter 32260: loss 1.4194, time 1708.44ms, mfu 4.13%
model:LGT723E iter 32270: loss 1.1772, time 1708.02ms, mfu 4.23%
model:LGT723E iter 32280: loss 1.4390, time 1708.62ms, mfu 4.33%
model:LGT723E iter 32290: loss 1.3824, time 1708.37ms, mfu 4.41%
------average encoder activity 2.045
-----------average decoder density 0.4845
step 32300: train loss 1.8440, val loss 2.2003
model:LGT723E iter 32300: loss 1.5840, time 26136.30ms, mfu 4.01%
model:LGT723E iter 32310: loss 2.0302, time 1708.64ms, mfu 4.12%
model:LGT723E iter 32320: loss 1.8398, time 1712.35ms, mfu 4.23%
model:LGT723E iter 32330: loss 1.6356, time 1711.08ms, mfu 4.32%
model:LGT723E iter 32340: loss 1.6502, time 1717.39ms, mfu 4.40%
------average encoder activity 2.045
-----------average decoder density 0.5111
step 32350: train loss 1.8599, val loss 2.1643
model:LGT723E iter 32350: loss 1.7450, time 26146.19ms, mfu 4.00%
model:LGT723E iter 32360: loss 1.9174, time 1706.25ms, mfu 4.12%
model:LGT723E iter 32370: loss 1.6680, time 1705.65ms, mfu 4.22%
model:LGT723E iter 32380: loss 1.4813, time 1705.53ms, mfu 4.32%
model:LGT723E iter 32390: loss 1.3135, time 1705.45ms, mfu 4.41%
------average encoder activity 2.046
-----------average decoder density 0.5068
step 32400: train loss 1.8560, val loss 2.1608
model:LGT723E iter 32400: loss 1.9210, time 26123.57ms, mfu 4.00%
model:LGT723E iter 32410: loss 1.8979, time 1706.11ms, mfu 4.12%
model:LGT723E iter 32420: loss 1.9925, time 1705.17ms, mfu 4.22%
model:LGT723E iter 32430: loss 1.6255, time 1705.10ms, mfu 4.32%
model:LGT723E iter 32440: loss 1.7319, time 1705.43ms, mfu 4.41%
------average encoder activity 2.046
-----------average decoder density 0.4913
step 32450: train loss 1.8466, val loss 2.1577
model:LGT723E iter 32450: loss 1.7529, time 26114.95ms, mfu 4.00%
model:LGT723E iter 32460: loss 1.7991, time 1705.36ms, mfu 4.12%
model:LGT723E iter 32470: loss 1.5834, time 1708.04ms, mfu 4.22%
model:LGT723E iter 32480: loss 2.0946, time 1708.49ms, mfu 4.32%
model:LGT723E iter 32490: loss 1.7118, time 1708.57ms, mfu 4.41%
------average encoder activity 2.047
-----------average decoder density 0.4991
step 32500: train loss 1.8650, val loss 2.1290
model:LGT723E iter 32500: loss 1.8502, time 26126.72ms, mfu 4.00%
model:LGT723E iter 32510: loss 1.8329, time 1708.51ms, mfu 4.12%
model:LGT723E iter 32520: loss 1.8697, time 1708.07ms, mfu 4.22%
model:LGT723E iter 32530: loss 1.7097, time 1710.32ms, mfu 4.32%
model:LGT723E iter 32540: loss 1.7934, time 1709.51ms, mfu 4.40%
------average encoder activity 2.045
-----------average decoder density 0.5149
step 32550: train loss 1.8363, val loss 2.1373
model:LGT723E iter 32550: loss 2.1093, time 26259.84ms, mfu 4.00%
model:LGT723E iter 32560: loss 1.8220, time 1708.13ms, mfu 4.11%
model:LGT723E iter 32570: loss 1.6465, time 1712.11ms, mfu 4.22%
model:LGT723E iter 32580: loss 1.6066, time 1708.84ms, mfu 4.32%
model:LGT723E iter 32590: loss 1.9737, time 1708.51ms, mfu 4.40%
------average encoder activity 2.044
-----------average decoder density 0.4907
step 32600: train loss 1.8393, val loss 2.1219
saving checkpoint to out-novel-char3_LGT723E_3d25ede0cfd080d9e35756b051dcef65
model:LGT723E iter 32600: loss 1.9202, time 27442.49ms, mfu 3.99%
model:LGT723E iter 32610: loss 1.6237, time 1708.08ms, mfu 4.11%
model:LGT723E iter 32620: loss 1.6694, time 1709.07ms, mfu 4.22%
model:LGT723E iter 32630: loss 1.6426, time 1708.90ms, mfu 4.31%
model:LGT723E iter 32640: loss 1.8315, time 1708.53ms, mfu 4.40%
------average encoder activity 2.045
-----------average decoder density 0.4918
step 32650: train loss 1.8768, val loss 2.1249
model:LGT723E iter 32650: loss 1.7757, time 26302.51ms, mfu 3.99%
model:LGT723E iter 32660: loss 1.4660, time 1708.68ms, mfu 4.11%
Overriding config with config/train_novel_char3.py:
# train a miniature character-level shakespeare model
# good for debugging and playing on macbooks and such

out_dir = 'out-novel-char3'
eval_interval = 250 # keep frequent because we'll overfit
eval_iters = 200
log_interval = 10 # don't print too too often

# we expect to overfit on this small dataset, so only save when val improves
always_save_checkpoint = False

wandb_log = False # override via command line if you like
wandb_project = 'novel'
wandb_run_name = 'novel'

dataset = 'novel_char3'
gradient_accumulation_steps = 1
# gradient_accumulation_steps = 6
gradient_accumulation_steps = 12
# gradient_accumulation_steps = 24
# gradient_accumulation_steps = 48
# batch_size = 12
batch_size = 2
# batch_size = 1
# block_size = 256 # context of up to 256 previous characters
# block_size = 256 # context of up to 256 previous characters
# block_size = 64 # context of up to 256 previous characters
block_size = 1024 # context of up to 256 previous characters

# baby GPT model :)
n_layer = 6
n_head = 6
n_embd = 384
# n_embd = 182
dropout = 0.2

# learning_rate = 1e-3 # with baby networks can afford to go a bit higher
learning_rate = 1e-4 # with baby networks can afford to go a bit higher

# max_iters = 5000
# lr_decay_iters = 5000 # make equal to max_iters usually

max_iters = 500000
lr_decay_iters = 500000 # make equal to max_iters usually

min_lr = 5e-6 # learning_rate / 10 usually
beta2 = 0.99 # make a bit bigger because number of tokens per iter is small

warmup_iters = 100 # not super necessary potentially

# on macbook also add
# device = 'cpu'  # run on cpu only
# compile = False # do not torch compile the model
# init_from ='resume'


'''
python3 -u sample.py config/train_novel.py --out_dir=out-novel-word_CCM232_c85667cd6eadbcf772d23fa97827c506 --model=CCM232
python3 -u sample.py config/train_novel.py --out_dir=out-novel-word_CCM251_4bfeb7b3e1b9c46a2542bb9406173e22 --model=CCM251
python3 -u sample.py config/train_novel.py --out_dir=out-novel-word_CCM253_01b622029bb00e0dc9206cae3b0ab559 --model=CCM253 
python3 -u sample.py config/train_novel.py --out_dir=out-novel-word_CCM276_01b622029bb00e0dc9206cae3b0ab559 --model=CCM276
python3 -u sample.py config/train_novel.py --out_dir=out-novel-word_CCM278_a97bfe077b316033e3604831d5ad371e --model=CCM278
python3 -u sample.py config/train_novel.py --out_dir=out-novel-word_CCM305_52efa1def80492f81622f536ac701226 --model=CCM305


out-novel-word_CCM276_01b622029bb00e0dc9206cae3b0ab559

'''
#### python3 -u sample.py config/train_novel.py --out_dir=out-novel-word_CCM232_c85667cd6eadbcf772d23fa97827c506 --model=CCM232
Overriding: init_from = resume
Overriding: compile = False
Overriding: model = LGT723E
Overriding: n_layer = 70
Overriding: n_head = 12
Overriding: share_layer = False
Overriding: always_save_checkpoint = False
Overriding: max_iters = 2500999
Overriding: best_val_loss_force = 10.001
Overriding: min_lr = 5e-06
Overriding: dropout = 0.0
Overriding: eval_interval = 50
Overriding: force_resave = 0
Overriding: random_seed = 3
tokens per iteration will be: 24,576
found vocab_size = 73440 (inside data/novel_char3/meta.pkl)
out_dir: out-novel-char3_LGT723E_3d25ede0cfd080d9e35756b051dcef65
Resuming training from out-novel-char3_LGT723E_3d25ede0cfd080d9e35756b051dcef65
WARNING: using slow attention. Flash Attention requires PyTorch >= 2.0
WARNING: using slow attention. Flash Attention requires PyTorch >= 2.0
WARNING: using slow attention. Flash Attention requires PyTorch >= 2.0
WARNING: using slow attention. Flash Attention requires PyTorch >= 2.0
WARNING: using slow attention. Flash Attention requires PyTorch >= 2.0
WARNING: using slow attention. Flash Attention requires PyTorch >= 2.0
WARNING: using slow attention. Flash Attention requires PyTorch >= 2.0
WARNING: using slow attention. Flash Attention requires PyTorch >= 2.0
WARNING: using slow attention. Flash Attention requires PyTorch >= 2.0
WARNING: using slow attention. Flash Attention requires PyTorch >= 2.0
WARNING: using slow attention. Flash Attention requires PyTorch >= 2.0
WARNING: using slow attention. Flash Attention requires PyTorch >= 2.0
WARNING: using slow attention. Flash Attention requires PyTorch >= 2.0
WARNING: using slow attention. Flash Attention requires PyTorch >= 2.0
WARNING: using slow attention. Flash Attention requires PyTorch >= 2.0
WARNING: using slow attention. Flash Attention requires PyTorch >= 2.0
WARNING: using slow attention. Flash Attention requires PyTorch >= 2.0
WARNING: using slow attention. Flash Attention requires PyTorch >= 2.0
WARNING: using slow attention. Flash Attention requires PyTorch >= 2.0
WARNING: using slow attention. Flash Attention requires PyTorch >= 2.0
WARNING: using slow attention. Flash Attention requires PyTorch >= 2.0
WARNING: using slow attention. Flash Attention requires PyTorch >= 2.0
WARNING: using slow attention. Flash Attention requires PyTorch >= 2.0
WARNING: using slow attention. Flash Attention requires PyTorch >= 2.0
WARNING: using slow attention. Flash Attention requires PyTorch >= 2.0
WARNING: using slow attention. Flash Attention requires PyTorch >= 2.0
WARNING: using slow attention. Flash Attention requires PyTorch >= 2.0
WARNING: using slow attention. Flash Attention requires PyTorch >= 2.0
WARNING: using slow attention. Flash Attention requires PyTorch >= 2.0
WARNING: using slow attention. Flash Attention requires PyTorch >= 2.0
WARNING: using slow attention. Flash Attention requires PyTorch >= 2.0
WARNING: using slow attention. Flash Attention requires PyTorch >= 2.0
WARNING: using slow attention. Flash Attention requires PyTorch >= 2.0
WARNING: using slow attention. Flash Attention requires PyTorch >= 2.0
WARNING: using slow attention. Flash Attention requires PyTorch >= 2.0
num decayed parameter tensors: 178, with 111,869,184 parameters
num non-decayed parameter tensors: 109, with 20,671,873 parameters
using fused AdamW: True
------average encoder activity 2.044
-----------average decoder density 0.4915
step 32600: train loss 1.8770, val loss 2.1382
saving checkpoint to out-novel-char3_LGT723E_3d25ede0cfd080d9e35756b051dcef65
model:LGT723E iter 32600: loss 1.6606, time 27499.81ms, mfu -100.00%
model:LGT723E iter 32610: loss 1.5903, time 1705.78ms, mfu 5.19%
model:LGT723E iter 32620: loss 1.6101, time 1706.48ms, mfu 5.18%
model:LGT723E iter 32630: loss 1.6098, time 1709.05ms, mfu 5.18%
model:LGT723E iter 32640: loss 1.5321, time 1708.42ms, mfu 5.18%
------average encoder activity 2.040
-----------average decoder density 0.5156
step 32650: train loss 1.8414, val loss 2.1772
model:LGT723E iter 32650: loss 1.2516, time 26284.72ms, mfu 4.70%
model:LGT723E iter 32660: loss 1.5649, time 1711.35ms, mfu 4.75%
model:LGT723E iter 32670: loss 1.5625, time 1710.60ms, mfu 4.79%
model:LGT723E iter 32680: loss 1.7206, time 1710.84ms, mfu 4.83%
model:LGT723E iter 32690: loss 1.5479, time 1709.82ms, mfu 4.86%
------average encoder activity 2.038
-----------average decoder density 0.5211
step 32700: train loss 1.8311, val loss 2.1792
model:LGT723E iter 32700: loss 1.4572, time 26184.67ms, mfu 4.41%
model:LGT723E iter 32710: loss 1.2923, time 1709.65ms, mfu 4.49%
model:LGT723E iter 32720: loss 1.4392, time 1716.27ms, mfu 4.55%
model:LGT723E iter 32730: loss 1.4021, time 1712.85ms, mfu 4.61%
model:LGT723E iter 32740: loss 1.3502, time 1711.17ms, mfu 4.67%
------average encoder activity 2.033
-----------average decoder density 0.5163
step 32750: train loss 1.8597, val loss 2.2009
model:LGT723E iter 32750: loss 1.5682, time 26259.25ms, mfu 4.24%
model:LGT723E iter 32760: loss 1.3482, time 1710.65ms, mfu 4.33%
model:LGT723E iter 32770: loss 1.4054, time 1710.30ms, mfu 4.41%
model:LGT723E iter 32780: loss 1.8204, time 1710.21ms, mfu 4.49%
model:LGT723E iter 32790: loss 1.5309, time 1710.08ms, mfu 4.56%
------average encoder activity 2.030
-----------average decoder density 0.5108
step 32800: train loss 1.8317, val loss 2.1960
model:LGT723E iter 32800: loss 1.6446, time 26202.71ms, mfu 4.14%
model:LGT723E iter 32810: loss 1.3732, time 1711.08ms, mfu 4.24%
model:LGT723E iter 32820: loss 1.4180, time 1710.43ms, mfu 4.33%
model:LGT723E iter 32830: loss 1.4665, time 1710.69ms, mfu 4.42%
model:LGT723E iter 32840: loss 1.6272, time 1709.86ms, mfu 4.49%
------average encoder activity 2.027
-----------average decoder density 0.4966
step 32850: train loss 1.9434, val loss 2.2177
model:LGT723E iter 32850: loss 1.5559, time 26183.49ms, mfu 4.08%
Overriding config with config/train_novel_char3.py:
# train a miniature character-level shakespeare model
# good for debugging and playing on macbooks and such

out_dir = 'out-novel-char3'
eval_interval = 250 # keep frequent because we'll overfit
eval_iters = 200
log_interval = 10 # don't print too too often

# we expect to overfit on this small dataset, so only save when val improves
always_save_checkpoint = False

wandb_log = False # override via command line if you like
wandb_project = 'novel'
wandb_run_name = 'novel'

dataset = 'novel_char3'
gradient_accumulation_steps = 1
# gradient_accumulation_steps = 6
gradient_accumulation_steps = 12
# gradient_accumulation_steps = 24
# gradient_accumulation_steps = 48
# batch_size = 12
batch_size = 2
# batch_size = 1
# block_size = 256 # context of up to 256 previous characters
# block_size = 256 # context of up to 256 previous characters
# block_size = 64 # context of up to 256 previous characters
block_size = 1024 # context of up to 256 previous characters

# baby GPT model :)
n_layer = 6
n_head = 6
n_embd = 384
# n_embd = 182
dropout = 0.2

# learning_rate = 1e-3 # with baby networks can afford to go a bit higher
learning_rate = 1e-4 # with baby networks can afford to go a bit higher

# max_iters = 5000
# lr_decay_iters = 5000 # make equal to max_iters usually

max_iters = 500000
lr_decay_iters = 500000 # make equal to max_iters usually

min_lr = 5e-6 # learning_rate / 10 usually
beta2 = 0.99 # make a bit bigger because number of tokens per iter is small

warmup_iters = 100 # not super necessary potentially

# on macbook also add
# device = 'cpu'  # run on cpu only
# compile = False # do not torch compile the model
# init_from ='resume'


'''
python3 -u sample.py config/train_novel.py --out_dir=out-novel-word_CCM232_c85667cd6eadbcf772d23fa97827c506 --model=CCM232
python3 -u sample.py config/train_novel.py --out_dir=out-novel-word_CCM251_4bfeb7b3e1b9c46a2542bb9406173e22 --model=CCM251
python3 -u sample.py config/train_novel.py --out_dir=out-novel-word_CCM253_01b622029bb00e0dc9206cae3b0ab559 --model=CCM253 
python3 -u sample.py config/train_novel.py --out_dir=out-novel-word_CCM276_01b622029bb00e0dc9206cae3b0ab559 --model=CCM276
python3 -u sample.py config/train_novel.py --out_dir=out-novel-word_CCM278_a97bfe077b316033e3604831d5ad371e --model=CCM278
python3 -u sample.py config/train_novel.py --out_dir=out-novel-word_CCM305_52efa1def80492f81622f536ac701226 --model=CCM305


out-novel-word_CCM276_01b622029bb00e0dc9206cae3b0ab559

'''
#### python3 -u sample.py config/train_novel.py --out_dir=out-novel-word_CCM232_c85667cd6eadbcf772d23fa97827c506 --model=CCM232
Overriding: init_from = resume
Overriding: compile = False
Overriding: model = LGT723E
Overriding: n_layer = 70
Overriding: n_head = 12
Overriding: share_layer = False
Overriding: always_save_checkpoint = False
Overriding: max_iters = 2500999
Overriding: best_val_loss_force = 10.001
Overriding: min_lr = 5e-06
Overriding: dropout = 0.0
Overriding: eval_interval = 50
Overriding: force_resave = 0
Overriding: random_seed = 3
tokens per iteration will be: 24,576
found vocab_size = 73440 (inside data/novel_char3/meta.pkl)
out_dir: out-novel-char3_LGT723E_3d25ede0cfd080d9e35756b051dcef65
Resuming training from out-novel-char3_LGT723E_3d25ede0cfd080d9e35756b051dcef65
WARNING: using slow attention. Flash Attention requires PyTorch >= 2.0
WARNING: using slow attention. Flash Attention requires PyTorch >= 2.0
WARNING: using slow attention. Flash Attention requires PyTorch >= 2.0
WARNING: using slow attention. Flash Attention requires PyTorch >= 2.0
WARNING: using slow attention. Flash Attention requires PyTorch >= 2.0
WARNING: using slow attention. Flash Attention requires PyTorch >= 2.0
WARNING: using slow attention. Flash Attention requires PyTorch >= 2.0
WARNING: using slow attention. Flash Attention requires PyTorch >= 2.0
WARNING: using slow attention. Flash Attention requires PyTorch >= 2.0
WARNING: using slow attention. Flash Attention requires PyTorch >= 2.0
WARNING: using slow attention. Flash Attention requires PyTorch >= 2.0
WARNING: using slow attention. Flash Attention requires PyTorch >= 2.0
WARNING: using slow attention. Flash Attention requires PyTorch >= 2.0
WARNING: using slow attention. Flash Attention requires PyTorch >= 2.0
WARNING: using slow attention. Flash Attention requires PyTorch >= 2.0
WARNING: using slow attention. Flash Attention requires PyTorch >= 2.0
WARNING: using slow attention. Flash Attention requires PyTorch >= 2.0
WARNING: using slow attention. Flash Attention requires PyTorch >= 2.0
WARNING: using slow attention. Flash Attention requires PyTorch >= 2.0
WARNING: using slow attention. Flash Attention requires PyTorch >= 2.0
WARNING: using slow attention. Flash Attention requires PyTorch >= 2.0
WARNING: using slow attention. Flash Attention requires PyTorch >= 2.0
WARNING: using slow attention. Flash Attention requires PyTorch >= 2.0
WARNING: using slow attention. Flash Attention requires PyTorch >= 2.0
WARNING: using slow attention. Flash Attention requires PyTorch >= 2.0
WARNING: using slow attention. Flash Attention requires PyTorch >= 2.0
WARNING: using slow attention. Flash Attention requires PyTorch >= 2.0
WARNING: using slow attention. Flash Attention requires PyTorch >= 2.0
WARNING: using slow attention. Flash Attention requires PyTorch >= 2.0
WARNING: using slow attention. Flash Attention requires PyTorch >= 2.0
WARNING: using slow attention. Flash Attention requires PyTorch >= 2.0
WARNING: using slow attention. Flash Attention requires PyTorch >= 2.0
WARNING: using slow attention. Flash Attention requires PyTorch >= 2.0
WARNING: using slow attention. Flash Attention requires PyTorch >= 2.0
WARNING: using slow attention. Flash Attention requires PyTorch >= 2.0
num decayed parameter tensors: 178, with 111,869,184 parameters
num non-decayed parameter tensors: 109, with 20,671,873 parameters
using fused AdamW: True
------average encoder activity 2.044
-----------average decoder density 0.4915
Overriding config with config/train_novel_char3.py:
# train a miniature character-level shakespeare model
# good for debugging and playing on macbooks and such

out_dir = 'out-novel-char3'
eval_interval = 250 # keep frequent because we'll overfit
eval_iters = 200
log_interval = 10 # don't print too too often

# we expect to overfit on this small dataset, so only save when val improves
always_save_checkpoint = False

wandb_log = False # override via command line if you like
wandb_project = 'novel'
wandb_run_name = 'novel'

dataset = 'novel_char3'
gradient_accumulation_steps = 1
# gradient_accumulation_steps = 6
gradient_accumulation_steps = 12
# gradient_accumulation_steps = 24
# gradient_accumulation_steps = 48
# batch_size = 12
batch_size = 2
# batch_size = 1
# block_size = 256 # context of up to 256 previous characters
# block_size = 256 # context of up to 256 previous characters
# block_size = 64 # context of up to 256 previous characters
block_size = 1024 # context of up to 256 previous characters

# baby GPT model :)
n_layer = 6
n_head = 6
n_embd = 384
# n_embd = 182
dropout = 0.2

# learning_rate = 1e-3 # with baby networks can afford to go a bit higher
learning_rate = 1e-4 # with baby networks can afford to go a bit higher

# max_iters = 5000
# lr_decay_iters = 5000 # make equal to max_iters usually

max_iters = 500000
lr_decay_iters = 500000 # make equal to max_iters usually

min_lr = 5e-6 # learning_rate / 10 usually
beta2 = 0.99 # make a bit bigger because number of tokens per iter is small

warmup_iters = 100 # not super necessary potentially

# on macbook also add
# device = 'cpu'  # run on cpu only
# compile = False # do not torch compile the model
# init_from ='resume'


'''
python3 -u sample.py config/train_novel.py --out_dir=out-novel-word_CCM232_c85667cd6eadbcf772d23fa97827c506 --model=CCM232
python3 -u sample.py config/train_novel.py --out_dir=out-novel-word_CCM251_4bfeb7b3e1b9c46a2542bb9406173e22 --model=CCM251
python3 -u sample.py config/train_novel.py --out_dir=out-novel-word_CCM253_01b622029bb00e0dc9206cae3b0ab559 --model=CCM253 
python3 -u sample.py config/train_novel.py --out_dir=out-novel-word_CCM276_01b622029bb00e0dc9206cae3b0ab559 --model=CCM276
python3 -u sample.py config/train_novel.py --out_dir=out-novel-word_CCM278_a97bfe077b316033e3604831d5ad371e --model=CCM278
python3 -u sample.py config/train_novel.py --out_dir=out-novel-word_CCM305_52efa1def80492f81622f536ac701226 --model=CCM305


out-novel-word_CCM276_01b622029bb00e0dc9206cae3b0ab559

'''
#### python3 -u sample.py config/train_novel.py --out_dir=out-novel-word_CCM232_c85667cd6eadbcf772d23fa97827c506 --model=CCM232
Overriding: init_from = resume
Overriding: compile = False
Overriding: model = LGT723E
Overriding: n_layer = 70
Overriding: n_head = 12
Overriding: share_layer = False
Overriding: always_save_checkpoint = True
Overriding: max_iters = 2500999
Overriding: best_val_loss_force = 10.001
Overriding: min_lr = 5e-06
Overriding: dropout = 0.0
Overriding: eval_interval = 50
Overriding: force_resave = 0
Overriding: random_seed = 3
tokens per iteration will be: 24,576
found vocab_size = 73440 (inside data/novel_char3/meta.pkl)
out_dir: out-novel-char3_LGT723E_3d25ede0cfd080d9e35756b051dcef65
Resuming training from out-novel-char3_LGT723E_3d25ede0cfd080d9e35756b051dcef65
WARNING: using slow attention. Flash Attention requires PyTorch >= 2.0
WARNING: using slow attention. Flash Attention requires PyTorch >= 2.0
WARNING: using slow attention. Flash Attention requires PyTorch >= 2.0
WARNING: using slow attention. Flash Attention requires PyTorch >= 2.0
WARNING: using slow attention. Flash Attention requires PyTorch >= 2.0
WARNING: using slow attention. Flash Attention requires PyTorch >= 2.0
WARNING: using slow attention. Flash Attention requires PyTorch >= 2.0
WARNING: using slow attention. Flash Attention requires PyTorch >= 2.0
WARNING: using slow attention. Flash Attention requires PyTorch >= 2.0
WARNING: using slow attention. Flash Attention requires PyTorch >= 2.0
WARNING: using slow attention. Flash Attention requires PyTorch >= 2.0
WARNING: using slow attention. Flash Attention requires PyTorch >= 2.0
WARNING: using slow attention. Flash Attention requires PyTorch >= 2.0
WARNING: using slow attention. Flash Attention requires PyTorch >= 2.0
WARNING: using slow attention. Flash Attention requires PyTorch >= 2.0
WARNING: using slow attention. Flash Attention requires PyTorch >= 2.0
WARNING: using slow attention. Flash Attention requires PyTorch >= 2.0
WARNING: using slow attention. Flash Attention requires PyTorch >= 2.0
WARNING: using slow attention. Flash Attention requires PyTorch >= 2.0
WARNING: using slow attention. Flash Attention requires PyTorch >= 2.0
WARNING: using slow attention. Flash Attention requires PyTorch >= 2.0
WARNING: using slow attention. Flash Attention requires PyTorch >= 2.0
WARNING: using slow attention. Flash Attention requires PyTorch >= 2.0
WARNING: using slow attention. Flash Attention requires PyTorch >= 2.0
WARNING: using slow attention. Flash Attention requires PyTorch >= 2.0
WARNING: using slow attention. Flash Attention requires PyTorch >= 2.0
WARNING: using slow attention. Flash Attention requires PyTorch >= 2.0
WARNING: using slow attention. Flash Attention requires PyTorch >= 2.0
WARNING: using slow attention. Flash Attention requires PyTorch >= 2.0
WARNING: using slow attention. Flash Attention requires PyTorch >= 2.0
WARNING: using slow attention. Flash Attention requires PyTorch >= 2.0
WARNING: using slow attention. Flash Attention requires PyTorch >= 2.0
WARNING: using slow attention. Flash Attention requires PyTorch >= 2.0
WARNING: using slow attention. Flash Attention requires PyTorch >= 2.0
WARNING: using slow attention. Flash Attention requires PyTorch >= 2.0
num decayed parameter tensors: 178, with 111,869,184 parameters
num non-decayed parameter tensors: 109, with 20,671,873 parameters
using fused AdamW: True
------average encoder activity 2.044
-----------average decoder density 0.4915
step 32600: train loss 1.8770, val loss 2.1382
saving checkpoint to out-novel-char3_LGT723E_3d25ede0cfd080d9e35756b051dcef65
model:LGT723E iter 32600: loss 1.6606, time 27412.72ms, mfu -100.00%
model:LGT723E iter 32610: loss 1.5903, time 1705.74ms, mfu 5.19%
model:LGT723E iter 32620: loss 1.6101, time 1704.46ms, mfu 5.19%
model:LGT723E iter 32630: loss 1.6098, time 1706.70ms, mfu 5.19%
model:LGT723E iter 32640: loss 1.5321, time 1707.16ms, mfu 5.18%
------average encoder activity 2.040
-----------average decoder density 0.5156
step 32650: train loss 1.8414, val loss 2.1772
saving checkpoint to out-novel-char3_LGT723E_3d25ede0cfd080d9e35756b051dcef65
model:LGT723E iter 32650: loss 1.2516, time 27452.09ms, mfu 4.70%
model:LGT723E iter 32660: loss 1.5649, time 1708.02ms, mfu 4.75%
model:LGT723E iter 32670: loss 1.5625, time 1707.94ms, mfu 4.79%
model:LGT723E iter 32680: loss 1.7206, time 1707.59ms, mfu 4.83%
model:LGT723E iter 32690: loss 1.5479, time 1706.66ms, mfu 4.86%
------average encoder activity 2.038
-----------average decoder density 0.5211
step 32700: train loss 1.8311, val loss 2.1792
saving checkpoint to out-novel-char3_LGT723E_3d25ede0cfd080d9e35756b051dcef65
model:LGT723E iter 32700: loss 1.4572, time 27458.93ms, mfu 4.41%
model:LGT723E iter 32710: loss 1.2923, time 1708.45ms, mfu 4.49%
model:LGT723E iter 32720: loss 1.4392, time 1708.61ms, mfu 4.56%
model:LGT723E iter 32730: loss 1.4021, time 1708.43ms, mfu 4.62%
model:LGT723E iter 32740: loss 1.3502, time 1708.48ms, mfu 4.67%
------average encoder activity 2.033
-----------average decoder density 0.5163
step 32750: train loss 1.8597, val loss 2.2009
saving checkpoint to out-novel-char3_LGT723E_3d25ede0cfd080d9e35756b051dcef65
model:LGT723E iter 32750: loss 1.5682, time 27631.35ms, mfu 4.24%
model:LGT723E iter 32760: loss 1.3482, time 1710.12ms, mfu 4.33%
model:LGT723E iter 32770: loss 1.4054, time 1708.92ms, mfu 4.42%
model:LGT723E iter 32780: loss 1.8204, time 1708.60ms, mfu 4.49%
model:LGT723E iter 32790: loss 1.5309, time 1708.98ms, mfu 4.56%
------average encoder activity 2.030
-----------average decoder density 0.5108
step 32800: train loss 1.8317, val loss 2.1960
saving checkpoint to out-novel-char3_LGT723E_3d25ede0cfd080d9e35756b051dcef65
model:LGT723E iter 32800: loss 1.6446, time 27485.50ms, mfu 4.14%
model:LGT723E iter 32810: loss 1.3732, time 1708.59ms, mfu 4.24%
model:LGT723E iter 32820: loss 1.4180, time 1708.64ms, mfu 4.33%
model:LGT723E iter 32830: loss 1.4665, time 1708.97ms, mfu 4.42%
model:LGT723E iter 32840: loss 1.6272, time 1708.90ms, mfu 4.49%
------average encoder activity 2.027
-----------average decoder density 0.4966
step 32850: train loss 1.9434, val loss 2.2177
saving checkpoint to out-novel-char3_LGT723E_3d25ede0cfd080d9e35756b051dcef65
model:LGT723E iter 32850: loss 1.5559, time 27474.71ms, mfu 4.08%
model:LGT723E iter 32860: loss 1.8060, time 1708.82ms, mfu 4.19%
model:LGT723E iter 32870: loss 1.3310, time 1709.54ms, mfu 4.29%
model:LGT723E iter 32880: loss 1.6716, time 1710.98ms, mfu 4.37%
model:LGT723E iter 32890: loss 1.8133, time 1709.44ms, mfu 4.45%
------average encoder activity 2.023
-----------average decoder density 0.5028
step 32900: train loss 1.8852, val loss 2.1911
saving checkpoint to out-novel-char3_LGT723E_3d25ede0cfd080d9e35756b051dcef65
model:LGT723E iter 32900: loss 1.6299, time 27451.05ms, mfu 4.04%
model:LGT723E iter 32910: loss 1.4804, time 1705.46ms, mfu 4.16%
model:LGT723E iter 32920: loss 1.7149, time 1707.53ms, mfu 4.26%
model:LGT723E iter 32930: loss 1.9917, time 1705.49ms, mfu 4.35%
model:LGT723E iter 32940: loss 1.5363, time 1705.42ms, mfu 4.43%
------average encoder activity 2.023
-----------average decoder density 0.5274
step 32950: train loss 1.8788, val loss 2.1878
saving checkpoint to out-novel-char3_LGT723E_3d25ede0cfd080d9e35756b051dcef65
model:LGT723E iter 32950: loss 1.4049, time 27433.95ms, mfu 4.02%
model:LGT723E iter 32960: loss 1.5301, time 1705.20ms, mfu 4.14%
model:LGT723E iter 32970: loss 1.7529, time 1705.72ms, mfu 4.24%
model:LGT723E iter 32980: loss 1.4097, time 1707.15ms, mfu 4.34%
model:LGT723E iter 32990: loss 1.8355, time 1705.67ms, mfu 4.42%
------average encoder activity 2.022
-----------average decoder density 0.5049
step 33000: train loss 1.9007, val loss 2.1977
saving checkpoint to out-novel-char3_LGT723E_3d25ede0cfd080d9e35756b051dcef65
model:LGT723E iter 33000: loss 1.5439, time 27473.74ms, mfu 4.01%
model:LGT723E iter 33010: loss 1.3620, time 1708.17ms, mfu 4.13%
model:LGT723E iter 33020: loss 1.1081, time 1708.27ms, mfu 4.23%
model:LGT723E iter 33030: loss 1.3859, time 1708.32ms, mfu 4.33%
model:LGT723E iter 33040: loss 1.3307, time 1708.91ms, mfu 4.41%
------average encoder activity 2.020
-----------average decoder density 0.4777
step 33050: train loss 1.8621, val loss 2.2336
saving checkpoint to out-novel-char3_LGT723E_3d25ede0cfd080d9e35756b051dcef65
model:LGT723E iter 33050: loss 1.5111, time 27478.84ms, mfu 4.00%
model:LGT723E iter 33060: loss 1.9728, time 1709.26ms, mfu 4.12%
model:LGT723E iter 33070: loss 1.7736, time 1709.71ms, mfu 4.23%
model:LGT723E iter 33080: loss 1.5787, time 1709.12ms, mfu 4.32%
model:LGT723E iter 33090: loss 1.5760, time 1711.80ms, mfu 4.41%
------average encoder activity 2.018
-----------average decoder density 0.5051
step 33100: train loss 1.8842, val loss 2.1985
saving checkpoint to out-novel-char3_LGT723E_3d25ede0cfd080d9e35756b051dcef65
model:LGT723E iter 33100: loss 1.6823, time 27516.42ms, mfu 4.00%
model:LGT723E iter 33110: loss 1.8536, time 1708.35ms, mfu 4.12%
model:LGT723E iter 33120: loss 1.6056, time 1707.49ms, mfu 4.22%
