Overriding config with config/train_novel_char3.py:
# train a miniature character-level shakespeare model
# good for debugging and playing on macbooks and such

out_dir = 'out-novel-char3'
eval_interval = 250 # keep frequent because we'll overfit
eval_iters = 200
log_interval = 10 # don't print too too often

# we expect to overfit on this small dataset, so only save when val improves
always_save_checkpoint = False

wandb_log = False # override via command line if you like
wandb_project = 'novel'
wandb_run_name = 'novel'

dataset = 'novel_char3'
gradient_accumulation_steps = 1
# gradient_accumulation_steps = 6
gradient_accumulation_steps = 12
# gradient_accumulation_steps = 24
# gradient_accumulation_steps = 48
# batch_size = 12
batch_size = 2
# batch_size = 1
# block_size = 256 # context of up to 256 previous characters
# block_size = 256 # context of up to 256 previous characters
# block_size = 64 # context of up to 256 previous characters
block_size = 1024 # context of up to 256 previous characters

# baby GPT model :)
n_layer = 6
n_head = 6
n_embd = 384
# n_embd = 182
dropout = 0.2

# learning_rate = 1e-3 # with baby networks can afford to go a bit higher
learning_rate = 1e-4 # with baby networks can afford to go a bit higher

# max_iters = 5000
# lr_decay_iters = 5000 # make equal to max_iters usually

max_iters = 500000
lr_decay_iters = 500000 # make equal to max_iters usually

min_lr = 5e-6 # learning_rate / 10 usually
beta2 = 0.99 # make a bit bigger because number of tokens per iter is small

warmup_iters = 100 # not super necessary potentially

# on macbook also add
# device = 'cpu'  # run on cpu only
# compile = False # do not torch compile the model
# init_from ='resume'


'''
python3 -u sample.py config/train_novel.py --out_dir=out-novel-word_CCM232_c85667cd6eadbcf772d23fa97827c506 --model=CCM232
python3 -u sample.py config/train_novel.py --out_dir=out-novel-word_CCM251_4bfeb7b3e1b9c46a2542bb9406173e22 --model=CCM251
python3 -u sample.py config/train_novel.py --out_dir=out-novel-word_CCM253_01b622029bb00e0dc9206cae3b0ab559 --model=CCM253 
python3 -u sample.py config/train_novel.py --out_dir=out-novel-word_CCM276_01b622029bb00e0dc9206cae3b0ab559 --model=CCM276
python3 -u sample.py config/train_novel.py --out_dir=out-novel-word_CCM278_a97bfe077b316033e3604831d5ad371e --model=CCM278
python3 -u sample.py config/train_novel.py --out_dir=out-novel-word_CCM305_52efa1def80492f81622f536ac701226 --model=CCM305


out-novel-word_CCM276_01b622029bb00e0dc9206cae3b0ab559

'''
#### python3 -u sample.py config/train_novel.py --out_dir=out-novel-word_CCM232_c85667cd6eadbcf772d23fa97827c506 --model=CCM232
Overriding: init_from = scratch
Overriding: compile = False
Overriding: model = LGT730
Overriding: n_layer = 70
Overriding: n_head = 12
Overriding: share_layer = False
Overriding: always_save_checkpoint = True
Overriding: max_iters = 2500999
Overriding: best_val_loss_force = 10.001
Overriding: min_lr = 5e-06
Overriding: dropout = 0.15
Overriding: eval_interval = 50
Overriding: force_resave = 0
Overriding: random_seed = 3
tokens per iteration will be: 24,576
found vocab_size = 73440 (inside data/novel_char3/meta.pkl)
out_dir: out-novel-char3_LGT730_d34f65156182c545ea648093d502a95d
Initializing a new model from scratch
num decayed parameter tensors: 143, with 91,225,344 parameters
num non-decayed parameter tensors: 74, with 28,033 parameters
using fused AdamW: True
step 0: train loss 5.6406, val loss 5.6368
model:LGT730 iter 0: loss 5.6550, time 5340.35ms, mfu -100.00%
model:LGT730 iter 10: loss 5.4115, time 351.22ms, mfu 19.63%
model:LGT730 iter 20: loss 5.3614, time 352.05ms, mfu 19.62%
model:LGT730 iter 30: loss 5.2293, time 360.99ms, mfu 19.57%
model:LGT730 iter 40: loss 5.1081, time 351.79ms, mfu 19.57%
step 50: train loss 5.0063, val loss 4.9922
saving checkpoint to out-novel-char3_LGT730_d34f65156182c545ea648093d502a95d
Traceback (most recent call last):
  File "/root/miniconda3/lib/python3.8/site-packages/torch/serialization.py", line 441, in save
    _save(obj, opened_zipfile, pickle_module, pickle_protocol)
  File "/root/miniconda3/lib/python3.8/site-packages/torch/serialization.py", line 668, in _save
    zip_file.write_record(name, storage.data_ptr(), num_bytes)
RuntimeError: [enforce fail at inline_container.cc:471] . PytorchStreamWriter failed writing file data/369: file write failed

During handling of the above exception, another exception occurred:

Traceback (most recent call last):
  File "train.py", line 337, in <module>
    torch.save(checkpoint, os.path.join(out_dir, 'ckpt.pt'))
  File "/root/miniconda3/lib/python3.8/site-packages/torch/serialization.py", line 442, in save
    return
  File "/root/miniconda3/lib/python3.8/site-packages/torch/serialization.py", line 291, in __exit__
    self.file_like.write_end_of_file()
RuntimeError: [enforce fail at inline_container.cc:337] . unexpected pos 684998016 vs 684997968
Overriding config with config/train_novel_char3.py:
# train a miniature character-level shakespeare model
# good for debugging and playing on macbooks and such

out_dir = 'out-novel-char3'
eval_interval = 250 # keep frequent because we'll overfit
eval_iters = 200
log_interval = 10 # don't print too too often

# we expect to overfit on this small dataset, so only save when val improves
always_save_checkpoint = False

wandb_log = False # override via command line if you like
wandb_project = 'novel'
wandb_run_name = 'novel'

dataset = 'novel_char3'
gradient_accumulation_steps = 1
# gradient_accumulation_steps = 6
gradient_accumulation_steps = 12
# gradient_accumulation_steps = 24
# gradient_accumulation_steps = 48
# batch_size = 12
batch_size = 2
# batch_size = 1
# block_size = 256 # context of up to 256 previous characters
# block_size = 256 # context of up to 256 previous characters
# block_size = 64 # context of up to 256 previous characters
block_size = 1024 # context of up to 256 previous characters

# baby GPT model :)
n_layer = 6
n_head = 6
n_embd = 384
# n_embd = 182
dropout = 0.2

# learning_rate = 1e-3 # with baby networks can afford to go a bit higher
learning_rate = 1e-4 # with baby networks can afford to go a bit higher

# max_iters = 5000
# lr_decay_iters = 5000 # make equal to max_iters usually

max_iters = 500000
lr_decay_iters = 500000 # make equal to max_iters usually

min_lr = 5e-6 # learning_rate / 10 usually
beta2 = 0.99 # make a bit bigger because number of tokens per iter is small

warmup_iters = 100 # not super necessary potentially

# on macbook also add
# device = 'cpu'  # run on cpu only
# compile = False # do not torch compile the model
# init_from ='resume'


'''
python3 -u sample.py config/train_novel.py --out_dir=out-novel-word_CCM232_c85667cd6eadbcf772d23fa97827c506 --model=CCM232
python3 -u sample.py config/train_novel.py --out_dir=out-novel-word_CCM251_4bfeb7b3e1b9c46a2542bb9406173e22 --model=CCM251
python3 -u sample.py config/train_novel.py --out_dir=out-novel-word_CCM253_01b622029bb00e0dc9206cae3b0ab559 --model=CCM253 
python3 -u sample.py config/train_novel.py --out_dir=out-novel-word_CCM276_01b622029bb00e0dc9206cae3b0ab559 --model=CCM276
python3 -u sample.py config/train_novel.py --out_dir=out-novel-word_CCM278_a97bfe077b316033e3604831d5ad371e --model=CCM278
python3 -u sample.py config/train_novel.py --out_dir=out-novel-word_CCM305_52efa1def80492f81622f536ac701226 --model=CCM305


out-novel-word_CCM276_01b622029bb00e0dc9206cae3b0ab559

'''
#### python3 -u sample.py config/train_novel.py --out_dir=out-novel-word_CCM232_c85667cd6eadbcf772d23fa97827c506 --model=CCM232
Overriding: init_from = scratch
Overriding: compile = False
Overriding: model = LGT730
Overriding: n_layer = 70
Overriding: n_head = 12
Overriding: share_layer = False
Overriding: always_save_checkpoint = True
Overriding: max_iters = 2500999
Overriding: best_val_loss_force = 10.001
Overriding: min_lr = 5e-06
Overriding: dropout = 0.15
Overriding: eval_interval = 50
Overriding: force_resave = 0
Overriding: random_seed = 3
tokens per iteration will be: 24,576
found vocab_size = 73440 (inside data/novel_char3/meta.pkl)
out_dir: out-novel-char3_LGT730_d34f65156182c545ea648093d502a95d
Initializing a new model from scratch
num decayed parameter tensors: 143, with 91,225,344 parameters
num non-decayed parameter tensors: 74, with 28,033 parameters
using fused AdamW: True
step 0: train loss 5.6406, val loss 5.6367
model:LGT730 iter 0: loss 5.6550, time 5261.81ms, mfu -100.00%
model:LGT730 iter 10: loss 5.4115, time 351.42ms, mfu 19.62%
model:LGT730 iter 20: loss 5.3614, time 351.39ms, mfu 19.62%
model:LGT730 iter 30: loss 5.2293, time 351.40ms, mfu 19.62%
model:LGT730 iter 40: loss 5.1081, time 351.93ms, mfu 19.61%
step 50: train loss 5.0063, val loss 4.9921
saving checkpoint to out-novel-char3_LGT730_d34f65156182c545ea648093d502a95d
done saving checkpoint to out-novel-char3_LGT730_d34f65156182c545ea648093d502a95d
model:LGT730 iter 50: loss 4.9335, time 6281.09ms, mfu 17.76%
model:LGT730 iter 60: loss 4.8620, time 352.27ms, mfu 17.94%
model:LGT730 iter 70: loss 4.8294, time 359.55ms, mfu 18.07%
model:LGT730 iter 80: loss 4.5321, time 352.27ms, mfu 18.22%
model:LGT730 iter 90: loss 4.3792, time 351.89ms, mfu 18.35%
step 100: train loss 4.2688, val loss 4.2430
saving checkpoint to out-novel-char3_LGT730_d34f65156182c545ea648093d502a95d
done saving checkpoint to out-novel-char3_LGT730_d34f65156182c545ea648093d502a95d
model:LGT730 iter 100: loss 4.2894, time 6578.71ms, mfu 16.62%
model:LGT730 iter 110: loss 4.0649, time 353.36ms, mfu 16.91%
model:LGT730 iter 120: loss 4.0950, time 352.25ms, mfu 17.18%
model:LGT730 iter 130: loss 3.9363, time 352.65ms, mfu 17.41%
model:LGT730 iter 140: loss 4.0415, time 352.56ms, mfu 17.63%
step 150: train loss 3.8984, val loss 3.8469
saving checkpoint to out-novel-char3_LGT730_d34f65156182c545ea648093d502a95d
done saving checkpoint to out-novel-char3_LGT730_d34f65156182c545ea648093d502a95d
model:LGT730 iter 150: loss 4.0535, time 6222.31ms, mfu 15.98%
model:LGT730 iter 160: loss 4.0034, time 352.58ms, mfu 16.33%
model:LGT730 iter 170: loss 3.9444, time 377.60ms, mfu 16.53%
model:LGT730 iter 180: loss 3.8348, time 353.52ms, mfu 16.82%
model:LGT730 iter 190: loss 3.9970, time 371.25ms, mfu 17.00%
step 200: train loss 3.7529, val loss 3.7037
saving checkpoint to out-novel-char3_LGT730_d34f65156182c545ea648093d502a95d
done saving checkpoint to out-novel-char3_LGT730_d34f65156182c545ea648093d502a95d
model:LGT730 iter 200: loss 3.3734, time 6644.04ms, mfu 15.40%
model:LGT730 iter 210: loss 3.5701, time 352.89ms, mfu 15.81%
model:LGT730 iter 220: loss 3.9993, time 353.27ms, mfu 16.18%
model:LGT730 iter 230: loss 3.6421, time 352.80ms, mfu 16.52%
model:LGT730 iter 240: loss 3.7435, time 352.72ms, mfu 16.82%
step 250: train loss 3.7055, val loss 3.6264
saving checkpoint to out-novel-char3_LGT730_d34f65156182c545ea648093d502a95d
done saving checkpoint to out-novel-char3_LGT730_d34f65156182c545ea648093d502a95d
model:LGT730 iter 250: loss 3.7110, time 6378.87ms, mfu 15.25%
model:LGT730 iter 260: loss 3.6226, time 352.68ms, mfu 15.68%
model:LGT730 iter 270: loss 3.5873, time 352.82ms, mfu 16.06%
model:LGT730 iter 280: loss 3.8046, time 353.01ms, mfu 16.41%
model:LGT730 iter 290: loss 3.8184, time 354.09ms, mfu 16.72%
step 300: train loss 3.6407, val loss 3.5855
saving checkpoint to out-novel-char3_LGT730_d34f65156182c545ea648093d502a95d
done saving checkpoint to out-novel-char3_LGT730_d34f65156182c545ea648093d502a95d
model:LGT730 iter 300: loss 3.6837, time 6299.03ms, mfu 15.15%
model:LGT730 iter 310: loss 3.6968, time 352.90ms, mfu 15.59%
model:LGT730 iter 320: loss 3.9072, time 362.90ms, mfu 15.93%
model:LGT730 iter 330: loss 3.7587, time 355.53ms, mfu 16.28%
model:LGT730 iter 340: loss 3.6643, time 358.07ms, mfu 16.58%
step 350: train loss 3.5798, val loss 3.5427
saving checkpoint to out-novel-char3_LGT730_d34f65156182c545ea648093d502a95d
done saving checkpoint to out-novel-char3_LGT730_d34f65156182c545ea648093d502a95d
model:LGT730 iter 350: loss 2.9973, time 6314.40ms, mfu 15.03%
model:LGT730 iter 360: loss 3.6860, time 352.85ms, mfu 15.48%
model:LGT730 iter 370: loss 3.0873, time 352.81ms, mfu 15.88%
model:LGT730 iter 380: loss 3.7059, time 352.97ms, mfu 16.25%
model:LGT730 iter 390: loss 3.0956, time 352.80ms, mfu 16.58%
step 400: train loss 3.5439, val loss 3.5024
saving checkpoint to out-novel-char3_LGT730_d34f65156182c545ea648093d502a95d
done saving checkpoint to out-novel-char3_LGT730_d34f65156182c545ea648093d502a95d
model:LGT730 iter 400: loss 3.3582, time 6381.01ms, mfu 15.03%
model:LGT730 iter 410: loss 3.4689, time 360.10ms, mfu 15.44%
model:LGT730 iter 420: loss 3.4740, time 353.14ms, mfu 15.85%
model:LGT730 iter 430: loss 3.5707, time 352.97ms, mfu 16.22%
model:LGT730 iter 440: loss 3.7048, time 355.92ms, mfu 16.53%
step 450: train loss 3.4934, val loss 3.4494
saving checkpoint to out-novel-char3_LGT730_d34f65156182c545ea648093d502a95d
done saving checkpoint to out-novel-char3_LGT730_d34f65156182c545ea648093d502a95d
model:LGT730 iter 450: loss 3.3595, time 6515.53ms, mfu 14.98%
model:LGT730 iter 460: loss 3.6952, time 353.08ms, mfu 15.44%
model:LGT730 iter 470: loss 3.5361, time 353.58ms, mfu 15.84%
model:LGT730 iter 480: loss 3.5040, time 352.93ms, mfu 16.21%
model:LGT730 iter 490: loss 3.6088, time 358.79ms, mfu 16.51%
step 500: train loss 3.4806, val loss 3.4172
saving checkpoint to out-novel-char3_LGT730_d34f65156182c545ea648093d502a95d
done saving checkpoint to out-novel-char3_LGT730_d34f65156182c545ea648093d502a95d
model:LGT730 iter 500: loss 3.5829, time 6347.19ms, mfu 14.97%
model:LGT730 iter 510: loss 3.3604, time 353.12ms, mfu 15.42%
model:LGT730 iter 520: loss 3.5043, time 352.99ms, mfu 15.84%
model:LGT730 iter 530: loss 3.4157, time 353.22ms, mfu 16.20%
model:LGT730 iter 540: loss 3.3247, time 353.14ms, mfu 16.53%
step 550: train loss 3.4367, val loss 3.3789
saving checkpoint to out-novel-char3_LGT730_d34f65156182c545ea648093d502a95d
done saving checkpoint to out-novel-char3_LGT730_d34f65156182c545ea648093d502a95d
model:LGT730 iter 550: loss 3.2754, time 6539.44ms, mfu 14.99%
model:LGT730 iter 560: loss 3.6228, time 352.97ms, mfu 15.44%
model:LGT730 iter 570: loss 3.0144, time 352.47ms, mfu 15.85%
model:LGT730 iter 580: loss 3.6338, time 353.19ms, mfu 16.22%
model:LGT730 iter 590: loss 3.1606, time 353.02ms, mfu 16.55%
step 600: train loss 3.4008, val loss 3.3586
saving checkpoint to out-novel-char3_LGT730_d34f65156182c545ea648093d502a95d
done saving checkpoint to out-novel-char3_LGT730_d34f65156182c545ea648093d502a95d
model:LGT730 iter 600: loss 3.4954, time 6356.20ms, mfu 15.00%
model:LGT730 iter 610: loss 3.2005, time 353.59ms, mfu 15.45%
model:LGT730 iter 620: loss 3.4559, time 353.50ms, mfu 15.86%
model:LGT730 iter 630: loss 3.1832, time 353.78ms, mfu 16.22%
model:LGT730 iter 640: loss 3.0802, time 353.48ms, mfu 16.55%
step 650: train loss 3.3925, val loss 3.3553
saving checkpoint to out-novel-char3_LGT730_d34f65156182c545ea648093d502a95d
done saving checkpoint to out-novel-char3_LGT730_d34f65156182c545ea648093d502a95d
model:LGT730 iter 650: loss 3.6816, time 6409.33ms, mfu 15.00%
model:LGT730 iter 660: loss 3.5095, time 353.70ms, mfu 15.45%
model:LGT730 iter 670: loss 3.4787, time 354.10ms, mfu 15.85%
model:LGT730 iter 680: loss 3.3704, time 352.89ms, mfu 16.22%
model:LGT730 iter 690: loss 3.4442, time 358.03ms, mfu 16.52%
step 700: train loss 3.3427, val loss 3.3030
saving checkpoint to out-novel-char3_LGT730_d34f65156182c545ea648093d502a95d
done saving checkpoint to out-novel-char3_LGT730_d34f65156182c545ea648093d502a95d
model:LGT730 iter 700: loss 3.4258, time 6587.49ms, mfu 14.98%
model:LGT730 iter 710: loss 3.4147, time 376.19ms, mfu 15.31%
model:LGT730 iter 720: loss 3.2971, time 377.04ms, mfu 15.61%
model:LGT730 iter 730: loss 3.2483, time 354.15ms, mfu 15.99%
model:LGT730 iter 740: loss 3.3074, time 372.19ms, mfu 16.25%
step 750: train loss 3.3345, val loss 3.2882
saving checkpoint to out-novel-char3_LGT730_d34f65156182c545ea648093d502a95d
done saving checkpoint to out-novel-char3_LGT730_d34f65156182c545ea648093d502a95d
model:LGT730 iter 750: loss 3.3032, time 6486.98ms, mfu 14.73%
model:LGT730 iter 760: loss 3.2208, time 353.57ms, mfu 15.20%
model:LGT730 iter 770: loss 3.3906, time 353.56ms, mfu 15.63%
model:LGT730 iter 780: loss 3.4258, time 353.38ms, mfu 16.02%
model:LGT730 iter 790: loss 3.5146, time 353.45ms, mfu 16.37%
step 800: train loss 3.3002, val loss 3.2634
saving checkpoint to out-novel-char3_LGT730_d34f65156182c545ea648093d502a95d
done saving checkpoint to out-novel-char3_LGT730_d34f65156182c545ea648093d502a95d
model:LGT730 iter 800: loss 3.2735, time 6598.50ms, mfu 14.84%
model:LGT730 iter 810: loss 3.4018, time 358.01ms, mfu 15.28%
model:LGT730 iter 820: loss 3.3794, time 353.49ms, mfu 15.70%
model:LGT730 iter 830: loss 3.1468, time 353.38ms, mfu 16.08%
model:LGT730 iter 840: loss 3.4511, time 353.36ms, mfu 16.42%
step 850: train loss 3.2837, val loss 3.2387
saving checkpoint to out-novel-char3_LGT730_d34f65156182c545ea648093d502a95d
done saving checkpoint to out-novel-char3_LGT730_d34f65156182c545ea648093d502a95d
model:LGT730 iter 850: loss 3.5727, time 6336.72ms, mfu 14.89%
model:LGT730 iter 860: loss 3.2140, time 353.52ms, mfu 15.35%
model:LGT730 iter 870: loss 3.1272, time 353.51ms, mfu 15.77%
model:LGT730 iter 880: loss 2.6917, time 353.40ms, mfu 16.14%
model:LGT730 iter 890: loss 3.1856, time 353.71ms, mfu 16.47%
step 900: train loss 3.2523, val loss 3.2060
saving checkpoint to out-novel-char3_LGT730_d34f65156182c545ea648093d502a95d
done saving checkpoint to out-novel-char3_LGT730_d34f65156182c545ea648093d502a95d
model:LGT730 iter 900: loss 2.8607, time 6380.63ms, mfu 14.94%
model:LGT730 iter 910: loss 3.2956, time 353.52ms, mfu 15.39%
model:LGT730 iter 920: loss 3.4302, time 357.70ms, mfu 15.78%
model:LGT730 iter 930: loss 3.2361, time 353.63ms, mfu 16.15%
model:LGT730 iter 940: loss 3.2543, time 353.59ms, mfu 16.49%
step 950: train loss 3.2171, val loss 3.1712
saving checkpoint to out-novel-char3_LGT730_d34f65156182c545ea648093d502a95d
done saving checkpoint to out-novel-char3_LGT730_d34f65156182c545ea648093d502a95d
model:LGT730 iter 950: loss 3.2960, time 6458.88ms, mfu 14.94%
model:LGT730 iter 960: loss 3.3365, time 353.82ms, mfu 15.40%
model:LGT730 iter 970: loss 3.3690, time 353.53ms, mfu 15.81%
model:LGT730 iter 980: loss 3.1586, time 353.70ms, mfu 16.18%
model:LGT730 iter 990: loss 3.0730, time 353.61ms, mfu 16.51%
step 1000: train loss 3.2131, val loss 3.1318
saving checkpoint to out-novel-char3_LGT730_d34f65156182c545ea648093d502a95d
done saving checkpoint to out-novel-char3_LGT730_d34f65156182c545ea648093d502a95d
model:LGT730 iter 1000: loss 3.3265, time 6218.88ms, mfu 14.97%
model:LGT730 iter 1010: loss 3.5273, time 355.25ms, mfu 15.41%
model:LGT730 iter 1020: loss 2.9843, time 354.71ms, mfu 15.81%
model:LGT730 iter 1030: loss 2.8521, time 353.47ms, mfu 16.18%
model:LGT730 iter 1040: loss 3.2358, time 353.76ms, mfu 16.51%
step 1050: train loss 3.1846, val loss 3.1384
saving checkpoint to out-novel-char3_LGT730_d34f65156182c545ea648093d502a95d
done saving checkpoint to out-novel-char3_LGT730_d34f65156182c545ea648093d502a95d
model:LGT730 iter 1050: loss 3.2595, time 6200.05ms, mfu 14.97%
model:LGT730 iter 1060: loss 3.2849, time 353.74ms, mfu 15.42%
model:LGT730 iter 1070: loss 3.2090, time 353.77ms, mfu 15.83%
model:LGT730 iter 1080: loss 3.3152, time 353.67ms, mfu 16.20%
model:LGT730 iter 1090: loss 3.0511, time 353.62ms, mfu 16.53%
step 1100: train loss 3.1492, val loss 3.0997
saving checkpoint to out-novel-char3_LGT730_d34f65156182c545ea648093d502a95d
done saving checkpoint to out-novel-char3_LGT730_d34f65156182c545ea648093d502a95d
model:LGT730 iter 1100: loss 3.4217, time 6236.08ms, mfu 14.98%
model:LGT730 iter 1110: loss 2.9705, time 353.07ms, mfu 15.44%
model:LGT730 iter 1120: loss 3.2540, time 353.21ms, mfu 15.85%
model:LGT730 iter 1130: loss 3.1533, time 353.06ms, mfu 16.21%
model:LGT730 iter 1140: loss 3.1592, time 360.55ms, mfu 16.50%
step 1150: train loss 3.1317, val loss 3.0903
saving checkpoint to out-novel-char3_LGT730_d34f65156182c545ea648093d502a95d
done saving checkpoint to out-novel-char3_LGT730_d34f65156182c545ea648093d502a95d
model:LGT730 iter 1150: loss 2.9240, time 6174.00ms, mfu 14.97%
model:LGT730 iter 1160: loss 3.2627, time 354.11ms, mfu 15.42%
model:LGT730 iter 1170: loss 3.0344, time 354.44ms, mfu 15.82%
model:LGT730 iter 1180: loss 3.0914, time 353.65ms, mfu 16.19%
model:LGT730 iter 1190: loss 3.4356, time 354.06ms, mfu 16.51%
step 1200: train loss 3.1299, val loss 3.0829
saving checkpoint to out-novel-char3_LGT730_d34f65156182c545ea648093d502a95d
done saving checkpoint to out-novel-char3_LGT730_d34f65156182c545ea648093d502a95d
model:LGT730 iter 1200: loss 2.9492, time 6667.72ms, mfu 14.97%
model:LGT730 iter 1210: loss 2.9402, time 370.60ms, mfu 15.33%
model:LGT730 iter 1220: loss 3.1490, time 358.73ms, mfu 15.72%
model:LGT730 iter 1230: loss 3.1730, time 353.65ms, mfu 16.10%
model:LGT730 iter 1240: loss 3.2036, time 353.85ms, mfu 16.43%
step 1250: train loss 3.0792, val loss 3.0469
saving checkpoint to out-novel-char3_LGT730_d34f65156182c545ea648093d502a95d
done saving checkpoint to out-novel-char3_LGT730_d34f65156182c545ea648093d502a95d
model:LGT730 iter 1250: loss 3.1849, time 6709.20ms, mfu 14.89%
model:LGT730 iter 1260: loss 3.1412, time 354.32ms, mfu 15.35%
model:LGT730 iter 1270: loss 2.9603, time 353.99ms, mfu 15.76%
model:LGT730 iter 1280: loss 3.1143, time 356.52ms, mfu 16.12%
model:LGT730 iter 1290: loss 2.9615, time 355.39ms, mfu 16.45%
step 1300: train loss 3.0758, val loss 3.0146
saving checkpoint to out-novel-char3_LGT730_d34f65156182c545ea648093d502a95d
done saving checkpoint to out-novel-char3_LGT730_d34f65156182c545ea648093d502a95d
model:LGT730 iter 1300: loss 3.1078, time 6443.86ms, mfu 14.91%
model:LGT730 iter 1310: loss 2.9982, time 353.06ms, mfu 15.37%
model:LGT730 iter 1320: loss 3.0695, time 352.51ms, mfu 15.79%
model:LGT730 iter 1330: loss 3.1554, time 355.26ms, mfu 16.15%
model:LGT730 iter 1340: loss 3.1266, time 352.60ms, mfu 16.49%
step 1350: train loss 3.0696, val loss 3.0341
saving checkpoint to out-novel-char3_LGT730_d34f65156182c545ea648093d502a95d
done saving checkpoint to out-novel-char3_LGT730_d34f65156182c545ea648093d502a95d
model:LGT730 iter 1350: loss 3.2022, time 6525.37ms, mfu 14.95%
model:LGT730 iter 1360: loss 2.7973, time 353.09ms, mfu 15.40%
model:LGT730 iter 1370: loss 2.7967, time 357.25ms, mfu 15.79%
model:LGT730 iter 1380: loss 3.1289, time 353.16ms, mfu 16.17%
model:LGT730 iter 1390: loss 3.1992, time 353.03ms, mfu 16.50%
step 1400: train loss 3.0394, val loss 2.9926
saving checkpoint to out-novel-char3_LGT730_d34f65156182c545ea648093d502a95d
done saving checkpoint to out-novel-char3_LGT730_d34f65156182c545ea648093d502a95d
model:LGT730 iter 1400: loss 2.8128, time 6182.11ms, mfu 14.96%
model:LGT730 iter 1410: loss 3.2143, time 353.13ms, mfu 15.42%
model:LGT730 iter 1420: loss 2.9160, time 353.15ms, mfu 15.83%
model:LGT730 iter 1430: loss 3.4155, time 353.25ms, mfu 16.20%
model:LGT730 iter 1440: loss 3.2655, time 353.08ms, mfu 16.53%
step 1450: train loss 3.0247, val loss 2.9766
saving checkpoint to out-novel-char3_LGT730_d34f65156182c545ea648093d502a95d
done saving checkpoint to out-novel-char3_LGT730_d34f65156182c545ea648093d502a95d
model:LGT730 iter 1450: loss 3.2744, time 6491.18ms, mfu 14.98%
model:LGT730 iter 1460: loss 2.9521, time 353.05ms, mfu 15.44%
model:LGT730 iter 1470: loss 2.8757, time 353.15ms, mfu 15.85%
model:LGT730 iter 1480: loss 3.2504, time 353.00ms, mfu 16.21%
model:LGT730 iter 1490: loss 2.9974, time 353.15ms, mfu 16.54%
step 1500: train loss 3.0171, val loss 2.9596
saving checkpoint to out-novel-char3_LGT730_d34f65156182c545ea648093d502a95d
done saving checkpoint to out-novel-char3_LGT730_d34f65156182c545ea648093d502a95d
model:LGT730 iter 1500: loss 3.0436, time 6443.55ms, mfu 15.00%
model:LGT730 iter 1510: loss 3.3329, time 352.82ms, mfu 15.45%
model:LGT730 iter 1520: loss 3.2662, time 353.11ms, mfu 15.86%
model:LGT730 iter 1530: loss 3.1888, time 353.01ms, mfu 16.23%
model:LGT730 iter 1540: loss 2.8627, time 353.06ms, mfu 16.56%
step 1550: train loss 2.9810, val loss 2.9512
saving checkpoint to out-novel-char3_LGT730_d34f65156182c545ea648093d502a95d
done saving checkpoint to out-novel-char3_LGT730_d34f65156182c545ea648093d502a95d
model:LGT730 iter 1550: loss 2.8721, time 6356.71ms, mfu 15.01%
model:LGT730 iter 1560: loss 2.9565, time 353.00ms, mfu 15.46%
model:LGT730 iter 1570: loss 3.0294, time 353.10ms, mfu 15.87%
model:LGT730 iter 1580: loss 2.8896, time 353.02ms, mfu 16.23%
model:LGT730 iter 1590: loss 2.8961, time 353.12ms, mfu 16.56%
step 1600: train loss 2.9684, val loss 2.9639
saving checkpoint to out-novel-char3_LGT730_d34f65156182c545ea648093d502a95d
done saving checkpoint to out-novel-char3_LGT730_d34f65156182c545ea648093d502a95d
model:LGT730 iter 1600: loss 3.0493, time 6277.43ms, mfu 15.01%
model:LGT730 iter 1610: loss 3.2047, time 353.13ms, mfu 15.47%
model:LGT730 iter 1620: loss 3.2298, time 352.93ms, mfu 15.87%
model:LGT730 iter 1630: loss 3.0826, time 352.68ms, mfu 16.24%
model:LGT730 iter 1640: loss 2.7444, time 353.35ms, mfu 16.57%
step 1650: train loss 2.9661, val loss 2.9135
saving checkpoint to out-novel-char3_LGT730_d34f65156182c545ea648093d502a95d
done saving checkpoint to out-novel-char3_LGT730_d34f65156182c545ea648093d502a95d
model:LGT730 iter 1650: loss 2.8056, time 6196.34ms, mfu 15.02%
model:LGT730 iter 1660: loss 2.9582, time 353.07ms, mfu 15.47%
model:LGT730 iter 1670: loss 3.0988, time 353.16ms, mfu 15.88%
model:LGT730 iter 1680: loss 3.0793, time 353.03ms, mfu 16.24%
model:LGT730 iter 1690: loss 3.1618, time 353.23ms, mfu 16.57%
step 1700: train loss 2.9479, val loss 2.9348
saving checkpoint to out-novel-char3_LGT730_d34f65156182c545ea648093d502a95d
done saving checkpoint to out-novel-char3_LGT730_d34f65156182c545ea648093d502a95d
model:LGT730 iter 1700: loss 3.1905, time 6671.13ms, mfu 15.01%
model:LGT730 iter 1710: loss 3.2247, time 353.77ms, mfu 15.46%
model:LGT730 iter 1720: loss 2.8792, time 359.02ms, mfu 15.84%
model:LGT730 iter 1730: loss 2.6059, time 353.86ms, mfu 16.20%
model:LGT730 iter 1740: loss 3.1779, time 353.70ms, mfu 16.53%
step 1750: train loss 2.9355, val loss 2.8941
saving checkpoint to out-novel-char3_LGT730_d34f65156182c545ea648093d502a95d
done saving checkpoint to out-novel-char3_LGT730_d34f65156182c545ea648093d502a95d
model:LGT730 iter 1750: loss 2.8706, time 6514.66ms, mfu 14.98%
model:LGT730 iter 1760: loss 2.9054, time 353.20ms, mfu 15.44%
model:LGT730 iter 1770: loss 2.7325, time 352.88ms, mfu 15.85%
model:LGT730 iter 1780: loss 3.2895, time 352.96ms, mfu 16.21%
model:LGT730 iter 1790: loss 3.0392, time 353.01ms, mfu 16.55%
step 1800: train loss 2.9177, val loss 2.8752
saving checkpoint to out-novel-char3_LGT730_d34f65156182c545ea648093d502a95d
done saving checkpoint to out-novel-char3_LGT730_d34f65156182c545ea648093d502a95d
model:LGT730 iter 1800: loss 2.7124, time 6383.05ms, mfu 15.00%
model:LGT730 iter 1810: loss 3.2708, time 353.08ms, mfu 15.45%
model:LGT730 iter 1820: loss 2.8705, time 353.10ms, mfu 15.86%
model:LGT730 iter 1830: loss 2.8121, time 353.32ms, mfu 16.22%
model:LGT730 iter 1840: loss 2.7287, time 353.07ms, mfu 16.55%
step 1850: train loss 2.9120, val loss 2.8953
saving checkpoint to out-novel-char3_LGT730_d34f65156182c545ea648093d502a95d
done saving checkpoint to out-novel-char3_LGT730_d34f65156182c545ea648093d502a95d
model:LGT730 iter 1850: loss 3.1220, time 6359.48ms, mfu 15.01%
model:LGT730 iter 1860: loss 2.9423, time 353.66ms, mfu 15.46%
model:LGT730 iter 1870: loss 3.1482, time 353.60ms, mfu 15.86%
model:LGT730 iter 1880: loss 3.0941, time 353.83ms, mfu 16.22%
model:LGT730 iter 1890: loss 2.7950, time 353.52ms, mfu 16.55%
step 1900: train loss 2.9061, val loss 2.8529
saving checkpoint to out-novel-char3_LGT730_d34f65156182c545ea648093d502a95d
done saving checkpoint to out-novel-char3_LGT730_d34f65156182c545ea648093d502a95d
model:LGT730 iter 1900: loss 2.8194, time 6366.76ms, mfu 15.00%
model:LGT730 iter 1910: loss 2.9534, time 353.63ms, mfu 15.45%
model:LGT730 iter 1920: loss 2.9605, time 353.84ms, mfu 15.85%
model:LGT730 iter 1930: loss 2.6524, time 353.72ms, mfu 16.22%
model:LGT730 iter 1940: loss 2.4894, time 353.63ms, mfu 16.55%
step 1950: train loss 2.8731, val loss 2.8509
saving checkpoint to out-novel-char3_LGT730_d34f65156182c545ea648093d502a95d
done saving checkpoint to out-novel-char3_LGT730_d34f65156182c545ea648093d502a95d
model:LGT730 iter 1950: loss 3.1146, time 6179.82ms, mfu 15.00%
model:LGT730 iter 1960: loss 3.1130, time 353.51ms, mfu 15.45%
model:LGT730 iter 1970: loss 2.7098, time 353.60ms, mfu 15.86%
model:LGT730 iter 1980: loss 3.2873, time 353.92ms, mfu 16.22%
model:LGT730 iter 1990: loss 2.7552, time 353.69ms, mfu 16.55%
step 2000: train loss 2.8784, val loss 2.8759
saving checkpoint to out-novel-char3_LGT730_d34f65156182c545ea648093d502a95d
done saving checkpoint to out-novel-char3_LGT730_d34f65156182c545ea648093d502a95d
model:LGT730 iter 2000: loss 2.9948, time 6337.59ms, mfu 15.00%
model:LGT730 iter 2010: loss 2.1331, time 353.58ms, mfu 15.45%
model:LGT730 iter 2020: loss 3.0531, time 353.64ms, mfu 15.85%
model:LGT730 iter 2030: loss 2.9328, time 353.72ms, mfu 16.22%
model:LGT730 iter 2040: loss 2.8875, time 353.57ms, mfu 16.55%
step 2050: train loss 2.8633, val loss 2.8317
saving checkpoint to out-novel-char3_LGT730_d34f65156182c545ea648093d502a95d
done saving checkpoint to out-novel-char3_LGT730_d34f65156182c545ea648093d502a95d
model:LGT730 iter 2050: loss 2.8331, time 6199.91ms, mfu 15.00%
model:LGT730 iter 2060: loss 2.9477, time 353.67ms, mfu 15.45%
model:LGT730 iter 2070: loss 2.5818, time 353.60ms, mfu 15.86%
model:LGT730 iter 2080: loss 2.9357, time 353.57ms, mfu 16.22%
model:LGT730 iter 2090: loss 3.0590, time 353.60ms, mfu 16.55%
step 2100: train loss 2.8757, val loss 2.7939
saving checkpoint to out-novel-char3_LGT730_d34f65156182c545ea648093d502a95d
done saving checkpoint to out-novel-char3_LGT730_d34f65156182c545ea648093d502a95d
model:LGT730 iter 2100: loss 2.9960, time 6333.80ms, mfu 15.00%
model:LGT730 iter 2110: loss 2.7486, time 353.49ms, mfu 15.45%
model:LGT730 iter 2120: loss 2.9985, time 353.56ms, mfu 15.86%
model:LGT730 iter 2130: loss 2.7710, time 353.60ms, mfu 16.22%
model:LGT730 iter 2140: loss 2.8780, time 353.68ms, mfu 16.55%
step 2150: train loss 2.8461, val loss 2.7940
saving checkpoint to out-novel-char3_LGT730_d34f65156182c545ea648093d502a95d
done saving checkpoint to out-novel-char3_LGT730_d34f65156182c545ea648093d502a95d
model:LGT730 iter 2150: loss 2.7544, time 6244.15ms, mfu 15.00%
model:LGT730 iter 2160: loss 2.8327, time 353.05ms, mfu 15.45%
model:LGT730 iter 2170: loss 3.1563, time 353.16ms, mfu 15.86%
model:LGT730 iter 2180: loss 3.0309, time 352.99ms, mfu 16.23%
model:LGT730 iter 2190: loss 2.9622, time 353.18ms, mfu 16.56%
step 2200: train loss 2.8217, val loss 2.8246
saving checkpoint to out-novel-char3_LGT730_d34f65156182c545ea648093d502a95d
done saving checkpoint to out-novel-char3_LGT730_d34f65156182c545ea648093d502a95d
model:LGT730 iter 2200: loss 2.7917, time 6349.63ms, mfu 15.01%
model:LGT730 iter 2210: loss 2.7701, time 353.50ms, mfu 15.46%
model:LGT730 iter 2220: loss 2.8165, time 353.81ms, mfu 15.86%
model:LGT730 iter 2230: loss 2.6971, time 357.87ms, mfu 16.20%
model:LGT730 iter 2240: loss 3.0107, time 353.00ms, mfu 16.53%
step 2250: train loss 2.8210, val loss 2.8134
saving checkpoint to out-novel-char3_LGT730_d34f65156182c545ea648093d502a95d
done saving checkpoint to out-novel-char3_LGT730_d34f65156182c545ea648093d502a95d
model:LGT730 iter 2250: loss 2.9823, time 6575.62ms, mfu 14.99%
model:LGT730 iter 2260: loss 2.6668, time 353.54ms, mfu 15.44%
model:LGT730 iter 2270: loss 2.7594, time 367.45ms, mfu 15.77%
model:LGT730 iter 2280: loss 2.8861, time 353.88ms, mfu 16.14%
model:LGT730 iter 2290: loss 2.6968, time 353.25ms, mfu 16.48%
step 2300: train loss 2.8113, val loss 2.7548
saving checkpoint to out-novel-char3_LGT730_d34f65156182c545ea648093d502a95d
done saving checkpoint to out-novel-char3_LGT730_d34f65156182c545ea648093d502a95d
model:LGT730 iter 2300: loss 2.5851, time 6305.68ms, mfu 14.94%
model:LGT730 iter 2310: loss 3.0264, time 353.09ms, mfu 15.40%
model:LGT730 iter 2320: loss 2.8300, time 353.34ms, mfu 15.81%
model:LGT730 iter 2330: loss 2.6124, time 353.08ms, mfu 16.18%
model:LGT730 iter 2340: loss 2.5932, time 353.12ms, mfu 16.51%
step 2350: train loss 2.8038, val loss 2.7667
saving checkpoint to out-novel-char3_LGT730_d34f65156182c545ea648093d502a95d
done saving checkpoint to out-novel-char3_LGT730_d34f65156182c545ea648093d502a95d
model:LGT730 iter 2350: loss 2.6815, time 6354.26ms, mfu 14.97%
model:LGT730 iter 2360: loss 2.5296, time 353.63ms, mfu 15.42%
model:LGT730 iter 2370: loss 2.4826, time 353.82ms, mfu 15.83%
model:LGT730 iter 2380: loss 2.8015, time 353.89ms, mfu 16.19%
model:LGT730 iter 2390: loss 2.8888, time 353.73ms, mfu 16.52%
step 2400: train loss 2.8097, val loss 2.7577
saving checkpoint to out-novel-char3_LGT730_d34f65156182c545ea648093d502a95d
done saving checkpoint to out-novel-char3_LGT730_d34f65156182c545ea648093d502a95d
model:LGT730 iter 2400: loss 2.7154, time 6285.94ms, mfu 14.98%
model:LGT730 iter 2410: loss 2.6965, time 354.22ms, mfu 15.43%
model:LGT730 iter 2420: loss 2.8418, time 353.59ms, mfu 15.84%
model:LGT730 iter 2430: loss 2.7754, time 354.12ms, mfu 16.20%
model:LGT730 iter 2440: loss 3.0508, time 353.59ms, mfu 16.53%
step 2450: train loss 2.8135, val loss 2.7402
saving checkpoint to out-novel-char3_LGT730_d34f65156182c545ea648093d502a95d
done saving checkpoint to out-novel-char3_LGT730_d34f65156182c545ea648093d502a95d
model:LGT730 iter 2450: loss 3.0273, time 6178.26ms, mfu 14.99%
model:LGT730 iter 2460: loss 3.0571, time 353.67ms, mfu 15.44%
model:LGT730 iter 2470: loss 2.7642, time 353.46ms, mfu 15.84%
model:LGT730 iter 2480: loss 3.0957, time 353.53ms, mfu 16.21%
model:LGT730 iter 2490: loss 2.4525, time 353.60ms, mfu 16.54%
step 2500: train loss 2.7691, val loss 2.7668
saving checkpoint to out-novel-char3_LGT730_d34f65156182c545ea648093d502a95d
done saving checkpoint to out-novel-char3_LGT730_d34f65156182c545ea648093d502a95d
model:LGT730 iter 2500: loss 2.8258, time 6197.36ms, mfu 15.00%
model:LGT730 iter 2510: loss 2.6022, time 353.76ms, mfu 15.44%
model:LGT730 iter 2520: loss 3.1210, time 353.36ms, mfu 15.85%
model:LGT730 iter 2530: loss 2.6705, time 354.82ms, mfu 16.21%
model:LGT730 iter 2540: loss 2.9067, time 353.30ms, mfu 16.54%
step 2550: train loss 2.7303, val loss 2.7330
saving checkpoint to out-novel-char3_LGT730_d34f65156182c545ea648093d502a95d
done saving checkpoint to out-novel-char3_LGT730_d34f65156182c545ea648093d502a95d
model:LGT730 iter 2550: loss 2.8722, time 6307.56ms, mfu 14.99%
model:LGT730 iter 2560: loss 2.9981, time 353.75ms, mfu 15.44%
model:LGT730 iter 2570: loss 2.7908, time 353.74ms, mfu 15.85%
model:LGT730 iter 2580: loss 2.9232, time 353.73ms, mfu 16.21%
model:LGT730 iter 2590: loss 3.0287, time 353.61ms, mfu 16.54%
step 2600: train loss 2.7485, val loss 2.7235
saving checkpoint to out-novel-char3_LGT730_d34f65156182c545ea648093d502a95d
done saving checkpoint to out-novel-char3_LGT730_d34f65156182c545ea648093d502a95d
model:LGT730 iter 2600: loss 2.6952, time 6259.69ms, mfu 15.00%
model:LGT730 iter 2610: loss 2.8606, time 353.61ms, mfu 15.45%
model:LGT730 iter 2620: loss 2.7011, time 353.67ms, mfu 15.85%
model:LGT730 iter 2630: loss 3.1888, time 353.69ms, mfu 16.21%
model:LGT730 iter 2640: loss 2.7625, time 354.59ms, mfu 16.54%
step 2650: train loss 2.7200, val loss 2.7112
saving checkpoint to out-novel-char3_LGT730_d34f65156182c545ea648093d502a95d
done saving checkpoint to out-novel-char3_LGT730_d34f65156182c545ea648093d502a95d
model:LGT730 iter 2650: loss 2.5290, time 6421.79ms, mfu 14.99%
model:LGT730 iter 2660: loss 2.7361, time 353.71ms, mfu 15.44%
model:LGT730 iter 2670: loss 2.7727, time 357.01ms, mfu 15.83%
model:LGT730 iter 2680: loss 2.5136, time 353.62ms, mfu 16.19%
model:LGT730 iter 2690: loss 2.8918, time 353.94ms, mfu 16.52%
step 2700: train loss 2.7349, val loss 2.6745
saving checkpoint to out-novel-char3_LGT730_d34f65156182c545ea648093d502a95d
done saving checkpoint to out-novel-char3_LGT730_d34f65156182c545ea648093d502a95d
model:LGT730 iter 2700: loss 2.7859, time 6495.88ms, mfu 14.98%
model:LGT730 iter 2710: loss 3.1403, time 358.72ms, mfu 15.40%
model:LGT730 iter 2720: loss 2.3137, time 354.74ms, mfu 15.80%
model:LGT730 iter 2730: loss 2.4357, time 354.14ms, mfu 16.17%
model:LGT730 iter 2740: loss 3.0009, time 353.64ms, mfu 16.50%
step 2750: train loss 2.7173, val loss 2.6939
saving checkpoint to out-novel-char3_LGT730_d34f65156182c545ea648093d502a95d
done saving checkpoint to out-novel-char3_LGT730_d34f65156182c545ea648093d502a95d
model:LGT730 iter 2750: loss 2.8013, time 6377.45ms, mfu 14.96%
model:LGT730 iter 2760: loss 2.8832, time 353.62ms, mfu 15.41%
model:LGT730 iter 2770: loss 2.5791, time 363.36ms, mfu 15.77%
model:LGT730 iter 2780: loss 2.7451, time 353.67ms, mfu 16.14%
model:LGT730 iter 2790: loss 2.7762, time 353.80ms, mfu 16.48%
step 2800: train loss 2.6904, val loss 2.7113
saving checkpoint to out-novel-char3_LGT730_d34f65156182c545ea648093d502a95d
done saving checkpoint to out-novel-char3_LGT730_d34f65156182c545ea648093d502a95d
model:LGT730 iter 2800: loss 2.5965, time 6635.54ms, mfu 14.93%
model:LGT730 iter 2810: loss 2.7168, time 353.68ms, mfu 15.39%
model:LGT730 iter 2820: loss 2.6076, time 378.22ms, mfu 15.67%
model:LGT730 iter 2830: loss 2.7043, time 370.57ms, mfu 15.96%
model:LGT730 iter 2840: loss 2.9958, time 353.62ms, mfu 16.32%
step 2850: train loss 2.7123, val loss 2.6606
saving checkpoint to out-novel-char3_LGT730_d34f65156182c545ea648093d502a95d
done saving checkpoint to out-novel-char3_LGT730_d34f65156182c545ea648093d502a95d
model:LGT730 iter 2850: loss 2.7785, time 6816.77ms, mfu 14.79%
model:LGT730 iter 2860: loss 2.7192, time 353.75ms, mfu 15.26%
model:LGT730 iter 2870: loss 2.8421, time 353.68ms, mfu 15.68%
model:LGT730 iter 2880: loss 2.5989, time 353.65ms, mfu 16.06%
model:LGT730 iter 2890: loss 2.9929, time 354.39ms, mfu 16.40%
step 2900: train loss 2.6939, val loss 2.6803
saving checkpoint to out-novel-char3_LGT730_d34f65156182c545ea648093d502a95d
done saving checkpoint to out-novel-char3_LGT730_d34f65156182c545ea648093d502a95d
model:LGT730 iter 2900: loss 2.6910, time 6396.26ms, mfu 14.87%
model:LGT730 iter 2910: loss 2.4516, time 353.59ms, mfu 15.33%
model:LGT730 iter 2920: loss 2.9359, time 353.57ms, mfu 15.75%
model:LGT730 iter 2930: loss 2.7119, time 353.54ms, mfu 16.12%
model:LGT730 iter 2940: loss 3.2027, time 353.51ms, mfu 16.46%
step 2950: train loss 2.7094, val loss 2.6622
saving checkpoint to out-novel-char3_LGT730_d34f65156182c545ea648093d502a95d
done saving checkpoint to out-novel-char3_LGT730_d34f65156182c545ea648093d502a95d
model:LGT730 iter 2950: loss 2.7222, time 6312.15ms, mfu 14.92%
model:LGT730 iter 2960: loss 2.4500, time 353.61ms, mfu 15.38%
model:LGT730 iter 2970: loss 2.8146, time 353.99ms, mfu 15.79%
model:LGT730 iter 2980: loss 2.7411, time 353.75ms, mfu 16.16%
model:LGT730 iter 2990: loss 2.8286, time 359.75ms, mfu 16.46%
step 3000: train loss 2.7108, val loss 2.6406
saving checkpoint to out-novel-char3_LGT730_d34f65156182c545ea648093d502a95d
done saving checkpoint to out-novel-char3_LGT730_d34f65156182c545ea648093d502a95d
model:LGT730 iter 3000: loss 2.9904, time 6390.87ms, mfu 14.92%
model:LGT730 iter 3010: loss 2.6692, time 353.32ms, mfu 15.38%
model:LGT730 iter 3020: loss 2.6508, time 353.65ms, mfu 15.79%
model:LGT730 iter 3030: loss 2.3273, time 353.16ms, mfu 16.16%
model:LGT730 iter 3040: loss 2.7436, time 353.51ms, mfu 16.50%
step 3050: train loss 2.6724, val loss 2.6309
saving checkpoint to out-novel-char3_LGT730_d34f65156182c545ea648093d502a95d
done saving checkpoint to out-novel-char3_LGT730_d34f65156182c545ea648093d502a95d
model:LGT730 iter 3050: loss 2.6219, time 6190.29ms, mfu 14.96%
model:LGT730 iter 3060: loss 2.8082, time 353.67ms, mfu 15.41%
model:LGT730 iter 3070: loss 2.5171, time 353.69ms, mfu 15.82%
model:LGT730 iter 3080: loss 2.5152, time 353.63ms, mfu 16.19%
model:LGT730 iter 3090: loss 2.4401, time 353.62ms, mfu 16.52%
step 3100: train loss 2.6911, val loss 2.6653
saving checkpoint to out-novel-char3_LGT730_d34f65156182c545ea648093d502a95d
done saving checkpoint to out-novel-char3_LGT730_d34f65156182c545ea648093d502a95d
model:LGT730 iter 3100: loss 2.7367, time 6329.99ms, mfu 14.98%
model:LGT730 iter 3110: loss 3.0115, time 353.63ms, mfu 15.43%
model:LGT730 iter 3120: loss 2.8798, time 353.66ms, mfu 15.83%
model:LGT730 iter 3130: loss 2.5740, time 355.93ms, mfu 16.19%
model:LGT730 iter 3140: loss 2.3176, time 353.63ms, mfu 16.52%
step 3150: train loss 2.6485, val loss 2.6413
saving checkpoint to out-novel-char3_LGT730_d34f65156182c545ea648093d502a95d
done saving checkpoint to out-novel-char3_LGT730_d34f65156182c545ea648093d502a95d
model:LGT730 iter 3150: loss 2.6586, time 6178.08ms, mfu 14.98%
model:LGT730 iter 3160: loss 3.2041, time 354.02ms, mfu 15.43%
model:LGT730 iter 3170: loss 2.6232, time 353.64ms, mfu 15.83%
model:LGT730 iter 3180: loss 2.7409, time 353.90ms, mfu 16.20%
model:LGT730 iter 3190: loss 2.8417, time 353.71ms, mfu 16.53%
step 3200: train loss 2.6558, val loss 2.6090
saving checkpoint to out-novel-char3_LGT730_d34f65156182c545ea648093d502a95d
done saving checkpoint to out-novel-char3_LGT730_d34f65156182c545ea648093d502a95d
model:LGT730 iter 3200: loss 2.8415, time 6293.59ms, mfu 14.98%
model:LGT730 iter 3210: loss 3.0971, time 353.69ms, mfu 15.43%
model:LGT730 iter 3220: loss 2.4565, time 357.13ms, mfu 15.82%
model:LGT730 iter 3230: loss 2.5511, time 353.69ms, mfu 16.19%
model:LGT730 iter 3240: loss 2.5559, time 353.56ms, mfu 16.52%
step 3250: train loss 2.6566, val loss 2.6348
saving checkpoint to out-novel-char3_LGT730_d34f65156182c545ea648093d502a95d
done saving checkpoint to out-novel-char3_LGT730_d34f65156182c545ea648093d502a95d
model:LGT730 iter 3250: loss 2.6013, time 6411.54ms, mfu 14.97%
model:LGT730 iter 3260: loss 2.5955, time 356.31ms, mfu 15.41%
model:LGT730 iter 3270: loss 2.5039, time 353.57ms, mfu 15.82%
model:LGT730 iter 3280: loss 2.6791, time 353.59ms, mfu 16.19%
model:LGT730 iter 3290: loss 2.4920, time 353.54ms, mfu 16.52%
step 3300: train loss 2.6240, val loss 2.6278
saving checkpoint to out-novel-char3_LGT730_d34f65156182c545ea648093d502a95d
done saving checkpoint to out-novel-char3_LGT730_d34f65156182c545ea648093d502a95d
model:LGT730 iter 3300: loss 2.5799, time 6317.40ms, mfu 14.98%
model:LGT730 iter 3310: loss 2.5286, time 353.92ms, mfu 15.43%
model:LGT730 iter 3320: loss 2.4273, time 353.55ms, mfu 15.83%
model:LGT730 iter 3330: loss 2.9449, time 353.52ms, mfu 16.20%
model:LGT730 iter 3340: loss 2.6887, time 358.91ms, mfu 16.50%
step 3350: train loss 2.6079, val loss 2.6046
saving checkpoint to out-novel-char3_LGT730_d34f65156182c545ea648093d502a95d
done saving checkpoint to out-novel-char3_LGT730_d34f65156182c545ea648093d502a95d
model:LGT730 iter 3350: loss 2.8719, time 6611.93ms, mfu 14.95%
model:LGT730 iter 3360: loss 2.6637, time 379.15ms, mfu 15.28%
model:LGT730 iter 3370: loss 2.8803, time 364.09ms, mfu 15.64%
model:LGT730 iter 3380: loss 2.3874, time 357.17ms, mfu 16.01%
model:LGT730 iter 3390: loss 2.5361, time 354.83ms, mfu 16.35%
step 3400: train loss 2.6308, val loss 2.6103
saving checkpoint to out-novel-char3_LGT730_d34f65156182c545ea648093d502a95d
done saving checkpoint to out-novel-char3_LGT730_d34f65156182c545ea648093d502a95d
model:LGT730 iter 3400: loss 2.5935, time 6374.56ms, mfu 14.82%
model:LGT730 iter 3410: loss 2.7491, time 353.06ms, mfu 15.29%
model:LGT730 iter 3420: loss 2.7680, time 353.93ms, mfu 15.71%
model:LGT730 iter 3430: loss 2.5994, time 353.15ms, mfu 16.09%
model:LGT730 iter 3440: loss 2.2703, time 353.09ms, mfu 16.44%
step 3450: train loss 2.5885, val loss 2.5928
saving checkpoint to out-novel-char3_LGT730_d34f65156182c545ea648093d502a95d
done saving checkpoint to out-novel-char3_LGT730_d34f65156182c545ea648093d502a95d
model:LGT730 iter 3450: loss 2.4969, time 6470.31ms, mfu 14.90%
model:LGT730 iter 3460: loss 2.6025, time 352.95ms, mfu 15.36%
model:LGT730 iter 3470: loss 2.7836, time 353.00ms, mfu 15.78%
model:LGT730 iter 3480: loss 2.5355, time 352.94ms, mfu 16.15%
model:LGT730 iter 3490: loss 2.8650, time 353.04ms, mfu 16.49%
step 3500: train loss 2.6021, val loss 2.6017
saving checkpoint to out-novel-char3_LGT730_d34f65156182c545ea648093d502a95d
done saving checkpoint to out-novel-char3_LGT730_d34f65156182c545ea648093d502a95d
model:LGT730 iter 3500: loss 2.5378, time 6388.82ms, mfu 14.95%
model:LGT730 iter 3510: loss 3.1124, time 352.96ms, mfu 15.41%
model:LGT730 iter 3520: loss 3.0095, time 356.35ms, mfu 15.80%
model:LGT730 iter 3530: loss 2.3842, time 353.10ms, mfu 16.17%
model:LGT730 iter 3540: loss 2.5457, time 353.09ms, mfu 16.51%
step 3550: train loss 2.5998, val loss 2.5965
saving checkpoint to out-novel-char3_LGT730_d34f65156182c545ea648093d502a95d
done saving checkpoint to out-novel-char3_LGT730_d34f65156182c545ea648093d502a95d
model:LGT730 iter 3550: loss 2.7368, time 6443.21ms, mfu 14.96%
model:LGT730 iter 3560: loss 2.8178, time 352.99ms, mfu 15.42%
model:LGT730 iter 3570: loss 2.5107, time 353.35ms, mfu 15.83%
model:LGT730 iter 3580: loss 2.8776, time 353.07ms, mfu 16.20%
model:LGT730 iter 3590: loss 2.7286, time 353.13ms, mfu 16.53%
step 3600: train loss 2.5936, val loss 2.5907
saving checkpoint to out-novel-char3_LGT730_d34f65156182c545ea648093d502a95d
done saving checkpoint to out-novel-char3_LGT730_d34f65156182c545ea648093d502a95d
model:LGT730 iter 3600: loss 2.4233, time 6445.35ms, mfu 14.99%
model:LGT730 iter 3610: loss 2.8154, time 353.03ms, mfu 15.44%
model:LGT730 iter 3620: loss 2.4317, time 353.39ms, mfu 15.85%
model:LGT730 iter 3630: loss 2.7648, time 353.09ms, mfu 16.21%
model:LGT730 iter 3640: loss 2.6370, time 352.98ms, mfu 16.55%
step 3650: train loss 2.5827, val loss 2.5610
saving checkpoint to out-novel-char3_LGT730_d34f65156182c545ea648093d502a95d
done saving checkpoint to out-novel-char3_LGT730_d34f65156182c545ea648093d502a95d
model:LGT730 iter 3650: loss 2.6237, time 6399.73ms, mfu 15.00%
model:LGT730 iter 3660: loss 2.7809, time 352.99ms, mfu 15.45%
model:LGT730 iter 3670: loss 2.5317, time 353.01ms, mfu 15.86%
model:LGT730 iter 3680: loss 2.3689, time 353.05ms, mfu 16.23%
model:LGT730 iter 3690: loss 2.4640, time 352.89ms, mfu 16.56%
step 3700: train loss 2.5616, val loss 2.5604
saving checkpoint to out-novel-char3_LGT730_d34f65156182c545ea648093d502a95d
done saving checkpoint to out-novel-char3_LGT730_d34f65156182c545ea648093d502a95d
model:LGT730 iter 3700: loss 3.0324, time 6298.70ms, mfu 15.01%
model:LGT730 iter 3710: loss 2.6695, time 353.18ms, mfu 15.46%
model:LGT730 iter 3720: loss 2.4711, time 353.15ms, mfu 15.87%
model:LGT730 iter 3730: loss 2.7196, time 356.32ms, mfu 16.21%
model:LGT730 iter 3740: loss 2.5950, time 353.17ms, mfu 16.55%
step 3750: train loss 2.5564, val loss 2.5181
saving checkpoint to out-novel-char3_LGT730_d34f65156182c545ea648093d502a95d
done saving checkpoint to out-novel-char3_LGT730_d34f65156182c545ea648093d502a95d
model:LGT730 iter 3750: loss 2.5743, time 6440.60ms, mfu 15.00%
model:LGT730 iter 3760: loss 2.4570, time 352.94ms, mfu 15.45%
model:LGT730 iter 3770: loss 2.5779, time 353.11ms, mfu 15.86%
model:LGT730 iter 3780: loss 2.8513, time 352.93ms, mfu 16.23%
model:LGT730 iter 3790: loss 2.4903, time 352.97ms, mfu 16.56%
step 3800: train loss 2.5527, val loss 2.6004
saving checkpoint to out-novel-char3_LGT730_d34f65156182c545ea648093d502a95d
done saving checkpoint to out-novel-char3_LGT730_d34f65156182c545ea648093d502a95d
model:LGT730 iter 3800: loss 2.5227, time 6488.84ms, mfu 15.01%
model:LGT730 iter 3810: loss 2.6650, time 352.66ms, mfu 15.46%
model:LGT730 iter 3820: loss 2.8153, time 353.17ms, mfu 15.87%
model:LGT730 iter 3830: loss 2.4962, time 353.19ms, mfu 16.23%
model:LGT730 iter 3840: loss 2.8897, time 352.92ms, mfu 16.56%
step 3850: train loss 2.5418, val loss 2.5292
saving checkpoint to out-novel-char3_LGT730_d34f65156182c545ea648093d502a95d
done saving checkpoint to out-novel-char3_LGT730_d34f65156182c545ea648093d502a95d
model:LGT730 iter 3850: loss 2.8931, time 6545.74ms, mfu 15.01%
model:LGT730 iter 3860: loss 2.6496, time 352.84ms, mfu 15.46%
model:LGT730 iter 3870: loss 2.7280, time 353.03ms, mfu 15.87%
model:LGT730 iter 3880: loss 2.5208, time 361.82ms, mfu 16.19%
model:LGT730 iter 3890: loss 2.5854, time 355.55ms, mfu 16.51%
step 3900: train loss 2.5303, val loss 2.5335
saving checkpoint to out-novel-char3_LGT730_d34f65156182c545ea648093d502a95d
done saving checkpoint to out-novel-char3_LGT730_d34f65156182c545ea648093d502a95d
model:LGT730 iter 3900: loss 2.6372, time 6344.43ms, mfu 14.97%
model:LGT730 iter 3910: loss 2.5071, time 358.08ms, mfu 15.39%
model:LGT730 iter 3920: loss 2.2257, time 352.75ms, mfu 15.81%
model:LGT730 iter 3930: loss 2.3358, time 356.67ms, mfu 16.16%
model:LGT730 iter 3940: loss 2.5522, time 352.71ms, mfu 16.50%
step 3950: train loss 2.5560, val loss 2.5399
saving checkpoint to out-novel-char3_LGT730_d34f65156182c545ea648093d502a95d
done saving checkpoint to out-novel-char3_LGT730_d34f65156182c545ea648093d502a95d
model:LGT730 iter 3950: loss 2.7053, time 6367.29ms, mfu 14.96%
model:LGT730 iter 3960: loss 2.4431, time 353.14ms, mfu 15.41%
model:LGT730 iter 3970: loss 2.2610, time 353.12ms, mfu 15.82%
model:LGT730 iter 3980: loss 2.2873, time 353.11ms, mfu 16.19%
model:LGT730 iter 3990: loss 2.4247, time 353.11ms, mfu 16.53%
step 4000: train loss 2.5113, val loss 2.5357
saving checkpoint to out-novel-char3_LGT730_d34f65156182c545ea648093d502a95d
done saving checkpoint to out-novel-char3_LGT730_d34f65156182c545ea648093d502a95d
model:LGT730 iter 4000: loss 2.6196, time 6377.53ms, mfu 14.98%
model:LGT730 iter 4010: loss 2.4724, time 353.10ms, mfu 15.44%
model:LGT730 iter 4020: loss 2.4692, time 353.08ms, mfu 15.85%
model:LGT730 iter 4030: loss 2.3266, time 353.18ms, mfu 16.21%
model:LGT730 iter 4040: loss 2.8111, time 353.12ms, mfu 16.54%
step 4050: train loss 2.5189, val loss 2.5072
saving checkpoint to out-novel-char3_LGT730_d34f65156182c545ea648093d502a95d
done saving checkpoint to out-novel-char3_LGT730_d34f65156182c545ea648093d502a95d
model:LGT730 iter 4050: loss 2.1795, time 6167.65ms, mfu 15.00%
model:LGT730 iter 4060: loss 2.6312, time 353.25ms, mfu 15.45%
model:LGT730 iter 4070: loss 2.8812, time 353.10ms, mfu 15.86%
model:LGT730 iter 4080: loss 2.4750, time 353.26ms, mfu 16.22%
model:LGT730 iter 4090: loss 2.4054, time 353.12ms, mfu 16.55%
step 4100: train loss 2.5405, val loss 2.5047
saving checkpoint to out-novel-char3_LGT730_d34f65156182c545ea648093d502a95d
done saving checkpoint to out-novel-char3_LGT730_d34f65156182c545ea648093d502a95d
model:LGT730 iter 4100: loss 2.1611, time 6343.91ms, mfu 15.01%
model:LGT730 iter 4110: loss 2.0783, time 353.07ms, mfu 15.46%
model:LGT730 iter 4120: loss 2.6546, time 353.07ms, mfu 15.87%
model:LGT730 iter 4130: loss 2.1668, time 352.98ms, mfu 16.23%
model:LGT730 iter 4140: loss 2.2938, time 353.10ms, mfu 16.56%
step 4150: train loss 2.4988, val loss 2.4949
saving checkpoint to out-novel-char3_LGT730_d34f65156182c545ea648093d502a95d
done saving checkpoint to out-novel-char3_LGT730_d34f65156182c545ea648093d502a95d
model:LGT730 iter 4150: loss 2.6689, time 6364.50ms, mfu 15.01%
model:LGT730 iter 4160: loss 2.6913, time 353.80ms, mfu 15.46%
model:LGT730 iter 4170: loss 2.4147, time 353.65ms, mfu 15.86%
model:LGT730 iter 4180: loss 2.4434, time 353.95ms, mfu 16.22%
model:LGT730 iter 4190: loss 2.3566, time 353.77ms, mfu 16.55%
step 4200: train loss 2.5299, val loss 2.4960
saving checkpoint to out-novel-char3_LGT730_d34f65156182c545ea648093d502a95d
done saving checkpoint to out-novel-char3_LGT730_d34f65156182c545ea648093d502a95d
model:LGT730 iter 4200: loss 2.6007, time 6433.70ms, mfu 15.00%
model:LGT730 iter 4210: loss 2.6179, time 353.73ms, mfu 15.45%
model:LGT730 iter 4220: loss 2.8477, time 354.48ms, mfu 15.85%
model:LGT730 iter 4230: loss 2.7638, time 353.72ms, mfu 16.21%
model:LGT730 iter 4240: loss 2.5491, time 353.73ms, mfu 16.54%
step 4250: train loss 2.4687, val loss 2.4926
saving checkpoint to out-novel-char3_LGT730_d34f65156182c545ea648093d502a95d
done saving checkpoint to out-novel-char3_LGT730_d34f65156182c545ea648093d502a95d
model:LGT730 iter 4250: loss 2.1535, time 6628.78ms, mfu 14.99%
model:LGT730 iter 4260: loss 2.3488, time 353.61ms, mfu 15.44%
model:LGT730 iter 4270: loss 2.7038, time 353.89ms, mfu 15.85%
model:LGT730 iter 4280: loss 2.6199, time 353.66ms, mfu 16.21%
model:LGT730 iter 4290: loss 2.7146, time 353.20ms, mfu 16.54%
step 4300: train loss 2.4559, val loss 2.4889
saving checkpoint to out-novel-char3_LGT730_d34f65156182c545ea648093d502a95d
done saving checkpoint to out-novel-char3_LGT730_d34f65156182c545ea648093d502a95d
model:LGT730 iter 4300: loss 2.0950, time 6385.27ms, mfu 14.99%
model:LGT730 iter 4310: loss 2.4821, time 353.66ms, mfu 15.44%
model:LGT730 iter 4320: loss 2.4080, time 353.74ms, mfu 15.85%
model:LGT730 iter 4330: loss 2.3665, time 353.63ms, mfu 16.21%
model:LGT730 iter 4340: loss 2.2691, time 353.59ms, mfu 16.54%
step 4350: train loss 2.4590, val loss 2.4869
saving checkpoint to out-novel-char3_LGT730_d34f65156182c545ea648093d502a95d
done saving checkpoint to out-novel-char3_LGT730_d34f65156182c545ea648093d502a95d
model:LGT730 iter 4350: loss 2.7745, time 6321.67ms, mfu 15.00%
model:LGT730 iter 4360: loss 2.4922, time 353.84ms, mfu 15.44%
model:LGT730 iter 4370: loss 2.5668, time 353.79ms, mfu 15.85%
model:LGT730 iter 4380: loss 2.6323, time 354.40ms, mfu 16.21%
model:LGT730 iter 4390: loss 2.3613, time 353.30ms, mfu 16.54%
step 4400: train loss 2.4479, val loss 2.4549
saving checkpoint to out-novel-char3_LGT730_d34f65156182c545ea648093d502a95d
done saving checkpoint to out-novel-char3_LGT730_d34f65156182c545ea648093d502a95d
model:LGT730 iter 4400: loss 2.5593, time 6547.38ms, mfu 14.99%
model:LGT730 iter 4410: loss 2.0892, time 368.50ms, mfu 15.36%
model:LGT730 iter 4420: loss 2.4029, time 355.62ms, mfu 15.76%
model:LGT730 iter 4430: loss 2.6291, time 354.50ms, mfu 16.13%
model:LGT730 iter 4440: loss 2.6284, time 357.07ms, mfu 16.45%
step 4450: train loss 2.4803, val loss 2.4550
saving checkpoint to out-novel-char3_LGT730_d34f65156182c545ea648093d502a95d
done saving checkpoint to out-novel-char3_LGT730_d34f65156182c545ea648093d502a95d
model:LGT730 iter 4450: loss 2.7073, time 6644.44ms, mfu 14.91%
model:LGT730 iter 4460: loss 2.5510, time 355.14ms, mfu 15.36%
model:LGT730 iter 4470: loss 2.7195, time 353.86ms, mfu 15.77%
model:LGT730 iter 4480: loss 2.6988, time 353.95ms, mfu 16.14%
model:LGT730 iter 4490: loss 2.4319, time 370.00ms, mfu 16.39%
step 4500: train loss 2.4749, val loss 2.4898
saving checkpoint to out-novel-char3_LGT730_d34f65156182c545ea648093d502a95d
done saving checkpoint to out-novel-char3_LGT730_d34f65156182c545ea648093d502a95d
model:LGT730 iter 4500: loss 2.2344, time 6366.35ms, mfu 14.86%
model:LGT730 iter 4510: loss 2.2934, time 353.79ms, mfu 15.32%
model:LGT730 iter 4520: loss 2.5389, time 354.69ms, mfu 15.73%
model:LGT730 iter 4530: loss 2.5741, time 353.81ms, mfu 16.11%
model:LGT730 iter 4540: loss 2.3926, time 353.71ms, mfu 16.45%
step 4550: train loss 2.4447, val loss 2.4765
saving checkpoint to out-novel-char3_LGT730_d34f65156182c545ea648093d502a95d
done saving checkpoint to out-novel-char3_LGT730_d34f65156182c545ea648093d502a95d
model:LGT730 iter 4550: loss 2.4394, time 6340.75ms, mfu 14.91%
model:LGT730 iter 4560: loss 2.6323, time 353.35ms, mfu 15.37%
model:LGT730 iter 4570: loss 2.4920, time 353.70ms, mfu 15.78%
model:LGT730 iter 4580: loss 2.2984, time 353.94ms, mfu 16.15%
model:LGT730 iter 4590: loss 2.5971, time 353.57ms, mfu 16.49%
step 4600: train loss 2.4269, val loss 2.4582
saving checkpoint to out-novel-char3_LGT730_d34f65156182c545ea648093d502a95d
done saving checkpoint to out-novel-char3_LGT730_d34f65156182c545ea648093d502a95d
model:LGT730 iter 4600: loss 2.5486, time 6477.78ms, mfu 14.94%
model:LGT730 iter 4610: loss 2.5754, time 353.81ms, mfu 15.40%
model:LGT730 iter 4620: loss 2.3779, time 353.90ms, mfu 15.81%
model:LGT730 iter 4630: loss 2.2861, time 353.70ms, mfu 16.17%
model:LGT730 iter 4640: loss 2.3440, time 353.60ms, mfu 16.51%
step 4650: train loss 2.4108, val loss 2.4537
saving checkpoint to out-novel-char3_LGT730_d34f65156182c545ea648093d502a95d
done saving checkpoint to out-novel-char3_LGT730_d34f65156182c545ea648093d502a95d
model:LGT730 iter 4650: loss 2.9314, time 6367.79ms, mfu 14.96%
model:LGT730 iter 4660: loss 2.7503, time 353.52ms, mfu 15.42%
model:LGT730 iter 4670: loss 2.1145, time 353.70ms, mfu 15.82%
model:LGT730 iter 4680: loss 2.4526, time 353.53ms, mfu 16.19%
model:LGT730 iter 4690: loss 2.7214, time 353.66ms, mfu 16.52%
step 4700: train loss 2.4374, val loss 2.4462
saving checkpoint to out-novel-char3_LGT730_d34f65156182c545ea648093d502a95d
done saving checkpoint to out-novel-char3_LGT730_d34f65156182c545ea648093d502a95d
model:LGT730 iter 4700: loss 2.4640, time 6404.79ms, mfu 14.98%
model:LGT730 iter 4710: loss 2.7661, time 353.20ms, mfu 15.43%
model:LGT730 iter 4720: loss 2.6671, time 354.53ms, mfu 15.83%
model:LGT730 iter 4730: loss 2.2533, time 353.64ms, mfu 16.20%
model:LGT730 iter 4740: loss 2.6759, time 353.69ms, mfu 16.53%
step 4750: train loss 2.4122, val loss 2.4291
saving checkpoint to out-novel-char3_LGT730_d34f65156182c545ea648093d502a95d
done saving checkpoint to out-novel-char3_LGT730_d34f65156182c545ea648093d502a95d
model:LGT730 iter 4750: loss 2.4689, time 6397.92ms, mfu 14.98%
model:LGT730 iter 4760: loss 2.4588, time 353.58ms, mfu 15.43%
model:LGT730 iter 4770: loss 2.1759, time 353.63ms, mfu 15.84%
model:LGT730 iter 4780: loss 2.5863, time 353.74ms, mfu 16.20%
model:LGT730 iter 4790: loss 2.3469, time 353.68ms, mfu 16.53%
step 4800: train loss 2.4076, val loss 2.4253
saving checkpoint to out-novel-char3_LGT730_d34f65156182c545ea648093d502a95d
done saving checkpoint to out-novel-char3_LGT730_d34f65156182c545ea648093d502a95d
model:LGT730 iter 4800: loss 2.2669, time 6430.55ms, mfu 14.99%
model:LGT730 iter 4810: loss 2.4396, time 353.63ms, mfu 15.44%
model:LGT730 iter 4820: loss 2.5049, time 353.65ms, mfu 15.84%
model:LGT730 iter 4830: loss 2.3372, time 353.81ms, mfu 16.21%
model:LGT730 iter 4840: loss 2.5739, time 353.62ms, mfu 16.54%
step 4850: train loss 2.4002, val loss 2.4180
saving checkpoint to out-novel-char3_LGT730_d34f65156182c545ea648093d502a95d
done saving checkpoint to out-novel-char3_LGT730_d34f65156182c545ea648093d502a95d
model:LGT730 iter 4850: loss 2.3930, time 6391.82ms, mfu 14.99%
model:LGT730 iter 4860: loss 2.3135, time 353.94ms, mfu 15.44%
model:LGT730 iter 4870: loss 2.5067, time 353.61ms, mfu 15.84%
model:LGT730 iter 4880: loss 2.6145, time 353.40ms, mfu 16.21%
model:LGT730 iter 4890: loss 2.3005, time 353.61ms, mfu 16.54%
step 4900: train loss 2.3903, val loss 2.4021
saving checkpoint to out-novel-char3_LGT730_d34f65156182c545ea648093d502a95d
done saving checkpoint to out-novel-char3_LGT730_d34f65156182c545ea648093d502a95d
model:LGT730 iter 4900: loss 2.4959, time 6620.42ms, mfu 14.99%
model:LGT730 iter 4910: loss 3.0101, time 353.79ms, mfu 15.44%
model:LGT730 iter 4920: loss 2.7213, time 353.74ms, mfu 15.84%
model:LGT730 iter 4930: loss 2.5083, time 353.50ms, mfu 16.21%
model:LGT730 iter 4940: loss 2.2424, time 361.86ms, mfu 16.49%
step 4950: train loss 2.3723, val loss 2.4350
saving checkpoint to out-novel-char3_LGT730_d34f65156182c545ea648093d502a95d
done saving checkpoint to out-novel-char3_LGT730_d34f65156182c545ea648093d502a95d
model:LGT730 iter 4950: loss 2.7742, time 6596.40ms, mfu 14.95%
model:LGT730 iter 4960: loss 2.5310, time 354.92ms, mfu 15.40%
model:LGT730 iter 4970: loss 2.4838, time 355.08ms, mfu 15.80%
model:LGT730 iter 4980: loss 2.5159, time 358.78ms, mfu 16.14%
model:LGT730 iter 4990: loss 2.5951, time 353.77ms, mfu 16.47%
step 5000: train loss 2.3747, val loss 2.3763
saving checkpoint to out-novel-char3_LGT730_d34f65156182c545ea648093d502a95d
done saving checkpoint to out-novel-char3_LGT730_d34f65156182c545ea648093d502a95d
model:LGT730 iter 5000: loss 2.4322, time 6393.57ms, mfu 14.93%
model:LGT730 iter 5010: loss 2.4667, time 353.71ms, mfu 15.39%
model:LGT730 iter 5020: loss 2.1707, time 353.73ms, mfu 15.80%
model:LGT730 iter 5030: loss 2.2757, time 353.91ms, mfu 16.17%
model:LGT730 iter 5040: loss 2.2586, time 353.61ms, mfu 16.50%
step 5050: train loss 2.3632, val loss 2.3945
saving checkpoint to out-novel-char3_LGT730_d34f65156182c545ea648093d502a95d
done saving checkpoint to out-novel-char3_LGT730_d34f65156182c545ea648093d502a95d
model:LGT730 iter 5050: loss 2.4571, time 6522.41ms, mfu 14.96%
model:LGT730 iter 5060: loss 1.9634, time 353.66ms, mfu 15.41%
model:LGT730 iter 5070: loss 2.5584, time 353.63ms, mfu 15.82%
model:LGT730 iter 5080: loss 2.1181, time 353.67ms, mfu 16.18%
model:LGT730 iter 5090: loss 2.4435, time 353.64ms, mfu 16.52%
step 5100: train loss 2.3845, val loss 2.4044
saving checkpoint to out-novel-char3_LGT730_d34f65156182c545ea648093d502a95d
done saving checkpoint to out-novel-char3_LGT730_d34f65156182c545ea648093d502a95d
model:LGT730 iter 5100: loss 2.4522, time 6370.46ms, mfu 14.97%
model:LGT730 iter 5110: loss 2.5543, time 353.13ms, mfu 15.43%
model:LGT730 iter 5120: loss 2.1691, time 353.02ms, mfu 15.84%
model:LGT730 iter 5130: loss 2.1414, time 353.17ms, mfu 16.21%
model:LGT730 iter 5140: loss 2.3018, time 353.13ms, mfu 16.54%
step 5150: train loss 2.3286, val loss 2.3642
saving checkpoint to out-novel-char3_LGT730_d34f65156182c545ea648093d502a95d
done saving checkpoint to out-novel-char3_LGT730_d34f65156182c545ea648093d502a95d
model:LGT730 iter 5150: loss 2.1860, time 6420.17ms, mfu 14.99%
model:LGT730 iter 5160: loss 2.5591, time 353.58ms, mfu 15.44%
model:LGT730 iter 5170: loss 2.1005, time 353.70ms, mfu 15.85%
model:LGT730 iter 5180: loss 2.3076, time 353.61ms, mfu 16.21%
model:LGT730 iter 5190: loss 2.3938, time 353.55ms, mfu 16.54%
step 5200: train loss 2.3586, val loss 2.3759
saving checkpoint to out-novel-char3_LGT730_d34f65156182c545ea648093d502a95d
done saving checkpoint to out-novel-char3_LGT730_d34f65156182c545ea648093d502a95d
model:LGT730 iter 5200: loss 2.3117, time 6269.31ms, mfu 15.00%
model:LGT730 iter 5210: loss 2.2606, time 353.75ms, mfu 15.44%
model:LGT730 iter 5220: loss 2.8736, time 353.87ms, mfu 15.85%
model:LGT730 iter 5230: loss 1.8518, time 353.58ms, mfu 16.21%
model:LGT730 iter 5240: loss 1.8400, time 353.63ms, mfu 16.54%
step 5250: train loss 2.3277, val loss 2.3595
saving checkpoint to out-novel-char3_LGT730_d34f65156182c545ea648093d502a95d
done saving checkpoint to out-novel-char3_LGT730_d34f65156182c545ea648093d502a95d
model:LGT730 iter 5250: loss 2.0241, time 6316.63ms, mfu 15.00%
model:LGT730 iter 5260: loss 2.6654, time 352.77ms, mfu 15.45%
model:LGT730 iter 5270: loss 2.5268, time 353.01ms, mfu 15.86%
model:LGT730 iter 5280: loss 2.5520, time 353.05ms, mfu 16.22%
model:LGT730 iter 5290: loss 2.4234, time 352.93ms, mfu 16.56%
step 5300: train loss 2.3433, val loss 2.3325
saving checkpoint to out-novel-char3_LGT730_d34f65156182c545ea648093d502a95d
done saving checkpoint to out-novel-char3_LGT730_d34f65156182c545ea648093d502a95d
model:LGT730 iter 5300: loss 2.1858, time 6251.49ms, mfu 15.01%
model:LGT730 iter 5310: loss 2.1440, time 353.92ms, mfu 15.46%
model:LGT730 iter 5320: loss 2.4724, time 353.85ms, mfu 15.86%
model:LGT730 iter 5330: loss 2.1498, time 353.55ms, mfu 16.22%
model:LGT730 iter 5340: loss 2.3895, time 353.91ms, mfu 16.55%
step 5350: train loss 2.3357, val loss 2.3670
saving checkpoint to out-novel-char3_LGT730_d34f65156182c545ea648093d502a95d
done saving checkpoint to out-novel-char3_LGT730_d34f65156182c545ea648093d502a95d
model:LGT730 iter 5350: loss 1.9898, time 6318.55ms, mfu 15.00%
model:LGT730 iter 5360: loss 2.3493, time 353.17ms, mfu 15.45%
model:LGT730 iter 5370: loss 2.0016, time 353.09ms, mfu 15.86%
model:LGT730 iter 5380: loss 2.4483, time 353.13ms, mfu 16.23%
model:LGT730 iter 5390: loss 2.3513, time 353.15ms, mfu 16.56%
step 5400: train loss 2.3218, val loss 2.3539
saving checkpoint to out-novel-char3_LGT730_d34f65156182c545ea648093d502a95d
done saving checkpoint to out-novel-char3_LGT730_d34f65156182c545ea648093d502a95d
model:LGT730 iter 5400: loss 2.6263, time 6352.94ms, mfu 15.01%
model:LGT730 iter 5410: loss 2.0490, time 353.45ms, mfu 15.46%
model:LGT730 iter 5420: loss 2.2810, time 353.57ms, mfu 15.86%
model:LGT730 iter 5430: loss 2.5349, time 357.52ms, mfu 16.20%
model:LGT730 iter 5440: loss 2.3463, time 355.60ms, mfu 16.52%
step 5450: train loss 2.3349, val loss 2.3392
saving checkpoint to out-novel-char3_LGT730_d34f65156182c545ea648093d502a95d
done saving checkpoint to out-novel-char3_LGT730_d34f65156182c545ea648093d502a95d
model:LGT730 iter 5450: loss 2.3144, time 6373.62ms, mfu 14.98%
model:LGT730 iter 5460: loss 2.4502, time 353.41ms, mfu 15.43%
model:LGT730 iter 5470: loss 2.1857, time 353.38ms, mfu 15.84%
model:LGT730 iter 5480: loss 2.1951, time 353.61ms, mfu 16.20%
model:LGT730 iter 5490: loss 1.9033, time 353.63ms, mfu 16.53%
step 5500: train loss 2.3148, val loss 2.3526
saving checkpoint to out-novel-char3_LGT730_d34f65156182c545ea648093d502a95d
done saving checkpoint to out-novel-char3_LGT730_d34f65156182c545ea648093d502a95d
model:LGT730 iter 5500: loss 2.1680, time 6429.30ms, mfu 14.99%
model:LGT730 iter 5510: loss 2.4963, time 353.71ms, mfu 15.44%
model:LGT730 iter 5520: loss 2.3496, time 357.05ms, mfu 15.82%
model:LGT730 iter 5530: loss 2.5898, time 353.47ms, mfu 16.19%
model:LGT730 iter 5540: loss 2.3345, time 354.03ms, mfu 16.52%
step 5550: train loss 2.2818, val loss 2.3160
saving checkpoint to out-novel-char3_LGT730_d34f65156182c545ea648093d502a95d
done saving checkpoint to out-novel-char3_LGT730_d34f65156182c545ea648093d502a95d
model:LGT730 iter 5550: loss 2.2153, time 6366.85ms, mfu 14.98%
model:LGT730 iter 5560: loss 2.4172, time 353.91ms, mfu 15.43%
model:LGT730 iter 5570: loss 2.6269, time 353.68ms, mfu 15.83%
model:LGT730 iter 5580: loss 2.1508, time 353.62ms, mfu 16.20%
model:LGT730 iter 5590: loss 2.3520, time 353.59ms, mfu 16.53%
step 5600: train loss 2.2940, val loss 2.3590
saving checkpoint to out-novel-char3_LGT730_d34f65156182c545ea648093d502a95d
done saving checkpoint to out-novel-char3_LGT730_d34f65156182c545ea648093d502a95d
model:LGT730 iter 5600: loss 2.3000, time 6324.80ms, mfu 14.98%
model:LGT730 iter 5610: loss 2.0230, time 353.74ms, mfu 15.43%
model:LGT730 iter 5620: loss 2.2442, time 353.66ms, mfu 15.84%
model:LGT730 iter 5630: loss 2.5062, time 353.62ms, mfu 16.21%
model:LGT730 iter 5640: loss 2.2743, time 354.16ms, mfu 16.53%
step 5650: train loss 2.3092, val loss 2.3392
saving checkpoint to out-novel-char3_LGT730_d34f65156182c545ea648093d502a95d
done saving checkpoint to out-novel-char3_LGT730_d34f65156182c545ea648093d502a95d
model:LGT730 iter 5650: loss 2.2623, time 6182.74ms, mfu 14.99%
model:LGT730 iter 5660: loss 2.2500, time 353.85ms, mfu 15.44%
model:LGT730 iter 5670: loss 2.2178, time 353.64ms, mfu 15.84%
model:LGT730 iter 5680: loss 2.3083, time 353.55ms, mfu 16.21%
model:LGT730 iter 5690: loss 2.4730, time 353.68ms, mfu 16.54%
step 5700: train loss 2.3079, val loss 2.3176
saving checkpoint to out-novel-char3_LGT730_d34f65156182c545ea648093d502a95d
done saving checkpoint to out-novel-char3_LGT730_d34f65156182c545ea648093d502a95d
model:LGT730 iter 5700: loss 2.8151, time 6332.39ms, mfu 14.99%
model:LGT730 iter 5710: loss 2.5195, time 353.62ms, mfu 15.44%
model:LGT730 iter 5720: loss 2.4107, time 353.63ms, mfu 15.85%
model:LGT730 iter 5730: loss 2.4846, time 353.49ms, mfu 16.21%
model:LGT730 iter 5740: loss 2.5073, time 353.55ms, mfu 16.54%
step 5750: train loss 2.2964, val loss 2.2921
saving checkpoint to out-novel-char3_LGT730_d34f65156182c545ea648093d502a95d
done saving checkpoint to out-novel-char3_LGT730_d34f65156182c545ea648093d502a95d
model:LGT730 iter 5750: loss 2.3743, time 6389.32ms, mfu 15.00%
model:LGT730 iter 5760: loss 2.4676, time 353.55ms, mfu 15.45%
model:LGT730 iter 5770: loss 2.4539, time 353.77ms, mfu 15.85%
model:LGT730 iter 5780: loss 2.3243, time 353.68ms, mfu 16.21%
model:LGT730 iter 5790: loss 2.5206, time 353.93ms, mfu 16.54%
step 5800: train loss 2.2765, val loss 2.2936
saving checkpoint to out-novel-char3_LGT730_d34f65156182c545ea648093d502a95d
done saving checkpoint to out-novel-char3_LGT730_d34f65156182c545ea648093d502a95d
model:LGT730 iter 5800: loss 2.5085, time 6447.88ms, mfu 14.99%
model:LGT730 iter 5810: loss 2.5051, time 353.64ms, mfu 15.44%
model:LGT730 iter 5820: loss 2.3474, time 355.56ms, mfu 15.84%
model:LGT730 iter 5830: loss 2.3574, time 353.51ms, mfu 16.20%
model:LGT730 iter 5840: loss 2.2966, time 353.62ms, mfu 16.53%
step 5850: train loss 2.2518, val loss 2.2914
saving checkpoint to out-novel-char3_LGT730_d34f65156182c545ea648093d502a95d
done saving checkpoint to out-novel-char3_LGT730_d34f65156182c545ea648093d502a95d
model:LGT730 iter 5850: loss 2.1226, time 6551.25ms, mfu 14.98%
model:LGT730 iter 5860: loss 2.3925, time 355.64ms, mfu 15.42%
model:LGT730 iter 5870: loss 2.3122, time 353.69ms, mfu 15.83%
model:LGT730 iter 5880: loss 2.4629, time 355.42ms, mfu 16.19%
model:LGT730 iter 5890: loss 2.0433, time 353.34ms, mfu 16.52%
step 5900: train loss 2.2466, val loss 2.2890
saving checkpoint to out-novel-char3_LGT730_d34f65156182c545ea648093d502a95d
done saving checkpoint to out-novel-char3_LGT730_d34f65156182c545ea648093d502a95d
model:LGT730 iter 5900: loss 2.3075, time 6586.99ms, mfu 14.97%
model:LGT730 iter 5910: loss 2.4084, time 356.33ms, mfu 15.41%
model:LGT730 iter 5920: loss 2.4662, time 353.61ms, mfu 15.82%
model:LGT730 iter 5930: loss 2.4916, time 353.95ms, mfu 16.18%
model:LGT730 iter 5940: loss 2.0402, time 353.58ms, mfu 16.51%
step 5950: train loss 2.2604, val loss 2.2896
saving checkpoint to out-novel-char3_LGT730_d34f65156182c545ea648093d502a95d
done saving checkpoint to out-novel-char3_LGT730_d34f65156182c545ea648093d502a95d
model:LGT730 iter 5950: loss 2.3688, time 6333.48ms, mfu 14.97%
model:LGT730 iter 5960: loss 2.3834, time 353.63ms, mfu 15.42%
model:LGT730 iter 5970: loss 2.9746, time 353.47ms, mfu 15.83%
model:LGT730 iter 5980: loss 2.4319, time 353.60ms, mfu 16.20%
model:LGT730 iter 5990: loss 2.4151, time 353.66ms, mfu 16.53%
step 6000: train loss 2.2465, val loss 2.2469
saving checkpoint to out-novel-char3_LGT730_d34f65156182c545ea648093d502a95d
done saving checkpoint to out-novel-char3_LGT730_d34f65156182c545ea648093d502a95d
model:LGT730 iter 6000: loss 2.3458, time 6366.64ms, mfu 14.98%
model:LGT730 iter 6010: loss 2.3601, time 353.59ms, mfu 15.43%
model:LGT730 iter 6020: loss 2.3892, time 353.63ms, mfu 15.84%
model:LGT730 iter 6030: loss 2.2251, time 353.88ms, mfu 16.20%
model:LGT730 iter 6040: loss 2.1483, time 353.94ms, mfu 16.53%
step 6050: train loss 2.2652, val loss 2.2903
saving checkpoint to out-novel-char3_LGT730_d34f65156182c545ea648093d502a95d
done saving checkpoint to out-novel-char3_LGT730_d34f65156182c545ea648093d502a95d
model:LGT730 iter 6050: loss 2.5127, time 6561.61ms, mfu 14.98%
model:LGT730 iter 6060: loss 2.1095, time 353.62ms, mfu 15.43%
model:LGT730 iter 6070: loss 2.5116, time 353.59ms, mfu 15.84%
model:LGT730 iter 6080: loss 2.5472, time 358.37ms, mfu 16.18%
model:LGT730 iter 6090: loss 1.8742, time 354.19ms, mfu 16.51%
step 6100: train loss 2.2877, val loss 2.2682
saving checkpoint to out-novel-char3_LGT730_d34f65156182c545ea648093d502a95d
done saving checkpoint to out-novel-char3_LGT730_d34f65156182c545ea648093d502a95d
model:LGT730 iter 6100: loss 2.4778, time 6451.93ms, mfu 14.96%
model:LGT730 iter 6110: loss 2.3430, time 353.68ms, mfu 15.42%
model:LGT730 iter 6120: loss 2.2602, time 353.12ms, mfu 15.83%
model:LGT730 iter 6130: loss 2.3409, time 353.72ms, mfu 16.19%
model:LGT730 iter 6140: loss 2.3860, time 353.77ms, mfu 16.52%
step 6150: train loss 2.2231, val loss 2.2632
saving checkpoint to out-novel-char3_LGT730_d34f65156182c545ea648093d502a95d
done saving checkpoint to out-novel-char3_LGT730_d34f65156182c545ea648093d502a95d
model:LGT730 iter 6150: loss 2.3961, time 6442.00ms, mfu 14.98%
model:LGT730 iter 6160: loss 2.4594, time 353.62ms, mfu 15.43%
model:LGT730 iter 6170: loss 2.6264, time 353.62ms, mfu 15.84%
model:LGT730 iter 6180: loss 2.3527, time 353.70ms, mfu 16.20%
model:LGT730 iter 6190: loss 2.3539, time 353.59ms, mfu 16.53%
step 6200: train loss 2.2345, val loss 2.2694
saving checkpoint to out-novel-char3_LGT730_d34f65156182c545ea648093d502a95d
done saving checkpoint to out-novel-char3_LGT730_d34f65156182c545ea648093d502a95d
model:LGT730 iter 6200: loss 2.2408, time 6203.72ms, mfu 14.99%
model:LGT730 iter 6210: loss 2.1106, time 354.46ms, mfu 15.43%
model:LGT730 iter 6220: loss 2.2477, time 354.16ms, mfu 15.84%
model:LGT730 iter 6230: loss 2.7100, time 353.58ms, mfu 16.20%
model:LGT730 iter 6240: loss 1.7415, time 353.79ms, mfu 16.53%
step 6250: train loss 2.2481, val loss 2.2398
saving checkpoint to out-novel-char3_LGT730_d34f65156182c545ea648093d502a95d
done saving checkpoint to out-novel-char3_LGT730_d34f65156182c545ea648093d502a95d
model:LGT730 iter 6250: loss 2.3269, time 6255.81ms, mfu 14.99%
model:LGT730 iter 6260: loss 2.2681, time 353.73ms, mfu 15.44%
model:LGT730 iter 6270: loss 2.1881, time 353.61ms, mfu 15.84%
model:LGT730 iter 6280: loss 2.6475, time 353.58ms, mfu 16.21%
model:LGT730 iter 6290: loss 1.7872, time 354.01ms, mfu 16.54%
step 6300: train loss 2.2444, val loss 2.2757
saving checkpoint to out-novel-char3_LGT730_d34f65156182c545ea648093d502a95d
done saving checkpoint to out-novel-char3_LGT730_d34f65156182c545ea648093d502a95d
model:LGT730 iter 6300: loss 2.6008, time 6360.70ms, mfu 14.99%
model:LGT730 iter 6310: loss 2.2030, time 353.89ms, mfu 15.44%
model:LGT730 iter 6320: loss 2.3979, time 353.63ms, mfu 15.84%
model:LGT730 iter 6330: loss 2.1738, time 353.78ms, mfu 16.21%
model:LGT730 iter 6340: loss 2.2537, time 353.71ms, mfu 16.54%
step 6350: train loss 2.2280, val loss 2.2719
saving checkpoint to out-novel-char3_LGT730_d34f65156182c545ea648093d502a95d
done saving checkpoint to out-novel-char3_LGT730_d34f65156182c545ea648093d502a95d
model:LGT730 iter 6350: loss 2.2969, time 6135.21ms, mfu 15.00%
model:LGT730 iter 6360: loss 2.1926, time 353.59ms, mfu 15.45%
model:LGT730 iter 6370: loss 2.5777, time 353.64ms, mfu 15.85%
model:LGT730 iter 6380: loss 1.8204, time 353.81ms, mfu 16.21%
model:LGT730 iter 6390: loss 2.3033, time 353.46ms, mfu 16.54%
step 6400: train loss 2.2187, val loss 2.2728
saving checkpoint to out-novel-char3_LGT730_d34f65156182c545ea648093d502a95d
done saving checkpoint to out-novel-char3_LGT730_d34f65156182c545ea648093d502a95d
model:LGT730 iter 6400: loss 2.3418, time 6487.50ms, mfu 14.99%
model:LGT730 iter 6410: loss 2.4322, time 353.60ms, mfu 15.44%
model:LGT730 iter 6420: loss 2.2168, time 353.79ms, mfu 15.85%
model:LGT730 iter 6430: loss 2.3028, time 356.78ms, mfu 16.20%
model:LGT730 iter 6440: loss 2.1152, time 356.60ms, mfu 16.51%
step 6450: train loss 2.2443, val loss 2.2336
saving checkpoint to out-novel-char3_LGT730_d34f65156182c545ea648093d502a95d
done saving checkpoint to out-novel-char3_LGT730_d34f65156182c545ea648093d502a95d
model:LGT730 iter 6450: loss 2.1378, time 6532.66ms, mfu 14.96%
model:LGT730 iter 6460: loss 2.3432, time 354.16ms, mfu 15.41%
model:LGT730 iter 6470: loss 1.9829, time 359.55ms, mfu 15.79%
model:LGT730 iter 6480: loss 2.2821, time 353.68ms, mfu 16.16%
model:LGT730 iter 6490: loss 2.3092, time 360.62ms, mfu 16.46%
step 6500: train loss 2.2190, val loss 2.2264
saving checkpoint to out-novel-char3_LGT730_d34f65156182c545ea648093d502a95d
done saving checkpoint to out-novel-char3_LGT730_d34f65156182c545ea648093d502a95d
model:LGT730 iter 6500: loss 2.5294, time 6473.09ms, mfu 14.92%
model:LGT730 iter 6510: loss 2.1771, time 353.59ms, mfu 15.37%
model:LGT730 iter 6520: loss 2.3943, time 353.60ms, mfu 15.79%
model:LGT730 iter 6530: loss 2.3353, time 353.68ms, mfu 16.16%
model:LGT730 iter 6540: loss 2.3162, time 353.78ms, mfu 16.49%
step 6550: train loss 2.2119, val loss 2.2517
saving checkpoint to out-novel-char3_LGT730_d34f65156182c545ea648093d502a95d
done saving checkpoint to out-novel-char3_LGT730_d34f65156182c545ea648093d502a95d
model:LGT730 iter 6550: loss 2.4267, time 6348.91ms, mfu 14.95%
model:LGT730 iter 6560: loss 2.4855, time 355.84ms, mfu 15.39%
model:LGT730 iter 6570: loss 2.2300, time 353.84ms, mfu 15.80%
model:LGT730 iter 6580: loss 2.3223, time 353.64ms, mfu 16.17%
model:LGT730 iter 6590: loss 2.7610, time 353.59ms, mfu 16.50%
Overriding config with config/train_novel_char3.py:
# train a miniature character-level shakespeare model
# good for debugging and playing on macbooks and such

out_dir = 'out-novel-char3'
eval_interval = 250 # keep frequent because we'll overfit
eval_iters = 200
log_interval = 10 # don't print too too often

# we expect to overfit on this small dataset, so only save when val improves
always_save_checkpoint = False

wandb_log = False # override via command line if you like
wandb_project = 'novel'
wandb_run_name = 'novel'

dataset = 'novel_char3'
gradient_accumulation_steps = 1
# gradient_accumulation_steps = 6
gradient_accumulation_steps = 12
# gradient_accumulation_steps = 24
# gradient_accumulation_steps = 48
# batch_size = 12
batch_size = 2
# batch_size = 1
# block_size = 256 # context of up to 256 previous characters
# block_size = 256 # context of up to 256 previous characters
# block_size = 64 # context of up to 256 previous characters
block_size = 1024 # context of up to 256 previous characters

# baby GPT model :)
n_layer = 6
n_head = 6
n_embd = 384
# n_embd = 182
dropout = 0.2

# learning_rate = 1e-3 # with baby networks can afford to go a bit higher
learning_rate = 1e-4 # with baby networks can afford to go a bit higher

# max_iters = 5000
# lr_decay_iters = 5000 # make equal to max_iters usually

max_iters = 500000
lr_decay_iters = 500000 # make equal to max_iters usually

min_lr = 5e-6 # learning_rate / 10 usually
beta2 = 0.99 # make a bit bigger because number of tokens per iter is small

warmup_iters = 100 # not super necessary potentially

# on macbook also add
# device = 'cpu'  # run on cpu only
# compile = False # do not torch compile the model
# init_from ='resume'


'''
python3 -u sample.py config/train_novel.py --out_dir=out-novel-word_CCM232_c85667cd6eadbcf772d23fa97827c506 --model=CCM232
python3 -u sample.py config/train_novel.py --out_dir=out-novel-word_CCM251_4bfeb7b3e1b9c46a2542bb9406173e22 --model=CCM251
python3 -u sample.py config/train_novel.py --out_dir=out-novel-word_CCM253_01b622029bb00e0dc9206cae3b0ab559 --model=CCM253 
python3 -u sample.py config/train_novel.py --out_dir=out-novel-word_CCM276_01b622029bb00e0dc9206cae3b0ab559 --model=CCM276
python3 -u sample.py config/train_novel.py --out_dir=out-novel-word_CCM278_a97bfe077b316033e3604831d5ad371e --model=CCM278
python3 -u sample.py config/train_novel.py --out_dir=out-novel-word_CCM305_52efa1def80492f81622f536ac701226 --model=CCM305


out-novel-word_CCM276_01b622029bb00e0dc9206cae3b0ab559

'''
#### python3 -u sample.py config/train_novel.py --out_dir=out-novel-word_CCM232_c85667cd6eadbcf772d23fa97827c506 --model=CCM232
Overriding: init_from = resume
Overriding: compile = False
Overriding: model = LGT730
Overriding: n_layer = 70
Overriding: n_head = 12
Overriding: share_layer = False
Overriding: always_save_checkpoint = True
Overriding: max_iters = 2500999
Overriding: best_val_loss_force = 10.001
Overriding: min_lr = 5e-06
Overriding: dropout = 0.15
Overriding: eval_interval = 50
Overriding: force_resave = 0
Overriding: random_seed = 3
tokens per iteration will be: 24,576
found vocab_size = 73440 (inside data/novel_char3/meta.pkl)
out_dir: out-novel-char3_LGT730_d34f65156182c545ea648093d502a95d
Resuming training from out-novel-char3_LGT730_d34f65156182c545ea648093d502a95d
num decayed parameter tensors: 143, with 91,225,344 parameters
num non-decayed parameter tensors: 74, with 28,033 parameters
using fused AdamW: True
step 6550: train loss 2.2062, val loss 2.2450
saving checkpoint to out-novel-char3_LGT730_d34f65156182c545ea648093d502a95d
done saving checkpoint to out-novel-char3_LGT730_d34f65156182c545ea648093d502a95d
model:LGT730 iter 6550: loss 2.3227, time 6532.13ms, mfu -100.00%
model:LGT730 iter 6560: loss 2.5873, time 350.95ms, mfu 19.64%
model:LGT730 iter 6570: loss 1.9845, time 351.11ms, mfu 19.64%
model:LGT730 iter 6580: loss 2.2858, time 350.87ms, mfu 19.64%
model:LGT730 iter 6590: loss 2.2697, time 351.08ms, mfu 19.64%
step 6600: train loss 2.1811, val loss 2.2235
saving checkpoint to out-novel-char3_LGT730_d34f65156182c545ea648093d502a95d
done saving checkpoint to out-novel-char3_LGT730_d34f65156182c545ea648093d502a95d
model:LGT730 iter 6600: loss 2.0727, time 6305.01ms, mfu 17.79%
model:LGT730 iter 6610: loss 2.1485, time 350.84ms, mfu 17.97%
model:LGT730 iter 6620: loss 2.2049, time 351.10ms, mfu 18.14%
model:LGT730 iter 6630: loss 2.2279, time 351.42ms, mfu 18.29%
model:LGT730 iter 6640: loss 2.0067, time 351.32ms, mfu 18.42%
step 6650: train loss 2.2158, val loss 2.2298
saving checkpoint to out-novel-char3_LGT730_d34f65156182c545ea648093d502a95d
done saving checkpoint to out-novel-char3_LGT730_d34f65156182c545ea648093d502a95d
model:LGT730 iter 6650: loss 2.3999, time 6449.58ms, mfu 16.68%
model:LGT730 iter 6660: loss 2.1033, time 351.24ms, mfu 16.98%
model:LGT730 iter 6670: loss 2.4125, time 351.19ms, mfu 17.24%
model:LGT730 iter 6680: loss 2.4841, time 351.42ms, mfu 17.48%
model:LGT730 iter 6690: loss 2.2351, time 351.22ms, mfu 17.70%
step 6700: train loss 2.2394, val loss 2.2473
saving checkpoint to out-novel-char3_LGT730_d34f65156182c545ea648093d502a95d
done saving checkpoint to out-novel-char3_LGT730_d34f65156182c545ea648093d502a95d
model:LGT730 iter 6700: loss 2.5266, time 6496.53ms, mfu 16.03%
model:LGT730 iter 6710: loss 2.4123, time 351.27ms, mfu 16.39%
model:LGT730 iter 6720: loss 2.0354, time 351.45ms, mfu 16.71%
model:LGT730 iter 6730: loss 2.1319, time 351.12ms, mfu 17.01%
model:LGT730 iter 6740: loss 2.3733, time 365.74ms, mfu 17.19%
step 6750: train loss 2.1840, val loss 2.2289
saving checkpoint to out-novel-char3_LGT730_d34f65156182c545ea648093d502a95d
done saving checkpoint to out-novel-char3_LGT730_d34f65156182c545ea648093d502a95d
model:LGT730 iter 6750: loss 1.8582, time 6390.00ms, mfu 15.58%
model:LGT730 iter 6760: loss 2.1403, time 351.38ms, mfu 15.98%
model:LGT730 iter 6770: loss 2.3528, time 351.84ms, mfu 16.34%
model:LGT730 iter 6780: loss 2.3303, time 352.19ms, mfu 16.67%
model:LGT730 iter 6790: loss 2.4412, time 352.04ms, mfu 16.96%
step 6800: train loss 2.2181, val loss 2.2224
saving checkpoint to out-novel-char3_LGT730_d34f65156182c545ea648093d502a95d
done saving checkpoint to out-novel-char3_LGT730_d34f65156182c545ea648093d502a95d
model:LGT730 iter 6800: loss 2.3896, time 6270.56ms, mfu 15.37%
model:LGT730 iter 6810: loss 2.2034, time 351.55ms, mfu 15.80%
model:LGT730 iter 6820: loss 2.0916, time 351.72ms, mfu 16.18%
model:LGT730 iter 6830: loss 2.4488, time 351.65ms, mfu 16.52%
model:LGT730 iter 6840: loss 2.5210, time 351.70ms, mfu 16.83%
step 6850: train loss 2.1832, val loss 2.2367
saving checkpoint to out-novel-char3_LGT730_d34f65156182c545ea648093d502a95d
done saving checkpoint to out-novel-char3_LGT730_d34f65156182c545ea648093d502a95d
model:LGT730 iter 6850: loss 2.0458, time 6419.86ms, mfu 15.25%
model:LGT730 iter 6860: loss 2.2118, time 352.06ms, mfu 15.68%
model:LGT730 iter 6870: loss 2.4656, time 352.14ms, mfu 16.07%
model:LGT730 iter 6880: loss 2.2342, time 352.29ms, mfu 16.42%
model:LGT730 iter 6890: loss 2.3835, time 352.20ms, mfu 16.74%
step 6900: train loss 2.1843, val loss 2.2165
saving checkpoint to out-novel-char3_LGT730_d34f65156182c545ea648093d502a95d
done saving checkpoint to out-novel-char3_LGT730_d34f65156182c545ea648093d502a95d
model:LGT730 iter 6900: loss 1.7143, time 6365.77ms, mfu 15.17%
model:LGT730 iter 6910: loss 2.2541, time 351.91ms, mfu 15.61%
model:LGT730 iter 6920: loss 1.9115, time 352.15ms, mfu 16.01%
model:LGT730 iter 6930: loss 2.2675, time 352.21ms, mfu 16.37%
model:LGT730 iter 6940: loss 1.9308, time 354.01ms, mfu 16.68%
step 6950: train loss 2.1765, val loss 2.2166
saving checkpoint to out-novel-char3_LGT730_d34f65156182c545ea648093d502a95d
done saving checkpoint to out-novel-char3_LGT730_d34f65156182c545ea648093d502a95d
model:LGT730 iter 6950: loss 2.2161, time 6290.39ms, mfu 15.12%
model:LGT730 iter 6960: loss 2.2749, time 352.21ms, mfu 15.56%
model:LGT730 iter 6970: loss 2.3050, time 352.23ms, mfu 15.96%
model:LGT730 iter 6980: loss 2.2064, time 352.10ms, mfu 16.33%
model:LGT730 iter 6990: loss 2.3288, time 352.08ms, mfu 16.65%
step 7000: train loss 2.1757, val loss 2.2089
saving checkpoint to out-novel-char3_LGT730_d34f65156182c545ea648093d502a95d
done saving checkpoint to out-novel-char3_LGT730_d34f65156182c545ea648093d502a95d
model:LGT730 iter 7000: loss 2.0537, time 6437.83ms, mfu 15.09%
model:LGT730 iter 7010: loss 2.1846, time 351.88ms, mfu 15.54%
model:LGT730 iter 7020: loss 2.3316, time 351.59ms, mfu 15.95%
model:LGT730 iter 7030: loss 2.3329, time 351.58ms, mfu 16.31%
model:LGT730 iter 7040: loss 2.3726, time 351.60ms, mfu 16.64%
step 7050: train loss 2.1742, val loss 2.2043
saving checkpoint to out-novel-char3_LGT730_d34f65156182c545ea648093d502a95d
done saving checkpoint to out-novel-char3_LGT730_d34f65156182c545ea648093d502a95d
model:LGT730 iter 7050: loss 2.3037, time 6402.12ms, mfu 15.09%
model:LGT730 iter 7060: loss 2.2931, time 352.10ms, mfu 15.54%
model:LGT730 iter 7070: loss 2.4547, time 352.20ms, mfu 15.94%
model:LGT730 iter 7080: loss 2.5480, time 352.16ms, mfu 16.30%
model:LGT730 iter 7090: loss 2.0829, time 358.03ms, mfu 16.60%
step 7100: train loss 2.1714, val loss 2.1855
saving checkpoint to out-novel-char3_LGT730_d34f65156182c545ea648093d502a95d
done saving checkpoint to out-novel-char3_LGT730_d34f65156182c545ea648093d502a95d
model:LGT730 iter 7100: loss 2.0026, time 6534.16ms, mfu 15.04%
model:LGT730 iter 7110: loss 2.0389, time 352.17ms, mfu 15.50%
model:LGT730 iter 7120: loss 1.8514, time 352.26ms, mfu 15.90%
model:LGT730 iter 7130: loss 2.5145, time 352.13ms, mfu 16.27%
model:LGT730 iter 7140: loss 1.9056, time 352.28ms, mfu 16.60%
step 7150: train loss 2.1506, val loss 2.1923
saving checkpoint to out-novel-char3_LGT730_d34f65156182c545ea648093d502a95d
done saving checkpoint to out-novel-char3_LGT730_d34f65156182c545ea648093d502a95d
model:LGT730 iter 7150: loss 2.3465, time 6415.06ms, mfu 15.05%
model:LGT730 iter 7160: loss 1.9428, time 352.24ms, mfu 15.50%
model:LGT730 iter 7170: loss 2.3490, time 352.26ms, mfu 15.91%
model:LGT730 iter 7180: loss 2.0921, time 352.18ms, mfu 16.27%
model:LGT730 iter 7190: loss 1.8700, time 351.86ms, mfu 16.61%
step 7200: train loss 2.1691, val loss 2.2139
saving checkpoint to out-novel-char3_LGT730_d34f65156182c545ea648093d502a95d
done saving checkpoint to out-novel-char3_LGT730_d34f65156182c545ea648093d502a95d
model:LGT730 iter 7200: loss 2.3947, time 6421.39ms, mfu 15.05%
model:LGT730 iter 7210: loss 2.2010, time 352.20ms, mfu 15.50%
model:LGT730 iter 7220: loss 2.2180, time 353.51ms, mfu 15.90%
model:LGT730 iter 7230: loss 2.1910, time 352.23ms, mfu 16.27%
model:LGT730 iter 7240: loss 1.9673, time 352.22ms, mfu 16.60%
step 7250: train loss 2.1425, val loss 2.1940
saving checkpoint to out-novel-char3_LGT730_d34f65156182c545ea648093d502a95d
done saving checkpoint to out-novel-char3_LGT730_d34f65156182c545ea648093d502a95d
model:LGT730 iter 7250: loss 2.1329, time 6479.16ms, mfu 15.05%
model:LGT730 iter 7260: loss 2.2103, time 352.25ms, mfu 15.50%
model:LGT730 iter 7270: loss 2.1869, time 359.06ms, mfu 15.87%
model:LGT730 iter 7280: loss 2.0586, time 352.67ms, mfu 16.24%
model:LGT730 iter 7290: loss 2.0730, time 352.33ms, mfu 16.57%
step 7300: train loss 2.1600, val loss 2.1921
saving checkpoint to out-novel-char3_LGT730_d34f65156182c545ea648093d502a95d
done saving checkpoint to out-novel-char3_LGT730_d34f65156182c545ea648093d502a95d
model:LGT730 iter 7300: loss 2.2282, time 6396.58ms, mfu 15.02%
model:LGT730 iter 7310: loss 2.0041, time 352.18ms, mfu 15.48%
model:LGT730 iter 7320: loss 2.2862, time 352.59ms, mfu 15.88%
model:LGT730 iter 7330: loss 2.2877, time 352.20ms, mfu 16.25%
model:LGT730 iter 7340: loss 2.4555, time 352.37ms, mfu 16.58%
step 7350: train loss 2.1351, val loss 2.2070
saving checkpoint to out-novel-char3_LGT730_d34f65156182c545ea648093d502a95d
done saving checkpoint to out-novel-char3_LGT730_d34f65156182c545ea648093d502a95d
model:LGT730 iter 7350: loss 2.3108, time 6553.96ms, mfu 15.03%
model:LGT730 iter 7360: loss 2.2667, time 352.20ms, mfu 15.48%
model:LGT730 iter 7370: loss 2.2809, time 356.18ms, mfu 15.87%
model:LGT730 iter 7380: loss 1.9849, time 352.18ms, mfu 16.24%
model:LGT730 iter 7390: loss 2.1600, time 352.90ms, mfu 16.57%
step 7400: train loss 2.1559, val loss 2.2041
saving checkpoint to out-novel-char3_LGT730_d34f65156182c545ea648093d502a95d
done saving checkpoint to out-novel-char3_LGT730_d34f65156182c545ea648093d502a95d
model:LGT730 iter 7400: loss 2.3034, time 6542.33ms, mfu 15.02%
model:LGT730 iter 7410: loss 2.1262, time 352.24ms, mfu 15.47%
model:LGT730 iter 7420: loss 2.0083, time 352.10ms, mfu 15.88%
model:LGT730 iter 7430: loss 1.6502, time 352.20ms, mfu 16.25%
model:LGT730 iter 7440: loss 2.2269, time 352.27ms, mfu 16.58%
step 7450: train loss 2.1354, val loss 2.1989
saving checkpoint to out-novel-char3_LGT730_d34f65156182c545ea648093d502a95d
done saving checkpoint to out-novel-char3_LGT730_d34f65156182c545ea648093d502a95d
model:LGT730 iter 7450: loss 1.9157, time 6446.13ms, mfu 15.03%
model:LGT730 iter 7460: loss 2.2533, time 352.48ms, mfu 15.49%
model:LGT730 iter 7470: loss 2.1964, time 352.74ms, mfu 15.89%
model:LGT730 iter 7480: loss 2.2249, time 356.41ms, mfu 16.24%
model:LGT730 iter 7490: loss 2.2080, time 352.21ms, mfu 16.57%
step 7500: train loss 2.1207, val loss 2.1717
saving checkpoint to out-novel-char3_LGT730_d34f65156182c545ea648093d502a95d
done saving checkpoint to out-novel-char3_LGT730_d34f65156182c545ea648093d502a95d
model:LGT730 iter 7500: loss 2.1650, time 6393.22ms, mfu 15.02%
model:LGT730 iter 7510: loss 2.3505, time 352.32ms, mfu 15.48%
model:LGT730 iter 7520: loss 2.3500, time 352.17ms, mfu 15.88%
model:LGT730 iter 7530: loss 2.2791, time 352.77ms, mfu 16.25%
model:LGT730 iter 7540: loss 1.9340, time 352.24ms, mfu 16.58%
step 7550: train loss 2.1624, val loss 2.1691
saving checkpoint to out-novel-char3_LGT730_d34f65156182c545ea648093d502a95d
done saving checkpoint to out-novel-char3_LGT730_d34f65156182c545ea648093d502a95d
model:LGT730 iter 7550: loss 2.4024, time 6312.12ms, mfu 15.03%
model:LGT730 iter 7560: loss 2.4146, time 352.19ms, mfu 15.49%
model:LGT730 iter 7570: loss 1.9609, time 351.83ms, mfu 15.90%
model:LGT730 iter 7580: loss 1.9619, time 352.05ms, mfu 16.27%
model:LGT730 iter 7590: loss 2.3840, time 352.18ms, mfu 16.60%
step 7600: train loss 2.1228, val loss 2.1840
saving checkpoint to out-novel-char3_LGT730_d34f65156182c545ea648093d502a95d
done saving checkpoint to out-novel-char3_LGT730_d34f65156182c545ea648093d502a95d
model:LGT730 iter 7600: loss 2.1503, time 6321.83ms, mfu 15.05%
model:LGT730 iter 7610: loss 2.1130, time 352.26ms, mfu 15.50%
model:LGT730 iter 7620: loss 2.2608, time 352.16ms, mfu 15.91%
model:LGT730 iter 7630: loss 2.5628, time 352.48ms, mfu 16.27%
model:LGT730 iter 7640: loss 2.0188, time 352.16ms, mfu 16.60%
step 7650: train loss 2.1126, val loss 2.1597
saving checkpoint to out-novel-char3_LGT730_d34f65156182c545ea648093d502a95d
done saving checkpoint to out-novel-char3_LGT730_d34f65156182c545ea648093d502a95d
model:LGT730 iter 7650: loss 2.2897, time 6532.91ms, mfu 15.05%
model:LGT730 iter 7660: loss 2.0697, time 352.07ms, mfu 15.50%
model:LGT730 iter 7670: loss 2.0648, time 352.24ms, mfu 15.91%
model:LGT730 iter 7680: loss 2.2804, time 352.22ms, mfu 16.27%
model:LGT730 iter 7690: loss 2.2487, time 352.28ms, mfu 16.60%
step 7700: train loss 2.1299, val loss 2.1763
saving checkpoint to out-novel-char3_LGT730_d34f65156182c545ea648093d502a95d
done saving checkpoint to out-novel-char3_LGT730_d34f65156182c545ea648093d502a95d
model:LGT730 iter 7700: loss 2.0276, time 6365.53ms, mfu 15.05%
model:LGT730 iter 7710: loss 2.3527, time 352.13ms, mfu 15.50%
model:LGT730 iter 7720: loss 2.0318, time 352.20ms, mfu 15.91%
model:LGT730 iter 7730: loss 2.1439, time 352.30ms, mfu 16.28%
model:LGT730 iter 7740: loss 2.4443, time 352.25ms, mfu 16.61%
step 7750: train loss 2.1266, val loss 2.1727
saving checkpoint to out-novel-char3_LGT730_d34f65156182c545ea648093d502a95d
done saving checkpoint to out-novel-char3_LGT730_d34f65156182c545ea648093d502a95d
model:LGT730 iter 7750: loss 2.0232, time 6436.96ms, mfu 15.05%
model:LGT730 iter 7760: loss 1.9871, time 352.22ms, mfu 15.50%
model:LGT730 iter 7770: loss 2.1140, time 352.22ms, mfu 15.91%
model:LGT730 iter 7780: loss 2.0830, time 351.88ms, mfu 16.28%
model:LGT730 iter 7790: loss 2.1820, time 367.70ms, mfu 16.53%
step 7800: train loss 2.1122, val loss 2.1571
saving checkpoint to out-novel-char3_LGT730_d34f65156182c545ea648093d502a95d
done saving checkpoint to out-novel-char3_LGT730_d34f65156182c545ea648093d502a95d
model:LGT730 iter 7800: loss 2.1463, time 6392.52ms, mfu 14.98%
model:LGT730 iter 7810: loss 2.2153, time 352.11ms, mfu 15.44%
model:LGT730 iter 7820: loss 2.1451, time 352.79ms, mfu 15.85%
model:LGT730 iter 7830: loss 2.2129, time 352.22ms, mfu 16.22%
model:LGT730 iter 7840: loss 1.9889, time 352.13ms, mfu 16.56%
step 7850: train loss 2.1188, val loss 2.1400
saving checkpoint to out-novel-char3_LGT730_d34f65156182c545ea648093d502a95d
done saving checkpoint to out-novel-char3_LGT730_d34f65156182c545ea648093d502a95d
model:LGT730 iter 7850: loss 2.2651, time 6486.39ms, mfu 15.01%
model:LGT730 iter 7860: loss 1.9954, time 352.20ms, mfu 15.46%
model:LGT730 iter 7870: loss 2.0884, time 352.15ms, mfu 15.88%
model:LGT730 iter 7880: loss 1.9575, time 352.23ms, mfu 16.25%
model:LGT730 iter 7890: loss 2.2121, time 352.15ms, mfu 16.58%
step 7900: train loss 2.1190, val loss 2.1723
saving checkpoint to out-novel-char3_LGT730_d34f65156182c545ea648093d502a95d
done saving checkpoint to out-novel-char3_LGT730_d34f65156182c545ea648093d502a95d
model:LGT730 iter 7900: loss 2.2355, time 6393.21ms, mfu 15.03%
model:LGT730 iter 7910: loss 2.0714, time 353.12ms, mfu 15.48%
model:LGT730 iter 7920: loss 2.0088, time 352.16ms, mfu 15.89%
model:LGT730 iter 7930: loss 2.2200, time 352.19ms, mfu 16.26%
model:LGT730 iter 7940: loss 2.1298, time 352.16ms, mfu 16.59%
step 7950: train loss 2.1127, val loss 2.1623
saving checkpoint to out-novel-char3_LGT730_d34f65156182c545ea648093d502a95d
done saving checkpoint to out-novel-char3_LGT730_d34f65156182c545ea648093d502a95d
model:LGT730 iter 7950: loss 2.0344, time 6234.04ms, mfu 15.04%
model:LGT730 iter 7960: loss 2.4151, time 352.21ms, mfu 15.49%
model:LGT730 iter 7970: loss 2.0164, time 353.17ms, mfu 15.90%
model:LGT730 iter 7980: loss 2.5132, time 352.17ms, mfu 16.26%
model:LGT730 iter 7990: loss 2.3551, time 352.08ms, mfu 16.59%
step 8000: train loss 2.1165, val loss 2.1446
saving checkpoint to out-novel-char3_LGT730_d34f65156182c545ea648093d502a95d
done saving checkpoint to out-novel-char3_LGT730_d34f65156182c545ea648093d502a95d
model:LGT730 iter 8000: loss 2.3137, time 6431.79ms, mfu 15.04%
model:LGT730 iter 8010: loss 2.0050, time 352.13ms, mfu 15.50%
model:LGT730 iter 8020: loss 1.9959, time 352.11ms, mfu 15.90%
model:LGT730 iter 8030: loss 2.3903, time 352.04ms, mfu 16.27%
model:LGT730 iter 8040: loss 2.0647, time 352.56ms, mfu 16.60%
step 8050: train loss 2.1063, val loss 2.1371
saving checkpoint to out-novel-char3_LGT730_d34f65156182c545ea648093d502a95d
done saving checkpoint to out-novel-char3_LGT730_d34f65156182c545ea648093d502a95d
model:LGT730 iter 8050: loss 2.1153, time 6350.11ms, mfu 15.05%
model:LGT730 iter 8060: loss 2.4215, time 352.87ms, mfu 15.50%
model:LGT730 iter 8070: loss 2.3412, time 352.21ms, mfu 15.90%
model:LGT730 iter 8080: loss 2.2291, time 352.14ms, mfu 16.27%
model:LGT730 iter 8090: loss 2.0912, time 352.07ms, mfu 16.60%
step 8100: train loss 2.0840, val loss 2.1364
saving checkpoint to out-novel-char3_LGT730_d34f65156182c545ea648093d502a95d
done saving checkpoint to out-novel-char3_LGT730_d34f65156182c545ea648093d502a95d
model:LGT730 iter 8100: loss 2.0467, time 6243.72ms, mfu 15.05%
model:LGT730 iter 8110: loss 2.0535, time 352.13ms, mfu 15.50%
model:LGT730 iter 8120: loss 2.2592, time 352.16ms, mfu 15.91%
model:LGT730 iter 8130: loss 2.0900, time 352.56ms, mfu 16.28%
model:LGT730 iter 8140: loss 1.9518, time 358.11ms, mfu 16.57%
step 8150: train loss 2.0801, val loss 2.1586
saving checkpoint to out-novel-char3_LGT730_d34f65156182c545ea648093d502a95d
done saving checkpoint to out-novel-char3_LGT730_d34f65156182c545ea648093d502a95d
model:LGT730 iter 8150: loss 2.0694, time 6378.09ms, mfu 15.02%
model:LGT730 iter 8160: loss 2.2374, time 352.15ms, mfu 15.48%
model:LGT730 iter 8170: loss 2.3658, time 354.84ms, mfu 15.87%
model:LGT730 iter 8180: loss 2.2354, time 352.25ms, mfu 16.24%
model:LGT730 iter 8190: loss 2.0207, time 351.74ms, mfu 16.58%
step 8200: train loss 2.1046, val loss 2.1296
saving checkpoint to out-novel-char3_LGT730_d34f65156182c545ea648093d502a95d
done saving checkpoint to out-novel-char3_LGT730_d34f65156182c545ea648093d502a95d
model:LGT730 iter 8200: loss 2.0308, time 6446.89ms, mfu 15.03%
model:LGT730 iter 8210: loss 1.9643, time 352.18ms, mfu 15.48%
model:LGT730 iter 8220: loss 2.2662, time 352.49ms, mfu 15.89%
model:LGT730 iter 8230: loss 2.0720, time 352.18ms, mfu 16.26%
model:LGT730 iter 8240: loss 2.2719, time 352.19ms, mfu 16.59%
step 8250: train loss 2.0747, val loss 2.1618
saving checkpoint to out-novel-char3_LGT730_d34f65156182c545ea648093d502a95d
done saving checkpoint to out-novel-char3_LGT730_d34f65156182c545ea648093d502a95d
model:LGT730 iter 8250: loss 2.2684, time 6508.61ms, mfu 15.04%
model:LGT730 iter 8260: loss 2.4960, time 364.50ms, mfu 15.42%
model:LGT730 iter 8270: loss 2.1841, time 352.20ms, mfu 15.84%
model:LGT730 iter 8280: loss 1.8553, time 352.20ms, mfu 16.21%
model:LGT730 iter 8290: loss 2.2659, time 352.27ms, mfu 16.55%
step 8300: train loss 2.0847, val loss 2.1262
saving checkpoint to out-novel-char3_LGT730_d34f65156182c545ea648093d502a95d
done saving checkpoint to out-novel-char3_LGT730_d34f65156182c545ea648093d502a95d
model:LGT730 iter 8300: loss 2.0017, time 6354.09ms, mfu 15.00%
model:LGT730 iter 8310: loss 2.1292, time 352.15ms, mfu 15.46%
model:LGT730 iter 8320: loss 1.8814, time 352.61ms, mfu 15.87%
model:LGT730 iter 8330: loss 2.3498, time 352.51ms, mfu 16.24%
model:LGT730 iter 8340: loss 2.0801, time 357.88ms, mfu 16.54%
step 8350: train loss 2.0924, val loss 2.1292
saving checkpoint to out-novel-char3_LGT730_d34f65156182c545ea648093d502a95d
done saving checkpoint to out-novel-char3_LGT730_d34f65156182c545ea648093d502a95d
model:LGT730 iter 8350: loss 2.0264, time 6412.04ms, mfu 14.99%
model:LGT730 iter 8360: loss 2.4972, time 352.31ms, mfu 15.45%
model:LGT730 iter 8370: loss 2.2884, time 352.14ms, mfu 15.86%
model:LGT730 iter 8380: loss 2.0190, time 352.22ms, mfu 16.23%
model:LGT730 iter 8390: loss 2.1121, time 352.21ms, mfu 16.57%
step 8400: train loss 2.0817, val loss 2.1528
saving checkpoint to out-novel-char3_LGT730_d34f65156182c545ea648093d502a95d
done saving checkpoint to out-novel-char3_LGT730_d34f65156182c545ea648093d502a95d
model:LGT730 iter 8400: loss 2.1963, time 6471.24ms, mfu 15.02%
model:LGT730 iter 8410: loss 2.1726, time 352.12ms, mfu 15.47%
model:LGT730 iter 8420: loss 2.2259, time 352.01ms, mfu 15.88%
model:LGT730 iter 8430: loss 2.2356, time 352.17ms, mfu 16.25%
model:LGT730 iter 8440: loss 2.1519, time 352.04ms, mfu 16.59%
step 8450: train loss 2.0786, val loss 2.1307
saving checkpoint to out-novel-char3_LGT730_d34f65156182c545ea648093d502a95d
done saving checkpoint to out-novel-char3_LGT730_d34f65156182c545ea648093d502a95d
model:LGT730 iter 8450: loss 1.9266, time 6412.20ms, mfu 15.03%
model:LGT730 iter 8460: loss 2.0559, time 352.13ms, mfu 15.49%
model:LGT730 iter 8470: loss 2.1619, time 352.39ms, mfu 15.90%
model:LGT730 iter 8480: loss 2.0170, time 352.19ms, mfu 16.26%
model:LGT730 iter 8490: loss 1.8480, time 352.40ms, mfu 16.59%
step 8500: train loss 2.0652, val loss 2.1261
saving checkpoint to out-novel-char3_LGT730_d34f65156182c545ea648093d502a95d
done saving checkpoint to out-novel-char3_LGT730_d34f65156182c545ea648093d502a95d
model:LGT730 iter 8500: loss 2.4243, time 6504.67ms, mfu 15.04%
model:LGT730 iter 8510: loss 2.4479, time 351.64ms, mfu 15.50%
model:LGT730 iter 8520: loss 1.9292, time 351.67ms, mfu 15.91%
model:LGT730 iter 8530: loss 2.3471, time 351.82ms, mfu 16.28%
model:LGT730 iter 8540: loss 2.0023, time 351.62ms, mfu 16.61%
step 8550: train loss 2.0770, val loss 2.1573
saving checkpoint to out-novel-char3_LGT730_d34f65156182c545ea648093d502a95d
done saving checkpoint to out-novel-char3_LGT730_d34f65156182c545ea648093d502a95d
model:LGT730 iter 8550: loss 2.1055, time 6392.71ms, mfu 15.06%
model:LGT730 iter 8560: loss 1.5019, time 352.42ms, mfu 15.51%
model:LGT730 iter 8570: loss 2.4220, time 352.21ms, mfu 15.91%
model:LGT730 iter 8580: loss 2.0724, time 352.48ms, mfu 16.28%
model:LGT730 iter 8590: loss 1.9796, time 352.25ms, mfu 16.61%
step 8600: train loss 2.0587, val loss 2.1197
saving checkpoint to out-novel-char3_LGT730_d34f65156182c545ea648093d502a95d
done saving checkpoint to out-novel-char3_LGT730_d34f65156182c545ea648093d502a95d
model:LGT730 iter 8600: loss 2.1861, time 6481.43ms, mfu 15.05%
model:LGT730 iter 8610: loss 2.1266, time 352.84ms, mfu 15.50%
model:LGT730 iter 8620: loss 1.9443, time 352.20ms, mfu 15.91%
model:LGT730 iter 8630: loss 2.3345, time 352.30ms, mfu 16.27%
model:LGT730 iter 8640: loss 2.4264, time 352.12ms, mfu 16.60%
step 8650: train loss 2.0782, val loss 2.1063
saving checkpoint to out-novel-char3_LGT730_d34f65156182c545ea648093d502a95d
done saving checkpoint to out-novel-char3_LGT730_d34f65156182c545ea648093d502a95d
model:LGT730 iter 8650: loss 2.2057, time 6456.80ms, mfu 15.05%
model:LGT730 iter 8660: loss 2.0079, time 365.37ms, mfu 15.43%
model:LGT730 iter 8670: loss 2.2755, time 352.30ms, mfu 15.85%
model:LGT730 iter 8680: loss 1.8601, time 352.27ms, mfu 16.22%
model:LGT730 iter 8690: loss 2.1401, time 352.32ms, mfu 16.55%
step 8700: train loss 2.0581, val loss 2.0999
saving checkpoint to out-novel-char3_LGT730_d34f65156182c545ea648093d502a95d
done saving checkpoint to out-novel-char3_LGT730_d34f65156182c545ea648093d502a95d
model:LGT730 iter 8700: loss 1.9608, time 6330.12ms, mfu 15.01%
model:LGT730 iter 8710: loss 2.0163, time 352.23ms, mfu 15.46%
model:LGT730 iter 8720: loss 2.2396, time 370.47ms, mfu 15.78%
model:LGT730 iter 8730: loss 2.1959, time 352.18ms, mfu 16.16%
model:LGT730 iter 8740: loss 2.2075, time 352.13ms, mfu 16.50%
step 8750: train loss 2.0486, val loss 2.1425
saving checkpoint to out-novel-char3_LGT730_d34f65156182c545ea648093d502a95d
done saving checkpoint to out-novel-char3_LGT730_d34f65156182c545ea648093d502a95d
model:LGT730 iter 8750: loss 2.0422, time 6444.85ms, mfu 14.96%
model:LGT730 iter 8760: loss 2.0742, time 353.80ms, mfu 15.41%
model:LGT730 iter 8770: loss 2.0865, time 352.35ms, mfu 15.82%
model:LGT730 iter 8780: loss 1.9649, time 352.31ms, mfu 16.20%
model:LGT730 iter 8790: loss 2.3127, time 352.23ms, mfu 16.54%
step 8800: train loss 2.0646, val loss 2.1346
saving checkpoint to out-novel-char3_LGT730_d34f65156182c545ea648093d502a95d
done saving checkpoint to out-novel-char3_LGT730_d34f65156182c545ea648093d502a95d
model:LGT730 iter 8800: loss 2.3832, time 6556.53ms, mfu 14.99%
model:LGT730 iter 8810: loss 1.8986, time 351.69ms, mfu 15.45%
model:LGT730 iter 8820: loss 1.9668, time 351.73ms, mfu 15.86%
model:LGT730 iter 8830: loss 1.9575, time 352.04ms, mfu 16.24%
model:LGT730 iter 8840: loss 1.9865, time 351.68ms, mfu 16.57%
step 8850: train loss 2.0573, val loss 2.0875
saving checkpoint to out-novel-char3_LGT730_d34f65156182c545ea648093d502a95d
done saving checkpoint to out-novel-char3_LGT730_d34f65156182c545ea648093d502a95d
model:LGT730 iter 8850: loss 1.9501, time 6501.65ms, mfu 15.02%
model:LGT730 iter 8860: loss 2.2763, time 352.21ms, mfu 15.48%
model:LGT730 iter 8870: loss 2.0955, time 352.27ms, mfu 15.88%
model:LGT730 iter 8880: loss 1.9055, time 352.11ms, mfu 16.25%
model:LGT730 iter 8890: loss 1.9452, time 352.23ms, mfu 16.59%
step 8900: train loss 2.0599, val loss 2.0963
saving checkpoint to out-novel-char3_LGT730_d34f65156182c545ea648093d502a95d
done saving checkpoint to out-novel-char3_LGT730_d34f65156182c545ea648093d502a95d
model:LGT730 iter 8900: loss 1.9218, time 6369.05ms, mfu 15.04%
model:LGT730 iter 8910: loss 1.8495, time 352.28ms, mfu 15.49%
model:LGT730 iter 8920: loss 1.7879, time 352.19ms, mfu 15.90%
model:LGT730 iter 8930: loss 2.0808, time 352.36ms, mfu 16.26%
model:LGT730 iter 8940: loss 2.2458, time 351.86ms, mfu 16.60%
step 8950: train loss 2.0760, val loss 2.1041
saving checkpoint to out-novel-char3_LGT730_d34f65156182c545ea648093d502a95d
done saving checkpoint to out-novel-char3_LGT730_d34f65156182c545ea648093d502a95d
model:LGT730 iter 8950: loss 1.9320, time 6538.32ms, mfu 15.04%
model:LGT730 iter 8960: loss 2.1037, time 351.64ms, mfu 15.50%
model:LGT730 iter 8970: loss 2.1630, time 351.69ms, mfu 15.91%
model:LGT730 iter 8980: loss 2.0375, time 351.77ms, mfu 16.28%
model:LGT730 iter 8990: loss 2.4333, time 351.59ms, mfu 16.61%
step 9000: train loss 2.0747, val loss 2.1001
saving checkpoint to out-novel-char3_LGT730_d34f65156182c545ea648093d502a95d
done saving checkpoint to out-novel-char3_LGT730_d34f65156182c545ea648093d502a95d
model:LGT730 iter 9000: loss 2.3023, time 6307.62ms, mfu 15.06%
model:LGT730 iter 9010: loss 2.2791, time 351.61ms, mfu 15.51%
model:LGT730 iter 9020: loss 2.0520, time 351.65ms, mfu 15.92%
model:LGT730 iter 9030: loss 2.3450, time 351.60ms, mfu 16.29%
model:LGT730 iter 9040: loss 1.8698, time 351.77ms, mfu 16.62%
step 9050: train loss 2.0486, val loss 2.1259
saving checkpoint to out-novel-char3_LGT730_d34f65156182c545ea648093d502a95d
done saving checkpoint to out-novel-char3_LGT730_d34f65156182c545ea648093d502a95d
model:LGT730 iter 9050: loss 2.1642, time 6251.20ms, mfu 15.07%
model:LGT730 iter 9060: loss 1.9262, time 352.15ms, mfu 15.52%
model:LGT730 iter 9070: loss 2.3709, time 352.19ms, mfu 15.93%
model:LGT730 iter 9080: loss 2.0773, time 352.69ms, mfu 16.29%
model:LGT730 iter 9090: loss 2.3192, time 352.16ms, mfu 16.62%
step 9100: train loss 2.0164, val loss 2.1052
saving checkpoint to out-novel-char3_LGT730_d34f65156182c545ea648093d502a95d
done saving checkpoint to out-novel-char3_LGT730_d34f65156182c545ea648093d502a95d
model:LGT730 iter 9100: loss 2.2787, time 6469.36ms, mfu 15.06%
model:LGT730 iter 9110: loss 2.3630, time 351.64ms, mfu 15.52%
model:LGT730 iter 9120: loss 2.0173, time 399.04ms, mfu 15.69%
model:LGT730 iter 9130: loss 2.1648, time 351.43ms, mfu 16.08%
model:LGT730 iter 9140: loss 2.3026, time 351.55ms, mfu 16.44%
step 9150: train loss 2.0351, val loss 2.1051
saving checkpoint to out-novel-char3_LGT730_d34f65156182c545ea648093d502a95d
done saving checkpoint to out-novel-char3_LGT730_d34f65156182c545ea648093d502a95d
model:LGT730 iter 9150: loss 2.0838, time 6356.67ms, mfu 14.90%
model:LGT730 iter 9160: loss 2.2860, time 357.47ms, mfu 15.34%
model:LGT730 iter 9170: loss 2.0099, time 356.16ms, mfu 15.74%
model:LGT730 iter 9180: loss 2.5096, time 352.73ms, mfu 16.12%
model:LGT730 iter 9190: loss 2.1641, time 352.25ms, mfu 16.47%
step 9200: train loss 2.0281, val loss 2.0986
saving checkpoint to out-novel-char3_LGT730_d34f65156182c545ea648093d502a95d
done saving checkpoint to out-novel-char3_LGT730_d34f65156182c545ea648093d502a95d
model:LGT730 iter 9200: loss 1.9769, time 6478.00ms, mfu 14.93%
model:LGT730 iter 9210: loss 1.9953, time 352.11ms, mfu 15.39%
model:LGT730 iter 9220: loss 2.2107, time 353.02ms, mfu 15.80%
model:LGT730 iter 9230: loss 1.9086, time 353.06ms, mfu 16.18%
model:LGT730 iter 9240: loss 2.2622, time 352.08ms, mfu 16.52%
step 9250: train loss 2.0427, val loss 2.0612
saving checkpoint to out-novel-char3_LGT730_d34f65156182c545ea648093d502a95d
done saving checkpoint to out-novel-char3_LGT730_d34f65156182c545ea648093d502a95d
model:LGT730 iter 9250: loss 1.9117, time 6407.29ms, mfu 14.97%
model:LGT730 iter 9260: loss 2.4730, time 352.19ms, mfu 15.43%
model:LGT730 iter 9270: loss 1.7073, time 353.04ms, mfu 15.84%
model:LGT730 iter 9280: loss 1.8777, time 352.27ms, mfu 16.21%
model:LGT730 iter 9290: loss 2.3133, time 352.18ms, mfu 16.55%
step 9300: train loss 2.0397, val loss 2.0904
saving checkpoint to out-novel-char3_LGT730_d34f65156182c545ea648093d502a95d
done saving checkpoint to out-novel-char3_LGT730_d34f65156182c545ea648093d502a95d
model:LGT730 iter 9300: loss 2.2023, time 6382.47ms, mfu 15.00%
model:LGT730 iter 9310: loss 2.2061, time 352.23ms, mfu 15.46%
model:LGT730 iter 9320: loss 1.9868, time 352.16ms, mfu 15.87%
model:LGT730 iter 9330: loss 2.1142, time 352.29ms, mfu 16.24%
model:LGT730 iter 9340: loss 2.2041, time 352.19ms, mfu 16.57%
step 9350: train loss 2.0136, val loss 2.1160
saving checkpoint to out-novel-char3_LGT730_d34f65156182c545ea648093d502a95d
done saving checkpoint to out-novel-char3_LGT730_d34f65156182c545ea648093d502a95d
model:LGT730 iter 9350: loss 1.8822, time 6471.47ms, mfu 15.02%
model:LGT730 iter 9360: loss 1.9760, time 351.89ms, mfu 15.48%
model:LGT730 iter 9370: loss 2.0543, time 352.30ms, mfu 15.89%
model:LGT730 iter 9380: loss 2.0912, time 351.75ms, mfu 16.26%
model:LGT730 iter 9390: loss 2.1991, time 352.18ms, mfu 16.59%
step 9400: train loss 2.0376, val loss 2.0651
saving checkpoint to out-novel-char3_LGT730_d34f65156182c545ea648093d502a95d
done saving checkpoint to out-novel-char3_LGT730_d34f65156182c545ea648093d502a95d
model:LGT730 iter 9400: loss 2.0651, time 6578.94ms, mfu 15.04%
model:LGT730 iter 9410: loss 2.0029, time 352.22ms, mfu 15.49%
model:LGT730 iter 9420: loss 2.1498, time 352.07ms, mfu 15.90%
model:LGT730 iter 9430: loss 1.9529, time 352.17ms, mfu 16.27%
model:LGT730 iter 9440: loss 2.4213, time 352.15ms, mfu 16.60%
step 9450: train loss 2.0274, val loss 2.0955
saving checkpoint to out-novel-char3_LGT730_d34f65156182c545ea648093d502a95d
done saving checkpoint to out-novel-char3_LGT730_d34f65156182c545ea648093d502a95d
model:LGT730 iter 9450: loss 2.0695, time 6398.64ms, mfu 15.05%
model:LGT730 iter 9460: loss 1.9055, time 351.75ms, mfu 15.50%
model:LGT730 iter 9470: loss 2.2704, time 352.24ms, mfu 15.91%
model:LGT730 iter 9480: loss 2.1374, time 352.04ms, mfu 16.27%
model:LGT730 iter 9490: loss 2.7215, time 351.93ms, mfu 16.61%
step 9500: train loss 2.0424, val loss 2.0818
saving checkpoint to out-novel-char3_LGT730_d34f65156182c545ea648093d502a95d
done saving checkpoint to out-novel-char3_LGT730_d34f65156182c545ea648093d502a95d
model:LGT730 iter 9500: loss 2.0810, time 6478.26ms, mfu 15.05%
model:LGT730 iter 9510: loss 1.8439, time 352.17ms, mfu 15.50%
model:LGT730 iter 9520: loss 2.1001, time 351.97ms, mfu 15.91%
model:LGT730 iter 9530: loss 2.0828, time 352.20ms, mfu 16.28%
model:LGT730 iter 9540: loss 2.1795, time 352.75ms, mfu 16.60%
step 9550: train loss 2.0407, val loss 2.0710
saving checkpoint to out-novel-char3_LGT730_d34f65156182c545ea648093d502a95d
done saving checkpoint to out-novel-char3_LGT730_d34f65156182c545ea648093d502a95d
model:LGT730 iter 9550: loss 2.2663, time 6419.46ms, mfu 15.05%
model:LGT730 iter 9560: loss 2.0377, time 352.94ms, mfu 15.50%
model:LGT730 iter 9570: loss 2.0952, time 352.25ms, mfu 15.91%
model:LGT730 iter 9580: loss 1.6430, time 354.91ms, mfu 16.26%
model:LGT730 iter 9590: loss 2.1349, time 353.67ms, mfu 16.58%
step 9600: train loss 2.0255, val loss 2.0710
saving checkpoint to out-novel-char3_LGT730_d34f65156182c545ea648093d502a95d
done saving checkpoint to out-novel-char3_LGT730_d34f65156182c545ea648093d502a95d
model:LGT730 iter 9600: loss 2.0669, time 6396.64ms, mfu 15.03%
model:LGT730 iter 9610: loss 2.0981, time 353.68ms, mfu 15.48%
model:LGT730 iter 9620: loss 1.8136, time 352.16ms, mfu 15.89%
model:LGT730 iter 9630: loss 1.9221, time 352.09ms, mfu 16.26%
model:LGT730 iter 9640: loss 1.6563, time 352.19ms, mfu 16.59%
step 9650: train loss 2.0538, val loss 2.1032
saving checkpoint to out-novel-char3_LGT730_d34f65156182c545ea648093d502a95d
done saving checkpoint to out-novel-char3_LGT730_d34f65156182c545ea648093d502a95d
model:LGT730 iter 9650: loss 2.2043, time 6413.72ms, mfu 15.04%
model:LGT730 iter 9660: loss 2.3434, time 351.65ms, mfu 15.49%
model:LGT730 iter 9670: loss 2.2726, time 351.87ms, mfu 15.90%
model:LGT730 iter 9680: loss 2.0405, time 351.61ms, mfu 16.27%
model:LGT730 iter 9690: loss 1.7703, time 351.65ms, mfu 16.61%
step 9700: train loss 2.0201, val loss 2.0878
saving checkpoint to out-novel-char3_LGT730_d34f65156182c545ea648093d502a95d
done saving checkpoint to out-novel-char3_LGT730_d34f65156182c545ea648093d502a95d
model:LGT730 iter 9700: loss 1.9708, time 6424.81ms, mfu 15.05%
model:LGT730 iter 9710: loss 2.4732, time 351.58ms, mfu 15.51%
model:LGT730 iter 9720: loss 2.0184, time 351.60ms, mfu 15.92%
model:LGT730 iter 9730: loss 2.2268, time 352.01ms, mfu 16.28%
model:LGT730 iter 9740: loss 2.2147, time 351.71ms, mfu 16.62%
step 9750: train loss 2.0321, val loss 2.0647
saving checkpoint to out-novel-char3_LGT730_d34f65156182c545ea648093d502a95d
done saving checkpoint to out-novel-char3_LGT730_d34f65156182c545ea648093d502a95d
model:LGT730 iter 9750: loss 2.2291, time 6541.09ms, mfu 15.06%
model:LGT730 iter 9760: loss 2.2667, time 351.57ms, mfu 15.51%
model:LGT730 iter 9770: loss 2.0010, time 351.60ms, mfu 15.92%
model:LGT730 iter 9780: loss 1.9702, time 351.56ms, mfu 16.29%
model:LGT730 iter 9790: loss 1.9417, time 351.69ms, mfu 16.62%
step 9800: train loss 2.0394, val loss 2.0931
saving checkpoint to out-novel-char3_LGT730_d34f65156182c545ea648093d502a95d
done saving checkpoint to out-novel-char3_LGT730_d34f65156182c545ea648093d502a95d
model:LGT730 iter 9800: loss 1.8901, time 6316.15ms, mfu 15.07%
model:LGT730 iter 9810: loss 1.8692, time 351.64ms, mfu 15.52%
model:LGT730 iter 9820: loss 1.9253, time 351.60ms, mfu 15.93%
model:LGT730 iter 9830: loss 2.0994, time 352.45ms, mfu 16.29%
model:LGT730 iter 9840: loss 1.9729, time 351.65ms, mfu 16.62%
step 9850: train loss 2.0005, val loss 2.0828
saving checkpoint to out-novel-char3_LGT730_d34f65156182c545ea648093d502a95d
done saving checkpoint to out-novel-char3_LGT730_d34f65156182c545ea648093d502a95d
model:LGT730 iter 9850: loss 2.0025, time 6374.42ms, mfu 15.07%
model:LGT730 iter 9860: loss 1.8382, time 351.29ms, mfu 15.53%
model:LGT730 iter 9870: loss 1.8896, time 352.28ms, mfu 15.93%
model:LGT730 iter 9880: loss 2.3906, time 351.62ms, mfu 16.30%
model:LGT730 iter 9890: loss 2.0929, time 351.71ms, mfu 16.63%
step 9900: train loss 2.0076, val loss 2.0800
saving checkpoint to out-novel-char3_LGT730_d34f65156182c545ea648093d502a95d
done saving checkpoint to out-novel-char3_LGT730_d34f65156182c545ea648093d502a95d
model:LGT730 iter 9900: loss 2.2598, time 6402.83ms, mfu 15.07%
model:LGT730 iter 9910: loss 2.1133, time 351.73ms, mfu 15.53%
model:LGT730 iter 9920: loss 2.2968, time 351.63ms, mfu 15.93%
model:LGT730 iter 9930: loss 1.9156, time 351.72ms, mfu 16.30%
model:LGT730 iter 9940: loss 1.8902, time 351.66ms, mfu 16.63%
step 9950: train loss 2.0152, val loss 2.0912
saving checkpoint to out-novel-char3_LGT730_d34f65156182c545ea648093d502a95d
done saving checkpoint to out-novel-char3_LGT730_d34f65156182c545ea648093d502a95d
model:LGT730 iter 9950: loss 1.9467, time 6269.39ms, mfu 15.08%
model:LGT730 iter 9960: loss 2.1577, time 352.44ms, mfu 15.52%
model:LGT730 iter 9970: loss 2.1711, time 352.30ms, mfu 15.93%
model:LGT730 iter 9980: loss 1.8439, time 353.02ms, mfu 16.29%
model:LGT730 iter 9990: loss 1.7652, time 352.24ms, mfu 16.62%
step 10000: train loss 1.9937, val loss 2.0725
saving checkpoint to out-novel-char3_LGT730_d34f65156182c545ea648093d502a95d
done saving checkpoint to out-novel-char3_LGT730_d34f65156182c545ea648093d502a95d
model:LGT730 iter 10000: loss 2.0156, time 6486.78ms, mfu 15.06%
model:LGT730 iter 10010: loss 2.2042, time 351.43ms, mfu 15.52%
model:LGT730 iter 10020: loss 2.1153, time 351.66ms, mfu 15.93%
model:LGT730 iter 10030: loss 1.9976, time 351.80ms, mfu 16.29%
model:LGT730 iter 10040: loss 2.2138, time 351.64ms, mfu 16.62%
step 10050: train loss 2.0193, val loss 2.0808
saving checkpoint to out-novel-char3_LGT730_d34f65156182c545ea648093d502a95d
done saving checkpoint to out-novel-char3_LGT730_d34f65156182c545ea648093d502a95d
model:LGT730 iter 10050: loss 1.9717, time 6506.75ms, mfu 15.07%
model:LGT730 iter 10060: loss 2.4679, time 352.40ms, mfu 15.52%
model:LGT730 iter 10070: loss 2.4335, time 351.66ms, mfu 15.93%
model:LGT730 iter 10080: loss 1.8303, time 351.57ms, mfu 16.29%
model:LGT730 iter 10090: loss 2.0195, time 351.76ms, mfu 16.62%
step 10100: train loss 2.0032, val loss 2.0794
saving checkpoint to out-novel-char3_LGT730_d34f65156182c545ea648093d502a95d
done saving checkpoint to out-novel-char3_LGT730_d34f65156182c545ea648093d502a95d
model:LGT730 iter 10100: loss 2.1446, time 6121.76ms, mfu 15.07%
model:LGT730 iter 10110: loss 2.2095, time 351.82ms, mfu 15.53%
model:LGT730 iter 10120: loss 1.9539, time 351.67ms, mfu 15.93%
model:LGT730 iter 10130: loss 2.3770, time 351.65ms, mfu 16.30%
model:LGT730 iter 10140: loss 2.0888, time 351.70ms, mfu 16.63%
step 10150: train loss 2.0007, val loss 2.0848
saving checkpoint to out-novel-char3_LGT730_d34f65156182c545ea648093d502a95d
done saving checkpoint to out-novel-char3_LGT730_d34f65156182c545ea648093d502a95d
model:LGT730 iter 10150: loss 1.9008, time 6496.72ms, mfu 15.07%
model:LGT730 iter 10160: loss 2.2589, time 352.12ms, mfu 15.52%
model:LGT730 iter 10170: loss 1.8690, time 352.25ms, mfu 15.93%
model:LGT730 iter 10180: loss 2.2316, time 352.14ms, mfu 16.29%
model:LGT730 iter 10190: loss 2.0019, time 352.32ms, mfu 16.62%
step 10200: train loss 2.0026, val loss 2.0698
saving checkpoint to out-novel-char3_LGT730_d34f65156182c545ea648093d502a95d
done saving checkpoint to out-novel-char3_LGT730_d34f65156182c545ea648093d502a95d
model:LGT730 iter 10200: loss 2.0397, time 6538.89ms, mfu 15.06%
model:LGT730 iter 10210: loss 2.1581, time 354.08ms, mfu 15.50%
model:LGT730 iter 10220: loss 2.0676, time 351.44ms, mfu 15.92%
model:LGT730 iter 10230: loss 1.8514, time 351.58ms, mfu 16.28%
model:LGT730 iter 10240: loss 1.9434, time 351.70ms, mfu 16.62%
step 10250: train loss 1.9993, val loss 2.0633
saving checkpoint to out-novel-char3_LGT730_d34f65156182c545ea648093d502a95d
done saving checkpoint to out-novel-char3_LGT730_d34f65156182c545ea648093d502a95d
model:LGT730 iter 10250: loss 2.3567, time 6456.27ms, mfu 15.06%
model:LGT730 iter 10260: loss 2.0564, time 352.89ms, mfu 15.51%
model:LGT730 iter 10270: loss 2.0425, time 357.08ms, mfu 15.89%
model:LGT730 iter 10280: loss 2.1902, time 351.80ms, mfu 16.26%
model:LGT730 iter 10290: loss 2.0951, time 358.43ms, mfu 16.56%
step 10300: train loss 1.9933, val loss 2.0370
saving checkpoint to out-novel-char3_LGT730_d34f65156182c545ea648093d502a95d
done saving checkpoint to out-novel-char3_LGT730_d34f65156182c545ea648093d502a95d
model:LGT730 iter 10300: loss 2.0185, time 6548.43ms, mfu 15.01%
model:LGT730 iter 10310: loss 1.8797, time 351.67ms, mfu 15.47%
model:LGT730 iter 10320: loss 1.9981, time 351.56ms, mfu 15.88%
model:LGT730 iter 10330: loss 2.2444, time 351.80ms, mfu 16.25%
model:LGT730 iter 10340: loss 1.9752, time 352.58ms, mfu 16.58%
step 10350: train loss 1.9929, val loss 2.1226
saving checkpoint to out-novel-char3_LGT730_d34f65156182c545ea648093d502a95d
done saving checkpoint to out-novel-char3_LGT730_d34f65156182c545ea648093d502a95d
model:LGT730 iter 10350: loss 1.9887, time 6485.43ms, mfu 15.03%
model:LGT730 iter 10360: loss 2.0860, time 351.79ms, mfu 15.49%
model:LGT730 iter 10370: loss 2.2232, time 351.15ms, mfu 15.90%
model:LGT730 iter 10380: loss 1.9622, time 351.62ms, mfu 16.27%
model:LGT730 iter 10390: loss 2.2084, time 351.65ms, mfu 16.60%
step 10400: train loss 1.9916, val loss 2.0545
saving checkpoint to out-novel-char3_LGT730_d34f65156182c545ea648093d502a95d
done saving checkpoint to out-novel-char3_LGT730_d34f65156182c545ea648093d502a95d
model:LGT730 iter 10400: loss 2.4492, time 6555.11ms, mfu 15.05%
model:LGT730 iter 10410: loss 2.0371, time 351.61ms, mfu 15.50%
model:LGT730 iter 10420: loss 2.1464, time 351.50ms, mfu 15.92%
model:LGT730 iter 10430: loss 1.9959, time 351.66ms, mfu 16.28%
model:LGT730 iter 10440: loss 2.0773, time 351.62ms, mfu 16.62%
step 10450: train loss 1.9863, val loss 2.0622
saving checkpoint to out-novel-char3_LGT730_d34f65156182c545ea648093d502a95d
done saving checkpoint to out-novel-char3_LGT730_d34f65156182c545ea648093d502a95d
model:LGT730 iter 10450: loss 2.0669, time 6281.64ms, mfu 15.06%
model:LGT730 iter 10460: loss 2.0952, time 351.50ms, mfu 15.52%
model:LGT730 iter 10470: loss 1.7269, time 351.44ms, mfu 15.93%
model:LGT730 iter 10480: loss 1.8553, time 351.42ms, mfu 16.30%
model:LGT730 iter 10490: loss 1.8939, time 351.44ms, mfu 16.63%
step 10500: train loss 2.0081, val loss 2.0715
saving checkpoint to out-novel-char3_LGT730_d34f65156182c545ea648093d502a95d
done saving checkpoint to out-novel-char3_LGT730_d34f65156182c545ea648093d502a95d
model:LGT730 iter 10500: loss 2.2487, time 6396.52ms, mfu 15.07%
model:LGT730 iter 10510: loss 1.8350, time 351.62ms, mfu 15.53%
model:LGT730 iter 10520: loss 1.8006, time 351.69ms, mfu 15.93%
model:LGT730 iter 10530: loss 1.7744, time 351.69ms, mfu 16.30%
model:LGT730 iter 10540: loss 1.9472, time 351.65ms, mfu 16.63%
step 10550: train loss 1.9773, val loss 2.0722
saving checkpoint to out-novel-char3_LGT730_d34f65156182c545ea648093d502a95d
done saving checkpoint to out-novel-char3_LGT730_d34f65156182c545ea648093d502a95d
model:LGT730 iter 10550: loss 2.0417, time 6516.27ms, mfu 15.07%
model:LGT730 iter 10560: loss 1.9233, time 351.19ms, mfu 15.53%
model:LGT730 iter 10570: loss 1.8028, time 351.65ms, mfu 15.94%
model:LGT730 iter 10580: loss 1.8787, time 351.68ms, mfu 16.30%
model:LGT730 iter 10590: loss 2.2990, time 351.15ms, mfu 16.64%
step 10600: train loss 1.9935, val loss 2.0495
saving checkpoint to out-novel-char3_LGT730_d34f65156182c545ea648093d502a95d
done saving checkpoint to out-novel-char3_LGT730_d34f65156182c545ea648093d502a95d
model:LGT730 iter 10600: loss 1.7761, time 6420.44ms, mfu 15.08%
model:LGT730 iter 10610: loss 2.1435, time 351.69ms, mfu 15.53%
model:LGT730 iter 10620: loss 2.4148, time 351.62ms, mfu 15.94%
model:LGT730 iter 10630: loss 1.9317, time 361.38ms, mfu 16.25%
model:LGT730 iter 10640: loss 2.0005, time 351.61ms, mfu 16.59%
step 10650: train loss 1.9995, val loss 2.0525
saving checkpoint to out-novel-char3_LGT730_d34f65156182c545ea648093d502a95d
done saving checkpoint to out-novel-char3_LGT730_d34f65156182c545ea648093d502a95d
model:LGT730 iter 10650: loss 1.7548, time 6159.92ms, mfu 15.04%
model:LGT730 iter 10660: loss 1.6553, time 351.60ms, mfu 15.50%
model:LGT730 iter 10670: loss 2.0737, time 351.68ms, mfu 15.91%
model:LGT730 iter 10680: loss 1.7290, time 351.60ms, mfu 16.28%
model:LGT730 iter 10690: loss 1.7913, time 351.63ms, mfu 16.61%
step 10700: train loss 1.9811, val loss 2.0470
saving checkpoint to out-novel-char3_LGT730_d34f65156182c545ea648093d502a95d
done saving checkpoint to out-novel-char3_LGT730_d34f65156182c545ea648093d502a95d
model:LGT730 iter 10700: loss 2.0817, time 6508.78ms, mfu 15.06%
model:LGT730 iter 10710: loss 2.0962, time 352.17ms, mfu 15.51%
model:LGT730 iter 10720: loss 1.9943, time 352.10ms, mfu 15.91%
model:LGT730 iter 10730: loss 1.9855, time 351.90ms, mfu 16.28%
model:LGT730 iter 10740: loss 1.9063, time 352.04ms, mfu 16.61%
step 10750: train loss 2.0077, val loss 2.0628
saving checkpoint to out-novel-char3_LGT730_d34f65156182c545ea648093d502a95d
done saving checkpoint to out-novel-char3_LGT730_d34f65156182c545ea648093d502a95d
model:LGT730 iter 10750: loss 2.0229, time 6408.51ms, mfu 15.06%
model:LGT730 iter 10760: loss 2.1691, time 351.59ms, mfu 15.51%
model:LGT730 iter 10770: loss 2.2270, time 351.64ms, mfu 15.92%
model:LGT730 iter 10780: loss 2.1580, time 351.63ms, mfu 16.29%
model:LGT730 iter 10790: loss 1.9706, time 351.63ms, mfu 16.62%
step 10800: train loss 1.9615, val loss 2.0580
saving checkpoint to out-novel-char3_LGT730_d34f65156182c545ea648093d502a95d
done saving checkpoint to out-novel-char3_LGT730_d34f65156182c545ea648093d502a95d
model:LGT730 iter 10800: loss 1.7468, time 6406.01ms, mfu 15.07%
model:LGT730 iter 10810: loss 1.8646, time 351.64ms, mfu 15.52%
model:LGT730 iter 10820: loss 2.0676, time 351.80ms, mfu 15.93%
model:LGT730 iter 10830: loss 2.0435, time 351.65ms, mfu 16.30%
model:LGT730 iter 10840: loss 2.1512, time 351.63ms, mfu 16.63%
step 10850: train loss 1.9550, val loss 2.0568
saving checkpoint to out-novel-char3_LGT730_d34f65156182c545ea648093d502a95d
done saving checkpoint to out-novel-char3_LGT730_d34f65156182c545ea648093d502a95d
model:LGT730 iter 10850: loss 1.5293, time 6373.53ms, mfu 15.07%
model:LGT730 iter 10860: loss 1.9473, time 351.53ms, mfu 15.53%
model:LGT730 iter 10870: loss 1.8743, time 351.82ms, mfu 15.93%
model:LGT730 iter 10880: loss 1.8518, time 351.63ms, mfu 16.30%
model:LGT730 iter 10890: loss 1.7338, time 351.65ms, mfu 16.63%
step 10900: train loss 1.9580, val loss 2.0567
saving checkpoint to out-novel-char3_LGT730_d34f65156182c545ea648093d502a95d
done saving checkpoint to out-novel-char3_LGT730_d34f65156182c545ea648093d502a95d
model:LGT730 iter 10900: loss 2.2591, time 6148.89ms, mfu 15.08%
model:LGT730 iter 10910: loss 2.0377, time 351.77ms, mfu 15.53%
model:LGT730 iter 10920: loss 2.1699, time 351.62ms, mfu 15.94%
model:LGT730 iter 10930: loss 2.1130, time 351.57ms, mfu 16.30%
model:LGT730 iter 10940: loss 1.8237, time 351.71ms, mfu 16.63%
step 10950: train loss 1.9602, val loss 2.0350
saving checkpoint to out-novel-char3_LGT730_d34f65156182c545ea648093d502a95d
done saving checkpoint to out-novel-char3_LGT730_d34f65156182c545ea648093d502a95d
model:LGT730 iter 10950: loss 2.1095, time 6473.32ms, mfu 15.08%
model:LGT730 iter 10960: loss 1.6497, time 351.61ms, mfu 15.53%
model:LGT730 iter 10970: loss 1.9010, time 351.76ms, mfu 15.94%
model:LGT730 iter 10980: loss 2.1170, time 351.55ms, mfu 16.30%
model:LGT730 iter 10990: loss 2.2089, time 351.36ms, mfu 16.64%
step 11000: train loss 1.9926, val loss 2.0397
saving checkpoint to out-novel-char3_LGT730_d34f65156182c545ea648093d502a95d
done saving checkpoint to out-novel-char3_LGT730_d34f65156182c545ea648093d502a95d
model:LGT730 iter 11000: loss 2.2963, time 6480.07ms, mfu 15.08%
model:LGT730 iter 11010: loss 2.1617, time 351.64ms, mfu 15.53%
model:LGT730 iter 11020: loss 2.1817, time 351.67ms, mfu 15.94%
model:LGT730 iter 11030: loss 2.1840, time 351.51ms, mfu 16.31%
model:LGT730 iter 11040: loss 2.0107, time 351.70ms, mfu 16.63%
step 11050: train loss 1.9900, val loss 2.0750
saving checkpoint to out-novel-char3_LGT730_d34f65156182c545ea648093d502a95d
done saving checkpoint to out-novel-char3_LGT730_d34f65156182c545ea648093d502a95d
model:LGT730 iter 11050: loss 1.8822, time 6389.89ms, mfu 15.08%
model:LGT730 iter 11060: loss 1.8681, time 351.60ms, mfu 15.53%
model:LGT730 iter 11070: loss 2.0540, time 352.01ms, mfu 15.94%
model:LGT730 iter 11080: loss 2.0914, time 351.63ms, mfu 16.30%
model:LGT730 iter 11090: loss 1.8360, time 351.56ms, mfu 16.63%
step 11100: train loss 1.9708, val loss 2.0638
saving checkpoint to out-novel-char3_LGT730_d34f65156182c545ea648093d502a95d
done saving checkpoint to out-novel-char3_LGT730_d34f65156182c545ea648093d502a95d
model:LGT730 iter 11100: loss 2.0317, time 6562.41ms, mfu 15.08%
model:LGT730 iter 11110: loss 1.8460, time 358.44ms, mfu 15.49%
model:LGT730 iter 11120: loss 2.0558, time 351.53ms, mfu 15.90%
model:LGT730 iter 11130: loss 1.6717, time 351.58ms, mfu 16.27%
model:LGT730 iter 11140: loss 2.2209, time 351.91ms, mfu 16.60%
step 11150: train loss 1.9522, val loss 2.0474
saving checkpoint to out-novel-char3_LGT730_d34f65156182c545ea648093d502a95d
done saving checkpoint to out-novel-char3_LGT730_d34f65156182c545ea648093d502a95d
model:LGT730 iter 11150: loss 2.1420, time 6363.58ms, mfu 15.05%
model:LGT730 iter 11160: loss 2.1755, time 352.42ms, mfu 15.50%
model:LGT730 iter 11170: loss 1.9931, time 351.69ms, mfu 15.91%
model:LGT730 iter 11180: loss 1.8574, time 351.69ms, mfu 16.28%
model:LGT730 iter 11190: loss 1.9027, time 351.62ms, mfu 16.61%
step 11200: train loss 1.9427, val loss 2.0506
saving checkpoint to out-novel-char3_LGT730_d34f65156182c545ea648093d502a95d
done saving checkpoint to out-novel-char3_LGT730_d34f65156182c545ea648093d502a95d
model:LGT730 iter 11200: loss 2.6110, time 6569.52ms, mfu 15.06%
model:LGT730 iter 11210: loss 2.3418, time 351.76ms, mfu 15.51%
model:LGT730 iter 11220: loss 1.5383, time 351.88ms, mfu 15.92%
model:LGT730 iter 11230: loss 2.0439, time 351.88ms, mfu 16.29%
model:LGT730 iter 11240: loss 2.2013, time 351.63ms, mfu 16.62%
step 11250: train loss 1.9841, val loss 2.0603
saving checkpoint to out-novel-char3_LGT730_d34f65156182c545ea648093d502a95d
done saving checkpoint to out-novel-char3_LGT730_d34f65156182c545ea648093d502a95d
model:LGT730 iter 11250: loss 1.9103, time 6452.47ms, mfu 15.06%
model:LGT730 iter 11260: loss 2.2641, time 351.72ms, mfu 15.52%
model:LGT730 iter 11270: loss 2.0825, time 351.66ms, mfu 15.93%
model:LGT730 iter 11280: loss 1.8396, time 356.30ms, mfu 16.27%
model:LGT730 iter 11290: loss 2.1938, time 351.63ms, mfu 16.60%
step 11300: train loss 1.9510, val loss 2.0412
saving checkpoint to out-novel-char3_LGT730_d34f65156182c545ea648093d502a95d
done saving checkpoint to out-novel-char3_LGT730_d34f65156182c545ea648093d502a95d
model:LGT730 iter 11300: loss 2.0379, time 6471.52ms, mfu 15.05%
model:LGT730 iter 11310: loss 2.0860, time 351.53ms, mfu 15.50%
model:LGT730 iter 11320: loss 1.6624, time 351.48ms, mfu 15.91%
model:LGT730 iter 11330: loss 2.1728, time 351.69ms, mfu 16.28%
model:LGT730 iter 11340: loss 1.9000, time 351.58ms, mfu 16.62%
step 11350: train loss 1.9517, val loss 2.0420
saving checkpoint to out-novel-char3_LGT730_d34f65156182c545ea648093d502a95d
done saving checkpoint to out-novel-char3_LGT730_d34f65156182c545ea648093d502a95d
model:LGT730 iter 11350: loss 1.8553, time 6457.55ms, mfu 15.06%
model:LGT730 iter 11360: loss 2.0633, time 351.65ms, mfu 15.51%
model:LGT730 iter 11370: loss 2.0702, time 351.61ms, mfu 15.92%
model:LGT730 iter 11380: loss 1.7519, time 351.63ms, mfu 16.29%
model:LGT730 iter 11390: loss 2.0535, time 352.53ms, mfu 16.62%
step 11400: train loss 1.9511, val loss 2.0371
saving checkpoint to out-novel-char3_LGT730_d34f65156182c545ea648093d502a95d
done saving checkpoint to out-novel-char3_LGT730_d34f65156182c545ea648093d502a95d
model:LGT730 iter 11400: loss 1.9043, time 6354.59ms, mfu 15.06%
model:LGT730 iter 11410: loss 1.8385, time 351.81ms, mfu 15.52%
model:LGT730 iter 11420: loss 2.1084, time 352.08ms, mfu 15.92%
model:LGT730 iter 11430: loss 2.0868, time 351.72ms, mfu 16.29%
model:LGT730 iter 11440: loss 1.8567, time 356.32ms, mfu 16.60%
step 11450: train loss 1.9487, val loss 2.0335
saving checkpoint to out-novel-char3_LGT730_d34f65156182c545ea648093d502a95d
done saving checkpoint to out-novel-char3_LGT730_d34f65156182c545ea648093d502a95d
model:LGT730 iter 11450: loss 2.0655, time 6469.92ms, mfu 15.04%
model:LGT730 iter 11460: loss 2.6680, time 351.68ms, mfu 15.50%
model:LGT730 iter 11470: loss 2.2328, time 352.35ms, mfu 15.91%
model:LGT730 iter 11480: loss 2.0388, time 351.58ms, mfu 16.28%
model:LGT730 iter 11490: loss 1.8300, time 351.61ms, mfu 16.61%
step 11500: train loss 1.9355, val loss 2.0631
saving checkpoint to out-novel-char3_LGT730_d34f65156182c545ea648093d502a95d
done saving checkpoint to out-novel-char3_LGT730_d34f65156182c545ea648093d502a95d
model:LGT730 iter 11500: loss 2.2942, time 6216.43ms, mfu 15.06%
model:LGT730 iter 11510: loss 2.0978, time 352.34ms, mfu 15.51%
model:LGT730 iter 11520: loss 1.9928, time 352.41ms, mfu 15.91%
model:LGT730 iter 11530: loss 2.1311, time 352.17ms, mfu 16.28%
model:LGT730 iter 11540: loss 2.1742, time 352.18ms, mfu 16.61%
step 11550: train loss 1.9375, val loss 2.0150
saving checkpoint to out-novel-char3_LGT730_d34f65156182c545ea648093d502a95d
done saving checkpoint to out-novel-char3_LGT730_d34f65156182c545ea648093d502a95d
model:LGT730 iter 11550: loss 2.0267, time 6581.39ms, mfu 15.05%
model:LGT730 iter 11560: loss 2.0822, time 351.47ms, mfu 15.51%
model:LGT730 iter 11570: loss 1.5513, time 351.74ms, mfu 15.92%
model:LGT730 iter 11580: loss 1.8638, time 351.58ms, mfu 16.29%
model:LGT730 iter 11590: loss 1.8380, time 351.64ms, mfu 16.62%
step 11600: train loss 1.9408, val loss 2.0365
saving checkpoint to out-novel-char3_LGT730_d34f65156182c545ea648093d502a95d
done saving checkpoint to out-novel-char3_LGT730_d34f65156182c545ea648093d502a95d
model:LGT730 iter 11600: loss 2.0916, time 6238.36ms, mfu 15.07%
model:LGT730 iter 11610: loss 1.4579, time 354.79ms, mfu 15.50%
model:LGT730 iter 11620: loss 2.0386, time 351.32ms, mfu 15.92%
model:LGT730 iter 11630: loss 1.6001, time 351.69ms, mfu 16.28%
model:LGT730 iter 11640: loss 2.0403, time 351.67ms, mfu 16.62%
step 11650: train loss 1.9596, val loss 2.0512
saving checkpoint to out-novel-char3_LGT730_d34f65156182c545ea648093d502a95d
done saving checkpoint to out-novel-char3_LGT730_d34f65156182c545ea648093d502a95d
model:LGT730 iter 11650: loss 2.0576, time 6506.71ms, mfu 15.06%
model:LGT730 iter 11660: loss 2.0835, time 352.83ms, mfu 15.51%
model:LGT730 iter 11670: loss 1.7015, time 352.42ms, mfu 15.91%
model:LGT730 iter 11680: loss 1.6506, time 352.13ms, mfu 16.28%
model:LGT730 iter 11690: loss 1.9004, time 352.29ms, mfu 16.61%
step 11700: train loss 1.9183, val loss 2.0196
saving checkpoint to out-novel-char3_LGT730_d34f65156182c545ea648093d502a95d
done saving checkpoint to out-novel-char3_LGT730_d34f65156182c545ea648093d502a95d
model:LGT730 iter 11700: loss 1.8267, time 6335.41ms, mfu 15.06%
model:LGT730 iter 11710: loss 2.1334, time 352.24ms, mfu 15.51%
model:LGT730 iter 11720: loss 1.7083, time 352.48ms, mfu 15.91%
model:LGT730 iter 11730: loss 1.9313, time 356.40ms, mfu 16.26%
model:LGT730 iter 11740: loss 2.0178, time 352.51ms, mfu 16.59%
step 11750: train loss 1.9427, val loss 2.0358
saving checkpoint to out-novel-char3_LGT730_d34f65156182c545ea648093d502a95d
done saving checkpoint to out-novel-char3_LGT730_d34f65156182c545ea648093d502a95d
model:LGT730 iter 11750: loss 1.8715, time 6339.60ms, mfu 15.04%
model:LGT730 iter 11760: loss 1.7609, time 361.32ms, mfu 15.44%
model:LGT730 iter 11770: loss 2.4116, time 352.26ms, mfu 15.85%
model:LGT730 iter 11780: loss 1.5665, time 352.08ms, mfu 16.23%
model:LGT730 iter 11790: loss 1.5947, time 352.13ms, mfu 16.56%
step 11800: train loss 1.9228, val loss 2.0262
saving checkpoint to out-novel-char3_LGT730_d34f65156182c545ea648093d502a95d
done saving checkpoint to out-novel-char3_LGT730_d34f65156182c545ea648093d502a95d
model:LGT730 iter 11800: loss 1.4756, time 6443.29ms, mfu 15.01%
model:LGT730 iter 11810: loss 2.2980, time 352.16ms, mfu 15.47%
model:LGT730 iter 11820: loss 2.2189, time 351.98ms, mfu 15.88%
model:LGT730 iter 11830: loss 2.0823, time 352.16ms, mfu 16.25%
model:LGT730 iter 11840: loss 2.0126, time 352.25ms, mfu 16.58%
step 11850: train loss 1.9406, val loss 2.0043
saving checkpoint to out-novel-char3_LGT730_d34f65156182c545ea648093d502a95d
done saving checkpoint to out-novel-char3_LGT730_d34f65156182c545ea648093d502a95d
model:LGT730 iter 11850: loss 1.8451, time 6336.81ms, mfu 15.03%
model:LGT730 iter 11860: loss 1.8090, time 351.65ms, mfu 15.49%
model:LGT730 iter 11870: loss 2.0572, time 351.51ms, mfu 15.90%
model:LGT730 iter 11880: loss 1.7945, time 351.55ms, mfu 16.27%
model:LGT730 iter 11890: loss 2.0372, time 351.77ms, mfu 16.60%
step 11900: train loss 1.9385, val loss 2.0327
saving checkpoint to out-novel-char3_LGT730_d34f65156182c545ea648093d502a95d
done saving checkpoint to out-novel-char3_LGT730_d34f65156182c545ea648093d502a95d
model:LGT730 iter 11900: loss 1.6707, time 6275.35ms, mfu 15.05%
model:LGT730 iter 11910: loss 1.9929, time 352.34ms, mfu 15.50%
model:LGT730 iter 11920: loss 1.6851, time 351.93ms, mfu 15.91%
model:LGT730 iter 11930: loss 2.0624, time 352.27ms, mfu 16.28%
model:LGT730 iter 11940: loss 1.8413, time 352.26ms, mfu 16.61%
step 11950: train loss 1.9257, val loss 2.0357
saving checkpoint to out-novel-char3_LGT730_d34f65156182c545ea648093d502a95d
done saving checkpoint to out-novel-char3_LGT730_d34f65156182c545ea648093d502a95d
model:LGT730 iter 11950: loss 2.2075, time 6346.26ms, mfu 15.06%
model:LGT730 iter 11960: loss 1.6036, time 358.03ms, mfu 15.48%
model:LGT730 iter 11970: loss 1.9437, time 352.21ms, mfu 15.88%
model:LGT730 iter 11980: loss 1.9547, time 352.17ms, mfu 16.25%
model:LGT730 iter 11990: loss 1.9466, time 352.22ms, mfu 16.59%
step 12000: train loss 1.9477, val loss 2.0189
saving checkpoint to out-novel-char3_LGT730_d34f65156182c545ea648093d502a95d
done saving checkpoint to out-novel-char3_LGT730_d34f65156182c545ea648093d502a95d
model:LGT730 iter 12000: loss 1.8756, time 6490.73ms, mfu 15.03%
model:LGT730 iter 12010: loss 2.0336, time 355.97ms, mfu 15.47%
model:LGT730 iter 12020: loss 1.8363, time 351.84ms, mfu 15.88%
model:LGT730 iter 12030: loss 1.8304, time 352.17ms, mfu 16.25%
model:LGT730 iter 12040: loss 1.5296, time 352.20ms, mfu 16.58%
step 12050: train loss 1.9278, val loss 2.0376
saving checkpoint to out-novel-char3_LGT730_d34f65156182c545ea648093d502a95d
done saving checkpoint to out-novel-char3_LGT730_d34f65156182c545ea648093d502a95d
model:LGT730 iter 12050: loss 1.7824, time 6493.62ms, mfu 15.03%
model:LGT730 iter 12060: loss 2.0921, time 357.44ms, mfu 15.45%
model:LGT730 iter 12070: loss 1.9645, time 352.29ms, mfu 15.87%
model:LGT730 iter 12080: loss 2.1945, time 354.17ms, mfu 16.23%
model:LGT730 iter 12090: loss 1.9184, time 351.92ms, mfu 16.56%
step 12100: train loss 1.9003, val loss 2.0099
saving checkpoint to out-novel-char3_LGT730_d34f65156182c545ea648093d502a95d
done saving checkpoint to out-novel-char3_LGT730_d34f65156182c545ea648093d502a95d
model:LGT730 iter 12100: loss 1.7846, time 6418.89ms, mfu 15.01%
model:LGT730 iter 12110: loss 1.9968, time 352.61ms, mfu 15.47%
model:LGT730 iter 12120: loss 2.1773, time 352.45ms, mfu 15.88%
model:LGT730 iter 12130: loss 1.8081, time 352.13ms, mfu 16.25%
model:LGT730 iter 12140: loss 1.9787, time 352.14ms, mfu 16.58%
step 12150: train loss 1.9082, val loss 2.0532
saving checkpoint to out-novel-char3_LGT730_d34f65156182c545ea648093d502a95d
done saving checkpoint to out-novel-char3_LGT730_d34f65156182c545ea648093d502a95d
model:LGT730 iter 12150: loss 1.9184, time 6516.15ms, mfu 15.03%
model:LGT730 iter 12160: loss 1.7043, time 352.28ms, mfu 15.48%
model:LGT730 iter 12170: loss 1.9646, time 352.05ms, mfu 15.89%
model:LGT730 iter 12180: loss 2.0565, time 352.15ms, mfu 16.26%
model:LGT730 iter 12190: loss 1.9396, time 352.20ms, mfu 16.59%
step 12200: train loss 1.9370, val loss 2.0351
saving checkpoint to out-novel-char3_LGT730_d34f65156182c545ea648093d502a95d
done saving checkpoint to out-novel-char3_LGT730_d34f65156182c545ea648093d502a95d
model:LGT730 iter 12200: loss 1.8192, time 6442.53ms, mfu 15.04%
model:LGT730 iter 12210: loss 1.9515, time 352.19ms, mfu 15.49%
model:LGT730 iter 12220: loss 1.7452, time 352.16ms, mfu 15.90%
model:LGT730 iter 12230: loss 1.9331, time 352.16ms, mfu 16.27%
model:LGT730 iter 12240: loss 2.0481, time 355.60ms, mfu 16.58%
step 12250: train loss 1.9400, val loss 2.0205
saving checkpoint to out-novel-char3_LGT730_d34f65156182c545ea648093d502a95d
done saving checkpoint to out-novel-char3_LGT730_d34f65156182c545ea648093d502a95d
model:LGT730 iter 12250: loss 2.3756, time 6341.13ms, mfu 15.03%
model:LGT730 iter 12260: loss 2.0542, time 352.16ms, mfu 15.48%
model:LGT730 iter 12270: loss 2.0092, time 352.24ms, mfu 15.89%
model:LGT730 iter 12280: loss 2.1460, time 352.04ms, mfu 16.26%
model:LGT730 iter 12290: loss 2.1986, time 353.08ms, mfu 16.59%
step 12300: train loss 1.9219, val loss 2.0004
saving checkpoint to out-novel-char3_LGT730_d34f65156182c545ea648093d502a95d
done saving checkpoint to out-novel-char3_LGT730_d34f65156182c545ea648093d502a95d
model:LGT730 iter 12300: loss 1.9699, time 6505.28ms, mfu 15.04%
model:LGT730 iter 12310: loss 2.0351, time 353.43ms, mfu 15.48%
model:LGT730 iter 12320: loss 2.0693, time 354.42ms, mfu 15.88%
model:LGT730 iter 12330: loss 1.9443, time 352.25ms, mfu 16.25%
model:LGT730 iter 12340: loss 2.1848, time 352.34ms, mfu 16.58%
step 12350: train loss 1.9089, val loss 2.0069
saving checkpoint to out-novel-char3_LGT730_d34f65156182c545ea648093d502a95d
done saving checkpoint to out-novel-char3_LGT730_d34f65156182c545ea648093d502a95d
model:LGT730 iter 12350: loss 2.1469, time 6170.02ms, mfu 15.03%
model:LGT730 iter 12360: loss 2.0334, time 352.31ms, mfu 15.49%
model:LGT730 iter 12370: loss 1.9862, time 352.26ms, mfu 15.89%
model:LGT730 iter 12380: loss 1.9276, time 352.13ms, mfu 16.26%
model:LGT730 iter 12390: loss 1.9175, time 352.24ms, mfu 16.59%
step 12400: train loss 1.8948, val loss 2.0077
saving checkpoint to out-novel-char3_LGT730_d34f65156182c545ea648093d502a95d
done saving checkpoint to out-novel-char3_LGT730_d34f65156182c545ea648093d502a95d
model:LGT730 iter 12400: loss 1.7268, time 6636.14ms, mfu 15.04%
model:LGT730 iter 12410: loss 1.9918, time 352.11ms, mfu 15.49%
model:LGT730 iter 12420: loss 1.9982, time 358.29ms, mfu 15.87%
model:LGT730 iter 12430: loss 1.9900, time 352.01ms, mfu 16.24%
model:LGT730 iter 12440: loss 1.7037, time 352.42ms, mfu 16.57%
step 12450: train loss 1.8858, val loss 2.0146
saving checkpoint to out-novel-char3_LGT730_d34f65156182c545ea648093d502a95d
done saving checkpoint to out-novel-char3_LGT730_d34f65156182c545ea648093d502a95d
model:LGT730 iter 12450: loss 1.9405, time 6518.17ms, mfu 15.02%
model:LGT730 iter 12460: loss 2.0275, time 352.13ms, mfu 15.47%
model:LGT730 iter 12470: loss 2.0776, time 353.07ms, mfu 15.88%
model:LGT730 iter 12480: loss 2.1394, time 352.25ms, mfu 16.25%
model:LGT730 iter 12490: loss 1.7985, time 352.23ms, mfu 16.58%
step 12500: train loss 1.9087, val loss 2.0163
saving checkpoint to out-novel-char3_LGT730_d34f65156182c545ea648093d502a95d
done saving checkpoint to out-novel-char3_LGT730_d34f65156182c545ea648093d502a95d
model:LGT730 iter 12500: loss 2.0732, time 6543.14ms, mfu 15.03%
model:LGT730 iter 12510: loss 2.0815, time 357.49ms, mfu 15.45%
model:LGT730 iter 12520: loss 2.6205, time 352.29ms, mfu 15.87%
model:LGT730 iter 12530: loss 2.0934, time 352.59ms, mfu 16.23%
model:LGT730 iter 12540: loss 2.0382, time 352.22ms, mfu 16.57%
step 12550: train loss 1.9014, val loss 1.9839
saving checkpoint to out-novel-char3_LGT730_d34f65156182c545ea648093d502a95d
done saving checkpoint to out-novel-char3_LGT730_d34f65156182c545ea648093d502a95d
model:LGT730 iter 12550: loss 1.9653, time 6541.99ms, mfu 15.02%
model:LGT730 iter 12560: loss 1.9624, time 352.22ms, mfu 15.47%
model:LGT730 iter 12570: loss 1.8996, time 369.02ms, mfu 15.79%
model:LGT730 iter 12580: loss 1.8713, time 360.15ms, mfu 16.13%
model:LGT730 iter 12590: loss 1.8240, time 352.10ms, mfu 16.47%
step 12600: train loss 1.9217, val loss 2.0181
saving checkpoint to out-novel-char3_LGT730_d34f65156182c545ea648093d502a95d
done saving checkpoint to out-novel-char3_LGT730_d34f65156182c545ea648093d502a95d
model:LGT730 iter 12600: loss 2.1663, time 6575.09ms, mfu 14.93%
model:LGT730 iter 12610: loss 1.7416, time 353.04ms, mfu 15.39%
model:LGT730 iter 12620: loss 2.1535, time 352.05ms, mfu 15.81%
model:LGT730 iter 12630: loss 2.2091, time 352.19ms, mfu 16.18%
model:LGT730 iter 12640: loss 1.6312, time 352.13ms, mfu 16.52%
step 12650: train loss 1.9421, val loss 2.0012
saving checkpoint to out-novel-char3_LGT730_d34f65156182c545ea648093d502a95d
done saving checkpoint to out-novel-char3_LGT730_d34f65156182c545ea648093d502a95d
model:LGT730 iter 12650: loss 1.9699, time 6523.54ms, mfu 14.98%
model:LGT730 iter 12660: loss 1.9177, time 352.15ms, mfu 15.44%
model:LGT730 iter 12670: loss 1.9057, time 352.16ms, mfu 15.85%
model:LGT730 iter 12680: loss 1.8482, time 351.73ms, mfu 16.23%
model:LGT730 iter 12690: loss 2.0488, time 358.64ms, mfu 16.53%
step 12700: train loss 1.8918, val loss 2.0073
saving checkpoint to out-novel-char3_LGT730_d34f65156182c545ea648093d502a95d
done saving checkpoint to out-novel-char3_LGT730_d34f65156182c545ea648093d502a95d
model:LGT730 iter 12700: loss 2.0237, time 6339.81ms, mfu 14.98%
model:LGT730 iter 12710: loss 2.0436, time 356.09ms, mfu 15.42%
model:LGT730 iter 12720: loss 2.2739, time 351.97ms, mfu 15.84%
model:LGT730 iter 12730: loss 2.0105, time 352.20ms, mfu 16.21%
model:LGT730 iter 12740: loss 2.0390, time 352.81ms, mfu 16.54%
step 12750: train loss 1.9015, val loss 2.0131
saving checkpoint to out-novel-char3_LGT730_d34f65156182c545ea648093d502a95d
done saving checkpoint to out-novel-char3_LGT730_d34f65156182c545ea648093d502a95d
model:LGT730 iter 12750: loss 1.9008, time 6406.24ms, mfu 15.00%
model:LGT730 iter 12760: loss 1.8141, time 352.22ms, mfu 15.45%
model:LGT730 iter 12770: loss 1.9680, time 352.18ms, mfu 15.87%
model:LGT730 iter 12780: loss 2.3740, time 353.06ms, mfu 16.23%
model:LGT730 iter 12790: loss 1.4785, time 352.10ms, mfu 16.57%
step 12800: train loss 1.9137, val loss 1.9863
saving checkpoint to out-novel-char3_LGT730_d34f65156182c545ea648093d502a95d
done saving checkpoint to out-novel-char3_LGT730_d34f65156182c545ea648093d502a95d
model:LGT730 iter 12800: loss 2.0201, time 6498.35ms, mfu 15.02%
model:LGT730 iter 12810: loss 1.8813, time 352.27ms, mfu 15.47%
model:LGT730 iter 12820: loss 1.7920, time 352.10ms, mfu 15.88%
model:LGT730 iter 12830: loss 2.2998, time 356.64ms, mfu 16.23%
model:LGT730 iter 12840: loss 1.3800, time 351.81ms, mfu 16.56%
step 12850: train loss 1.9158, val loss 2.0283
saving checkpoint to out-novel-char3_LGT730_d34f65156182c545ea648093d502a95d
done saving checkpoint to out-novel-char3_LGT730_d34f65156182c545ea648093d502a95d
model:LGT730 iter 12850: loss 2.2467, time 6461.80ms, mfu 15.01%
model:LGT730 iter 12860: loss 1.9121, time 352.01ms, mfu 15.47%
model:LGT730 iter 12870: loss 2.0850, time 352.17ms, mfu 15.88%
model:LGT730 iter 12880: loss 1.8504, time 352.20ms, mfu 16.25%
model:LGT730 iter 12890: loss 1.7971, time 352.15ms, mfu 16.58%
step 12900: train loss 1.9042, val loss 2.0216
saving checkpoint to out-novel-char3_LGT730_d34f65156182c545ea648093d502a95d
done saving checkpoint to out-novel-char3_LGT730_d34f65156182c545ea648093d502a95d
model:LGT730 iter 12900: loss 2.0049, time 6369.83ms, mfu 15.03%
model:LGT730 iter 12910: loss 1.8429, time 352.22ms, mfu 15.49%
model:LGT730 iter 12920: loss 2.2209, time 352.15ms, mfu 15.89%
model:LGT730 iter 12930: loss 1.5953, time 352.13ms, mfu 16.26%
model:LGT730 iter 12940: loss 1.9462, time 352.16ms, mfu 16.59%
step 12950: train loss 1.9013, val loss 2.0283
saving checkpoint to out-novel-char3_LGT730_d34f65156182c545ea648093d502a95d
done saving checkpoint to out-novel-char3_LGT730_d34f65156182c545ea648093d502a95d
model:LGT730 iter 12950: loss 2.0240, time 6768.87ms, mfu 15.04%
model:LGT730 iter 12960: loss 2.1572, time 352.16ms, mfu 15.49%
model:LGT730 iter 12970: loss 1.9169, time 352.28ms, mfu 15.90%
model:LGT730 iter 12980: loss 1.9544, time 352.20ms, mfu 16.27%
model:LGT730 iter 12990: loss 1.7200, time 353.00ms, mfu 16.59%
step 13000: train loss 1.9302, val loss 1.9969
saving checkpoint to out-novel-char3_LGT730_d34f65156182c545ea648093d502a95d
done saving checkpoint to out-novel-char3_LGT730_d34f65156182c545ea648093d502a95d
model:LGT730 iter 13000: loss 1.7572, time 6328.51ms, mfu 15.04%
model:LGT730 iter 13010: loss 2.0494, time 352.23ms, mfu 15.49%
model:LGT730 iter 13020: loss 1.6968, time 352.15ms, mfu 15.90%
model:LGT730 iter 13030: loss 1.9661, time 352.32ms, mfu 16.27%
model:LGT730 iter 13040: loss 1.9693, time 351.94ms, mfu 16.60%
step 13050: train loss 1.9044, val loss 1.9857
saving checkpoint to out-novel-char3_LGT730_d34f65156182c545ea648093d502a95d
done saving checkpoint to out-novel-char3_LGT730_d34f65156182c545ea648093d502a95d
model:LGT730 iter 13050: loss 2.2304, time 6495.79ms, mfu 15.05%
model:LGT730 iter 13060: loss 1.9325, time 352.01ms, mfu 15.50%
model:LGT730 iter 13070: loss 2.0314, time 352.23ms, mfu 15.91%
model:LGT730 iter 13080: loss 2.0455, time 352.20ms, mfu 16.27%
model:LGT730 iter 13090: loss 1.9517, time 352.25ms, mfu 16.60%
step 13100: train loss 1.8985, val loss 2.0237
saving checkpoint to out-novel-char3_LGT730_d34f65156182c545ea648093d502a95d
done saving checkpoint to out-novel-char3_LGT730_d34f65156182c545ea648093d502a95d
model:LGT730 iter 13100: loss 2.1031, time 6462.75ms, mfu 15.05%
model:LGT730 iter 13110: loss 2.1811, time 351.61ms, mfu 15.51%
model:LGT730 iter 13120: loss 1.9520, time 351.73ms, mfu 15.91%
model:LGT730 iter 13130: loss 1.9788, time 351.42ms, mfu 16.28%
model:LGT730 iter 13140: loss 2.4134, time 351.66ms, mfu 16.62%
step 13150: train loss 1.9070, val loss 1.9725
saving checkpoint to out-novel-char3_LGT730_d34f65156182c545ea648093d502a95d
done saving checkpoint to out-novel-char3_LGT730_d34f65156182c545ea648093d502a95d
model:LGT730 iter 13150: loss 2.2560, time 6712.15ms, mfu 15.06%
model:LGT730 iter 13160: loss 1.7650, time 351.65ms, mfu 15.51%
model:LGT730 iter 13170: loss 1.8899, time 351.67ms, mfu 15.92%
model:LGT730 iter 13180: loss 1.8650, time 351.47ms, mfu 16.29%
model:LGT730 iter 13190: loss 2.1475, time 351.69ms, mfu 16.62%
step 13200: train loss 1.8964, val loss 2.0115
saving checkpoint to out-novel-char3_LGT730_d34f65156182c545ea648093d502a95d
done saving checkpoint to out-novel-char3_LGT730_d34f65156182c545ea648093d502a95d
model:LGT730 iter 13200: loss 1.9595, time 6442.55ms, mfu 15.07%
model:LGT730 iter 13210: loss 1.7497, time 351.58ms, mfu 15.52%
model:LGT730 iter 13220: loss 1.7498, time 351.29ms, mfu 15.93%
model:LGT730 iter 13230: loss 1.5521, time 351.29ms, mfu 16.30%
model:LGT730 iter 13240: loss 1.7916, time 351.68ms, mfu 16.63%
step 13250: train loss 1.9035, val loss 2.0014
saving checkpoint to out-novel-char3_LGT730_d34f65156182c545ea648093d502a95d
done saving checkpoint to out-novel-char3_LGT730_d34f65156182c545ea648093d502a95d
model:LGT730 iter 13250: loss 1.9725, time 6410.85ms, mfu 15.07%
model:LGT730 iter 13260: loss 1.9479, time 351.64ms, mfu 15.53%
model:LGT730 iter 13270: loss 1.8852, time 351.69ms, mfu 15.93%
model:LGT730 iter 13280: loss 2.0772, time 363.01ms, mfu 16.24%
model:LGT730 iter 13290: loss 2.2090, time 351.63ms, mfu 16.58%
step 13300: train loss 1.8914, val loss 1.9912
saving checkpoint to out-novel-char3_LGT730_d34f65156182c545ea648093d502a95d
done saving checkpoint to out-novel-char3_LGT730_d34f65156182c545ea648093d502a95d
model:LGT730 iter 13300: loss 2.1005, time 6430.61ms, mfu 15.03%
model:LGT730 iter 13310: loss 1.9855, time 351.61ms, mfu 15.48%
model:LGT730 iter 13320: loss 2.2085, time 351.56ms, mfu 15.90%
model:LGT730 iter 13330: loss 2.0439, time 355.45ms, mfu 16.25%
model:LGT730 iter 13340: loss 1.6780, time 351.60ms, mfu 16.58%
step 13350: train loss 1.8957, val loss 1.9769
saving checkpoint to out-novel-char3_LGT730_d34f65156182c545ea648093d502a95d
done saving checkpoint to out-novel-char3_LGT730_d34f65156182c545ea648093d502a95d
model:LGT730 iter 13350: loss 1.6941, time 6459.47ms, mfu 15.03%
model:LGT730 iter 13360: loss 2.1266, time 351.81ms, mfu 15.49%
model:LGT730 iter 13370: loss 2.0132, time 352.13ms, mfu 15.90%
model:LGT730 iter 13380: loss 1.6721, time 353.94ms, mfu 16.25%
model:LGT730 iter 13390: loss 1.7416, time 370.66ms, mfu 16.49%
step 13400: train loss 1.9066, val loss 1.9887
saving checkpoint to out-novel-char3_LGT730_d34f65156182c545ea648093d502a95d
done saving checkpoint to out-novel-char3_LGT730_d34f65156182c545ea648093d502a95d
model:LGT730 iter 13400: loss 1.9824, time 6439.51ms, mfu 14.95%
model:LGT730 iter 13410: loss 2.2348, time 351.45ms, mfu 15.41%
model:LGT730 iter 13420: loss 1.9670, time 352.12ms, mfu 15.83%
model:LGT730 iter 13430: loss 1.9892, time 351.76ms, mfu 16.21%
model:LGT730 iter 13440: loss 1.7674, time 352.31ms, mfu 16.54%
step 13450: train loss 1.8954, val loss 1.9976
saving checkpoint to out-novel-char3_LGT730_d34f65156182c545ea648093d502a95d
done saving checkpoint to out-novel-char3_LGT730_d34f65156182c545ea648093d502a95d
model:LGT730 iter 13450: loss 1.9908, time 6357.40ms, mfu 15.00%
model:LGT730 iter 13460: loss 2.0418, time 351.91ms, mfu 15.46%
model:LGT730 iter 13470: loss 2.0671, time 352.49ms, mfu 15.87%
model:LGT730 iter 13480: loss 1.9604, time 351.61ms, mfu 16.24%
model:LGT730 iter 13490: loss 2.3158, time 351.73ms, mfu 16.58%
step 13500: train loss 1.8932, val loss 1.9782
saving checkpoint to out-novel-char3_LGT730_d34f65156182c545ea648093d502a95d
done saving checkpoint to out-novel-char3_LGT730_d34f65156182c545ea648093d502a95d
model:LGT730 iter 13500: loss 1.7475, time 6496.76ms, mfu 15.02%
model:LGT730 iter 13510: loss 1.8249, time 351.60ms, mfu 15.48%
model:LGT730 iter 13520: loss 1.9479, time 351.55ms, mfu 15.89%
model:LGT730 iter 13530: loss 1.9610, time 351.61ms, mfu 16.27%
model:LGT730 iter 13540: loss 1.8179, time 351.87ms, mfu 16.60%
step 13550: train loss 1.8764, val loss 1.9945
saving checkpoint to out-novel-char3_LGT730_d34f65156182c545ea648093d502a95d
done saving checkpoint to out-novel-char3_LGT730_d34f65156182c545ea648093d502a95d
model:LGT730 iter 13550: loss 1.9259, time 6507.05ms, mfu 15.04%
Overriding config with config/train_novel_char3.py:
# train a miniature character-level shakespeare model
# good for debugging and playing on macbooks and such

out_dir = 'out-novel-char3'
eval_interval = 250 # keep frequent because we'll overfit
eval_iters = 200
log_interval = 10 # don't print too too often

# we expect to overfit on this small dataset, so only save when val improves
always_save_checkpoint = False

wandb_log = False # override via command line if you like
wandb_project = 'novel'
wandb_run_name = 'novel'

dataset = 'novel_char3'
gradient_accumulation_steps = 1
# gradient_accumulation_steps = 6
gradient_accumulation_steps = 12
# gradient_accumulation_steps = 24
# gradient_accumulation_steps = 48
# batch_size = 12
batch_size = 2
# batch_size = 1
# block_size = 256 # context of up to 256 previous characters
# block_size = 256 # context of up to 256 previous characters
# block_size = 64 # context of up to 256 previous characters
block_size = 1024 # context of up to 256 previous characters

# baby GPT model :)
n_layer = 6
n_head = 6
n_embd = 384
# n_embd = 182
dropout = 0.2

# learning_rate = 1e-3 # with baby networks can afford to go a bit higher
learning_rate = 1e-4 # with baby networks can afford to go a bit higher

# max_iters = 5000
# lr_decay_iters = 5000 # make equal to max_iters usually

max_iters = 500000
lr_decay_iters = 500000 # make equal to max_iters usually

min_lr = 5e-6 # learning_rate / 10 usually
beta2 = 0.99 # make a bit bigger because number of tokens per iter is small

warmup_iters = 100 # not super necessary potentially

# on macbook also add
# device = 'cpu'  # run on cpu only
# compile = False # do not torch compile the model
# init_from ='resume'


'''
python3 -u sample.py config/train_novel.py --out_dir=out-novel-word_CCM232_c85667cd6eadbcf772d23fa97827c506 --model=CCM232
python3 -u sample.py config/train_novel.py --out_dir=out-novel-word_CCM251_4bfeb7b3e1b9c46a2542bb9406173e22 --model=CCM251
python3 -u sample.py config/train_novel.py --out_dir=out-novel-word_CCM253_01b622029bb00e0dc9206cae3b0ab559 --model=CCM253 
python3 -u sample.py config/train_novel.py --out_dir=out-novel-word_CCM276_01b622029bb00e0dc9206cae3b0ab559 --model=CCM276
python3 -u sample.py config/train_novel.py --out_dir=out-novel-word_CCM278_a97bfe077b316033e3604831d5ad371e --model=CCM278
python3 -u sample.py config/train_novel.py --out_dir=out-novel-word_CCM305_52efa1def80492f81622f536ac701226 --model=CCM305


out-novel-word_CCM276_01b622029bb00e0dc9206cae3b0ab559

'''
#### python3 -u sample.py config/train_novel.py --out_dir=out-novel-word_CCM232_c85667cd6eadbcf772d23fa97827c506 --model=CCM232
Overriding: init_from = resume
Overriding: compile = False
Overriding: model = LGT730
Overriding: n_layer = 70
Overriding: n_head = 12
Overriding: share_layer = False
Overriding: always_save_checkpoint = True
Overriding: max_iters = 2500999
Overriding: best_val_loss_force = 10.001
Overriding: min_lr = 5e-06
Overriding: dropout = 0.15
Overriding: eval_interval = 50
Overriding: force_resave = 0
Overriding: random_seed = 3
tokens per iteration will be: 24,576
found vocab_size = 73440 (inside data/novel_char3/meta.pkl)
out_dir: out-novel-char3_LGT730_d34f65156182c545ea648093d502a95d
Resuming training from out-novel-char3_LGT730_d34f65156182c545ea648093d502a95d
num decayed parameter tensors: 143, with 91,225,344 parameters
num non-decayed parameter tensors: 74, with 28,033 parameters
using fused AdamW: True
step 13550: train loss 1.8853, val loss 2.0032
saving checkpoint to out-novel-char3_LGT730_d34f65156182c545ea648093d502a95d
done saving checkpoint to out-novel-char3_LGT730_d34f65156182c545ea648093d502a95d
model:LGT730 iter 13550: loss 1.9833, time 6556.47ms, mfu -100.00%
model:LGT730 iter 13560: loss 2.1006, time 356.19ms, mfu 19.35%
model:LGT730 iter 13570: loss 1.6233, time 351.49ms, mfu 19.38%
model:LGT730 iter 13580: loss 1.9730, time 351.63ms, mfu 19.40%
model:LGT730 iter 13590: loss 1.8921, time 351.43ms, mfu 19.42%
step 13600: train loss 1.8633, val loss 1.9817
saving checkpoint to out-novel-char3_LGT730_d34f65156182c545ea648093d502a95d
done saving checkpoint to out-novel-char3_LGT730_d34f65156182c545ea648093d502a95d
model:LGT730 iter 13600: loss 1.7910, time 6444.30ms, mfu 17.59%
model:LGT730 iter 13610: loss 1.8443, time 352.20ms, mfu 17.79%
model:LGT730 iter 13620: loss 1.7795, time 352.27ms, mfu 17.96%
model:LGT730 iter 13630: loss 1.9063, time 352.19ms, mfu 18.13%
model:LGT730 iter 13640: loss 1.6699, time 352.37ms, mfu 18.27%
step 13650: train loss 1.8952, val loss 1.9943
saving checkpoint to out-novel-char3_LGT730_d34f65156182c545ea648093d502a95d
done saving checkpoint to out-novel-char3_LGT730_d34f65156182c545ea648093d502a95d
model:LGT730 iter 13650: loss 1.9622, time 6382.27ms, mfu 16.55%
model:LGT730 iter 13660: loss 1.8318, time 351.63ms, mfu 16.86%
model:LGT730 iter 13670: loss 2.0356, time 352.55ms, mfu 17.13%
model:LGT730 iter 13680: loss 2.2307, time 352.64ms, mfu 17.37%
model:LGT730 iter 13690: loss 1.9198, time 352.66ms, mfu 17.59%
step 13700: train loss 1.9230, val loss 2.0091
saving checkpoint to out-novel-char3_LGT730_d34f65156182c545ea648093d502a95d
done saving checkpoint to out-novel-char3_LGT730_d34f65156182c545ea648093d502a95d
model:LGT730 iter 13700: loss 2.1550, time 6394.58ms, mfu 15.93%
model:LGT730 iter 13710: loss 2.1198, time 352.28ms, mfu 16.30%
model:LGT730 iter 13720: loss 1.5639, time 352.00ms, mfu 16.63%
model:LGT730 iter 13730: loss 1.8078, time 352.31ms, mfu 16.92%
model:LGT730 iter 13740: loss 1.9749, time 352.45ms, mfu 17.18%
step 13750: train loss 1.8660, val loss 1.9936
saving checkpoint to out-novel-char3_LGT730_d34f65156182c545ea648093d502a95d
done saving checkpoint to out-novel-char3_LGT730_d34f65156182c545ea648093d502a95d
model:LGT730 iter 13750: loss 1.6253, time 6305.67ms, mfu 15.58%
model:LGT730 iter 13760: loss 1.9026, time 352.30ms, mfu 15.97%
model:LGT730 iter 13770: loss 2.0027, time 352.31ms, mfu 16.33%
model:LGT730 iter 13780: loss 2.0487, time 354.02ms, mfu 16.65%
model:LGT730 iter 13790: loss 2.0957, time 352.31ms, mfu 16.94%
step 13800: train loss 1.9034, val loss 1.9948
saving checkpoint to out-novel-char3_LGT730_d34f65156182c545ea648093d502a95d
done saving checkpoint to out-novel-char3_LGT730_d34f65156182c545ea648093d502a95d
model:LGT730 iter 13800: loss 2.1113, time 6381.10ms, mfu 15.35%
model:LGT730 iter 13810: loss 1.8740, time 352.30ms, mfu 15.77%
model:LGT730 iter 13820: loss 1.7689, time 352.30ms, mfu 16.15%
model:LGT730 iter 13830: loss 2.1270, time 352.36ms, mfu 16.49%
model:LGT730 iter 13840: loss 2.2345, time 352.31ms, mfu 16.80%
step 13850: train loss 1.8775, val loss 2.0122
saving checkpoint to out-novel-char3_LGT730_d34f65156182c545ea648093d502a95d
done saving checkpoint to out-novel-char3_LGT730_d34f65156182c545ea648093d502a95d
model:LGT730 iter 13850: loss 1.6726, time 6483.15ms, mfu 15.23%
model:LGT730 iter 13860: loss 1.8489, time 352.29ms, mfu 15.66%
model:LGT730 iter 13870: loss 2.1012, time 352.46ms, mfu 16.05%
model:LGT730 iter 13880: loss 1.8771, time 352.48ms, mfu 16.40%
model:LGT730 iter 13890: loss 2.0659, time 352.75ms, mfu 16.72%
step 13900: train loss 1.8821, val loss 1.9970
saving checkpoint to out-novel-char3_LGT730_d34f65156182c545ea648093d502a95d
done saving checkpoint to out-novel-char3_LGT730_d34f65156182c545ea648093d502a95d
model:LGT730 iter 13900: loss 1.4824, time 6396.64ms, mfu 15.15%
model:LGT730 iter 13910: loss 1.9506, time 351.91ms, mfu 15.60%
model:LGT730 iter 13920: loss 1.6600, time 352.50ms, mfu 15.99%
model:LGT730 iter 13930: loss 1.9703, time 352.42ms, mfu 16.35%
model:LGT730 iter 13940: loss 1.7178, time 352.31ms, mfu 16.67%
step 13950: train loss 1.8733, val loss 1.9946
saving checkpoint to out-novel-char3_LGT730_d34f65156182c545ea648093d502a95d
done saving checkpoint to out-novel-char3_LGT730_d34f65156182c545ea648093d502a95d
model:LGT730 iter 13950: loss 1.9791, time 6497.49ms, mfu 15.11%
model:LGT730 iter 13960: loss 2.0390, time 352.33ms, mfu 15.55%
model:LGT730 iter 13970: loss 2.0380, time 351.92ms, mfu 15.96%
model:LGT730 iter 13980: loss 1.9290, time 352.27ms, mfu 16.32%
model:LGT730 iter 13990: loss 2.0322, time 352.33ms, mfu 16.64%
step 14000: train loss 1.8822, val loss 1.9937
saving checkpoint to out-novel-char3_LGT730_d34f65156182c545ea648093d502a95d
done saving checkpoint to out-novel-char3_LGT730_d34f65156182c545ea648093d502a95d
model:LGT730 iter 14000: loss 1.7197, time 6466.89ms, mfu 15.09%
model:LGT730 iter 14010: loss 1.8477, time 366.08ms, mfu 15.46%
model:LGT730 iter 14020: loss 2.0287, time 352.42ms, mfu 15.87%
model:LGT730 iter 14030: loss 1.9771, time 352.29ms, mfu 16.24%
model:LGT730 iter 14040: loss 2.0784, time 355.82ms, mfu 16.55%
step 14050: train loss 1.8756, val loss 1.9923
saving checkpoint to out-novel-char3_LGT730_d34f65156182c545ea648093d502a95d
done saving checkpoint to out-novel-char3_LGT730_d34f65156182c545ea648093d502a95d
model:LGT730 iter 14050: loss 1.9959, time 6378.28ms, mfu 15.01%
model:LGT730 iter 14060: loss 1.9928, time 352.24ms, mfu 15.46%
model:LGT730 iter 14070: loss 2.1048, time 352.22ms, mfu 15.87%
model:LGT730 iter 14080: loss 2.2694, time 353.05ms, mfu 16.24%
model:LGT730 iter 14090: loss 1.8012, time 352.24ms, mfu 16.57%
step 14100: train loss 1.8768, val loss 1.9755
saving checkpoint to out-novel-char3_LGT730_d34f65156182c545ea648093d502a95d
done saving checkpoint to out-novel-char3_LGT730_d34f65156182c545ea648093d502a95d
model:LGT730 iter 14100: loss 1.6906, time 6449.74ms, mfu 15.02%
model:LGT730 iter 14110: loss 1.6986, time 352.31ms, mfu 15.48%
model:LGT730 iter 14120: loss 1.6205, time 353.09ms, mfu 15.88%
model:LGT730 iter 14130: loss 2.2472, time 352.20ms, mfu 16.25%
model:LGT730 iter 14140: loss 1.6722, time 352.62ms, mfu 16.58%
step 14150: train loss 1.8622, val loss 1.9823
saving checkpoint to out-novel-char3_LGT730_d34f65156182c545ea648093d502a95d
done saving checkpoint to out-novel-char3_LGT730_d34f65156182c545ea648093d502a95d
model:LGT730 iter 14150: loss 2.0740, time 6336.97ms, mfu 15.03%
model:LGT730 iter 14160: loss 1.7033, time 352.91ms, mfu 15.48%
model:LGT730 iter 14170: loss 2.0054, time 352.54ms, mfu 15.89%
model:LGT730 iter 14180: loss 1.8035, time 352.28ms, mfu 16.26%
model:LGT730 iter 14190: loss 1.5689, time 354.66ms, mfu 16.57%
step 14200: train loss 1.8780, val loss 2.0082
saving checkpoint to out-novel-char3_LGT730_d34f65156182c545ea648093d502a95d
done saving checkpoint to out-novel-char3_LGT730_d34f65156182c545ea648093d502a95d
model:LGT730 iter 14200: loss 2.0511, time 6500.31ms, mfu 15.02%
model:LGT730 iter 14210: loss 1.8006, time 352.37ms, mfu 15.48%
model:LGT730 iter 14220: loss 1.8822, time 352.26ms, mfu 15.89%
model:LGT730 iter 14230: loss 1.9094, time 352.36ms, mfu 16.25%
model:LGT730 iter 14240: loss 1.6101, time 351.80ms, mfu 16.59%
step 14250: train loss 1.8600, val loss 1.9879
saving checkpoint to out-novel-char3_LGT730_d34f65156182c545ea648093d502a95d
done saving checkpoint to out-novel-char3_LGT730_d34f65156182c545ea648093d502a95d
model:LGT730 iter 14250: loss 1.8346, time 6472.30ms, mfu 15.04%
model:LGT730 iter 14260: loss 1.8806, time 361.65ms, mfu 15.44%
model:LGT730 iter 14270: loss 1.9300, time 353.49ms, mfu 15.84%
model:LGT730 iter 14280: loss 1.8245, time 355.87ms, mfu 16.20%
model:LGT730 iter 14290: loss 1.7891, time 352.64ms, mfu 16.53%
step 14300: train loss 1.8738, val loss 1.9876
saving checkpoint to out-novel-char3_LGT730_d34f65156182c545ea648093d502a95d
done saving checkpoint to out-novel-char3_LGT730_d34f65156182c545ea648093d502a95d
model:LGT730 iter 14300: loss 1.9270, time 6384.67ms, mfu 14.99%
model:LGT730 iter 14310: loss 1.7125, time 352.35ms, mfu 15.44%
model:LGT730 iter 14320: loss 1.9757, time 352.32ms, mfu 15.86%
model:LGT730 iter 14330: loss 1.8802, time 352.25ms, mfu 16.23%
model:LGT730 iter 14340: loss 2.1512, time 352.40ms, mfu 16.56%
step 14350: train loss 1.8514, val loss 2.0015
saving checkpoint to out-novel-char3_LGT730_d34f65156182c545ea648093d502a95d
done saving checkpoint to out-novel-char3_LGT730_d34f65156182c545ea648093d502a95d
model:LGT730 iter 14350: loss 1.9856, time 6563.93ms, mfu 15.01%
model:LGT730 iter 14360: loss 2.0223, time 352.56ms, mfu 15.46%
model:LGT730 iter 14370: loss 1.9572, time 356.74ms, mfu 15.85%
model:LGT730 iter 14380: loss 1.6441, time 352.43ms, mfu 16.22%
model:LGT730 iter 14390: loss 1.8638, time 352.37ms, mfu 16.56%
step 14400: train loss 1.8732, val loss 2.0049
saving checkpoint to out-novel-char3_LGT730_d34f65156182c545ea648093d502a95d
done saving checkpoint to out-novel-char3_LGT730_d34f65156182c545ea648093d502a95d
model:LGT730 iter 14400: loss 1.9425, time 6232.28ms, mfu 15.01%
model:LGT730 iter 14410: loss 1.7726, time 352.30ms, mfu 15.47%
model:LGT730 iter 14420: loss 1.7242, time 352.28ms, mfu 15.88%
model:LGT730 iter 14430: loss 1.4193, time 365.33ms, mfu 16.18%
model:LGT730 iter 14440: loss 1.9951, time 352.30ms, mfu 16.51%
step 14450: train loss 1.8593, val loss 2.0029
saving checkpoint to out-novel-char3_LGT730_d34f65156182c545ea648093d502a95d
done saving checkpoint to out-novel-char3_LGT730_d34f65156182c545ea648093d502a95d
model:LGT730 iter 14450: loss 1.6466, time 6221.86ms, mfu 14.97%
model:LGT730 iter 14460: loss 1.9272, time 352.72ms, mfu 15.43%
model:LGT730 iter 14470: loss 1.9334, time 352.78ms, mfu 15.84%
model:LGT730 iter 14480: loss 1.9558, time 352.78ms, mfu 16.21%
model:LGT730 iter 14490: loss 1.9286, time 352.71ms, mfu 16.54%
step 14500: train loss 1.8482, val loss 1.9766
saving checkpoint to out-novel-char3_LGT730_d34f65156182c545ea648093d502a95d
done saving checkpoint to out-novel-char3_LGT730_d34f65156182c545ea648093d502a95d
model:LGT730 iter 14500: loss 1.8307, time 6375.53ms, mfu 15.00%
model:LGT730 iter 14510: loss 2.0564, time 352.37ms, mfu 15.45%
model:LGT730 iter 14520: loss 2.0513, time 352.08ms, mfu 15.87%
model:LGT730 iter 14530: loss 2.0484, time 352.32ms, mfu 16.24%
model:LGT730 iter 14540: loss 1.6403, time 352.39ms, mfu 16.57%
step 14550: train loss 1.8878, val loss 1.9757
saving checkpoint to out-novel-char3_LGT730_d34f65156182c545ea648093d502a95d
done saving checkpoint to out-novel-char3_LGT730_d34f65156182c545ea648093d502a95d
model:LGT730 iter 14550: loss 2.0913, time 6308.83ms, mfu 15.02%
model:LGT730 iter 14560: loss 2.1086, time 352.71ms, mfu 15.47%
model:LGT730 iter 14570: loss 1.7227, time 352.41ms, mfu 15.88%
model:LGT730 iter 14580: loss 1.7343, time 352.85ms, mfu 16.25%
model:LGT730 iter 14590: loss 2.1370, time 352.67ms, mfu 16.58%
step 14600: train loss 1.8472, val loss 1.9930
saving checkpoint to out-novel-char3_LGT730_d34f65156182c545ea648093d502a95d
done saving checkpoint to out-novel-char3_LGT730_d34f65156182c545ea648093d502a95d
model:LGT730 iter 14600: loss 1.8814, time 6353.19ms, mfu 15.03%
model:LGT730 iter 14610: loss 1.7914, time 352.38ms, mfu 15.48%
model:LGT730 iter 14620: loss 1.9928, time 352.29ms, mfu 15.89%
model:LGT730 iter 14630: loss 2.2988, time 368.40ms, mfu 16.17%
model:LGT730 iter 14640: loss 1.7148, time 351.93ms, mfu 16.51%
step 14650: train loss 1.8451, val loss 1.9723
saving checkpoint to out-novel-char3_LGT730_d34f65156182c545ea648093d502a95d
done saving checkpoint to out-novel-char3_LGT730_d34f65156182c545ea648093d502a95d
model:LGT730 iter 14650: loss 1.9437, time 6422.49ms, mfu 14.97%
model:LGT730 iter 14660: loss 1.8161, time 352.39ms, mfu 15.43%
model:LGT730 iter 14670: loss 1.8297, time 352.52ms, mfu 15.84%
model:LGT730 iter 14680: loss 1.9748, time 352.30ms, mfu 16.21%
model:LGT730 iter 14690: loss 1.9701, time 352.22ms, mfu 16.55%
step 14700: train loss 1.8595, val loss 1.9880
saving checkpoint to out-novel-char3_LGT730_d34f65156182c545ea648093d502a95d
done saving checkpoint to out-novel-char3_LGT730_d34f65156182c545ea648093d502a95d
model:LGT730 iter 14700: loss 1.7725, time 6454.73ms, mfu 15.00%
model:LGT730 iter 14710: loss 2.0957, time 352.27ms, mfu 15.46%
model:LGT730 iter 14720: loss 1.7567, time 352.74ms, mfu 15.87%
model:LGT730 iter 14730: loss 1.9013, time 352.58ms, mfu 16.24%
model:LGT730 iter 14740: loss 2.1639, time 352.64ms, mfu 16.57%
step 14750: train loss 1.8622, val loss 1.9878
saving checkpoint to out-novel-char3_LGT730_d34f65156182c545ea648093d502a95d
done saving checkpoint to out-novel-char3_LGT730_d34f65156182c545ea648093d502a95d
model:LGT730 iter 14750: loss 1.7732, time 6422.70ms, mfu 15.02%
model:LGT730 iter 14760: loss 1.7184, time 352.65ms, mfu 15.47%
model:LGT730 iter 14770: loss 1.8763, time 352.69ms, mfu 15.88%
model:LGT730 iter 14780: loss 1.8498, time 352.52ms, mfu 16.25%
model:LGT730 iter 14790: loss 1.8715, time 352.88ms, mfu 16.57%
step 14800: train loss 1.8471, val loss 1.9761
saving checkpoint to out-novel-char3_LGT730_d34f65156182c545ea648093d502a95d
done saving checkpoint to out-novel-char3_LGT730_d34f65156182c545ea648093d502a95d
model:LGT730 iter 14800: loss 1.8343, time 6415.94ms, mfu 15.02%
model:LGT730 iter 14810: loss 1.9187, time 352.27ms, mfu 15.48%
model:LGT730 iter 14820: loss 1.8423, time 352.29ms, mfu 15.89%
model:LGT730 iter 14830: loss 1.9665, time 352.30ms, mfu 16.26%
model:LGT730 iter 14840: loss 1.7389, time 352.32ms, mfu 16.59%
step 14850: train loss 1.8512, val loss 1.9597
saving checkpoint to out-novel-char3_LGT730_d34f65156182c545ea648093d502a95d
done saving checkpoint to out-novel-char3_LGT730_d34f65156182c545ea648093d502a95d
model:LGT730 iter 14850: loss 2.0098, time 6304.06ms, mfu 15.04%
model:LGT730 iter 14860: loss 1.7029, time 352.87ms, mfu 15.49%
model:LGT730 iter 14870: loss 1.7883, time 352.66ms, mfu 15.89%
model:LGT730 iter 14880: loss 1.6893, time 353.20ms, mfu 16.26%
model:LGT730 iter 14890: loss 1.8848, time 352.65ms, mfu 16.58%
step 14900: train loss 1.8543, val loss 1.9928
saving checkpoint to out-novel-char3_LGT730_d34f65156182c545ea648093d502a95d
done saving checkpoint to out-novel-char3_LGT730_d34f65156182c545ea648093d502a95d
model:LGT730 iter 14900: loss 1.9733, time 6455.78ms, mfu 15.03%
model:LGT730 iter 14910: loss 1.8563, time 353.38ms, mfu 15.48%
model:LGT730 iter 14920: loss 1.7771, time 352.68ms, mfu 15.89%
model:LGT730 iter 14930: loss 1.9220, time 352.75ms, mfu 16.25%
model:LGT730 iter 14940: loss 1.8142, time 352.70ms, mfu 16.58%
step 14950: train loss 1.8503, val loss 1.9831
saving checkpoint to out-novel-char3_LGT730_d34f65156182c545ea648093d502a95d
done saving checkpoint to out-novel-char3_LGT730_d34f65156182c545ea648093d502a95d
model:LGT730 iter 14950: loss 1.8023, time 6348.36ms, mfu 15.03%
model:LGT730 iter 14960: loss 2.1205, time 353.05ms, mfu 15.48%
model:LGT730 iter 14970: loss 1.7369, time 352.87ms, mfu 15.89%
model:LGT730 iter 14980: loss 2.1553, time 352.97ms, mfu 16.25%
model:LGT730 iter 14990: loss 2.0531, time 352.94ms, mfu 16.58%
step 15000: train loss 1.8597, val loss 1.9670
saving checkpoint to out-novel-char3_LGT730_d34f65156182c545ea648093d502a95d
done saving checkpoint to out-novel-char3_LGT730_d34f65156182c545ea648093d502a95d
model:LGT730 iter 15000: loss 2.0078, time 6291.86ms, mfu 15.03%
model:LGT730 iter 15010: loss 1.7438, time 352.30ms, mfu 15.48%
model:LGT730 iter 15020: loss 1.7658, time 352.24ms, mfu 15.89%
model:LGT730 iter 15030: loss 2.1265, time 359.11ms, mfu 16.22%
model:LGT730 iter 15040: loss 1.7545, time 352.53ms, mfu 16.56%
step 15050: train loss 1.8545, val loss 1.9657
saving checkpoint to out-novel-char3_LGT730_d34f65156182c545ea648093d502a95d
done saving checkpoint to out-novel-char3_LGT730_d34f65156182c545ea648093d502a95d
model:LGT730 iter 15050: loss 1.8632, time 6532.76ms, mfu 15.01%
model:LGT730 iter 15060: loss 2.1108, time 352.81ms, mfu 15.46%
model:LGT730 iter 15070: loss 2.0305, time 352.78ms, mfu 15.87%
model:LGT730 iter 15080: loss 1.9047, time 352.72ms, mfu 16.23%
model:LGT730 iter 15090: loss 1.8189, time 352.53ms, mfu 16.57%
step 15100: train loss 1.8314, val loss 1.9640
saving checkpoint to out-novel-char3_LGT730_d34f65156182c545ea648093d502a95d
done saving checkpoint to out-novel-char3_LGT730_d34f65156182c545ea648093d502a95d
model:LGT730 iter 15100: loss 1.7933, time 6411.79ms, mfu 15.02%
model:LGT730 iter 15110: loss 1.8118, time 353.14ms, mfu 15.47%
model:LGT730 iter 15120: loss 2.0099, time 353.25ms, mfu 15.87%
model:LGT730 iter 15130: loss 1.8210, time 352.93ms, mfu 16.24%
model:LGT730 iter 15140: loss 1.7081, time 352.95ms, mfu 16.57%
step 15150: train loss 1.8322, val loss 1.9890
saving checkpoint to out-novel-char3_LGT730_d34f65156182c545ea648093d502a95d
done saving checkpoint to out-novel-char3_LGT730_d34f65156182c545ea648093d502a95d
model:LGT730 iter 15150: loss 1.7681, time 6466.99ms, mfu 15.02%
model:LGT730 iter 15160: loss 1.9567, time 352.68ms, mfu 15.47%
model:LGT730 iter 15170: loss 2.0204, time 352.58ms, mfu 15.88%
model:LGT730 iter 15180: loss 1.9179, time 352.29ms, mfu 16.25%
model:LGT730 iter 15190: loss 1.8138, time 352.43ms, mfu 16.58%
step 15200: train loss 1.8600, val loss 1.9639
saving checkpoint to out-novel-char3_LGT730_d34f65156182c545ea648093d502a95d
done saving checkpoint to out-novel-char3_LGT730_d34f65156182c545ea648093d502a95d
model:LGT730 iter 15200: loss 1.7822, time 6378.27ms, mfu 15.03%
model:LGT730 iter 15210: loss 1.6446, time 352.13ms, mfu 15.48%
model:LGT730 iter 15220: loss 1.9521, time 352.31ms, mfu 15.89%
model:LGT730 iter 15230: loss 1.7865, time 359.35ms, mfu 16.22%
model:LGT730 iter 15240: loss 2.0121, time 352.32ms, mfu 16.56%
step 15250: train loss 1.8263, val loss 1.9982
saving checkpoint to out-novel-char3_LGT730_d34f65156182c545ea648093d502a95d
done saving checkpoint to out-novel-char3_LGT730_d34f65156182c545ea648093d502a95d
model:LGT730 iter 15250: loss 1.9720, time 6555.98ms, mfu 15.00%
model:LGT730 iter 15260: loss 2.1938, time 352.24ms, mfu 15.46%
model:LGT730 iter 15270: loss 1.9694, time 352.33ms, mfu 15.87%
model:LGT730 iter 15280: loss 1.6077, time 352.15ms, mfu 16.24%
model:LGT730 iter 15290: loss 1.9847, time 352.31ms, mfu 16.57%
step 15300: train loss 1.8366, val loss 1.9654
saving checkpoint to out-novel-char3_LGT730_d34f65156182c545ea648093d502a95d
done saving checkpoint to out-novel-char3_LGT730_d34f65156182c545ea648093d502a95d
model:LGT730 iter 15300: loss 1.7770, time 6564.22ms, mfu 15.02%
model:LGT730 iter 15310: loss 1.8276, time 352.33ms, mfu 15.48%
model:LGT730 iter 15320: loss 1.6436, time 353.20ms, mfu 15.88%
model:LGT730 iter 15330: loss 2.0347, time 352.43ms, mfu 16.25%
model:LGT730 iter 15340: loss 1.8284, time 352.47ms, mfu 16.58%
step 15350: train loss 1.8480, val loss 1.9673
saving checkpoint to out-novel-char3_LGT730_d34f65156182c545ea648093d502a95d
done saving checkpoint to out-novel-char3_LGT730_d34f65156182c545ea648093d502a95d
model:LGT730 iter 15350: loss 1.7971, time 6462.76ms, mfu 15.03%
model:LGT730 iter 15360: loss 2.2601, time 351.96ms, mfu 15.48%
model:LGT730 iter 15370: loss 2.0252, time 352.27ms, mfu 15.89%
model:LGT730 iter 15380: loss 1.7995, time 352.25ms, mfu 16.26%
model:LGT730 iter 15390: loss 1.9047, time 352.71ms, mfu 16.59%
step 15400: train loss 1.8310, val loss 1.9872
saving checkpoint to out-novel-char3_LGT730_d34f65156182c545ea648093d502a95d
done saving checkpoint to out-novel-char3_LGT730_d34f65156182c545ea648093d502a95d
model:LGT730 iter 15400: loss 1.9356, time 6412.26ms, mfu 15.04%
model:LGT730 iter 15410: loss 1.9353, time 351.93ms, mfu 15.49%
model:LGT730 iter 15420: loss 1.9685, time 352.39ms, mfu 15.90%
model:LGT730 iter 15430: loss 1.9505, time 353.07ms, mfu 16.26%
model:LGT730 iter 15440: loss 1.8868, time 352.25ms, mfu 16.59%
step 15450: train loss 1.8320, val loss 1.9714
saving checkpoint to out-novel-char3_LGT730_d34f65156182c545ea648093d502a95d
done saving checkpoint to out-novel-char3_LGT730_d34f65156182c545ea648093d502a95d
model:LGT730 iter 15450: loss 1.7080, time 6381.67ms, mfu 15.04%
model:LGT730 iter 15460: loss 1.7580, time 356.54ms, mfu 15.47%
model:LGT730 iter 15470: loss 1.9020, time 352.25ms, mfu 15.88%
model:LGT730 iter 15480: loss 1.8136, time 352.29ms, mfu 16.25%
model:LGT730 iter 15490: loss 1.6723, time 358.38ms, mfu 16.55%
step 15500: train loss 1.8253, val loss 1.9680
saving checkpoint to out-novel-char3_LGT730_d34f65156182c545ea648093d502a95d
done saving checkpoint to out-novel-char3_LGT730_d34f65156182c545ea648093d502a95d
model:LGT730 iter 15500: loss 2.1929, time 6400.60ms, mfu 15.00%
model:LGT730 iter 15510: loss 2.1562, time 352.35ms, mfu 15.46%
model:LGT730 iter 15520: loss 1.7374, time 352.87ms, mfu 15.86%
model:LGT730 iter 15530: loss 2.0576, time 352.27ms, mfu 16.24%
model:LGT730 iter 15540: loss 1.6962, time 352.38ms, mfu 16.57%
step 15550: train loss 1.8371, val loss 2.0024
saving checkpoint to out-novel-char3_LGT730_d34f65156182c545ea648093d502a95d
done saving checkpoint to out-novel-char3_LGT730_d34f65156182c545ea648093d502a95d
model:LGT730 iter 15550: loss 1.8331, time 6445.72ms, mfu 15.02%
model:LGT730 iter 15560: loss 1.3327, time 352.29ms, mfu 15.47%
model:LGT730 iter 15570: loss 2.1990, time 352.74ms, mfu 15.88%
model:LGT730 iter 15580: loss 1.7399, time 352.31ms, mfu 16.25%
model:LGT730 iter 15590: loss 1.7275, time 352.35ms, mfu 16.58%
step 15600: train loss 1.8274, val loss 1.9681
saving checkpoint to out-novel-char3_LGT730_d34f65156182c545ea648093d502a95d
done saving checkpoint to out-novel-char3_LGT730_d34f65156182c545ea648093d502a95d
model:LGT730 iter 15600: loss 1.9562, time 6357.13ms, mfu 15.03%
model:LGT730 iter 15610: loss 1.8614, time 353.38ms, mfu 15.48%
model:LGT730 iter 15620: loss 1.7009, time 352.36ms, mfu 15.89%
model:LGT730 iter 15630: loss 2.1038, time 353.24ms, mfu 16.25%
model:LGT730 iter 15640: loss 2.2218, time 352.36ms, mfu 16.58%
step 15650: train loss 1.8393, val loss 1.9564
saving checkpoint to out-novel-char3_LGT730_d34f65156182c545ea648093d502a95d
done saving checkpoint to out-novel-char3_LGT730_d34f65156182c545ea648093d502a95d
model:LGT730 iter 15650: loss 1.9388, time 6354.63ms, mfu 15.03%
model:LGT730 iter 15660: loss 1.7796, time 352.35ms, mfu 15.48%
model:LGT730 iter 15670: loss 2.0159, time 372.41ms, mfu 15.79%
model:LGT730 iter 15680: loss 1.5924, time 352.33ms, mfu 16.16%
model:LGT730 iter 15690: loss 1.9017, time 352.26ms, mfu 16.51%
step 15700: train loss 1.8214, val loss 1.9459
saving checkpoint to out-novel-char3_LGT730_d34f65156182c545ea648093d502a95d
done saving checkpoint to out-novel-char3_LGT730_d34f65156182c545ea648093d502a95d
model:LGT730 iter 15700: loss 1.7535, time 6405.09ms, mfu 14.96%
model:LGT730 iter 15710: loss 1.7880, time 352.39ms, mfu 15.42%
model:LGT730 iter 15720: loss 1.9705, time 352.45ms, mfu 15.84%
model:LGT730 iter 15730: loss 1.8611, time 353.62ms, mfu 16.20%
model:LGT730 iter 15740: loss 1.9743, time 352.20ms, mfu 16.54%
step 15750: train loss 1.8159, val loss 1.9930
saving checkpoint to out-novel-char3_LGT730_d34f65156182c545ea648093d502a95d
done saving checkpoint to out-novel-char3_LGT730_d34f65156182c545ea648093d502a95d
model:LGT730 iter 15750: loss 1.7808, time 6291.60ms, mfu 14.99%
model:LGT730 iter 15760: loss 1.8698, time 351.98ms, mfu 15.45%
model:LGT730 iter 15770: loss 1.8119, time 352.31ms, mfu 15.86%
model:LGT730 iter 15780: loss 1.7460, time 352.31ms, mfu 16.23%
model:LGT730 iter 15790: loss 2.0724, time 352.30ms, mfu 16.57%
step 15800: train loss 1.8376, val loss 1.9876
saving checkpoint to out-novel-char3_LGT730_d34f65156182c545ea648093d502a95d
done saving checkpoint to out-novel-char3_LGT730_d34f65156182c545ea648093d502a95d
model:LGT730 iter 15800: loss 2.1291, time 6378.31ms, mfu 15.02%
model:LGT730 iter 15810: loss 1.7110, time 352.45ms, mfu 15.47%
model:LGT730 iter 15820: loss 1.7451, time 352.37ms, mfu 15.88%
model:LGT730 iter 15830: loss 1.6693, time 352.27ms, mfu 16.25%
model:LGT730 iter 15840: loss 1.7927, time 352.90ms, mfu 16.58%
step 15850: train loss 1.8313, val loss 1.9406
saving checkpoint to out-novel-char3_LGT730_d34f65156182c545ea648093d502a95d
done saving checkpoint to out-novel-char3_LGT730_d34f65156182c545ea648093d502a95d
model:LGT730 iter 15850: loss 1.7825, time 6514.83ms, mfu 15.03%
model:LGT730 iter 15860: loss 2.0111, time 352.67ms, mfu 15.48%
model:LGT730 iter 15870: loss 1.8850, time 352.45ms, mfu 15.89%
model:LGT730 iter 15880: loss 1.6625, time 352.41ms, mfu 16.25%
model:LGT730 iter 15890: loss 1.7113, time 352.92ms, mfu 16.58%
step 15900: train loss 1.8254, val loss 1.9504
saving checkpoint to out-novel-char3_LGT730_d34f65156182c545ea648093d502a95d
done saving checkpoint to out-novel-char3_LGT730_d34f65156182c545ea648093d502a95d
model:LGT730 iter 15900: loss 1.6552, time 6428.51ms, mfu 15.03%
model:LGT730 iter 15910: loss 1.6154, time 358.02ms, mfu 15.45%
model:LGT730 iter 15920: loss 1.5966, time 352.41ms, mfu 15.86%
model:LGT730 iter 15930: loss 1.8689, time 353.80ms, mfu 16.23%
model:LGT730 iter 15940: loss 1.9681, time 352.33ms, mfu 16.56%
step 15950: train loss 1.8469, val loss 1.9609
saving checkpoint to out-novel-char3_LGT730_d34f65156182c545ea648093d502a95d
done saving checkpoint to out-novel-char3_LGT730_d34f65156182c545ea648093d502a95d
model:LGT730 iter 15950: loss 1.7270, time 6347.03ms, mfu 15.01%
model:LGT730 iter 15960: loss 1.9205, time 352.31ms, mfu 15.47%
model:LGT730 iter 15970: loss 1.9262, time 352.29ms, mfu 15.88%
model:LGT730 iter 15980: loss 1.8340, time 352.23ms, mfu 16.25%
model:LGT730 iter 15990: loss 2.1562, time 352.47ms, mfu 16.58%
step 16000: train loss 1.8500, val loss 1.9582
saving checkpoint to out-novel-char3_LGT730_d34f65156182c545ea648093d502a95d
done saving checkpoint to out-novel-char3_LGT730_d34f65156182c545ea648093d502a95d
model:LGT730 iter 16000: loss 1.9750, time 6394.49ms, mfu 15.03%
model:LGT730 iter 16010: loss 2.0272, time 352.43ms, mfu 15.48%
model:LGT730 iter 16020: loss 1.8401, time 352.11ms, mfu 15.89%
model:LGT730 iter 16030: loss 2.1219, time 352.92ms, mfu 16.26%
model:LGT730 iter 16040: loss 1.6573, time 355.03ms, mfu 16.57%
step 16050: train loss 1.8241, val loss 1.9828
saving checkpoint to out-novel-char3_LGT730_d34f65156182c545ea648093d502a95d
done saving checkpoint to out-novel-char3_LGT730_d34f65156182c545ea648093d502a95d
model:LGT730 iter 16050: loss 1.9332, time 6491.63ms, mfu 15.02%
model:LGT730 iter 16060: loss 1.7070, time 352.34ms, mfu 15.47%
model:LGT730 iter 16070: loss 2.1359, time 352.27ms, mfu 15.88%
model:LGT730 iter 16080: loss 1.8229, time 352.34ms, mfu 16.25%
model:LGT730 iter 16090: loss 2.0830, time 352.38ms, mfu 16.58%
step 16100: train loss 1.7956, val loss 1.9627
saving checkpoint to out-novel-char3_LGT730_d34f65156182c545ea648093d502a95d
done saving checkpoint to out-novel-char3_LGT730_d34f65156182c545ea648093d502a95d
model:LGT730 iter 16100: loss 2.0752, time 6284.37ms, mfu 15.03%
model:LGT730 iter 16110: loss 2.1374, time 352.19ms, mfu 15.49%
model:LGT730 iter 16120: loss 1.7342, time 352.08ms, mfu 15.90%
model:LGT730 iter 16130: loss 1.8727, time 352.11ms, mfu 16.27%
model:LGT730 iter 16140: loss 2.0325, time 352.24ms, mfu 16.60%
step 16150: train loss 1.8096, val loss 1.9669
saving checkpoint to out-novel-char3_LGT730_d34f65156182c545ea648093d502a95d
done saving checkpoint to out-novel-char3_LGT730_d34f65156182c545ea648093d502a95d
model:LGT730 iter 16150: loss 1.8301, time 6259.51ms, mfu 15.05%
model:LGT730 iter 16160: loss 2.0240, time 352.14ms, mfu 15.50%
model:LGT730 iter 16170: loss 1.7301, time 352.20ms, mfu 15.91%
model:LGT730 iter 16180: loss 2.2817, time 352.59ms, mfu 16.27%
model:LGT730 iter 16190: loss 1.9117, time 352.55ms, mfu 16.60%
step 16200: train loss 1.8072, val loss 1.9610
saving checkpoint to out-novel-char3_LGT730_d34f65156182c545ea648093d502a95d
done saving checkpoint to out-novel-char3_LGT730_d34f65156182c545ea648093d502a95d
model:LGT730 iter 16200: loss 1.7781, time 6440.58ms, mfu 15.05%
model:LGT730 iter 16210: loss 1.7435, time 352.46ms, mfu 15.50%
model:LGT730 iter 16220: loss 2.0401, time 352.37ms, mfu 15.90%
model:LGT730 iter 16230: loss 1.7003, time 352.33ms, mfu 16.27%
model:LGT730 iter 16240: loss 2.0305, time 353.11ms, mfu 16.60%
step 16250: train loss 1.8213, val loss 1.9229
saving checkpoint to out-novel-char3_LGT730_d34f65156182c545ea648093d502a95d
done saving checkpoint to out-novel-char3_LGT730_d34f65156182c545ea648093d502a95d
model:LGT730 iter 16250: loss 1.5829, time 6308.90ms, mfu 15.04%
model:LGT730 iter 16260: loss 2.1905, time 352.29ms, mfu 15.50%
model:LGT730 iter 16270: loss 1.4992, time 352.26ms, mfu 15.90%
model:LGT730 iter 16280: loss 1.7012, time 352.69ms, mfu 16.27%
model:LGT730 iter 16290: loss 2.0376, time 352.28ms, mfu 16.60%
step 16300: train loss 1.8218, val loss 1.9570
saving checkpoint to out-novel-char3_LGT730_d34f65156182c545ea648093d502a95d
done saving checkpoint to out-novel-char3_LGT730_d34f65156182c545ea648093d502a95d
model:LGT730 iter 16300: loss 1.9648, time 6426.16ms, mfu 15.05%
model:LGT730 iter 16310: loss 1.9677, time 352.43ms, mfu 15.50%
model:LGT730 iter 16320: loss 1.7659, time 352.18ms, mfu 15.90%
model:LGT730 iter 16330: loss 1.8757, time 352.20ms, mfu 16.27%
model:LGT730 iter 16340: loss 1.9604, time 352.19ms, mfu 16.60%
step 16350: train loss 1.7960, val loss 1.9819
saving checkpoint to out-novel-char3_LGT730_d34f65156182c545ea648093d502a95d
done saving checkpoint to out-novel-char3_LGT730_d34f65156182c545ea648093d502a95d
model:LGT730 iter 16350: loss 1.6457, time 6467.82ms, mfu 15.05%
model:LGT730 iter 16360: loss 1.7353, time 352.43ms, mfu 15.50%
model:LGT730 iter 16370: loss 1.8240, time 352.29ms, mfu 15.91%
model:LGT730 iter 16380: loss 1.8290, time 352.20ms, mfu 16.27%
model:LGT730 iter 16390: loss 1.9137, time 352.25ms, mfu 16.60%
step 16400: train loss 1.8228, val loss 1.9324
saving checkpoint to out-novel-char3_LGT730_d34f65156182c545ea648093d502a95d
done saving checkpoint to out-novel-char3_LGT730_d34f65156182c545ea648093d502a95d
model:LGT730 iter 16400: loss 1.8962, time 6542.95ms, mfu 15.05%
model:LGT730 iter 16410: loss 1.7340, time 352.50ms, mfu 15.50%
model:LGT730 iter 16420: loss 1.9508, time 354.56ms, mfu 15.89%
model:LGT730 iter 16430: loss 1.6774, time 352.37ms, mfu 16.26%
model:LGT730 iter 16440: loss 2.1379, time 352.07ms, mfu 16.59%
step 16450: train loss 1.8143, val loss 1.9629
saving checkpoint to out-novel-char3_LGT730_d34f65156182c545ea648093d502a95d
done saving checkpoint to out-novel-char3_LGT730_d34f65156182c545ea648093d502a95d
model:LGT730 iter 16450: loss 1.8589, time 6402.12ms, mfu 15.04%
model:LGT730 iter 16460: loss 1.6732, time 352.26ms, mfu 15.49%
model:LGT730 iter 16470: loss 2.0698, time 352.26ms, mfu 15.90%
model:LGT730 iter 16480: loss 1.8814, time 352.37ms, mfu 16.27%
model:LGT730 iter 16490: loss 2.4426, time 352.15ms, mfu 16.60%
step 16500: train loss 1.8255, val loss 1.9526
saving checkpoint to out-novel-char3_LGT730_d34f65156182c545ea648093d502a95d
done saving checkpoint to out-novel-char3_LGT730_d34f65156182c545ea648093d502a95d
model:LGT730 iter 16500: loss 1.8621, time 6452.21ms, mfu 15.04%
model:LGT730 iter 16510: loss 1.6768, time 352.35ms, mfu 15.50%
model:LGT730 iter 16520: loss 1.8732, time 352.32ms, mfu 15.90%
model:LGT730 iter 16530: loss 1.8721, time 351.89ms, mfu 16.27%
model:LGT730 iter 16540: loss 1.9604, time 351.91ms, mfu 16.60%
step 16550: train loss 1.8283, val loss 1.9436
saving checkpoint to out-novel-char3_LGT730_d34f65156182c545ea648093d502a95d
done saving checkpoint to out-novel-char3_LGT730_d34f65156182c545ea648093d502a95d
model:LGT730 iter 16550: loss 2.0048, time 6405.12ms, mfu 15.05%
model:LGT730 iter 16560: loss 1.8281, time 353.46ms, mfu 15.50%
model:LGT730 iter 16570: loss 1.8812, time 352.35ms, mfu 15.90%
model:LGT730 iter 16580: loss 1.4437, time 352.35ms, mfu 16.27%
model:LGT730 iter 16590: loss 1.9004, time 352.33ms, mfu 16.60%
step 16600: train loss 1.8181, val loss 1.9442
saving checkpoint to out-novel-char3_LGT730_d34f65156182c545ea648093d502a95d
done saving checkpoint to out-novel-char3_LGT730_d34f65156182c545ea648093d502a95d
model:LGT730 iter 16600: loss 1.8141, time 6270.48ms, mfu 15.05%
model:LGT730 iter 16610: loss 1.8559, time 352.56ms, mfu 15.50%
model:LGT730 iter 16620: loss 1.6181, time 352.22ms, mfu 15.91%
model:LGT730 iter 16630: loss 1.7284, time 352.32ms, mfu 16.27%
model:LGT730 iter 16640: loss 1.3862, time 352.29ms, mfu 16.60%
step 16650: train loss 1.8424, val loss 1.9762
saving checkpoint to out-novel-char3_LGT730_d34f65156182c545ea648093d502a95d
done saving checkpoint to out-novel-char3_LGT730_d34f65156182c545ea648093d502a95d
model:LGT730 iter 16650: loss 1.9676, time 6341.67ms, mfu 15.05%
model:LGT730 iter 16660: loss 2.0926, time 352.35ms, mfu 15.50%
model:LGT730 iter 16670: loss 2.0606, time 352.37ms, mfu 15.91%
model:LGT730 iter 16680: loss 1.8278, time 352.31ms, mfu 16.27%
model:LGT730 iter 16690: loss 1.5712, time 352.36ms, mfu 16.60%
step 16700: train loss 1.8191, val loss 1.9626
saving checkpoint to out-novel-char3_LGT730_d34f65156182c545ea648093d502a95d
done saving checkpoint to out-novel-char3_LGT730_d34f65156182c545ea648093d502a95d
model:LGT730 iter 16700: loss 1.7236, time 6518.45ms, mfu 15.05%
model:LGT730 iter 16710: loss 2.1499, time 352.36ms, mfu 15.50%
model:LGT730 iter 16720: loss 1.8102, time 356.24ms, mfu 15.88%
model:LGT730 iter 16730: loss 1.9887, time 352.49ms, mfu 16.25%
model:LGT730 iter 16740: loss 2.0151, time 352.11ms, mfu 16.58%
step 16750: train loss 1.8279, val loss 1.9403
saving checkpoint to out-novel-char3_LGT730_d34f65156182c545ea648093d502a95d
done saving checkpoint to out-novel-char3_LGT730_d34f65156182c545ea648093d502a95d
model:LGT730 iter 16750: loss 2.0120, time 6487.38ms, mfu 15.03%
model:LGT730 iter 16760: loss 1.9603, time 352.21ms, mfu 15.49%
model:LGT730 iter 16770: loss 1.8105, time 353.69ms, mfu 15.89%
model:LGT730 iter 16780: loss 1.7367, time 352.35ms, mfu 16.25%
model:LGT730 iter 16790: loss 1.7185, time 352.38ms, mfu 16.59%
step 16800: train loss 1.8341, val loss 1.9693
saving checkpoint to out-novel-char3_LGT730_d34f65156182c545ea648093d502a95d
done saving checkpoint to out-novel-char3_LGT730_d34f65156182c545ea648093d502a95d
model:LGT730 iter 16800: loss 1.6473, time 6462.50ms, mfu 15.03%
model:LGT730 iter 16810: loss 1.6649, time 352.32ms, mfu 15.49%
model:LGT730 iter 16820: loss 1.7336, time 352.46ms, mfu 15.89%
model:LGT730 iter 16830: loss 1.8413, time 352.58ms, mfu 16.26%
model:LGT730 iter 16840: loss 1.7894, time 352.28ms, mfu 16.59%
step 16850: train loss 1.7953, val loss 1.9601
saving checkpoint to out-novel-char3_LGT730_d34f65156182c545ea648093d502a95d
done saving checkpoint to out-novel-char3_LGT730_d34f65156182c545ea648093d502a95d
model:LGT730 iter 16850: loss 1.7889, time 6441.37ms, mfu 15.04%
model:LGT730 iter 16860: loss 1.6364, time 352.34ms, mfu 15.49%
model:LGT730 iter 16870: loss 1.6900, time 352.66ms, mfu 15.90%
model:LGT730 iter 16880: loss 2.1435, time 355.07ms, mfu 16.25%
model:LGT730 iter 16890: loss 1.8970, time 352.37ms, mfu 16.58%
step 16900: train loss 1.8047, val loss 1.9631
saving checkpoint to out-novel-char3_LGT730_d34f65156182c545ea648093d502a95d
done saving checkpoint to out-novel-char3_LGT730_d34f65156182c545ea648093d502a95d
model:LGT730 iter 16900: loss 2.0516, time 6374.39ms, mfu 15.03%
model:LGT730 iter 16910: loss 1.9074, time 353.86ms, mfu 15.47%
model:LGT730 iter 16920: loss 2.0748, time 352.49ms, mfu 15.88%
model:LGT730 iter 16930: loss 1.7298, time 352.33ms, mfu 16.25%
model:LGT730 iter 16940: loss 1.6483, time 352.27ms, mfu 16.58%
step 16950: train loss 1.8108, val loss 1.9724
saving checkpoint to out-novel-char3_LGT730_d34f65156182c545ea648093d502a95d
done saving checkpoint to out-novel-char3_LGT730_d34f65156182c545ea648093d502a95d
model:LGT730 iter 16950: loss 1.6674, time 6446.18ms, mfu 15.03%
model:LGT730 iter 16960: loss 1.9549, time 352.41ms, mfu 15.48%
model:LGT730 iter 16970: loss 1.9814, time 353.20ms, mfu 15.89%
model:LGT730 iter 16980: loss 1.6146, time 352.21ms, mfu 16.26%
model:LGT730 iter 16990: loss 1.5474, time 352.35ms, mfu 16.59%
step 17000: train loss 1.7935, val loss 1.9549
saving checkpoint to out-novel-char3_LGT730_d34f65156182c545ea648093d502a95d
done saving checkpoint to out-novel-char3_LGT730_d34f65156182c545ea648093d502a95d
model:LGT730 iter 17000: loss 1.8316, time 6448.89ms, mfu 15.04%
model:LGT730 iter 17010: loss 2.0165, time 352.49ms, mfu 15.49%
model:LGT730 iter 17020: loss 1.8829, time 353.15ms, mfu 15.89%
model:LGT730 iter 17030: loss 1.7890, time 352.46ms, mfu 16.26%
model:LGT730 iter 17040: loss 1.9540, time 353.10ms, mfu 16.58%
step 17050: train loss 1.8194, val loss 1.9629
saving checkpoint to out-novel-char3_LGT730_d34f65156182c545ea648093d502a95d
done saving checkpoint to out-novel-char3_LGT730_d34f65156182c545ea648093d502a95d
model:LGT730 iter 17050: loss 1.7832, time 6516.31ms, mfu 15.03%
model:LGT730 iter 17060: loss 2.1820, time 352.19ms, mfu 15.49%
model:LGT730 iter 17070: loss 2.2085, time 353.40ms, mfu 15.89%
model:LGT730 iter 17080: loss 1.6232, time 352.38ms, mfu 16.25%
model:LGT730 iter 17090: loss 1.7819, time 353.05ms, mfu 16.58%
step 17100: train loss 1.8051, val loss 1.9637
saving checkpoint to out-novel-char3_LGT730_d34f65156182c545ea648093d502a95d
done saving checkpoint to out-novel-char3_LGT730_d34f65156182c545ea648093d502a95d
model:LGT730 iter 17100: loss 1.9255, time 6474.82ms, mfu 15.03%
model:LGT730 iter 17110: loss 1.9537, time 352.40ms, mfu 15.48%
model:LGT730 iter 17120: loss 1.7670, time 352.38ms, mfu 15.89%
model:LGT730 iter 17130: loss 2.1971, time 353.34ms, mfu 16.25%
model:LGT730 iter 17140: loss 1.8334, time 352.52ms, mfu 16.58%
step 17150: train loss 1.8034, val loss 1.9683
saving checkpoint to out-novel-char3_LGT730_d34f65156182c545ea648093d502a95d
done saving checkpoint to out-novel-char3_LGT730_d34f65156182c545ea648093d502a95d
model:LGT730 iter 17150: loss 1.6839, time 6338.71ms, mfu 15.03%
model:LGT730 iter 17160: loss 2.0033, time 352.40ms, mfu 15.49%
model:LGT730 iter 17170: loss 1.6757, time 352.41ms, mfu 15.89%
model:LGT730 iter 17180: loss 2.0438, time 356.58ms, mfu 16.24%
model:LGT730 iter 17190: loss 1.8145, time 352.41ms, mfu 16.57%
step 17200: train loss 1.8047, val loss 1.9562
saving checkpoint to out-novel-char3_LGT730_d34f65156182c545ea648093d502a95d
done saving checkpoint to out-novel-char3_LGT730_d34f65156182c545ea648093d502a95d
model:LGT730 iter 17200: loss 1.8526, time 6230.82ms, mfu 15.02%
model:LGT730 iter 17210: loss 1.8862, time 352.31ms, mfu 15.48%
model:LGT730 iter 17220: loss 1.8550, time 352.39ms, mfu 15.89%
model:LGT730 iter 17230: loss 1.6483, time 352.00ms, mfu 16.26%
model:LGT730 iter 17240: loss 1.7193, time 352.43ms, mfu 16.59%
step 17250: train loss 1.8042, val loss 1.9511
saving checkpoint to out-novel-char3_LGT730_d34f65156182c545ea648093d502a95d
done saving checkpoint to out-novel-char3_LGT730_d34f65156182c545ea648093d502a95d
model:LGT730 iter 17250: loss 2.1188, time 6216.13ms, mfu 15.04%
model:LGT730 iter 17260: loss 1.8586, time 352.75ms, mfu 15.49%
model:LGT730 iter 17270: loss 1.8623, time 352.72ms, mfu 15.89%
model:LGT730 iter 17280: loss 1.9718, time 364.64ms, mfu 16.20%
model:LGT730 iter 17290: loss 1.9121, time 352.72ms, mfu 16.53%
step 17300: train loss 1.8017, val loss 1.9281
saving checkpoint to out-novel-char3_LGT730_d34f65156182c545ea648093d502a95d
done saving checkpoint to out-novel-char3_LGT730_d34f65156182c545ea648093d502a95d
model:LGT730 iter 17300: loss 1.7837, time 6422.71ms, mfu 14.98%
model:LGT730 iter 17310: loss 1.6952, time 352.63ms, mfu 15.44%
model:LGT730 iter 17320: loss 1.8058, time 353.14ms, mfu 15.85%
model:LGT730 iter 17330: loss 2.0108, time 352.58ms, mfu 16.22%
model:LGT730 iter 17340: loss 1.8081, time 352.66ms, mfu 16.55%
step 17350: train loss 1.7966, val loss 2.0107
saving checkpoint to out-novel-char3_LGT730_d34f65156182c545ea648093d502a95d
done saving checkpoint to out-novel-char3_LGT730_d34f65156182c545ea648093d502a95d
model:LGT730 iter 17350: loss 1.7682, time 6439.21ms, mfu 15.00%
model:LGT730 iter 17360: loss 1.8754, time 352.76ms, mfu 15.46%
model:LGT730 iter 17370: loss 2.0109, time 352.69ms, mfu 15.87%
model:LGT730 iter 17380: loss 1.7384, time 352.83ms, mfu 16.23%
model:LGT730 iter 17390: loss 1.9922, time 352.89ms, mfu 16.56%
step 17400: train loss 1.8032, val loss 1.9464
saving checkpoint to out-novel-char3_LGT730_d34f65156182c545ea648093d502a95d
done saving checkpoint to out-novel-char3_LGT730_d34f65156182c545ea648093d502a95d
model:LGT730 iter 17400: loss 2.2679, time 6480.32ms, mfu 15.01%
model:LGT730 iter 17410: loss 1.8102, time 352.67ms, mfu 15.47%
model:LGT730 iter 17420: loss 1.8834, time 352.67ms, mfu 15.87%
model:LGT730 iter 17430: loss 1.8024, time 361.79ms, mfu 16.19%
model:LGT730 iter 17440: loss 1.9063, time 352.77ms, mfu 16.53%
step 17450: train loss 1.7974, val loss 1.9562
saving checkpoint to out-novel-char3_LGT730_d34f65156182c545ea648093d502a95d
done saving checkpoint to out-novel-char3_LGT730_d34f65156182c545ea648093d502a95d
model:LGT730 iter 17450: loss 1.8569, time 6426.39ms, mfu 14.98%
model:LGT730 iter 17460: loss 1.9173, time 352.67ms, mfu 15.44%
model:LGT730 iter 17470: loss 1.5587, time 352.71ms, mfu 15.85%
model:LGT730 iter 17480: loss 1.6582, time 357.16ms, mfu 16.19%
model:LGT730 iter 17490: loss 1.6566, time 352.98ms, mfu 16.53%
step 17500: train loss 1.8166, val loss 1.9623
saving checkpoint to out-novel-char3_LGT730_d34f65156182c545ea648093d502a95d
done saving checkpoint to out-novel-char3_LGT730_d34f65156182c545ea648093d502a95d
model:LGT730 iter 17500: loss 2.0234, time 6354.12ms, mfu 14.98%
model:LGT730 iter 17510: loss 1.5795, time 352.28ms, mfu 15.44%
model:LGT730 iter 17520: loss 1.5960, time 352.28ms, mfu 15.85%
model:LGT730 iter 17530: loss 1.5824, time 352.46ms, mfu 16.22%
model:LGT730 iter 17540: loss 1.7413, time 352.34ms, mfu 16.56%
step 17550: train loss 1.7902, val loss 1.9677
saving checkpoint to out-novel-char3_LGT730_d34f65156182c545ea648093d502a95d
done saving checkpoint to out-novel-char3_LGT730_d34f65156182c545ea648093d502a95d
model:LGT730 iter 17550: loss 1.8091, time 6249.93ms, mfu 15.01%
model:LGT730 iter 17560: loss 1.7319, time 355.90ms, mfu 15.45%
model:LGT730 iter 17570: loss 1.5533, time 353.01ms, mfu 15.86%
model:LGT730 iter 17580: loss 1.7017, time 362.38ms, mfu 16.17%
model:LGT730 iter 17590: loss 2.0873, time 353.00ms, mfu 16.51%
step 17600: train loss 1.8111, val loss 1.9441
saving checkpoint to out-novel-char3_LGT730_d34f65156182c545ea648093d502a95d
done saving checkpoint to out-novel-char3_LGT730_d34f65156182c545ea648093d502a95d
model:LGT730 iter 17600: loss 1.6125, time 6552.35ms, mfu 14.96%
model:LGT730 iter 17610: loss 1.9503, time 352.21ms, mfu 15.42%
model:LGT730 iter 17620: loss 2.2135, time 352.52ms, mfu 15.84%
model:LGT730 iter 17630: loss 1.7414, time 352.16ms, mfu 16.21%
model:LGT730 iter 17640: loss 1.8177, time 352.30ms, mfu 16.55%
step 17650: train loss 1.8095, val loss 1.9473
saving checkpoint to out-novel-char3_LGT730_d34f65156182c545ea648093d502a95d
done saving checkpoint to out-novel-char3_LGT730_d34f65156182c545ea648093d502a95d
model:LGT730 iter 17650: loss 1.5951, time 6409.46ms, mfu 15.00%
model:LGT730 iter 17660: loss 1.4965, time 352.19ms, mfu 15.46%
model:LGT730 iter 17670: loss 1.8290, time 352.33ms, mfu 15.87%
model:LGT730 iter 17680: loss 1.5264, time 352.34ms, mfu 16.24%
model:LGT730 iter 17690: loss 1.5367, time 352.38ms, mfu 16.57%
step 17700: train loss 1.7988, val loss 1.9449
saving checkpoint to out-novel-char3_LGT730_d34f65156182c545ea648093d502a95d
done saving checkpoint to out-novel-char3_LGT730_d34f65156182c545ea648093d502a95d
model:LGT730 iter 17700: loss 1.8535, time 6487.68ms, mfu 15.02%
model:LGT730 iter 17710: loss 1.8528, time 352.32ms, mfu 15.47%
model:LGT730 iter 17720: loss 1.8513, time 352.26ms, mfu 15.88%
model:LGT730 iter 17730: loss 1.7888, time 352.61ms, mfu 16.25%
model:LGT730 iter 17740: loss 1.7241, time 352.33ms, mfu 16.58%
step 17750: train loss 1.8240, val loss 1.9627
saving checkpoint to out-novel-char3_LGT730_d34f65156182c545ea648093d502a95d
done saving checkpoint to out-novel-char3_LGT730_d34f65156182c545ea648093d502a95d
model:LGT730 iter 17750: loss 1.7501, time 6480.80ms, mfu 15.03%
model:LGT730 iter 17760: loss 1.9915, time 352.28ms, mfu 15.48%
model:LGT730 iter 17770: loss 1.9592, time 352.24ms, mfu 15.89%
model:LGT730 iter 17780: loss 1.8941, time 352.32ms, mfu 16.26%
model:LGT730 iter 17790: loss 1.7531, time 357.22ms, mfu 16.56%
step 17800: train loss 1.7804, val loss 1.9594
saving checkpoint to out-novel-char3_LGT730_d34f65156182c545ea648093d502a95d
done saving checkpoint to out-novel-char3_LGT730_d34f65156182c545ea648093d502a95d
model:LGT730 iter 17800: loss 1.5537, time 6457.27ms, mfu 15.01%
model:LGT730 iter 17810: loss 1.6435, time 353.28ms, mfu 15.46%
model:LGT730 iter 17820: loss 1.8164, time 352.30ms, mfu 15.87%
model:LGT730 iter 17830: loss 1.7886, time 352.32ms, mfu 16.24%
model:LGT730 iter 17840: loss 1.9723, time 352.11ms, mfu 16.58%
step 17850: train loss 1.7733, val loss 1.9581
saving checkpoint to out-novel-char3_LGT730_d34f65156182c545ea648093d502a95d
done saving checkpoint to out-novel-char3_LGT730_d34f65156182c545ea648093d502a95d
model:LGT730 iter 17850: loss 1.3227, time 6524.59ms, mfu 15.02%
model:LGT730 iter 17860: loss 1.7613, time 352.59ms, mfu 15.48%
model:LGT730 iter 17870: loss 1.6546, time 353.66ms, mfu 15.88%
model:LGT730 iter 17880: loss 1.6233, time 352.71ms, mfu 16.25%
model:LGT730 iter 17890: loss 1.5621, time 352.71ms, mfu 16.57%
step 17900: train loss 1.7760, val loss 1.9547
saving checkpoint to out-novel-char3_LGT730_d34f65156182c545ea648093d502a95d
done saving checkpoint to out-novel-char3_LGT730_d34f65156182c545ea648093d502a95d
model:LGT730 iter 17900: loss 2.0801, time 6350.90ms, mfu 15.03%
model:LGT730 iter 17910: loss 1.8323, time 352.66ms, mfu 15.48%
model:LGT730 iter 17920: loss 1.9833, time 352.62ms, mfu 15.89%
model:LGT730 iter 17930: loss 1.8855, time 352.67ms, mfu 16.25%
model:LGT730 iter 17940: loss 1.5862, time 355.87ms, mfu 16.56%
step 17950: train loss 1.7821, val loss 1.9386
saving checkpoint to out-novel-char3_LGT730_d34f65156182c545ea648093d502a95d
done saving checkpoint to out-novel-char3_LGT730_d34f65156182c545ea648093d502a95d
model:LGT730 iter 17950: loss 1.9303, time 6474.67ms, mfu 15.01%
model:LGT730 iter 17960: loss 1.4805, time 360.00ms, mfu 15.43%
model:LGT730 iter 17970: loss 1.7226, time 352.94ms, mfu 15.84%
model:LGT730 iter 17980: loss 1.9105, time 353.72ms, mfu 16.20%
model:LGT730 iter 17990: loss 2.0065, time 352.79ms, mfu 16.54%
step 18000: train loss 1.8134, val loss 1.9435
saving checkpoint to out-novel-char3_LGT730_d34f65156182c545ea648093d502a95d
done saving checkpoint to out-novel-char3_LGT730_d34f65156182c545ea648093d502a95d
model:LGT730 iter 18000: loss 2.1158, time 6511.18ms, mfu 14.99%
model:LGT730 iter 18010: loss 2.0085, time 352.44ms, mfu 15.45%
model:LGT730 iter 18020: loss 1.9588, time 368.69ms, mfu 15.77%
model:LGT730 iter 18030: loss 1.9948, time 352.17ms, mfu 16.15%
model:LGT730 iter 18040: loss 1.8266, time 352.27ms, mfu 16.49%
step 18050: train loss 1.8101, val loss 1.9809
saving checkpoint to out-novel-char3_LGT730_d34f65156182c545ea648093d502a95d
done saving checkpoint to out-novel-char3_LGT730_d34f65156182c545ea648093d502a95d
model:LGT730 iter 18050: loss 1.7522, time 6320.31ms, mfu 14.95%
model:LGT730 iter 18060: loss 1.7041, time 353.28ms, mfu 15.41%
model:LGT730 iter 18070: loss 1.8474, time 356.90ms, mfu 15.80%
model:LGT730 iter 18080: loss 1.8310, time 353.20ms, mfu 16.17%
model:LGT730 iter 18090: loss 1.6095, time 352.70ms, mfu 16.51%
step 18100: train loss 1.7962, val loss 1.9705
saving checkpoint to out-novel-char3_LGT730_d34f65156182c545ea648093d502a95d
done saving checkpoint to out-novel-char3_LGT730_d34f65156182c545ea648093d502a95d
model:LGT730 iter 18100: loss 1.8888, time 6297.92ms, mfu 14.97%
model:LGT730 iter 18110: loss 1.5733, time 352.32ms, mfu 15.43%
model:LGT730 iter 18120: loss 1.8907, time 351.84ms, mfu 15.84%
model:LGT730 iter 18130: loss 1.4763, time 352.30ms, mfu 16.22%
model:LGT730 iter 18140: loss 2.0460, time 352.41ms, mfu 16.55%
step 18150: train loss 1.7732, val loss 1.9496
saving checkpoint to out-novel-char3_LGT730_d34f65156182c545ea648093d502a95d
done saving checkpoint to out-novel-char3_LGT730_d34f65156182c545ea648093d502a95d
model:LGT730 iter 18150: loss 1.9413, time 6591.66ms, mfu 15.00%
model:LGT730 iter 18160: loss 2.0113, time 352.26ms, mfu 15.46%
model:LGT730 iter 18170: loss 1.7588, time 352.23ms, mfu 15.87%
model:LGT730 iter 18180: loss 1.6782, time 353.10ms, mfu 16.23%
model:LGT730 iter 18190: loss 1.7033, time 352.33ms, mfu 16.57%
step 18200: train loss 1.7735, val loss 1.9576
saving checkpoint to out-novel-char3_LGT730_d34f65156182c545ea648093d502a95d
done saving checkpoint to out-novel-char3_LGT730_d34f65156182c545ea648093d502a95d
model:LGT730 iter 18200: loss 2.4098, time 6515.10ms, mfu 15.02%
model:LGT730 iter 18210: loss 2.1102, time 352.29ms, mfu 15.47%
model:LGT730 iter 18220: loss 1.3429, time 352.51ms, mfu 15.88%
model:LGT730 iter 18230: loss 1.8571, time 352.32ms, mfu 16.25%
model:LGT730 iter 18240: loss 1.9843, time 352.31ms, mfu 16.58%
step 18250: train loss 1.8122, val loss 1.9683
saving checkpoint to out-novel-char3_LGT730_d34f65156182c545ea648093d502a95d
done saving checkpoint to out-novel-char3_LGT730_d34f65156182c545ea648093d502a95d
model:LGT730 iter 18250: loss 1.6598, time 6380.99ms, mfu 15.03%
model:LGT730 iter 18260: loss 2.1065, time 352.25ms, mfu 15.48%
model:LGT730 iter 18270: loss 1.8589, time 352.27ms, mfu 15.89%
model:LGT730 iter 18280: loss 1.6619, time 353.30ms, mfu 16.25%
model:LGT730 iter 18290: loss 1.9758, time 352.35ms, mfu 16.59%
step 18300: train loss 1.7791, val loss 1.9494
saving checkpoint to out-novel-char3_LGT730_d34f65156182c545ea648093d502a95d
done saving checkpoint to out-novel-char3_LGT730_d34f65156182c545ea648093d502a95d
model:LGT730 iter 18300: loss 1.8627, time 6540.24ms, mfu 15.03%
model:LGT730 iter 18310: loss 1.9808, time 352.34ms, mfu 15.49%
model:LGT730 iter 18320: loss 1.4937, time 352.37ms, mfu 15.89%
model:LGT730 iter 18330: loss 2.0001, time 352.26ms, mfu 16.26%
model:LGT730 iter 18340: loss 1.6659, time 352.41ms, mfu 16.59%
step 18350: train loss 1.7775, val loss 1.9499
saving checkpoint to out-novel-char3_LGT730_d34f65156182c545ea648093d502a95d
done saving checkpoint to out-novel-char3_LGT730_d34f65156182c545ea648093d502a95d
model:LGT730 iter 18350: loss 1.6583, time 6255.11ms, mfu 15.04%
model:LGT730 iter 18360: loss 1.8843, time 363.80ms, mfu 15.43%
model:LGT730 iter 18370: loss 1.8634, time 352.29ms, mfu 15.85%
model:LGT730 iter 18380: loss 1.5112, time 352.35ms, mfu 16.22%
model:LGT730 iter 18390: loss 1.8554, time 352.27ms, mfu 16.55%
step 18400: train loss 1.7829, val loss 1.9480
saving checkpoint to out-novel-char3_LGT730_d34f65156182c545ea648093d502a95d
done saving checkpoint to out-novel-char3_LGT730_d34f65156182c545ea648093d502a95d
model:LGT730 iter 18400: loss 1.7241, time 6420.31ms, mfu 15.00%
model:LGT730 iter 18410: loss 1.6331, time 352.24ms, mfu 15.46%
model:LGT730 iter 18420: loss 1.8789, time 352.21ms, mfu 15.87%
model:LGT730 iter 18430: loss 1.9004, time 352.34ms, mfu 16.24%
model:LGT730 iter 18440: loss 1.6680, time 352.22ms, mfu 16.57%
step 18450: train loss 1.7816, val loss 1.9453
saving checkpoint to out-novel-char3_LGT730_d34f65156182c545ea648093d502a95d
done saving checkpoint to out-novel-char3_LGT730_d34f65156182c545ea648093d502a95d
model:LGT730 iter 18450: loss 1.8413, time 6408.27ms, mfu 15.02%
model:LGT730 iter 18460: loss 2.5006, time 352.26ms, mfu 15.48%
model:LGT730 iter 18470: loss 2.0319, time 352.42ms, mfu 15.89%
model:LGT730 iter 18480: loss 1.8323, time 352.30ms, mfu 16.26%
model:LGT730 iter 18490: loss 1.6384, time 352.75ms, mfu 16.58%
step 18500: train loss 1.7647, val loss 1.9726
saving checkpoint to out-novel-char3_LGT730_d34f65156182c545ea648093d502a95d
done saving checkpoint to out-novel-char3_LGT730_d34f65156182c545ea648093d502a95d
model:LGT730 iter 18500: loss 2.0371, time 6385.67ms, mfu 15.03%
model:LGT730 iter 18510: loss 1.8959, time 352.22ms, mfu 15.49%
model:LGT730 iter 18520: loss 1.7838, time 352.32ms, mfu 15.89%
model:LGT730 iter 18530: loss 1.9318, time 352.31ms, mfu 16.26%
model:LGT730 iter 18540: loss 1.9649, time 352.38ms, mfu 16.59%
step 18550: train loss 1.7718, val loss 1.9304
saving checkpoint to out-novel-char3_LGT730_d34f65156182c545ea648093d502a95d
done saving checkpoint to out-novel-char3_LGT730_d34f65156182c545ea648093d502a95d
model:LGT730 iter 18550: loss 1.8511, time 6450.16ms, mfu 15.04%
model:LGT730 iter 18560: loss 1.9380, time 352.38ms, mfu 15.49%
model:LGT730 iter 18570: loss 1.3635, time 352.29ms, mfu 15.90%
model:LGT730 iter 18580: loss 1.6580, time 352.42ms, mfu 16.27%
model:LGT730 iter 18590: loss 1.6333, time 352.46ms, mfu 16.59%
step 18600: train loss 1.7759, val loss 1.9479
saving checkpoint to out-novel-char3_LGT730_d34f65156182c545ea648093d502a95d
done saving checkpoint to out-novel-char3_LGT730_d34f65156182c545ea648093d502a95d
model:LGT730 iter 18600: loss 1.8992, time 6473.74ms, mfu 15.04%
model:LGT730 iter 18610: loss 1.2811, time 352.27ms, mfu 15.49%
model:LGT730 iter 18620: loss 1.8913, time 352.25ms, mfu 15.90%
model:LGT730 iter 18630: loss 1.3890, time 352.35ms, mfu 16.27%
model:LGT730 iter 18640: loss 1.8496, time 351.82ms, mfu 16.60%
step 18650: train loss 1.7925, val loss 1.9645
saving checkpoint to out-novel-char3_LGT730_d34f65156182c545ea648093d502a95d
done saving checkpoint to out-novel-char3_LGT730_d34f65156182c545ea648093d502a95d
model:LGT730 iter 18650: loss 1.8661, time 6440.49ms, mfu 15.05%
model:LGT730 iter 18660: loss 1.8743, time 352.35ms, mfu 15.50%
model:LGT730 iter 18670: loss 1.4839, time 352.30ms, mfu 15.91%
model:LGT730 iter 18680: loss 1.4788, time 352.41ms, mfu 16.27%
model:LGT730 iter 18690: loss 1.7304, time 352.39ms, mfu 16.60%
step 18700: train loss 1.7587, val loss 1.9364
saving checkpoint to out-novel-char3_LGT730_d34f65156182c545ea648093d502a95d
done saving checkpoint to out-novel-char3_LGT730_d34f65156182c545ea648093d502a95d
model:LGT730 iter 18700: loss 1.6937, time 6420.43ms, mfu 15.05%
model:LGT730 iter 18710: loss 1.9240, time 352.32ms, mfu 15.50%
model:LGT730 iter 18720: loss 1.5495, time 352.43ms, mfu 15.91%
model:LGT730 iter 18730: loss 1.7367, time 352.30ms, mfu 16.27%
model:LGT730 iter 18740: loss 1.8514, time 352.02ms, mfu 16.60%
step 18750: train loss 1.7743, val loss 1.9499
saving checkpoint to out-novel-char3_LGT730_d34f65156182c545ea648093d502a95d
done saving checkpoint to out-novel-char3_LGT730_d34f65156182c545ea648093d502a95d
model:LGT730 iter 18750: loss 1.6940, time 6482.79ms, mfu 15.05%
model:LGT730 iter 18760: loss 1.5775, time 352.19ms, mfu 15.50%
model:LGT730 iter 18770: loss 2.1974, time 352.41ms, mfu 15.91%
model:LGT730 iter 18780: loss 1.4258, time 352.32ms, mfu 16.27%
model:LGT730 iter 18790: loss 1.4794, time 352.35ms, mfu 16.60%
step 18800: train loss 1.7629, val loss 1.9436
saving checkpoint to out-novel-char3_LGT730_d34f65156182c545ea648093d502a95d
done saving checkpoint to out-novel-char3_LGT730_d34f65156182c545ea648093d502a95d
model:LGT730 iter 18800: loss 1.2577, time 6351.09ms, mfu 15.05%
model:LGT730 iter 18810: loss 2.1289, time 352.40ms, mfu 15.50%
model:LGT730 iter 18820: loss 2.0923, time 352.29ms, mfu 15.91%
model:LGT730 iter 18830: loss 1.9070, time 352.36ms, mfu 16.27%
model:LGT730 iter 18840: loss 1.8204, time 352.45ms, mfu 16.60%
step 18850: train loss 1.7780, val loss 1.9222
saving checkpoint to out-novel-char3_LGT730_d34f65156182c545ea648093d502a95d
done saving checkpoint to out-novel-char3_LGT730_d34f65156182c545ea648093d502a95d
model:LGT730 iter 18850: loss 1.6992, time 6515.76ms, mfu 15.05%
model:LGT730 iter 18860: loss 1.6372, time 357.52ms, mfu 15.47%
model:LGT730 iter 18870: loss 1.8580, time 352.33ms, mfu 15.88%
model:LGT730 iter 18880: loss 1.6105, time 352.35ms, mfu 16.25%
model:LGT730 iter 18890: loss 1.8450, time 352.44ms, mfu 16.58%
step 18900: train loss 1.7776, val loss 1.9505
saving checkpoint to out-novel-char3_LGT730_d34f65156182c545ea648093d502a95d
done saving checkpoint to out-novel-char3_LGT730_d34f65156182c545ea648093d502a95d
model:LGT730 iter 18900: loss 1.5239, time 6411.89ms, mfu 15.03%
model:LGT730 iter 18910: loss 1.8115, time 352.97ms, mfu 15.48%
model:LGT730 iter 18920: loss 1.5308, time 353.03ms, mfu 15.88%
model:LGT730 iter 18930: loss 1.8683, time 369.80ms, mfu 16.16%
model:LGT730 iter 18940: loss 1.6077, time 353.92ms, mfu 16.49%
step 18950: train loss 1.7589, val loss 1.9523
saving checkpoint to out-novel-char3_LGT730_d34f65156182c545ea648093d502a95d
done saving checkpoint to out-novel-char3_LGT730_d34f65156182c545ea648093d502a95d
model:LGT730 iter 18950: loss 2.0488, time 6524.75ms, mfu 14.95%
model:LGT730 iter 18960: loss 1.4211, time 353.34ms, mfu 15.40%
model:LGT730 iter 18970: loss 1.7762, time 353.00ms, mfu 15.82%
model:LGT730 iter 18980: loss 1.7671, time 353.03ms, mfu 16.19%
model:LGT730 iter 18990: loss 1.7341, time 353.29ms, mfu 16.52%
step 19000: train loss 1.7843, val loss 1.9383
saving checkpoint to out-novel-char3_LGT730_d34f65156182c545ea648093d502a95d
done saving checkpoint to out-novel-char3_LGT730_d34f65156182c545ea648093d502a95d
model:LGT730 iter 19000: loss 1.7479, time 6422.26ms, mfu 14.98%
model:LGT730 iter 19010: loss 1.8543, time 352.27ms, mfu 15.43%
model:LGT730 iter 19020: loss 1.6776, time 352.18ms, mfu 15.85%
model:LGT730 iter 19030: loss 1.6927, time 352.12ms, mfu 16.22%
model:LGT730 iter 19040: loss 1.3966, time 352.36ms, mfu 16.56%
step 19050: train loss 1.7675, val loss 1.9555
saving checkpoint to out-novel-char3_LGT730_d34f65156182c545ea648093d502a95d
done saving checkpoint to out-novel-char3_LGT730_d34f65156182c545ea648093d502a95d
model:LGT730 iter 19050: loss 1.5863, time 6352.93ms, mfu 15.01%
model:LGT730 iter 19060: loss 1.9085, time 352.25ms, mfu 15.46%
model:LGT730 iter 19070: loss 1.7942, time 352.41ms, mfu 15.87%
model:LGT730 iter 19080: loss 2.0157, time 352.38ms, mfu 16.24%
model:LGT730 iter 19090: loss 1.7348, time 358.39ms, mfu 16.54%
step 19100: train loss 1.7407, val loss 1.9321
saving checkpoint to out-novel-char3_LGT730_d34f65156182c545ea648093d502a95d
done saving checkpoint to out-novel-char3_LGT730_d34f65156182c545ea648093d502a95d
model:LGT730 iter 19100: loss 1.6102, time 6356.02ms, mfu 15.00%
model:LGT730 iter 19110: loss 1.8446, time 352.39ms, mfu 15.45%
model:LGT730 iter 19120: loss 1.9696, time 352.45ms, mfu 15.86%
model:LGT730 iter 19130: loss 1.6385, time 352.26ms, mfu 16.23%
model:LGT730 iter 19140: loss 1.8294, time 352.36ms, mfu 16.57%
step 19150: train loss 1.7475, val loss 1.9780
saving checkpoint to out-novel-char3_LGT730_d34f65156182c545ea648093d502a95d
done saving checkpoint to out-novel-char3_LGT730_d34f65156182c545ea648093d502a95d
model:LGT730 iter 19150: loss 1.7276, time 6239.51ms, mfu 15.02%
model:LGT730 iter 19160: loss 1.5369, time 352.31ms, mfu 15.48%
model:LGT730 iter 19170: loss 1.8132, time 352.43ms, mfu 15.88%
model:LGT730 iter 19180: loss 1.8383, time 352.28ms, mfu 16.25%
model:LGT730 iter 19190: loss 1.7911, time 352.37ms, mfu 16.58%
step 19200: train loss 1.7809, val loss 1.9571
saving checkpoint to out-novel-char3_LGT730_d34f65156182c545ea648093d502a95d
done saving checkpoint to out-novel-char3_LGT730_d34f65156182c545ea648093d502a95d
model:LGT730 iter 19200: loss 1.6202, time 6354.40ms, mfu 15.03%
model:LGT730 iter 19210: loss 1.8238, time 352.46ms, mfu 15.49%
model:LGT730 iter 19220: loss 1.4753, time 352.47ms, mfu 15.89%
model:LGT730 iter 19230: loss 1.7854, time 352.32ms, mfu 16.26%
model:LGT730 iter 19240: loss 1.8659, time 352.44ms, mfu 16.59%
step 19250: train loss 1.7862, val loss 1.9477
saving checkpoint to out-novel-char3_LGT730_d34f65156182c545ea648093d502a95d
done saving checkpoint to out-novel-char3_LGT730_d34f65156182c545ea648093d502a95d
model:LGT730 iter 19250: loss 2.1446, time 6422.23ms, mfu 15.04%
model:LGT730 iter 19260: loss 1.8184, time 352.37ms, mfu 15.49%
model:LGT730 iter 19270: loss 1.8268, time 352.37ms, mfu 15.90%
model:LGT730 iter 19280: loss 1.9797, time 352.21ms, mfu 16.27%
model:LGT730 iter 19290: loss 2.0233, time 352.38ms, mfu 16.60%
step 19300: train loss 1.7596, val loss 1.9231
saving checkpoint to out-novel-char3_LGT730_d34f65156182c545ea648093d502a95d
done saving checkpoint to out-novel-char3_LGT730_d34f65156182c545ea648093d502a95d
model:LGT730 iter 19300: loss 1.7949, time 6428.40ms, mfu 15.04%
model:LGT730 iter 19310: loss 1.8522, time 352.26ms, mfu 15.50%
model:LGT730 iter 19320: loss 1.9008, time 352.42ms, mfu 15.90%
model:LGT730 iter 19330: loss 1.7797, time 352.48ms, mfu 16.27%
model:LGT730 iter 19340: loss 2.0343, time 352.36ms, mfu 16.60%
step 19350: train loss 1.7517, val loss 1.9325
saving checkpoint to out-novel-char3_LGT730_d34f65156182c545ea648093d502a95d
done saving checkpoint to out-novel-char3_LGT730_d34f65156182c545ea648093d502a95d
model:LGT730 iter 19350: loss 1.9833, time 6432.87ms, mfu 15.04%
model:LGT730 iter 19360: loss 1.8526, time 352.35ms, mfu 15.50%
model:LGT730 iter 19370: loss 1.7955, time 352.42ms, mfu 15.90%
model:LGT730 iter 19380: loss 1.7457, time 352.22ms, mfu 16.27%
model:LGT730 iter 19390: loss 1.7207, time 353.06ms, mfu 16.60%
step 19400: train loss 1.7392, val loss 1.9353
saving checkpoint to out-novel-char3_LGT730_d34f65156182c545ea648093d502a95d
done saving checkpoint to out-novel-char3_LGT730_d34f65156182c545ea648093d502a95d
model:LGT730 iter 19400: loss 1.5592, time 6384.18ms, mfu 15.04%
model:LGT730 iter 19410: loss 1.7859, time 352.34ms, mfu 15.50%
model:LGT730 iter 19420: loss 1.8769, time 382.34ms, mfu 15.75%
model:LGT730 iter 19430: loss 1.7142, time 352.84ms, mfu 16.13%
model:LGT730 iter 19440: loss 1.5458, time 352.28ms, mfu 16.47%
step 19450: train loss 1.7296, val loss 1.9451
saving checkpoint to out-novel-char3_LGT730_d34f65156182c545ea648093d502a95d
done saving checkpoint to out-novel-char3_LGT730_d34f65156182c545ea648093d502a95d
model:LGT730 iter 19450: loss 1.7875, time 6397.38ms, mfu 14.93%
model:LGT730 iter 19460: loss 1.8242, time 352.31ms, mfu 15.40%
model:LGT730 iter 19470: loss 1.9152, time 352.61ms, mfu 15.81%
model:LGT730 iter 19480: loss 1.9520, time 352.37ms, mfu 16.19%
model:LGT730 iter 19490: loss 1.6774, time 352.29ms, mfu 16.52%
step 19500: train loss 1.7541, val loss 1.9470
saving checkpoint to out-novel-char3_LGT730_d34f65156182c545ea648093d502a95d
done saving checkpoint to out-novel-char3_LGT730_d34f65156182c545ea648093d502a95d
model:LGT730 iter 19500: loss 1.9001, time 6464.84ms, mfu 14.98%
model:LGT730 iter 19510: loss 1.9582, time 352.28ms, mfu 15.44%
model:LGT730 iter 19520: loss 2.3917, time 352.28ms, mfu 15.85%
model:LGT730 iter 19530: loss 1.9408, time 352.33ms, mfu 16.22%
model:LGT730 iter 19540: loss 1.8211, time 352.41ms, mfu 16.56%
step 19550: train loss 1.7478, val loss 1.9153
saving checkpoint to out-novel-char3_LGT730_d34f65156182c545ea648093d502a95d
done saving checkpoint to out-novel-char3_LGT730_d34f65156182c545ea648093d502a95d
model:LGT730 iter 19550: loss 1.7747, time 6318.17ms, mfu 15.01%
model:LGT730 iter 19560: loss 1.7621, time 352.33ms, mfu 15.46%
model:LGT730 iter 19570: loss 1.6256, time 352.23ms, mfu 15.88%
model:LGT730 iter 19580: loss 1.6969, time 352.41ms, mfu 16.24%
model:LGT730 iter 19590: loss 1.6882, time 352.40ms, mfu 16.58%
step 19600: train loss 1.7666, val loss 1.9428
saving checkpoint to out-novel-char3_LGT730_d34f65156182c545ea648093d502a95d
done saving checkpoint to out-novel-char3_LGT730_d34f65156182c545ea648093d502a95d
model:LGT730 iter 19600: loss 2.0017, time 6402.37ms, mfu 15.03%
model:LGT730 iter 19610: loss 1.5575, time 352.30ms, mfu 15.48%
model:LGT730 iter 19620: loss 1.9817, time 352.48ms, mfu 15.89%
model:LGT730 iter 19630: loss 2.0329, time 352.29ms, mfu 16.26%
model:LGT730 iter 19640: loss 1.5004, time 352.31ms, mfu 16.59%
step 19650: train loss 1.7895, val loss 1.9348
saving checkpoint to out-novel-char3_LGT730_d34f65156182c545ea648093d502a95d
done saving checkpoint to out-novel-char3_LGT730_d34f65156182c545ea648093d502a95d
model:LGT730 iter 19650: loss 1.7636, time 6352.57ms, mfu 15.04%
model:LGT730 iter 19660: loss 1.7437, time 352.28ms, mfu 15.49%
