Overriding config with config/train_novel_char.py:
# train a miniature character-level shakespeare model
# good for debugging and playing on macbooks and such

out_dir = 'out-novel-char'
eval_interval = 250 # keep frequent because we'll overfit
eval_iters = 200
log_interval = 10 # don't print too too often

# we expect to overfit on this small dataset, so only save when val improves
always_save_checkpoint = False

wandb_log = False # override via command line if you like
wandb_project = 'novel'
wandb_run_name = 'novel'

dataset = 'novel_char'
# gradient_accumulation_steps = 1
# gradient_accumulation_steps = 6
gradient_accumulation_steps = 12
batch_size = 12
# block_size = 256 # context of up to 256 previous characters
# block_size = 256 # context of up to 256 previous characters
block_size = 64 # context of up to 256 previous characters

# baby GPT model :)
n_layer = 6
n_head = 6
n_embd = 384
# n_embd = 182
dropout = 0.2

# learning_rate = 1e-3 # with baby networks can afford to go a bit higher
learning_rate = 1e-4 # with baby networks can afford to go a bit higher

# max_iters = 5000
# lr_decay_iters = 5000 # make equal to max_iters usually

max_iters = 500000
lr_decay_iters = 500000 # make equal to max_iters usually

min_lr = 1e-5 # learning_rate / 10 usually
beta2 = 0.99 # make a bit bigger because number of tokens per iter is small

warmup_iters = 100 # not super necessary potentially

# on macbook also add
# device = 'cpu'  # run on cpu only
# compile = False # do not torch compile the model
# init_from ='resume'


'''
python3 -u sample.py config/train_novel.py --out_dir=out-novel-word_CCM232_c85667cd6eadbcf772d23fa97827c506 --model=CCM232
python3 -u sample.py config/train_novel.py --out_dir=out-novel-word_CCM251_4bfeb7b3e1b9c46a2542bb9406173e22 --model=CCM251
python3 -u sample.py config/train_novel.py --out_dir=out-novel-word_CCM253_01b622029bb00e0dc9206cae3b0ab559 --model=CCM253 
python3 -u sample.py config/train_novel.py --out_dir=out-novel-word_CCM276_01b622029bb00e0dc9206cae3b0ab559 --model=CCM276
python3 -u sample.py config/train_novel.py --out_dir=out-novel-word_CCM278_a97bfe077b316033e3604831d5ad371e --model=CCM278
python3 -u sample.py config/train_novel.py --out_dir=out-novel-word_CCM305_52efa1def80492f81622f536ac701226 --model=CCM305


out-novel-word_CCM276_01b622029bb00e0dc9206cae3b0ab559

'''
#### python3 -u sample.py config/train_novel.py --out_dir=out-novel-word_CCM232_c85667cd6eadbcf772d23fa97827c506 --model=CCM232
Overriding: init_from = resume
Overriding: compile = False
Overriding: model = LGT728D
Overriding: n_layer = 8
Overriding: n_head = 6
Overriding: share_layer = False
Overriding: always_save_checkpoint = True
Overriding: max_iters = 2500999
Overriding: best_val_loss_force = 10.001
Overriding: min_lr = 1e-05
Overriding: dropout = 0.0
Overriding: eval_interval = 50
Overriding: force_resave = 0
Overriding: random_seed = 3
tokens per iteration will be: 9,216
found vocab_size = 6105 (inside data/novel_char/meta.pkl)
out_dir: out-novel-char_LGT728D_4d06c3ce0eb6b62233f4128fdb1c3b0f
Resuming training from out-novel-char_LGT728D_4d06c3ce0eb6b62233f4128fdb1c3b0f
WARNING: using slow attention. Flash Attention requires PyTorch >= 2.0
WARNING: using slow attention. Flash Attention requires PyTorch >= 2.0
WARNING: using slow attention. Flash Attention requires PyTorch >= 2.0
WARNING: using slow attention. Flash Attention requires PyTorch >= 2.0
num decayed parameter tensors: 23, with 12,041,856 parameters
num non-decayed parameter tensors: 16, with 2,363,521 parameters
using fused AdamW: True
------average encoder activity 0.01497
-----------average decoder density 0.0000
step 70900: train loss 3.6458, val loss 3.6277
saving checkpoint to out-novel-char_LGT728D_4d06c3ce0eb6b62233f4128fdb1c3b0f
model:LGT728D iter 70900: loss 2.0233, time 2969.91ms, mfu -100.00%
model:LGT728D iter 70910: loss 1.9755, time 150.92ms, mfu 1.73%
model:LGT728D iter 70920: loss 2.0302, time 152.46ms, mfu 1.73%
model:LGT728D iter 70930: loss 1.9316, time 155.92ms, mfu 1.73%
model:LGT728D iter 70940: loss 1.7774, time 149.60ms, mfu 1.73%
------average encoder activity 0.01497
-----------average decoder density 0.0000
step 70950: train loss 3.6568, val loss 3.6153
saving checkpoint to out-novel-char_LGT728D_4d06c3ce0eb6b62233f4128fdb1c3b0f
model:LGT728D iter 70950: loss 1.6580, time 3139.00ms, mfu 1.56%
model:LGT728D iter 70960: loss 1.6764, time 199.07ms, mfu 1.54%
model:LGT728D iter 70970: loss 1.8416, time 197.83ms, mfu 1.52%
model:LGT728D iter 70980: loss 1.7996, time 207.55ms, mfu 1.49%
model:LGT728D iter 70990: loss 1.7309, time 223.64ms, mfu 1.46%
------average encoder activity 0.01497
-----------average decoder density 0.0000
step 71000: train loss 3.6079, val loss 3.5561
saving checkpoint to out-novel-char_LGT728D_4d06c3ce0eb6b62233f4128fdb1c3b0f
model:LGT728D iter 71000: loss 1.6623, time 3091.87ms, mfu 1.32%
model:LGT728D iter 71010: loss 1.8939, time 207.97ms, mfu 1.32%
model:LGT728D iter 71020: loss 1.6123, time 200.06ms, mfu 1.32%
model:LGT728D iter 71030: loss 1.6833, time 198.72ms, mfu 1.32%
model:LGT728D iter 71040: loss 1.5486, time 207.51ms, mfu 1.31%
------average encoder activity 0.01497
-----------average decoder density 0.0000
step 71050: train loss 3.5331, val loss 3.4644
saving checkpoint to out-novel-char_LGT728D_4d06c3ce0eb6b62233f4128fdb1c3b0f
model:LGT728D iter 71050: loss 1.6829, time 3090.64ms, mfu 1.19%
model:LGT728D iter 71060: loss 1.6919, time 154.08ms, mfu 1.24%
model:LGT728D iter 71070: loss 1.8724, time 152.48ms, mfu 1.29%
model:LGT728D iter 71080: loss 1.7502, time 149.92ms, mfu 1.33%
model:LGT728D iter 71090: loss 1.6622, time 143.82ms, mfu 1.38%
------average encoder activity 0.01497
-----------average decoder density 0.0000
step 71100: train loss 3.5104, val loss 3.4593
saving checkpoint to out-novel-char_LGT728D_4d06c3ce0eb6b62233f4128fdb1c3b0f
model:LGT728D iter 71100: loss 1.7332, time 2911.54ms, mfu 1.25%
model:LGT728D iter 71110: loss 1.6934, time 209.27ms, mfu 1.25%
model:LGT728D iter 71120: loss 1.6789, time 154.17ms, mfu 1.30%
model:LGT728D iter 71130: loss 1.7597, time 154.19ms, mfu 1.34%
model:LGT728D iter 71140: loss 1.5845, time 154.48ms, mfu 1.37%
------average encoder activity 0.01497
-----------average decoder density 0.0000
step 71150: train loss 3.4890, val loss 3.4126
saving checkpoint to out-novel-char_LGT728D_4d06c3ce0eb6b62233f4128fdb1c3b0f
model:LGT728D iter 71150: loss 1.3848, time 3080.80ms, mfu 1.24%
model:LGT728D iter 71160: loss 1.6376, time 200.42ms, mfu 1.25%
model:LGT728D iter 71170: loss 1.6596, time 207.27ms, mfu 1.25%
model:LGT728D iter 71180: loss 1.6564, time 200.61ms, mfu 1.26%
model:LGT728D iter 71190: loss 1.7778, time 208.05ms, mfu 1.26%
------average encoder activity 0.01497
-----------average decoder density 0.0000
step 71200: train loss 3.4620, val loss 3.4290
saving checkpoint to out-novel-char_LGT728D_4d06c3ce0eb6b62233f4128fdb1c3b0f
model:LGT728D iter 71200: loss 1.4564, time 3216.38ms, mfu 1.14%
model:LGT728D iter 71210: loss 1.5899, time 199.25ms, mfu 1.16%
model:LGT728D iter 71220: loss 1.7401, time 199.92ms, mfu 1.17%
model:LGT728D iter 71230: loss 1.6401, time 203.30ms, mfu 1.18%
model:LGT728D iter 71240: loss 1.6973, time 219.78ms, mfu 1.18%
------average encoder activity 0.01497
-----------average decoder density 0.0000
step 71250: train loss 3.4395, val loss 3.3829
saving checkpoint to out-novel-char_LGT728D_4d06c3ce0eb6b62233f4128fdb1c3b0f
model:LGT728D iter 71250: loss 1.6327, time 3126.25ms, mfu 1.07%
model:LGT728D iter 71260: loss 1.8493, time 229.16ms, mfu 1.08%
model:LGT728D iter 71270: loss 1.6485, time 160.74ms, mfu 1.14%
model:LGT728D iter 71280: loss 1.6798, time 160.90ms, mfu 1.18%
model:LGT728D iter 71290: loss 1.7523, time 170.27ms, mfu 1.22%
------average encoder activity 0.01497
-----------average decoder density 0.0000
step 71300: train loss 3.4203, val loss 3.3600
saving checkpoint to out-novel-char_LGT728D_4d06c3ce0eb6b62233f4128fdb1c3b0f
model:LGT728D iter 71300: loss 1.7770, time 3111.34ms, mfu 1.11%
model:LGT728D iter 71310: loss 1.4913, time 168.34ms, mfu 1.15%
model:LGT728D iter 71320: loss 1.5921, time 165.53ms, mfu 1.19%
model:LGT728D iter 71330: loss 1.5849, time 167.08ms, mfu 1.23%
model:LGT728D iter 71340: loss 1.7108, time 144.68ms, mfu 1.29%
------average encoder activity 0.01497
-----------average decoder density 0.0000
step 71350: train loss 3.4027, val loss 3.3428
saving checkpoint to out-novel-char_LGT728D_4d06c3ce0eb6b62233f4128fdb1c3b0f
model:LGT728D iter 71350: loss 1.7079, time 2931.39ms, mfu 1.17%
model:LGT728D iter 71360: loss 1.7639, time 207.09ms, mfu 1.18%
model:LGT728D iter 71370: loss 1.5409, time 205.76ms, mfu 1.19%
model:LGT728D iter 71380: loss 1.5295, time 205.36ms, mfu 1.20%
model:LGT728D iter 71390: loss 1.6638, time 152.51ms, mfu 1.25%
------average encoder activity 0.01497
-----------average decoder density 0.0000
step 71400: train loss 3.3664, val loss 3.3090
saving checkpoint to out-novel-char_LGT728D_4d06c3ce0eb6b62233f4128fdb1c3b0f
model:LGT728D iter 71400: loss 1.5814, time 2861.30ms, mfu 1.13%
model:LGT728D iter 71410: loss 1.5903, time 155.35ms, mfu 1.19%
model:LGT728D iter 71420: loss 1.7264, time 157.48ms, mfu 1.24%
model:LGT728D iter 71430: loss 1.6266, time 154.45ms, mfu 1.28%
model:LGT728D iter 71440: loss 1.5324, time 155.95ms, mfu 1.32%
------average encoder activity 0.01432
-----------average decoder density 0.0000
step 71450: train loss 3.3678, val loss 3.3049
saving checkpoint to out-novel-char_LGT728D_4d06c3ce0eb6b62233f4128fdb1c3b0f
model:LGT728D iter 71450: loss 1.6891, time 3228.31ms, mfu 1.20%
model:LGT728D iter 71460: loss 1.5471, time 198.52ms, mfu 1.21%
model:LGT728D iter 71470: loss 1.5720, time 198.68ms, mfu 1.22%
model:LGT728D iter 71480: loss 1.6320, time 205.55ms, mfu 1.23%
model:LGT728D iter 71490: loss 1.6478, time 221.82ms, mfu 1.22%
------average encoder activity 0.01432
-----------average decoder density 0.0000
step 71500: train loss 3.3556, val loss 3.2821
saving checkpoint to out-novel-char_LGT728D_4d06c3ce0eb6b62233f4128fdb1c3b0f
model:LGT728D iter 71500: loss 1.5816, time 3183.53ms, mfu 1.11%
model:LGT728D iter 71510: loss 1.6296, time 160.52ms, mfu 1.16%
model:LGT728D iter 71520: loss 1.6947, time 159.64ms, mfu 1.21%
model:LGT728D iter 71530: loss 1.6474, time 160.16ms, mfu 1.25%
model:LGT728D iter 71540: loss 1.6092, time 172.12ms, mfu 1.28%
------average encoder activity 0.01432
-----------average decoder density 0.0000
step 71550: train loss 3.3464, val loss 3.2735
saving checkpoint to out-novel-char_LGT728D_4d06c3ce0eb6b62233f4128fdb1c3b0f
model:LGT728D iter 71550: loss 1.5059, time 3228.52ms, mfu 1.16%
model:LGT728D iter 71560: loss 1.7828, time 222.49ms, mfu 1.16%
model:LGT728D iter 71570: loss 1.6542, time 223.38ms, mfu 1.16%
model:LGT728D iter 71580: loss 1.5223, time 200.39ms, mfu 1.18%
model:LGT728D iter 71590: loss 1.6350, time 198.77ms, mfu 1.19%
------average encoder activity 0.01432
-----------average decoder density 0.0000
step 71600: train loss 3.3273, val loss 3.2532
saving checkpoint to out-novel-char_LGT728D_4d06c3ce0eb6b62233f4128fdb1c3b0f
model:LGT728D iter 71600: loss 1.6201, time 3231.92ms, mfu 1.08%
model:LGT728D iter 71610: loss 1.7004, time 210.00ms, mfu 1.10%
model:LGT728D iter 71620: loss 1.4807, time 206.81ms, mfu 1.11%
model:LGT728D iter 71630: loss 1.6543, time 199.15ms, mfu 1.13%
model:LGT728D iter 71640: loss 1.7542, time 200.28ms, mfu 1.15%
------average encoder activity 0.01432
-----------average decoder density 0.0000
step 71650: train loss 3.3208, val loss 3.2341
saving checkpoint to out-novel-char_LGT728D_4d06c3ce0eb6b62233f4128fdb1c3b0f
model:LGT728D iter 71650: loss 1.6297, time 3238.28ms, mfu 1.04%
model:LGT728D iter 71660: loss 1.8343, time 208.59ms, mfu 1.06%
model:LGT728D iter 71670: loss 1.8010, time 211.43ms, mfu 1.08%
model:LGT728D iter 71680: loss 1.6560, time 208.97ms, mfu 1.10%
model:LGT728D iter 71690: loss 1.6541, time 159.75ms, mfu 1.15%
------average encoder activity 0.01432
-----------average decoder density 0.0000
step 71700: train loss 3.3052, val loss 3.2321
saving checkpoint to out-novel-char_LGT728D_4d06c3ce0eb6b62233f4128fdb1c3b0f
model:LGT728D iter 71700: loss 1.8234, time 3087.89ms, mfu 1.05%
model:LGT728D iter 71710: loss 1.7056, time 167.34ms, mfu 1.10%
model:LGT728D iter 71720: loss 1.6646, time 168.57ms, mfu 1.14%
model:LGT728D iter 71730: loss 1.8915, time 173.76ms, mfu 1.18%
model:LGT728D iter 71740: loss 1.3988, time 167.30ms, mfu 1.22%
------average encoder activity 0.01432
-----------average decoder density 0.0000
step 71750: train loss 3.3212, val loss 3.2295
saving checkpoint to out-novel-char_LGT728D_4d06c3ce0eb6b62233f4128fdb1c3b0f
model:LGT728D iter 71750: loss 1.5221, time 2891.54ms, mfu 1.11%
model:LGT728D iter 71760: loss 1.4005, time 173.57ms, mfu 1.15%
model:LGT728D iter 71770: loss 1.6985, time 167.99ms, mfu 1.19%
model:LGT728D iter 71780: loss 1.6072, time 168.88ms, mfu 1.22%
model:LGT728D iter 71790: loss 1.4860, time 165.95ms, mfu 1.26%
------average encoder activity 0.01432
-----------average decoder density 0.0000
step 71800: train loss 3.2752, val loss 3.2001
saving checkpoint to out-novel-char_LGT728D_4d06c3ce0eb6b62233f4128fdb1c3b0f
model:LGT728D iter 71800: loss 1.5156, time 3114.21ms, mfu 1.14%
model:LGT728D iter 71810: loss 1.5517, time 159.43ms, mfu 1.19%
model:LGT728D iter 71820: loss 1.5314, time 159.05ms, mfu 1.24%
model:LGT728D iter 71830: loss 1.6055, time 166.38ms, mfu 1.27%
model:LGT728D iter 71840: loss 1.7785, time 165.11ms, mfu 1.30%
------average encoder activity 0.01432
-----------average decoder density 0.0000
step 71850: train loss 3.2953, val loss 3.2315
saving checkpoint to out-novel-char_LGT728D_4d06c3ce0eb6b62233f4128fdb1c3b0f
model:LGT728D iter 71850: loss 1.8083, time 3136.90ms, mfu 1.18%
model:LGT728D iter 71860: loss 1.6403, time 229.38ms, mfu 1.18%
model:LGT728D iter 71870: loss 1.4994, time 226.47ms, mfu 1.17%
model:LGT728D iter 71880: loss 1.3994, time 158.89ms, mfu 1.22%
model:LGT728D iter 71890: loss 1.5565, time 159.31ms, mfu 1.26%
------average encoder activity 0.01367
-----------average decoder density 0.0000
step 71900: train loss 3.2669, val loss 3.1809
saving checkpoint to out-novel-char_LGT728D_4d06c3ce0eb6b62233f4128fdb1c3b0f
model:LGT728D iter 71900: loss 1.5300, time 3181.89ms, mfu 1.15%
model:LGT728D iter 71910: loss 1.6857, time 221.82ms, mfu 1.15%
model:LGT728D iter 71920: loss 1.5243, time 226.29ms, mfu 1.15%
model:LGT728D iter 71930: loss 1.4822, time 218.06ms, mfu 1.15%
model:LGT728D iter 71940: loss 1.6071, time 160.44ms, mfu 1.20%
------average encoder activity 0.01302
-----------average decoder density 0.0000
step 71950: train loss 3.2546, val loss 3.1714
saving checkpoint to out-novel-char_LGT728D_4d06c3ce0eb6b62233f4128fdb1c3b0f
model:LGT728D iter 71950: loss 1.6267, time 3103.44ms, mfu 1.09%
model:LGT728D iter 71960: loss 1.7987, time 229.42ms, mfu 1.10%
model:LGT728D iter 71970: loss 1.6333, time 228.21ms, mfu 1.10%
model:LGT728D iter 71980: loss 1.4375, time 221.10ms, mfu 1.11%
model:LGT728D iter 71990: loss 1.6088, time 213.83ms, mfu 1.12%
------average encoder activity 0.01237
-----------average decoder density 0.0000
step 72000: train loss 3.2537, val loss 3.1766
saving checkpoint to out-novel-char_LGT728D_4d06c3ce0eb6b62233f4128fdb1c3b0f
model:LGT728D iter 72000: loss 1.5851, time 3002.40ms, mfu 1.02%
model:LGT728D iter 72010: loss 1.7307, time 227.65ms, mfu 1.03%
model:LGT728D iter 72020: loss 1.6085, time 232.10ms, mfu 1.04%
model:LGT728D iter 72030: loss 1.3694, time 227.46ms, mfu 1.05%
model:LGT728D iter 72040: loss 1.5095, time 228.79ms, mfu 1.06%
------average encoder activity 0.01172
-----------average decoder density 0.0000
step 72050: train loss 3.2509, val loss 3.1776
saving checkpoint to out-novel-char_LGT728D_4d06c3ce0eb6b62233f4128fdb1c3b0f
model:LGT728D iter 72050: loss 1.4370, time 2917.18ms, mfu 0.96%
model:LGT728D iter 72060: loss 1.7482, time 228.70ms, mfu 0.98%
model:LGT728D iter 72070: loss 1.6032, time 227.20ms, mfu 1.00%
model:LGT728D iter 72080: loss 1.6008, time 229.29ms, mfu 1.01%
model:LGT728D iter 72090: loss 1.5613, time 228.65ms, mfu 1.03%
------average encoder activity 0.01107
-----------average decoder density 0.0000
step 72100: train loss 3.2306, val loss 3.1762
saving checkpoint to out-novel-char_LGT728D_4d06c3ce0eb6b62233f4128fdb1c3b0f
model:LGT728D iter 72100: loss 1.7547, time 2956.18ms, mfu 0.93%
model:LGT728D iter 72110: loss 1.8182, time 227.95ms, mfu 0.95%
model:LGT728D iter 72120: loss 1.5036, time 227.91ms, mfu 0.97%
model:LGT728D iter 72130: loss 1.7277, time 227.11ms, mfu 0.99%
model:LGT728D iter 72140: loss 1.5255, time 230.93ms, mfu 1.01%
------average encoder activity 0.01042
-----------average decoder density 0.0000
step 72150: train loss 3.2503, val loss 3.1675
saving checkpoint to out-novel-char_LGT728D_4d06c3ce0eb6b62233f4128fdb1c3b0f
model:LGT728D iter 72150: loss 1.7944, time 3050.43ms, mfu 0.91%
model:LGT728D iter 72160: loss 1.4897, time 160.73ms, mfu 0.98%
model:LGT728D iter 72170: loss 1.6557, time 168.89ms, mfu 1.04%
model:LGT728D iter 72180: loss 1.6672, time 169.87ms, mfu 1.09%
model:LGT728D iter 72190: loss 1.6892, time 165.01ms, mfu 1.14%
------average encoder activity 0.01042
-----------average decoder density 0.0000
step 72200: train loss 3.2185, val loss 3.1577
saving checkpoint to out-novel-char_LGT728D_4d06c3ce0eb6b62233f4128fdb1c3b0f
model:LGT728D iter 72200: loss 1.6918, time 3155.77ms, mfu 1.03%
model:LGT728D iter 72210: loss 1.5899, time 222.47ms, mfu 1.05%
model:LGT728D iter 72220: loss 1.7628, time 217.83ms, mfu 1.06%
model:LGT728D iter 72230: loss 1.6219, time 165.34ms, mfu 1.12%
model:LGT728D iter 72240: loss 1.5229, time 166.45ms, mfu 1.16%
------average encoder activity 0.01042
-----------average decoder density 0.0000
step 72250: train loss 3.2003, val loss 3.1411
saving checkpoint to out-novel-char_LGT728D_4d06c3ce0eb6b62233f4128fdb1c3b0f
model:LGT728D iter 72250: loss 1.4956, time 3118.57ms, mfu 1.05%
model:LGT728D iter 72260: loss 1.4622, time 229.07ms, mfu 1.06%
model:LGT728D iter 72270: loss 1.6048, time 226.94ms, mfu 1.07%
model:LGT728D iter 72280: loss 1.7138, time 214.14ms, mfu 1.09%
model:LGT728D iter 72290: loss 1.3997, time 221.51ms, mfu 1.10%
------average encoder activity 0.00977
-----------average decoder density 0.0000
step 72300: train loss 3.2114, val loss 3.1416
saving checkpoint to out-novel-char_LGT728D_4d06c3ce0eb6b62233f4128fdb1c3b0f
model:LGT728D iter 72300: loss 1.4792, time 3250.38ms, mfu 0.99%
model:LGT728D iter 72310: loss 1.5131, time 223.34ms, mfu 1.01%
model:LGT728D iter 72320: loss 1.4520, time 225.54ms, mfu 1.03%
model:LGT728D iter 72330: loss 1.5505, time 215.87ms, mfu 1.05%
model:LGT728D iter 72340: loss 1.5638, time 158.23ms, mfu 1.11%
------average encoder activity 0.00911
-----------average decoder density 0.0000
step 72350: train loss 3.2245, val loss 3.1444
saving checkpoint to out-novel-char_LGT728D_4d06c3ce0eb6b62233f4128fdb1c3b0f
model:LGT728D iter 72350: loss 1.4986, time 3233.53ms, mfu 1.00%
model:LGT728D iter 72360: loss 1.5944, time 222.60ms, mfu 1.02%
model:LGT728D iter 72370: loss 1.6280, time 167.43ms, mfu 1.08%
model:LGT728D iter 72380: loss 1.7554, time 161.53ms, mfu 1.13%
model:LGT728D iter 72390: loss 1.4153, time 161.72ms, mfu 1.18%
------average encoder activity 0.00781
-----------average decoder density 0.0000
step 72400: train loss 3.2015, val loss 3.1300
saving checkpoint to out-novel-char_LGT728D_4d06c3ce0eb6b62233f4128fdb1c3b0f
model:LGT728D iter 72400: loss 1.3922, time 3139.95ms, mfu 1.07%
model:LGT728D iter 72410: loss 1.4605, time 222.11ms, mfu 1.08%
model:LGT728D iter 72420: loss 1.5575, time 224.11ms, mfu 1.09%
model:LGT728D iter 72430: loss 1.4503, time 158.06ms, mfu 1.15%
model:LGT728D iter 72440: loss 1.5082, time 156.12ms, mfu 1.20%
------average encoder activity 0.00781
-----------average decoder density 0.0000
step 72450: train loss 3.2088, val loss 3.1275
saving checkpoint to out-novel-char_LGT728D_4d06c3ce0eb6b62233f4128fdb1c3b0f
model:LGT728D iter 72450: loss 1.5816, time 2865.02ms, mfu 1.09%
model:LGT728D iter 72460: loss 1.4727, time 153.42ms, mfu 1.15%
model:LGT728D iter 72470: loss 1.5538, time 155.11ms, mfu 1.20%
model:LGT728D iter 72480: loss 1.4941, time 156.25ms, mfu 1.25%
model:LGT728D iter 72490: loss 1.6468, time 152.22ms, mfu 1.30%
------average encoder activity 0.00586
-----------average decoder density 0.0000
step 72500: train loss 3.1843, val loss 3.1071
saving checkpoint to out-novel-char_LGT728D_4d06c3ce0eb6b62233f4128fdb1c3b0f
model:LGT728D iter 72500: loss 1.4207, time 3212.71ms, mfu 1.18%
model:LGT728D iter 72510: loss 1.5458, time 146.42ms, mfu 1.24%
model:LGT728D iter 72520: loss 1.4417, time 145.15ms, mfu 1.29%
model:LGT728D iter 72530: loss 1.5266, time 155.09ms, mfu 1.33%
model:LGT728D iter 72540: loss 1.7040, time 178.25ms, mfu 1.35%
------average encoder activity 0.00521
-----------average decoder density 0.0000
step 72550: train loss 3.1879, val loss 3.1053
saving checkpoint to out-novel-char_LGT728D_4d06c3ce0eb6b62233f4128fdb1c3b0f
model:LGT728D iter 72550: loss 1.4526, time 3279.48ms, mfu 1.22%
model:LGT728D iter 72560: loss 1.5130, time 158.17ms, mfu 1.26%
model:LGT728D iter 72570: loss 1.6867, time 148.27ms, mfu 1.31%
model:LGT728D iter 72580: loss 1.5787, time 147.04ms, mfu 1.36%
model:LGT728D iter 72590: loss 1.6970, time 146.88ms, mfu 1.40%
------average encoder activity 0.00456
-----------average decoder density 0.0000
step 72600: train loss 3.1972, val loss 3.1164
saving checkpoint to out-novel-char_LGT728D_4d06c3ce0eb6b62233f4128fdb1c3b0f
model:LGT728D iter 72600: loss 1.5937, time 3246.20ms, mfu 1.27%
model:LGT728D iter 72610: loss 1.5322, time 172.10ms, mfu 1.30%
model:LGT728D iter 72620: loss 1.3501, time 167.52ms, mfu 1.32%
model:LGT728D iter 72630: loss 1.4742, time 172.48ms, mfu 1.34%
model:LGT728D iter 72640: loss 1.5269, time 159.06ms, mfu 1.37%
------average encoder activity 0.00456
-----------average decoder density 0.0000
step 72650: train loss 3.1634, val loss 3.0807
saving checkpoint to out-novel-char_LGT728D_4d06c3ce0eb6b62233f4128fdb1c3b0f
model:LGT728D iter 72650: loss 1.5325, time 2908.55ms, mfu 1.24%
model:LGT728D iter 72660: loss 1.5709, time 171.08ms, mfu 1.27%
model:LGT728D iter 72670: loss 1.6222, time 169.48ms, mfu 1.30%
model:LGT728D iter 72680: loss 1.4639, time 168.71ms, mfu 1.32%
model:LGT728D iter 72690: loss 1.4806, time 166.00ms, mfu 1.35%
------average encoder activity 0.00391
-----------average decoder density 0.0000
step 72700: train loss 3.1757, val loss 3.0900
saving checkpoint to out-novel-char_LGT728D_4d06c3ce0eb6b62233f4128fdb1c3b0f
model:LGT728D iter 72700: loss 1.6496, time 2985.86ms, mfu 1.22%
model:LGT728D iter 72710: loss 1.5208, time 159.88ms, mfu 1.26%
model:LGT728D iter 72720: loss 1.4627, time 175.15ms, mfu 1.29%
model:LGT728D iter 72730: loss 1.5600, time 170.66ms, mfu 1.31%
model:LGT728D iter 72740: loss 1.5024, time 167.93ms, mfu 1.34%
------average encoder activity 0.00391
-----------average decoder density 0.0000
step 72750: train loss 3.1622, val loss 3.0626
saving checkpoint to out-novel-char_LGT728D_4d06c3ce0eb6b62233f4128fdb1c3b0f
model:LGT728D iter 72750: loss 1.4985, time 3142.51ms, mfu 1.21%
model:LGT728D iter 72760: loss 1.5303, time 150.32ms, mfu 1.26%
model:LGT728D iter 72770: loss 1.7194, time 159.35ms, mfu 1.30%
model:LGT728D iter 72780: loss 1.6537, time 160.74ms, mfu 1.33%
model:LGT728D iter 72790: loss 1.5325, time 166.59ms, mfu 1.36%
------average encoder activity 0.00260
-----------average decoder density 0.0000
step 72800: train loss 3.1573, val loss 3.0774
saving checkpoint to out-novel-char_LGT728D_4d06c3ce0eb6b62233f4128fdb1c3b0f
model:LGT728D iter 72800: loss 1.5723, time 3222.84ms, mfu 1.23%
model:LGT728D iter 72810: loss 1.4053, time 212.62ms, mfu 1.23%
model:LGT728D iter 72820: loss 1.3939, time 209.16ms, mfu 1.23%
model:LGT728D iter 72830: loss 1.7285, time 213.98ms, mfu 1.23%
model:LGT728D iter 72840: loss 1.6498, time 215.17ms, mfu 1.23%
------average encoder activity 0.00260
-----------average decoder density 0.0000
step 72850: train loss 3.1699, val loss 3.0760
saving checkpoint to out-novel-char_LGT728D_4d06c3ce0eb6b62233f4128fdb1c3b0f
model:LGT728D iter 72850: loss 1.6950, time 3117.66ms, mfu 1.12%
model:LGT728D iter 72860: loss 1.5198, time 230.35ms, mfu 1.12%
model:LGT728D iter 72870: loss 1.6196, time 208.92ms, mfu 1.13%
model:LGT728D iter 72880: loss 1.6357, time 209.68ms, mfu 1.14%
model:LGT728D iter 72890: loss 1.5357, time 199.86ms, mfu 1.16%
------average encoder activity 0.00260
-----------average decoder density 0.0000
step 72900: train loss 3.1555, val loss 3.0806
saving checkpoint to out-novel-char_LGT728D_4d06c3ce0eb6b62233f4128fdb1c3b0f
model:LGT728D iter 72900: loss 1.6495, time 3087.50ms, mfu 1.05%
model:LGT728D iter 72910: loss 1.7107, time 166.14ms, mfu 1.10%
model:LGT728D iter 72920: loss 1.4767, time 172.76ms, mfu 1.15%
model:LGT728D iter 72930: loss 1.5926, time 175.53ms, mfu 1.18%
model:LGT728D iter 72940: loss 1.4308, time 166.44ms, mfu 1.22%
------average encoder activity 0.00260
-----------average decoder density 0.0000
step 72950: train loss 3.1375, val loss 3.0693
saving checkpoint to out-novel-char_LGT728D_4d06c3ce0eb6b62233f4128fdb1c3b0f
model:LGT728D iter 72950: loss 1.6217, time 2892.13ms, mfu 1.11%
model:LGT728D iter 72960: loss 1.5951, time 229.77ms, mfu 1.11%
model:LGT728D iter 72970: loss 1.6433, time 226.22ms, mfu 1.11%
model:LGT728D iter 72980: loss 1.5191, time 226.74ms, mfu 1.12%
model:LGT728D iter 72990: loss 1.5132, time 232.41ms, mfu 1.12%
------average encoder activity 0.00260
-----------average decoder density 0.0000
step 73000: train loss 3.1308, val loss 3.0401
saving checkpoint to out-novel-char_LGT728D_4d06c3ce0eb6b62233f4128fdb1c3b0f
model:LGT728D iter 73000: loss 1.4903, time 3030.34ms, mfu 1.02%
model:LGT728D iter 73010: loss 1.5678, time 218.12ms, mfu 1.03%
model:LGT728D iter 73020: loss 1.5235, time 218.21ms, mfu 1.05%
model:LGT728D iter 73030: loss 1.6003, time 222.55ms, mfu 1.06%
model:LGT728D iter 73040: loss 1.7370, time 219.53ms, mfu 1.08%
------average encoder activity 0.00260
-----------average decoder density 0.0000
step 73050: train loss 3.1369, val loss 3.0450
saving checkpoint to out-novel-char_LGT728D_4d06c3ce0eb6b62233f4128fdb1c3b0f
model:LGT728D iter 73050: loss 1.5132, time 3163.36ms, mfu 0.98%
model:LGT728D iter 73060: loss 1.4719, time 159.87ms, mfu 1.04%
model:LGT728D iter 73070: loss 1.6189, time 153.49ms, mfu 1.11%
model:LGT728D iter 73080: loss 1.6888, time 169.27ms, mfu 1.15%
model:LGT728D iter 73090: loss 1.6121, time 170.34ms, mfu 1.19%
------average encoder activity 0.00260
-----------average decoder density 0.0000
step 73100: train loss 3.1088, val loss 3.0330
saving checkpoint to out-novel-char_LGT728D_4d06c3ce0eb6b62233f4128fdb1c3b0f
model:LGT728D iter 73100: loss 1.6313, time 3235.04ms, mfu 1.08%
model:LGT728D iter 73110: loss 1.5848, time 171.51ms, mfu 1.12%
model:LGT728D iter 73120: loss 1.6037, time 160.73ms, mfu 1.18%
model:LGT728D iter 73130: loss 1.5830, time 160.15ms, mfu 1.22%
model:LGT728D iter 73140: loss 1.6140, time 169.22ms, mfu 1.25%
------average encoder activity 0.00260
-----------average decoder density 0.0000
step 73150: train loss 3.1138, val loss 3.0407
saving checkpoint to out-novel-char_LGT728D_4d06c3ce0eb6b62233f4128fdb1c3b0f
model:LGT728D iter 73150: loss 1.4105, time 3233.82ms, mfu 1.14%
model:LGT728D iter 73160: loss 1.5669, time 168.51ms, mfu 1.18%
model:LGT728D iter 73170: loss 1.4194, time 167.78ms, mfu 1.22%
model:LGT728D iter 73180: loss 1.5086, time 160.72ms, mfu 1.26%
model:LGT728D iter 73190: loss 1.6564, time 161.48ms, mfu 1.29%
------average encoder activity 0.00260
-----------average decoder density 0.0000
step 73200: train loss 3.1123, val loss 3.0245
saving checkpoint to out-novel-char_LGT728D_4d06c3ce0eb6b62233f4128fdb1c3b0f
model:LGT728D iter 73200: loss 1.5832, time 3140.66ms, mfu 1.17%
model:LGT728D iter 73210: loss 1.5182, time 170.58ms, mfu 1.21%
model:LGT728D iter 73220: loss 1.6969, time 168.53ms, mfu 1.24%
model:LGT728D iter 73230: loss 1.6611, time 168.01ms, mfu 1.27%
model:LGT728D iter 73240: loss 1.5864, time 156.20ms, mfu 1.31%
------average encoder activity 0.00260
-----------average decoder density 0.0000
step 73250: train loss 3.1057, val loss 3.0208
saving checkpoint to out-novel-char_LGT728D_4d06c3ce0eb6b62233f4128fdb1c3b0f
model:LGT728D iter 73250: loss 1.7470, time 2911.33ms, mfu 1.19%
model:LGT728D iter 73260: loss 1.6202, time 169.83ms, mfu 1.23%
model:LGT728D iter 73270: loss 1.4607, time 172.16ms, mfu 1.26%
model:LGT728D iter 73280: loss 1.8067, time 168.61ms, mfu 1.29%
model:LGT728D iter 73290: loss 1.5396, time 173.02ms, mfu 1.31%
------average encoder activity 0.00260
-----------average decoder density 0.0000
step 73300: train loss 3.1095, val loss 3.0142
saving checkpoint to out-novel-char_LGT728D_4d06c3ce0eb6b62233f4128fdb1c3b0f
model:LGT728D iter 73300: loss 1.4300, time 3221.78ms, mfu 1.19%
model:LGT728D iter 73310: loss 1.7029, time 200.19ms, mfu 1.20%
model:LGT728D iter 73320: loss 1.6312, time 207.51ms, mfu 1.20%
model:LGT728D iter 73330: loss 1.4646, time 208.10ms, mfu 1.21%
model:LGT728D iter 73340: loss 1.5848, time 208.34ms, mfu 1.21%
------average encoder activity 0.00260
-----------average decoder density 0.0000
step 73350: train loss 3.1023, val loss 3.0180
saving checkpoint to out-novel-char_LGT728D_4d06c3ce0eb6b62233f4128fdb1c3b0f
model:LGT728D iter 73350: loss 1.5666, time 3234.18ms, mfu 1.10%
model:LGT728D iter 73360: loss 1.7498, time 143.79ms, mfu 1.17%
model:LGT728D iter 73370: loss 1.6474, time 144.38ms, mfu 1.24%
model:LGT728D iter 73380: loss 1.4768, time 144.40ms, mfu 1.29%
model:LGT728D iter 73390: loss 1.4306, time 152.99ms, mfu 1.34%
------average encoder activity 0.00260
-----------average decoder density 0.0000
step 73400: train loss 3.0995, val loss 3.0085
saving checkpoint to out-novel-char_LGT728D_4d06c3ce0eb6b62233f4128fdb1c3b0f
model:LGT728D iter 73400: loss 1.5995, time 3231.09ms, mfu 1.21%
model:LGT728D iter 73410: loss 1.8018, time 205.15ms, mfu 1.22%
model:LGT728D iter 73420: loss 1.5523, time 209.16ms, mfu 1.22%
model:LGT728D iter 73430: loss 1.4064, time 202.75ms, mfu 1.23%
model:LGT728D iter 73440: loss 1.6785, time 198.95ms, mfu 1.24%
------average encoder activity 0.00260
-----------average decoder density 0.0000
step 73450: train loss 3.1109, val loss 3.0185
saving checkpoint to out-novel-char_LGT728D_4d06c3ce0eb6b62233f4128fdb1c3b0f
model:LGT728D iter 73450: loss 1.6631, time 3244.57ms, mfu 1.12%
model:LGT728D iter 73460: loss 1.6109, time 207.85ms, mfu 1.13%
model:LGT728D iter 73470: loss 1.5662, time 209.57ms, mfu 1.15%
model:LGT728D iter 73480: loss 1.3925, time 199.25ms, mfu 1.16%
model:LGT728D iter 73490: loss 1.6233, time 199.23ms, mfu 1.18%
------average encoder activity 0.00260
-----------average decoder density 0.0000
step 73500: train loss 3.1164, val loss 3.0095
saving checkpoint to out-novel-char_LGT728D_4d06c3ce0eb6b62233f4128fdb1c3b0f
model:LGT728D iter 73500: loss 1.6509, time 3229.44ms, mfu 1.07%
model:LGT728D iter 73510: loss 1.7017, time 209.36ms, mfu 1.09%
model:LGT728D iter 73520: loss 1.7032, time 209.24ms, mfu 1.10%
model:LGT728D iter 73530: loss 1.5541, time 153.24ms, mfu 1.16%
model:LGT728D iter 73540: loss 1.5780, time 148.38ms, mfu 1.22%
------average encoder activity 0.00260
-----------average decoder density 0.0000
step 73550: train loss 3.1029, val loss 2.9993
saving checkpoint to out-novel-char_LGT728D_4d06c3ce0eb6b62233f4128fdb1c3b0f
model:LGT728D iter 73550: loss 1.4733, time 3011.07ms, mfu 1.11%
model:LGT728D iter 73560: loss 1.6510, time 207.23ms, mfu 1.12%
model:LGT728D iter 73570: loss 1.6040, time 207.79ms, mfu 1.14%
model:LGT728D iter 73580: loss 1.5252, time 207.48ms, mfu 1.15%
model:LGT728D iter 73590: loss 1.4482, time 206.11ms, mfu 1.16%
------average encoder activity 0.00260
-----------average decoder density 0.0000
step 73600: train loss 3.0734, val loss 2.9736
saving checkpoint to out-novel-char_LGT728D_4d06c3ce0eb6b62233f4128fdb1c3b0f
model:LGT728D iter 73600: loss 1.3930, time 2907.66ms, mfu 1.06%
model:LGT728D iter 73610: loss 1.6817, time 217.95ms, mfu 1.07%
model:LGT728D iter 73620: loss 1.5506, time 226.12ms, mfu 1.08%
model:LGT728D iter 73630: loss 1.5488, time 222.34ms, mfu 1.09%
model:LGT728D iter 73640: loss 1.5030, time 217.50ms, mfu 1.10%
------average encoder activity 0.00260
-----------average decoder density 0.0000
step 73650: train loss 3.0847, val loss 2.9850
saving checkpoint to out-novel-char_LGT728D_4d06c3ce0eb6b62233f4128fdb1c3b0f
model:LGT728D iter 73650: loss 1.5874, time 2918.53ms, mfu 1.00%
model:LGT728D iter 73660: loss 1.5009, time 209.03ms, mfu 1.02%
model:LGT728D iter 73670: loss 1.4489, time 207.02ms, mfu 1.05%
model:LGT728D iter 73680: loss 1.5727, time 206.44ms, mfu 1.07%
model:LGT728D iter 73690: loss 1.4997, time 209.40ms, mfu 1.09%
------average encoder activity 0.00260
-----------average decoder density 0.0000
step 73700: train loss 3.0715, val loss 2.9843
saving checkpoint to out-novel-char_LGT728D_4d06c3ce0eb6b62233f4128fdb1c3b0f
model:LGT728D iter 73700: loss 1.5435, time 2954.27ms, mfu 0.99%
model:LGT728D iter 73710: loss 1.5996, time 216.78ms, mfu 1.01%
model:LGT728D iter 73720: loss 1.3981, time 209.77ms, mfu 1.03%
model:LGT728D iter 73730: loss 1.6249, time 208.14ms, mfu 1.06%
model:LGT728D iter 73740: loss 1.4762, time 161.43ms, mfu 1.11%
------average encoder activity 0.00260
-----------average decoder density 0.0000
step 73750: train loss 3.0929, val loss 2.9982
saving checkpoint to out-novel-char_LGT728D_4d06c3ce0eb6b62233f4128fdb1c3b0f
model:LGT728D iter 73750: loss 1.4527, time 3173.29ms, mfu 1.01%
model:LGT728D iter 73760: loss 1.4529, time 202.79ms, mfu 1.04%
model:LGT728D iter 73770: loss 1.5140, time 151.87ms, mfu 1.11%
model:LGT728D iter 73780: loss 1.6149, time 148.21ms, mfu 1.17%
model:LGT728D iter 73790: loss 1.5439, time 159.46ms, mfu 1.22%
------average encoder activity 0.00260
-----------average decoder density 0.0000
step 73800: train loss 3.0555, val loss 2.9834
saving checkpoint to out-novel-char_LGT728D_4d06c3ce0eb6b62233f4128fdb1c3b0f
model:LGT728D iter 73800: loss 1.6025, time 3228.74ms, mfu 1.11%
model:LGT728D iter 73810: loss 1.4837, time 150.62ms, mfu 1.17%
model:LGT728D iter 73820: loss 1.3451, time 145.36ms, mfu 1.23%
model:LGT728D iter 73830: loss 1.6149, time 146.16ms, mfu 1.29%
model:LGT728D iter 73840: loss 1.7239, time 145.38ms, mfu 1.34%
------average encoder activity 0.00260
-----------average decoder density 0.0000
step 73850: train loss 3.0754, val loss 2.9821
saving checkpoint to out-novel-char_LGT728D_4d06c3ce0eb6b62233f4128fdb1c3b0f
model:LGT728D iter 73850: loss 1.7579, time 3236.01ms, mfu 1.21%
model:LGT728D iter 73860: loss 1.4868, time 207.44ms, mfu 1.22%
model:LGT728D iter 73870: loss 1.5635, time 209.67ms, mfu 1.22%
model:LGT728D iter 73880: loss 1.7498, time 206.26ms, mfu 1.23%
model:LGT728D iter 73890: loss 1.5063, time 202.82ms, mfu 1.23%
------average encoder activity 0.00260
-----------average decoder density 0.0000
step 73900: train loss 3.0611, val loss 2.9749
saving checkpoint to out-novel-char_LGT728D_4d06c3ce0eb6b62233f4128fdb1c3b0f
model:LGT728D iter 73900: loss 1.4460, time 3230.50ms, mfu 1.12%
model:LGT728D iter 73910: loss 1.5127, time 207.00ms, mfu 1.13%
model:LGT728D iter 73920: loss 1.5514, time 207.58ms, mfu 1.14%
model:LGT728D iter 73930: loss 1.7166, time 208.72ms, mfu 1.16%
model:LGT728D iter 73940: loss 1.6591, time 145.44ms, mfu 1.22%
------average encoder activity 0.00260
-----------average decoder density 0.0000
step 73950: train loss 3.0535, val loss 2.9717
saving checkpoint to out-novel-char_LGT728D_4d06c3ce0eb6b62233f4128fdb1c3b0f
model:LGT728D iter 73950: loss 1.5295, time 3000.29ms, mfu 1.11%
model:LGT728D iter 73960: loss 1.7224, time 160.71ms, mfu 1.16%
model:LGT728D iter 73970: loss 1.5942, time 157.10ms, mfu 1.21%
model:LGT728D iter 73980: loss 1.6075, time 151.82ms, mfu 1.26%
model:LGT728D iter 73990: loss 1.5693, time 151.72ms, mfu 1.31%
------average encoder activity 0.00260
-----------average decoder density 0.0000
step 74000: train loss 3.0665, val loss 2.9668
saving checkpoint to out-novel-char_LGT728D_4d06c3ce0eb6b62233f4128fdb1c3b0f
model:LGT728D iter 74000: loss 1.6912, time 3066.46ms, mfu 1.19%
model:LGT728D iter 74010: loss 1.4664, time 197.69ms, mfu 1.20%
model:LGT728D iter 74020: loss 1.6871, time 208.56ms, mfu 1.20%
model:LGT728D iter 74030: loss 1.5059, time 210.10ms, mfu 1.21%
model:LGT728D iter 74040: loss 1.5139, time 207.13ms, mfu 1.21%
------average encoder activity 0.00260
-----------average decoder density 0.0000
step 74050: train loss 3.0416, val loss 2.9576
saving checkpoint to out-novel-char_LGT728D_4d06c3ce0eb6b62233f4128fdb1c3b0f
model:LGT728D iter 74050: loss 1.4284, time 3175.62ms, mfu 1.10%
model:LGT728D iter 74060: loss 1.4266, time 200.15ms, mfu 1.12%
model:LGT728D iter 74070: loss 1.6867, time 207.84ms, mfu 1.14%
model:LGT728D iter 74080: loss 1.4811, time 206.63ms, mfu 1.15%
model:LGT728D iter 74090: loss 1.4182, time 162.79ms, mfu 1.19%
------average encoder activity 0.00260
-----------average decoder density 0.0000
step 74100: train loss 3.0492, val loss 2.9557
saving checkpoint to out-novel-char_LGT728D_4d06c3ce0eb6b62233f4128fdb1c3b0f
model:LGT728D iter 74100: loss 1.3266, time 3239.40ms, mfu 1.08%
model:LGT728D iter 74110: loss 1.5611, time 199.66ms, mfu 1.11%
model:LGT728D iter 74120: loss 1.5627, time 199.59ms, mfu 1.13%
model:LGT728D iter 74130: loss 1.5206, time 152.28ms, mfu 1.19%
model:LGT728D iter 74140: loss 1.2274, time 156.79ms, mfu 1.23%
------average encoder activity 0.00260
-----------average decoder density 0.0000
step 74150: train loss 3.0420, val loss 2.9528
saving checkpoint to out-novel-char_LGT728D_4d06c3ce0eb6b62233f4128fdb1c3b0f
model:LGT728D iter 74150: loss 1.3936, time 3239.77ms, mfu 1.12%
model:LGT728D iter 74160: loss 1.5268, time 206.57ms, mfu 1.13%
model:LGT728D iter 74170: loss 1.6871, time 201.05ms, mfu 1.15%
model:LGT728D iter 74180: loss 1.5575, time 199.72ms, mfu 1.17%
model:LGT728D iter 74190: loss 1.6363, time 206.74ms, mfu 1.18%
------average encoder activity 0.00260
-----------average decoder density 0.0000
step 74200: train loss 3.0192, val loss 2.9476
saving checkpoint to out-novel-char_LGT728D_4d06c3ce0eb6b62233f4128fdb1c3b0f
model:LGT728D iter 74200: loss 1.5510, time 3203.09ms, mfu 1.07%
model:LGT728D iter 74210: loss 1.5579, time 214.27ms, mfu 1.08%
model:LGT728D iter 74220: loss 1.5114, time 214.89ms, mfu 1.10%
model:LGT728D iter 74230: loss 1.4353, time 199.77ms, mfu 1.12%
model:LGT728D iter 74240: loss 1.4984, time 203.63ms, mfu 1.13%
------average encoder activity 0.00260
-----------average decoder density 0.0000
step 74250: train loss 3.0378, val loss 2.9450
saving checkpoint to out-novel-char_LGT728D_4d06c3ce0eb6b62233f4128fdb1c3b0f
model:LGT728D iter 74250: loss 1.6665, time 3162.90ms, mfu 1.03%
model:LGT728D iter 74260: loss 1.3707, time 209.25ms, mfu 1.05%
model:LGT728D iter 74270: loss 1.5728, time 210.33ms, mfu 1.07%
model:LGT728D iter 74280: loss 1.6704, time 210.73ms, mfu 1.09%
model:LGT728D iter 74290: loss 1.5053, time 199.02ms, mfu 1.11%
------average encoder activity 0.00260
-----------average decoder density 0.0000
step 74300: train loss 3.0476, val loss 2.9321
saving checkpoint to out-novel-char_LGT728D_4d06c3ce0eb6b62233f4128fdb1c3b0f
model:LGT728D iter 74300: loss 1.6750, time 3189.10ms, mfu 1.01%
model:LGT728D iter 74310: loss 1.6919, time 212.84ms, mfu 1.03%
model:LGT728D iter 74320: loss 1.3754, time 210.54ms, mfu 1.05%
model:LGT728D iter 74330: loss 1.5109, time 211.71ms, mfu 1.07%
model:LGT728D iter 74340: loss 1.6077, time 200.94ms, mfu 1.09%
------average encoder activity 0.00260
-----------average decoder density 0.0000
step 74350: train loss 3.0368, val loss 2.9430
saving checkpoint to out-novel-char_LGT728D_4d06c3ce0eb6b62233f4128fdb1c3b0f
model:LGT728D iter 74350: loss 1.6668, time 3005.05ms, mfu 0.99%
model:LGT728D iter 74360: loss 1.5373, time 206.29ms, mfu 1.02%
model:LGT728D iter 74370: loss 1.4991, time 203.24ms, mfu 1.05%
model:LGT728D iter 74380: loss 1.6498, time 151.71ms, mfu 1.11%
model:LGT728D iter 74390: loss 1.4602, time 158.11ms, mfu 1.17%
------average encoder activity 0.00260
-----------average decoder density 0.0000
step 74400: train loss 3.0432, val loss 2.9553
saving checkpoint to out-novel-char_LGT728D_4d06c3ce0eb6b62233f4128fdb1c3b0f
model:LGT728D iter 74400: loss 1.5973, time 3044.02ms, mfu 1.06%
model:LGT728D iter 74410: loss 1.6108, time 199.16ms, mfu 1.09%
model:LGT728D iter 74420: loss 1.5452, time 208.76ms, mfu 1.10%
model:LGT728D iter 74430: loss 1.6034, time 208.37ms, mfu 1.12%
model:LGT728D iter 74440: loss 1.5266, time 209.73ms, mfu 1.13%
------average encoder activity 0.00195
-----------average decoder density 0.0000
step 74450: train loss 3.0148, val loss 2.9348
saving checkpoint to out-novel-char_LGT728D_4d06c3ce0eb6b62233f4128fdb1c3b0f
model:LGT728D iter 74450: loss 1.7119, time 3219.55ms, mfu 1.03%
model:LGT728D iter 74460: loss 1.5918, time 202.22ms, mfu 1.05%
model:LGT728D iter 74470: loss 1.5033, time 208.98ms, mfu 1.07%
model:LGT728D iter 74480: loss 1.3852, time 208.95ms, mfu 1.09%
model:LGT728D iter 74490: loss 1.5160, time 206.43ms, mfu 1.11%
------average encoder activity 0.00195
-----------average decoder density 0.0000
step 74500: train loss 3.0114, val loss 2.9359
saving checkpoint to out-novel-char_LGT728D_4d06c3ce0eb6b62233f4128fdb1c3b0f
model:LGT728D iter 74500: loss 1.6455, time 3165.36ms, mfu 1.01%
model:LGT728D iter 74510: loss 1.3640, time 200.55ms, mfu 1.04%
model:LGT728D iter 74520: loss 1.5588, time 200.83ms, mfu 1.06%
model:LGT728D iter 74530: loss 1.6302, time 151.31ms, mfu 1.13%
model:LGT728D iter 74540: loss 1.5130, time 158.45ms, mfu 1.18%
------average encoder activity 0.00195
-----------average decoder density 0.0000
step 74550: train loss 3.0000, val loss 2.9239
saving checkpoint to out-novel-char_LGT728D_4d06c3ce0eb6b62233f4128fdb1c3b0f
model:LGT728D iter 74550: loss 1.4096, time 3251.98ms, mfu 1.07%
model:LGT728D iter 74560: loss 1.6280, time 206.83ms, mfu 1.09%
model:LGT728D iter 74570: loss 1.5901, time 200.94ms, mfu 1.11%
model:LGT728D iter 74580: loss 1.4361, time 202.75ms, mfu 1.13%
model:LGT728D iter 74590: loss 1.6296, time 207.17ms, mfu 1.14%
------average encoder activity 0.00195
-----------average decoder density 0.0000
step 74600: train loss 3.0122, val loss 2.9227
saving checkpoint to out-novel-char_LGT728D_4d06c3ce0eb6b62233f4128fdb1c3b0f
model:LGT728D iter 74600: loss 1.6642, time 3283.47ms, mfu 1.04%
model:LGT728D iter 74610: loss 1.4911, time 207.83ms, mfu 1.06%
model:LGT728D iter 74620: loss 1.6327, time 204.78ms, mfu 1.08%
model:LGT728D iter 74630: loss 1.6306, time 148.01ms, mfu 1.15%
model:LGT728D iter 74640: loss 1.7006, time 148.03ms, mfu 1.21%
------average encoder activity 0.00130
-----------average decoder density 0.0000
step 74650: train loss 2.9978, val loss 2.9266
saving checkpoint to out-novel-char_LGT728D_4d06c3ce0eb6b62233f4128fdb1c3b0f
model:LGT728D iter 74650: loss 1.6384, time 3272.64ms, mfu 1.10%
model:LGT728D iter 74660: loss 1.4848, time 209.32ms, mfu 1.11%
model:LGT728D iter 74670: loss 1.5664, time 210.03ms, mfu 1.13%
model:LGT728D iter 74680: loss 1.6774, time 203.23ms, mfu 1.14%
model:LGT728D iter 74690: loss 1.4902, time 204.84ms, mfu 1.16%
------average encoder activity 0.00130
-----------average decoder density 0.0000
step 74700: train loss 3.0009, val loss 2.9203
saving checkpoint to out-novel-char_LGT728D_4d06c3ce0eb6b62233f4128fdb1c3b0f
model:LGT728D iter 74700: loss 1.6704, time 3286.90ms, mfu 1.05%
model:LGT728D iter 74710: loss 1.4656, time 195.55ms, mfu 1.08%
model:LGT728D iter 74720: loss 1.5911, time 210.51ms, mfu 1.09%
model:LGT728D iter 74730: loss 1.5569, time 206.04ms, mfu 1.11%
model:LGT728D iter 74740: loss 1.2535, time 206.18ms, mfu 1.13%
------average encoder activity 0.00130
-----------average decoder density 0.0000
step 74750: train loss 2.9812, val loss 2.9084
saving checkpoint to out-novel-char_LGT728D_4d06c3ce0eb6b62233f4128fdb1c3b0f
model:LGT728D iter 74750: loss 1.5444, time 3307.21ms, mfu 1.02%
model:LGT728D iter 74760: loss 1.5932, time 171.72ms, mfu 1.07%
model:LGT728D iter 74770: loss 1.5640, time 164.97ms, mfu 1.12%
model:LGT728D iter 74780: loss 1.6210, time 165.77ms, mfu 1.17%
model:LGT728D iter 74790: loss 1.5134, time 169.43ms, mfu 1.21%
------average encoder activity 0.00130
-----------average decoder density 0.0000
step 74800: train loss 2.9894, val loss 2.9023
saving checkpoint to out-novel-char_LGT728D_4d06c3ce0eb6b62233f4128fdb1c3b0f
model:LGT728D iter 74800: loss 1.4960, time 2909.82ms, mfu 1.10%
model:LGT728D iter 74810: loss 1.6004, time 171.10ms, mfu 1.14%
model:LGT728D iter 74820: loss 1.5073, time 151.71ms, mfu 1.20%
model:LGT728D iter 74830: loss 1.6645, time 154.78ms, mfu 1.25%
model:LGT728D iter 74840: loss 1.4998, time 157.34ms, mfu 1.29%
------average encoder activity 0.00130
-----------average decoder density 0.0000
step 74850: train loss 2.9737, val loss 2.8993
saving checkpoint to out-novel-char_LGT728D_4d06c3ce0eb6b62233f4128fdb1c3b0f
model:LGT728D iter 74850: loss 1.5417, time 3148.35ms, mfu 1.17%
model:LGT728D iter 74860: loss 1.3943, time 146.31ms, mfu 1.23%
model:LGT728D iter 74870: loss 1.5907, time 145.65ms, mfu 1.29%
model:LGT728D iter 74880: loss 1.5168, time 153.82ms, mfu 1.33%
model:LGT728D iter 74890: loss 1.5880, time 158.00ms, mfu 1.36%
------average encoder activity 0.00130
-----------average decoder density 0.0000
step 74900: train loss 2.9962, val loss 2.9016
saving checkpoint to out-novel-char_LGT728D_4d06c3ce0eb6b62233f4128fdb1c3b0f
model:LGT728D iter 74900: loss 1.5605, time 3182.20ms, mfu 1.23%
model:LGT728D iter 74910: loss 1.3808, time 154.57ms, mfu 1.28%
model:LGT728D iter 74920: loss 1.4286, time 158.20ms, mfu 1.32%
model:LGT728D iter 74930: loss 1.5181, time 144.60ms, mfu 1.37%
model:LGT728D iter 74940: loss 1.4952, time 145.58ms, mfu 1.41%
------average encoder activity 0.00130
-----------average decoder density 0.0000
step 74950: train loss 2.9557, val loss 2.8814
saving checkpoint to out-novel-char_LGT728D_4d06c3ce0eb6b62233f4128fdb1c3b0f
model:LGT728D iter 74950: loss 1.5943, time 3167.31ms, mfu 1.28%
model:LGT728D iter 74960: loss 1.5308, time 160.01ms, mfu 1.31%
model:LGT728D iter 74970: loss 1.5252, time 156.47ms, mfu 1.35%
model:LGT728D iter 74980: loss 1.5056, time 155.05ms, mfu 1.38%
model:LGT728D iter 74990: loss 1.5273, time 155.43ms, mfu 1.41%
------average encoder activity 0.00130
-----------average decoder density 0.0000
step 75000: train loss 2.9854, val loss 2.9007
saving checkpoint to out-novel-char_LGT728D_4d06c3ce0eb6b62233f4128fdb1c3b0f
model:LGT728D iter 75000: loss 1.4839, time 2872.55ms, mfu 1.28%
model:LGT728D iter 75010: loss 1.3601, time 154.51ms, mfu 1.32%
model:LGT728D iter 75020: loss 1.8672, time 160.24ms, mfu 1.35%
model:LGT728D iter 75030: loss 1.5912, time 156.54ms, mfu 1.38%
model:LGT728D iter 75040: loss 1.4682, time 157.81ms, mfu 1.41%
------average encoder activity 0.00130
-----------average decoder density 0.0000
step 75050: train loss 2.9620, val loss 2.8972
saving checkpoint to out-novel-char_LGT728D_4d06c3ce0eb6b62233f4128fdb1c3b0f
model:LGT728D iter 75050: loss 1.5726, time 3190.09ms, mfu 1.28%
model:LGT728D iter 75060: loss 1.5846, time 143.57ms, mfu 1.33%
model:LGT728D iter 75070: loss 1.7212, time 144.75ms, mfu 1.38%
model:LGT728D iter 75080: loss 1.5193, time 142.86ms, mfu 1.43%
model:LGT728D iter 75090: loss 1.4443, time 153.69ms, mfu 1.45%
------average encoder activity 0.00130
-----------average decoder density 0.0000
step 75100: train loss 2.9738, val loss 2.8779
saving checkpoint to out-novel-char_LGT728D_4d06c3ce0eb6b62233f4128fdb1c3b0f
model:LGT728D iter 75100: loss 1.4242, time 3166.95ms, mfu 1.32%
model:LGT728D iter 75110: loss 1.4135, time 154.74ms, mfu 1.35%
model:LGT728D iter 75120: loss 1.4836, time 151.23ms, mfu 1.39%
model:LGT728D iter 75130: loss 1.6521, time 147.83ms, mfu 1.43%
model:LGT728D iter 75140: loss 1.4815, time 146.08ms, mfu 1.47%
------average encoder activity 0.00130
-----------average decoder density 0.0000
step 75150: train loss 2.9643, val loss 2.8802
saving checkpoint to out-novel-char_LGT728D_4d06c3ce0eb6b62233f4128fdb1c3b0f
model:LGT728D iter 75150: loss 1.4621, time 3029.31ms, mfu 1.33%
model:LGT728D iter 75160: loss 1.4721, time 155.45ms, mfu 1.36%
model:LGT728D iter 75170: loss 1.5865, time 158.44ms, mfu 1.39%
model:LGT728D iter 75180: loss 1.6307, time 159.49ms, mfu 1.42%
model:LGT728D iter 75190: loss 1.4362, time 157.05ms, mfu 1.44%
------average encoder activity 0.00130
-----------average decoder density 0.0000
step 75200: train loss 2.9784, val loss 2.8816
saving checkpoint to out-novel-char_LGT728D_4d06c3ce0eb6b62233f4128fdb1c3b0f
model:LGT728D iter 75200: loss 1.6056, time 2949.84ms, mfu 1.31%
model:LGT728D iter 75210: loss 1.3963, time 144.27ms, mfu 1.36%
model:LGT728D iter 75220: loss 1.5065, time 156.50ms, mfu 1.39%
model:LGT728D iter 75230: loss 1.4896, time 156.36ms, mfu 1.42%
model:LGT728D iter 75240: loss 1.6165, time 156.98ms, mfu 1.44%
------average encoder activity 0.00130
-----------average decoder density 0.0000
step 75250: train loss 2.9583, val loss 2.8890
saving checkpoint to out-novel-char_LGT728D_4d06c3ce0eb6b62233f4128fdb1c3b0f
model:LGT728D iter 75250: loss 1.5589, time 3268.50ms, mfu 1.31%
model:LGT728D iter 75260: loss 1.6744, time 147.37ms, mfu 1.35%
model:LGT728D iter 75270: loss 1.5810, time 145.52ms, mfu 1.40%
model:LGT728D iter 75280: loss 1.6183, time 148.88ms, mfu 1.43%
model:LGT728D iter 75290: loss 1.6325, time 159.72ms, mfu 1.45%
------average encoder activity 0.00130
-----------average decoder density 0.0000
step 75300: train loss 2.9625, val loss 2.8667
saving checkpoint to out-novel-char_LGT728D_4d06c3ce0eb6b62233f4128fdb1c3b0f
model:LGT728D iter 75300: loss 1.5046, time 3261.82ms, mfu 1.32%
model:LGT728D iter 75310: loss 1.3655, time 170.89ms, mfu 1.34%
model:LGT728D iter 75320: loss 1.5358, time 169.20ms, mfu 1.36%
model:LGT728D iter 75330: loss 1.5280, time 161.12ms, mfu 1.39%
model:LGT728D iter 75340: loss 1.6844, time 160.40ms, mfu 1.41%
------average encoder activity 0.00130
-----------average decoder density 0.0000
step 75350: train loss 2.9689, val loss 2.8795
saving checkpoint to out-novel-char_LGT728D_4d06c3ce0eb6b62233f4128fdb1c3b0f
model:LGT728D iter 75350: loss 1.4475, time 3159.76ms, mfu 1.28%
model:LGT728D iter 75360: loss 1.5589, time 164.05ms, mfu 1.31%
model:LGT728D iter 75370: loss 1.3979, time 168.65ms, mfu 1.33%
model:LGT728D iter 75380: loss 1.4422, time 174.19ms, mfu 1.35%
model:LGT728D iter 75390: loss 1.4739, time 172.66ms, mfu 1.37%
------average encoder activity 0.00130
-----------average decoder density 0.0000
step 75400: train loss 2.9673, val loss 2.8909
saving checkpoint to out-novel-char_LGT728D_4d06c3ce0eb6b62233f4128fdb1c3b0f
model:LGT728D iter 75400: loss 1.4941, time 2921.72ms, mfu 1.24%
model:LGT728D iter 75410: loss 1.5480, time 205.35ms, mfu 1.24%
model:LGT728D iter 75420: loss 1.4323, time 208.13ms, mfu 1.24%
model:LGT728D iter 75430: loss 1.4662, time 206.18ms, mfu 1.25%
model:LGT728D iter 75440: loss 1.5085, time 206.72ms, mfu 1.25%
------average encoder activity 0.00130
-----------average decoder density 0.0000
step 75450: train loss 2.9311, val loss 2.8542
saving checkpoint to out-novel-char_LGT728D_4d06c3ce0eb6b62233f4128fdb1c3b0f
model:LGT728D iter 75450: loss 1.3849, time 3044.97ms, mfu 1.13%
model:LGT728D iter 75460: loss 1.6404, time 202.96ms, mfu 1.15%
model:LGT728D iter 75470: loss 1.2929, time 205.72ms, mfu 1.16%
model:LGT728D iter 75480: loss 1.4773, time 168.31ms, mfu 1.20%
model:LGT728D iter 75490: loss 1.5813, time 175.65ms, mfu 1.23%
------average encoder activity 0.00130
-----------average decoder density 0.0000
step 75500: train loss 2.9533, val loss 2.8783
saving checkpoint to out-novel-char_LGT728D_4d06c3ce0eb6b62233f4128fdb1c3b0f
model:LGT728D iter 75500: loss 1.5673, time 3222.74ms, mfu 1.11%
model:LGT728D iter 75510: loss 1.6688, time 145.71ms, mfu 1.18%
model:LGT728D iter 75520: loss 1.5090, time 145.49ms, mfu 1.24%
model:LGT728D iter 75530: loss 1.4960, time 158.84ms, mfu 1.28%
model:LGT728D iter 75540: loss 1.5203, time 156.25ms, mfu 1.32%
------average encoder activity 0.00130
-----------average decoder density 0.0000
step 75550: train loss 2.9758, val loss 2.8910
saving checkpoint to out-novel-char_LGT728D_4d06c3ce0eb6b62233f4128fdb1c3b0f
model:LGT728D iter 75550: loss 1.4300, time 3230.76ms, mfu 1.20%
model:LGT728D iter 75560: loss 1.6309, time 207.01ms, mfu 1.21%
model:LGT728D iter 75570: loss 1.5767, time 199.52ms, mfu 1.22%
model:LGT728D iter 75580: loss 1.2998, time 202.05ms, mfu 1.22%
model:LGT728D iter 75590: loss 1.6285, time 207.24ms, mfu 1.23%
------average encoder activity 0.00130
-----------average decoder density 0.0000
step 75600: train loss 2.9447, val loss 2.8621
saving checkpoint to out-novel-char_LGT728D_4d06c3ce0eb6b62233f4128fdb1c3b0f
model:LGT728D iter 75600: loss 1.6373, time 3256.49ms, mfu 1.11%
model:LGT728D iter 75610: loss 1.4640, time 208.17ms, mfu 1.13%
model:LGT728D iter 75620: loss 1.7012, time 207.09ms, mfu 1.14%
model:LGT728D iter 75630: loss 1.6804, time 200.38ms, mfu 1.16%
model:LGT728D iter 75640: loss 1.4953, time 197.40ms, mfu 1.17%
------average encoder activity 0.00130
-----------average decoder density 0.0000
step 75650: train loss 2.9608, val loss 2.8624
saving checkpoint to out-novel-char_LGT728D_4d06c3ce0eb6b62233f4128fdb1c3b0f
model:LGT728D iter 75650: loss 1.7178, time 3274.21ms, mfu 1.07%
model:LGT728D iter 75660: loss 1.6386, time 167.44ms, mfu 1.11%
model:LGT728D iter 75670: loss 1.5420, time 170.65ms, mfu 1.16%
model:LGT728D iter 75680: loss 1.5622, time 167.78ms, mfu 1.20%
model:LGT728D iter 75690: loss 1.5232, time 147.39ms, mfu 1.25%
------average encoder activity 0.00130
-----------average decoder density 0.0000
step 75700: train loss 2.9578, val loss 2.8857
saving checkpoint to out-novel-char_LGT728D_4d06c3ce0eb6b62233f4128fdb1c3b0f
model:LGT728D iter 75700: loss 1.6099, time 2985.32ms, mfu 1.14%
model:LGT728D iter 75710: loss 1.5230, time 206.43ms, mfu 1.15%
model:LGT728D iter 75720: loss 1.5629, time 213.06ms, mfu 1.16%
model:LGT728D iter 75730: loss 1.6380, time 150.63ms, mfu 1.22%
model:LGT728D iter 75740: loss 1.6059, time 155.62ms, mfu 1.26%
------average encoder activity 0.00130
-----------average decoder density 0.0000
step 75750: train loss 2.9421, val loss 2.8517
saving checkpoint to out-novel-char_LGT728D_4d06c3ce0eb6b62233f4128fdb1c3b0f
model:LGT728D iter 75750: loss 1.5436, time 2990.03ms, mfu 1.15%
model:LGT728D iter 75760: loss 1.7326, time 214.64ms, mfu 1.15%
model:LGT728D iter 75770: loss 1.5319, time 208.68ms, mfu 1.16%
model:LGT728D iter 75780: loss 1.5789, time 209.17ms, mfu 1.17%
model:LGT728D iter 75790: loss 1.4922, time 154.40ms, mfu 1.22%
------average encoder activity 0.00130
-----------average decoder density 0.0000
step 75800: train loss 2.9398, val loss 2.8537
saving checkpoint to out-novel-char_LGT728D_4d06c3ce0eb6b62233f4128fdb1c3b0f
model:LGT728D iter 75800: loss 1.4754, time 3233.12ms, mfu 1.11%
model:LGT728D iter 75810: loss 1.5489, time 200.29ms, mfu 1.13%
model:LGT728D iter 75820: loss 1.4933, time 206.62ms, mfu 1.14%
model:LGT728D iter 75830: loss 1.6921, time 210.54ms, mfu 1.15%
model:LGT728D iter 75840: loss 1.4477, time 205.48ms, mfu 1.17%
------average encoder activity 0.00130
-----------average decoder density 0.0000
step 75850: train loss 2.9557, val loss 2.8564
saving checkpoint to out-novel-char_LGT728D_4d06c3ce0eb6b62233f4128fdb1c3b0f
model:LGT728D iter 75850: loss 1.5601, time 3273.87ms, mfu 1.06%
model:LGT728D iter 75860: loss 1.4629, time 199.84ms, mfu 1.08%
model:LGT728D iter 75870: loss 1.5896, time 199.61ms, mfu 1.10%
model:LGT728D iter 75880: loss 1.5430, time 204.77ms, mfu 1.12%
model:LGT728D iter 75890: loss 1.5952, time 208.84ms, mfu 1.14%
------average encoder activity 0.00130
-----------average decoder density 0.0000
step 75900: train loss 2.9279, val loss 2.8516
saving checkpoint to out-novel-char_LGT728D_4d06c3ce0eb6b62233f4128fdb1c3b0f
model:LGT728D iter 75900: loss 1.6235, time 3268.71ms, mfu 1.03%
model:LGT728D iter 75910: loss 1.5117, time 200.50ms, mfu 1.06%
model:LGT728D iter 75920: loss 1.4361, time 200.33ms, mfu 1.08%
model:LGT728D iter 75930: loss 1.5719, time 206.24ms, mfu 1.10%
model:LGT728D iter 75940: loss 1.6307, time 206.56ms, mfu 1.12%
------average encoder activity 0.00130
-----------average decoder density 0.0000
step 75950: train loss 2.9354, val loss 2.8613
saving checkpoint to out-novel-char_LGT728D_4d06c3ce0eb6b62233f4128fdb1c3b0f
model:LGT728D iter 75950: loss 1.4000, time 3275.35ms, mfu 1.01%
model:LGT728D iter 75960: loss 1.5039, time 206.02ms, mfu 1.04%
model:LGT728D iter 75970: loss 1.4767, time 145.88ms, mfu 1.11%
model:LGT728D iter 75980: loss 1.5577, time 148.79ms, mfu 1.18%
model:LGT728D iter 75990: loss 1.3725, time 160.45ms, mfu 1.22%
------average encoder activity 0.00130
-----------average decoder density 0.0000
step 76000: train loss 2.9305, val loss 2.8389
saving checkpoint to out-novel-char_LGT728D_4d06c3ce0eb6b62233f4128fdb1c3b0f
model:LGT728D iter 76000: loss 1.4737, time 3275.21ms, mfu 1.11%
model:LGT728D iter 76010: loss 1.6481, time 208.54ms, mfu 1.12%
model:LGT728D iter 76020: loss 1.4598, time 207.97ms, mfu 1.14%
model:LGT728D iter 76030: loss 1.5370, time 199.75ms, mfu 1.16%
model:LGT728D iter 76040: loss 1.5319, time 200.29ms, mfu 1.17%
------average encoder activity 0.00130
-----------average decoder density 0.0000
step 76050: train loss 2.9194, val loss 2.8345
saving checkpoint to out-novel-char_LGT728D_4d06c3ce0eb6b62233f4128fdb1c3b0f
model:LGT728D iter 76050: loss 1.6072, time 3257.60ms, mfu 1.06%
model:LGT728D iter 76060: loss 1.5067, time 207.44ms, mfu 1.08%
model:LGT728D iter 76070: loss 1.4995, time 206.57ms, mfu 1.10%
model:LGT728D iter 76080: loss 1.3409, time 203.75ms, mfu 1.12%
model:LGT728D iter 76090: loss 1.6255, time 200.50ms, mfu 1.14%
------average encoder activity 0.00130
-----------average decoder density 0.0000
step 76100: train loss 2.9007, val loss 2.8194
saving checkpoint to out-novel-char_LGT728D_4d06c3ce0eb6b62233f4128fdb1c3b0f
model:LGT728D iter 76100: loss 1.8521, time 3248.43ms, mfu 1.03%
model:LGT728D iter 76110: loss 1.4748, time 207.55ms, mfu 1.05%
model:LGT728D iter 76120: loss 1.3536, time 206.01ms, mfu 1.08%
model:LGT728D iter 76130: loss 1.5287, time 205.85ms, mfu 1.10%
model:LGT728D iter 76140: loss 1.6140, time 201.00ms, mfu 1.12%
------average encoder activity 0.00130
-----------average decoder density 0.0000
step 76150: train loss 2.9032, val loss 2.8290
saving checkpoint to out-novel-char_LGT728D_4d06c3ce0eb6b62233f4128fdb1c3b0f
model:LGT728D iter 76150: loss 1.3883, time 3160.51ms, mfu 1.01%
model:LGT728D iter 76160: loss 1.5585, time 209.14ms, mfu 1.04%
model:LGT728D iter 76170: loss 1.3376, time 210.04ms, mfu 1.06%
model:LGT728D iter 76180: loss 1.5287, time 208.89ms, mfu 1.08%
model:LGT728D iter 76190: loss 1.4276, time 200.27ms, mfu 1.10%
------average encoder activity 0.00130
-----------average decoder density 0.0000
step 76200: train loss 2.9227, val loss 2.8521
saving checkpoint to out-novel-char_LGT728D_4d06c3ce0eb6b62233f4128fdb1c3b0f
model:LGT728D iter 76200: loss 1.4765, time 3012.77ms, mfu 1.00%
model:LGT728D iter 76210: loss 1.6537, time 206.63ms, mfu 1.03%
model:LGT728D iter 76220: loss 1.5117, time 207.96ms, mfu 1.05%
model:LGT728D iter 76230: loss 1.6472, time 156.08ms, mfu 1.11%
model:LGT728D iter 76240: loss 1.6044, time 163.05ms, mfu 1.16%
------average encoder activity 0.00130
-----------average decoder density 0.0000
step 76250: train loss 2.9033, val loss 2.8311
saving checkpoint to out-novel-char_LGT728D_4d06c3ce0eb6b62233f4128fdb1c3b0f
model:LGT728D iter 76250: loss 1.4763, time 2944.03ms, mfu 1.05%
model:LGT728D iter 76260: loss 1.5426, time 207.91ms, mfu 1.07%
model:LGT728D iter 76270: loss 1.4639, time 158.71ms, mfu 1.13%
model:LGT728D iter 76280: loss 1.6328, time 152.07ms, mfu 1.19%
model:LGT728D iter 76290: loss 1.4894, time 159.66ms, mfu 1.24%
------average encoder activity 0.00130
-----------average decoder density 0.0000
step 76300: train loss 2.8951, val loss 2.8286
saving checkpoint to out-novel-char_LGT728D_4d06c3ce0eb6b62233f4128fdb1c3b0f
model:LGT728D iter 76300: loss 1.4378, time 3239.18ms, mfu 1.12%
model:LGT728D iter 76310: loss 1.5019, time 145.90ms, mfu 1.19%
model:LGT728D iter 76320: loss 1.4055, time 146.51ms, mfu 1.25%
model:LGT728D iter 76330: loss 1.4540, time 156.36ms, mfu 1.29%
model:LGT728D iter 76340: loss 1.5148, time 155.46ms, mfu 1.33%
------average encoder activity 0.00130
-----------average decoder density 0.0000
step 76350: train loss 2.9008, val loss 2.8278
saving checkpoint to out-novel-char_LGT728D_4d06c3ce0eb6b62233f4128fdb1c3b0f
model:LGT728D iter 76350: loss 1.5084, time 3242.86ms, mfu 1.20%
model:LGT728D iter 76360: loss 1.4281, time 169.73ms, mfu 1.24%
model:LGT728D iter 76370: loss 1.5329, time 168.30ms, mfu 1.27%
model:LGT728D iter 76380: loss 1.6027, time 160.74ms, mfu 1.31%
model:LGT728D iter 76390: loss 1.5611, time 160.61ms, mfu 1.34%
------average encoder activity 0.00130
-----------average decoder density 0.0000
step 76400: train loss 2.9103, val loss 2.8258
saving checkpoint to out-novel-char_LGT728D_4d06c3ce0eb6b62233f4128fdb1c3b0f
model:LGT728D iter 76400: loss 1.5256, time 3239.12ms, mfu 1.21%
model:LGT728D iter 76410: loss 1.4685, time 172.70ms, mfu 1.24%
model:LGT728D iter 76420: loss 1.6390, time 173.65ms, mfu 1.27%
model:LGT728D iter 76430: loss 1.6759, time 169.24ms, mfu 1.30%
model:LGT728D iter 76440: loss 1.3152, time 162.04ms, mfu 1.33%
------average encoder activity 0.00130
-----------average decoder density 0.0000
step 76450: train loss 2.9202, val loss 2.8456
saving checkpoint to out-novel-char_LGT728D_4d06c3ce0eb6b62233f4128fdb1c3b0f
model:LGT728D iter 76450: loss 1.5170, time 2963.41ms, mfu 1.20%
model:LGT728D iter 76460: loss 1.5049, time 222.40ms, mfu 1.20%
model:LGT728D iter 76470: loss 1.6252, time 221.59ms, mfu 1.20%
model:LGT728D iter 76480: loss 1.7466, time 223.42ms, mfu 1.20%
model:LGT728D iter 76490: loss 1.5260, time 222.44ms, mfu 1.19%
------average encoder activity 0.00130
-----------average decoder density 0.0000
step 76500: train loss 2.8989, val loss 2.8194
saving checkpoint to out-novel-char_LGT728D_4d06c3ce0eb6b62233f4128fdb1c3b0f
model:LGT728D iter 76500: loss 1.5108, time 2938.00ms, mfu 1.08%
model:LGT728D iter 76510: loss 1.5909, time 219.51ms, mfu 1.10%
model:LGT728D iter 76520: loss 1.5342, time 218.40ms, mfu 1.11%
model:LGT728D iter 76530: loss 1.6217, time 224.23ms, mfu 1.11%
model:LGT728D iter 76540: loss 1.5120, time 221.68ms, mfu 1.12%
------average encoder activity 0.00130
-----------average decoder density 0.0000
step 76550: train loss 2.8835, val loss 2.8123
saving checkpoint to out-novel-char_LGT728D_4d06c3ce0eb6b62233f4128fdb1c3b0f
model:LGT728D iter 76550: loss 1.7857, time 2937.88ms, mfu 1.02%
model:LGT728D iter 76560: loss 1.3768, time 171.61ms, mfu 1.07%
model:LGT728D iter 76570: loss 1.6028, time 173.99ms, mfu 1.11%
model:LGT728D iter 76580: loss 1.6386, time 174.06ms, mfu 1.15%
model:LGT728D iter 76590: loss 1.7584, time 172.37ms, mfu 1.19%
------average encoder activity 0.00130
-----------average decoder density 0.0000
step 76600: train loss 2.9032, val loss 2.8174
saving checkpoint to out-novel-char_LGT728D_4d06c3ce0eb6b62233f4128fdb1c3b0f
model:LGT728D iter 76600: loss 1.4760, time 3171.75ms, mfu 1.08%
model:LGT728D iter 76610: loss 1.3946, time 146.95ms, mfu 1.15%
model:LGT728D iter 76620: loss 1.3971, time 144.98ms, mfu 1.21%
model:LGT728D iter 76630: loss 1.3692, time 158.30ms, mfu 1.26%
model:LGT728D iter 76640: loss 1.4455, time 156.66ms, mfu 1.30%
------average encoder activity 0.00065
-----------average decoder density 0.0000
step 76650: train loss 2.8774, val loss 2.8179
saving checkpoint to out-novel-char_LGT728D_4d06c3ce0eb6b62233f4128fdb1c3b0f
model:LGT728D iter 76650: loss 1.5020, time 3293.86ms, mfu 1.18%
model:LGT728D iter 76660: loss 1.5714, time 206.53ms, mfu 1.19%
model:LGT728D iter 76670: loss 1.5107, time 199.82ms, mfu 1.20%
model:LGT728D iter 76680: loss 1.5831, time 199.77ms, mfu 1.21%
model:LGT728D iter 76690: loss 1.5249, time 206.47ms, mfu 1.21%
------average encoder activity 0.00065
-----------average decoder density 0.0000
step 76700: train loss 2.8806, val loss 2.8099
saving checkpoint to out-novel-char_LGT728D_4d06c3ce0eb6b62233f4128fdb1c3b0f
model:LGT728D iter 76700: loss 1.5524, time 3244.43ms, mfu 1.10%
model:LGT728D iter 76710: loss 1.5396, time 203.88ms, mfu 1.12%
model:LGT728D iter 76720: loss 1.4812, time 199.80ms, mfu 1.14%
model:LGT728D iter 76730: loss 1.5995, time 199.46ms, mfu 1.16%
model:LGT728D iter 76740: loss 1.5387, time 206.02ms, mfu 1.17%
------average encoder activity 0.00065
-----------average decoder density 0.0000
step 76750: train loss 2.9032, val loss 2.8229
saving checkpoint to out-novel-char_LGT728D_4d06c3ce0eb6b62233f4128fdb1c3b0f
model:LGT728D iter 76750: loss 1.3650, time 3279.10ms, mfu 1.06%
model:LGT728D iter 76760: loss 1.5148, time 227.78ms, mfu 1.07%
model:LGT728D iter 76770: loss 1.4415, time 223.08ms, mfu 1.08%
model:LGT728D iter 76780: loss 1.5631, time 161.30ms, mfu 1.13%
model:LGT728D iter 76790: loss 1.7031, time 161.33ms, mfu 1.18%
------average encoder activity 0.00065
-----------average decoder density 0.0000
step 76800: train loss 2.8748, val loss 2.7976
saving checkpoint to out-novel-char_LGT728D_4d06c3ce0eb6b62233f4128fdb1c3b0f
model:LGT728D iter 76800: loss 1.5238, time 3195.57ms, mfu 1.07%
model:LGT728D iter 76810: loss 1.4873, time 229.07ms, mfu 1.08%
model:LGT728D iter 76820: loss 1.5352, time 227.94ms, mfu 1.09%
model:LGT728D iter 76830: loss 1.6776, time 229.01ms, mfu 1.09%
model:LGT728D iter 76840: loss 1.3854, time 213.68ms, mfu 1.10%
------average encoder activity 0.00065
-----------average decoder density 0.0000
step 76850: train loss 2.8792, val loss 2.7914
saving checkpoint to out-novel-char_LGT728D_4d06c3ce0eb6b62233f4128fdb1c3b0f
model:LGT728D iter 76850: loss 1.4457, time 3087.15ms, mfu 1.00%
model:LGT728D iter 76860: loss 1.6661, time 170.29ms, mfu 1.06%
model:LGT728D iter 76870: loss 1.6659, time 167.95ms, mfu 1.11%
model:LGT728D iter 76880: loss 1.4573, time 169.70ms, mfu 1.15%
model:LGT728D iter 76890: loss 1.6975, time 168.27ms, mfu 1.19%
------average encoder activity 0.00065
-----------average decoder density 0.0000
step 76900: train loss 2.8609, val loss 2.8009
saving checkpoint to out-novel-char_LGT728D_4d06c3ce0eb6b62233f4128fdb1c3b0f
model:LGT728D iter 76900: loss 1.6520, time 2983.68ms, mfu 1.08%
model:LGT728D iter 76910: loss 1.4886, time 218.60ms, mfu 1.09%
model:LGT728D iter 76920: loss 1.4744, time 224.01ms, mfu 1.10%
model:LGT728D iter 76930: loss 1.3168, time 221.91ms, mfu 1.11%
model:LGT728D iter 76940: loss 1.3775, time 211.11ms, mfu 1.12%
------average encoder activity 0.00065
-----------average decoder density 0.0000
step 76950: train loss 2.8674, val loss 2.7868
saving checkpoint to out-novel-char_LGT728D_4d06c3ce0eb6b62233f4128fdb1c3b0f
model:LGT728D iter 76950: loss 1.4439, time 3090.75ms, mfu 1.02%
model:LGT728D iter 76960: loss 1.5196, time 201.75ms, mfu 1.05%
model:LGT728D iter 76970: loss 1.4942, time 204.00ms, mfu 1.07%
model:LGT728D iter 76980: loss 1.5385, time 206.72ms, mfu 1.09%
model:LGT728D iter 76990: loss 1.5793, time 208.03ms, mfu 1.11%
------average encoder activity 0.00065
-----------average decoder density 0.0000
step 77000: train loss 2.8712, val loss 2.7983
saving checkpoint to out-novel-char_LGT728D_4d06c3ce0eb6b62233f4128fdb1c3b0f
model:LGT728D iter 77000: loss 1.6202, time 3220.25ms, mfu 1.00%
model:LGT728D iter 77010: loss 1.5458, time 167.31ms, mfu 1.06%
model:LGT728D iter 77020: loss 1.3314, time 169.44ms, mfu 1.11%
model:LGT728D iter 77030: loss 1.6937, time 166.45ms, mfu 1.15%
model:LGT728D iter 77040: loss 1.6208, time 171.96ms, mfu 1.19%
------average encoder activity 0.00065
-----------average decoder density 0.0000
step 77050: train loss 2.8738, val loss 2.8047
saving checkpoint to out-novel-char_LGT728D_4d06c3ce0eb6b62233f4128fdb1c3b0f
model:LGT728D iter 77050: loss 1.5116, time 3261.65ms, mfu 1.08%
model:LGT728D iter 77060: loss 1.5664, time 215.19ms, mfu 1.09%
model:LGT728D iter 77070: loss 1.5335, time 158.99ms, mfu 1.15%
model:LGT728D iter 77080: loss 1.6871, time 158.57ms, mfu 1.20%
model:LGT728D iter 77090: loss 1.4242, time 171.23ms, mfu 1.23%
------average encoder activity 0.00065
-----------average decoder density 0.0000
step 77100: train loss 2.8709, val loss 2.8061
saving checkpoint to out-novel-char_LGT728D_4d06c3ce0eb6b62233f4128fdb1c3b0f
model:LGT728D iter 77100: loss 1.4631, time 3246.21ms, mfu 1.12%
model:LGT728D iter 77110: loss 1.4151, time 221.25ms, mfu 1.12%
model:LGT728D iter 77120: loss 1.5231, time 176.37ms, mfu 1.16%
model:LGT728D iter 77130: loss 1.5470, time 161.15ms, mfu 1.21%
model:LGT728D iter 77140: loss 1.4719, time 158.48ms, mfu 1.25%
------average encoder activity 0.00065
-----------average decoder density 0.0000
step 77150: train loss 2.8865, val loss 2.8141
saving checkpoint to out-novel-char_LGT728D_4d06c3ce0eb6b62233f4128fdb1c3b0f
model:LGT728D iter 77150: loss 1.4344, time 3247.12ms, mfu 1.13%
model:LGT728D iter 77160: loss 1.5273, time 168.15ms, mfu 1.18%
model:LGT728D iter 77170: loss 1.5310, time 171.81ms, mfu 1.21%
model:LGT728D iter 77180: loss 1.5267, time 172.26ms, mfu 1.24%
model:LGT728D iter 77190: loss 1.7058, time 161.14ms, mfu 1.28%
------average encoder activity 0.00065
-----------average decoder density 0.0000
step 77200: train loss 2.8498, val loss 2.7839
saving checkpoint to out-novel-char_LGT728D_4d06c3ce0eb6b62233f4128fdb1c3b0f
model:LGT728D iter 77200: loss 1.5348, time 3068.43ms, mfu 1.16%
model:LGT728D iter 77210: loss 1.5411, time 176.94ms, mfu 1.19%
model:LGT728D iter 77220: loss 1.6351, time 174.99ms, mfu 1.22%
model:LGT728D iter 77230: loss 1.4170, time 176.47ms, mfu 1.25%
model:LGT728D iter 77240: loss 1.3473, time 170.98ms, mfu 1.28%
------average encoder activity 0.00065
-----------average decoder density 0.0000
step 77250: train loss 2.8448, val loss 2.7922
saving checkpoint to out-novel-char_LGT728D_4d06c3ce0eb6b62233f4128fdb1c3b0f
model:LGT728D iter 77250: loss 1.4980, time 2924.85ms, mfu 1.16%
model:LGT728D iter 77260: loss 1.4806, time 207.18ms, mfu 1.17%
model:LGT728D iter 77270: loss 1.6616, time 154.43ms, mfu 1.22%
model:LGT728D iter 77280: loss 1.4380, time 169.77ms, mfu 1.25%
model:LGT728D iter 77290: loss 1.4591, time 177.04ms, mfu 1.28%
------average encoder activity 0.00065
-----------average decoder density 0.0000
step 77300: train loss 2.8533, val loss 2.7936
saving checkpoint to out-novel-char_LGT728D_4d06c3ce0eb6b62233f4128fdb1c3b0f
model:LGT728D iter 77300: loss 1.2690, time 3186.36ms, mfu 1.16%
model:LGT728D iter 77310: loss 1.3695, time 174.27ms, mfu 1.19%
model:LGT728D iter 77320: loss 1.4672, time 164.97ms, mfu 1.23%
model:LGT728D iter 77330: loss 1.5736, time 170.64ms, mfu 1.26%
model:LGT728D iter 77340: loss 1.6175, time 170.04ms, mfu 1.29%
------average encoder activity 0.00065
-----------average decoder density 0.0000
step 77350: train loss 2.8761, val loss 2.7809
saving checkpoint to out-novel-char_LGT728D_4d06c3ce0eb6b62233f4128fdb1c3b0f
model:LGT728D iter 77350: loss 1.6033, time 3248.96ms, mfu 1.17%
model:LGT728D iter 77360: loss 1.6088, time 144.81ms, mfu 1.23%
model:LGT728D iter 77370: loss 1.4556, time 145.87ms, mfu 1.29%
model:LGT728D iter 77380: loss 1.5648, time 144.84ms, mfu 1.34%
model:LGT728D iter 77390: loss 1.7548, time 156.76ms, mfu 1.37%
------average encoder activity 0.00065
-----------average decoder density 0.0000
step 77400: train loss 2.8577, val loss 2.7799
saving checkpoint to out-novel-char_LGT728D_4d06c3ce0eb6b62233f4128fdb1c3b0f
model:LGT728D iter 77400: loss 1.3147, time 3245.30ms, mfu 1.24%
model:LGT728D iter 77410: loss 1.5961, time 206.21ms, mfu 1.25%
model:LGT728D iter 77420: loss 1.5329, time 206.46ms, mfu 1.25%
model:LGT728D iter 77430: loss 1.4795, time 144.08ms, mfu 1.31%
model:LGT728D iter 77440: loss 1.5651, time 145.16ms, mfu 1.35%
------average encoder activity 0.00065
-----------average decoder density 0.0000
step 77450: train loss 2.8754, val loss 2.7949
saving checkpoint to out-novel-char_LGT728D_4d06c3ce0eb6b62233f4128fdb1c3b0f
model:LGT728D iter 77450: loss 1.6681, time 3149.03ms, mfu 1.23%
model:LGT728D iter 77460: loss 1.3517, time 218.00ms, mfu 1.22%
model:LGT728D iter 77470: loss 1.5706, time 170.14ms, mfu 1.26%
model:LGT728D iter 77480: loss 1.5222, time 170.21ms, mfu 1.28%
model:LGT728D iter 77490: loss 1.5919, time 169.67ms, mfu 1.31%
------average encoder activity 0.00065
-----------average decoder density 0.0000
step 77500: train loss 2.8529, val loss 2.7740
saving checkpoint to out-novel-char_LGT728D_4d06c3ce0eb6b62233f4128fdb1c3b0f
model:LGT728D iter 77500: loss 1.4521, time 2909.11ms, mfu 1.19%
model:LGT728D iter 77510: loss 1.3922, time 161.02ms, mfu 1.23%
model:LGT728D iter 77520: loss 1.6253, time 154.45ms, mfu 1.28%
model:LGT728D iter 77530: loss 1.4271, time 159.68ms, mfu 1.31%
model:LGT728D iter 77540: loss 1.4119, time 160.39ms, mfu 1.35%
------average encoder activity 0.00065
-----------average decoder density 0.0000
step 77550: train loss 2.8531, val loss 2.7704
saving checkpoint to out-novel-char_LGT728D_4d06c3ce0eb6b62233f4128fdb1c3b0f
model:LGT728D iter 77550: loss 1.6145, time 3146.88ms, mfu 1.22%
model:LGT728D iter 77560: loss 1.4716, time 200.57ms, mfu 1.23%
model:LGT728D iter 77570: loss 1.5662, time 207.10ms, mfu 1.23%
model:LGT728D iter 77580: loss 1.4510, time 159.20ms, mfu 1.27%
model:LGT728D iter 77590: loss 1.3441, time 156.05ms, mfu 1.31%
------average encoder activity 0.00065
-----------average decoder density 0.0000
step 77600: train loss 2.8603, val loss 2.7938
saving checkpoint to out-novel-char_LGT728D_4d06c3ce0eb6b62233f4128fdb1c3b0f
model:LGT728D iter 77600: loss 1.5513, time 3242.94ms, mfu 1.19%
model:LGT728D iter 77610: loss 1.6850, time 146.40ms, mfu 1.25%
model:LGT728D iter 77620: loss 1.5356, time 145.83ms, mfu 1.30%
model:LGT728D iter 77630: loss 1.5260, time 144.42ms, mfu 1.36%
model:LGT728D iter 77640: loss 1.4972, time 154.19ms, mfu 1.39%
------average encoder activity 0.00065
-----------average decoder density 0.0000
step 77650: train loss 2.8406, val loss 2.7775
saving checkpoint to out-novel-char_LGT728D_4d06c3ce0eb6b62233f4128fdb1c3b0f
model:LGT728D iter 77650: loss 1.4765, time 3244.65ms, mfu 1.26%
model:LGT728D iter 77660: loss 1.3585, time 155.87ms, mfu 1.30%
model:LGT728D iter 77670: loss 1.4134, time 158.93ms, mfu 1.34%
model:LGT728D iter 77680: loss 1.6889, time 157.75ms, mfu 1.37%
model:LGT728D iter 77690: loss 1.5880, time 149.25ms, mfu 1.41%
------average encoder activity 0.00065
-----------average decoder density 0.0000
step 77700: train loss 2.8358, val loss 2.7515
saving checkpoint to out-novel-char_LGT728D_4d06c3ce0eb6b62233f4128fdb1c3b0f
model:LGT728D iter 77700: loss 1.6544, time 3108.02ms, mfu 1.27%
model:LGT728D iter 77710: loss 1.4199, time 157.28ms, mfu 1.31%
model:LGT728D iter 77720: loss 1.4308, time 150.40ms, mfu 1.36%
model:LGT728D iter 77730: loss 1.5715, time 151.99ms, mfu 1.39%
model:LGT728D iter 77740: loss 1.5204, time 156.50ms, mfu 1.42%
------average encoder activity 0.00065
-----------average decoder density 0.0000
step 77750: train loss 2.8332, val loss 2.7484
saving checkpoint to out-novel-char_LGT728D_4d06c3ce0eb6b62233f4128fdb1c3b0f
model:LGT728D iter 77750: loss 1.6741, time 2996.69ms, mfu 1.29%
model:LGT728D iter 77760: loss 1.2785, time 195.84ms, mfu 1.29%
model:LGT728D iter 77770: loss 1.4272, time 153.03ms, mfu 1.33%
model:LGT728D iter 77780: loss 1.3677, time 156.48ms, mfu 1.37%
model:LGT728D iter 77790: loss 1.5746, time 155.73ms, mfu 1.40%
------average encoder activity 0.00065
-----------average decoder density 0.0000
step 77800: train loss 2.8391, val loss 2.7573
saving checkpoint to out-novel-char_LGT728D_4d06c3ce0eb6b62233f4128fdb1c3b0f
model:LGT728D iter 77800: loss 1.2355, time 3248.16ms, mfu 1.27%
model:LGT728D iter 77810: loss 1.5004, time 200.54ms, mfu 1.27%
model:LGT728D iter 77820: loss 1.5421, time 200.09ms, mfu 1.27%
model:LGT728D iter 77830: loss 1.5039, time 210.62ms, mfu 1.27%
model:LGT728D iter 77840: loss 1.3436, time 208.93ms, mfu 1.27%
------average encoder activity 0.00065
-----------average decoder density 0.0000
step 77850: train loss 2.8340, val loss 2.7546
saving checkpoint to out-novel-char_LGT728D_4d06c3ce0eb6b62233f4128fdb1c3b0f
model:LGT728D iter 77850: loss 1.4838, time 3288.04ms, mfu 1.15%
model:LGT728D iter 77860: loss 1.4913, time 161.33ms, mfu 1.20%
model:LGT728D iter 77870: loss 1.5666, time 147.52ms, mfu 1.26%
model:LGT728D iter 77880: loss 1.5186, time 160.32ms, mfu 1.29%
model:LGT728D iter 77890: loss 1.3819, time 170.96ms, mfu 1.32%
------average encoder activity 0.00065
-----------average decoder density 0.0000
step 77900: train loss 2.8399, val loss 2.7680
saving checkpoint to out-novel-char_LGT728D_4d06c3ce0eb6b62233f4128fdb1c3b0f
model:LGT728D iter 77900: loss 1.6211, time 3320.54ms, mfu 1.19%
model:LGT728D iter 77910: loss 1.3823, time 219.91ms, mfu 1.19%
model:LGT728D iter 77920: loss 1.3486, time 169.31ms, mfu 1.23%
model:LGT728D iter 77930: loss 1.6357, time 160.10ms, mfu 1.27%
model:LGT728D iter 77940: loss 1.4467, time 160.70ms, mfu 1.30%
------average encoder activity 0.00065
-----------average decoder density 0.0000
step 77950: train loss 2.8218, val loss 2.7473
saving checkpoint to out-novel-char_LGT728D_4d06c3ce0eb6b62233f4128fdb1c3b0f
model:LGT728D iter 77950: loss 1.4482, time 3287.63ms, mfu 1.18%
model:LGT728D iter 77960: loss 1.4870, time 223.23ms, mfu 1.18%
model:LGT728D iter 77970: loss 1.5361, time 218.12ms, mfu 1.18%
model:LGT728D iter 77980: loss 1.6660, time 216.75ms, mfu 1.19%
model:LGT728D iter 77990: loss 1.5787, time 159.74ms, mfu 1.23%
------average encoder activity 0.00065
-----------average decoder density 0.0000
step 78000: train loss 2.8390, val loss 2.7473
saving checkpoint to out-novel-char_LGT728D_4d06c3ce0eb6b62233f4128fdb1c3b0f
model:LGT728D iter 78000: loss 1.5388, time 3154.79ms, mfu 1.12%
model:LGT728D iter 78010: loss 1.5358, time 171.31ms, mfu 1.16%
model:LGT728D iter 78020: loss 1.5844, time 173.54ms, mfu 1.19%
model:LGT728D iter 78030: loss 1.4373, time 174.61ms, mfu 1.22%
model:LGT728D iter 78040: loss 1.3489, time 174.05ms, mfu 1.25%
------average encoder activity 0.00065
-----------average decoder density 0.0000
step 78050: train loss 2.8237, val loss 2.7476
saving checkpoint to out-novel-char_LGT728D_4d06c3ce0eb6b62233f4128fdb1c3b0f
model:LGT728D iter 78050: loss 1.7022, time 2937.94ms, mfu 1.13%
model:LGT728D iter 78060: loss 1.4901, time 221.04ms, mfu 1.14%
model:LGT728D iter 78070: loss 1.5431, time 217.85ms, mfu 1.15%
model:LGT728D iter 78080: loss 1.5488, time 157.49ms, mfu 1.20%
model:LGT728D iter 78090: loss 1.4596, time 157.04ms, mfu 1.24%
------average encoder activity 0.00065
-----------average decoder density 0.0000
step 78100: train loss 2.8207, val loss 2.7387
saving checkpoint to out-novel-char_LGT728D_4d06c3ce0eb6b62233f4128fdb1c3b0f
model:LGT728D iter 78100: loss 1.5644, time 3091.21ms, mfu 1.13%
model:LGT728D iter 78110: loss 1.7426, time 199.77ms, mfu 1.15%
model:LGT728D iter 78120: loss 1.6448, time 207.09ms, mfu 1.16%
model:LGT728D iter 78130: loss 1.4708, time 207.60ms, mfu 1.17%
model:LGT728D iter 78140: loss 1.5507, time 205.43ms, mfu 1.18%
------average encoder activity 0.00065
-----------average decoder density 0.0000
step 78150: train loss 2.8284, val loss 2.7619
saving checkpoint to out-novel-char_LGT728D_4d06c3ce0eb6b62233f4128fdb1c3b0f
model:LGT728D iter 78150: loss 1.6930, time 3232.47ms, mfu 1.07%
model:LGT728D iter 78160: loss 1.3573, time 198.48ms, mfu 1.09%
model:LGT728D iter 78170: loss 1.4155, time 207.65ms, mfu 1.11%
model:LGT728D iter 78180: loss 1.3652, time 207.36ms, mfu 1.13%
model:LGT728D iter 78190: loss 1.4801, time 207.12ms, mfu 1.14%
------average encoder activity 0.00065
-----------average decoder density 0.0000
step 78200: train loss 2.8117, val loss 2.7413
saving checkpoint to out-novel-char_LGT728D_4d06c3ce0eb6b62233f4128fdb1c3b0f
model:LGT728D iter 78200: loss 1.4979, time 3258.50ms, mfu 1.03%
model:LGT728D iter 78210: loss 1.6940, time 199.43ms, mfu 1.06%
model:LGT728D iter 78220: loss 1.4542, time 199.65ms, mfu 1.09%
model:LGT728D iter 78230: loss 1.6412, time 206.77ms, mfu 1.10%
model:LGT728D iter 78240: loss 1.4955, time 207.30ms, mfu 1.12%
------average encoder activity 0.00065
-----------average decoder density 0.0000
step 78250: train loss 2.8293, val loss 2.7415
saving checkpoint to out-novel-char_LGT728D_4d06c3ce0eb6b62233f4128fdb1c3b0f
model:LGT728D iter 78250: loss 1.5582, time 3255.83ms, mfu 1.02%
model:LGT728D iter 78260: loss 1.4360, time 199.55ms, mfu 1.05%
model:LGT728D iter 78270: loss 1.5181, time 146.98ms, mfu 1.12%
model:LGT728D iter 78280: loss 1.4843, time 145.84ms, mfu 1.19%
model:LGT728D iter 78290: loss 1.3605, time 164.80ms, mfu 1.23%
------average encoder activity 0.00065
-----------average decoder density 0.0000
step 78300: train loss 2.8365, val loss 2.7568
saving checkpoint to out-novel-char_LGT728D_4d06c3ce0eb6b62233f4128fdb1c3b0f
model:LGT728D iter 78300: loss 1.3596, time 3247.72ms, mfu 1.11%
model:LGT728D iter 78310: loss 1.5995, time 206.63ms, mfu 1.13%
model:LGT728D iter 78320: loss 1.4353, time 207.79ms, mfu 1.14%
model:LGT728D iter 78330: loss 1.4543, time 201.29ms, mfu 1.16%
model:LGT728D iter 78340: loss 1.5731, time 202.46ms, mfu 1.17%
------average encoder activity 0.00065
-----------average decoder density 0.0000
step 78350: train loss 2.8177, val loss 2.7310
saving checkpoint to out-novel-char_LGT728D_4d06c3ce0eb6b62233f4128fdb1c3b0f
model:LGT728D iter 78350: loss 1.4730, time 3233.09ms, mfu 1.06%
model:LGT728D iter 78360: loss 1.5614, time 206.88ms, mfu 1.08%
model:LGT728D iter 78370: loss 1.5382, time 208.96ms, mfu 1.10%
model:LGT728D iter 78380: loss 1.3469, time 201.67ms, mfu 1.12%
model:LGT728D iter 78390: loss 1.6350, time 200.95ms, mfu 1.14%
------average encoder activity 0.00065
-----------average decoder density 0.0000
step 78400: train loss 2.8201, val loss 2.7465
saving checkpoint to out-novel-char_LGT728D_4d06c3ce0eb6b62233f4128fdb1c3b0f
model:LGT728D iter 78400: loss 1.5799, time 3270.78ms, mfu 1.03%
model:LGT728D iter 78410: loss 1.4361, time 208.25ms, mfu 1.05%
model:LGT728D iter 78420: loss 1.4538, time 207.44ms, mfu 1.07%
model:LGT728D iter 78430: loss 1.6372, time 160.69ms, mfu 1.13%
model:LGT728D iter 78440: loss 1.5709, time 146.02ms, mfu 1.20%
------average encoder activity 0.00065
-----------average decoder density 0.0000
step 78450: train loss 2.8143, val loss 2.7500
saving checkpoint to out-novel-char_LGT728D_4d06c3ce0eb6b62233f4128fdb1c3b0f
model:LGT728D iter 78450: loss 1.5015, time 3061.28ms, mfu 1.09%
model:LGT728D iter 78460: loss 1.4755, time 206.33ms, mfu 1.10%
model:LGT728D iter 78470: loss 1.4940, time 216.51ms, mfu 1.11%
model:LGT728D iter 78480: loss 1.4884, time 207.56ms, mfu 1.13%
model:LGT728D iter 78490: loss 1.3149, time 209.13ms, mfu 1.14%
------average encoder activity 0.00065
-----------average decoder density 0.0000
step 78500: train loss 2.8105, val loss 2.7539
saving checkpoint to out-novel-char_LGT728D_4d06c3ce0eb6b62233f4128fdb1c3b0f
model:LGT728D iter 78500: loss 1.3684, time 2916.30ms, mfu 1.04%
model:LGT728D iter 78510: loss 1.5522, time 206.97ms, mfu 1.06%
model:LGT728D iter 78520: loss 1.6240, time 206.61ms, mfu 1.08%
model:LGT728D iter 78530: loss 1.5081, time 208.57ms, mfu 1.10%
model:LGT728D iter 78540: loss 1.3330, time 164.85ms, mfu 1.15%
------average encoder activity 0.00065
-----------average decoder density 0.0000
step 78550: train loss 2.7973, val loss 2.7298
saving checkpoint to out-novel-char_LGT728D_4d06c3ce0eb6b62233f4128fdb1c3b0f
model:LGT728D iter 78550: loss 1.6255, time 3018.24ms, mfu 1.04%
model:LGT728D iter 78560: loss 1.4656, time 207.75ms, mfu 1.06%
model:LGT728D iter 78570: loss 1.5861, time 209.14ms, mfu 1.08%
model:LGT728D iter 78580: loss 1.4902, time 185.78ms, mfu 1.11%
model:LGT728D iter 78590: loss 1.4189, time 152.50ms, mfu 1.17%
------average encoder activity 0.00065
-----------average decoder density 0.0000
step 78600: train loss 2.8136, val loss 2.7360
saving checkpoint to out-novel-char_LGT728D_4d06c3ce0eb6b62233f4128fdb1c3b0f
model:LGT728D iter 78600: loss 1.5702, time 3222.95ms, mfu 1.06%
model:LGT728D iter 78610: loss 1.3879, time 146.03ms, mfu 1.14%
model:LGT728D iter 78620: loss 1.4753, time 145.46ms, mfu 1.20%
model:LGT728D iter 78630: loss 1.6393, time 163.35ms, mfu 1.24%
model:LGT728D iter 78640: loss 1.5729, time 154.46ms, mfu 1.29%
------average encoder activity 0.00065
-----------average decoder density 0.0000
step 78650: train loss 2.8065, val loss 2.7270
saving checkpoint to out-novel-char_LGT728D_4d06c3ce0eb6b62233f4128fdb1c3b0f
model:LGT728D iter 78650: loss 1.4266, time 3255.21ms, mfu 1.17%
model:LGT728D iter 78660: loss 1.4244, time 207.45ms, mfu 1.18%
model:LGT728D iter 78670: loss 1.4418, time 159.61ms, mfu 1.22%
model:LGT728D iter 78680: loss 1.4854, time 165.09ms, mfu 1.26%
model:LGT728D iter 78690: loss 1.6208, time 164.32ms, mfu 1.29%
------average encoder activity 0.00065
-----------average decoder density 0.0000
step 78700: train loss 2.8166, val loss 2.7276
saving checkpoint to out-novel-char_LGT728D_4d06c3ce0eb6b62233f4128fdb1c3b0f
model:LGT728D iter 78700: loss 1.5258, time 3307.35ms, mfu 1.17%
model:LGT728D iter 78710: loss 1.4189, time 222.38ms, mfu 1.17%
model:LGT728D iter 78720: loss 1.5219, time 208.47ms, mfu 1.18%
model:LGT728D iter 78730: loss 1.6320, time 199.70ms, mfu 1.19%
model:LGT728D iter 78740: loss 1.1561, time 160.10ms, mfu 1.24%
------average encoder activity 0.00065
-----------average decoder density 0.0000
step 78750: train loss 2.8073, val loss 2.7202
saving checkpoint to out-novel-char_LGT728D_4d06c3ce0eb6b62233f4128fdb1c3b0f
model:LGT728D iter 78750: loss 1.3483, time 3195.65ms, mfu 1.12%
model:LGT728D iter 78760: loss 1.4899, time 226.81ms, mfu 1.13%
model:LGT728D iter 78770: loss 1.4401, time 218.50ms, mfu 1.13%
model:LGT728D iter 78780: loss 1.7244, time 155.50ms, mfu 1.19%
model:LGT728D iter 78790: loss 1.4654, time 146.52ms, mfu 1.25%
------average encoder activity 0.00065
-----------average decoder density 0.0000
step 78800: train loss 2.7863, val loss 2.7173
saving checkpoint to out-novel-char_LGT728D_4d06c3ce0eb6b62233f4128fdb1c3b0f
model:LGT728D iter 78800: loss 1.5928, time 2911.15ms, mfu 1.13%
model:LGT728D iter 78810: loss 1.5355, time 221.96ms, mfu 1.14%
model:LGT728D iter 78820: loss 1.4813, time 212.08ms, mfu 1.15%
model:LGT728D iter 78830: loss 1.4225, time 230.51ms, mfu 1.15%
model:LGT728D iter 78840: loss 1.6627, time 167.13ms, mfu 1.19%
------average encoder activity 0.00065
-----------average decoder density 0.0000
step 78850: train loss 2.7877, val loss 2.7164
saving checkpoint to out-novel-char_LGT728D_4d06c3ce0eb6b62233f4128fdb1c3b0f
model:LGT728D iter 78850: loss 1.3870, time 2919.53ms, mfu 1.08%
model:LGT728D iter 78860: loss 1.5579, time 217.07ms, mfu 1.09%
model:LGT728D iter 78870: loss 1.6136, time 223.03ms, mfu 1.10%
model:LGT728D iter 78880: loss 1.6792, time 224.27ms, mfu 1.11%
model:LGT728D iter 78890: loss 1.5682, time 219.76ms, mfu 1.11%
------average encoder activity 0.00065
-----------average decoder density 0.0000
step 78900: train loss 2.7964, val loss 2.7253
saving checkpoint to out-novel-char_LGT728D_4d06c3ce0eb6b62233f4128fdb1c3b0f
model:LGT728D iter 78900: loss 1.5495, time 2979.43ms, mfu 1.01%
model:LGT728D iter 78910: loss 1.5547, time 226.83ms, mfu 1.03%
model:LGT728D iter 78920: loss 1.6869, time 220.32ms, mfu 1.04%
model:LGT728D iter 78930: loss 1.4988, time 223.50ms, mfu 1.05%
model:LGT728D iter 78940: loss 1.6197, time 220.22ms, mfu 1.07%
------average encoder activity 0.00065
-----------average decoder density 0.0000
step 78950: train loss 2.7827, val loss 2.7120
saving checkpoint to out-novel-char_LGT728D_4d06c3ce0eb6b62233f4128fdb1c3b0f
model:LGT728D iter 78950: loss 1.2955, time 3007.44ms, mfu 0.97%
model:LGT728D iter 78960: loss 1.6512, time 222.86ms, mfu 0.99%
model:LGT728D iter 78970: loss 1.5168, time 170.01ms, mfu 1.05%
model:LGT728D iter 78980: loss 1.6707, time 168.37ms, mfu 1.10%
model:LGT728D iter 78990: loss 1.7643, time 170.39ms, mfu 1.14%
------average encoder activity 0.00065
-----------average decoder density 0.0000
step 79000: train loss 2.7743, val loss 2.7123
saving checkpoint to out-novel-char_LGT728D_4d06c3ce0eb6b62233f4128fdb1c3b0f
model:LGT728D iter 79000: loss 1.6803, time 3255.18ms, mfu 1.03%
model:LGT728D iter 79010: loss 1.4302, time 161.97ms, mfu 1.09%
model:LGT728D iter 79020: loss 1.6493, time 161.14ms, mfu 1.15%
model:LGT728D iter 79030: loss 1.4543, time 168.88ms, mfu 1.19%
model:LGT728D iter 79040: loss 1.4389, time 170.91ms, mfu 1.22%
------average encoder activity 0.00065
-----------average decoder density 0.0000
step 79050: train loss 2.7912, val loss 2.7186
saving checkpoint to out-novel-char_LGT728D_4d06c3ce0eb6b62233f4128fdb1c3b0f
model:LGT728D iter 79050: loss 1.3946, time 3238.51ms, mfu 1.11%
model:LGT728D iter 79060: loss 1.5791, time 213.69ms, mfu 1.12%
model:LGT728D iter 79070: loss 1.4469, time 160.42ms, mfu 1.17%
model:LGT728D iter 79080: loss 1.5419, time 144.72ms, mfu 1.23%
model:LGT728D iter 79090: loss 1.5661, time 158.28ms, mfu 1.28%
------average encoder activity 0.00065
-----------average decoder density 0.0000
step 79100: train loss 2.7862, val loss 2.7089
saving checkpoint to out-novel-char_LGT728D_4d06c3ce0eb6b62233f4128fdb1c3b0f
model:LGT728D iter 79100: loss 1.4348, time 3174.43ms, mfu 1.16%
model:LGT728D iter 79110: loss 1.4104, time 210.31ms, mfu 1.17%
model:LGT728D iter 79120: loss 1.5989, time 207.65ms, mfu 1.17%
model:LGT728D iter 79130: loss 1.4421, time 200.80ms, mfu 1.19%
model:LGT728D iter 79140: loss 1.3780, time 160.84ms, mfu 1.23%
------average encoder activity 0.00065
-----------average decoder density 0.0000
step 79150: train loss 2.7638, val loss 2.6902
saving checkpoint to out-novel-char_LGT728D_4d06c3ce0eb6b62233f4128fdb1c3b0f
model:LGT728D iter 79150: loss 1.5025, time 3185.37ms, mfu 1.12%
model:LGT728D iter 79160: loss 1.2548, time 212.09ms, mfu 1.13%
model:LGT728D iter 79170: loss 1.4329, time 166.91ms, mfu 1.17%
model:LGT728D iter 79180: loss 1.5438, time 173.23ms, mfu 1.21%
model:LGT728D iter 79190: loss 1.5428, time 170.71ms, mfu 1.24%
------average encoder activity 0.00065
-----------average decoder density 0.0000
step 79200: train loss 2.7789, val loss 2.7072
saving checkpoint to out-novel-char_LGT728D_4d06c3ce0eb6b62233f4128fdb1c3b0f
model:LGT728D iter 79200: loss 1.5582, time 2894.89ms, mfu 1.12%
model:LGT728D iter 79210: loss 1.5450, time 222.78ms, mfu 1.13%
model:LGT728D iter 79220: loss 1.7047, time 174.86ms, mfu 1.17%
model:LGT728D iter 79230: loss 1.2368, time 168.58ms, mfu 1.20%
model:LGT728D iter 79240: loss 1.5092, time 167.22ms, mfu 1.24%
------average encoder activity 0.00065
-----------average decoder density 0.0000
step 79250: train loss 2.7908, val loss 2.7198
saving checkpoint to out-novel-char_LGT728D_4d06c3ce0eb6b62233f4128fdb1c3b0f
model:LGT728D iter 79250: loss 1.5225, time 3126.04ms, mfu 1.12%
model:LGT728D iter 79260: loss 1.3251, time 212.61ms, mfu 1.14%
model:LGT728D iter 79270: loss 1.5166, time 215.81ms, mfu 1.14%
model:LGT728D iter 79280: loss 1.5699, time 216.58ms, mfu 1.15%
model:LGT728D iter 79290: loss 1.4616, time 214.46ms, mfu 1.16%
------average encoder activity 0.00065
-----------average decoder density 0.0000
step 79300: train loss 2.7537, val loss 2.7040
saving checkpoint to out-novel-char_LGT728D_4d06c3ce0eb6b62233f4128fdb1c3b0f
model:LGT728D iter 79300: loss 1.4153, time 3148.95ms, mfu 1.05%
model:LGT728D iter 79310: loss 1.4801, time 144.77ms, mfu 1.13%
model:LGT728D iter 79320: loss 1.5728, time 145.26ms, mfu 1.19%
model:LGT728D iter 79330: loss 1.2859, time 157.74ms, mfu 1.24%
model:LGT728D iter 79340: loss 1.5547, time 154.83ms, mfu 1.28%
------average encoder activity 0.00065
-----------average decoder density 0.0000
step 79350: train loss 2.7904, val loss 2.7243
saving checkpoint to out-novel-char_LGT728D_4d06c3ce0eb6b62233f4128fdb1c3b0f
model:LGT728D iter 79350: loss 1.5168, time 3253.79ms, mfu 1.16%
model:LGT728D iter 79360: loss 1.7609, time 208.28ms, mfu 1.17%
model:LGT728D iter 79370: loss 1.5607, time 199.68ms, mfu 1.19%
model:LGT728D iter 79380: loss 1.4454, time 199.26ms, mfu 1.20%
model:LGT728D iter 79390: loss 1.6323, time 212.31ms, mfu 1.20%
------average encoder activity 0.00065
-----------average decoder density 0.0000
step 79400: train loss 2.7601, val loss 2.6910
saving checkpoint to out-novel-char_LGT728D_4d06c3ce0eb6b62233f4128fdb1c3b0f
model:LGT728D iter 79400: loss 1.5849, time 3174.76ms, mfu 1.09%
model:LGT728D iter 79410: loss 1.4265, time 158.89ms, mfu 1.15%
model:LGT728D iter 79420: loss 1.5707, time 151.95ms, mfu 1.20%
model:LGT728D iter 79430: loss 1.6802, time 153.25ms, mfu 1.25%
model:LGT728D iter 79440: loss 1.4273, time 145.53ms, mfu 1.31%
------average encoder activity 0.00065
-----------average decoder density 0.0000
step 79450: train loss 2.7639, val loss 2.7120
saving checkpoint to out-novel-char_LGT728D_4d06c3ce0eb6b62233f4128fdb1c3b0f
model:LGT728D iter 79450: loss 1.7390, time 2994.70ms, mfu 1.19%
model:LGT728D iter 79460: loss 1.5066, time 210.46ms, mfu 1.19%
model:LGT728D iter 79470: loss 1.2643, time 209.44ms, mfu 1.20%
model:LGT728D iter 79480: loss 1.4383, time 158.44ms, mfu 1.24%
model:LGT728D iter 79490: loss 1.4618, time 153.13ms, mfu 1.29%
------average encoder activity 0.00065
-----------average decoder density 0.0000
step 79500: train loss 2.7687, val loss 2.6962
saving checkpoint to out-novel-char_LGT728D_4d06c3ce0eb6b62233f4128fdb1c3b0f
model:LGT728D iter 79500: loss 1.3661, time 2910.91ms, mfu 1.17%
model:LGT728D iter 79510: loss 1.5559, time 154.26ms, mfu 1.22%
model:LGT728D iter 79520: loss 1.5770, time 155.06ms, mfu 1.27%
model:LGT728D iter 79530: loss 1.5394, time 154.68ms, mfu 1.31%
model:LGT728D iter 79540: loss 1.5101, time 157.24ms, mfu 1.35%
------average encoder activity 0.00065
-----------average decoder density 0.0000
step 79550: train loss 2.7648, val loss 2.6974
saving checkpoint to out-novel-char_LGT728D_4d06c3ce0eb6b62233f4128fdb1c3b0f
model:LGT728D iter 79550: loss 1.6014, time 3235.12ms, mfu 1.22%
model:LGT728D iter 79560: loss 1.5387, time 199.33ms, mfu 1.23%
model:LGT728D iter 79570: loss 1.4330, time 198.63ms, mfu 1.24%
model:LGT728D iter 79580: loss 1.4618, time 206.72ms, mfu 1.24%
model:LGT728D iter 79590: loss 1.5200, time 208.25ms, mfu 1.24%
------average encoder activity 0.00065
-----------average decoder density 0.0000
step 79600: train loss 2.7611, val loss 2.6790
saving checkpoint to out-novel-char_LGT728D_4d06c3ce0eb6b62233f4128fdb1c3b0f
model:LGT728D iter 79600: loss 1.5581, time 3245.07ms, mfu 1.13%
model:LGT728D iter 79610: loss 1.5477, time 199.50ms, mfu 1.14%
model:LGT728D iter 79620: loss 1.5070, time 145.58ms, mfu 1.21%
model:LGT728D iter 79630: loss 1.3777, time 146.55ms, mfu 1.27%
model:LGT728D iter 79640: loss 1.3978, time 151.71ms, mfu 1.31%
------average encoder activity 0.00065
-----------average decoder density 0.0000
step 79650: train loss 2.7680, val loss 2.6885
saving checkpoint to out-novel-char_LGT728D_4d06c3ce0eb6b62233f4128fdb1c3b0f
model:LGT728D iter 79650: loss 1.5006, time 3249.28ms, mfu 1.19%
model:LGT728D iter 79660: loss 1.6701, time 208.76ms, mfu 1.20%
model:LGT728D iter 79670: loss 1.3581, time 207.84ms, mfu 1.20%
model:LGT728D iter 79680: loss 1.5718, time 198.69ms, mfu 1.21%
model:LGT728D iter 79690: loss 1.4683, time 144.05ms, mfu 1.27%
------average encoder activity 0.00065
-----------average decoder density 0.0000
step 79700: train loss 2.7569, val loss 2.6856
saving checkpoint to out-novel-char_LGT728D_4d06c3ce0eb6b62233f4128fdb1c3b0f
model:LGT728D iter 79700: loss 1.5092, time 3266.94ms, mfu 1.16%
model:LGT728D iter 79710: loss 1.4914, time 206.00ms, mfu 1.17%
model:LGT728D iter 79720: loss 1.4062, time 206.62ms, mfu 1.18%
model:LGT728D iter 79730: loss 1.5257, time 187.63ms, mfu 1.20%
model:LGT728D iter 79740: loss 1.5220, time 145.77ms, mfu 1.26%
------average encoder activity 0.00065
-----------average decoder density 0.0000
step 79750: train loss 2.7523, val loss 2.6785
saving checkpoint to out-novel-char_LGT728D_4d06c3ce0eb6b62233f4128fdb1c3b0f
model:LGT728D iter 79750: loss 1.5398, time 3060.31ms, mfu 1.14%
model:LGT728D iter 79760: loss 1.4292, time 203.25ms, mfu 1.16%
model:LGT728D iter 79770: loss 1.4615, time 205.70ms, mfu 1.17%
model:LGT728D iter 79780: loss 1.3650, time 208.08ms, mfu 1.18%
model:LGT728D iter 79790: loss 1.5250, time 212.39ms, mfu 1.18%
------average encoder activity 0.00065
-----------average decoder density 0.0000
step 79800: train loss 2.7508, val loss 2.6719
saving checkpoint to out-novel-char_LGT728D_4d06c3ce0eb6b62233f4128fdb1c3b0f
model:LGT728D iter 79800: loss 1.4467, time 2878.17ms, mfu 1.07%
model:LGT728D iter 79810: loss 1.5739, time 206.05ms, mfu 1.09%
model:LGT728D iter 79820: loss 1.4794, time 165.37ms, mfu 1.14%
model:LGT728D iter 79830: loss 1.5138, time 155.78ms, mfu 1.20%
model:LGT728D iter 79840: loss 1.6308, time 149.87ms, mfu 1.25%
------average encoder activity 0.00065
-----------average decoder density 0.0000
step 79850: train loss 2.7382, val loss 2.6728
saving checkpoint to out-novel-char_LGT728D_4d06c3ce0eb6b62233f4128fdb1c3b0f
model:LGT728D iter 79850: loss 1.3968, time 3100.81ms, mfu 1.13%
model:LGT728D iter 79860: loss 1.3173, time 199.56ms, mfu 1.15%
model:LGT728D iter 79870: loss 1.4998, time 210.92ms, mfu 1.16%
model:LGT728D iter 79880: loss 1.5413, time 206.09ms, mfu 1.17%
model:LGT728D iter 79890: loss 1.4036, time 208.80ms, mfu 1.18%
------average encoder activity 0.00065
-----------average decoder density 0.0000
step 79900: train loss 2.7447, val loss 2.6793
saving checkpoint to out-novel-char_LGT728D_4d06c3ce0eb6b62233f4128fdb1c3b0f
model:LGT728D iter 79900: loss 1.5639, time 3233.07ms, mfu 1.07%
model:LGT728D iter 79910: loss 1.3842, time 144.29ms, mfu 1.14%
model:LGT728D iter 79920: loss 1.5359, time 145.25ms, mfu 1.21%
model:LGT728D iter 79930: loss 1.3861, time 160.58ms, mfu 1.25%
model:LGT728D iter 79940: loss 1.2301, time 159.47ms, mfu 1.29%
------average encoder activity 0.00065
-----------average decoder density 0.0000
step 79950: train loss 2.7363, val loss 2.6625
saving checkpoint to out-novel-char_LGT728D_4d06c3ce0eb6b62233f4128fdb1c3b0f
model:LGT728D iter 79950: loss 1.5540, time 3212.54ms, mfu 1.17%
model:LGT728D iter 79960: loss 1.4531, time 211.73ms, mfu 1.18%
model:LGT728D iter 79970: loss 1.3423, time 197.89ms, mfu 1.19%
model:LGT728D iter 79980: loss 1.3753, time 198.63ms, mfu 1.20%
model:LGT728D iter 79990: loss 1.4247, time 208.01ms, mfu 1.21%
------average encoder activity 0.00065
-----------average decoder density 0.0000
step 80000: train loss 2.7426, val loss 2.6630
saving checkpoint to out-novel-char_LGT728D_4d06c3ce0eb6b62233f4128fdb1c3b0f
model:LGT728D iter 80000: loss 1.4832, time 3151.98ms, mfu 1.10%
model:LGT728D iter 80010: loss 1.4908, time 204.27ms, mfu 1.12%
model:LGT728D iter 80020: loss 1.5477, time 208.32ms, mfu 1.13%
model:LGT728D iter 80030: loss 1.4631, time 198.67ms, mfu 1.15%
model:LGT728D iter 80040: loss 1.6014, time 197.83ms, mfu 1.17%
------average encoder activity 0.00065
-----------average decoder density 0.0000
step 80050: train loss 2.7395, val loss 2.6669
saving checkpoint to out-novel-char_LGT728D_4d06c3ce0eb6b62233f4128fdb1c3b0f
model:LGT728D iter 80050: loss 1.5824, time 3131.51ms, mfu 1.06%
model:LGT728D iter 80060: loss 1.2400, time 205.61ms, mfu 1.08%
model:LGT728D iter 80070: loss 1.4631, time 153.71ms, mfu 1.14%
model:LGT728D iter 80080: loss 1.4728, time 156.28ms, mfu 1.19%
model:LGT728D iter 80090: loss 1.4763, time 158.70ms, mfu 1.24%
------average encoder activity 0.00065
-----------average decoder density 0.0000
step 80100: train loss 2.7414, val loss 2.6675
saving checkpoint to out-novel-char_LGT728D_4d06c3ce0eb6b62233f4128fdb1c3b0f
model:LGT728D iter 80100: loss 1.4057, time 2874.72ms, mfu 1.13%
model:LGT728D iter 80110: loss 1.2851, time 213.06ms, mfu 1.14%
model:LGT728D iter 80120: loss 1.3343, time 212.22ms, mfu 1.15%
model:LGT728D iter 80130: loss 1.6031, time 204.67ms, mfu 1.16%
model:LGT728D iter 80140: loss 1.3074, time 150.88ms, mfu 1.22%
------average encoder activity 0.00065
-----------average decoder density 0.0000
step 80150: train loss 2.7740, val loss 2.6997
saving checkpoint to out-novel-char_LGT728D_4d06c3ce0eb6b62233f4128fdb1c3b0f
model:LGT728D iter 80150: loss 1.3698, time 3082.88ms, mfu 1.10%
model:LGT728D iter 80160: loss 1.5400, time 200.78ms, mfu 1.12%
model:LGT728D iter 80170: loss 1.4495, time 207.45ms, mfu 1.14%
model:LGT728D iter 80180: loss 1.3931, time 211.77ms, mfu 1.15%
model:LGT728D iter 80190: loss 1.5056, time 208.64ms, mfu 1.16%
------average encoder activity 0.00065
-----------average decoder density 0.0000
step 80200: train loss 2.7529, val loss 2.6795
saving checkpoint to out-novel-char_LGT728D_4d06c3ce0eb6b62233f4128fdb1c3b0f
model:LGT728D iter 80200: loss 1.3873, time 3124.13ms, mfu 1.05%
model:LGT728D iter 80210: loss 1.5058, time 199.28ms, mfu 1.08%
model:LGT728D iter 80220: loss 1.5895, time 199.82ms, mfu 1.10%
model:LGT728D iter 80230: loss 1.4514, time 157.09ms, mfu 1.16%
model:LGT728D iter 80240: loss 1.5285, time 155.44ms, mfu 1.21%
------average encoder activity 0.00065
-----------average decoder density 0.0000
step 80250: train loss 2.7325, val loss 2.6569
saving checkpoint to out-novel-char_LGT728D_4d06c3ce0eb6b62233f4128fdb1c3b0f
model:LGT728D iter 80250: loss 1.4192, time 3135.77ms, mfu 1.10%
model:LGT728D iter 80260: loss 1.5080, time 206.23ms, mfu 1.11%
model:LGT728D iter 80270: loss 1.4747, time 164.50ms, mfu 1.16%
model:LGT728D iter 80280: loss 1.4758, time 162.08ms, mfu 1.21%
model:LGT728D iter 80290: loss 1.3674, time 159.74ms, mfu 1.25%
------average encoder activity 0.00065
-----------average decoder density 0.0000
step 80300: train loss 2.7476, val loss 2.6822
saving checkpoint to out-novel-char_LGT728D_4d06c3ce0eb6b62233f4128fdb1c3b0f
model:LGT728D iter 80300: loss 1.5422, time 3200.34ms, mfu 1.13%
model:LGT728D iter 80310: loss 1.7222, time 152.53ms, mfu 1.19%
model:LGT728D iter 80320: loss 1.5623, time 159.34ms, mfu 1.24%
model:LGT728D iter 80330: loss 1.4554, time 154.68ms, mfu 1.28%
model:LGT728D iter 80340: loss 1.4746, time 156.78ms, mfu 1.32%
------average encoder activity 0.00065
-----------average decoder density 0.0000
step 80350: train loss 2.7410, val loss 2.6722
saving checkpoint to out-novel-char_LGT728D_4d06c3ce0eb6b62233f4128fdb1c3b0f
model:LGT728D iter 80350: loss 1.5876, time 2915.31ms, mfu 1.20%
model:LGT728D iter 80360: loss 1.4379, time 213.21ms, mfu 1.20%
model:LGT728D iter 80370: loss 1.3845, time 205.35ms, mfu 1.21%
model:LGT728D iter 80380: loss 1.5404, time 207.34ms, mfu 1.21%
model:LGT728D iter 80390: loss 1.5935, time 204.07ms, mfu 1.22%
------average encoder activity 0.00065
-----------average decoder density 0.0000
step 80400: train loss 2.7376, val loss 2.6621
saving checkpoint to out-novel-char_LGT728D_4d06c3ce0eb6b62233f4128fdb1c3b0f
model:LGT728D iter 80400: loss 1.4146, time 3020.37ms, mfu 1.11%
model:LGT728D iter 80410: loss 1.5703, time 160.04ms, mfu 1.16%
model:LGT728D iter 80420: loss 1.4499, time 168.71ms, mfu 1.20%
model:LGT728D iter 80430: loss 1.6624, time 157.79ms, mfu 1.24%
model:LGT728D iter 80440: loss 1.5964, time 156.32ms, mfu 1.29%
------average encoder activity 0.00065
-----------average decoder density 0.0000
step 80450: train loss 2.7267, val loss 2.6662
saving checkpoint to out-novel-char_LGT728D_4d06c3ce0eb6b62233f4128fdb1c3b0f
model:LGT728D iter 80450: loss 1.4657, time 3164.90ms, mfu 1.17%
model:LGT728D iter 80460: loss 1.4205, time 143.80ms, mfu 1.23%
model:LGT728D iter 80470: loss 1.4741, time 145.38ms, mfu 1.29%
model:LGT728D iter 80480: loss 1.6510, time 146.38ms, mfu 1.34%
model:LGT728D iter 80490: loss 1.5685, time 156.86ms, mfu 1.37%
------average encoder activity 0.00065
-----------average decoder density 0.0000
step 80500: train loss 2.7322, val loss 2.6688
saving checkpoint to out-novel-char_LGT728D_4d06c3ce0eb6b62233f4128fdb1c3b0f
model:LGT728D iter 80500: loss 1.4692, time 3177.14ms, mfu 1.24%
model:LGT728D iter 80510: loss 1.7112, time 207.81ms, mfu 1.24%
model:LGT728D iter 80520: loss 1.5335, time 204.88ms, mfu 1.25%
model:LGT728D iter 80530: loss 1.5788, time 198.97ms, mfu 1.25%
model:LGT728D iter 80540: loss 1.4148, time 199.63ms, mfu 1.26%
------average encoder activity 0.00065
-----------average decoder density 0.0000
step 80550: train loss 2.7420, val loss 2.6601
saving checkpoint to out-novel-char_LGT728D_4d06c3ce0eb6b62233f4128fdb1c3b0f
model:LGT728D iter 80550: loss 1.5029, time 3213.56ms, mfu 1.14%
model:LGT728D iter 80560: loss 1.3468, time 206.95ms, mfu 1.15%
model:LGT728D iter 80570: loss 1.4356, time 208.14ms, mfu 1.16%
model:LGT728D iter 80580: loss 1.5261, time 158.47ms, mfu 1.21%
model:LGT728D iter 80590: loss 1.3989, time 143.86ms, mfu 1.27%
------average encoder activity 0.00065
-----------average decoder density 0.0000
step 80600: train loss 2.7310, val loss 2.6599
saving checkpoint to out-novel-char_LGT728D_4d06c3ce0eb6b62233f4128fdb1c3b0f
model:LGT728D iter 80600: loss 1.5816, time 2962.34ms, mfu 1.16%
model:LGT728D iter 80610: loss 1.6055, time 204.66ms, mfu 1.17%
model:LGT728D iter 80620: loss 1.5908, time 208.35ms, mfu 1.18%
model:LGT728D iter 80630: loss 1.3595, time 209.93ms, mfu 1.18%
model:LGT728D iter 80640: loss 1.4534, time 209.33ms, mfu 1.19%
------average encoder activity 0.00065
-----------average decoder density 0.0000
step 80650: train loss 2.7240, val loss 2.6498
saving checkpoint to out-novel-char_LGT728D_4d06c3ce0eb6b62233f4128fdb1c3b0f
model:LGT728D iter 80650: loss 1.5142, time 2904.78ms, mfu 1.08%
model:LGT728D iter 80660: loss 1.4344, time 206.53ms, mfu 1.10%
model:LGT728D iter 80670: loss 1.6728, time 206.94ms, mfu 1.12%
model:LGT728D iter 80680: loss 1.5320, time 211.37ms, mfu 1.13%
model:LGT728D iter 80690: loss 1.6274, time 208.33ms, mfu 1.14%
------average encoder activity 0.00065
-----------average decoder density 0.0000
step 80700: train loss 2.7171, val loss 2.6558
saving checkpoint to out-novel-char_LGT728D_4d06c3ce0eb6b62233f4128fdb1c3b0f
model:LGT728D iter 80700: loss 1.4135, time 2937.49ms, mfu 1.04%
model:LGT728D iter 80710: loss 1.4779, time 152.75ms, mfu 1.10%
model:LGT728D iter 80720: loss 1.4367, time 159.60ms, mfu 1.16%
model:LGT728D iter 80730: loss 1.4825, time 152.24ms, mfu 1.21%
model:LGT728D iter 80740: loss 1.6540, time 154.02ms, mfu 1.26%
------average encoder activity 0.00065
-----------average decoder density 0.0000
step 80750: train loss 2.7231, val loss 2.6572
saving checkpoint to out-novel-char_LGT728D_4d06c3ce0eb6b62233f4128fdb1c3b0f
model:LGT728D iter 80750: loss 1.3408, time 3222.33ms, mfu 1.14%
model:LGT728D iter 80760: loss 1.4548, time 198.75ms, mfu 1.16%
model:LGT728D iter 80770: loss 1.4575, time 200.05ms, mfu 1.18%
model:LGT728D iter 80780: loss 1.4142, time 207.73ms, mfu 1.18%
model:LGT728D iter 80790: loss 1.4528, time 210.86ms, mfu 1.19%
------average encoder activity 0.00065
-----------average decoder density 0.0000
step 80800: train loss 2.7220, val loss 2.6497
saving checkpoint to out-novel-char_LGT728D_4d06c3ce0eb6b62233f4128fdb1c3b0f
model:LGT728D iter 80800: loss 1.6178, time 3249.90ms, mfu 1.08%
model:LGT728D iter 80810: loss 1.6416, time 204.22ms, mfu 1.10%
model:LGT728D iter 80820: loss 1.6444, time 201.12ms, mfu 1.12%
model:LGT728D iter 80830: loss 1.5583, time 207.83ms, mfu 1.13%
model:LGT728D iter 80840: loss 1.4682, time 205.95ms, mfu 1.15%
------average encoder activity 0.00065
-----------average decoder density 0.0000
step 80850: train loss 2.7079, val loss 2.6397
saving checkpoint to out-novel-char_LGT728D_4d06c3ce0eb6b62233f4128fdb1c3b0f
model:LGT728D iter 80850: loss 1.5525, time 3185.61ms, mfu 1.04%
model:LGT728D iter 80860: loss 1.4539, time 159.69ms, mfu 1.10%
model:LGT728D iter 80870: loss 1.4688, time 159.75ms, mfu 1.15%
model:LGT728D iter 80880: loss 1.5752, time 146.04ms, mfu 1.22%
model:LGT728D iter 80890: loss 1.4946, time 145.33ms, mfu 1.28%
------average encoder activity 0.00065
-----------average decoder density 0.0000
step 80900: train loss 2.7251, val loss 2.6669
saving checkpoint to out-novel-char_LGT728D_4d06c3ce0eb6b62233f4128fdb1c3b0f
model:LGT728D iter 80900: loss 1.3650, time 3239.02ms, mfu 1.16%
model:LGT728D iter 80910: loss 1.4049, time 209.75ms, mfu 1.17%
model:LGT728D iter 80920: loss 1.5442, time 210.47ms, mfu 1.17%
model:LGT728D iter 80930: loss 1.2957, time 209.91ms, mfu 1.18%
model:LGT728D iter 80940: loss 1.5432, time 146.57ms, mfu 1.24%
------average encoder activity 0.00065
-----------average decoder density 0.0000
step 80950: train loss 2.7198, val loss 2.6489
saving checkpoint to out-novel-char_LGT728D_4d06c3ce0eb6b62233f4128fdb1c3b0f
model:LGT728D iter 80950: loss 1.4958, time 3039.02ms, mfu 1.13%
model:LGT728D iter 80960: loss 1.2788, time 206.45ms, mfu 1.14%
model:LGT728D iter 80970: loss 1.5324, time 208.59ms, mfu 1.15%
model:LGT728D iter 80980: loss 1.4867, time 207.78ms, mfu 1.16%
model:LGT728D iter 80990: loss 1.4719, time 208.42ms, mfu 1.17%
------average encoder activity 0.00065
-----------average decoder density 0.0000
step 81000: train loss 2.6994, val loss 2.6402
saving checkpoint to out-novel-char_LGT728D_4d06c3ce0eb6b62233f4128fdb1c3b0f
model:LGT728D iter 81000: loss 1.4341, time 2932.63ms, mfu 1.06%
model:LGT728D iter 81010: loss 1.3258, time 151.96ms, mfu 1.13%
model:LGT728D iter 81020: loss 1.3698, time 159.12ms, mfu 1.18%
model:LGT728D iter 81030: loss 1.3395, time 157.15ms, mfu 1.23%
model:LGT728D iter 81040: loss 1.4983, time 153.33ms, mfu 1.28%
------average encoder activity 0.00065
-----------average decoder density 0.0000
step 81050: train loss 2.7098, val loss 2.6468
saving checkpoint to out-novel-char_LGT728D_4d06c3ce0eb6b62233f4128fdb1c3b0f
model:LGT728D iter 81050: loss 1.5041, time 3144.64ms, mfu 1.16%
model:LGT728D iter 81060: loss 1.5175, time 144.41ms, mfu 1.22%
model:LGT728D iter 81070: loss 1.4442, time 147.38ms, mfu 1.28%
model:LGT728D iter 81080: loss 1.2963, time 153.54ms, mfu 1.32%
model:LGT728D iter 81090: loss 1.3132, time 155.70ms, mfu 1.36%
------average encoder activity 0.00065
-----------average decoder density 0.0000
step 81100: train loss 2.7082, val loss 2.6399
saving checkpoint to out-novel-char_LGT728D_4d06c3ce0eb6b62233f4128fdb1c3b0f
model:LGT728D iter 81100: loss 1.7649, time 3235.42ms, mfu 1.23%
model:LGT728D iter 81110: loss 1.4137, time 151.80ms, mfu 1.28%
model:LGT728D iter 81120: loss 1.5822, time 144.38ms, mfu 1.33%
model:LGT728D iter 81130: loss 1.3618, time 145.93ms, mfu 1.38%
model:LGT728D iter 81140: loss 1.4953, time 143.77ms, mfu 1.42%
------average encoder activity 0.00065
-----------average decoder density 0.0000
step 81150: train loss 2.6979, val loss 2.6451
saving checkpoint to out-novel-char_LGT728D_4d06c3ce0eb6b62233f4128fdb1c3b0f
model:LGT728D iter 81150: loss 1.5140, time 3230.44ms, mfu 1.29%
model:LGT728D iter 81160: loss 1.4704, time 208.01ms, mfu 1.29%
model:LGT728D iter 81170: loss 1.4477, time 207.81ms, mfu 1.28%
model:LGT728D iter 81180: loss 1.5232, time 209.71ms, mfu 1.28%
model:LGT728D iter 81190: loss 1.5708, time 203.54ms, mfu 1.28%
------average encoder activity 0.00065
-----------average decoder density 0.0000
step 81200: train loss 2.6998, val loss 2.6373
saving checkpoint to out-novel-char_LGT728D_4d06c3ce0eb6b62233f4128fdb1c3b0f
model:LGT728D iter 81200: loss 1.5933, time 3234.38ms, mfu 1.16%
model:LGT728D iter 81210: loss 1.5085, time 207.94ms, mfu 1.17%
model:LGT728D iter 81220: loss 1.5410, time 206.46ms, mfu 1.18%
model:LGT728D iter 81230: loss 1.5079, time 182.95ms, mfu 1.20%
model:LGT728D iter 81240: loss 1.6542, time 144.91ms, mfu 1.26%
------average encoder activity 0.00065
-----------average decoder density 0.0000
step 81250: train loss 2.7009, val loss 2.6355
saving checkpoint to out-novel-char_LGT728D_4d06c3ce0eb6b62233f4128fdb1c3b0f
model:LGT728D iter 81250: loss 1.6232, time 2945.25ms, mfu 1.15%
model:LGT728D iter 81260: loss 1.5553, time 207.60ms, mfu 1.16%
model:LGT728D iter 81270: loss 1.2967, time 207.43ms, mfu 1.17%
model:LGT728D iter 81280: loss 1.6097, time 224.32ms, mfu 1.17%
model:LGT728D iter 81290: loss 1.4520, time 173.18ms, mfu 1.20%
------average encoder activity 0.00065
-----------average decoder density 0.0000
step 81300: train loss 2.7013, val loss 2.6494
saving checkpoint to out-novel-char_LGT728D_4d06c3ce0eb6b62233f4128fdb1c3b0f
model:LGT728D iter 81300: loss 1.4273, time 2925.90ms, mfu 1.09%
model:LGT728D iter 81310: loss 1.5247, time 219.98ms, mfu 1.10%
model:LGT728D iter 81320: loss 1.2810, time 222.85ms, mfu 1.11%
model:LGT728D iter 81330: loss 1.4079, time 171.05ms, mfu 1.15%
model:LGT728D iter 81340: loss 1.5767, time 171.17ms, mfu 1.19%
------average encoder activity 0.00065
-----------average decoder density 0.0000
step 81350: train loss 2.7006, val loss 2.6279
saving checkpoint to out-novel-char_LGT728D_4d06c3ce0eb6b62233f4128fdb1c3b0f
model:LGT728D iter 81350: loss 1.4485, time 3107.03ms, mfu 1.08%
model:LGT728D iter 81360: loss 1.4519, time 163.04ms, mfu 1.13%
model:LGT728D iter 81370: loss 1.4885, time 171.80ms, mfu 1.17%
model:LGT728D iter 81380: loss 1.5541, time 169.85ms, mfu 1.21%
model:LGT728D iter 81390: loss 1.5482, time 174.26ms, mfu 1.24%
------average encoder activity 0.00065
-----------average decoder density 0.0000
step 81400: train loss 2.6970, val loss 2.6357
saving checkpoint to out-novel-char_LGT728D_4d06c3ce0eb6b62233f4128fdb1c3b0f
model:LGT728D iter 81400: loss 1.5362, time 3163.60ms, mfu 1.12%
model:LGT728D iter 81410: loss 1.5173, time 220.11ms, mfu 1.13%
model:LGT728D iter 81420: loss 1.4886, time 163.59ms, mfu 1.18%
model:LGT728D iter 81430: loss 1.7934, time 162.53ms, mfu 1.22%
model:LGT728D iter 81440: loss 1.4193, time 171.26ms, mfu 1.25%
------average encoder activity 0.00065
-----------average decoder density 0.0000
step 81450: train loss 2.7004, val loss 2.6303
saving checkpoint to out-novel-char_LGT728D_4d06c3ce0eb6b62233f4128fdb1c3b0f
model:LGT728D iter 81450: loss 1.5282, time 3273.60ms, mfu 1.13%
model:LGT728D iter 81460: loss 1.5856, time 224.52ms, mfu 1.14%
model:LGT728D iter 81470: loss 1.5561, time 215.56ms, mfu 1.14%
model:LGT728D iter 81480: loss 1.5580, time 215.18ms, mfu 1.15%
model:LGT728D iter 81490: loss 1.4481, time 217.59ms, mfu 1.16%
------average encoder activity 0.00065
-----------average decoder density 0.0000
step 81500: train loss 2.6892, val loss 2.6256
saving checkpoint to out-novel-char_LGT728D_4d06c3ce0eb6b62233f4128fdb1c3b0f
model:LGT728D iter 81500: loss 1.6211, time 3270.86ms, mfu 1.05%
model:LGT728D iter 81510: loss 1.3364, time 175.44ms, mfu 1.09%
model:LGT728D iter 81520: loss 1.6661, time 168.25ms, mfu 1.14%
model:LGT728D iter 81530: loss 1.4828, time 161.17ms, mfu 1.19%
model:LGT728D iter 81540: loss 1.3426, time 161.80ms, mfu 1.23%
------average encoder activity 0.00065
-----------average decoder density 0.0000
step 81550: train loss 2.6949, val loss 2.6315
saving checkpoint to out-novel-char_LGT728D_4d06c3ce0eb6b62233f4128fdb1c3b0f
model:LGT728D iter 81550: loss 1.6374, time 3244.10ms, mfu 1.12%
model:LGT728D iter 81560: loss 1.5728, time 179.00ms, mfu 1.15%
model:LGT728D iter 81570: loss 1.5905, time 168.78ms, mfu 1.19%
model:LGT728D iter 81580: loss 1.4489, time 166.92ms, mfu 1.23%
model:LGT728D iter 81590: loss 1.4637, time 168.90ms, mfu 1.26%
------average encoder activity 0.00065
-----------average decoder density 0.0000
step 81600: train loss 2.6923, val loss 2.6196
saving checkpoint to out-novel-char_LGT728D_4d06c3ce0eb6b62233f4128fdb1c3b0f
model:LGT728D iter 81600: loss 1.5489, time 2892.09ms, mfu 1.14%
model:LGT728D iter 81610: loss 1.5290, time 206.14ms, mfu 1.16%
model:LGT728D iter 81620: loss 1.6029, time 151.24ms, mfu 1.21%
model:LGT728D iter 81630: loss 1.3965, time 155.47ms, mfu 1.26%
model:LGT728D iter 81640: loss 1.4139, time 156.02ms, mfu 1.30%
------average encoder activity 0.00065
-----------average decoder density 0.0000
step 81650: train loss 2.6858, val loss 2.6183
saving checkpoint to out-novel-char_LGT728D_4d06c3ce0eb6b62233f4128fdb1c3b0f
model:LGT728D iter 81650: loss 1.5686, time 3126.96ms, mfu 1.18%
model:LGT728D iter 81660: loss 1.7077, time 199.83ms, mfu 1.19%
model:LGT728D iter 81670: loss 1.5559, time 196.79ms, mfu 1.21%
model:LGT728D iter 81680: loss 1.5790, time 211.47ms, mfu 1.21%
model:LGT728D iter 81690: loss 1.3906, time 206.37ms, mfu 1.22%
------average encoder activity 0.00065
-----------average decoder density 0.0000
step 81700: train loss 2.6847, val loss 2.6251
saving checkpoint to out-novel-char_LGT728D_4d06c3ce0eb6b62233f4128fdb1c3b0f
model:LGT728D iter 81700: loss 1.5689, time 3138.66ms, mfu 1.10%
model:LGT728D iter 81710: loss 1.4131, time 157.52ms, mfu 1.16%
model:LGT728D iter 81720: loss 1.2663, time 147.26ms, mfu 1.22%
model:LGT728D iter 81730: loss 1.5849, time 149.79ms, mfu 1.27%
model:LGT728D iter 81740: loss 1.3965, time 148.10ms, mfu 1.32%
------average encoder activity 0.00065
-----------average decoder density 0.0000
step 81750: train loss 2.6818, val loss 2.6158
saving checkpoint to out-novel-char_LGT728D_4d06c3ce0eb6b62233f4128fdb1c3b0f
model:LGT728D iter 81750: loss 1.3403, time 3139.58ms, mfu 1.20%
model:LGT728D iter 81760: loss 1.7633, time 212.51ms, mfu 1.20%
model:LGT728D iter 81770: loss 1.4884, time 210.27ms, mfu 1.21%
model:LGT728D iter 81780: loss 1.5941, time 209.25ms, mfu 1.21%
model:LGT728D iter 81790: loss 1.3826, time 199.14ms, mfu 1.22%
------average encoder activity 0.00065
-----------average decoder density 0.0000
step 81800: train loss 2.6608, val loss 2.6057
saving checkpoint to out-novel-char_LGT728D_4d06c3ce0eb6b62233f4128fdb1c3b0f
model:LGT728D iter 81800: loss 1.4022, time 3159.45ms, mfu 1.11%
model:LGT728D iter 81810: loss 1.4122, time 207.21ms, mfu 1.12%
model:LGT728D iter 81820: loss 1.4933, time 155.03ms, mfu 1.18%
model:LGT728D iter 81830: loss 1.5529, time 155.31ms, mfu 1.23%
model:LGT728D iter 81840: loss 1.6057, time 150.94ms, mfu 1.28%
------average encoder activity 0.00065
-----------average decoder density 0.0000
step 81850: train loss 2.6696, val loss 2.6077
saving checkpoint to out-novel-char_LGT728D_4d06c3ce0eb6b62233f4128fdb1c3b0f
model:LGT728D iter 81850: loss 1.5800, time 2830.13ms, mfu 1.16%
model:LGT728D iter 81860: loss 1.4174, time 165.44ms, mfu 1.20%
model:LGT728D iter 81870: loss 1.5061, time 167.61ms, mfu 1.24%
model:LGT728D iter 81880: loss 1.4331, time 169.27ms, mfu 1.27%
model:LGT728D iter 81890: loss 1.4635, time 151.93ms, mfu 1.32%
------average encoder activity 0.00065
-----------average decoder density 0.0000
step 81900: train loss 2.6707, val loss 2.6139
saving checkpoint to out-novel-char_LGT728D_4d06c3ce0eb6b62233f4128fdb1c3b0f
model:LGT728D iter 81900: loss 1.6256, time 3121.45ms, mfu 1.19%
model:LGT728D iter 81910: loss 1.4515, time 157.50ms, mfu 1.24%
model:LGT728D iter 81920: loss 1.4440, time 146.21ms, mfu 1.29%
model:LGT728D iter 81930: loss 1.4737, time 145.25ms, mfu 1.34%
model:LGT728D iter 81940: loss 1.4202, time 148.56ms, mfu 1.39%
------average encoder activity 0.00065
-----------average decoder density 0.0000
step 81950: train loss 2.6652, val loss 2.6146
saving checkpoint to out-novel-char_LGT728D_4d06c3ce0eb6b62233f4128fdb1c3b0f
model:LGT728D iter 81950: loss 1.5088, time 3128.98ms, mfu 1.26%
model:LGT728D iter 81960: loss 1.4987, time 211.42ms, mfu 1.25%
model:LGT728D iter 81970: loss 1.4705, time 206.91ms, mfu 1.26%
model:LGT728D iter 81980: loss 1.5157, time 206.93ms, mfu 1.26%
model:LGT728D iter 81990: loss 1.6705, time 199.52ms, mfu 1.26%
------average encoder activity 0.00065
-----------average decoder density 0.0000
step 82000: train loss 2.6862, val loss 2.6169
saving checkpoint to out-novel-char_LGT728D_4d06c3ce0eb6b62233f4128fdb1c3b0f
model:LGT728D iter 82000: loss 1.4187, time 3122.61ms, mfu 1.14%
model:LGT728D iter 82010: loss 1.3892, time 178.23ms, mfu 1.18%
model:LGT728D iter 82020: loss 1.5877, time 171.08ms, mfu 1.21%
model:LGT728D iter 82030: loss 1.3900, time 176.00ms, mfu 1.24%
model:LGT728D iter 82040: loss 1.3060, time 191.19ms, mfu 1.25%
------average encoder activity 0.00065
-----------average decoder density 0.0000
step 82050: train loss 2.6483, val loss 2.6033
saving checkpoint to out-novel-char_LGT728D_4d06c3ce0eb6b62233f4128fdb1c3b0f
model:LGT728D iter 82050: loss 1.6755, time 2945.96ms, mfu 1.14%
model:LGT728D iter 82060: loss 1.5225, time 171.59ms, mfu 1.17%
model:LGT728D iter 82070: loss 1.5130, time 166.69ms, mfu 1.21%
model:LGT728D iter 82080: loss 1.5318, time 163.62ms, mfu 1.25%
model:LGT728D iter 82090: loss 1.4328, time 166.37ms, mfu 1.28%
------average encoder activity 0.00065
-----------average decoder density 0.0000
step 82100: train loss 2.6852, val loss 2.6203
saving checkpoint to out-novel-char_LGT728D_4d06c3ce0eb6b62233f4128fdb1c3b0f
model:LGT728D iter 82100: loss 1.4640, time 3133.83ms, mfu 1.16%
model:LGT728D iter 82110: loss 1.3399, time 161.79ms, mfu 1.21%
model:LGT728D iter 82120: loss 1.5136, time 159.49ms, mfu 1.25%
model:LGT728D iter 82130: loss 1.7445, time 163.77ms, mfu 1.29%
model:LGT728D iter 82140: loss 1.3720, time 168.95ms, mfu 1.31%
------average encoder activity 0.00065
-----------average decoder density 0.0000
step 82150: train loss 2.6621, val loss 2.5993
saving checkpoint to out-novel-char_LGT728D_4d06c3ce0eb6b62233f4128fdb1c3b0f
model:LGT728D iter 82150: loss 1.5743, time 3122.87ms, mfu 1.19%
model:LGT728D iter 82160: loss 1.5498, time 169.61ms, mfu 1.23%
model:LGT728D iter 82170: loss 1.3536, time 165.91ms, mfu 1.26%
model:LGT728D iter 82180: loss 1.4218, time 161.66ms, mfu 1.30%
model:LGT728D iter 82190: loss 1.4246, time 159.07ms, mfu 1.33%
------average encoder activity 0.00065
-----------average decoder density 0.0000
step 82200: train loss 2.6733, val loss 2.6167
saving checkpoint to out-novel-char_LGT728D_4d06c3ce0eb6b62233f4128fdb1c3b0f
model:LGT728D iter 82200: loss 1.5451, time 3067.12ms, mfu 1.21%
model:LGT728D iter 82210: loss 1.5719, time 163.28ms, mfu 1.25%
model:LGT728D iter 82220: loss 1.4958, time 168.59ms, mfu 1.28%
model:LGT728D iter 82230: loss 1.2575, time 168.83ms, mfu 1.30%
model:LGT728D iter 82240: loss 1.5888, time 167.74ms, mfu 1.33%
------average encoder activity 0.00065
-----------average decoder density 0.0000
step 82250: train loss 2.6772, val loss 2.6186
saving checkpoint to out-novel-char_LGT728D_4d06c3ce0eb6b62233f4128fdb1c3b0f
model:LGT728D iter 82250: loss 1.4722, time 3010.99ms, mfu 1.21%
model:LGT728D iter 82260: loss 1.4525, time 231.12ms, mfu 1.20%
model:LGT728D iter 82270: loss 1.5463, time 164.15ms, mfu 1.24%
model:LGT728D iter 82280: loss 1.4592, time 169.30ms, mfu 1.27%
model:LGT728D iter 82290: loss 1.4119, time 184.02ms, mfu 1.28%
------average encoder activity 0.00065
-----------average decoder density 0.0000
step 82300: train loss 2.6610, val loss 2.6094
saving checkpoint to out-novel-char_LGT728D_4d06c3ce0eb6b62233f4128fdb1c3b0f
model:LGT728D iter 82300: loss 1.5637, time 3321.08ms, mfu 1.16%
model:LGT728D iter 82310: loss 1.3903, time 215.55ms, mfu 1.17%
model:LGT728D iter 82320: loss 1.3346, time 162.10ms, mfu 1.21%
model:LGT728D iter 82330: loss 1.4570, time 174.14ms, mfu 1.24%
model:LGT728D iter 82340: loss 1.5794, time 156.27ms, mfu 1.29%
------average encoder activity 0.00065
-----------average decoder density 0.0000
step 82350: train loss 2.6626, val loss 2.6070
saving checkpoint to out-novel-char_LGT728D_4d06c3ce0eb6b62233f4128fdb1c3b0f
model:LGT728D iter 82350: loss 1.5897, time 3246.60ms, mfu 1.16%
model:LGT728D iter 82360: loss 1.6167, time 208.99ms, mfu 1.17%
model:LGT728D iter 82370: loss 1.5646, time 143.39ms, mfu 1.24%
model:LGT728D iter 82380: loss 1.3902, time 142.78ms, mfu 1.30%
model:LGT728D iter 82390: loss 1.4676, time 152.91ms, mfu 1.34%
------average encoder activity 0.00065
-----------average decoder density 0.0000
step 82400: train loss 2.6717, val loss 2.5915
saving checkpoint to out-novel-char_LGT728D_4d06c3ce0eb6b62233f4128fdb1c3b0f
model:LGT728D iter 82400: loss 1.6819, time 3245.14ms, mfu 1.21%
model:LGT728D iter 82410: loss 1.6398, time 154.06ms, mfu 1.26%
model:LGT728D iter 82420: loss 1.4343, time 154.82ms, mfu 1.30%
model:LGT728D iter 82430: loss 1.4937, time 150.74ms, mfu 1.35%
model:LGT728D iter 82440: loss 1.3977, time 144.58ms, mfu 1.39%
------average encoder activity 0.00065
-----------average decoder density 0.0000
step 82450: train loss 2.6619, val loss 2.6035
saving checkpoint to out-novel-char_LGT728D_4d06c3ce0eb6b62233f4128fdb1c3b0f
model:LGT728D iter 82450: loss 1.3774, time 2910.57ms, mfu 1.26%
model:LGT728D iter 82460: loss 1.5275, time 152.59ms, mfu 1.31%
model:LGT728D iter 82470: loss 1.3801, time 153.92ms, mfu 1.35%
model:LGT728D iter 82480: loss 1.4405, time 154.30ms, mfu 1.38%
model:LGT728D iter 82490: loss 1.4928, time 155.68ms, mfu 1.41%
------average encoder activity 0.00065
-----------average decoder density 0.0000
step 82500: train loss 2.6630, val loss 2.5852
saving checkpoint to out-novel-char_LGT728D_4d06c3ce0eb6b62233f4128fdb1c3b0f
model:LGT728D iter 82500: loss 1.5395, time 3117.25ms, mfu 1.28%
model:LGT728D iter 82510: loss 1.4679, time 145.88ms, mfu 1.33%
model:LGT728D iter 82520: loss 1.3273, time 147.49ms, mfu 1.38%
model:LGT728D iter 82530: loss 1.6280, time 158.67ms, mfu 1.40%
model:LGT728D iter 82540: loss 1.4780, time 152.39ms, mfu 1.43%
------average encoder activity 0.00065
-----------average decoder density 0.0000
step 82550: train loss 2.6798, val loss 2.6071
saving checkpoint to out-novel-char_LGT728D_4d06c3ce0eb6b62233f4128fdb1c3b0f
model:LGT728D iter 82550: loss 1.2966, time 3258.10ms, mfu 1.30%
model:LGT728D iter 82560: loss 1.5927, time 169.94ms, mfu 1.32%
model:LGT728D iter 82570: loss 1.5595, time 159.13ms, mfu 1.36%
model:LGT728D iter 82580: loss 1.4665, time 146.28ms, mfu 1.40%
model:LGT728D iter 82590: loss 1.5191, time 144.67ms, mfu 1.44%
------average encoder activity 0.00065
-----------average decoder density 0.0000
step 82600: train loss 2.6670, val loss 2.5927
saving checkpoint to out-novel-char_LGT728D_4d06c3ce0eb6b62233f4128fdb1c3b0f
model:LGT728D iter 82600: loss 1.4618, time 3236.38ms, mfu 1.30%
model:LGT728D iter 82610: loss 1.3705, time 211.11ms, mfu 1.30%
model:LGT728D iter 82620: loss 1.3544, time 155.39ms, mfu 1.34%
model:LGT728D iter 82630: loss 1.3464, time 151.42ms, mfu 1.38%
model:LGT728D iter 82640: loss 1.5617, time 147.46ms, mfu 1.42%
------average encoder activity 0.00065
-----------average decoder density 0.0000
step 82650: train loss 2.6683, val loss 2.5997
saving checkpoint to out-novel-char_LGT728D_4d06c3ce0eb6b62233f4128fdb1c3b0f
model:LGT728D iter 82650: loss 1.4662, time 2982.91ms, mfu 1.28%
model:LGT728D iter 82660: loss 1.5994, time 179.09ms, mfu 1.30%
model:LGT728D iter 82670: loss 1.4865, time 160.17ms, mfu 1.33%
model:LGT728D iter 82680: loss 1.5230, time 156.15ms, mfu 1.37%
model:LGT728D iter 82690: loss 1.3939, time 155.66ms, mfu 1.40%
------average encoder activity 0.00065
-----------average decoder density 0.0000
step 82700: train loss 2.6742, val loss 2.6100
saving checkpoint to out-novel-char_LGT728D_4d06c3ce0eb6b62233f4128fdb1c3b0f
model:LGT728D iter 82700: loss 1.6678, time 3064.73ms, mfu 1.27%
model:LGT728D iter 82710: loss 1.5099, time 198.16ms, mfu 1.27%
model:LGT728D iter 82720: loss 1.5216, time 154.14ms, mfu 1.32%
model:LGT728D iter 82730: loss 1.4782, time 158.87ms, mfu 1.35%
model:LGT728D iter 82740: loss 1.5131, time 158.14ms, mfu 1.38%
------average encoder activity 0.00065
-----------average decoder density 0.0000
step 82750: train loss 2.6411, val loss 2.5799
saving checkpoint to out-novel-char_LGT728D_4d06c3ce0eb6b62233f4128fdb1c3b0f
model:LGT728D iter 82750: loss 1.5214, time 3168.70ms, mfu 1.25%
model:LGT728D iter 82760: loss 1.7832, time 152.03ms, mfu 1.30%
model:LGT728D iter 82770: loss 1.5663, time 144.06ms, mfu 1.35%
model:LGT728D iter 82780: loss 1.5222, time 146.23ms, mfu 1.39%
model:LGT728D iter 82790: loss 1.4149, time 155.34ms, mfu 1.42%
------average encoder activity 0.00065
-----------average decoder density 0.0000
step 82800: train loss 2.6473, val loss 2.5851
saving checkpoint to out-novel-char_LGT728D_4d06c3ce0eb6b62233f4128fdb1c3b0f
model:LGT728D iter 82800: loss 1.4956, time 3130.66ms, mfu 1.29%
model:LGT728D iter 82810: loss 1.2094, time 173.07ms, mfu 1.31%
model:LGT728D iter 82820: loss 1.5314, time 170.12ms, mfu 1.33%
model:LGT728D iter 82830: loss 1.6603, time 169.41ms, mfu 1.35%
model:LGT728D iter 82840: loss 1.5332, time 168.57ms, mfu 1.37%
------average encoder activity 0.00065
-----------average decoder density 0.0000
step 82850: train loss 2.6470, val loss 2.5827
saving checkpoint to out-novel-char_LGT728D_4d06c3ce0eb6b62233f4128fdb1c3b0f
model:LGT728D iter 82850: loss 1.4817, time 2929.44ms, mfu 1.25%
model:LGT728D iter 82860: loss 1.5591, time 170.15ms, mfu 1.28%
model:LGT728D iter 82870: loss 1.3039, time 155.53ms, mfu 1.32%
model:LGT728D iter 82880: loss 1.4794, time 152.57ms, mfu 1.36%
model:LGT728D iter 82890: loss 1.6760, time 161.11ms, mfu 1.38%
------average encoder activity 0.00065
-----------average decoder density 0.0000
step 82900: train loss 2.6492, val loss 2.5826
saving checkpoint to out-novel-char_LGT728D_4d06c3ce0eb6b62233f4128fdb1c3b0f
model:LGT728D iter 82900: loss 1.5629, time 3135.31ms, mfu 1.25%
model:LGT728D iter 82910: loss 1.4554, time 201.66ms, mfu 1.26%
model:LGT728D iter 82920: loss 1.3727, time 161.26ms, mfu 1.29%
model:LGT728D iter 82930: loss 1.4180, time 169.25ms, mfu 1.32%
model:LGT728D iter 82940: loss 1.4871, time 149.89ms, mfu 1.36%
------average encoder activity 0.00065
-----------average decoder density 0.0000
step 82950: train loss 2.6415, val loss 2.5832
saving checkpoint to out-novel-char_LGT728D_4d06c3ce0eb6b62233f4128fdb1c3b0f
model:LGT728D iter 82950: loss 1.4220, time 3131.47ms, mfu 1.23%
model:LGT728D iter 82960: loss 1.2946, time 151.96ms, mfu 1.28%
model:LGT728D iter 82970: loss 1.4782, time 151.05ms, mfu 1.33%
model:LGT728D iter 82980: loss 1.4691, time 145.35ms, mfu 1.38%
model:LGT728D iter 82990: loss 1.4573, time 144.74ms, mfu 1.42%
------average encoder activity 0.00065
-----------average decoder density 0.0000
step 83000: train loss 2.6385, val loss 2.5861
saving checkpoint to out-novel-char_LGT728D_4d06c3ce0eb6b62233f4128fdb1c3b0f
model:LGT728D iter 83000: loss 1.2372, time 3099.11ms, mfu 1.28%
model:LGT728D iter 83010: loss 1.3717, time 200.12ms, mfu 1.29%
model:LGT728D iter 83020: loss 1.6428, time 210.57ms, mfu 1.28%
model:LGT728D iter 83030: loss 1.5628, time 211.75ms, mfu 1.28%
model:LGT728D iter 83040: loss 1.3924, time 213.37ms, mfu 1.27%
------average encoder activity 0.00065
-----------average decoder density 0.0000
step 83050: train loss 2.6343, val loss 2.5830
saving checkpoint to out-novel-char_LGT728D_4d06c3ce0eb6b62233f4128fdb1c3b0f
model:LGT728D iter 83050: loss 1.5915, time 2899.92ms, mfu 1.15%
model:LGT728D iter 83060: loss 1.2984, time 207.28ms, mfu 1.17%
model:LGT728D iter 83070: loss 1.3420, time 204.65ms, mfu 1.18%
model:LGT728D iter 83080: loss 1.3773, time 213.69ms, mfu 1.18%
model:LGT728D iter 83090: loss 1.6550, time 207.60ms, mfu 1.19%
------average encoder activity 0.00065
-----------average decoder density 0.0000
step 83100: train loss 2.6316, val loss 2.5926
saving checkpoint to out-novel-char_LGT728D_4d06c3ce0eb6b62233f4128fdb1c3b0f
model:LGT728D iter 83100: loss 1.5157, time 2948.36ms, mfu 1.08%
model:LGT728D iter 83110: loss 1.5564, time 141.87ms, mfu 1.16%
model:LGT728D iter 83120: loss 1.5106, time 154.13ms, mfu 1.21%
model:LGT728D iter 83130: loss 1.2784, time 149.99ms, mfu 1.26%
model:LGT728D iter 83140: loss 1.4537, time 156.52ms, mfu 1.30%
------average encoder activity 0.00065
-----------average decoder density 0.0000
step 83150: train loss 2.6490, val loss 2.6066
saving checkpoint to out-novel-char_LGT728D_4d06c3ce0eb6b62233f4128fdb1c3b0f
model:LGT728D iter 83150: loss 1.5442, time 3245.65ms, mfu 1.18%
model:LGT728D iter 83160: loss 1.6212, time 198.21ms, mfu 1.20%
model:LGT728D iter 83170: loss 1.4438, time 199.04ms, mfu 1.21%
model:LGT728D iter 83180: loss 1.5354, time 213.24ms, mfu 1.21%
model:LGT728D iter 83190: loss 1.5908, time 168.90ms, mfu 1.24%
------average encoder activity 0.00065
-----------average decoder density 0.0000
step 83200: train loss 2.6417, val loss 2.5818
saving checkpoint to out-novel-char_LGT728D_4d06c3ce0eb6b62233f4128fdb1c3b0f
model:LGT728D iter 83200: loss 1.4449, time 3253.93ms, mfu 1.13%
model:LGT728D iter 83210: loss 1.5780, time 156.06ms, mfu 1.18%
model:LGT728D iter 83220: loss 1.5883, time 152.85ms, mfu 1.24%
model:LGT728D iter 83230: loss 1.5516, time 158.80ms, mfu 1.28%
model:LGT728D iter 83240: loss 1.5634, time 166.84ms, mfu 1.31%
------average encoder activity 0.00065
-----------average decoder density 0.0000
step 83250: train loss 2.6609, val loss 2.5887
saving checkpoint to out-novel-char_LGT728D_4d06c3ce0eb6b62233f4128fdb1c3b0f
model:LGT728D iter 83250: loss 1.6416, time 3274.46ms, mfu 1.18%
model:LGT728D iter 83260: loss 1.3710, time 208.63ms, mfu 1.19%
model:LGT728D iter 83270: loss 1.4825, time 156.10ms, mfu 1.24%
model:LGT728D iter 83280: loss 1.2185, time 159.58ms, mfu 1.28%
model:LGT728D iter 83290: loss 1.4003, time 145.28ms, mfu 1.33%
------average encoder activity 0.00065
-----------average decoder density 0.0000
step 83300: train loss 2.6493, val loss 2.5750
saving checkpoint to out-novel-char_LGT728D_4d06c3ce0eb6b62233f4128fdb1c3b0f
model:LGT728D iter 83300: loss 1.5570, time 2955.84ms, mfu 1.21%
model:LGT728D iter 83310: loss 1.4618, time 156.01ms, mfu 1.25%
model:LGT728D iter 83320: loss 1.4290, time 159.25ms, mfu 1.29%
model:LGT728D iter 83330: loss 1.2415, time 159.68ms, mfu 1.33%
model:LGT728D iter 83340: loss 1.5596, time 156.79ms, mfu 1.36%
------average encoder activity 0.00065
-----------average decoder density 0.0000
step 83350: train loss 2.6365, val loss 2.5789
saving checkpoint to out-novel-char_LGT728D_4d06c3ce0eb6b62233f4128fdb1c3b0f
model:LGT728D iter 83350: loss 1.5305, time 3111.00ms, mfu 1.23%
model:LGT728D iter 83360: loss 1.5698, time 146.47ms, mfu 1.29%
model:LGT728D iter 83370: loss 1.4563, time 158.47ms, mfu 1.33%
model:LGT728D iter 83380: loss 1.4110, time 158.61ms, mfu 1.36%
model:LGT728D iter 83390: loss 1.6125, time 160.37ms, mfu 1.39%
------average encoder activity 0.00065
-----------average decoder density 0.0000
step 83400: train loss 2.6430, val loss 2.5870
saving checkpoint to out-novel-char_LGT728D_4d06c3ce0eb6b62233f4128fdb1c3b0f
model:LGT728D iter 83400: loss 1.2338, time 3289.72ms, mfu 1.25%
model:LGT728D iter 83410: loss 1.5171, time 201.93ms, mfu 1.26%
model:LGT728D iter 83420: loss 1.4444, time 201.73ms, mfu 1.26%
model:LGT728D iter 83430: loss 1.5815, time 146.40ms, mfu 1.32%
model:LGT728D iter 83440: loss 1.5541, time 157.87ms, mfu 1.35%
------average encoder activity 0.00000
-----------average decoder density 0.0000
step 83450: train loss 2.6284, val loss 2.5758
saving checkpoint to out-novel-char_LGT728D_4d06c3ce0eb6b62233f4128fdb1c3b0f
model:LGT728D iter 83450: loss 1.5377, time 3272.43ms, mfu 1.22%
model:LGT728D iter 83460: loss 1.5813, time 213.65ms, mfu 1.22%
model:LGT728D iter 83470: loss 1.3992, time 155.02ms, mfu 1.27%
model:LGT728D iter 83480: loss 1.4964, time 147.03ms, mfu 1.32%
model:LGT728D iter 83490: loss 1.3854, time 146.96ms, mfu 1.37%
------average encoder activity 0.00000
-----------average decoder density 0.0000
step 83500: train loss 2.6288, val loss 2.5686
saving checkpoint to out-novel-char_LGT728D_4d06c3ce0eb6b62233f4128fdb1c3b0f
model:LGT728D iter 83500: loss 1.4851, time 3167.66ms, mfu 1.24%
model:LGT728D iter 83510: loss 1.7199, time 152.94ms, mfu 1.29%
model:LGT728D iter 83520: loss 1.6026, time 156.19ms, mfu 1.32%
model:LGT728D iter 83530: loss 1.4689, time 162.19ms, mfu 1.35%
model:LGT728D iter 83540: loss 1.4926, time 154.13ms, mfu 1.39%
------average encoder activity 0.00000
-----------average decoder density 0.0000
step 83550: train loss 2.6266, val loss 2.5705
saving checkpoint to out-novel-char_LGT728D_4d06c3ce0eb6b62233f4128fdb1c3b0f
model:LGT728D iter 83550: loss 1.5022, time 2934.57ms, mfu 1.26%
model:LGT728D iter 83560: loss 1.6336, time 208.40ms, mfu 1.26%
model:LGT728D iter 83570: loss 1.7625, time 157.16ms, mfu 1.30%
model:LGT728D iter 83580: loss 1.4981, time 161.22ms, mfu 1.33%
model:LGT728D iter 83590: loss 1.5778, time 158.73ms, mfu 1.36%
------average encoder activity 0.00000
-----------average decoder density 0.0000
step 83600: train loss 2.6331, val loss 2.5789
saving checkpoint to out-novel-char_LGT728D_4d06c3ce0eb6b62233f4128fdb1c3b0f
model:LGT728D iter 83600: loss 1.5867, time 3237.78ms, mfu 1.23%
model:LGT728D iter 83610: loss 1.6104, time 200.46ms, mfu 1.24%
model:LGT728D iter 83620: loss 1.4276, time 209.84ms, mfu 1.24%
model:LGT728D iter 83630: loss 1.4298, time 206.45ms, mfu 1.24%
model:LGT728D iter 83640: loss 1.6437, time 207.18ms, mfu 1.25%
------average encoder activity 0.00000
-----------average decoder density 0.0000
step 83650: train loss 2.6412, val loss 2.5684
saving checkpoint to out-novel-char_LGT728D_4d06c3ce0eb6b62233f4128fdb1c3b0f
model:LGT728D iter 83650: loss 1.6249, time 3284.83ms, mfu 1.13%
model:LGT728D iter 83660: loss 1.2722, time 200.00ms, mfu 1.15%
model:LGT728D iter 83670: loss 1.4567, time 214.97ms, mfu 1.15%
model:LGT728D iter 83680: loss 1.4789, time 169.96ms, mfu 1.19%
model:LGT728D iter 83690: loss 1.4413, time 170.43ms, mfu 1.23%
------average encoder activity 0.00000
-----------average decoder density 0.0000
step 83700: train loss 2.6159, val loss 2.5466
saving checkpoint to out-novel-char_LGT728D_4d06c3ce0eb6b62233f4128fdb1c3b0f
model:LGT728D iter 83700: loss 1.4535, time 3220.65ms, mfu 1.11%
model:LGT728D iter 83710: loss 1.4911, time 155.90ms, mfu 1.17%
model:LGT728D iter 83720: loss 1.4334, time 145.00ms, mfu 1.23%
model:LGT728D iter 83730: loss 1.4135, time 146.74ms, mfu 1.29%
model:LGT728D iter 83740: loss 1.4482, time 149.13ms, mfu 1.33%
------average encoder activity 0.00000
-----------average decoder density 0.0000
step 83750: train loss 2.6083, val loss 2.5512
saving checkpoint to out-novel-char_LGT728D_4d06c3ce0eb6b62233f4128fdb1c3b0f
model:LGT728D iter 83750: loss 1.4126, time 3231.26ms, mfu 1.21%
model:LGT728D iter 83760: loss 1.4510, time 209.78ms, mfu 1.21%
model:LGT728D iter 83770: loss 1.5821, time 209.06ms, mfu 1.22%
model:LGT728D iter 83780: loss 1.4957, time 208.59ms, mfu 1.22%
model:LGT728D iter 83790: loss 1.4832, time 199.49ms, mfu 1.23%
------average encoder activity 0.00000
-----------average decoder density 0.0000
step 83800: train loss 2.6042, val loss 2.5487
saving checkpoint to out-novel-char_LGT728D_4d06c3ce0eb6b62233f4128fdb1c3b0f
model:LGT728D iter 83800: loss 1.3167, time 3188.53ms, mfu 1.12%
model:LGT728D iter 83810: loss 1.5730, time 210.18ms, mfu 1.13%
model:LGT728D iter 83820: loss 1.3753, time 211.07ms, mfu 1.14%
model:LGT728D iter 83830: loss 1.3853, time 213.30ms, mfu 1.15%
model:LGT728D iter 83840: loss 1.5294, time 199.61ms, mfu 1.16%
------average encoder activity 0.00000
-----------average decoder density 0.0000
step 83850: train loss 2.6248, val loss 2.5757
saving checkpoint to out-novel-char_LGT728D_4d06c3ce0eb6b62233f4128fdb1c3b0f
model:LGT728D iter 83850: loss 1.5271, time 3069.03ms, mfu 1.06%
model:LGT728D iter 83860: loss 1.4850, time 210.33ms, mfu 1.08%
model:LGT728D iter 83870: loss 1.5079, time 212.46ms, mfu 1.09%
model:LGT728D iter 83880: loss 1.5396, time 210.49ms, mfu 1.11%
model:LGT728D iter 83890: loss 1.5902, time 209.07ms, mfu 1.12%
------average encoder activity 0.00000
-----------average decoder density 0.0000
step 83900: train loss 2.6297, val loss 2.5587
saving checkpoint to out-novel-char_LGT728D_4d06c3ce0eb6b62233f4128fdb1c3b0f
model:LGT728D iter 83900: loss 1.3892, time 2961.61ms, mfu 1.02%
model:LGT728D iter 83910: loss 1.3696, time 158.33ms, mfu 1.08%
model:LGT728D iter 83920: loss 1.3793, time 153.48ms, mfu 1.14%
model:LGT728D iter 83930: loss 1.2993, time 158.59ms, mfu 1.19%
model:LGT728D iter 83940: loss 1.5382, time 151.31ms, mfu 1.25%
------average encoder activity 0.00000
-----------average decoder density 0.0000
step 83950: train loss 2.6264, val loss 2.5609
saving checkpoint to out-novel-char_LGT728D_4d06c3ce0eb6b62233f4128fdb1c3b0f
model:LGT728D iter 83950: loss 1.5017, time 3114.60ms, mfu 1.13%
model:LGT728D iter 83960: loss 1.3018, time 200.26ms, mfu 1.15%
model:LGT728D iter 83970: loss 1.4919, time 176.65ms, mfu 1.18%
model:LGT728D iter 83980: loss 1.4780, time 167.89ms, mfu 1.22%
model:LGT728D iter 83990: loss 1.5936, time 165.07ms, mfu 1.26%
------average encoder activity 0.00000
-----------average decoder density 0.0000
step 84000: train loss 2.6221, val loss 2.5606
saving checkpoint to out-novel-char_LGT728D_4d06c3ce0eb6b62233f4128fdb1c3b0f
model:LGT728D iter 84000: loss 1.4232, time 3121.10ms, mfu 1.14%
model:LGT728D iter 84010: loss 1.3632, time 155.77ms, mfu 1.19%
model:LGT728D iter 84020: loss 1.5784, time 146.64ms, mfu 1.25%
model:LGT728D iter 84030: loss 1.3833, time 143.97ms, mfu 1.31%
model:LGT728D iter 84040: loss 1.3642, time 144.45ms, mfu 1.36%
------average encoder activity 0.00000
-----------average decoder density 0.0000
step 84050: train loss 2.6133, val loss 2.5551
saving checkpoint to out-novel-char_LGT728D_4d06c3ce0eb6b62233f4128fdb1c3b0f
model:LGT728D iter 84050: loss 1.3867, time 3144.26ms, mfu 1.23%
model:LGT728D iter 84060: loss 1.4627, time 210.16ms, mfu 1.23%
model:LGT728D iter 84070: loss 1.5177, time 208.30ms, mfu 1.24%
model:LGT728D iter 84080: loss 1.4108, time 211.52ms, mfu 1.24%
model:LGT728D iter 84090: loss 1.5597, time 204.26ms, mfu 1.24%
------average encoder activity 0.00000
-----------average decoder density 0.0000
step 84100: train loss 2.6043, val loss 2.5600
saving checkpoint to out-novel-char_LGT728D_4d06c3ce0eb6b62233f4128fdb1c3b0f
model:LGT728D iter 84100: loss 1.4180, time 3022.99ms, mfu 1.12%
model:LGT728D iter 84110: loss 1.5933, time 206.18ms, mfu 1.14%
model:LGT728D iter 84120: loss 1.6009, time 206.78ms, mfu 1.15%
model:LGT728D iter 84130: loss 1.5978, time 155.12ms, mfu 1.21%
model:LGT728D iter 84140: loss 1.4344, time 154.89ms, mfu 1.25%
------average encoder activity 0.00000
-----------average decoder density 0.0000
step 84150: train loss 2.6046, val loss 2.5374
saving checkpoint to out-novel-char_LGT728D_4d06c3ce0eb6b62233f4128fdb1c3b0f
model:LGT728D iter 84150: loss 1.3206, time 2950.23ms, mfu 1.14%
model:LGT728D iter 84160: loss 1.3656, time 205.19ms, mfu 1.15%
model:LGT728D iter 84170: loss 1.5038, time 206.08ms, mfu 1.16%
model:LGT728D iter 84180: loss 1.4611, time 198.86ms, mfu 1.18%
model:LGT728D iter 84190: loss 1.6109, time 209.85ms, mfu 1.19%
------average encoder activity 0.00000
-----------average decoder density 0.0000
step 84200: train loss 2.6191, val loss 2.5622
saving checkpoint to out-novel-char_LGT728D_4d06c3ce0eb6b62233f4128fdb1c3b0f
model:LGT728D iter 84200: loss 1.6186, time 3094.02ms, mfu 1.08%
model:LGT728D iter 84210: loss 1.4964, time 145.20ms, mfu 1.15%
model:LGT728D iter 84220: loss 1.5817, time 157.63ms, mfu 1.20%
model:LGT728D iter 84230: loss 1.5041, time 151.17ms, mfu 1.25%
model:LGT728D iter 84240: loss 1.5070, time 157.52ms, mfu 1.29%
------average encoder activity 0.00000
-----------average decoder density 0.0000
step 84250: train loss 2.6163, val loss 2.5506
saving checkpoint to out-novel-char_LGT728D_4d06c3ce0eb6b62233f4128fdb1c3b0f
model:LGT728D iter 84250: loss 1.4118, time 3194.73ms, mfu 1.17%
model:LGT728D iter 84260: loss 1.4521, time 157.65ms, mfu 1.22%
model:LGT728D iter 84270: loss 1.5650, time 146.30ms, mfu 1.28%
model:LGT728D iter 84280: loss 1.4651, time 144.41ms, mfu 1.33%
model:LGT728D iter 84290: loss 1.3766, time 144.63ms, mfu 1.38%
------average encoder activity 0.00000
-----------average decoder density 0.0000
step 84300: train loss 2.6130, val loss 2.5470
saving checkpoint to out-novel-char_LGT728D_4d06c3ce0eb6b62233f4128fdb1c3b0f
model:LGT728D iter 84300: loss 1.4626, time 3244.20ms, mfu 1.25%
model:LGT728D iter 84310: loss 1.4960, time 154.48ms, mfu 1.29%
model:LGT728D iter 84320: loss 1.5022, time 153.58ms, mfu 1.33%
model:LGT728D iter 84330: loss 1.4588, time 154.92ms, mfu 1.37%
model:LGT728D iter 84340: loss 1.3043, time 145.10ms, mfu 1.41%
------average encoder activity 0.00000
-----------average decoder density 0.0000
step 84350: train loss 2.6162, val loss 2.5406
saving checkpoint to out-novel-char_LGT728D_4d06c3ce0eb6b62233f4128fdb1c3b0f
model:LGT728D iter 84350: loss 1.4413, time 2921.32ms, mfu 1.28%
model:LGT728D iter 84360: loss 1.3804, time 204.68ms, mfu 1.28%
model:LGT728D iter 84370: loss 1.5694, time 207.49ms, mfu 1.28%
model:LGT728D iter 84380: loss 1.5928, time 159.07ms, mfu 1.32%
model:LGT728D iter 84390: loss 1.4812, time 158.90ms, mfu 1.35%
------average encoder activity 0.00000
-----------average decoder density 0.0000
step 84400: train loss 2.6043, val loss 2.5451
saving checkpoint to out-novel-char_LGT728D_4d06c3ce0eb6b62233f4128fdb1c3b0f
model:LGT728D iter 84400: loss 1.5732, time 3007.59ms, mfu 1.22%
model:LGT728D iter 84410: loss 1.4907, time 205.37ms, mfu 1.23%
model:LGT728D iter 84420: loss 1.5161, time 206.99ms, mfu 1.23%
model:LGT728D iter 84430: loss 1.6547, time 183.67ms, mfu 1.25%
model:LGT728D iter 84440: loss 1.4077, time 159.16ms, mfu 1.29%
------average encoder activity 0.00000
-----------average decoder density 0.0000
step 84450: train loss 2.5931, val loss 2.5534
saving checkpoint to out-novel-char_LGT728D_4d06c3ce0eb6b62233f4128fdb1c3b0f
model:LGT728D iter 84450: loss 1.3998, time 3234.64ms, mfu 1.17%
model:LGT728D iter 84460: loss 1.3867, time 199.92ms, mfu 1.18%
model:LGT728D iter 84470: loss 1.4287, time 205.42ms, mfu 1.19%
model:LGT728D iter 84480: loss 1.4810, time 210.09ms, mfu 1.20%
model:LGT728D iter 84490: loss 1.3807, time 209.60ms, mfu 1.20%
------average encoder activity 0.00000
-----------average decoder density 0.0000
step 84500: train loss 2.5944, val loss 2.5289
saving checkpoint to out-novel-char_LGT728D_4d06c3ce0eb6b62233f4128fdb1c3b0f
model:LGT728D iter 84500: loss 1.4005, time 3261.92ms, mfu 1.09%
model:LGT728D iter 84510: loss 1.3870, time 200.90ms, mfu 1.11%
model:LGT728D iter 84520: loss 1.5360, time 199.66ms, mfu 1.13%
model:LGT728D iter 84530: loss 1.4067, time 207.02ms, mfu 1.14%
model:LGT728D iter 84540: loss 1.4716, time 153.50ms, mfu 1.20%
------average encoder activity 0.00000
-----------average decoder density 0.0000
step 84550: train loss 2.6058, val loss 2.5316
saving checkpoint to out-novel-char_LGT728D_4d06c3ce0eb6b62233f4128fdb1c3b0f
model:LGT728D iter 84550: loss 1.5111, time 3225.39ms, mfu 1.09%
model:LGT728D iter 84560: loss 1.4857, time 204.76ms, mfu 1.11%
model:LGT728D iter 84570: loss 1.4582, time 144.54ms, mfu 1.18%
model:LGT728D iter 84580: loss 1.5034, time 145.97ms, mfu 1.24%
model:LGT728D iter 84590: loss 1.5012, time 148.65ms, mfu 1.29%
------average encoder activity 0.00000
-----------average decoder density 0.0000
step 84600: train loss 2.6172, val loss 2.5439
saving checkpoint to out-novel-char_LGT728D_4d06c3ce0eb6b62233f4128fdb1c3b0f
model:LGT728D iter 84600: loss 1.4103, time 3245.72ms, mfu 1.17%
model:LGT728D iter 84610: loss 1.4495, time 204.52ms, mfu 1.18%
model:LGT728D iter 84620: loss 1.5270, time 208.01ms, mfu 1.19%
model:LGT728D iter 84630: loss 1.5609, time 201.93ms, mfu 1.20%
model:LGT728D iter 84640: loss 1.3473, time 201.39ms, mfu 1.21%
------average encoder activity 0.00000
-----------average decoder density 0.0000
step 84650: train loss 2.6044, val loss 2.5537
saving checkpoint to out-novel-char_LGT728D_4d06c3ce0eb6b62233f4128fdb1c3b0f
model:LGT728D iter 84650: loss 1.3412, time 3349.05ms, mfu 1.10%
model:LGT728D iter 84660: loss 1.5182, time 205.00ms, mfu 1.11%
model:LGT728D iter 84670: loss 1.4867, time 158.25ms, mfu 1.17%
model:LGT728D iter 84680: loss 1.6544, time 154.85ms, mfu 1.22%
model:LGT728D iter 84690: loss 1.6241, time 146.48ms, mfu 1.28%
------average encoder activity 0.00000
-----------average decoder density 0.0000
step 84700: train loss 2.5849, val loss 2.5287
saving checkpoint to out-novel-char_LGT728D_4d06c3ce0eb6b62233f4128fdb1c3b0f
model:LGT728D iter 84700: loss 1.5651, time 2902.91ms, mfu 1.16%
model:LGT728D iter 84710: loss 1.2905, time 211.78ms, mfu 1.17%
model:LGT728D iter 84720: loss 1.2649, time 206.42ms, mfu 1.18%
model:LGT728D iter 84730: loss 1.4517, time 209.66ms, mfu 1.18%
model:LGT728D iter 84740: loss 1.4974, time 208.47ms, mfu 1.19%
------average encoder activity 0.00000
-----------average decoder density 0.0000
step 84750: train loss 2.5966, val loss 2.5366
saving checkpoint to out-novel-char_LGT728D_4d06c3ce0eb6b62233f4128fdb1c3b0f
model:LGT728D iter 84750: loss 1.5696, time 2886.71ms, mfu 1.08%
model:LGT728D iter 84760: loss 1.4121, time 156.80ms, mfu 1.14%
model:LGT728D iter 84770: loss 1.3754, time 158.83ms, mfu 1.19%
model:LGT728D iter 84780: loss 1.5183, time 153.30ms, mfu 1.24%
model:LGT728D iter 84790: loss 1.4641, time 150.49ms, mfu 1.29%
------average encoder activity 0.00000
-----------average decoder density 0.0000
step 84800: train loss 2.5687, val loss 2.5276
saving checkpoint to out-novel-char_LGT728D_4d06c3ce0eb6b62233f4128fdb1c3b0f
model:LGT728D iter 84800: loss 1.4418, time 3226.71ms, mfu 1.17%
model:LGT728D iter 84810: loss 1.3858, time 143.83ms, mfu 1.24%
model:LGT728D iter 84820: loss 1.3191, time 145.34ms, mfu 1.29%
model:LGT728D iter 84830: loss 1.2967, time 144.39ms, mfu 1.34%
model:LGT728D iter 84840: loss 1.5286, time 157.52ms, mfu 1.38%
------average encoder activity 0.00000
-----------average decoder density 0.0000
step 84850: train loss 2.5924, val loss 2.5264
saving checkpoint to out-novel-char_LGT728D_4d06c3ce0eb6b62233f4128fdb1c3b0f
model:LGT728D iter 84850: loss 1.5614, time 3185.31ms, mfu 1.25%
model:LGT728D iter 84860: loss 1.4437, time 152.46ms, mfu 1.29%
model:LGT728D iter 84870: loss 1.4748, time 155.60ms, mfu 1.33%
model:LGT728D iter 84880: loss 1.6220, time 152.91ms, mfu 1.37%
model:LGT728D iter 84890: loss 1.4132, time 143.88ms, mfu 1.42%
------average encoder activity 0.00000
-----------average decoder density 0.0000
step 84900: train loss 2.6025, val loss 2.5208
saving checkpoint to out-novel-char_LGT728D_4d06c3ce0eb6b62233f4128fdb1c3b0f
model:LGT728D iter 84900: loss 1.6438, time 3016.51ms, mfu 1.28%
model:LGT728D iter 84910: loss 1.5879, time 151.35ms, mfu 1.33%
model:LGT728D iter 84920: loss 1.4077, time 154.47ms, mfu 1.36%
model:LGT728D iter 84930: loss 1.2771, time 158.77ms, mfu 1.39%
model:LGT728D iter 84940: loss 1.5969, time 150.83ms, mfu 1.43%
------average encoder activity 0.00000
-----------average decoder density 0.0000
step 84950: train loss 2.5672, val loss 2.5137
saving checkpoint to out-novel-char_LGT728D_4d06c3ce0eb6b62233f4128fdb1c3b0f
model:LGT728D iter 84950: loss 1.4138, time 3021.91ms, mfu 1.29%
model:LGT728D iter 84960: loss 1.5281, time 144.93ms, mfu 1.34%
model:LGT728D iter 84970: loss 1.5290, time 152.82ms, mfu 1.38%
model:LGT728D iter 84980: loss 1.4457, time 147.87ms, mfu 1.42%
model:LGT728D iter 84990: loss 1.4286, time 153.40ms, mfu 1.45%
------average encoder activity 0.00000
-----------average decoder density 0.0000
step 85000: train loss 2.5749, val loss 2.5236
saving checkpoint to out-novel-char_LGT728D_4d06c3ce0eb6b62233f4128fdb1c3b0f
model:LGT728D iter 85000: loss 1.4034, time 3169.21ms, mfu 1.31%
model:LGT728D iter 85010: loss 1.3191, time 153.58ms, mfu 1.35%
model:LGT728D iter 85020: loss 1.3615, time 143.98ms, mfu 1.40%
model:LGT728D iter 85030: loss 1.5180, time 143.85ms, mfu 1.44%
model:LGT728D iter 85040: loss 1.4297, time 151.31ms, mfu 1.47%
------average encoder activity 0.00000
-----------average decoder density 0.0000
step 85050: train loss 2.5864, val loss 2.5283
saving checkpoint to out-novel-char_LGT728D_4d06c3ce0eb6b62233f4128fdb1c3b0f
model:LGT728D iter 85050: loss 1.3524, time 3205.05ms, mfu 1.33%
model:LGT728D iter 85060: loss 1.4224, time 153.14ms, mfu 1.37%
model:LGT728D iter 85070: loss 1.4637, time 157.73ms, mfu 1.40%
model:LGT728D iter 85080: loss 1.4941, time 157.12ms, mfu 1.42%
model:LGT728D iter 85090: loss 1.3613, time 147.44ms, mfu 1.46%
------average encoder activity 0.00000
-----------average decoder density 0.0000
step 85100: train loss 2.5905, val loss 2.5223
saving checkpoint to out-novel-char_LGT728D_4d06c3ce0eb6b62233f4128fdb1c3b0f
model:LGT728D iter 85100: loss 1.5573, time 2953.35ms, mfu 1.32%
model:LGT728D iter 85110: loss 1.3991, time 153.20ms, mfu 1.36%
model:LGT728D iter 85120: loss 1.5561, time 149.48ms, mfu 1.40%
model:LGT728D iter 85130: loss 1.4346, time 156.80ms, mfu 1.43%
model:LGT728D iter 85140: loss 1.5715, time 152.53ms, mfu 1.46%
------average encoder activity 0.00000
-----------average decoder density 0.0000
step 85150: train loss 2.5779, val loss 2.5190
saving checkpoint to out-novel-char_LGT728D_4d06c3ce0eb6b62233f4128fdb1c3b0f
model:LGT728D iter 85150: loss 1.3869, time 3092.04ms, mfu 1.32%
model:LGT728D iter 85160: loss 1.4306, time 198.87ms, mfu 1.32%
model:LGT728D iter 85170: loss 1.4796, time 206.19ms, mfu 1.31%
model:LGT728D iter 85180: loss 1.3771, time 209.69ms, mfu 1.31%
model:LGT728D iter 85190: loss 1.6125, time 209.37ms, mfu 1.30%
------average encoder activity 0.00000
-----------average decoder density 0.0000
step 85200: train loss 2.6033, val loss 2.5356
saving checkpoint to out-novel-char_LGT728D_4d06c3ce0eb6b62233f4128fdb1c3b0f
model:LGT728D iter 85200: loss 1.5004, time 3123.29ms, mfu 1.18%
model:LGT728D iter 85210: loss 1.3954, time 176.44ms, mfu 1.21%
model:LGT728D iter 85220: loss 1.5157, time 144.89ms, mfu 1.27%
model:LGT728D iter 85230: loss 1.5168, time 159.79ms, mfu 1.31%
model:LGT728D iter 85240: loss 1.6469, time 154.88ms, mfu 1.34%
------average encoder activity 0.00000
-----------average decoder density 0.0000
step 85250: train loss 2.5992, val loss 2.5317
saving checkpoint to out-novel-char_LGT728D_4d06c3ce0eb6b62233f4128fdb1c3b0f
model:LGT728D iter 85250: loss 1.2846, time 3140.92ms, mfu 1.22%
model:LGT728D iter 85260: loss 1.6270, time 213.78ms, mfu 1.22%
model:LGT728D iter 85270: loss 1.4594, time 209.09ms, mfu 1.22%
model:LGT728D iter 85280: loss 1.5920, time 199.06ms, mfu 1.23%
model:LGT728D iter 85290: loss 1.5164, time 198.16ms, mfu 1.24%
------average encoder activity 0.00000
-----------average decoder density 0.0000
step 85300: train loss 2.5700, val loss 2.5397
saving checkpoint to out-novel-char_LGT728D_4d06c3ce0eb6b62233f4128fdb1c3b0f
model:LGT728D iter 85300: loss 1.4604, time 3242.43ms, mfu 1.12%
model:LGT728D iter 85310: loss 1.4699, time 165.08ms, mfu 1.17%
model:LGT728D iter 85320: loss 1.5582, time 174.31ms, mfu 1.20%
model:LGT728D iter 85330: loss 1.4118, time 167.23ms, mfu 1.24%
model:LGT728D iter 85340: loss 1.5086, time 160.42ms, mfu 1.28%
------average encoder activity 0.00000
-----------average decoder density 0.0000
step 85350: train loss 2.5727, val loss 2.5163
saving checkpoint to out-novel-char_LGT728D_4d06c3ce0eb6b62233f4128fdb1c3b0f
model:LGT728D iter 85350: loss 1.4868, time 3045.16ms, mfu 1.16%
model:LGT728D iter 85360: loss 1.4967, time 174.05ms, mfu 1.19%
model:LGT728D iter 85370: loss 1.6950, time 168.08ms, mfu 1.23%
model:LGT728D iter 85380: loss 1.3249, time 160.36ms, mfu 1.27%
model:LGT728D iter 85390: loss 1.3968, time 153.24ms, mfu 1.31%
------average encoder activity 0.00000
-----------average decoder density 0.0000
step 85400: train loss 2.5861, val loss 2.5168
saving checkpoint to out-novel-char_LGT728D_4d06c3ce0eb6b62233f4128fdb1c3b0f
model:LGT728D iter 85400: loss 1.4896, time 3002.80ms, mfu 1.19%
model:LGT728D iter 85410: loss 1.4446, time 212.22ms, mfu 1.20%
model:LGT728D iter 85420: loss 1.4694, time 205.74ms, mfu 1.20%
model:LGT728D iter 85430: loss 1.5071, time 166.63ms, mfu 1.24%
model:LGT728D iter 85440: loss 1.4818, time 151.53ms, mfu 1.29%
------average encoder activity 0.00000
-----------average decoder density 0.0000
step 85450: train loss 2.5525, val loss 2.5080
saving checkpoint to out-novel-char_LGT728D_4d06c3ce0eb6b62233f4128fdb1c3b0f
model:LGT728D iter 85450: loss 1.6235, time 3174.26ms, mfu 1.17%
model:LGT728D iter 85460: loss 1.2630, time 146.46ms, mfu 1.23%
model:LGT728D iter 85470: loss 1.3977, time 147.06ms, mfu 1.28%
model:LGT728D iter 85480: loss 1.5529, time 159.94ms, mfu 1.32%
model:LGT728D iter 85490: loss 1.3610, time 153.33ms, mfu 1.36%
------average encoder activity 0.00000
-----------average decoder density 0.0000
step 85500: train loss 2.5744, val loss 2.5208
saving checkpoint to out-novel-char_LGT728D_4d06c3ce0eb6b62233f4128fdb1c3b0f
model:LGT728D iter 85500: loss 1.4331, time 3234.61ms, mfu 1.23%
model:LGT728D iter 85510: loss 1.5181, time 161.14ms, mfu 1.27%
model:LGT728D iter 85520: loss 1.4776, time 156.79ms, mfu 1.31%
model:LGT728D iter 85530: loss 1.5485, time 146.59ms, mfu 1.36%
model:LGT728D iter 85540: loss 1.4152, time 145.25ms, mfu 1.40%
------average encoder activity 0.00000
-----------average decoder density 0.0000
step 85550: train loss 2.5724, val loss 2.5083
saving checkpoint to out-novel-char_LGT728D_4d06c3ce0eb6b62233f4128fdb1c3b0f
model:LGT728D iter 85550: loss 1.6142, time 3256.73ms, mfu 1.27%
model:LGT728D iter 85560: loss 1.4779, time 157.29ms, mfu 1.31%
model:LGT728D iter 85570: loss 1.5344, time 162.18ms, mfu 1.34%
model:LGT728D iter 85580: loss 1.4938, time 150.02ms, mfu 1.38%
model:LGT728D iter 85590: loss 1.4529, time 161.01ms, mfu 1.40%
------average encoder activity 0.00000
-----------average decoder density 0.0000
step 85600: train loss 2.5804, val loss 2.5175
saving checkpoint to out-novel-char_LGT728D_4d06c3ce0eb6b62233f4128fdb1c3b0f
model:LGT728D iter 85600: loss 1.3244, time 2902.14ms, mfu 1.27%
model:LGT728D iter 85610: loss 1.3651, time 165.67ms, mfu 1.30%
model:LGT728D iter 85620: loss 1.4438, time 157.24ms, mfu 1.34%
model:LGT728D iter 85630: loss 1.4267, time 154.81ms, mfu 1.38%
model:LGT728D iter 85640: loss 1.2916, time 157.47ms, mfu 1.40%
------average encoder activity 0.00000
-----------average decoder density 0.0000
step 85650: train loss 2.5420, val loss 2.5104
saving checkpoint to out-novel-char_LGT728D_4d06c3ce0eb6b62233f4128fdb1c3b0f
model:LGT728D iter 85650: loss 1.5131, time 3231.55ms, mfu 1.27%
model:LGT728D iter 85660: loss 1.6157, time 160.64ms, mfu 1.31%
model:LGT728D iter 85670: loss 1.4663, time 161.17ms, mfu 1.34%
model:LGT728D iter 85680: loss 1.5532, time 173.25ms, mfu 1.36%
model:LGT728D iter 85690: loss 1.5480, time 165.48ms, mfu 1.38%
------average encoder activity 0.00000
-----------average decoder density 0.0000
step 85700: train loss 2.5646, val loss 2.4940
saving checkpoint to out-novel-char_LGT728D_4d06c3ce0eb6b62233f4128fdb1c3b0f
model:LGT728D iter 85700: loss 1.2021, time 3274.82ms, mfu 1.25%
model:LGT728D iter 85710: loss 1.5227, time 168.61ms, mfu 1.28%
model:LGT728D iter 85720: loss 1.5753, time 160.67ms, mfu 1.31%
model:LGT728D iter 85730: loss 1.6031, time 160.65ms, mfu 1.35%
model:LGT728D iter 85740: loss 1.3836, time 172.43ms, mfu 1.36%
------average encoder activity 0.00000
-----------average decoder density 0.0000
step 85750: train loss 2.5652, val loss 2.5056
saving checkpoint to out-novel-char_LGT728D_4d06c3ce0eb6b62233f4128fdb1c3b0f
model:LGT728D iter 85750: loss 1.5092, time 3257.92ms, mfu 1.23%
model:LGT728D iter 85760: loss 1.4618, time 208.73ms, mfu 1.24%
model:LGT728D iter 85770: loss 1.3799, time 207.24ms, mfu 1.24%
model:LGT728D iter 85780: loss 1.4809, time 198.63ms, mfu 1.25%
model:LGT728D iter 85790: loss 1.5622, time 200.02ms, mfu 1.25%
------average encoder activity 0.00000
-----------average decoder density 0.0000
step 85800: train loss 2.5714, val loss 2.4997
saving checkpoint to out-novel-char_LGT728D_4d06c3ce0eb6b62233f4128fdb1c3b0f
model:LGT728D iter 85800: loss 1.4215, time 3244.23ms, mfu 1.14%
model:LGT728D iter 85810: loss 1.5028, time 207.62ms, mfu 1.15%
model:LGT728D iter 85820: loss 1.3693, time 204.29ms, mfu 1.16%
model:LGT728D iter 85830: loss 1.4866, time 198.45ms, mfu 1.18%
model:LGT728D iter 85840: loss 1.4963, time 180.87ms, mfu 1.20%
------average encoder activity 0.00000
-----------average decoder density 0.0000
step 85850: train loss 2.5821, val loss 2.5153
saving checkpoint to out-novel-char_LGT728D_4d06c3ce0eb6b62233f4128fdb1c3b0f
model:LGT728D iter 85850: loss 1.5155, time 3178.90ms, mfu 1.09%
model:LGT728D iter 85860: loss 1.6606, time 206.25ms, mfu 1.11%
model:LGT728D iter 85870: loss 1.3892, time 194.82ms, mfu 1.13%
model:LGT728D iter 85880: loss 1.3616, time 210.93ms, mfu 1.14%
model:LGT728D iter 85890: loss 1.3848, time 200.85ms, mfu 1.16%
------average encoder activity 0.00000
-----------average decoder density 0.0000
step 85900: train loss 2.5550, val loss 2.5035
saving checkpoint to out-novel-char_LGT728D_4d06c3ce0eb6b62233f4128fdb1c3b0f
model:LGT728D iter 85900: loss 1.5982, time 2966.35ms, mfu 1.05%
model:LGT728D iter 85910: loss 1.3507, time 173.58ms, mfu 1.10%
model:LGT728D iter 85920: loss 1.5227, time 171.94ms, mfu 1.14%
model:LGT728D iter 85930: loss 1.4496, time 170.52ms, mfu 1.18%
model:LGT728D iter 85940: loss 1.3980, time 152.99ms, mfu 1.23%
------average encoder activity 0.00000
-----------average decoder density 0.0000
step 85950: train loss 2.5542, val loss 2.5071
saving checkpoint to out-novel-char_LGT728D_4d06c3ce0eb6b62233f4128fdb1c3b0f
model:LGT728D iter 85950: loss 1.5636, time 2997.47ms, mfu 1.12%
model:LGT728D iter 85960: loss 1.4315, time 160.28ms, mfu 1.17%
model:LGT728D iter 85970: loss 1.4643, time 173.46ms, mfu 1.20%
model:LGT728D iter 85980: loss 1.3703, time 169.75ms, mfu 1.24%
model:LGT728D iter 85990: loss 1.4073, time 169.77ms, mfu 1.27%
------average encoder activity 0.00000
-----------average decoder density 0.0000
step 86000: train loss 2.5543, val loss 2.5142
saving checkpoint to out-novel-char_LGT728D_4d06c3ce0eb6b62233f4128fdb1c3b0f
model:LGT728D iter 86000: loss 1.5020, time 3256.54ms, mfu 1.15%
model:LGT728D iter 86010: loss 1.4941, time 158.90ms, mfu 1.20%
model:LGT728D iter 86020: loss 1.5451, time 159.21ms, mfu 1.24%
model:LGT728D iter 86030: loss 1.6705, time 174.90ms, mfu 1.27%
model:LGT728D iter 86040: loss 1.5571, time 166.58ms, mfu 1.30%
------average encoder activity 0.00000
-----------average decoder density 0.0000
step 86050: train loss 2.5533, val loss 2.4974
saving checkpoint to out-novel-char_LGT728D_4d06c3ce0eb6b62233f4128fdb1c3b0f
model:LGT728D iter 86050: loss 1.4612, time 3229.00ms, mfu 1.18%
model:LGT728D iter 86060: loss 1.6057, time 207.24ms, mfu 1.19%
model:LGT728D iter 86070: loss 1.5786, time 200.44ms, mfu 1.20%
model:LGT728D iter 86080: loss 1.4110, time 201.42ms, mfu 1.21%
model:LGT728D iter 86090: loss 1.5218, time 207.73ms, mfu 1.21%
------average encoder activity 0.00000
-----------average decoder density 0.0000
step 86100: train loss 2.5772, val loss 2.5094
saving checkpoint to out-novel-char_LGT728D_4d06c3ce0eb6b62233f4128fdb1c3b0f
model:LGT728D iter 86100: loss 1.4323, time 3235.36ms, mfu 1.10%
model:LGT728D iter 86110: loss 1.5184, time 159.68ms, mfu 1.15%
model:LGT728D iter 86120: loss 1.4683, time 154.31ms, mfu 1.21%
model:LGT728D iter 86130: loss 1.5171, time 152.30ms, mfu 1.26%
model:LGT728D iter 86140: loss 1.5388, time 145.66ms, mfu 1.31%
------average encoder activity 0.00000
-----------average decoder density 0.0000
step 86150: train loss 2.5559, val loss 2.5093
saving checkpoint to out-novel-char_LGT728D_4d06c3ce0eb6b62233f4128fdb1c3b0f
model:LGT728D iter 86150: loss 1.3728, time 3104.48ms, mfu 1.19%
model:LGT728D iter 86160: loss 1.4246, time 219.32ms, mfu 1.19%
model:LGT728D iter 86170: loss 1.4184, time 176.88ms, mfu 1.22%
model:LGT728D iter 86180: loss 1.5977, time 173.35ms, mfu 1.25%
model:LGT728D iter 86190: loss 1.4944, time 175.98ms, mfu 1.27%
------average encoder activity 0.00000
-----------average decoder density 0.0000
step 86200: train loss 2.5527, val loss 2.5036
saving checkpoint to out-novel-char_LGT728D_4d06c3ce0eb6b62233f4128fdb1c3b0f
model:LGT728D iter 86200: loss 1.3415, time 2831.34ms, mfu 1.15%
model:LGT728D iter 86210: loss 1.5793, time 174.10ms, mfu 1.19%
model:LGT728D iter 86220: loss 1.5236, time 169.78ms, mfu 1.22%
model:LGT728D iter 86230: loss 1.4805, time 172.93ms, mfu 1.25%
model:LGT728D iter 86240: loss 1.4701, time 169.13ms, mfu 1.28%
------average encoder activity 0.00000
-----------average decoder density 0.0000
step 86250: train loss 2.5419, val loss 2.4938
saving checkpoint to out-novel-char_LGT728D_4d06c3ce0eb6b62233f4128fdb1c3b0f
model:LGT728D iter 86250: loss 1.4395, time 3208.42ms, mfu 1.16%
model:LGT728D iter 86260: loss 1.4008, time 215.26ms, mfu 1.17%
model:LGT728D iter 86270: loss 1.5063, time 175.69ms, mfu 1.20%
model:LGT728D iter 86280: loss 1.5126, time 173.73ms, mfu 1.23%
model:LGT728D iter 86290: loss 1.5245, time 171.78ms, mfu 1.26%
------average encoder activity 0.00000
-----------average decoder density 0.0000
step 86300: train loss 2.5690, val loss 2.5127
saving checkpoint to out-novel-char_LGT728D_4d06c3ce0eb6b62233f4128fdb1c3b0f
model:LGT728D iter 86300: loss 1.7105, time 3242.91ms, mfu 1.14%
model:LGT728D iter 86310: loss 1.4449, time 160.27ms, mfu 1.19%
model:LGT728D iter 86320: loss 1.4793, time 159.98ms, mfu 1.24%
model:LGT728D iter 86330: loss 1.5089, time 159.94ms, mfu 1.28%
model:LGT728D iter 86340: loss 1.4309, time 174.51ms, mfu 1.30%
------average encoder activity 0.00000
-----------average decoder density 0.0000
step 86350: train loss 2.5491, val loss 2.5063
saving checkpoint to out-novel-char_LGT728D_4d06c3ce0eb6b62233f4128fdb1c3b0f
model:LGT728D iter 86350: loss 1.3526, time 3264.43ms, mfu 1.18%
model:LGT728D iter 86360: loss 1.5391, time 171.28ms, mfu 1.21%
model:LGT728D iter 86370: loss 1.4957, time 169.53ms, mfu 1.24%
model:LGT728D iter 86380: loss 1.5556, time 159.60ms, mfu 1.28%
model:LGT728D iter 86390: loss 1.2874, time 160.28ms, mfu 1.32%
------average encoder activity 0.00000
-----------average decoder density 0.0000
step 86400: train loss 2.5442, val loss 2.4925
saving checkpoint to out-novel-char_LGT728D_4d06c3ce0eb6b62233f4128fdb1c3b0f
model:LGT728D iter 86400: loss 1.2212, time 3218.40ms, mfu 1.20%
model:LGT728D iter 86410: loss 1.5678, time 168.23ms, mfu 1.23%
model:LGT728D iter 86420: loss 1.4715, time 172.77ms, mfu 1.26%
model:LGT728D iter 86430: loss 1.3151, time 169.42ms, mfu 1.29%
model:LGT728D iter 86440: loss 1.1359, time 172.80ms, mfu 1.31%
------average encoder activity 0.00000
-----------average decoder density 0.0000
step 86450: train loss 2.5412, val loss 2.4868
saving checkpoint to out-novel-char_LGT728D_4d06c3ce0eb6b62233f4128fdb1c3b0f
model:LGT728D iter 86450: loss 1.4145, time 2848.68ms, mfu 1.19%
model:LGT728D iter 86460: loss 1.4197, time 173.07ms, mfu 1.22%
model:LGT728D iter 86470: loss 1.3775, time 158.59ms, mfu 1.26%
model:LGT728D iter 86480: loss 1.4231, time 152.64ms, mfu 1.31%
model:LGT728D iter 86490: loss 1.3601, time 152.40ms, mfu 1.35%
------average encoder activity 0.00000
-----------average decoder density 0.0000
step 86500: train loss 2.5459, val loss 2.4910
saving checkpoint to out-novel-char_LGT728D_4d06c3ce0eb6b62233f4128fdb1c3b0f
model:LGT728D iter 86500: loss 1.4908, time 3174.83ms, mfu 1.22%
model:LGT728D iter 86510: loss 1.3956, time 199.53ms, mfu 1.23%
model:LGT728D iter 86520: loss 1.5193, time 208.03ms, mfu 1.23%
model:LGT728D iter 86530: loss 1.4193, time 167.25ms, mfu 1.27%
model:LGT728D iter 86540: loss 1.5004, time 160.43ms, mfu 1.30%
------average encoder activity 0.00000
-----------average decoder density 0.0000
step 86550: train loss 2.5372, val loss 2.4945
saving checkpoint to out-novel-char_LGT728D_4d06c3ce0eb6b62233f4128fdb1c3b0f
model:LGT728D iter 86550: loss 1.5233, time 3234.35ms, mfu 1.18%
model:LGT728D iter 86560: loss 1.4142, time 199.16ms, mfu 1.19%
model:LGT728D iter 86570: loss 1.4627, time 144.26ms, mfu 1.26%
model:LGT728D iter 86580: loss 1.6182, time 143.39ms, mfu 1.31%
model:LGT728D iter 86590: loss 1.4595, time 151.26ms, mfu 1.36%
------average encoder activity 0.00000
-----------average decoder density 0.0000
step 86600: train loss 2.5464, val loss 2.4774
saving checkpoint to out-novel-char_LGT728D_4d06c3ce0eb6b62233f4128fdb1c3b0f
model:LGT728D iter 86600: loss 1.6496, time 3233.31ms, mfu 1.23%
model:LGT728D iter 86610: loss 1.5316, time 207.02ms, mfu 1.23%
model:LGT728D iter 86620: loss 1.5479, time 208.11ms, mfu 1.23%
model:LGT728D iter 86630: loss 1.3851, time 200.02ms, mfu 1.24%
model:LGT728D iter 86640: loss 1.4648, time 198.48ms, mfu 1.25%
------average encoder activity 0.00000
-----------average decoder density 0.0000
step 86650: train loss 2.5398, val loss 2.4847
saving checkpoint to out-novel-char_LGT728D_4d06c3ce0eb6b62233f4128fdb1c3b0f
model:LGT728D iter 86650: loss 1.4493, time 3247.35ms, mfu 1.13%
model:LGT728D iter 86660: loss 1.3747, time 209.48ms, mfu 1.14%
model:LGT728D iter 86670: loss 1.5422, time 206.67ms, mfu 1.16%
model:LGT728D iter 86680: loss 1.5421, time 200.55ms, mfu 1.17%
model:LGT728D iter 86690: loss 1.4557, time 199.31ms, mfu 1.19%
------average encoder activity 0.00000
-----------average decoder density 0.0000
step 86700: train loss 2.5507, val loss 2.4951
saving checkpoint to out-novel-char_LGT728D_4d06c3ce0eb6b62233f4128fdb1c3b0f
model:LGT728D iter 86700: loss 1.3659, time 3266.30ms, mfu 1.07%
model:LGT728D iter 86710: loss 1.3068, time 207.21ms, mfu 1.09%
model:LGT728D iter 86720: loss 1.3693, time 205.33ms, mfu 1.11%
model:LGT728D iter 86730: loss 1.6467, time 148.80ms, mfu 1.18%
model:LGT728D iter 86740: loss 1.4078, time 147.47ms, mfu 1.24%
------average encoder activity 0.00000
-----------average decoder density 0.0000
step 86750: train loss 2.5396, val loss 2.4878
saving checkpoint to out-novel-char_LGT728D_4d06c3ce0eb6b62233f4128fdb1c3b0f
model:LGT728D iter 86750: loss 1.5152, time 2976.73ms, mfu 1.12%
model:LGT728D iter 86760: loss 1.5720, time 208.79ms, mfu 1.13%
model:LGT728D iter 86770: loss 1.4226, time 210.64ms, mfu 1.15%
model:LGT728D iter 86780: loss 1.4567, time 225.56ms, mfu 1.15%
model:LGT728D iter 86790: loss 1.3730, time 212.89ms, mfu 1.16%
------average encoder activity 0.00000
-----------average decoder density 0.0000
step 86800: train loss 2.5476, val loss 2.4912
saving checkpoint to out-novel-char_LGT728D_4d06c3ce0eb6b62233f4128fdb1c3b0f
model:LGT728D iter 86800: loss 1.4600, time 2918.56ms, mfu 1.05%
model:LGT728D iter 86810: loss 1.4736, time 224.94ms, mfu 1.06%
model:LGT728D iter 86820: loss 1.6081, time 223.05ms, mfu 1.07%
model:LGT728D iter 86830: loss 1.5181, time 168.35ms, mfu 1.12%
model:LGT728D iter 86840: loss 1.5995, time 171.30ms, mfu 1.16%
------average encoder activity 0.00000
-----------average decoder density 0.0000
step 86850: train loss 2.5429, val loss 2.5013
saving checkpoint to out-novel-char_LGT728D_4d06c3ce0eb6b62233f4128fdb1c3b0f
model:LGT728D iter 86850: loss 1.5154, time 2992.12ms, mfu 1.05%
model:LGT728D iter 86860: loss 1.4230, time 161.02ms, mfu 1.11%
model:LGT728D iter 86870: loss 1.3443, time 171.43ms, mfu 1.15%
model:LGT728D iter 86880: loss 1.4537, time 165.59ms, mfu 1.19%
model:LGT728D iter 86890: loss 1.3531, time 163.34ms, mfu 1.24%
------average encoder activity 0.00000
-----------average decoder density 0.0000
step 86900: train loss 2.5296, val loss 2.4781
saving checkpoint to out-novel-char_LGT728D_4d06c3ce0eb6b62233f4128fdb1c3b0f
model:LGT728D iter 86900: loss 1.4876, time 3216.61ms, mfu 1.12%
model:LGT728D iter 86910: loss 1.4376, time 159.40ms, mfu 1.17%
model:LGT728D iter 86920: loss 1.4743, time 159.09ms, mfu 1.22%
model:LGT728D iter 86930: loss 1.5449, time 158.48ms, mfu 1.26%
model:LGT728D iter 86940: loss 1.3898, time 164.90ms, mfu 1.30%
------average encoder activity 0.00000
-----------average decoder density 0.0000
step 86950: train loss 2.5397, val loss 2.4888
saving checkpoint to out-novel-char_LGT728D_4d06c3ce0eb6b62233f4128fdb1c3b0f
model:LGT728D iter 86950: loss 1.3674, time 3244.53ms, mfu 1.17%
model:LGT728D iter 86960: loss 1.5028, time 155.87ms, mfu 1.22%
model:LGT728D iter 86970: loss 1.5022, time 154.79ms, mfu 1.27%
model:LGT728D iter 86980: loss 1.5129, time 144.33ms, mfu 1.33%
model:LGT728D iter 86990: loss 1.3611, time 147.93ms, mfu 1.37%
------average encoder activity 0.00000
-----------average decoder density 0.0000
step 87000: train loss 2.5409, val loss 2.4935
saving checkpoint to out-novel-char_LGT728D_4d06c3ce0eb6b62233f4128fdb1c3b0f
model:LGT728D iter 87000: loss 1.4811, time 3086.06ms, mfu 1.24%
model:LGT728D iter 87010: loss 1.7018, time 155.42ms, mfu 1.29%
model:LGT728D iter 87020: loss 1.4343, time 155.26ms, mfu 1.33%
model:LGT728D iter 87030: loss 1.4277, time 148.61ms, mfu 1.37%
model:LGT728D iter 87040: loss 1.4337, time 174.38ms, mfu 1.38%
------average encoder activity 0.00000
-----------average decoder density 0.0000
step 87050: train loss 2.5337, val loss 2.4766
saving checkpoint to out-novel-char_LGT728D_4d06c3ce0eb6b62233f4128fdb1c3b0f
model:LGT728D iter 87050: loss 1.4907, time 2989.11ms, mfu 1.25%
model:LGT728D iter 87060: loss 1.3484, time 162.29ms, mfu 1.29%
model:LGT728D iter 87070: loss 1.6147, time 171.79ms, mfu 1.31%
model:LGT728D iter 87080: loss 1.3979, time 172.91ms, mfu 1.33%
model:LGT728D iter 87090: loss 1.4604, time 169.36ms, mfu 1.35%
------average encoder activity 0.00000
-----------average decoder density 0.0000
step 87100: train loss 2.5488, val loss 2.4997
saving checkpoint to out-novel-char_LGT728D_4d06c3ce0eb6b62233f4128fdb1c3b0f
model:LGT728D iter 87100: loss 1.3540, time 3224.28ms, mfu 1.23%
model:LGT728D iter 87110: loss 1.4493, time 161.64ms, mfu 1.27%
model:LGT728D iter 87120: loss 1.5311, time 164.18ms, mfu 1.30%
model:LGT728D iter 87130: loss 1.5480, time 174.39ms, mfu 1.32%
model:LGT728D iter 87140: loss 1.6966, time 171.29ms, mfu 1.34%
------average encoder activity 0.00000
-----------average decoder density 0.0000
step 87150: train loss 2.5488, val loss 2.4942
saving checkpoint to out-novel-char_LGT728D_4d06c3ce0eb6b62233f4128fdb1c3b0f
model:LGT728D iter 87150: loss 1.3925, time 3202.74ms, mfu 1.21%
model:LGT728D iter 87160: loss 1.3639, time 157.70ms, mfu 1.26%
model:LGT728D iter 87170: loss 1.3382, time 157.63ms, mfu 1.30%
model:LGT728D iter 87180: loss 1.5328, time 148.16ms, mfu 1.35%
model:LGT728D iter 87190: loss 1.4844, time 148.62ms, mfu 1.39%
------average encoder activity 0.00000
-----------average decoder density 0.0000
step 87200: train loss 2.5520, val loss 2.4887
saving checkpoint to out-novel-char_LGT728D_4d06c3ce0eb6b62233f4128fdb1c3b0f
model:LGT728D iter 87200: loss 1.3940, time 3200.03ms, mfu 1.26%
model:LGT728D iter 87210: loss 1.4555, time 171.67ms, mfu 1.28%
model:LGT728D iter 87220: loss 1.3970, time 171.79ms, mfu 1.31%
model:LGT728D iter 87230: loss 1.5963, time 170.82ms, mfu 1.33%
model:LGT728D iter 87240: loss 1.5060, time 181.63ms, mfu 1.34%
------average encoder activity 0.00000
-----------average decoder density 0.0000
step 87250: train loss 2.5480, val loss 2.4984
saving checkpoint to out-novel-char_LGT728D_4d06c3ce0eb6b62233f4128fdb1c3b0f
model:LGT728D iter 87250: loss 1.5081, time 2921.49ms, mfu 1.22%
model:LGT728D iter 87260: loss 1.4654, time 167.45ms, mfu 1.25%
model:LGT728D iter 87270: loss 1.6523, time 172.61ms, mfu 1.28%
model:LGT728D iter 87280: loss 1.7642, time 169.87ms, mfu 1.30%
model:LGT728D iter 87290: loss 1.4123, time 172.97ms, mfu 1.32%
------average encoder activity 0.00000
-----------average decoder density 0.0000
step 87300: train loss 2.5272, val loss 2.4748
saving checkpoint to out-novel-char_LGT728D_4d06c3ce0eb6b62233f4128fdb1c3b0f
model:LGT728D iter 87300: loss 1.4286, time 3143.53ms, mfu 1.20%
model:LGT728D iter 87310: loss 1.4176, time 219.94ms, mfu 1.20%
model:LGT728D iter 87320: loss 1.4804, time 164.48ms, mfu 1.24%
model:LGT728D iter 87330: loss 1.5858, time 171.60ms, mfu 1.27%
model:LGT728D iter 87340: loss 1.6223, time 174.16ms, mfu 1.29%
------average encoder activity 0.00000
-----------average decoder density 0.0000
step 87350: train loss 2.5323, val loss 2.4953
saving checkpoint to out-novel-char_LGT728D_4d06c3ce0eb6b62233f4128fdb1c3b0f
model:LGT728D iter 87350: loss 1.6773, time 3156.72ms, mfu 1.17%
model:LGT728D iter 87360: loss 1.5387, time 276.09ms, mfu 1.15%
model:LGT728D iter 87370: loss 1.6112, time 160.18ms, mfu 1.20%
model:LGT728D iter 87380: loss 1.4871, time 149.84ms, mfu 1.25%
model:LGT728D iter 87390: loss 1.5189, time 157.00ms, mfu 1.29%
------average encoder activity 0.00000
-----------average decoder density 0.0000
step 87400: train loss 2.5446, val loss 2.4965
saving checkpoint to out-novel-char_LGT728D_4d06c3ce0eb6b62233f4128fdb1c3b0f
model:LGT728D iter 87400: loss 1.3829, time 3239.89ms, mfu 1.17%
model:LGT728D iter 87410: loss 1.4544, time 212.96ms, mfu 1.18%
model:LGT728D iter 87420: loss 1.5998, time 222.19ms, mfu 1.18%
model:LGT728D iter 87430: loss 1.5664, time 220.96ms, mfu 1.18%
model:LGT728D iter 87440: loss 1.5564, time 160.99ms, mfu 1.22%
------average encoder activity 0.00000
-----------average decoder density 0.0000
step 87450: train loss 2.5421, val loss 2.4928
saving checkpoint to out-novel-char_LGT728D_4d06c3ce0eb6b62233f4128fdb1c3b0f
model:LGT728D iter 87450: loss 1.6127, time 3129.84ms, mfu 1.11%
model:LGT728D iter 87460: loss 1.5828, time 214.34ms, mfu 1.12%
model:LGT728D iter 87470: loss 1.3916, time 211.19ms, mfu 1.13%
model:LGT728D iter 87480: loss 1.4933, time 211.06ms, mfu 1.14%
model:LGT728D iter 87490: loss 1.3094, time 202.25ms, mfu 1.16%
------average encoder activity 0.00000
-----------average decoder density 0.0000
step 87500: train loss 2.5259, val loss 2.4698
saving checkpoint to out-novel-char_LGT728D_4d06c3ce0eb6b62233f4128fdb1c3b0f
model:LGT728D iter 87500: loss 1.4650, time 2914.32ms, mfu 1.05%
model:LGT728D iter 87510: loss 1.3927, time 209.59ms, mfu 1.07%
model:LGT728D iter 87520: loss 1.5360, time 208.08ms, mfu 1.09%
model:LGT728D iter 87530: loss 1.5474, time 209.48ms, mfu 1.11%
model:LGT728D iter 87540: loss 1.3008, time 208.97ms, mfu 1.12%
------average encoder activity 0.00000
-----------average decoder density 0.0000
step 87550: train loss 2.5519, val loss 2.4772
saving checkpoint to out-novel-char_LGT728D_4d06c3ce0eb6b62233f4128fdb1c3b0f
model:LGT728D iter 87550: loss 1.2441, time 2899.05ms, mfu 1.02%
model:LGT728D iter 87560: loss 1.4605, time 154.87ms, mfu 1.08%
model:LGT728D iter 87570: loss 1.4968, time 162.51ms, mfu 1.14%
model:LGT728D iter 87580: loss 1.6234, time 160.23ms, mfu 1.19%
model:LGT728D iter 87590: loss 1.5104, time 153.77ms, mfu 1.24%
------average encoder activity 0.00000
-----------average decoder density 0.0000
step 87600: train loss 2.5410, val loss 2.4771
saving checkpoint to out-novel-char_LGT728D_4d06c3ce0eb6b62233f4128fdb1c3b0f
model:LGT728D iter 87600: loss 1.5825, time 3250.71ms, mfu 1.12%
model:LGT728D iter 87610: loss 1.2740, time 199.80ms, mfu 1.14%
model:LGT728D iter 87620: loss 1.5875, time 198.23ms, mfu 1.16%
model:LGT728D iter 87630: loss 1.3918, time 207.70ms, mfu 1.17%
model:LGT728D iter 87640: loss 1.3942, time 208.46ms, mfu 1.18%
------average encoder activity 0.00000
-----------average decoder density 0.0000
step 87650: train loss 2.5240, val loss 2.4636
saving checkpoint to out-novel-char_LGT728D_4d06c3ce0eb6b62233f4128fdb1c3b0f
model:LGT728D iter 87650: loss 1.5043, time 3253.77ms, mfu 1.07%
model:LGT728D iter 87660: loss 1.3449, time 144.69ms, mfu 1.14%
model:LGT728D iter 87670: loss 1.5076, time 147.19ms, mfu 1.21%
model:LGT728D iter 87680: loss 1.3561, time 147.26ms, mfu 1.26%
model:LGT728D iter 87690: loss 1.6850, time 151.06ms, mfu 1.31%
------average encoder activity 0.00000
-----------average decoder density 0.0000
step 87700: train loss 2.5340, val loss 2.4797
saving checkpoint to out-novel-char_LGT728D_4d06c3ce0eb6b62233f4128fdb1c3b0f
model:LGT728D iter 87700: loss 1.5568, time 3106.66ms, mfu 1.19%
model:LGT728D iter 87710: loss 1.3036, time 155.41ms, mfu 1.24%
model:LGT728D iter 87720: loss 1.3943, time 157.06ms, mfu 1.28%
model:LGT728D iter 87730: loss 1.5997, time 159.50ms, mfu 1.32%
model:LGT728D iter 87740: loss 1.4458, time 144.69ms, mfu 1.37%
------average encoder activity 0.00000
-----------average decoder density 0.0000
step 87750: train loss 2.5262, val loss 2.4766
saving checkpoint to out-novel-char_LGT728D_4d06c3ce0eb6b62233f4128fdb1c3b0f
model:LGT728D iter 87750: loss 1.3737, time 2921.58ms, mfu 1.24%
model:LGT728D iter 87760: loss 1.5178, time 211.98ms, mfu 1.24%
model:LGT728D iter 87770: loss 1.5448, time 155.87ms, mfu 1.28%
model:LGT728D iter 87780: loss 1.5303, time 159.26ms, mfu 1.32%
model:LGT728D iter 87790: loss 1.3611, time 166.34ms, mfu 1.34%
------average encoder activity 0.00000
-----------average decoder density 0.0000
step 87800: train loss 2.5229, val loss 2.4527
saving checkpoint to out-novel-char_LGT728D_4d06c3ce0eb6b62233f4128fdb1c3b0f
model:LGT728D iter 87800: loss 1.4586, time 3144.45ms, mfu 1.22%
model:LGT728D iter 87810: loss 1.5550, time 146.35ms, mfu 1.27%
model:LGT728D iter 87820: loss 1.3452, time 152.30ms, mfu 1.32%
model:LGT728D iter 87830: loss 1.4924, time 157.72ms, mfu 1.35%
model:LGT728D iter 87840: loss 1.5457, time 154.53ms, mfu 1.39%
------average encoder activity 0.00000
-----------average decoder density 0.0000
step 87850: train loss 2.5237, val loss 2.4666
saving checkpoint to out-novel-char_LGT728D_4d06c3ce0eb6b62233f4128fdb1c3b0f
model:LGT728D iter 87850: loss 1.5822, time 3258.39ms, mfu 1.26%
model:LGT728D iter 87860: loss 1.3942, time 210.71ms, mfu 1.25%
model:LGT728D iter 87870: loss 1.5241, time 201.25ms, mfu 1.26%
model:LGT728D iter 87880: loss 1.5560, time 147.49ms, mfu 1.31%
model:LGT728D iter 87890: loss 1.4181, time 155.29ms, mfu 1.35%
------average encoder activity 0.00000
-----------average decoder density 0.0000
step 87900: train loss 2.5150, val loss 2.4719
saving checkpoint to out-novel-char_LGT728D_4d06c3ce0eb6b62233f4128fdb1c3b0f
model:LGT728D iter 87900: loss 1.4612, time 3235.41ms, mfu 1.22%
model:LGT728D iter 87910: loss 1.4528, time 211.34ms, mfu 1.22%
model:LGT728D iter 87920: loss 1.5199, time 209.08ms, mfu 1.23%
model:LGT728D iter 87930: loss 1.4801, time 200.05ms, mfu 1.23%
model:LGT728D iter 87940: loss 1.5316, time 146.74ms, mfu 1.29%
------average encoder activity 0.00000
-----------average decoder density 0.0000
step 87950: train loss 2.5054, val loss 2.4329
saving checkpoint to out-novel-char_LGT728D_4d06c3ce0eb6b62233f4128fdb1c3b0f
model:LGT728D iter 87950: loss 1.5010, time 3241.45ms, mfu 1.17%
model:LGT728D iter 87960: loss 1.5471, time 207.31ms, mfu 1.18%
model:LGT728D iter 87970: loss 1.4946, time 203.98ms, mfu 1.19%
model:LGT728D iter 87980: loss 1.5986, time 206.13ms, mfu 1.20%
model:LGT728D iter 87990: loss 1.6285, time 200.31ms, mfu 1.21%
------average encoder activity 0.00000
-----------average decoder density 0.0000
step 88000: train loss 2.5195, val loss 2.4722
saving checkpoint to out-novel-char_LGT728D_4d06c3ce0eb6b62233f4128fdb1c3b0f
model:LGT728D iter 88000: loss 1.3421, time 3194.34ms, mfu 1.09%
model:LGT728D iter 88010: loss 1.8050, time 205.77ms, mfu 1.11%
model:LGT728D iter 88020: loss 1.5016, time 207.71ms, mfu 1.13%
model:LGT728D iter 88030: loss 1.5065, time 207.62ms, mfu 1.14%
model:LGT728D iter 88040: loss 1.3796, time 196.39ms, mfu 1.16%
------average encoder activity 0.00000
-----------average decoder density 0.0000
step 88050: train loss 2.5287, val loss 2.4853
saving checkpoint to out-novel-char_LGT728D_4d06c3ce0eb6b62233f4128fdb1c3b0f
model:LGT728D iter 88050: loss 1.4783, time 2950.85ms, mfu 1.05%
model:LGT728D iter 88060: loss 1.5293, time 209.35ms, mfu 1.07%
model:LGT728D iter 88070: loss 1.4965, time 206.09ms, mfu 1.09%
model:LGT728D iter 88080: loss 1.5280, time 206.69ms, mfu 1.11%
model:LGT728D iter 88090: loss 1.5618, time 207.75ms, mfu 1.12%
------average encoder activity 0.00000
-----------average decoder density 0.0000
step 88100: train loss 2.5120, val loss 2.4754
saving checkpoint to out-novel-char_LGT728D_4d06c3ce0eb6b62233f4128fdb1c3b0f
model:LGT728D iter 88100: loss 1.2411, time 2924.67ms, mfu 1.02%
model:LGT728D iter 88110: loss 1.4927, time 151.70ms, mfu 1.09%
model:LGT728D iter 88120: loss 1.5326, time 160.98ms, mfu 1.14%
model:LGT728D iter 88130: loss 1.7529, time 152.39ms, mfu 1.20%
model:LGT728D iter 88140: loss 1.5504, time 157.88ms, mfu 1.25%
------average encoder activity 0.00000
-----------average decoder density 0.0000
step 88150: train loss 2.5166, val loss 2.4699
saving checkpoint to out-novel-char_LGT728D_4d06c3ce0eb6b62233f4128fdb1c3b0f
model:LGT728D iter 88150: loss 1.5381, time 3183.84ms, mfu 1.13%
model:LGT728D iter 88160: loss 1.4701, time 143.77ms, mfu 1.20%
model:LGT728D iter 88170: loss 1.3744, time 143.52ms, mfu 1.26%
model:LGT728D iter 88180: loss 1.4670, time 147.16ms, mfu 1.31%
model:LGT728D iter 88190: loss 1.2996, time 156.89ms, mfu 1.35%
------average encoder activity 0.00000
-----------average decoder density 0.0000
step 88200: train loss 2.5298, val loss 2.4647
saving checkpoint to out-novel-char_LGT728D_4d06c3ce0eb6b62233f4128fdb1c3b0f
model:LGT728D iter 88200: loss 1.4851, time 3165.91ms, mfu 1.22%
model:LGT728D iter 88210: loss 1.4054, time 151.20ms, mfu 1.27%
model:LGT728D iter 88220: loss 1.4440, time 158.13ms, mfu 1.31%
model:LGT728D iter 88230: loss 1.6468, time 146.71ms, mfu 1.36%
model:LGT728D iter 88240: loss 1.4318, time 144.05ms, mfu 1.40%
------average encoder activity 0.00000
-----------average decoder density 0.0000
step 88250: train loss 2.5201, val loss 2.4721
saving checkpoint to out-novel-char_LGT728D_4d06c3ce0eb6b62233f4128fdb1c3b0f
model:LGT728D iter 88250: loss 1.4199, time 3025.85ms, mfu 1.27%
model:LGT728D iter 88260: loss 1.5689, time 156.51ms, mfu 1.31%
model:LGT728D iter 88270: loss 1.5317, time 152.37ms, mfu 1.35%
model:LGT728D iter 88280: loss 1.7000, time 156.43ms, mfu 1.39%
model:LGT728D iter 88290: loss 1.6818, time 147.39ms, mfu 1.42%
------average encoder activity 0.00000
-----------average decoder density 0.0000
step 88300: train loss 2.5117, val loss 2.4580
saving checkpoint to out-novel-char_LGT728D_4d06c3ce0eb6b62233f4128fdb1c3b0f
model:LGT728D iter 88300: loss 1.3555, time 2999.59ms, mfu 1.29%
model:LGT728D iter 88310: loss 1.4825, time 143.58ms, mfu 1.34%
model:LGT728D iter 88320: loss 1.6503, time 153.67ms, mfu 1.38%
model:LGT728D iter 88330: loss 1.5611, time 155.48ms, mfu 1.41%
model:LGT728D iter 88340: loss 1.4802, time 151.92ms, mfu 1.44%
------average encoder activity 0.00000
-----------average decoder density 0.0000
step 88350: train loss 2.5145, val loss 2.4682
saving checkpoint to out-novel-char_LGT728D_4d06c3ce0eb6b62233f4128fdb1c3b0f
model:LGT728D iter 88350: loss 1.4692, time 3235.45ms, mfu 1.31%
model:LGT728D iter 88360: loss 1.5002, time 200.73ms, mfu 1.31%
model:LGT728D iter 88370: loss 1.4846, time 200.68ms, mfu 1.31%
model:LGT728D iter 88380: loss 1.5830, time 207.67ms, mfu 1.30%
model:LGT728D iter 88390: loss 1.4050, time 210.16ms, mfu 1.30%
------average encoder activity 0.00000
-----------average decoder density 0.0000
step 88400: train loss 2.5051, val loss 2.4636
saving checkpoint to out-novel-char_LGT728D_4d06c3ce0eb6b62233f4128fdb1c3b0f
model:LGT728D iter 88400: loss 1.4378, time 3144.44ms, mfu 1.17%
model:LGT728D iter 88410: loss 1.4250, time 208.32ms, mfu 1.18%
model:LGT728D iter 88420: loss 1.3533, time 199.89ms, mfu 1.19%
model:LGT728D iter 88430: loss 1.4437, time 199.63ms, mfu 1.21%
model:LGT728D iter 88440: loss 1.5433, time 209.23ms, mfu 1.21%
------average encoder activity 0.00000
-----------average decoder density 0.0000
step 88450: train loss 2.5192, val loss 2.4570
saving checkpoint to out-novel-char_LGT728D_4d06c3ce0eb6b62233f4128fdb1c3b0f
model:LGT728D iter 88450: loss 1.3839, time 3143.20ms, mfu 1.10%
model:LGT728D iter 88460: loss 1.3681, time 208.84ms, mfu 1.11%
model:LGT728D iter 88470: loss 1.4021, time 210.75ms, mfu 1.13%
model:LGT728D iter 88480: loss 1.7735, time 199.77ms, mfu 1.14%
model:LGT728D iter 88490: loss 1.5376, time 200.07ms, mfu 1.16%
------average encoder activity 0.00000
-----------average decoder density 0.0000
step 88500: train loss 2.5021, val loss 2.4706
saving checkpoint to out-novel-char_LGT728D_4d06c3ce0eb6b62233f4128fdb1c3b0f
model:LGT728D iter 88500: loss 1.4934, time 3152.55ms, mfu 1.05%
model:LGT728D iter 88510: loss 1.3816, time 227.20ms, mfu 1.06%
model:LGT728D iter 88520: loss 1.5185, time 230.34ms, mfu 1.07%
model:LGT728D iter 88530: loss 1.4870, time 186.71ms, mfu 1.10%
model:LGT728D iter 88540: loss 1.3968, time 162.98ms, mfu 1.15%
------average encoder activity 0.00000
-----------average decoder density 0.0000
step 88550: train loss 2.5088, val loss 2.4573
saving checkpoint to out-novel-char_LGT728D_4d06c3ce0eb6b62233f4128fdb1c3b0f
model:LGT728D iter 88550: loss 1.3129, time 2969.62ms, mfu 1.05%
model:LGT728D iter 88560: loss 1.4209, time 171.38ms, mfu 1.10%
model:LGT728D iter 88570: loss 1.3868, time 155.68ms, mfu 1.15%
model:LGT728D iter 88580: loss 1.2294, time 158.74ms, mfu 1.20%
model:LGT728D iter 88590: loss 1.4076, time 157.98ms, mfu 1.25%
------average encoder activity 0.00000
-----------average decoder density 0.0000
step 88600: train loss 2.5173, val loss 2.4541
saving checkpoint to out-novel-char_LGT728D_4d06c3ce0eb6b62233f4128fdb1c3b0f
model:LGT728D iter 88600: loss 1.6139, time 3103.90ms, mfu 1.13%
model:LGT728D iter 88610: loss 1.3773, time 147.40ms, mfu 1.20%
model:LGT728D iter 88620: loss 1.5375, time 160.06ms, mfu 1.24%
model:LGT728D iter 88630: loss 1.5594, time 158.39ms, mfu 1.28%
model:LGT728D iter 88640: loss 1.4811, time 160.28ms, mfu 1.32%
------average encoder activity 0.00000
-----------average decoder density 0.0000
step 88650: train loss 2.5159, val loss 2.4613
saving checkpoint to out-novel-char_LGT728D_4d06c3ce0eb6b62233f4128fdb1c3b0f
model:LGT728D iter 88650: loss 1.5543, time 3258.72ms, mfu 1.19%
model:LGT728D iter 88660: loss 1.3644, time 147.33ms, mfu 1.25%
model:LGT728D iter 88670: loss 1.4649, time 158.87ms, mfu 1.29%
model:LGT728D iter 88680: loss 1.4290, time 160.15ms, mfu 1.33%
model:LGT728D iter 88690: loss 1.3093, time 168.67ms, mfu 1.35%
------average encoder activity 0.00000
-----------average decoder density 0.0000
step 88700: train loss 2.5269, val loss 2.4647
saving checkpoint to out-novel-char_LGT728D_4d06c3ce0eb6b62233f4128fdb1c3b0f
model:LGT728D iter 88700: loss 1.3519, time 3141.10ms, mfu 1.22%
model:LGT728D iter 88710: loss 1.4178, time 208.73ms, mfu 1.22%
model:LGT728D iter 88720: loss 1.4885, time 208.34ms, mfu 1.23%
model:LGT728D iter 88730: loss 1.3752, time 198.02ms, mfu 1.24%
model:LGT728D iter 88740: loss 1.6161, time 198.89ms, mfu 1.25%
------average encoder activity 0.00000
-----------average decoder density 0.0000
step 88750: train loss 2.5256, val loss 2.4505
saving checkpoint to out-novel-char_LGT728D_4d06c3ce0eb6b62233f4128fdb1c3b0f
model:LGT728D iter 88750: loss 1.5615, time 3125.93ms, mfu 1.13%
model:LGT728D iter 88760: loss 1.4862, time 205.33ms, mfu 1.14%
model:LGT728D iter 88770: loss 1.4464, time 204.17ms, mfu 1.16%
model:LGT728D iter 88780: loss 1.5831, time 207.92ms, mfu 1.17%
model:LGT728D iter 88790: loss 1.5911, time 200.78ms, mfu 1.18%
------average encoder activity 0.00000
-----------average decoder density 0.0000
step 88800: train loss 2.4997, val loss 2.4527
saving checkpoint to out-novel-char_LGT728D_4d06c3ce0eb6b62233f4128fdb1c3b0f
model:LGT728D iter 88800: loss 1.7262, time 3002.20ms, mfu 1.07%
model:LGT728D iter 88810: loss 1.5381, time 212.80ms, mfu 1.09%
model:LGT728D iter 88820: loss 1.4700, time 207.25ms, mfu 1.11%
model:LGT728D iter 88830: loss 1.4341, time 211.14ms, mfu 1.12%
model:LGT728D iter 88840: loss 1.5535, time 154.33ms, mfu 1.18%
------average encoder activity 0.00000
-----------average decoder density 0.0000
step 88850: train loss 2.4945, val loss 2.4468
saving checkpoint to out-novel-char_LGT728D_4d06c3ce0eb6b62233f4128fdb1c3b0f
model:LGT728D iter 88850: loss 1.4569, time 2881.79ms, mfu 1.07%
model:LGT728D iter 88860: loss 1.3946, time 208.09ms, mfu 1.09%
model:LGT728D iter 88870: loss 1.3557, time 204.23ms, mfu 1.11%
model:LGT728D iter 88880: loss 1.4191, time 207.57ms, mfu 1.12%
model:LGT728D iter 88890: loss 1.4993, time 206.96ms, mfu 1.14%
------average encoder activity 0.00000
-----------average decoder density 0.0000
step 88900: train loss 2.4833, val loss 2.4306
saving checkpoint to out-novel-char_LGT728D_4d06c3ce0eb6b62233f4128fdb1c3b0f
model:LGT728D iter 88900: loss 1.4037, time 3039.71ms, mfu 1.03%
model:LGT728D iter 88910: loss 1.6047, time 142.30ms, mfu 1.11%
model:LGT728D iter 88920: loss 1.5233, time 159.52ms, mfu 1.16%
model:LGT728D iter 88930: loss 1.5301, time 160.93ms, mfu 1.21%
model:LGT728D iter 88940: loss 1.5398, time 161.41ms, mfu 1.25%
------average encoder activity 0.00000
-----------average decoder density 0.0000
step 88950: train loss 2.5043, val loss 2.4580
saving checkpoint to out-novel-char_LGT728D_4d06c3ce0eb6b62233f4128fdb1c3b0f
model:LGT728D iter 88950: loss 1.4583, time 3236.96ms, mfu 1.13%
model:LGT728D iter 88960: loss 1.3569, time 146.27ms, mfu 1.20%
model:LGT728D iter 88970: loss 1.5156, time 144.46ms, mfu 1.26%
model:LGT728D iter 88980: loss 1.4884, time 146.21ms, mfu 1.31%
model:LGT728D iter 88990: loss 1.5137, time 158.66ms, mfu 1.35%
------average encoder activity 0.00000
-----------average decoder density 0.0000
step 89000: train loss 2.5135, val loss 2.4580
saving checkpoint to out-novel-char_LGT728D_4d06c3ce0eb6b62233f4128fdb1c3b0f
model:LGT728D iter 89000: loss 1.4225, time 3249.32ms, mfu 1.22%
model:LGT728D iter 89010: loss 1.4555, time 206.73ms, mfu 1.23%
model:LGT728D iter 89020: loss 1.4234, time 206.99ms, mfu 1.23%
model:LGT728D iter 89030: loss 1.4008, time 199.85ms, mfu 1.24%
model:LGT728D iter 89040: loss 1.5218, time 144.46ms, mfu 1.29%
------average encoder activity 0.00000
-----------average decoder density 0.0000
step 89050: train loss 2.4986, val loss 2.4414
saving checkpoint to out-novel-char_LGT728D_4d06c3ce0eb6b62233f4128fdb1c3b0f
model:LGT728D iter 89050: loss 1.4465, time 3237.55ms, mfu 1.17%
model:LGT728D iter 89060: loss 1.4658, time 207.86ms, mfu 1.18%
model:LGT728D iter 89070: loss 1.3525, time 206.04ms, mfu 1.19%
model:LGT728D iter 89080: loss 1.8190, time 205.53ms, mfu 1.20%
model:LGT728D iter 89090: loss 1.2893, time 200.65ms, mfu 1.21%
------average encoder activity 0.00000
-----------average decoder density 0.0000
step 89100: train loss 2.4888, val loss 2.4390
saving checkpoint to out-novel-char_LGT728D_4d06c3ce0eb6b62233f4128fdb1c3b0f
model:LGT728D iter 89100: loss 1.3972, time 3147.11ms, mfu 1.10%
model:LGT728D iter 89110: loss 1.4688, time 155.69ms, mfu 1.16%
model:LGT728D iter 89120: loss 1.5294, time 152.93ms, mfu 1.21%
model:LGT728D iter 89130: loss 1.5145, time 158.47ms, mfu 1.25%
model:LGT728D iter 89140: loss 1.5508, time 158.79ms, mfu 1.29%
------average encoder activity 0.00000
-----------average decoder density 0.0000
step 89150: train loss 2.4974, val loss 2.4398
saving checkpoint to out-novel-char_LGT728D_4d06c3ce0eb6b62233f4128fdb1c3b0f
model:LGT728D iter 89150: loss 1.6324, time 2902.79ms, mfu 1.17%
model:LGT728D iter 89160: loss 1.5371, time 155.97ms, mfu 1.22%
model:LGT728D iter 89170: loss 1.3556, time 154.46ms, mfu 1.27%
model:LGT728D iter 89180: loss 1.5466, time 153.56ms, mfu 1.31%
model:LGT728D iter 89190: loss 1.4129, time 160.26ms, mfu 1.35%
------average encoder activity 0.00000
-----------average decoder density 0.0000
step 89200: train loss 2.4959, val loss 2.4459
saving checkpoint to out-novel-char_LGT728D_4d06c3ce0eb6b62233f4128fdb1c3b0f
model:LGT728D iter 89200: loss 1.4254, time 3229.02ms, mfu 1.22%
model:LGT728D iter 89210: loss 1.5076, time 147.08ms, mfu 1.28%
model:LGT728D iter 89220: loss 1.4124, time 146.48ms, mfu 1.33%
model:LGT728D iter 89230: loss 1.3769, time 156.97ms, mfu 1.36%
model:LGT728D iter 89240: loss 1.8022, time 155.54ms, mfu 1.39%
------average encoder activity 0.00000
-----------average decoder density 0.0000
step 89250: train loss 2.4833, val loss 2.4298
saving checkpoint to out-novel-char_LGT728D_4d06c3ce0eb6b62233f4128fdb1c3b0f
model:LGT728D iter 89250: loss 1.4551, time 3261.78ms, mfu 1.26%
model:LGT728D iter 89260: loss 1.5539, time 207.18ms, mfu 1.26%
model:LGT728D iter 89270: loss 1.5814, time 145.65ms, mfu 1.32%
model:LGT728D iter 89280: loss 1.6289, time 145.38ms, mfu 1.36%
model:LGT728D iter 89290: loss 1.3007, time 146.95ms, mfu 1.41%
------average encoder activity 0.00000
-----------average decoder density 0.0000
step 89300: train loss 2.4892, val loss 2.4392
saving checkpoint to out-novel-char_LGT728D_4d06c3ce0eb6b62233f4128fdb1c3b0f
model:LGT728D iter 89300: loss 1.6019, time 3244.20ms, mfu 1.27%
model:LGT728D iter 89310: loss 1.4765, time 209.29ms, mfu 1.27%
model:LGT728D iter 89320: loss 1.6006, time 211.31ms, mfu 1.27%
model:LGT728D iter 89330: loss 1.6135, time 210.79ms, mfu 1.27%
model:LGT728D iter 89340: loss 1.5100, time 198.94ms, mfu 1.27%
------average encoder activity 0.00000
-----------average decoder density 0.0000
step 89350: train loss 2.4803, val loss 2.4283
saving checkpoint to out-novel-char_LGT728D_4d06c3ce0eb6b62233f4128fdb1c3b0f
model:LGT728D iter 89350: loss 1.4371, time 3055.28ms, mfu 1.15%
model:LGT728D iter 89360: loss 1.6300, time 203.50ms, mfu 1.17%
model:LGT728D iter 89370: loss 1.6128, time 205.93ms, mfu 1.18%
model:LGT728D iter 89380: loss 1.3098, time 205.11ms, mfu 1.19%
model:LGT728D iter 89390: loss 1.6376, time 208.10ms, mfu 1.19%
------average encoder activity 0.00000
-----------average decoder density 0.0000
step 89400: train loss 2.4831, val loss 2.4275
saving checkpoint to out-novel-char_LGT728D_4d06c3ce0eb6b62233f4128fdb1c3b0f
model:LGT728D iter 89400: loss 1.5143, time 2914.01ms, mfu 1.08%
model:LGT728D iter 89410: loss 1.4800, time 157.56ms, mfu 1.14%
model:LGT728D iter 89420: loss 1.5902, time 154.30ms, mfu 1.20%
model:LGT728D iter 89430: loss 1.5376, time 154.28ms, mfu 1.25%
model:LGT728D iter 89440: loss 1.3796, time 155.73ms, mfu 1.29%
------average encoder activity 0.00000
-----------average decoder density 0.0000
step 89450: train loss 2.4908, val loss 2.4308
saving checkpoint to out-novel-char_LGT728D_4d06c3ce0eb6b62233f4128fdb1c3b0f
model:LGT728D iter 89450: loss 1.4260, time 3177.51ms, mfu 1.17%
model:LGT728D iter 89460: loss 1.4109, time 200.68ms, mfu 1.18%
model:LGT728D iter 89470: loss 1.5334, time 211.17ms, mfu 1.19%
model:LGT728D iter 89480: loss 1.4684, time 209.75ms, mfu 1.19%
model:LGT728D iter 89490: loss 1.3927, time 149.72ms, mfu 1.25%
------average encoder activity 0.00000
-----------average decoder density 0.0000
step 89500: train loss 2.4891, val loss 2.4235
saving checkpoint to out-novel-char_LGT728D_4d06c3ce0eb6b62233f4128fdb1c3b0f
model:LGT728D iter 89500: loss 1.4137, time 3120.00ms, mfu 1.13%
model:LGT728D iter 89510: loss 1.5421, time 203.72ms, mfu 1.15%
model:LGT728D iter 89520: loss 1.3690, time 144.38ms, mfu 1.21%
model:LGT728D iter 89530: loss 1.4236, time 144.11ms, mfu 1.27%
model:LGT728D iter 89540: loss 1.5260, time 152.98ms, mfu 1.32%
------average encoder activity 0.00000
-----------average decoder density 0.0000
step 89550: train loss 2.5055, val loss 2.4378
saving checkpoint to out-novel-char_LGT728D_4d06c3ce0eb6b62233f4128fdb1c3b0f
model:LGT728D iter 89550: loss 1.5142, time 3118.41ms, mfu 1.19%
model:LGT728D iter 89560: loss 1.8144, time 208.82ms, mfu 1.20%
model:LGT728D iter 89570: loss 1.6190, time 208.77ms, mfu 1.21%
model:LGT728D iter 89580: loss 1.5178, time 202.44ms, mfu 1.21%
model:LGT728D iter 89590: loss 1.6041, time 148.65ms, mfu 1.27%
------average encoder activity 0.00000
-----------average decoder density 0.0000
step 89600: train loss 2.5007, val loss 2.4440
saving checkpoint to out-novel-char_LGT728D_4d06c3ce0eb6b62233f4128fdb1c3b0f
model:LGT728D iter 89600: loss 1.4694, time 3101.71ms, mfu 1.15%
model:LGT728D iter 89610: loss 1.3292, time 176.87ms, mfu 1.18%
model:LGT728D iter 89620: loss 1.4437, time 152.05ms, mfu 1.24%
model:LGT728D iter 89630: loss 1.4588, time 155.75ms, mfu 1.28%
model:LGT728D iter 89640: loss 1.4107, time 155.58ms, mfu 1.32%
------average encoder activity 0.00000
-----------average decoder density 0.0000
step 89650: train loss 2.4898, val loss 2.4402
saving checkpoint to out-novel-char_LGT728D_4d06c3ce0eb6b62233f4128fdb1c3b0f
model:LGT728D iter 89650: loss 1.3633, time 2937.55ms, mfu 1.20%
model:LGT728D iter 89660: loss 1.6592, time 205.75ms, mfu 1.21%
model:LGT728D iter 89670: loss 1.3858, time 151.12ms, mfu 1.26%
model:LGT728D iter 89680: loss 1.5087, time 150.75ms, mfu 1.31%
model:LGT728D iter 89690: loss 1.6027, time 154.63ms, mfu 1.34%
------average encoder activity 0.00000
-----------average decoder density 0.0000
step 89700: train loss 2.4857, val loss 2.4276
saving checkpoint to out-novel-char_LGT728D_4d06c3ce0eb6b62233f4128fdb1c3b0f
model:LGT728D iter 89700: loss 1.5592, time 3171.29ms, mfu 1.22%
model:LGT728D iter 89710: loss 1.3658, time 144.67ms, mfu 1.28%
model:LGT728D iter 89720: loss 1.4773, time 145.32ms, mfu 1.33%
model:LGT728D iter 89730: loss 1.4561, time 147.11ms, mfu 1.37%
model:LGT728D iter 89740: loss 1.4310, time 156.24ms, mfu 1.40%
------average encoder activity 0.00000
-----------average decoder density 0.0000
step 89750: train loss 2.4931, val loss 2.4472
saving checkpoint to out-novel-char_LGT728D_4d06c3ce0eb6b62233f4128fdb1c3b0f
model:LGT728D iter 89750: loss 1.3993, time 3074.43ms, mfu 1.27%
model:LGT728D iter 89760: loss 1.4640, time 155.55ms, mfu 1.31%
model:LGT728D iter 89770: loss 1.4722, time 152.32ms, mfu 1.35%
model:LGT728D iter 89780: loss 1.4087, time 154.66ms, mfu 1.39%
model:LGT728D iter 89790: loss 1.3469, time 143.84ms, mfu 1.43%
------average encoder activity 0.00000
-----------average decoder density 0.0000
step 89800: train loss 2.4900, val loss 2.4335
saving checkpoint to out-novel-char_LGT728D_4d06c3ce0eb6b62233f4128fdb1c3b0f
model:LGT728D iter 89800: loss 1.4445, time 2938.53ms, mfu 1.30%
model:LGT728D iter 89810: loss 1.4157, time 152.49ms, mfu 1.34%
model:LGT728D iter 89820: loss 1.4730, time 151.05ms, mfu 1.38%
model:LGT728D iter 89830: loss 1.4852, time 154.50ms, mfu 1.41%
model:LGT728D iter 89840: loss 1.6108, time 154.98ms, mfu 1.44%
------average encoder activity 0.00000
-----------average decoder density 0.0000
step 89850: train loss 2.4955, val loss 2.4463
saving checkpoint to out-novel-char_LGT728D_4d06c3ce0eb6b62233f4128fdb1c3b0f
model:LGT728D iter 89850: loss 1.6231, time 3042.82ms, mfu 1.30%
model:LGT728D iter 89860: loss 1.4892, time 144.85ms, mfu 1.35%
model:LGT728D iter 89870: loss 1.4088, time 148.01ms, mfu 1.39%
model:LGT728D iter 89880: loss 1.5028, time 155.30ms, mfu 1.42%
model:LGT728D iter 89890: loss 1.5073, time 158.56ms, mfu 1.45%
------average encoder activity 0.00000
-----------average decoder density 0.0000
step 89900: train loss 2.4857, val loss 2.4461
saving checkpoint to out-novel-char_LGT728D_4d06c3ce0eb6b62233f4128fdb1c3b0f
model:LGT728D iter 89900: loss 1.2301, time 3183.76ms, mfu 1.31%
model:LGT728D iter 89910: loss 1.4175, time 174.96ms, mfu 1.33%
model:LGT728D iter 89920: loss 1.4865, time 162.64ms, mfu 1.36%
model:LGT728D iter 89930: loss 1.3672, time 159.74ms, mfu 1.38%
model:LGT728D iter 89940: loss 1.4068, time 159.76ms, mfu 1.41%
------average encoder activity 0.00000
-----------average decoder density 0.0000
step 89950: train loss 2.4813, val loss 2.4301
saving checkpoint to out-novel-char_LGT728D_4d06c3ce0eb6b62233f4128fdb1c3b0f
model:LGT728D iter 89950: loss 1.3525, time 3168.31ms, mfu 1.28%
model:LGT728D iter 89960: loss 1.4860, time 166.37ms, mfu 1.31%
model:LGT728D iter 89970: loss 1.6170, time 166.80ms, mfu 1.33%
model:LGT728D iter 89980: loss 1.6667, time 167.77ms, mfu 1.36%
model:LGT728D iter 89990: loss 1.5047, time 168.15ms, mfu 1.38%
------average encoder activity 0.00000
-----------average decoder density 0.0000
step 90000: train loss 2.4920, val loss 2.4327
saving checkpoint to out-novel-char_LGT728D_4d06c3ce0eb6b62233f4128fdb1c3b0f
model:LGT728D iter 90000: loss 1.4499, time 2929.64ms, mfu 1.25%
model:LGT728D iter 90010: loss 1.4965, time 215.25ms, mfu 1.24%
model:LGT728D iter 90020: loss 1.4584, time 222.83ms, mfu 1.24%
model:LGT728D iter 90030: loss 1.5316, time 169.03ms, mfu 1.27%
model:LGT728D iter 90040: loss 1.5991, time 167.80ms, mfu 1.30%
------average encoder activity 0.00000
-----------average decoder density 0.0000
step 90050: train loss 2.4780, val loss 2.4215
saving checkpoint to out-novel-char_LGT728D_4d06c3ce0eb6b62233f4128fdb1c3b0f
model:LGT728D iter 90050: loss 1.3796, time 3153.91ms, mfu 1.18%
model:LGT728D iter 90060: loss 1.5176, time 200.82ms, mfu 1.19%
model:LGT728D iter 90070: loss 1.3523, time 204.32ms, mfu 1.20%
model:LGT728D iter 90080: loss 1.4643, time 210.19ms, mfu 1.20%
model:LGT728D iter 90090: loss 1.6784, time 206.74ms, mfu 1.21%
------average encoder activity 0.00000
-----------average decoder density 0.0000
step 90100: train loss 2.4795, val loss 2.4241
saving checkpoint to out-novel-char_LGT728D_4d06c3ce0eb6b62233f4128fdb1c3b0f
model:LGT728D iter 90100: loss 1.3136, time 3177.32ms, mfu 1.10%
model:LGT728D iter 90110: loss 1.4842, time 199.92ms, mfu 1.12%
model:LGT728D iter 90120: loss 1.6010, time 200.99ms, mfu 1.14%
model:LGT728D iter 90130: loss 1.6673, time 209.74ms, mfu 1.15%
model:LGT728D iter 90140: loss 1.6994, time 208.72ms, mfu 1.16%
------average encoder activity 0.00000
-----------average decoder density 0.0000
step 90150: train loss 2.4877, val loss 2.4487
saving checkpoint to out-novel-char_LGT728D_4d06c3ce0eb6b62233f4128fdb1c3b0f
model:LGT728D iter 90150: loss 1.4359, time 3143.99ms, mfu 1.05%
model:LGT728D iter 90160: loss 1.4488, time 208.02ms, mfu 1.07%
model:LGT728D iter 90170: loss 1.4359, time 192.64ms, mfu 1.10%
model:LGT728D iter 90180: loss 1.6575, time 160.37ms, mfu 1.15%
model:LGT728D iter 90190: loss 1.2804, time 160.46ms, mfu 1.20%
------average encoder activity 0.00000
-----------average decoder density 0.0000
step 90200: train loss 2.4686, val loss 2.4272
saving checkpoint to out-novel-char_LGT728D_4d06c3ce0eb6b62233f4128fdb1c3b0f
model:LGT728D iter 90200: loss 1.3864, time 3126.09ms, mfu 1.09%
model:LGT728D iter 90210: loss 1.4852, time 153.36ms, mfu 1.15%
model:LGT728D iter 90220: loss 1.4669, time 171.58ms, mfu 1.19%
model:LGT728D iter 90230: loss 1.4132, time 171.27ms, mfu 1.22%
model:LGT728D iter 90240: loss 1.5201, time 172.46ms, mfu 1.25%
------average encoder activity 0.00000
-----------average decoder density 0.0000
step 90250: train loss 2.4598, val loss 2.4211
saving checkpoint to out-novel-char_LGT728D_4d06c3ce0eb6b62233f4128fdb1c3b0f
model:LGT728D iter 90250: loss 1.4169, time 2863.34ms, mfu 1.14%
model:LGT728D iter 90260: loss 1.3604, time 165.71ms, mfu 1.18%
model:LGT728D iter 90270: loss 1.3682, time 170.19ms, mfu 1.22%
model:LGT728D iter 90280: loss 1.3664, time 152.80ms, mfu 1.27%
model:LGT728D iter 90290: loss 1.3947, time 157.18ms, mfu 1.31%
------average encoder activity 0.00000
-----------average decoder density 0.0000
step 90300: train loss 2.4786, val loss 2.4176
saving checkpoint to out-novel-char_LGT728D_4d06c3ce0eb6b62233f4128fdb1c3b0f
model:LGT728D iter 90300: loss 1.3826, time 3144.61ms, mfu 1.18%
model:LGT728D iter 90310: loss 1.3155, time 146.13ms, mfu 1.24%
model:LGT728D iter 90320: loss 1.5010, time 145.51ms, mfu 1.30%
model:LGT728D iter 90330: loss 1.2864, time 146.93ms, mfu 1.35%
model:LGT728D iter 90340: loss 1.4721, time 152.96ms, mfu 1.38%
------average encoder activity 0.00000
-----------average decoder density 0.0000
step 90350: train loss 2.4795, val loss 2.4291
saving checkpoint to out-novel-char_LGT728D_4d06c3ce0eb6b62233f4128fdb1c3b0f
model:LGT728D iter 90350: loss 1.6481, time 3123.00ms, mfu 1.25%
model:LGT728D iter 90360: loss 1.5366, time 207.52ms, mfu 1.25%
model:LGT728D iter 90370: loss 1.6042, time 154.69ms, mfu 1.30%
model:LGT728D iter 90380: loss 1.3864, time 150.17ms, mfu 1.34%
model:LGT728D iter 90390: loss 1.8236, time 143.22ms, mfu 1.39%
------average encoder activity 0.00000
-----------average decoder density 0.0000
step 90400: train loss 2.4775, val loss 2.4288
saving checkpoint to out-novel-char_LGT728D_4d06c3ce0eb6b62233f4128fdb1c3b0f
model:LGT728D iter 90400: loss 1.5173, time 2962.02ms, mfu 1.26%
model:LGT728D iter 90410: loss 1.5335, time 153.68ms, mfu 1.31%
model:LGT728D iter 90420: loss 1.4347, time 153.20ms, mfu 1.35%
model:LGT728D iter 90430: loss 1.5519, time 154.47ms, mfu 1.38%
model:LGT728D iter 90440: loss 1.4508, time 158.34ms, mfu 1.41%
------average encoder activity 0.00000
-----------average decoder density 0.0000
step 90450: train loss 2.4885, val loss 2.4262
saving checkpoint to out-novel-char_LGT728D_4d06c3ce0eb6b62233f4128fdb1c3b0f
model:LGT728D iter 90450: loss 1.4740, time 3107.72ms, mfu 1.28%
model:LGT728D iter 90460: loss 1.4334, time 200.15ms, mfu 1.28%
model:LGT728D iter 90470: loss 1.4225, time 211.92ms, mfu 1.27%
model:LGT728D iter 90480: loss 1.4644, time 200.85ms, mfu 1.28%
model:LGT728D iter 90490: loss 1.3685, time 204.90ms, mfu 1.28%
------average encoder activity 0.00000
-----------average decoder density 0.0000
step 90500: train loss 2.4716, val loss 2.4271
saving checkpoint to out-novel-char_LGT728D_4d06c3ce0eb6b62233f4128fdb1c3b0f
model:LGT728D iter 90500: loss 1.3380, time 3125.48ms, mfu 1.16%
model:LGT728D iter 90510: loss 1.5354, time 208.56ms, mfu 1.17%
model:LGT728D iter 90520: loss 1.4103, time 198.92ms, mfu 1.18%
model:LGT728D iter 90530: loss 1.4065, time 198.32ms, mfu 1.20%
model:LGT728D iter 90540: loss 1.4096, time 201.29ms, mfu 1.21%
------average encoder activity 0.00000
-----------average decoder density 0.0000
step 90550: train loss 2.4688, val loss 2.4202
saving checkpoint to out-novel-char_LGT728D_4d06c3ce0eb6b62233f4128fdb1c3b0f
model:LGT728D iter 90550: loss 1.3901, time 3170.56ms, mfu 1.09%
model:LGT728D iter 90560: loss 1.3884, time 212.58ms, mfu 1.11%
model:LGT728D iter 90570: loss 1.3370, time 212.80ms, mfu 1.12%
model:LGT728D iter 90580: loss 1.5505, time 202.93ms, mfu 1.14%
model:LGT728D iter 90590: loss 1.5264, time 145.59ms, mfu 1.20%
------average encoder activity 0.00000
-----------average decoder density 0.0000
step 90600: train loss 2.4505, val loss 2.4079
saving checkpoint to out-novel-char_LGT728D_4d06c3ce0eb6b62233f4128fdb1c3b0f
model:LGT728D iter 90600: loss 1.5485, time 3151.53ms, mfu 1.09%
model:LGT728D iter 90610: loss 1.4662, time 153.67ms, mfu 1.15%
model:LGT728D iter 90620: loss 1.4112, time 163.25ms, mfu 1.20%
model:LGT728D iter 90630: loss 1.5046, time 155.03ms, mfu 1.25%
model:LGT728D iter 90640: loss 1.4399, time 157.81ms, mfu 1.29%
------average encoder activity 0.00000
-----------average decoder density 0.0000
step 90650: train loss 2.4626, val loss 2.4096
saving checkpoint to out-novel-char_LGT728D_4d06c3ce0eb6b62233f4128fdb1c3b0f
model:LGT728D iter 90650: loss 1.5459, time 2988.30ms, mfu 1.17%
model:LGT728D iter 90660: loss 1.4814, time 223.43ms, mfu 1.17%
model:LGT728D iter 90670: loss 1.6681, time 170.10ms, mfu 1.20%
model:LGT728D iter 90680: loss 1.4290, time 173.38ms, mfu 1.24%
model:LGT728D iter 90690: loss 1.3961, time 169.53ms, mfu 1.27%
------average encoder activity 0.00000
-----------average decoder density 0.0000
step 90700: train loss 2.4680, val loss 2.4251
saving checkpoint to out-novel-char_LGT728D_4d06c3ce0eb6b62233f4128fdb1c3b0f
model:LGT728D iter 90700: loss 1.3427, time 3078.59ms, mfu 1.15%
model:LGT728D iter 90710: loss 1.3417, time 210.39ms, mfu 1.16%
model:LGT728D iter 90720: loss 1.5806, time 164.42ms, mfu 1.20%
model:LGT728D iter 90730: loss 1.5604, time 167.36ms, mfu 1.24%
model:LGT728D iter 90740: loss 1.5171, time 166.11ms, mfu 1.27%
------average encoder activity 0.00000
-----------average decoder density 0.0000
step 90750: train loss 2.4534, val loss 2.4070
saving checkpoint to out-novel-char_LGT728D_4d06c3ce0eb6b62233f4128fdb1c3b0f
model:LGT728D iter 90750: loss 1.4986, time 3121.64ms, mfu 1.15%
model:LGT728D iter 90760: loss 1.4781, time 175.18ms, mfu 1.19%
model:LGT728D iter 90770: loss 1.4279, time 158.64ms, mfu 1.23%
model:LGT728D iter 90780: loss 1.4320, time 158.85ms, mfu 1.27%
model:LGT728D iter 90790: loss 1.4854, time 167.52ms, mfu 1.30%
------average encoder activity 0.00000
-----------average decoder density 0.0000
step 90800: train loss 2.4745, val loss 2.4094
saving checkpoint to out-novel-char_LGT728D_4d06c3ce0eb6b62233f4128fdb1c3b0f
model:LGT728D iter 90800: loss 1.4897, time 3207.10ms, mfu 1.18%
model:LGT728D iter 90810: loss 1.6521, time 171.42ms, mfu 1.22%
model:LGT728D iter 90820: loss 1.3348, time 180.88ms, mfu 1.24%
model:LGT728D iter 90830: loss 1.4255, time 163.87ms, mfu 1.27%
model:LGT728D iter 90840: loss 1.5528, time 160.04ms, mfu 1.31%
------average encoder activity 0.00000
-----------average decoder density 0.0000
step 90850: train loss 2.4597, val loss 2.3849
saving checkpoint to out-novel-char_LGT728D_4d06c3ce0eb6b62233f4128fdb1c3b0f
model:LGT728D iter 90850: loss 1.4570, time 3108.50ms, mfu 1.19%
model:LGT728D iter 90860: loss 1.4519, time 169.54ms, mfu 1.22%
model:LGT728D iter 90870: loss 1.3626, time 181.58ms, mfu 1.25%
model:LGT728D iter 90880: loss 1.3805, time 173.08ms, mfu 1.27%
model:LGT728D iter 90890: loss 1.7991, time 159.20ms, mfu 1.31%
------average encoder activity 0.00000
-----------average decoder density 0.0000
step 90900: train loss 2.4654, val loss 2.3967
saving checkpoint to out-novel-char_LGT728D_4d06c3ce0eb6b62233f4128fdb1c3b0f
model:LGT728D iter 90900: loss 1.4245, time 2904.27ms, mfu 1.19%
model:LGT728D iter 90910: loss 1.2571, time 156.74ms, mfu 1.24%
model:LGT728D iter 90920: loss 1.6518, time 154.09ms, mfu 1.28%
model:LGT728D iter 90930: loss 1.4911, time 157.86ms, mfu 1.32%
model:LGT728D iter 90940: loss 1.3102, time 156.83ms, mfu 1.35%
------average encoder activity 0.00000
-----------average decoder density 0.0000
step 90950: train loss 2.4739, val loss 2.4129
saving checkpoint to out-novel-char_LGT728D_4d06c3ce0eb6b62233f4128fdb1c3b0f
model:LGT728D iter 90950: loss 1.5356, time 3228.61ms, mfu 1.23%
model:LGT728D iter 90960: loss 1.4727, time 145.50ms, mfu 1.28%
model:LGT728D iter 90970: loss 1.5980, time 146.15ms, mfu 1.33%
model:LGT728D iter 90980: loss 1.5869, time 143.94ms, mfu 1.38%
model:LGT728D iter 90990: loss 1.5049, time 154.69ms, mfu 1.41%
------average encoder activity 0.00000
-----------average decoder density 0.0000
step 91000: train loss 2.4597, val loss 2.4008
saving checkpoint to out-novel-char_LGT728D_4d06c3ce0eb6b62233f4128fdb1c3b0f
model:LGT728D iter 91000: loss 1.2730, time 3161.69ms, mfu 1.28%
model:LGT728D iter 91010: loss 1.5315, time 158.69ms, mfu 1.32%
model:LGT728D iter 91020: loss 1.5656, time 161.59ms, mfu 1.35%
model:LGT728D iter 91030: loss 1.4331, time 154.22ms, mfu 1.38%
model:LGT728D iter 91040: loss 1.6863, time 146.12ms, mfu 1.42%
------average encoder activity 0.00000
-----------average decoder density 0.0000
step 91050: train loss 2.4450, val loss 2.4132
saving checkpoint to out-novel-char_LGT728D_4d06c3ce0eb6b62233f4128fdb1c3b0f
model:LGT728D iter 91050: loss 1.4627, time 3074.57ms, mfu 1.29%
model:LGT728D iter 91060: loss 1.4429, time 209.27ms, mfu 1.29%
model:LGT728D iter 91070: loss 1.4318, time 211.32ms, mfu 1.28%
model:LGT728D iter 91080: loss 1.3755, time 210.48ms, mfu 1.28%
model:LGT728D iter 91090: loss 1.5108, time 209.80ms, mfu 1.27%
------average encoder activity 0.00000
-----------average decoder density 0.0000
step 91100: train loss 2.4504, val loss 2.4060
saving checkpoint to out-novel-char_LGT728D_4d06c3ce0eb6b62233f4128fdb1c3b0f
model:LGT728D iter 91100: loss 1.4031, time 2902.69ms, mfu 1.16%
model:LGT728D iter 91110: loss 1.3601, time 214.82ms, mfu 1.16%
model:LGT728D iter 91120: loss 1.5321, time 210.93ms, mfu 1.17%
model:LGT728D iter 91130: loss 1.4965, time 209.66ms, mfu 1.18%
model:LGT728D iter 91140: loss 1.4701, time 210.00ms, mfu 1.18%
------average encoder activity 0.00000
-----------average decoder density 0.0000
step 91150: train loss 2.4590, val loss 2.4121
saving checkpoint to out-novel-char_LGT728D_4d06c3ce0eb6b62233f4128fdb1c3b0f
model:LGT728D iter 91150: loss 1.4570, time 2905.15ms, mfu 1.08%
model:LGT728D iter 91160: loss 1.4079, time 203.70ms, mfu 1.10%
model:LGT728D iter 91170: loss 1.4760, time 211.00ms, mfu 1.11%
model:LGT728D iter 91180: loss 1.3420, time 154.46ms, mfu 1.17%
model:LGT728D iter 91190: loss 1.5752, time 158.41ms, mfu 1.22%
------average encoder activity 0.00000
-----------average decoder density 0.0000
step 91200: train loss 2.4541, val loss 2.4080
saving checkpoint to out-novel-char_LGT728D_4d06c3ce0eb6b62233f4128fdb1c3b0f
model:LGT728D iter 91200: loss 1.4851, time 3124.90ms, mfu 1.10%
model:LGT728D iter 91210: loss 1.4594, time 144.80ms, mfu 1.17%
model:LGT728D iter 91220: loss 1.4968, time 145.10ms, mfu 1.24%
model:LGT728D iter 91230: loss 1.5206, time 161.35ms, mfu 1.28%
model:LGT728D iter 91240: loss 1.4447, time 206.99ms, mfu 1.27%
------average encoder activity 0.00000
-----------average decoder density 0.0000
step 91250: train loss 2.4684, val loss 2.4263
saving checkpoint to out-novel-char_LGT728D_4d06c3ce0eb6b62233f4128fdb1c3b0f
model:LGT728D iter 91250: loss 1.4567, time 3261.99ms, mfu 1.16%
model:LGT728D iter 91260: loss 1.4806, time 208.95ms, mfu 1.16%
model:LGT728D iter 91270: loss 1.4320, time 172.46ms, mfu 1.20%
model:LGT728D iter 91280: loss 1.4836, time 147.17ms, mfu 1.26%
model:LGT728D iter 91290: loss 1.4534, time 151.50ms, mfu 1.30%
------average encoder activity 0.00000
-----------average decoder density 0.0000
step 91300: train loss 2.4586, val loss 2.4103
saving checkpoint to out-novel-char_LGT728D_4d06c3ce0eb6b62233f4128fdb1c3b0f
model:LGT728D iter 91300: loss 1.3096, time 3273.34ms, mfu 1.18%
model:LGT728D iter 91310: loss 1.4894, time 208.93ms, mfu 1.19%
model:LGT728D iter 91320: loss 1.5400, time 215.20ms, mfu 1.19%
model:LGT728D iter 91330: loss 1.4097, time 201.25ms, mfu 1.20%
model:LGT728D iter 91340: loss 1.4646, time 200.36ms, mfu 1.21%
------average encoder activity 0.00000
-----------average decoder density 0.0000
step 91350: train loss 2.4470, val loss 2.3987
saving checkpoint to out-novel-char_LGT728D_4d06c3ce0eb6b62233f4128fdb1c3b0f
model:LGT728D iter 91350: loss 1.4889, time 3181.89ms, mfu 1.10%
model:LGT728D iter 91360: loss 1.4556, time 152.54ms, mfu 1.16%
model:LGT728D iter 91370: loss 1.5912, time 152.95ms, mfu 1.22%
model:LGT728D iter 91380: loss 1.4549, time 159.19ms, mfu 1.26%
model:LGT728D iter 91390: loss 1.4097, time 153.19ms, mfu 1.30%
------average encoder activity 0.00000
-----------average decoder density 0.0000
step 91400: train loss 2.4665, val loss 2.4163
saving checkpoint to out-novel-char_LGT728D_4d06c3ce0eb6b62233f4128fdb1c3b0f
model:LGT728D iter 91400: loss 1.4512, time 2925.69ms, mfu 1.18%
model:LGT728D iter 91410: loss 1.3609, time 154.89ms, mfu 1.23%
model:LGT728D iter 91420: loss 1.6984, time 155.17ms, mfu 1.28%
model:LGT728D iter 91430: loss 1.4208, time 155.62ms, mfu 1.32%
model:LGT728D iter 91440: loss 1.3103, time 156.05ms, mfu 1.35%
------average encoder activity 0.00000
-----------average decoder density 0.0000
step 91450: train loss 2.4383, val loss 2.3964
saving checkpoint to out-novel-char_LGT728D_4d06c3ce0eb6b62233f4128fdb1c3b0f
model:LGT728D iter 91450: loss 1.4181, time 3274.63ms, mfu 1.23%
model:LGT728D iter 91460: loss 1.5160, time 200.62ms, mfu 1.24%
model:LGT728D iter 91470: loss 1.5218, time 145.38ms, mfu 1.29%
model:LGT728D iter 91480: loss 1.2700, time 146.10ms, mfu 1.34%
model:LGT728D iter 91490: loss 1.3292, time 155.02ms, mfu 1.38%
------average encoder activity 0.00000
-----------average decoder density 0.0000
step 91500: train loss 2.4619, val loss 2.4084
saving checkpoint to out-novel-char_LGT728D_4d06c3ce0eb6b62233f4128fdb1c3b0f
model:LGT728D iter 91500: loss 1.5215, time 3142.41ms, mfu 1.25%
model:LGT728D iter 91510: loss 1.4453, time 260.10ms, mfu 1.22%
model:LGT728D iter 91520: loss 1.3886, time 245.33ms, mfu 1.21%
model:LGT728D iter 91530: loss 1.3663, time 297.28ms, mfu 1.17%
model:LGT728D iter 91540: loss 1.4387, time 159.37ms, mfu 1.22%
------average encoder activity 0.00000
-----------average decoder density 0.0000
step 91550: train loss 2.4519, val loss 2.4049
saving checkpoint to out-novel-char_LGT728D_4d06c3ce0eb6b62233f4128fdb1c3b0f
model:LGT728D iter 91550: loss 1.3001, time 3173.13ms, mfu 1.11%
model:LGT728D iter 91560: loss 1.3488, time 172.75ms, mfu 1.15%
model:LGT728D iter 91570: loss 1.4690, time 156.36ms, mfu 1.20%
model:LGT728D iter 91580: loss 1.3916, time 152.11ms, mfu 1.25%
model:LGT728D iter 91590: loss 1.3934, time 151.02ms, mfu 1.30%
------average encoder activity 0.00000
-----------average decoder density 0.0000
step 91600: train loss 2.4423, val loss 2.3965
saving checkpoint to out-novel-char_LGT728D_4d06c3ce0eb6b62233f4128fdb1c3b0f
model:LGT728D iter 91600: loss 1.4150, time 2910.59ms, mfu 1.18%
model:LGT728D iter 91610: loss 1.4766, time 208.21ms, mfu 1.19%
model:LGT728D iter 91620: loss 1.3539, time 208.81ms, mfu 1.19%
model:LGT728D iter 91630: loss 1.6862, time 206.85ms, mfu 1.20%
model:LGT728D iter 91640: loss 1.3567, time 207.10ms, mfu 1.21%
------average encoder activity 0.00000
-----------average decoder density 0.0000
step 91650: train loss 2.4505, val loss 2.3922
saving checkpoint to out-novel-char_LGT728D_4d06c3ce0eb6b62233f4128fdb1c3b0f
model:LGT728D iter 91650: loss 1.2710, time 3032.93ms, mfu 1.10%
model:LGT728D iter 91660: loss 1.4998, time 210.03ms, mfu 1.11%
model:LGT728D iter 91670: loss 1.5329, time 207.75ms, mfu 1.13%
model:LGT728D iter 91680: loss 1.5099, time 209.60ms, mfu 1.14%
model:LGT728D iter 91690: loss 1.4305, time 207.85ms, mfu 1.15%
------average encoder activity 0.00000
-----------average decoder density 0.0000
step 91700: train loss 2.4527, val loss 2.4021
saving checkpoint to out-novel-char_LGT728D_4d06c3ce0eb6b62233f4128fdb1c3b0f
model:LGT728D iter 91700: loss 1.4470, time 3098.38ms, mfu 1.04%
model:LGT728D iter 91710: loss 1.4012, time 200.29ms, mfu 1.07%
model:LGT728D iter 91720: loss 1.5534, time 206.67ms, mfu 1.09%
model:LGT728D iter 91730: loss 1.5606, time 206.20ms, mfu 1.11%
model:LGT728D iter 91740: loss 1.6083, time 208.61ms, mfu 1.12%
------average encoder activity 0.00000
-----------average decoder density 0.0000
step 91750: train loss 2.4439, val loss 2.3824
saving checkpoint to out-novel-char_LGT728D_4d06c3ce0eb6b62233f4128fdb1c3b0f
model:LGT728D iter 91750: loss 1.4835, time 3219.60ms, mfu 1.02%
model:LGT728D iter 91760: loss 1.3910, time 145.76ms, mfu 1.10%
model:LGT728D iter 91770: loss 1.5155, time 148.73ms, mfu 1.16%
model:LGT728D iter 91780: loss 1.4586, time 159.96ms, mfu 1.21%
model:LGT728D iter 91790: loss 1.4762, time 155.17ms, mfu 1.26%
------average encoder activity 0.00000
-----------average decoder density 0.0000
step 91800: train loss 2.4397, val loss 2.3886
saving checkpoint to out-novel-char_LGT728D_4d06c3ce0eb6b62233f4128fdb1c3b0f
model:LGT728D iter 91800: loss 1.4626, time 3266.60ms, mfu 1.14%
model:LGT728D iter 91810: loss 1.4535, time 209.23ms, mfu 1.15%
model:LGT728D iter 91820: loss 1.3840, time 190.73ms, mfu 1.17%
model:LGT728D iter 91830: loss 1.4815, time 147.80ms, mfu 1.23%
model:LGT728D iter 91840: loss 1.5484, time 158.80ms, mfu 1.27%
------average encoder activity 0.00000
-----------average decoder density 0.0000
step 91850: train loss 2.4418, val loss 2.4026
saving checkpoint to out-novel-char_LGT728D_4d06c3ce0eb6b62233f4128fdb1c3b0f
model:LGT728D iter 91850: loss 1.3241, time 3245.16ms, mfu 1.15%
model:LGT728D iter 91860: loss 1.5409, time 206.78ms, mfu 1.17%
model:LGT728D iter 91870: loss 1.3374, time 207.28ms, mfu 1.18%
model:LGT728D iter 91880: loss 1.4400, time 201.83ms, mfu 1.19%
model:LGT728D iter 91890: loss 1.6227, time 203.24ms, mfu 1.20%
------average encoder activity 0.00000
-----------average decoder density 0.0000
step 91900: train loss 2.4539, val loss 2.4017
saving checkpoint to out-novel-char_LGT728D_4d06c3ce0eb6b62233f4128fdb1c3b0f
model:LGT728D iter 91900: loss 1.6057, time 3337.31ms, mfu 1.09%
model:LGT728D iter 91910: loss 1.3872, time 206.49ms, mfu 1.10%
model:LGT728D iter 91920: loss 1.4506, time 207.68ms, mfu 1.12%
model:LGT728D iter 91930: loss 1.5369, time 205.40ms, mfu 1.13%
model:LGT728D iter 91940: loss 1.2458, time 200.95ms, mfu 1.15%
------average encoder activity 0.00000
-----------average decoder density 0.0000
step 91950: train loss 2.4349, val loss 2.3926
saving checkpoint to out-novel-char_LGT728D_4d06c3ce0eb6b62233f4128fdb1c3b0f
model:LGT728D iter 91950: loss 1.4586, time 3275.58ms, mfu 1.04%
model:LGT728D iter 91960: loss 1.5021, time 205.72ms, mfu 1.07%
model:LGT728D iter 91970: loss 1.4388, time 205.29ms, mfu 1.09%
model:LGT728D iter 91980: loss 1.4382, time 208.67ms, mfu 1.10%
model:LGT728D iter 91990: loss 1.3680, time 145.54ms, mfu 1.17%
------average encoder activity 0.00000
-----------average decoder density 0.0000
step 92000: train loss 2.4440, val loss 2.3905
saving checkpoint to out-novel-char_LGT728D_4d06c3ce0eb6b62233f4128fdb1c3b0f
model:LGT728D iter 92000: loss 1.5218, time 3000.13ms, mfu 1.07%
model:LGT728D iter 92010: loss 1.4587, time 174.75ms, mfu 1.11%
model:LGT728D iter 92020: loss 1.4900, time 170.00ms, mfu 1.15%
model:LGT728D iter 92030: loss 1.4906, time 171.32ms, mfu 1.19%
model:LGT728D iter 92040: loss 1.4710, time 169.45ms, mfu 1.22%
------average encoder activity 0.00000
-----------average decoder density 0.0000
step 92050: train loss 2.4269, val loss 2.3922
saving checkpoint to out-novel-char_LGT728D_4d06c3ce0eb6b62233f4128fdb1c3b0f
model:LGT728D iter 92050: loss 1.4953, time 2960.76ms, mfu 1.11%
model:LGT728D iter 92060: loss 1.3264, time 166.59ms, mfu 1.16%
model:LGT728D iter 92070: loss 1.5136, time 171.53ms, mfu 1.19%
model:LGT728D iter 92080: loss 1.3473, time 171.38ms, mfu 1.23%
model:LGT728D iter 92090: loss 1.4221, time 170.38ms, mfu 1.26%
------average encoder activity 0.00000
-----------average decoder density 0.0000
step 92100: train loss 2.4266, val loss 2.3820
saving checkpoint to out-novel-char_LGT728D_4d06c3ce0eb6b62233f4128fdb1c3b0f
model:LGT728D iter 92100: loss 1.4537, time 3070.55ms, mfu 1.14%
model:LGT728D iter 92110: loss 1.3666, time 161.09ms, mfu 1.19%
model:LGT728D iter 92120: loss 1.5521, time 144.62ms, mfu 1.25%
model:LGT728D iter 92130: loss 1.4312, time 145.13ms, mfu 1.31%
model:LGT728D iter 92140: loss 1.5836, time 151.07ms, mfu 1.35%
------average encoder activity 0.00000
-----------average decoder density 0.0000
step 92150: train loss 2.4354, val loss 2.3867
saving checkpoint to out-novel-char_LGT728D_4d06c3ce0eb6b62233f4128fdb1c3b0f
model:LGT728D iter 92150: loss 1.5415, time 3236.02ms, mfu 1.22%
model:LGT728D iter 92160: loss 1.4132, time 210.29ms, mfu 1.22%
model:LGT728D iter 92170: loss 1.5130, time 206.30ms, mfu 1.23%
model:LGT728D iter 92180: loss 1.4617, time 148.12ms, mfu 1.28%
model:LGT728D iter 92190: loss 1.3941, time 144.30ms, mfu 1.34%
------average encoder activity 0.00000
-----------average decoder density 0.0000
step 92200: train loss 2.4294, val loss 2.3913
saving checkpoint to out-novel-char_LGT728D_4d06c3ce0eb6b62233f4128fdb1c3b0f
model:LGT728D iter 92200: loss 1.5913, time 3234.70ms, mfu 1.21%
model:LGT728D iter 92210: loss 1.4856, time 207.30ms, mfu 1.22%
model:LGT728D iter 92220: loss 1.6432, time 207.77ms, mfu 1.22%
model:LGT728D iter 92230: loss 1.7586, time 168.91ms, mfu 1.25%
model:LGT728D iter 92240: loss 1.2905, time 161.87ms, mfu 1.29%
------average encoder activity 0.00000
-----------average decoder density 0.0000
step 92250: train loss 2.4478, val loss 2.3790
saving checkpoint to out-novel-char_LGT728D_4d06c3ce0eb6b62233f4128fdb1c3b0f
model:LGT728D iter 92250: loss 1.4692, time 3013.73ms, mfu 1.17%
model:LGT728D iter 92260: loss 1.4558, time 170.54ms, mfu 1.21%
model:LGT728D iter 92270: loss 1.5714, time 168.60ms, mfu 1.24%
model:LGT728D iter 92280: loss 1.3159, time 170.98ms, mfu 1.27%
model:LGT728D iter 92290: loss 1.1828, time 166.79ms, mfu 1.30%
------average encoder activity 0.00000
-----------average decoder density 0.0000
step 92300: train loss 2.4260, val loss 2.3850
saving checkpoint to out-novel-char_LGT728D_4d06c3ce0eb6b62233f4128fdb1c3b0f
model:LGT728D iter 92300: loss 1.5399, time 3033.05ms, mfu 1.18%
model:LGT728D iter 92310: loss 1.5027, time 200.06ms, mfu 1.19%
model:LGT728D iter 92320: loss 1.5211, time 208.81ms, mfu 1.20%
model:LGT728D iter 92330: loss 1.5127, time 203.29ms, mfu 1.21%
model:LGT728D iter 92340: loss 1.3026, time 161.97ms, mfu 1.25%
------average encoder activity 0.00000
-----------average decoder density 0.0000
step 92350: train loss 2.4394, val loss 2.3831
saving checkpoint to out-novel-char_LGT728D_4d06c3ce0eb6b62233f4128fdb1c3b0f
model:LGT728D iter 92350: loss 1.2690, time 3241.68ms, mfu 1.13%
model:LGT728D iter 92360: loss 1.4672, time 200.92ms, mfu 1.15%
model:LGT728D iter 92370: loss 1.3084, time 199.93ms, mfu 1.16%
model:LGT728D iter 92380: loss 1.4943, time 210.93ms, mfu 1.17%
model:LGT728D iter 92390: loss 1.4582, time 207.27ms, mfu 1.18%
------average encoder activity 0.00000
-----------average decoder density 0.0000
step 92400: train loss 2.4289, val loss 2.3775
saving checkpoint to out-novel-char_LGT728D_4d06c3ce0eb6b62233f4128fdb1c3b0f
model:LGT728D iter 92400: loss 1.5430, time 3241.66ms, mfu 1.07%
model:LGT728D iter 92410: loss 1.5912, time 201.84ms, mfu 1.09%
model:LGT728D iter 92420: loss 1.5798, time 201.84ms, mfu 1.11%
model:LGT728D iter 92430: loss 1.3491, time 206.89ms, mfu 1.13%
model:LGT728D iter 92440: loss 1.4166, time 208.36ms, mfu 1.14%
------average encoder activity 0.00000
-----------average decoder density 0.0000
step 92450: train loss 2.4261, val loss 2.3854
saving checkpoint to out-novel-char_LGT728D_4d06c3ce0eb6b62233f4128fdb1c3b0f
model:LGT728D iter 92450: loss 1.5003, time 3234.16ms, mfu 1.04%
model:LGT728D iter 92460: loss 1.3767, time 205.24ms, mfu 1.06%
model:LGT728D iter 92470: loss 1.5219, time 200.67ms, mfu 1.08%
model:LGT728D iter 92480: loss 1.4437, time 200.66ms, mfu 1.11%
model:LGT728D iter 92490: loss 1.5514, time 207.71ms, mfu 1.12%
------average encoder activity 0.00000
-----------average decoder density 0.0000
step 92500: train loss 2.4328, val loss 2.3772
saving checkpoint to out-novel-char_LGT728D_4d06c3ce0eb6b62233f4128fdb1c3b0f
model:LGT728D iter 92500: loss 1.3664, time 3258.44ms, mfu 1.02%
model:LGT728D iter 92510: loss 1.3302, time 209.35ms, mfu 1.04%
model:LGT728D iter 92520: loss 1.5264, time 146.06ms, mfu 1.12%
model:LGT728D iter 92530: loss 1.2896, time 146.33ms, mfu 1.18%
model:LGT728D iter 92540: loss 1.5406, time 146.83ms, mfu 1.24%
------average encoder activity 0.00000
-----------average decoder density 0.0000
step 92550: train loss 2.4236, val loss 2.3715
saving checkpoint to out-novel-char_LGT728D_4d06c3ce0eb6b62233f4128fdb1c3b0f
model:LGT728D iter 92550: loss 1.6447, time 3252.42ms, mfu 1.13%
model:LGT728D iter 92560: loss 1.5285, time 164.41ms, mfu 1.17%
model:LGT728D iter 92570: loss 1.4045, time 155.87ms, mfu 1.22%
model:LGT728D iter 92580: loss 1.4075, time 161.03ms, mfu 1.26%
model:LGT728D iter 92590: loss 1.3884, time 154.57ms, mfu 1.31%
------average encoder activity 0.00000
-----------average decoder density 0.0000
step 92600: train loss 2.4147, val loss 2.3709
saving checkpoint to out-novel-char_LGT728D_4d06c3ce0eb6b62233f4128fdb1c3b0f
model:LGT728D iter 92600: loss 1.4953, time 2904.07ms, mfu 1.19%
model:LGT728D iter 92610: loss 1.7076, time 159.99ms, mfu 1.23%
model:LGT728D iter 92620: loss 1.3404, time 159.59ms, mfu 1.27%
model:LGT728D iter 92630: loss 1.4599, time 165.87ms, mfu 1.30%
model:LGT728D iter 92640: loss 1.4320, time 157.26ms, mfu 1.34%
------average encoder activity 0.00000
-----------average decoder density 0.0000
step 92650: train loss 2.4181, val loss 2.3755
saving checkpoint to out-novel-char_LGT728D_4d06c3ce0eb6b62233f4128fdb1c3b0f
model:LGT728D iter 92650: loss 1.3971, time 3265.75ms, mfu 1.21%
model:LGT728D iter 92660: loss 1.3902, time 148.83ms, mfu 1.27%
model:LGT728D iter 92670: loss 1.5040, time 149.68ms, mfu 1.32%
model:LGT728D iter 92680: loss 1.5672, time 154.72ms, mfu 1.35%
model:LGT728D iter 92690: loss 1.3806, time 153.88ms, mfu 1.39%
------average encoder activity 0.00000
-----------average decoder density 0.0000
step 92700: train loss 2.4180, val loss 2.3652
saving checkpoint to out-novel-char_LGT728D_4d06c3ce0eb6b62233f4128fdb1c3b0f
model:LGT728D iter 92700: loss 1.4524, time 3177.26ms, mfu 1.26%
model:LGT728D iter 92710: loss 1.5313, time 155.78ms, mfu 1.30%
model:LGT728D iter 92720: loss 1.3329, time 145.69ms, mfu 1.35%
model:LGT728D iter 92730: loss 1.4333, time 144.87ms, mfu 1.39%
model:LGT728D iter 92740: loss 1.5315, time 146.46ms, mfu 1.43%
------average encoder activity 0.00000
-----------average decoder density 0.0000
step 92750: train loss 2.4442, val loss 2.3845
saving checkpoint to out-novel-char_LGT728D_4d06c3ce0eb6b62233f4128fdb1c3b0f
model:LGT728D iter 92750: loss 1.3970, time 3183.00ms, mfu 1.30%
model:LGT728D iter 92760: loss 1.5623, time 167.29ms, mfu 1.33%
model:LGT728D iter 92770: loss 1.3519, time 175.75ms, mfu 1.34%
model:LGT728D iter 92780: loss 1.3808, time 170.69ms, mfu 1.36%
model:LGT728D iter 92790: loss 1.3030, time 165.89ms, mfu 1.38%
------average encoder activity 0.00000
-----------average decoder density 0.0000
step 92800: train loss 2.4121, val loss 2.3744
saving checkpoint to out-novel-char_LGT728D_4d06c3ce0eb6b62233f4128fdb1c3b0f
model:LGT728D iter 92800: loss 1.3531, time 2862.08ms, mfu 1.25%
model:LGT728D iter 92810: loss 1.6333, time 169.62ms, mfu 1.28%
model:LGT728D iter 92820: loss 1.4683, time 169.03ms, mfu 1.31%
model:LGT728D iter 92830: loss 1.3801, time 173.94ms, mfu 1.33%
model:LGT728D iter 92840: loss 1.5696, time 171.76ms, mfu 1.35%
------average encoder activity 0.00000
-----------average decoder density 0.0000
step 92850: train loss 2.3939, val loss 2.3624
saving checkpoint to out-novel-char_LGT728D_4d06c3ce0eb6b62233f4128fdb1c3b0f
model:LGT728D iter 92850: loss 1.5012, time 3231.03ms, mfu 1.22%
model:LGT728D iter 92860: loss 1.6025, time 163.42ms, mfu 1.26%
model:LGT728D iter 92870: loss 1.4946, time 161.89ms, mfu 1.30%
model:LGT728D iter 92880: loss 1.4156, time 169.25ms, mfu 1.32%
model:LGT728D iter 92890: loss 1.3351, time 176.94ms, mfu 1.34%
------average encoder activity 0.00000
-----------average decoder density 0.0000
step 92900: train loss 2.4087, val loss 2.3743
saving checkpoint to out-novel-char_LGT728D_4d06c3ce0eb6b62233f4128fdb1c3b0f
model:LGT728D iter 92900: loss 1.2945, time 3204.90ms, mfu 1.21%
model:LGT728D iter 92910: loss 1.4462, time 169.03ms, mfu 1.24%
model:LGT728D iter 92920: loss 1.4944, time 160.97ms, mfu 1.28%
model:LGT728D iter 92930: loss 1.3028, time 161.44ms, mfu 1.32%
model:LGT728D iter 92940: loss 1.4917, time 160.02ms, mfu 1.35%
------average encoder activity 0.00000
-----------average decoder density 0.0000
step 92950: train loss 2.4237, val loss 2.3724
saving checkpoint to out-novel-char_LGT728D_4d06c3ce0eb6b62233f4128fdb1c3b0f
model:LGT728D iter 92950: loss 1.4686, time 3222.66ms, mfu 1.22%
model:LGT728D iter 92960: loss 1.6093, time 168.56ms, mfu 1.25%
model:LGT728D iter 92970: loss 1.4225, time 177.71ms, mfu 1.28%
model:LGT728D iter 92980: loss 1.4384, time 170.33ms, mfu 1.30%
model:LGT728D iter 92990: loss 1.5210, time 159.62ms, mfu 1.34%
------average encoder activity 0.00000
-----------average decoder density 0.0000
step 93000: train loss 2.4169, val loss 2.3723
saving checkpoint to out-novel-char_LGT728D_4d06c3ce0eb6b62233f4128fdb1c3b0f
model:LGT728D iter 93000: loss 1.3359, time 3043.45ms, mfu 1.21%
model:LGT728D iter 93010: loss 1.3593, time 177.51ms, mfu 1.24%
model:LGT728D iter 93020: loss 1.3716, time 171.77ms, mfu 1.27%
model:LGT728D iter 93030: loss 1.3872, time 173.02ms, mfu 1.29%
model:LGT728D iter 93040: loss 1.3860, time 178.17ms, mfu 1.31%
------average encoder activity 0.00000
-----------average decoder density 0.0000
step 93050: train loss 2.4197, val loss 2.3768
saving checkpoint to out-novel-char_LGT728D_4d06c3ce0eb6b62233f4128fdb1c3b0f
model:LGT728D iter 93050: loss 1.5071, time 2952.54ms, mfu 1.19%
model:LGT728D iter 93060: loss 1.4847, time 161.71ms, mfu 1.23%
model:LGT728D iter 93070: loss 1.4476, time 156.04ms, mfu 1.27%
model:LGT728D iter 93080: loss 1.5002, time 156.40ms, mfu 1.31%
model:LGT728D iter 93090: loss 1.3252, time 208.65ms, mfu 1.31%
------average encoder activity 0.00000
-----------average decoder density 0.0000
step 93100: train loss 2.3967, val loss 2.3579
saving checkpoint to out-novel-char_LGT728D_4d06c3ce0eb6b62233f4128fdb1c3b0f
model:LGT728D iter 93100: loss 1.6867, time 3165.37ms, mfu 1.19%
model:LGT728D iter 93110: loss 1.6155, time 200.47ms, mfu 1.20%
model:LGT728D iter 93120: loss 1.4523, time 200.18ms, mfu 1.21%
model:LGT728D iter 93130: loss 1.4831, time 209.27ms, mfu 1.21%
model:LGT728D iter 93140: loss 1.2702, time 155.87ms, mfu 1.26%
------average encoder activity 0.00000
-----------average decoder density 0.0000
step 93150: train loss 2.4031, val loss 2.3753
saving checkpoint to out-novel-char_LGT728D_4d06c3ce0eb6b62233f4128fdb1c3b0f
model:LGT728D iter 93150: loss 1.4653, time 3162.56ms, mfu 1.14%
model:LGT728D iter 93160: loss 1.3774, time 204.85ms, mfu 1.16%
model:LGT728D iter 93170: loss 1.4024, time 200.71ms, mfu 1.17%
model:LGT728D iter 93180: loss 1.4236, time 199.92ms, mfu 1.18%
model:LGT728D iter 93190: loss 1.5827, time 201.95ms, mfu 1.20%
------average encoder activity 0.00000
-----------average decoder density 0.0000
step 93200: train loss 2.4118, val loss 2.3555
saving checkpoint to out-novel-char_LGT728D_4d06c3ce0eb6b62233f4128fdb1c3b0f
model:LGT728D iter 93200: loss 1.3675, time 3136.25ms, mfu 1.08%
model:LGT728D iter 93210: loss 1.4892, time 206.91ms, mfu 1.10%
model:LGT728D iter 93220: loss 1.4862, time 206.55ms, mfu 1.12%
model:LGT728D iter 93230: loss 1.4485, time 210.39ms, mfu 1.13%
model:LGT728D iter 93240: loss 1.6516, time 161.92ms, mfu 1.18%
------average encoder activity 0.00000
-----------average decoder density 0.0000
step 93250: train loss 2.4106, val loss 2.3654
saving checkpoint to out-novel-char_LGT728D_4d06c3ce0eb6b62233f4128fdb1c3b0f
model:LGT728D iter 93250: loss 1.4921, time 2995.70ms, mfu 1.07%
model:LGT728D iter 93260: loss 1.4859, time 171.60ms, mfu 1.12%
model:LGT728D iter 93270: loss 1.4513, time 169.42ms, mfu 1.16%
model:LGT728D iter 93280: loss 1.5316, time 169.44ms, mfu 1.20%
model:LGT728D iter 93290: loss 1.4442, time 171.48ms, mfu 1.23%
------average encoder activity 0.00000
-----------average decoder density 0.0000
step 93300: train loss 2.3973, val loss 2.3575
saving checkpoint to out-novel-char_LGT728D_4d06c3ce0eb6b62233f4128fdb1c3b0f
model:LGT728D iter 93300: loss 1.4600, time 3027.76ms, mfu 1.12%
model:LGT728D iter 93310: loss 1.5371, time 167.85ms, mfu 1.16%
model:LGT728D iter 93320: loss 1.3946, time 173.21ms, mfu 1.20%
model:LGT728D iter 93330: loss 1.3454, time 167.37ms, mfu 1.23%
model:LGT728D iter 93340: loss 1.4665, time 167.42ms, mfu 1.27%
------average encoder activity 0.00000
-----------average decoder density 0.0000
step 93350: train loss 2.4424, val loss 2.3889
saving checkpoint to out-novel-char_LGT728D_4d06c3ce0eb6b62233f4128fdb1c3b0f
model:LGT728D iter 93350: loss 1.2843, time 3308.97ms, mfu 1.15%
model:LGT728D iter 93360: loss 1.3815, time 214.64ms, mfu 1.15%
model:LGT728D iter 93370: loss 1.4216, time 212.44ms, mfu 1.16%
model:LGT728D iter 93380: loss 1.5220, time 169.43ms, mfu 1.20%
model:LGT728D iter 93390: loss 1.4360, time 173.77ms, mfu 1.23%
------average encoder activity 0.00000
-----------average decoder density 0.0000
step 93400: train loss 2.3975, val loss 2.3595
saving checkpoint to out-novel-char_LGT728D_4d06c3ce0eb6b62233f4128fdb1c3b0f
model:LGT728D iter 93400: loss 1.4678, time 3236.90ms, mfu 1.12%
model:LGT728D iter 93410: loss 1.4984, time 180.20ms, mfu 1.15%
model:LGT728D iter 93420: loss 1.5095, time 159.36ms, mfu 1.20%
model:LGT728D iter 93430: loss 1.5232, time 160.12ms, mfu 1.24%
model:LGT728D iter 93440: loss 1.6599, time 171.49ms, mfu 1.27%
------average encoder activity 0.00000
-----------average decoder density 0.0000
step 93450: train loss 2.4230, val loss 2.3666
saving checkpoint to out-novel-char_LGT728D_4d06c3ce0eb6b62233f4128fdb1c3b0f
model:LGT728D iter 93450: loss 1.5198, time 3121.16ms, mfu 1.15%
model:LGT728D iter 93460: loss 1.4910, time 171.92ms, mfu 1.19%
model:LGT728D iter 93470: loss 1.3788, time 167.23ms, mfu 1.23%
model:LGT728D iter 93480: loss 1.3549, time 154.18ms, mfu 1.27%
model:LGT728D iter 93490: loss 1.3332, time 146.35ms, mfu 1.33%
------average encoder activity 0.00000
-----------average decoder density 0.0000
step 93500: train loss 2.4086, val loss 2.3789
saving checkpoint to out-novel-char_LGT728D_4d06c3ce0eb6b62233f4128fdb1c3b0f
model:LGT728D iter 93500: loss 1.4623, time 2974.03ms, mfu 1.20%
model:LGT728D iter 93510: loss 1.4406, time 207.27ms, mfu 1.21%
model:LGT728D iter 93520: loss 1.6997, time 205.92ms, mfu 1.21%
model:LGT728D iter 93530: loss 1.3208, time 215.39ms, mfu 1.21%
model:LGT728D iter 93540: loss 1.6070, time 209.81ms, mfu 1.22%
------average encoder activity 0.00000
-----------average decoder density 0.0000
step 93550: train loss 2.4164, val loss 2.3780
saving checkpoint to out-novel-char_LGT728D_4d06c3ce0eb6b62233f4128fdb1c3b0f
model:LGT728D iter 93550: loss 1.4413, time 2977.83ms, mfu 1.10%
model:LGT728D iter 93560: loss 1.3861, time 146.18ms, mfu 1.17%
model:LGT728D iter 93570: loss 1.5145, time 153.97ms, mfu 1.23%
model:LGT728D iter 93580: loss 1.4471, time 166.71ms, mfu 1.26%
model:LGT728D iter 93590: loss 1.4599, time 172.45ms, mfu 1.29%
------average encoder activity 0.00000
-----------average decoder density 0.0000
step 93600: train loss 2.3946, val loss 2.3577
saving checkpoint to out-novel-char_LGT728D_4d06c3ce0eb6b62233f4128fdb1c3b0f
model:LGT728D iter 93600: loss 1.3873, time 3155.44ms, mfu 1.17%
model:LGT728D iter 93610: loss 1.3273, time 204.26ms, mfu 1.18%
model:LGT728D iter 93620: loss 1.2053, time 200.63ms, mfu 1.19%
model:LGT728D iter 93630: loss 1.5426, time 206.59ms, mfu 1.20%
model:LGT728D iter 93640: loss 1.3707, time 170.54ms, mfu 1.23%
------average encoder activity 0.00000
-----------average decoder density 0.0000
step 93650: train loss 2.4100, val loss 2.3543
saving checkpoint to out-novel-char_LGT728D_4d06c3ce0eb6b62233f4128fdb1c3b0f
model:LGT728D iter 93650: loss 1.3784, time 3136.51ms, mfu 1.12%
model:LGT728D iter 93660: loss 1.5548, time 166.88ms, mfu 1.16%
model:LGT728D iter 93670: loss 1.2825, time 151.72ms, mfu 1.22%
model:LGT728D iter 93680: loss 1.4445, time 145.66ms, mfu 1.28%
model:LGT728D iter 93690: loss 1.5123, time 143.95ms, mfu 1.33%
------average encoder activity 0.00000
-----------average decoder density 0.0000
step 93700: train loss 2.4029, val loss 2.3462
saving checkpoint to out-novel-char_LGT728D_4d06c3ce0eb6b62233f4128fdb1c3b0f
model:LGT728D iter 93700: loss 1.3511, time 3012.43ms, mfu 1.21%
model:LGT728D iter 93710: loss 1.3694, time 203.52ms, mfu 1.21%
model:LGT728D iter 93720: loss 1.3642, time 212.75ms, mfu 1.22%
model:LGT728D iter 93730: loss 1.5939, time 207.42ms, mfu 1.22%
model:LGT728D iter 93740: loss 1.4830, time 215.62ms, mfu 1.22%
------average encoder activity 0.00000
-----------average decoder density 0.0000
step 93750: train loss 2.4089, val loss 2.3599
saving checkpoint to out-novel-char_LGT728D_4d06c3ce0eb6b62233f4128fdb1c3b0f
model:LGT728D iter 93750: loss 1.4555, time 2860.37ms, mfu 1.11%
model:LGT728D iter 93760: loss 1.3450, time 159.01ms, mfu 1.16%
model:LGT728D iter 93770: loss 1.5066, time 149.50ms, mfu 1.22%
model:LGT728D iter 93780: loss 1.2776, time 152.07ms, mfu 1.27%
model:LGT728D iter 93790: loss 1.4695, time 153.54ms, mfu 1.31%
------average encoder activity 0.00000
-----------average decoder density 0.0000
step 93800: train loss 2.4190, val loss 2.3755
saving checkpoint to out-novel-char_LGT728D_4d06c3ce0eb6b62233f4128fdb1c3b0f
model:LGT728D iter 93800: loss 1.4299, time 3111.38ms, mfu 1.19%
model:LGT728D iter 93810: loss 1.5501, time 167.55ms, mfu 1.23%
model:LGT728D iter 93820: loss 1.4426, time 146.75ms, mfu 1.28%
model:LGT728D iter 93830: loss 1.4705, time 145.03ms, mfu 1.34%
model:LGT728D iter 93840: loss 1.3171, time 155.39ms, mfu 1.37%
------average encoder activity 0.00000
-----------average decoder density 0.0000
step 93850: train loss 2.4052, val loss 2.3561
saving checkpoint to out-novel-char_LGT728D_4d06c3ce0eb6b62233f4128fdb1c3b0f
model:LGT728D iter 93850: loss 1.5442, time 3133.26ms, mfu 1.24%
model:LGT728D iter 93860: loss 1.6316, time 206.50ms, mfu 1.24%
model:LGT728D iter 93870: loss 1.4357, time 207.63ms, mfu 1.25%
model:LGT728D iter 93880: loss 1.3880, time 203.35ms, mfu 1.25%
model:LGT728D iter 93890: loss 1.5738, time 204.26ms, mfu 1.25%
------average encoder activity 0.00000
-----------average decoder density 0.0000
step 93900: train loss 2.4030, val loss 2.3481
saving checkpoint to out-novel-char_LGT728D_4d06c3ce0eb6b62233f4128fdb1c3b0f
model:LGT728D iter 93900: loss 1.4464, time 3125.84ms, mfu 1.14%
model:LGT728D iter 93910: loss 1.4811, time 207.10ms, mfu 1.15%
model:LGT728D iter 93920: loss 1.4255, time 213.32ms, mfu 1.16%
model:LGT728D iter 93930: loss 1.5891, time 208.14ms, mfu 1.17%
model:LGT728D iter 93940: loss 1.4741, time 203.43ms, mfu 1.18%
------average encoder activity 0.00000
-----------average decoder density 0.0000
step 93950: train loss 2.4027, val loss 2.3563
saving checkpoint to out-novel-char_LGT728D_4d06c3ce0eb6b62233f4128fdb1c3b0f
model:LGT728D iter 93950: loss 1.5866, time 2967.56ms, mfu 1.07%
model:LGT728D iter 93960: loss 1.4485, time 207.08ms, mfu 1.09%
model:LGT728D iter 93970: loss 1.4771, time 209.51ms, mfu 1.11%
model:LGT728D iter 93980: loss 1.5386, time 207.31ms, mfu 1.12%
model:LGT728D iter 93990: loss 1.2950, time 208.91ms, mfu 1.13%
------average encoder activity 0.00000
-----------average decoder density 0.0000
step 94000: train loss 2.3910, val loss 2.3493
saving checkpoint to out-novel-char_LGT728D_4d06c3ce0eb6b62233f4128fdb1c3b0f
model:LGT728D iter 94000: loss 1.4354, time 2975.78ms, mfu 1.03%
model:LGT728D iter 94010: loss 1.3666, time 211.64ms, mfu 1.05%
model:LGT728D iter 94020: loss 1.5331, time 210.77ms, mfu 1.07%
model:LGT728D iter 94030: loss 1.6255, time 206.81ms, mfu 1.09%
model:LGT728D iter 94040: loss 1.4240, time 208.32ms, mfu 1.11%
------average encoder activity 0.00000
-----------average decoder density 0.0000
step 94050: train loss 2.4017, val loss 2.3669
saving checkpoint to out-novel-char_LGT728D_4d06c3ce0eb6b62233f4128fdb1c3b0f
model:LGT728D iter 94050: loss 1.2085, time 3076.49ms, mfu 1.00%
model:LGT728D iter 94060: loss 1.6038, time 203.94ms, mfu 1.03%
model:LGT728D iter 94070: loss 1.4345, time 204.05ms, mfu 1.06%
model:LGT728D iter 94080: loss 1.5952, time 210.40ms, mfu 1.08%
model:LGT728D iter 94090: loss 1.4596, time 211.87ms, mfu 1.09%
------average encoder activity 0.00000
-----------average decoder density 0.0000
step 94100: train loss 2.4089, val loss 2.3722
saving checkpoint to out-novel-char_LGT728D_4d06c3ce0eb6b62233f4128fdb1c3b0f
model:LGT728D iter 94100: loss 1.4363, time 3153.37ms, mfu 0.99%
model:LGT728D iter 94110: loss 1.4169, time 200.24ms, mfu 1.02%
model:LGT728D iter 94120: loss 1.4603, time 200.50ms, mfu 1.05%
model:LGT728D iter 94130: loss 1.3809, time 211.59ms, mfu 1.07%
model:LGT728D iter 94140: loss 1.4067, time 208.50ms, mfu 1.09%
------average encoder activity 0.00000
-----------average decoder density 0.0000
step 94150: train loss 2.3922, val loss 2.3577
saving checkpoint to out-novel-char_LGT728D_4d06c3ce0eb6b62233f4128fdb1c3b0f
model:LGT728D iter 94150: loss 1.5365, time 3169.64ms, mfu 0.99%
model:LGT728D iter 94160: loss 1.4174, time 168.61ms, mfu 1.04%
model:LGT728D iter 94170: loss 1.4784, time 162.96ms, mfu 1.10%
model:LGT728D iter 94180: loss 1.5214, time 160.43ms, mfu 1.15%
model:LGT728D iter 94190: loss 1.3561, time 166.64ms, mfu 1.19%
------average encoder activity 0.00000
-----------average decoder density 0.0000
step 94200: train loss 2.3839, val loss 2.3569
saving checkpoint to out-novel-char_LGT728D_4d06c3ce0eb6b62233f4128fdb1c3b0f
model:LGT728D iter 94200: loss 1.5544, time 3171.03ms, mfu 1.08%
model:LGT728D iter 94210: loss 1.5860, time 154.48ms, mfu 1.14%
model:LGT728D iter 94220: loss 1.5667, time 159.17ms, mfu 1.19%
model:LGT728D iter 94230: loss 1.5271, time 156.90ms, mfu 1.24%
model:LGT728D iter 94240: loss 1.5545, time 143.74ms, mfu 1.30%
------average encoder activity 0.00000
-----------average decoder density 0.0000
step 94250: train loss 2.4049, val loss 2.3436
saving checkpoint to out-novel-char_LGT728D_4d06c3ce0eb6b62233f4128fdb1c3b0f
model:LGT728D iter 94250: loss 1.4351, time 2934.09ms, mfu 1.18%
model:LGT728D iter 94260: loss 1.3619, time 161.95ms, mfu 1.22%
model:LGT728D iter 94270: loss 1.2996, time 154.34ms, mfu 1.27%
model:LGT728D iter 94280: loss 1.5813, time 155.44ms, mfu 1.31%
model:LGT728D iter 94290: loss 1.4765, time 173.31ms, mfu 1.33%
------average encoder activity 0.00000
-----------average decoder density 0.0000
step 94300: train loss 2.3815, val loss 2.3381
saving checkpoint to out-novel-char_LGT728D_4d06c3ce0eb6b62233f4128fdb1c3b0f
model:LGT728D iter 94300: loss 1.4856, time 3090.59ms, mfu 1.21%
model:LGT728D iter 94310: loss 1.7912, time 162.39ms, mfu 1.25%
model:LGT728D iter 94320: loss 1.3523, time 176.97ms, mfu 1.27%
model:LGT728D iter 94330: loss 1.4547, time 177.79ms, mfu 1.29%
model:LGT728D iter 94340: loss 1.5381, time 174.38ms, mfu 1.31%
------average encoder activity 0.00000
-----------average decoder density 0.0000
step 94350: train loss 2.3961, val loss 2.3519
saving checkpoint to out-novel-char_LGT728D_4d06c3ce0eb6b62233f4128fdb1c3b0f
model:LGT728D iter 94350: loss 1.4608, time 3229.93ms, mfu 1.19%
model:LGT728D iter 94360: loss 1.2337, time 215.71ms, mfu 1.19%
model:LGT728D iter 94370: loss 1.2942, time 201.68ms, mfu 1.20%
model:LGT728D iter 94380: loss 1.5450, time 171.35ms, mfu 1.23%
model:LGT728D iter 94390: loss 1.4677, time 168.30ms, mfu 1.27%
------average encoder activity 0.00000
-----------average decoder density 0.0000
step 94400: train loss 2.4177, val loss 2.3528
saving checkpoint to out-novel-char_LGT728D_4d06c3ce0eb6b62233f4128fdb1c3b0f
model:LGT728D iter 94400: loss 1.4283, time 3239.84ms, mfu 1.15%
model:LGT728D iter 94410: loss 1.5849, time 207.37ms, mfu 1.16%
model:LGT728D iter 94420: loss 1.3830, time 175.49ms, mfu 1.19%
model:LGT728D iter 94430: loss 1.4554, time 145.52ms, mfu 1.25%
model:LGT728D iter 94440: loss 1.6462, time 144.00ms, mfu 1.31%
------average encoder activity 0.00000
-----------average decoder density 0.0000
step 94450: train loss 2.3838, val loss 2.3372
saving checkpoint to out-novel-char_LGT728D_4d06c3ce0eb6b62233f4128fdb1c3b0f
model:LGT728D iter 94450: loss 1.4803, time 3274.82ms, mfu 1.19%
model:LGT728D iter 94460: loss 1.5247, time 211.97ms, mfu 1.19%
model:LGT728D iter 94470: loss 1.4777, time 211.87ms, mfu 1.20%
model:LGT728D iter 94480: loss 1.5179, time 201.84ms, mfu 1.21%
model:LGT728D iter 94490: loss 1.5075, time 201.26ms, mfu 1.22%
------average encoder activity 0.00000
-----------average decoder density 0.0000
step 94500: train loss 2.4149, val loss 2.3629
saving checkpoint to out-novel-char_LGT728D_4d06c3ce0eb6b62233f4128fdb1c3b0f
model:LGT728D iter 94500: loss 1.3450, time 3294.08ms, mfu 1.10%
model:LGT728D iter 94510: loss 1.4791, time 219.28ms, mfu 1.11%
model:LGT728D iter 94520: loss 1.4613, time 223.31ms, mfu 1.12%
model:LGT728D iter 94530: loss 1.4101, time 176.62ms, mfu 1.15%
model:LGT728D iter 94540: loss 1.5054, time 162.45ms, mfu 1.20%
------average encoder activity 0.00000
-----------average decoder density 0.0000
step 94550: train loss 2.4018, val loss 2.3610
saving checkpoint to out-novel-char_LGT728D_4d06c3ce0eb6b62233f4128fdb1c3b0f
model:LGT728D iter 94550: loss 1.2122, time 3011.69ms, mfu 1.09%
model:LGT728D iter 94560: loss 1.6191, time 166.97ms, mfu 1.14%
model:LGT728D iter 94570: loss 1.5589, time 168.93ms, mfu 1.18%
model:LGT728D iter 94580: loss 1.4985, time 169.25ms, mfu 1.21%
model:LGT728D iter 94590: loss 1.4822, time 172.11ms, mfu 1.24%
------average encoder activity 0.00000
-----------average decoder density 0.0000
step 94600: train loss 2.3854, val loss 2.3417
saving checkpoint to out-novel-char_LGT728D_4d06c3ce0eb6b62233f4128fdb1c3b0f
model:LGT728D iter 94600: loss 1.5829, time 3060.92ms, mfu 1.13%
model:LGT728D iter 94610: loss 1.5781, time 215.62ms, mfu 1.14%
model:LGT728D iter 94620: loss 1.6525, time 230.71ms, mfu 1.14%
model:LGT728D iter 94630: loss 1.5228, time 166.78ms, mfu 1.18%
model:LGT728D iter 94640: loss 1.3418, time 166.61ms, mfu 1.22%
------average encoder activity 0.00000
-----------average decoder density 0.0000
step 94650: train loss 2.3929, val loss 2.3564
saving checkpoint to out-novel-char_LGT728D_4d06c3ce0eb6b62233f4128fdb1c3b0f
model:LGT728D iter 94650: loss 1.5817, time 3155.77ms, mfu 1.11%
model:LGT728D iter 94660: loss 1.1626, time 160.73ms, mfu 1.16%
model:LGT728D iter 94670: loss 1.4845, time 161.19ms, mfu 1.20%
model:LGT728D iter 94680: loss 1.4924, time 168.55ms, mfu 1.24%
model:LGT728D iter 94690: loss 1.3855, time 164.23ms, mfu 1.27%
------average encoder activity 0.00000
-----------average decoder density 0.0000
step 94700: train loss 2.3923, val loss 2.3415
saving checkpoint to out-novel-char_LGT728D_4d06c3ce0eb6b62233f4128fdb1c3b0f
model:LGT728D iter 94700: loss 1.3735, time 3121.87ms, mfu 1.16%
model:LGT728D iter 94710: loss 1.3107, time 152.62ms, mfu 1.21%
model:LGT728D iter 94720: loss 1.5290, time 152.48ms, mfu 1.26%
model:LGT728D iter 94730: loss 1.4900, time 145.71ms, mfu 1.32%
model:LGT728D iter 94740: loss 1.5321, time 147.82ms, mfu 1.36%
------average encoder activity 0.00000
-----------average decoder density 0.0000
step 94750: train loss 2.3945, val loss 2.3622
saving checkpoint to out-novel-char_LGT728D_4d06c3ce0eb6b62233f4128fdb1c3b0f
model:LGT728D iter 94750: loss 1.3420, time 3067.67ms, mfu 1.23%
model:LGT728D iter 94760: loss 1.2800, time 208.32ms, mfu 1.24%
model:LGT728D iter 94770: loss 1.4935, time 207.34ms, mfu 1.24%
model:LGT728D iter 94780: loss 1.5499, time 208.87ms, mfu 1.24%
model:LGT728D iter 94790: loss 1.6247, time 211.22ms, mfu 1.24%
------average encoder activity 0.00000
-----------average decoder density 0.0000
step 94800: train loss 2.3884, val loss 2.3460
saving checkpoint to out-novel-char_LGT728D_4d06c3ce0eb6b62233f4128fdb1c3b0f
model:LGT728D iter 94800: loss 1.4995, time 2884.23ms, mfu 1.12%
model:LGT728D iter 94810: loss 1.5427, time 206.18ms, mfu 1.14%
model:LGT728D iter 94820: loss 1.4618, time 213.06ms, mfu 1.15%
model:LGT728D iter 94830: loss 1.3653, time 210.17ms, mfu 1.16%
model:LGT728D iter 94840: loss 1.4548, time 210.82ms, mfu 1.17%
------average encoder activity 0.00000
-----------average decoder density 0.0000
step 94850: train loss 2.4079, val loss 2.3462
saving checkpoint to out-novel-char_LGT728D_4d06c3ce0eb6b62233f4128fdb1c3b0f
model:LGT728D iter 94850: loss 1.4809, time 3032.83ms, mfu 1.06%
model:LGT728D iter 94860: loss 1.5341, time 199.93ms, mfu 1.08%
model:LGT728D iter 94870: loss 1.3979, time 209.16ms, mfu 1.10%
model:LGT728D iter 94880: loss 1.4239, time 211.55ms, mfu 1.11%
model:LGT728D iter 94890: loss 1.4174, time 209.20ms, mfu 1.13%
------average encoder activity 0.00000
-----------average decoder density 0.0000
step 94900: train loss 2.3953, val loss 2.3452
saving checkpoint to out-novel-char_LGT728D_4d06c3ce0eb6b62233f4128fdb1c3b0f
model:LGT728D iter 94900: loss 1.4835, time 3120.38ms, mfu 1.02%
model:LGT728D iter 94910: loss 1.4794, time 202.05ms, mfu 1.05%
model:LGT728D iter 94920: loss 1.5932, time 170.03ms, mfu 1.10%
model:LGT728D iter 94930: loss 1.5446, time 171.64ms, mfu 1.14%
model:LGT728D iter 94940: loss 1.4470, time 169.51ms, mfu 1.18%
------average encoder activity 0.00000
-----------average decoder density 0.0000
step 94950: train loss 2.3874, val loss 2.3474
saving checkpoint to out-novel-char_LGT728D_4d06c3ce0eb6b62233f4128fdb1c3b0f
model:LGT728D iter 94950: loss 1.3402, time 3162.36ms, mfu 1.07%
model:LGT728D iter 94960: loss 1.4934, time 206.24ms, mfu 1.09%
model:LGT728D iter 94970: loss 1.5118, time 200.29ms, mfu 1.11%
model:LGT728D iter 94980: loss 1.5040, time 158.90ms, mfu 1.17%
model:LGT728D iter 94990: loss 1.6357, time 178.33ms, mfu 1.20%
------average encoder activity 0.00000
-----------average decoder density 0.0000
step 95000: train loss 2.3971, val loss 2.3501
saving checkpoint to out-novel-char_LGT728D_4d06c3ce0eb6b62233f4128fdb1c3b0f
model:LGT728D iter 95000: loss 1.5783, time 3286.67ms, mfu 1.09%
model:LGT728D iter 95010: loss 1.2020, time 221.74ms, mfu 1.09%
model:LGT728D iter 95020: loss 1.4797, time 172.47ms, mfu 1.14%
model:LGT728D iter 95030: loss 1.3806, time 159.92ms, mfu 1.19%
model:LGT728D iter 95040: loss 1.4988, time 161.21ms, mfu 1.23%
------average encoder activity 0.00000
-----------average decoder density 0.0000
step 95050: train loss 2.3872, val loss 2.3512
saving checkpoint to out-novel-char_LGT728D_4d06c3ce0eb6b62233f4128fdb1c3b0f
model:LGT728D iter 95050: loss 1.6002, time 3252.25ms, mfu 1.12%
model:LGT728D iter 95060: loss 1.3597, time 159.39ms, mfu 1.17%
model:LGT728D iter 95070: loss 1.4512, time 158.93ms, mfu 1.22%
model:LGT728D iter 95080: loss 1.6266, time 160.25ms, mfu 1.26%
model:LGT728D iter 95090: loss 1.4075, time 157.69ms, mfu 1.30%
------average encoder activity 0.00000
-----------average decoder density 0.0000
step 95100: train loss 2.3691, val loss 2.3406
saving checkpoint to out-novel-char_LGT728D_4d06c3ce0eb6b62233f4128fdb1c3b0f
model:LGT728D iter 95100: loss 1.5458, time 2861.57ms, mfu 1.18%
model:LGT728D iter 95110: loss 1.6161, time 160.61ms, mfu 1.22%
model:LGT728D iter 95120: loss 1.4023, time 158.87ms, mfu 1.26%
model:LGT728D iter 95130: loss 1.3799, time 156.34ms, mfu 1.31%
model:LGT728D iter 95140: loss 1.5254, time 159.38ms, mfu 1.34%
------average encoder activity 0.00000
-----------average decoder density 0.0000
step 95150: train loss 2.3829, val loss 2.3333
saving checkpoint to out-novel-char_LGT728D_4d06c3ce0eb6b62233f4128fdb1c3b0f
model:LGT728D iter 95150: loss 1.3867, time 3164.41ms, mfu 1.21%
model:LGT728D iter 95160: loss 1.4522, time 145.49ms, mfu 1.27%
model:LGT728D iter 95170: loss 1.3719, time 145.31ms, mfu 1.33%
model:LGT728D iter 95180: loss 1.4734, time 155.75ms, mfu 1.36%
model:LGT728D iter 95190: loss 1.5697, time 148.08ms, mfu 1.40%
------average encoder activity 0.00000
-----------average decoder density 0.0000
step 95200: train loss 2.3756, val loss 2.3317
saving checkpoint to out-novel-char_LGT728D_4d06c3ce0eb6b62233f4128fdb1c3b0f
model:LGT728D iter 95200: loss 1.4818, time 3220.36ms, mfu 1.27%
model:LGT728D iter 95210: loss 1.4139, time 167.52ms, mfu 1.30%
model:LGT728D iter 95220: loss 1.3491, time 175.55ms, mfu 1.32%
model:LGT728D iter 95230: loss 1.5449, time 159.86ms, mfu 1.35%
model:LGT728D iter 95240: loss 1.3403, time 164.83ms, mfu 1.37%
------average encoder activity 0.00000
-----------average decoder density 0.0000
step 95250: train loss 2.3807, val loss 2.3367
saving checkpoint to out-novel-char_LGT728D_4d06c3ce0eb6b62233f4128fdb1c3b0f
model:LGT728D iter 95250: loss 1.5751, time 3189.90ms, mfu 1.24%
model:LGT728D iter 95260: loss 1.6589, time 166.15ms, mfu 1.28%
model:LGT728D iter 95270: loss 1.4297, time 172.24ms, mfu 1.30%
model:LGT728D iter 95280: loss 1.0460, time 162.76ms, mfu 1.33%
model:LGT728D iter 95290: loss 1.3088, time 161.69ms, mfu 1.36%
------average encoder activity 0.00000
-----------average decoder density 0.0000
step 95300: train loss 2.3578, val loss 2.3326
saving checkpoint to out-novel-char_LGT728D_4d06c3ce0eb6b62233f4128fdb1c3b0f
model:LGT728D iter 95300: loss 1.5270, time 2888.80ms, mfu 1.23%
model:LGT728D iter 95310: loss 1.4519, time 158.39ms, mfu 1.28%
model:LGT728D iter 95320: loss 1.5188, time 156.39ms, mfu 1.32%
model:LGT728D iter 95330: loss 1.3083, time 171.10ms, mfu 1.34%
model:LGT728D iter 95340: loss 1.3829, time 153.37ms, mfu 1.37%
------average encoder activity 0.00000
-----------average decoder density 0.0000
step 95350: train loss 2.3824, val loss 2.3245
saving checkpoint to out-novel-char_LGT728D_4d06c3ce0eb6b62233f4128fdb1c3b0f
model:LGT728D iter 95350: loss 1.5031, time 3222.19ms, mfu 1.24%
model:LGT728D iter 95360: loss 1.3964, time 160.96ms, mfu 1.28%
model:LGT728D iter 95370: loss 1.3397, time 162.52ms, mfu 1.32%
model:LGT728D iter 95380: loss 1.5711, time 169.14ms, mfu 1.34%
model:LGT728D iter 95390: loss 1.5040, time 175.51ms, mfu 1.35%
------average encoder activity 0.00000
-----------average decoder density 0.0000
step 95400: train loss 2.3727, val loss 2.3241
saving checkpoint to out-novel-char_LGT728D_4d06c3ce0eb6b62233f4128fdb1c3b0f
model:LGT728D iter 95400: loss 1.4119, time 3238.19ms, mfu 1.23%
model:LGT728D iter 95410: loss 1.3822, time 170.60ms, mfu 1.26%
model:LGT728D iter 95420: loss 1.4371, time 162.98ms, mfu 1.29%
model:LGT728D iter 95430: loss 1.5942, time 150.43ms, mfu 1.34%
model:LGT728D iter 95440: loss 1.4576, time 158.47ms, mfu 1.37%
------average encoder activity 0.00000
-----------average decoder density 0.0000
step 95450: train loss 2.3713, val loss 2.3177
saving checkpoint to out-novel-char_LGT728D_4d06c3ce0eb6b62233f4128fdb1c3b0f
model:LGT728D iter 95450: loss 1.4082, time 3180.91ms, mfu 1.24%
model:LGT728D iter 95460: loss 1.3386, time 170.86ms, mfu 1.27%
model:LGT728D iter 95470: loss 1.3802, time 173.36ms, mfu 1.29%
model:LGT728D iter 95480: loss 1.2394, time 172.00ms, mfu 1.32%
model:LGT728D iter 95490: loss 1.5228, time 162.41ms, mfu 1.35%
------average encoder activity 0.00000
-----------average decoder density 0.0000
step 95500: train loss 2.3650, val loss 2.3104
saving checkpoint to out-novel-char_LGT728D_4d06c3ce0eb6b62233f4128fdb1c3b0f
model:LGT728D iter 95500: loss 1.4872, time 3053.73ms, mfu 1.22%
model:LGT728D iter 95510: loss 1.6327, time 225.37ms, mfu 1.21%
model:LGT728D iter 95520: loss 1.2539, time 225.54ms, mfu 1.21%
model:LGT728D iter 95530: loss 1.4164, time 174.53ms, mfu 1.24%
model:LGT728D iter 95540: loss 1.3121, time 171.62ms, mfu 1.27%
------average encoder activity 0.00000
-----------average decoder density 0.0000
step 95550: train loss 2.3677, val loss 2.3186
saving checkpoint to out-novel-char_LGT728D_4d06c3ce0eb6b62233f4128fdb1c3b0f
model:LGT728D iter 95550: loss 1.4145, time 2890.72ms, mfu 1.15%
model:LGT728D iter 95560: loss 1.4913, time 165.64ms, mfu 1.19%
model:LGT728D iter 95570: loss 1.4162, time 167.93ms, mfu 1.23%
model:LGT728D iter 95580: loss 1.3119, time 172.80ms, mfu 1.26%
model:LGT728D iter 95590: loss 1.2496, time 170.96ms, mfu 1.28%
------average encoder activity 0.00000
-----------average decoder density 0.0000
step 95600: train loss 2.3796, val loss 2.3410
saving checkpoint to out-novel-char_LGT728D_4d06c3ce0eb6b62233f4128fdb1c3b0f
model:LGT728D iter 95600: loss 1.3349, time 3210.60ms, mfu 1.16%
model:LGT728D iter 95610: loss 1.5459, time 171.92ms, mfu 1.20%
model:LGT728D iter 95620: loss 1.4434, time 160.43ms, mfu 1.24%
model:LGT728D iter 95630: loss 1.3058, time 168.13ms, mfu 1.27%
model:LGT728D iter 95640: loss 1.5169, time 171.15ms, mfu 1.30%
------average encoder activity 0.00000
-----------average decoder density 0.0000
step 95650: train loss 2.3740, val loss 2.3214
saving checkpoint to out-novel-char_LGT728D_4d06c3ce0eb6b62233f4128fdb1c3b0f
model:LGT728D iter 95650: loss 1.4978, time 3208.82ms, mfu 1.18%
model:LGT728D iter 95660: loss 1.4644, time 173.04ms, mfu 1.21%
model:LGT728D iter 95670: loss 1.4619, time 170.33ms, mfu 1.24%
model:LGT728D iter 95680: loss 1.5007, time 162.30ms, mfu 1.28%
model:LGT728D iter 95690: loss 1.3359, time 159.88ms, mfu 1.32%
------average encoder activity 0.00000
-----------average decoder density 0.0000
step 95700: train loss 2.3577, val loss 2.3300
saving checkpoint to out-novel-char_LGT728D_4d06c3ce0eb6b62233f4128fdb1c3b0f
model:LGT728D iter 95700: loss 1.3450, time 3179.19ms, mfu 1.19%
model:LGT728D iter 95710: loss 1.4374, time 173.03ms, mfu 1.22%
model:LGT728D iter 95720: loss 1.4652, time 166.27ms, mfu 1.26%
model:LGT728D iter 95730: loss 1.5741, time 165.19ms, mfu 1.29%
model:LGT728D iter 95740: loss 1.4067, time 170.76ms, mfu 1.32%
------average encoder activity 0.00000
-----------average decoder density 0.0000
step 95750: train loss 2.3678, val loss 2.3222
saving checkpoint to out-novel-char_LGT728D_4d06c3ce0eb6b62233f4128fdb1c3b0f
model:LGT728D iter 95750: loss 1.2893, time 2968.51ms, mfu 1.19%
model:LGT728D iter 95760: loss 1.3691, time 228.69ms, mfu 1.19%
model:LGT728D iter 95770: loss 1.5373, time 166.88ms, mfu 1.23%
model:LGT728D iter 95780: loss 1.6881, time 169.15ms, mfu 1.26%
model:LGT728D iter 95790: loss 1.3344, time 164.49ms, mfu 1.29%
------average encoder activity 0.00000
-----------average decoder density 0.0000
step 95800: train loss 2.3774, val loss 2.3320
saving checkpoint to out-novel-char_LGT728D_4d06c3ce0eb6b62233f4128fdb1c3b0f
model:LGT728D iter 95800: loss 1.5102, time 3201.28ms, mfu 1.17%
model:LGT728D iter 95810: loss 1.4761, time 212.62ms, mfu 1.18%
model:LGT728D iter 95820: loss 1.4382, time 175.11ms, mfu 1.21%
model:LGT728D iter 95830: loss 1.4523, time 172.05ms, mfu 1.24%
model:LGT728D iter 95840: loss 1.3683, time 168.73ms, mfu 1.27%
------average encoder activity 0.00000
-----------average decoder density 0.0000
step 95850: train loss 2.3659, val loss 2.3222
saving checkpoint to out-novel-char_LGT728D_4d06c3ce0eb6b62233f4128fdb1c3b0f
model:LGT728D iter 95850: loss 1.4727, time 3226.19ms, mfu 1.15%
model:LGT728D iter 95860: loss 1.5485, time 167.95ms, mfu 1.19%
model:LGT728D iter 95870: loss 1.4553, time 162.21ms, mfu 1.23%
model:LGT728D iter 95880: loss 1.3069, time 162.27ms, mfu 1.27%
model:LGT728D iter 95890: loss 1.6142, time 168.24ms, mfu 1.30%
------average encoder activity 0.00000
-----------average decoder density 0.0000
step 95900: train loss 2.3673, val loss 2.3219
saving checkpoint to out-novel-char_LGT728D_4d06c3ce0eb6b62233f4128fdb1c3b0f
model:LGT728D iter 95900: loss 1.3824, time 3279.11ms, mfu 1.18%
model:LGT728D iter 95910: loss 1.4909, time 173.42ms, mfu 1.21%
model:LGT728D iter 95920: loss 1.4421, time 177.02ms, mfu 1.24%
model:LGT728D iter 95930: loss 1.3962, time 162.99ms, mfu 1.28%
model:LGT728D iter 95940: loss 1.3142, time 170.26ms, mfu 1.30%
------average encoder activity 0.00000
-----------average decoder density 0.0000
step 95950: train loss 2.3734, val loss 2.3249
saving checkpoint to out-novel-char_LGT728D_4d06c3ce0eb6b62233f4128fdb1c3b0f
model:LGT728D iter 95950: loss 1.4785, time 3296.73ms, mfu 1.18%
model:LGT728D iter 95960: loss 1.5733, time 169.74ms, mfu 1.22%
model:LGT728D iter 95970: loss 1.6494, time 180.10ms, mfu 1.24%
model:LGT728D iter 95980: loss 1.3678, time 167.90ms, mfu 1.27%
model:LGT728D iter 95990: loss 1.4985, time 168.08ms, mfu 1.30%
------average encoder activity 0.00000
-----------average decoder density 0.0000
step 96000: train loss 2.3496, val loss 2.3094
saving checkpoint to out-novel-char_LGT728D_4d06c3ce0eb6b62233f4128fdb1c3b0f
model:LGT728D iter 96000: loss 1.3832, time 2930.90ms, mfu 1.18%
model:LGT728D iter 96010: loss 1.3867, time 166.54ms, mfu 1.22%
model:LGT728D iter 96020: loss 1.4768, time 167.22ms, mfu 1.25%
model:LGT728D iter 96030: loss 1.3661, time 177.46ms, mfu 1.27%
model:LGT728D iter 96040: loss 1.5411, time 180.64ms, mfu 1.29%
------average encoder activity 0.00000
-----------average decoder density 0.0000
step 96050: train loss 2.3635, val loss 2.3217
saving checkpoint to out-novel-char_LGT728D_4d06c3ce0eb6b62233f4128fdb1c3b0f
model:LGT728D iter 96050: loss 1.2767, time 3135.14ms, mfu 1.17%
model:LGT728D iter 96060: loss 1.3693, time 162.07ms, mfu 1.22%
model:LGT728D iter 96070: loss 1.3995, time 179.80ms, mfu 1.24%
model:LGT728D iter 96080: loss 1.4160, time 169.71ms, mfu 1.27%
model:LGT728D iter 96090: loss 1.7254, time 173.01ms, mfu 1.29%
------average encoder activity 0.00000
-----------average decoder density 0.0000
step 96100: train loss 2.3613, val loss 2.3141
saving checkpoint to out-novel-char_LGT728D_4d06c3ce0eb6b62233f4128fdb1c3b0f
model:LGT728D iter 96100: loss 1.6570, time 3307.89ms, mfu 1.17%
model:LGT728D iter 96110: loss 1.3951, time 160.76ms, mfu 1.22%
model:LGT728D iter 96120: loss 1.4395, time 162.74ms, mfu 1.26%
model:LGT728D iter 96130: loss 1.5357, time 163.73ms, mfu 1.29%
model:LGT728D iter 96140: loss 1.4269, time 171.84ms, mfu 1.31%
------average encoder activity 0.00000
-----------average decoder density 0.0000
step 96150: train loss 2.3753, val loss 2.3276
saving checkpoint to out-novel-char_LGT728D_4d06c3ce0eb6b62233f4128fdb1c3b0f
model:LGT728D iter 96150: loss 1.6236, time 3244.81ms, mfu 1.19%
model:LGT728D iter 96160: loss 1.3882, time 215.36ms, mfu 1.19%
model:LGT728D iter 96170: loss 1.6224, time 176.35ms, mfu 1.22%
model:LGT728D iter 96180: loss 1.4404, time 162.65ms, mfu 1.26%
model:LGT728D iter 96190: loss 1.3503, time 162.62ms, mfu 1.30%
------average encoder activity 0.00000
-----------average decoder density 0.0000
step 96200: train loss 2.3770, val loss 2.3079
saving checkpoint to out-novel-char_LGT728D_4d06c3ce0eb6b62233f4128fdb1c3b0f
model:LGT728D iter 96200: loss 1.5091, time 3307.93ms, mfu 1.17%
model:LGT728D iter 96210: loss 1.4707, time 170.15ms, mfu 1.21%
model:LGT728D iter 96220: loss 1.5287, time 170.59ms, mfu 1.24%
model:LGT728D iter 96230: loss 1.6305, time 171.06ms, mfu 1.27%
model:LGT728D iter 96240: loss 1.5360, time 171.72ms, mfu 1.30%
------average encoder activity 0.00000
-----------average decoder density 0.0000
step 96250: train loss 2.3745, val loss 2.3325
saving checkpoint to out-novel-char_LGT728D_4d06c3ce0eb6b62233f4128fdb1c3b0f
model:LGT728D iter 96250: loss 1.5158, time 2963.84ms, mfu 1.18%
model:LGT728D iter 96260: loss 1.4182, time 168.00ms, mfu 1.21%
model:LGT728D iter 96270: loss 1.4062, time 176.33ms, mfu 1.24%
model:LGT728D iter 96280: loss 1.5299, time 177.54ms, mfu 1.26%
model:LGT728D iter 96290: loss 1.5698, time 175.36ms, mfu 1.29%
------average encoder activity 0.00000
-----------average decoder density 0.0000
step 96300: train loss 2.3665, val loss 2.3199
saving checkpoint to out-novel-char_LGT728D_4d06c3ce0eb6b62233f4128fdb1c3b0f
model:LGT728D iter 96300: loss 1.3953, time 3047.33ms, mfu 1.17%
model:LGT728D iter 96310: loss 1.3634, time 169.35ms, mfu 1.20%
model:LGT728D iter 96320: loss 1.4046, time 158.13ms, mfu 1.25%
model:LGT728D iter 96330: loss 1.3291, time 151.30ms, mfu 1.30%
model:LGT728D iter 96340: loss 1.5657, time 149.70ms, mfu 1.34%
------average encoder activity 0.00000
-----------average decoder density 0.0000
step 96350: train loss 2.3586, val loss 2.3067
saving checkpoint to out-novel-char_LGT728D_4d06c3ce0eb6b62233f4128fdb1c3b0f
model:LGT728D iter 96350: loss 1.3522, time 3041.69ms, mfu 1.22%
model:LGT728D iter 96360: loss 1.3991, time 152.13ms, mfu 1.27%
model:LGT728D iter 96370: loss 1.3999, time 145.04ms, mfu 1.32%
model:LGT728D iter 96380: loss 1.4061, time 144.07ms, mfu 1.37%
model:LGT728D iter 96390: loss 1.5637, time 160.25ms, mfu 1.40%
------average encoder activity 0.00000
-----------average decoder density 0.0000
step 96400: train loss 2.3638, val loss 2.3329
saving checkpoint to out-novel-char_LGT728D_4d06c3ce0eb6b62233f4128fdb1c3b0f
model:LGT728D iter 96400: loss 1.4943, time 3266.13ms, mfu 1.27%
model:LGT728D iter 96410: loss 1.5496, time 230.04ms, mfu 1.25%
model:LGT728D iter 96420: loss 1.5462, time 165.86ms, mfu 1.29%
model:LGT728D iter 96430: loss 1.3220, time 172.52ms, mfu 1.31%
model:LGT728D iter 96440: loss 1.3637, time 168.06ms, mfu 1.33%
------average encoder activity 0.00000
-----------average decoder density 0.0000
step 96450: train loss 2.3509, val loss 2.3223
saving checkpoint to out-novel-char_LGT728D_4d06c3ce0eb6b62233f4128fdb1c3b0f
model:LGT728D iter 96450: loss 1.6374, time 2929.86ms, mfu 1.21%
model:LGT728D iter 96460: loss 1.3521, time 166.67ms, mfu 1.24%
model:LGT728D iter 96470: loss 1.5216, time 170.30ms, mfu 1.27%
model:LGT728D iter 96480: loss 1.4563, time 172.20ms, mfu 1.30%
model:LGT728D iter 96490: loss 1.4186, time 156.05ms, mfu 1.34%
------average encoder activity 0.00000
-----------average decoder density 0.0000
step 96500: train loss 2.3573, val loss 2.3129
saving checkpoint to out-novel-char_LGT728D_4d06c3ce0eb6b62233f4128fdb1c3b0f
model:LGT728D iter 96500: loss 1.2457, time 3201.60ms, mfu 1.21%
model:LGT728D iter 96510: loss 1.4795, time 162.73ms, mfu 1.25%
model:LGT728D iter 96520: loss 1.4890, time 162.17ms, mfu 1.29%
model:LGT728D iter 96530: loss 1.4701, time 172.77ms, mfu 1.31%
model:LGT728D iter 96540: loss 1.3743, time 166.75ms, mfu 1.34%
------average encoder activity 0.00000
-----------average decoder density 0.0000
step 96550: train loss 2.3518, val loss 2.3049
saving checkpoint to out-novel-char_LGT728D_4d06c3ce0eb6b62233f4128fdb1c3b0f
model:LGT728D iter 96550: loss 1.5570, time 3150.30ms, mfu 1.21%
model:LGT728D iter 96560: loss 1.4802, time 167.12ms, mfu 1.25%
model:LGT728D iter 96570: loss 1.5254, time 170.45ms, mfu 1.27%
model:LGT728D iter 96580: loss 1.4032, time 166.43ms, mfu 1.30%
model:LGT728D iter 96590: loss 1.6044, time 159.47ms, mfu 1.34%
------average encoder activity 0.00000
-----------average decoder density 0.0000
step 96600: train loss 2.3623, val loss 2.3124
saving checkpoint to out-novel-char_LGT728D_4d06c3ce0eb6b62233f4128fdb1c3b0f
model:LGT728D iter 96600: loss 1.3837, time 3274.21ms, mfu 1.21%
model:LGT728D iter 96610: loss 1.4343, time 171.95ms, mfu 1.24%
model:LGT728D iter 96620: loss 1.3827, time 172.48ms, mfu 1.27%
model:LGT728D iter 96630: loss 1.4796, time 173.97ms, mfu 1.29%
model:LGT728D iter 96640: loss 1.4604, time 178.35ms, mfu 1.31%
------average encoder activity 0.00000
-----------average decoder density 0.0000
step 96650: train loss 2.3664, val loss 2.3189
saving checkpoint to out-novel-char_LGT728D_4d06c3ce0eb6b62233f4128fdb1c3b0f
model:LGT728D iter 96650: loss 1.5274, time 2905.76ms, mfu 1.19%
model:LGT728D iter 96660: loss 1.5452, time 174.72ms, mfu 1.22%
model:LGT728D iter 96670: loss 1.4382, time 169.54ms, mfu 1.25%
model:LGT728D iter 96680: loss 1.4606, time 158.67ms, mfu 1.29%
model:LGT728D iter 96690: loss 1.4741, time 172.66ms, mfu 1.31%
------average encoder activity 0.00000
-----------average decoder density 0.0000
step 96700: train loss 2.3501, val loss 2.3113
saving checkpoint to out-novel-char_LGT728D_4d06c3ce0eb6b62233f4128fdb1c3b0f
model:LGT728D iter 96700: loss 1.4109, time 3103.26ms, mfu 1.19%
model:LGT728D iter 96710: loss 1.4293, time 199.57ms, mfu 1.20%
model:LGT728D iter 96720: loss 1.5389, time 212.80ms, mfu 1.21%
model:LGT728D iter 96730: loss 1.4660, time 209.62ms, mfu 1.21%
model:LGT728D iter 96740: loss 1.2990, time 208.42ms, mfu 1.21%
------average encoder activity 0.00000
-----------average decoder density 0.0000
step 96750: train loss 2.3559, val loss 2.3154
saving checkpoint to out-novel-char_LGT728D_4d06c3ce0eb6b62233f4128fdb1c3b0f
model:LGT728D iter 96750: loss 1.4519, time 3238.43ms, mfu 1.10%
model:LGT728D iter 96760: loss 1.5949, time 143.57ms, mfu 1.17%
model:LGT728D iter 96770: loss 1.5154, time 145.30ms, mfu 1.24%
model:LGT728D iter 96780: loss 1.4345, time 158.75ms, mfu 1.28%
model:LGT728D iter 96790: loss 1.4627, time 158.64ms, mfu 1.31%
------average encoder activity 0.00000
-----------average decoder density 0.0000
step 96800: train loss 2.3491, val loss 2.3056
saving checkpoint to out-novel-char_LGT728D_4d06c3ce0eb6b62233f4128fdb1c3b0f
model:LGT728D iter 96800: loss 1.6944, time 3139.96ms, mfu 1.19%
model:LGT728D iter 96810: loss 1.3885, time 151.40ms, mfu 1.25%
model:LGT728D iter 96820: loss 1.4633, time 155.90ms, mfu 1.29%
model:LGT728D iter 96830: loss 1.5206, time 146.30ms, mfu 1.34%
model:LGT728D iter 96840: loss 1.3509, time 161.29ms, mfu 1.37%
------average encoder activity 0.00000
-----------average decoder density 0.0000
step 96850: train loss 2.3419, val loss 2.2948
saving checkpoint to out-novel-char_LGT728D_4d06c3ce0eb6b62233f4128fdb1c3b0f
model:LGT728D iter 96850: loss 1.5082, time 3094.57ms, mfu 1.24%
model:LGT728D iter 96860: loss 1.3913, time 165.96ms, mfu 1.27%
model:LGT728D iter 96870: loss 1.5032, time 169.26ms, mfu 1.30%
model:LGT728D iter 96880: loss 1.4377, time 153.46ms, mfu 1.34%
model:LGT728D iter 96890: loss 1.5221, time 155.32ms, mfu 1.37%
------average encoder activity 0.00000
-----------average decoder density 0.0000
step 96900: train loss 2.3606, val loss 2.3186
saving checkpoint to out-novel-char_LGT728D_4d06c3ce0eb6b62233f4128fdb1c3b0f
model:LGT728D iter 96900: loss 1.4175, time 2964.43ms, mfu 1.25%
model:LGT728D iter 96910: loss 1.3221, time 158.97ms, mfu 1.29%
model:LGT728D iter 96920: loss 1.5438, time 167.71ms, mfu 1.31%
model:LGT728D iter 96930: loss 1.5120, time 169.95ms, mfu 1.34%
model:LGT728D iter 96940: loss 1.4481, time 168.58ms, mfu 1.36%
------average encoder activity 0.00000
-----------average decoder density 0.0000
step 96950: train loss 2.3565, val loss 2.3127
saving checkpoint to out-novel-char_LGT728D_4d06c3ce0eb6b62233f4128fdb1c3b0f
model:LGT728D iter 96950: loss 1.5132, time 3143.71ms, mfu 1.23%
model:LGT728D iter 96960: loss 1.3713, time 173.52ms, mfu 1.26%
model:LGT728D iter 96970: loss 1.5066, time 159.91ms, mfu 1.30%
model:LGT728D iter 96980: loss 1.5209, time 159.70ms, mfu 1.33%
model:LGT728D iter 96990: loss 1.3447, time 181.07ms, mfu 1.34%
------average encoder activity 0.00000
-----------average decoder density 0.0000
step 97000: train loss 2.3501, val loss 2.3086
saving checkpoint to out-novel-char_LGT728D_4d06c3ce0eb6b62233f4128fdb1c3b0f
model:LGT728D iter 97000: loss 1.5744, time 3276.56ms, mfu 1.22%
model:LGT728D iter 97010: loss 1.4924, time 172.00ms, mfu 1.25%
model:LGT728D iter 97020: loss 1.3739, time 169.15ms, mfu 1.28%
model:LGT728D iter 97030: loss 1.5107, time 164.31ms, mfu 1.31%
model:LGT728D iter 97040: loss 1.6467, time 160.29ms, mfu 1.34%
------average encoder activity 0.00000
-----------average decoder density 0.0000
step 97050: train loss 2.3513, val loss 2.3158
saving checkpoint to out-novel-char_LGT728D_4d06c3ce0eb6b62233f4128fdb1c3b0f
model:LGT728D iter 97050: loss 1.4635, time 3084.48ms, mfu 1.21%
model:LGT728D iter 97060: loss 1.4143, time 209.79ms, mfu 1.22%
model:LGT728D iter 97070: loss 1.4544, time 206.75ms, mfu 1.22%
model:LGT728D iter 97080: loss 1.5681, time 208.96ms, mfu 1.23%
model:LGT728D iter 97090: loss 1.5020, time 204.63ms, mfu 1.23%
------average encoder activity 0.00000
-----------average decoder density 0.0000
step 97100: train loss 2.3321, val loss 2.3061
saving checkpoint to out-novel-char_LGT728D_4d06c3ce0eb6b62233f4128fdb1c3b0f
model:LGT728D iter 97100: loss 1.3441, time 2920.02ms, mfu 1.12%
model:LGT728D iter 97110: loss 1.4328, time 153.60ms, mfu 1.18%
model:LGT728D iter 97120: loss 1.4301, time 153.43ms, mfu 1.23%
model:LGT728D iter 97130: loss 1.3801, time 169.08ms, mfu 1.26%
model:LGT728D iter 97140: loss 1.4657, time 155.55ms, mfu 1.30%
------average encoder activity 0.00000
-----------average decoder density 0.0000
step 97150: train loss 2.3475, val loss 2.3163
saving checkpoint to out-novel-char_LGT728D_4d06c3ce0eb6b62233f4128fdb1c3b0f
model:LGT728D iter 97150: loss 1.3933, time 3116.88ms, mfu 1.18%
model:LGT728D iter 97160: loss 1.2664, time 161.43ms, mfu 1.22%
model:LGT728D iter 97170: loss 1.3531, time 162.15ms, mfu 1.26%
model:LGT728D iter 97180: loss 1.5044, time 166.06ms, mfu 1.30%
model:LGT728D iter 97190: loss 1.4045, time 169.27ms, mfu 1.32%
------average encoder activity 0.00000
-----------average decoder density 0.0000
step 97200: train loss 2.3473, val loss 2.3078
saving checkpoint to out-novel-char_LGT728D_4d06c3ce0eb6b62233f4128fdb1c3b0f
model:LGT728D iter 97200: loss 1.4265, time 3249.75ms, mfu 1.20%
model:LGT728D iter 97210: loss 1.4886, time 171.64ms, mfu 1.23%
model:LGT728D iter 97220: loss 1.4276, time 175.38ms, mfu 1.26%
model:LGT728D iter 97230: loss 1.5445, time 162.20ms, mfu 1.29%
model:LGT728D iter 97240: loss 1.4843, time 161.83ms, mfu 1.32%
------average encoder activity 0.00000
-----------average decoder density 0.0000
step 97250: train loss 2.3682, val loss 2.3112
saving checkpoint to out-novel-char_LGT728D_4d06c3ce0eb6b62233f4128fdb1c3b0f
model:LGT728D iter 97250: loss 1.4308, time 3100.94ms, mfu 1.20%
model:LGT728D iter 97260: loss 1.6334, time 168.82ms, mfu 1.23%
model:LGT728D iter 97270: loss 1.3615, time 168.02ms, mfu 1.27%
model:LGT728D iter 97280: loss 1.5575, time 178.20ms, mfu 1.29%
model:LGT728D iter 97290: loss 1.5410, time 171.49ms, mfu 1.31%
------average encoder activity 0.00000
-----------average decoder density 0.0000
step 97300: train loss 2.3507, val loss 2.3005
saving checkpoint to out-novel-char_LGT728D_4d06c3ce0eb6b62233f4128fdb1c3b0f
model:LGT728D iter 97300: loss 1.4902, time 2916.27ms, mfu 1.19%
model:LGT728D iter 97310: loss 1.3786, time 172.56ms, mfu 1.22%
model:LGT728D iter 97320: loss 1.4386, time 166.70ms, mfu 1.26%
model:LGT728D iter 97330: loss 1.5542, time 170.35ms, mfu 1.28%
model:LGT728D iter 97340: loss 1.5418, time 171.14ms, mfu 1.31%
------average encoder activity 0.00000
-----------average decoder density 0.0000
step 97350: train loss 2.3439, val loss 2.3087
saving checkpoint to out-novel-char_LGT728D_4d06c3ce0eb6b62233f4128fdb1c3b0f
model:LGT728D iter 97350: loss 1.4513, time 3194.80ms, mfu 1.19%
model:LGT728D iter 97360: loss 1.3984, time 161.70ms, mfu 1.23%
model:LGT728D iter 97370: loss 1.4386, time 167.44ms, mfu 1.26%
model:LGT728D iter 97380: loss 1.2967, time 169.72ms, mfu 1.29%
model:LGT728D iter 97390: loss 1.4155, time 171.61ms, mfu 1.31%
------average encoder activity 0.00000
-----------average decoder density 0.0000
step 97400: train loss 2.3361, val loss 2.3049
saving checkpoint to out-novel-char_LGT728D_4d06c3ce0eb6b62233f4128fdb1c3b0f
model:LGT728D iter 97400: loss 1.5075, time 3295.07ms, mfu 1.19%
model:LGT728D iter 97410: loss 1.4705, time 170.43ms, mfu 1.23%
model:LGT728D iter 97420: loss 1.5399, time 172.85ms, mfu 1.25%
model:LGT728D iter 97430: loss 1.4879, time 160.62ms, mfu 1.29%
model:LGT728D iter 97440: loss 1.3111, time 160.76ms, mfu 1.33%
------average encoder activity 0.00000
-----------average decoder density 0.0000
step 97450: train loss 2.3340, val loss 2.2959
saving checkpoint to out-novel-char_LGT728D_4d06c3ce0eb6b62233f4128fdb1c3b0f
model:LGT728D iter 97450: loss 1.4525, time 3142.57ms, mfu 1.20%
model:LGT728D iter 97460: loss 1.4674, time 170.04ms, mfu 1.23%
model:LGT728D iter 97470: loss 1.4863, time 165.24ms, mfu 1.27%
model:LGT728D iter 97480: loss 1.4414, time 172.58ms, mfu 1.29%
model:LGT728D iter 97490: loss 1.5803, time 168.73ms, mfu 1.32%
------average encoder activity 0.00000
-----------average decoder density 0.0000
step 97500: train loss 2.3390, val loss 2.2873
saving checkpoint to out-novel-char_LGT728D_4d06c3ce0eb6b62233f4128fdb1c3b0f
model:LGT728D iter 97500: loss 1.4464, time 2900.89ms, mfu 1.20%
model:LGT728D iter 97510: loss 1.3428, time 169.73ms, mfu 1.23%
model:LGT728D iter 97520: loss 1.5396, time 172.52ms, mfu 1.26%
model:LGT728D iter 97530: loss 1.6217, time 165.83ms, mfu 1.29%
model:LGT728D iter 97540: loss 1.5439, time 160.34ms, mfu 1.33%
------average encoder activity 0.00000
-----------average decoder density 0.0000
step 97550: train loss 2.3301, val loss 2.2881
saving checkpoint to out-novel-char_LGT728D_4d06c3ce0eb6b62233f4128fdb1c3b0f
model:LGT728D iter 97550: loss 1.5991, time 3151.95ms, mfu 1.20%
model:LGT728D iter 97560: loss 1.5402, time 145.18ms, mfu 1.26%
model:LGT728D iter 97570: loss 1.5195, time 144.04ms, mfu 1.32%
model:LGT728D iter 97580: loss 1.3413, time 151.93ms, mfu 1.36%
model:LGT728D iter 97590: loss 1.5469, time 156.60ms, mfu 1.39%
------average encoder activity 0.00000
-----------average decoder density 0.0000
step 97600: train loss 2.3408, val loss 2.2894
saving checkpoint to out-novel-char_LGT728D_4d06c3ce0eb6b62233f4128fdb1c3b0f
model:LGT728D iter 97600: loss 1.6146, time 3207.43ms, mfu 1.26%
model:LGT728D iter 97610: loss 1.3469, time 212.94ms, mfu 1.26%
model:LGT728D iter 97620: loss 1.4623, time 199.52ms, mfu 1.26%
model:LGT728D iter 97630: loss 1.3517, time 200.68ms, mfu 1.27%
model:LGT728D iter 97640: loss 1.4320, time 213.12ms, mfu 1.26%
------average encoder activity 0.00000
-----------average decoder density 0.0000
step 97650: train loss 2.3382, val loss 2.3024
saving checkpoint to out-novel-char_LGT728D_4d06c3ce0eb6b62233f4128fdb1c3b0f
model:LGT728D iter 97650: loss 1.4809, time 3169.17ms, mfu 1.14%
model:LGT728D iter 97660: loss 1.3653, time 155.37ms, mfu 1.20%
model:LGT728D iter 97670: loss 1.4115, time 153.87ms, mfu 1.25%
model:LGT728D iter 97680: loss 1.4557, time 149.19ms, mfu 1.30%
model:LGT728D iter 97690: loss 1.4202, time 144.85ms, mfu 1.35%
------average encoder activity 0.00000
-----------average decoder density 0.0000
step 97700: train loss 2.3316, val loss 2.2901
saving checkpoint to out-novel-char_LGT728D_4d06c3ce0eb6b62233f4128fdb1c3b0f
model:LGT728D iter 97700: loss 1.5439, time 2967.30ms, mfu 1.22%
model:LGT728D iter 97710: loss 1.3971, time 212.42ms, mfu 1.22%
model:LGT728D iter 97720: loss 1.1733, time 153.62ms, mfu 1.27%
model:LGT728D iter 97730: loss 1.5101, time 154.01ms, mfu 1.31%
model:LGT728D iter 97740: loss 1.4077, time 152.04ms, mfu 1.36%
------average encoder activity 0.00000
-----------average decoder density 0.0000
step 97750: train loss 2.3474, val loss 2.2908
saving checkpoint to out-novel-char_LGT728D_4d06c3ce0eb6b62233f4128fdb1c3b0f
model:LGT728D iter 97750: loss 1.5703, time 3080.68ms, mfu 1.23%
model:LGT728D iter 97760: loss 1.4800, time 146.44ms, mfu 1.28%
model:LGT728D iter 97770: loss 1.4868, time 145.20ms, mfu 1.34%
model:LGT728D iter 97780: loss 1.5766, time 160.35ms, mfu 1.37%
model:LGT728D iter 97790: loss 1.5043, time 153.56ms, mfu 1.40%
------average encoder activity 0.00000
-----------average decoder density 0.0000
step 97800: train loss 2.3393, val loss 2.2966
saving checkpoint to out-novel-char_LGT728D_4d06c3ce0eb6b62233f4128fdb1c3b0f
model:LGT728D iter 97800: loss 1.4964, time 3152.13ms, mfu 1.27%
model:LGT728D iter 97810: loss 1.3776, time 212.72ms, mfu 1.26%
model:LGT728D iter 97820: loss 1.3595, time 200.64ms, mfu 1.27%
model:LGT728D iter 97830: loss 1.7473, time 197.86ms, mfu 1.27%
model:LGT728D iter 97840: loss 1.3550, time 209.84ms, mfu 1.27%
------average encoder activity 0.00000
-----------average decoder density 0.0000
step 97850: train loss 2.3361, val loss 2.2928
saving checkpoint to out-novel-char_LGT728D_4d06c3ce0eb6b62233f4128fdb1c3b0f
model:LGT728D iter 97850: loss 1.5209, time 3196.80ms, mfu 1.15%
model:LGT728D iter 97860: loss 1.4222, time 207.18ms, mfu 1.16%
model:LGT728D iter 97870: loss 1.3422, time 200.26ms, mfu 1.18%
model:LGT728D iter 97880: loss 1.3378, time 198.20ms, mfu 1.19%
model:LGT728D iter 97890: loss 1.4686, time 198.51ms, mfu 1.20%
------average encoder activity 0.00000
-----------average decoder density 0.0000
step 97900: train loss 2.3314, val loss 2.3065
saving checkpoint to out-novel-char_LGT728D_4d06c3ce0eb6b62233f4128fdb1c3b0f
model:LGT728D iter 97900: loss 1.6794, time 3130.58ms, mfu 1.09%
model:LGT728D iter 97910: loss 1.5029, time 209.76ms, mfu 1.11%
model:LGT728D iter 97920: loss 1.4142, time 211.53ms, mfu 1.12%
model:LGT728D iter 97930: loss 1.3129, time 213.10ms, mfu 1.13%
model:LGT728D iter 97940: loss 1.4756, time 199.63ms, mfu 1.15%
------average encoder activity 0.00000
-----------average decoder density 0.0000
step 97950: train loss 2.3377, val loss 2.2872
saving checkpoint to out-novel-char_LGT728D_4d06c3ce0eb6b62233f4128fdb1c3b0f
model:LGT728D iter 97950: loss 1.6835, time 3095.26ms, mfu 1.04%
model:LGT728D iter 97960: loss 1.4355, time 210.73ms, mfu 1.06%
model:LGT728D iter 97970: loss 1.3707, time 212.92ms, mfu 1.08%
model:LGT728D iter 97980: loss 1.5442, time 210.76ms, mfu 1.10%
model:LGT728D iter 97990: loss 1.4793, time 161.70ms, mfu 1.15%
------average encoder activity 0.00000
-----------average decoder density 0.0000
step 98000: train loss 2.3527, val loss 2.2879
saving checkpoint to out-novel-char_LGT728D_4d06c3ce0eb6b62233f4128fdb1c3b0f
model:LGT728D iter 98000: loss 1.5697, time 2905.77ms, mfu 1.04%
model:LGT728D iter 98010: loss 1.4689, time 211.16ms, mfu 1.06%
model:LGT728D iter 98020: loss 1.4638, time 157.96ms, mfu 1.12%
model:LGT728D iter 98030: loss 1.3242, time 156.26ms, mfu 1.18%
model:LGT728D iter 98040: loss 1.3345, time 150.61ms, mfu 1.23%
------average encoder activity 0.00000
-----------average decoder density 0.0000
step 98050: train loss 2.3298, val loss 2.2831
saving checkpoint to out-novel-char_LGT728D_4d06c3ce0eb6b62233f4128fdb1c3b0f
model:LGT728D iter 98050: loss 1.4117, time 3082.76ms, mfu 1.12%
model:LGT728D iter 98060: loss 1.6233, time 198.66ms, mfu 1.14%
model:LGT728D iter 98070: loss 1.4254, time 199.18ms, mfu 1.16%
model:LGT728D iter 98080: loss 1.3929, time 205.27ms, mfu 1.17%
model:LGT728D iter 98090: loss 1.2983, time 203.89ms, mfu 1.18%
------average encoder activity 0.00000
-----------average decoder density 0.0000
step 98100: train loss 2.3357, val loss 2.2928
saving checkpoint to out-novel-char_LGT728D_4d06c3ce0eb6b62233f4128fdb1c3b0f
model:LGT728D iter 98100: loss 1.4525, time 3074.95ms, mfu 1.07%
model:LGT728D iter 98110: loss 1.4474, time 205.24ms, mfu 1.09%
model:LGT728D iter 98120: loss 1.4306, time 146.59ms, mfu 1.16%
model:LGT728D iter 98130: loss 1.2514, time 144.74ms, mfu 1.22%
model:LGT728D iter 98140: loss 1.3348, time 144.84ms, mfu 1.28%
------average encoder activity 0.00000
-----------average decoder density 0.0000
step 98150: train loss 2.3303, val loss 2.2923
saving checkpoint to out-novel-char_LGT728D_4d06c3ce0eb6b62233f4128fdb1c3b0f
model:LGT728D iter 98150: loss 1.5706, time 3087.45ms, mfu 1.16%
model:LGT728D iter 98160: loss 1.4770, time 209.01ms, mfu 1.17%
model:LGT728D iter 98170: loss 1.5098, time 206.60ms, mfu 1.18%
model:LGT728D iter 98180: loss 1.4573, time 205.71ms, mfu 1.19%
model:LGT728D iter 98190: loss 1.4225, time 199.87ms, mfu 1.20%
------average encoder activity 0.00000
-----------average decoder density 0.0000
step 98200: train loss 2.3307, val loss 2.2903
saving checkpoint to out-novel-char_LGT728D_4d06c3ce0eb6b62233f4128fdb1c3b0f
model:LGT728D iter 98200: loss 1.5130, time 3011.46ms, mfu 1.09%
model:LGT728D iter 98210: loss 1.4914, time 171.59ms, mfu 1.13%
model:LGT728D iter 98220: loss 1.3790, time 169.51ms, mfu 1.18%
model:LGT728D iter 98230: loss 1.3619, time 166.48ms, mfu 1.21%
model:LGT728D iter 98240: loss 1.6750, time 163.51ms, mfu 1.25%
------average encoder activity 0.00000
-----------average decoder density 0.0000
step 98250: train loss 2.3354, val loss 2.2842
saving checkpoint to out-novel-char_LGT728D_4d06c3ce0eb6b62233f4128fdb1c3b0f
model:LGT728D iter 98250: loss 1.4639, time 3009.97ms, mfu 1.14%
model:LGT728D iter 98260: loss 1.3627, time 212.80ms, mfu 1.15%
model:LGT728D iter 98270: loss 1.5394, time 227.89ms, mfu 1.15%
model:LGT728D iter 98280: loss 1.6153, time 176.00ms, mfu 1.18%
model:LGT728D iter 98290: loss 1.3960, time 169.86ms, mfu 1.22%
------average encoder activity 0.00000
-----------average decoder density 0.0000
step 98300: train loss 2.3344, val loss 2.2806
saving checkpoint to out-novel-char_LGT728D_4d06c3ce0eb6b62233f4128fdb1c3b0f
model:LGT728D iter 98300: loss 1.2178, time 3268.00ms, mfu 1.10%
model:LGT728D iter 98310: loss 1.2423, time 176.40ms, mfu 1.14%
model:LGT728D iter 98320: loss 1.4737, time 162.30ms, mfu 1.19%
model:LGT728D iter 98330: loss 1.4028, time 173.96ms, mfu 1.22%
model:LGT728D iter 98340: loss 1.5562, time 153.15ms, mfu 1.27%
------average encoder activity 0.00000
-----------average decoder density 0.0000
step 98350: train loss 2.3338, val loss 2.2923
saving checkpoint to out-novel-char_LGT728D_4d06c3ce0eb6b62233f4128fdb1c3b0f
model:LGT728D iter 98350: loss 1.5109, time 3264.87ms, mfu 1.15%
model:LGT728D iter 98360: loss 1.4740, time 158.44ms, mfu 1.20%
model:LGT728D iter 98370: loss 1.4494, time 150.35ms, mfu 1.25%
model:LGT728D iter 98380: loss 1.6645, time 144.06ms, mfu 1.31%
model:LGT728D iter 98390: loss 1.4506, time 144.65ms, mfu 1.36%
------average encoder activity 0.00000
-----------average decoder density 0.0000
step 98400: train loss 2.3249, val loss 2.3014
saving checkpoint to out-novel-char_LGT728D_4d06c3ce0eb6b62233f4128fdb1c3b0f
model:LGT728D iter 98400: loss 1.5084, time 3183.42ms, mfu 1.23%
model:LGT728D iter 98410: loss 1.5854, time 168.40ms, mfu 1.26%
model:LGT728D iter 98420: loss 1.6014, time 160.81ms, mfu 1.30%
model:LGT728D iter 98430: loss 1.4050, time 172.01ms, mfu 1.32%
model:LGT728D iter 98440: loss 1.3133, time 168.33ms, mfu 1.35%
------average encoder activity 0.00000
-----------average decoder density 0.0000
step 98450: train loss 2.3263, val loss 2.2774
saving checkpoint to out-novel-char_LGT728D_4d06c3ce0eb6b62233f4128fdb1c3b0f
model:LGT728D iter 98450: loss 1.5142, time 2932.45ms, mfu 1.22%
model:LGT728D iter 98460: loss 1.4534, time 233.50ms, mfu 1.21%
model:LGT728D iter 98470: loss 1.4242, time 176.45ms, mfu 1.24%
model:LGT728D iter 98480: loss 1.3605, time 167.61ms, mfu 1.27%
model:LGT728D iter 98490: loss 1.1640, time 169.02ms, mfu 1.30%
------average encoder activity 0.00000
-----------average decoder density 0.0000
step 98500: train loss 2.3304, val loss 2.2958
saving checkpoint to out-novel-char_LGT728D_4d06c3ce0eb6b62233f4128fdb1c3b0f
model:LGT728D iter 98500: loss 1.4015, time 3101.54ms, mfu 1.18%
model:LGT728D iter 98510: loss 1.4145, time 161.32ms, mfu 1.22%
model:LGT728D iter 98520: loss 1.4480, time 145.02ms, mfu 1.28%
model:LGT728D iter 98530: loss 1.6541, time 168.81ms, mfu 1.31%
model:LGT728D iter 98540: loss 1.3655, time 166.95ms, mfu 1.33%
------average encoder activity 0.00000
-----------average decoder density 0.0000
step 98550: train loss 2.3306, val loss 2.2801
saving checkpoint to out-novel-char_LGT728D_4d06c3ce0eb6b62233f4128fdb1c3b0f
model:LGT728D iter 98550: loss 1.5874, time 3141.38ms, mfu 1.21%
model:LGT728D iter 98560: loss 1.4183, time 221.25ms, mfu 1.21%
model:LGT728D iter 98570: loss 1.3738, time 161.14ms, mfu 1.25%
model:LGT728D iter 98580: loss 1.3961, time 159.64ms, mfu 1.29%
model:LGT728D iter 98590: loss 1.4571, time 159.20ms, mfu 1.32%
------average encoder activity 0.00000
-----------average decoder density 0.0000
step 98600: train loss 2.3219, val loss 2.2806
saving checkpoint to out-novel-char_LGT728D_4d06c3ce0eb6b62233f4128fdb1c3b0f
model:LGT728D iter 98600: loss 1.3768, time 3134.56ms, mfu 1.20%
model:LGT728D iter 98610: loss 1.3781, time 153.06ms, mfu 1.25%
model:LGT728D iter 98620: loss 1.4937, time 150.26ms, mfu 1.30%
model:LGT728D iter 98630: loss 1.6358, time 152.04ms, mfu 1.34%
model:LGT728D iter 98640: loss 1.3810, time 162.69ms, mfu 1.37%
------average encoder activity 0.00000
-----------average decoder density 0.0000
step 98650: train loss 2.3093, val loss 2.2957
saving checkpoint to out-novel-char_LGT728D_4d06c3ce0eb6b62233f4128fdb1c3b0f
model:LGT728D iter 98650: loss 1.5661, time 2923.07ms, mfu 1.24%
model:LGT728D iter 98660: loss 1.5460, time 160.57ms, mfu 1.28%
model:LGT728D iter 98670: loss 1.5738, time 154.04ms, mfu 1.32%
model:LGT728D iter 98680: loss 1.4328, time 158.84ms, mfu 1.35%
model:LGT728D iter 98690: loss 1.4068, time 153.06ms, mfu 1.39%
------average encoder activity 0.00000
-----------average decoder density 0.0000
step 98700: train loss 2.3258, val loss 2.2920
saving checkpoint to out-novel-char_LGT728D_4d06c3ce0eb6b62233f4128fdb1c3b0f
model:LGT728D iter 98700: loss 1.3382, time 3215.88ms, mfu 1.26%
model:LGT728D iter 98710: loss 1.4470, time 213.24ms, mfu 1.26%
model:LGT728D iter 98720: loss 1.3212, time 159.84ms, mfu 1.29%
model:LGT728D iter 98730: loss 1.3950, time 167.76ms, mfu 1.32%
model:LGT728D iter 98740: loss 1.4891, time 164.16ms, mfu 1.35%
------average encoder activity 0.00000
-----------average decoder density 0.0000
step 98750: train loss 2.3386, val loss 2.2810
saving checkpoint to out-novel-char_LGT728D_4d06c3ce0eb6b62233f4128fdb1c3b0f
model:LGT728D iter 98750: loss 1.5990, time 3271.89ms, mfu 1.22%
model:LGT728D iter 98760: loss 1.4922, time 170.97ms, mfu 1.25%
model:LGT728D iter 98770: loss 1.4359, time 160.20ms, mfu 1.29%
model:LGT728D iter 98780: loss 1.4366, time 160.28ms, mfu 1.32%
model:LGT728D iter 98790: loss 1.5369, time 162.57ms, mfu 1.35%
------average encoder activity 0.00000
-----------average decoder density 0.0000
step 98800: train loss 2.3262, val loss 2.2957
saving checkpoint to out-novel-char_LGT728D_4d06c3ce0eb6b62233f4128fdb1c3b0f
model:LGT728D iter 98800: loss 1.4093, time 3300.57ms, mfu 1.23%
model:LGT728D iter 98810: loss 1.5540, time 223.62ms, mfu 1.22%
model:LGT728D iter 98820: loss 1.4667, time 168.07ms, mfu 1.25%
model:LGT728D iter 98830: loss 1.5870, time 174.73ms, mfu 1.28%
model:LGT728D iter 98840: loss 1.4848, time 163.83ms, mfu 1.31%
------average encoder activity 0.00000
-----------average decoder density 0.0000
step 98850: train loss 2.3275, val loss 2.2886
saving checkpoint to out-novel-char_LGT728D_4d06c3ce0eb6b62233f4128fdb1c3b0f
model:LGT728D iter 98850: loss 1.4912, time 3144.21ms, mfu 1.19%
model:LGT728D iter 98860: loss 1.4264, time 224.13ms, mfu 1.19%
model:LGT728D iter 98870: loss 1.6544, time 224.18ms, mfu 1.18%
model:LGT728D iter 98880: loss 1.2078, time 225.03ms, mfu 1.18%
model:LGT728D iter 98890: loss 1.2879, time 171.73ms, mfu 1.22%
------average encoder activity 0.00000
-----------average decoder density 0.0000
step 98900: train loss 2.3180, val loss 2.2916
saving checkpoint to out-novel-char_LGT728D_4d06c3ce0eb6b62233f4128fdb1c3b0f
model:LGT728D iter 98900: loss 1.4731, time 2958.22ms, mfu 1.10%
model:LGT728D iter 98910: loss 1.5403, time 170.34ms, mfu 1.15%
model:LGT728D iter 98920: loss 1.4492, time 172.76ms, mfu 1.18%
model:LGT728D iter 98930: loss 1.4738, time 176.48ms, mfu 1.21%
model:LGT728D iter 98940: loss 1.3528, time 168.10ms, mfu 1.25%
------average encoder activity 0.00000
-----------average decoder density 0.0000
step 98950: train loss 2.3294, val loss 2.2867
saving checkpoint to out-novel-char_LGT728D_4d06c3ce0eb6b62233f4128fdb1c3b0f
model:LGT728D iter 98950: loss 1.3484, time 3100.81ms, mfu 1.13%
model:LGT728D iter 98960: loss 1.4654, time 145.58ms, mfu 1.20%
model:LGT728D iter 98970: loss 1.3823, time 160.01ms, mfu 1.24%
model:LGT728D iter 98980: loss 1.4491, time 159.22ms, mfu 1.28%
model:LGT728D iter 98990: loss 1.5334, time 151.19ms, mfu 1.33%
------average encoder activity 0.00000
-----------average decoder density 0.0000
step 99000: train loss 2.3390, val loss 2.3012
saving checkpoint to out-novel-char_LGT728D_4d06c3ce0eb6b62233f4128fdb1c3b0f
model:LGT728D iter 99000: loss 1.2336, time 3184.84ms, mfu 1.20%
model:LGT728D iter 99010: loss 1.6268, time 155.44ms, mfu 1.25%
model:LGT728D iter 99020: loss 1.5063, time 147.09ms, mfu 1.30%
model:LGT728D iter 99030: loss 1.4642, time 148.89ms, mfu 1.35%
model:LGT728D iter 99040: loss 1.2887, time 143.40ms, mfu 1.40%
------average encoder activity 0.00000
-----------average decoder density 0.0000
step 99050: train loss 2.3218, val loss 2.2816
saving checkpoint to out-novel-char_LGT728D_4d06c3ce0eb6b62233f4128fdb1c3b0f
model:LGT728D iter 99050: loss 1.5616, time 3240.79ms, mfu 1.26%
model:LGT728D iter 99060: loss 1.3733, time 171.32ms, mfu 1.29%
model:LGT728D iter 99070: loss 1.3383, time 175.71ms, mfu 1.31%
model:LGT728D iter 99080: loss 1.4574, time 173.58ms, mfu 1.33%
model:LGT728D iter 99090: loss 1.2100, time 161.46ms, mfu 1.36%
------average encoder activity 0.00000
-----------average decoder density 0.0000
step 99100: train loss 2.3235, val loss 2.2978
saving checkpoint to out-novel-char_LGT728D_4d06c3ce0eb6b62233f4128fdb1c3b0f
model:LGT728D iter 99100: loss 1.2868, time 2996.79ms, mfu 1.23%
model:LGT728D iter 99110: loss 1.5049, time 171.37ms, mfu 1.26%
model:LGT728D iter 99120: loss 1.6578, time 170.42ms, mfu 1.29%
model:LGT728D iter 99130: loss 1.5150, time 174.43ms, mfu 1.31%
model:LGT728D iter 99140: loss 1.4722, time 175.36ms, mfu 1.33%
------average encoder activity 0.00000
-----------average decoder density 0.0000
step 99150: train loss 2.3143, val loss 2.2714
saving checkpoint to out-novel-char_LGT728D_4d06c3ce0eb6b62233f4128fdb1c3b0f
model:LGT728D iter 99150: loss 1.4178, time 2992.93ms, mfu 1.20%
model:LGT728D iter 99160: loss 1.3027, time 174.12ms, mfu 1.23%
model:LGT728D iter 99170: loss 1.3472, time 171.57ms, mfu 1.26%
model:LGT728D iter 99180: loss 1.5867, time 169.79ms, mfu 1.29%
model:LGT728D iter 99190: loss 1.5417, time 169.02ms, mfu 1.32%
------average encoder activity 0.00000
-----------average decoder density 0.0000
step 99200: train loss 2.3077, val loss 2.2863
saving checkpoint to out-novel-char_LGT728D_4d06c3ce0eb6b62233f4128fdb1c3b0f
model:LGT728D iter 99200: loss 1.4337, time 3197.24ms, mfu 1.19%
model:LGT728D iter 99210: loss 1.3889, time 169.74ms, mfu 1.23%
model:LGT728D iter 99220: loss 1.3763, time 161.12ms, mfu 1.27%
model:LGT728D iter 99230: loss 1.3719, time 161.93ms, mfu 1.30%
model:LGT728D iter 99240: loss 1.4993, time 153.84ms, mfu 1.34%
------average encoder activity 0.00000
-----------average decoder density 0.0000
step 99250: train loss 2.3127, val loss 2.2840
saving checkpoint to out-novel-char_LGT728D_4d06c3ce0eb6b62233f4128fdb1c3b0f
model:LGT728D iter 99250: loss 1.6026, time 3106.49ms, mfu 1.22%
model:LGT728D iter 99260: loss 1.4236, time 187.25ms, mfu 1.23%
model:LGT728D iter 99270: loss 1.3290, time 228.99ms, mfu 1.23%
model:LGT728D iter 99280: loss 1.3657, time 168.88ms, mfu 1.26%
model:LGT728D iter 99290: loss 1.5748, time 161.32ms, mfu 1.29%
------average encoder activity 0.00000
-----------average decoder density 0.0000
step 99300: train loss 2.3281, val loss 2.2730
saving checkpoint to out-novel-char_LGT728D_4d06c3ce0eb6b62233f4128fdb1c3b0f
model:LGT728D iter 99300: loss 1.4622, time 3103.94ms, mfu 1.17%
model:LGT728D iter 99310: loss 1.3720, time 173.78ms, mfu 1.21%
model:LGT728D iter 99320: loss 1.4026, time 156.21ms, mfu 1.25%
model:LGT728D iter 99330: loss 1.4418, time 154.54ms, mfu 1.30%
model:LGT728D iter 99340: loss 1.3736, time 155.55ms, mfu 1.34%
------average encoder activity 0.00000
-----------average decoder density 0.0000
step 99350: train loss 2.3249, val loss 2.2933
saving checkpoint to out-novel-char_LGT728D_4d06c3ce0eb6b62233f4128fdb1c3b0f
model:LGT728D iter 99350: loss 1.4953, time 3112.65ms, mfu 1.21%
model:LGT728D iter 99360: loss 1.5331, time 214.72ms, mfu 1.21%
model:LGT728D iter 99370: loss 1.3741, time 173.02ms, mfu 1.24%
model:LGT728D iter 99380: loss 1.3918, time 167.11ms, mfu 1.27%
model:LGT728D iter 99390: loss 1.3030, time 170.95ms, mfu 1.30%
------average encoder activity 0.00000
-----------average decoder density 0.0000
step 99400: train loss 2.3152, val loss 2.2711
saving checkpoint to out-novel-char_LGT728D_4d06c3ce0eb6b62233f4128fdb1c3b0f
model:LGT728D iter 99400: loss 1.4693, time 3170.84ms, mfu 1.18%
model:LGT728D iter 99410: loss 1.5055, time 152.52ms, mfu 1.23%
model:LGT728D iter 99420: loss 1.4159, time 146.02ms, mfu 1.29%
model:LGT728D iter 99430: loss 1.5881, time 147.68ms, mfu 1.34%
model:LGT728D iter 99440: loss 1.3108, time 153.85ms, mfu 1.37%
------average encoder activity 0.00000
-----------average decoder density 0.0000
step 99450: train loss 2.3234, val loss 2.2821
saving checkpoint to out-novel-char_LGT728D_4d06c3ce0eb6b62233f4128fdb1c3b0f
model:LGT728D iter 99450: loss 1.3253, time 3274.23ms, mfu 1.24%
model:LGT728D iter 99460: loss 1.3575, time 173.94ms, mfu 1.27%
model:LGT728D iter 99470: loss 1.5406, time 173.39ms, mfu 1.29%
model:LGT728D iter 99480: loss 1.4922, time 167.37ms, mfu 1.32%
model:LGT728D iter 99490: loss 1.4159, time 160.92ms, mfu 1.35%
------average encoder activity 0.00000
-----------average decoder density 0.0000
step 99500: train loss 2.3060, val loss 2.2724
saving checkpoint to out-novel-char_LGT728D_4d06c3ce0eb6b62233f4128fdb1c3b0f
model:LGT728D iter 99500: loss 1.4247, time 2972.57ms, mfu 1.22%
model:LGT728D iter 99510: loss 1.4253, time 172.98ms, mfu 1.25%
model:LGT728D iter 99520: loss 1.3682, time 167.45ms, mfu 1.28%
model:LGT728D iter 99530: loss 1.5424, time 166.45ms, mfu 1.31%
model:LGT728D iter 99540: loss 1.3828, time 165.62ms, mfu 1.34%
------average encoder activity 0.00000
-----------average decoder density 0.0000
step 99550: train loss 2.3141, val loss 2.2816
saving checkpoint to out-novel-char_LGT728D_4d06c3ce0eb6b62233f4128fdb1c3b0f
model:LGT728D iter 99550: loss 1.5241, time 3121.05ms, mfu 1.21%
model:LGT728D iter 99560: loss 1.4978, time 161.68ms, mfu 1.25%
model:LGT728D iter 99570: loss 1.4526, time 170.47ms, mfu 1.28%
model:LGT728D iter 99580: loss 1.4442, time 153.66ms, mfu 1.32%
model:LGT728D iter 99590: loss 1.4715, time 150.70ms, mfu 1.37%
------average encoder activity 0.00000
-----------average decoder density 0.0000
step 99600: train loss 2.3309, val loss 2.2773
saving checkpoint to out-novel-char_LGT728D_4d06c3ce0eb6b62233f4128fdb1c3b0f
model:LGT728D iter 99600: loss 1.3986, time 3141.67ms, mfu 1.24%
model:LGT728D iter 99610: loss 1.3168, time 206.25ms, mfu 1.24%
model:LGT728D iter 99620: loss 1.3845, time 145.33ms, mfu 1.30%
model:LGT728D iter 99630: loss 1.3459, time 145.48ms, mfu 1.35%
model:LGT728D iter 99640: loss 1.3628, time 146.55ms, mfu 1.39%
------average encoder activity 0.00000
-----------average decoder density 0.0000
step 99650: train loss 2.3124, val loss 2.2813
saving checkpoint to out-novel-char_LGT728D_4d06c3ce0eb6b62233f4128fdb1c3b0f
model:LGT728D iter 99650: loss 1.3985, time 3221.56ms, mfu 1.26%
model:LGT728D iter 99660: loss 1.4665, time 207.84ms, mfu 1.26%
model:LGT728D iter 99670: loss 1.2787, time 209.88ms, mfu 1.26%
model:LGT728D iter 99680: loss 1.6131, time 209.65ms, mfu 1.26%
model:LGT728D iter 99690: loss 1.4159, time 146.05ms, mfu 1.31%
------average encoder activity 0.00000
-----------average decoder density 0.0000
step 99700: train loss 2.3114, val loss 2.2784
saving checkpoint to out-novel-char_LGT728D_4d06c3ce0eb6b62233f4128fdb1c3b0f
model:LGT728D iter 99700: loss 1.6154, time 2960.59ms, mfu 1.19%
model:LGT728D iter 99710: loss 1.4080, time 205.66ms, mfu 1.20%
model:LGT728D iter 99720: loss 1.5742, time 159.84ms, mfu 1.24%
model:LGT728D iter 99730: loss 1.5591, time 157.03ms, mfu 1.28%
model:LGT728D iter 99740: loss 1.5247, time 156.65ms, mfu 1.32%
------average encoder activity 0.00000
-----------average decoder density 0.0000
step 99750: train loss 2.3141, val loss 2.2698
saving checkpoint to out-novel-char_LGT728D_4d06c3ce0eb6b62233f4128fdb1c3b0f
model:LGT728D iter 99750: loss 1.3265, time 3013.91ms, mfu 1.20%
model:LGT728D iter 99760: loss 1.4524, time 201.53ms, mfu 1.21%
model:LGT728D iter 99770: loss 1.4248, time 208.73ms, mfu 1.21%
model:LGT728D iter 99780: loss 1.4278, time 153.00ms, mfu 1.26%
model:LGT728D iter 99790: loss 1.3876, time 152.16ms, mfu 1.31%
------average encoder activity 0.00000
-----------average decoder density 0.0000
step 99800: train loss 2.3372, val loss 2.2872
saving checkpoint to out-novel-char_LGT728D_4d06c3ce0eb6b62233f4128fdb1c3b0f
model:LGT728D iter 99800: loss 1.4852, time 3136.29ms, mfu 1.19%
model:LGT728D iter 99810: loss 1.4773, time 207.26ms, mfu 1.19%
model:LGT728D iter 99820: loss 1.5651, time 200.23ms, mfu 1.21%
model:LGT728D iter 99830: loss 1.3992, time 147.98ms, mfu 1.26%
model:LGT728D iter 99840: loss 1.4095, time 150.89ms, mfu 1.31%
------average encoder activity 0.00000
-----------average decoder density 0.0000
step 99850: train loss 2.3139, val loss 2.2590
saving checkpoint to out-novel-char_LGT728D_4d06c3ce0eb6b62233f4128fdb1c3b0f
model:LGT728D iter 99850: loss 1.3353, time 3127.56ms, mfu 1.19%
model:LGT728D iter 99860: loss 1.5707, time 207.02ms, mfu 1.19%
model:LGT728D iter 99870: loss 1.3809, time 208.02ms, mfu 1.20%
model:LGT728D iter 99880: loss 1.5065, time 144.36ms, mfu 1.26%
model:LGT728D iter 99890: loss 1.4779, time 145.21ms, mfu 1.32%
------average encoder activity 0.00000
-----------average decoder density 0.0000
step 99900: train loss 2.3097, val loss 2.2701
saving checkpoint to out-novel-char_LGT728D_4d06c3ce0eb6b62233f4128fdb1c3b0f
model:LGT728D iter 99900: loss 1.4550, time 3094.87ms, mfu 1.19%
model:LGT728D iter 99910: loss 1.4389, time 209.92ms, mfu 1.20%
model:LGT728D iter 99920: loss 1.4141, time 209.91ms, mfu 1.20%
model:LGT728D iter 99930: loss 1.5222, time 206.70ms, mfu 1.21%
model:LGT728D iter 99940: loss 1.4425, time 201.42ms, mfu 1.22%
------average encoder activity 0.00000
-----------average decoder density 0.0000
step 99950: train loss 2.3234, val loss 2.2726
saving checkpoint to out-novel-char_LGT728D_4d06c3ce0eb6b62233f4128fdb1c3b0f
model:LGT728D iter 99950: loss 1.4901, time 2966.46ms, mfu 1.11%
model:LGT728D iter 99960: loss 1.3140, time 209.15ms, mfu 1.12%
model:LGT728D iter 99970: loss 1.5345, time 208.01ms, mfu 1.13%
model:LGT728D iter 99980: loss 1.5124, time 210.49ms, mfu 1.14%
model:LGT728D iter 99990: loss 1.4242, time 182.71ms, mfu 1.17%
------average encoder activity 0.00000
-----------average decoder density 0.0000
step 100000: train loss 2.3073, val loss 2.2735
saving checkpoint to out-novel-char_LGT728D_4d06c3ce0eb6b62233f4128fdb1c3b0f
model:LGT728D iter 100000: loss 1.5663, time 2905.46ms, mfu 1.07%
model:LGT728D iter 100010: loss 1.4192, time 207.86ms, mfu 1.08%
model:LGT728D iter 100020: loss 1.4883, time 207.39ms, mfu 1.10%
model:LGT728D iter 100030: loss 1.5039, time 209.85ms, mfu 1.12%
model:LGT728D iter 100040: loss 1.4892, time 160.23ms, mfu 1.17%
------average encoder activity 0.00000
-----------average decoder density 0.0000
step 100050: train loss 2.2953, val loss 2.2679
saving checkpoint to out-novel-char_LGT728D_4d06c3ce0eb6b62233f4128fdb1c3b0f
model:LGT728D iter 100050: loss 1.4498, time 3041.60ms, mfu 1.06%
model:LGT728D iter 100060: loss 1.3908, time 198.82ms, mfu 1.09%
model:LGT728D iter 100070: loss 1.1315, time 209.11ms, mfu 1.10%
model:LGT728D iter 100080: loss 1.5462, time 211.08ms, mfu 1.12%
model:LGT728D iter 100090: loss 1.6715, time 202.02ms, mfu 1.13%
------average encoder activity 0.00000
-----------average decoder density 0.0000
step 100100: train loss 2.3036, val loss 2.2662
saving checkpoint to out-novel-char_LGT728D_4d06c3ce0eb6b62233f4128fdb1c3b0f
model:LGT728D iter 100100: loss 1.4906, time 3141.36ms, mfu 1.03%
model:LGT728D iter 100110: loss 1.4242, time 198.76ms, mfu 1.06%
model:LGT728D iter 100120: loss 1.4679, time 199.51ms, mfu 1.08%
model:LGT728D iter 100130: loss 1.3526, time 209.69ms, mfu 1.10%
model:LGT728D iter 100140: loss 1.3709, time 209.69ms, mfu 1.11%
------average encoder activity 0.00000
-----------average decoder density 0.0000
step 100150: train loss 2.3019, val loss 2.2747
saving checkpoint to out-novel-char_LGT728D_4d06c3ce0eb6b62233f4128fdb1c3b0f
model:LGT728D iter 100150: loss 1.3976, time 3153.59ms, mfu 1.01%
model:LGT728D iter 100160: loss 1.4875, time 150.62ms, mfu 1.08%
model:LGT728D iter 100170: loss 1.5431, time 145.05ms, mfu 1.16%
model:LGT728D iter 100180: loss 1.4666, time 146.46ms, mfu 1.22%
model:LGT728D iter 100190: loss 1.5574, time 145.26ms, mfu 1.28%
------average encoder activity 0.00000
-----------average decoder density 0.0000
step 100200: train loss 2.3235, val loss 2.2754
saving checkpoint to out-novel-char_LGT728D_4d06c3ce0eb6b62233f4128fdb1c3b0f
model:LGT728D iter 100200: loss 1.2997, time 3115.66ms, mfu 1.16%
model:LGT728D iter 100210: loss 1.4063, time 204.92ms, mfu 1.17%
model:LGT728D iter 100220: loss 1.3082, time 213.19ms, mfu 1.18%
model:LGT728D iter 100230: loss 1.4249, time 207.77ms, mfu 1.18%
model:LGT728D iter 100240: loss 1.4213, time 200.94ms, mfu 1.20%
------average encoder activity 0.00000
-----------average decoder density 0.0000
step 100250: train loss 2.3085, val loss 2.2864
saving checkpoint to out-novel-char_LGT728D_4d06c3ce0eb6b62233f4128fdb1c3b0f
model:LGT728D iter 100250: loss 1.3172, time 2922.92ms, mfu 1.09%
model:LGT728D iter 100260: loss 1.3768, time 211.52ms, mfu 1.10%
model:LGT728D iter 100270: loss 1.5731, time 207.48ms, mfu 1.12%
model:LGT728D iter 100280: loss 1.5228, time 201.17ms, mfu 1.13%
model:LGT728D iter 100290: loss 1.4967, time 203.07ms, mfu 1.15%
------average encoder activity 0.00000
-----------average decoder density 0.0000
step 100300: train loss 2.3026, val loss 2.2529
saving checkpoint to out-novel-char_LGT728D_4d06c3ce0eb6b62233f4128fdb1c3b0f
model:LGT728D iter 100300: loss 1.3506, time 2936.65ms, mfu 1.04%
model:LGT728D iter 100310: loss 1.5201, time 210.13ms, mfu 1.06%
model:LGT728D iter 100320: loss 1.5042, time 154.05ms, mfu 1.13%
model:LGT728D iter 100330: loss 1.4479, time 153.61ms, mfu 1.19%
model:LGT728D iter 100340: loss 1.3542, time 154.58ms, mfu 1.24%
------average encoder activity 0.00000
-----------average decoder density 0.0000
step 100350: train loss 2.3137, val loss 2.2722
saving checkpoint to out-novel-char_LGT728D_4d06c3ce0eb6b62233f4128fdb1c3b0f
model:LGT728D iter 100350: loss 1.6075, time 3050.79ms, mfu 1.12%
model:LGT728D iter 100360: loss 1.5179, time 153.99ms, mfu 1.18%
model:LGT728D iter 100370: loss 1.3507, time 144.41ms, mfu 1.24%
model:LGT728D iter 100380: loss 1.3300, time 144.89ms, mfu 1.30%
model:LGT728D iter 100390: loss 1.6577, time 145.52ms, mfu 1.35%
------average encoder activity 0.00000
-----------average decoder density 0.0000
step 100400: train loss 2.3053, val loss 2.2709
saving checkpoint to out-novel-char_LGT728D_4d06c3ce0eb6b62233f4128fdb1c3b0f
model:LGT728D iter 100400: loss 1.4960, time 3115.88ms, mfu 1.22%
model:LGT728D iter 100410: loss 1.3806, time 202.62ms, mfu 1.23%
model:LGT728D iter 100420: loss 1.3438, time 152.06ms, mfu 1.28%
model:LGT728D iter 100430: loss 1.3078, time 153.11ms, mfu 1.32%
model:LGT728D iter 100440: loss 1.5060, time 154.59ms, mfu 1.36%
------average encoder activity 0.00000
-----------average decoder density 0.0000
step 100450: train loss 2.3067, val loss 2.2653
saving checkpoint to out-novel-char_LGT728D_4d06c3ce0eb6b62233f4128fdb1c3b0f
model:LGT728D iter 100450: loss 1.6674, time 2893.17ms, mfu 1.23%
model:LGT728D iter 100460: loss 1.6383, time 211.25ms, mfu 1.23%
model:LGT728D iter 100470: loss 1.5286, time 211.40ms, mfu 1.23%
model:LGT728D iter 100480: loss 1.3727, time 167.49ms, mfu 1.27%
model:LGT728D iter 100490: loss 1.6085, time 166.52ms, mfu 1.30%
------average encoder activity 0.00000
-----------average decoder density 0.0000
step 100500: train loss 2.3005, val loss 2.2554
saving checkpoint to out-novel-char_LGT728D_4d06c3ce0eb6b62233f4128fdb1c3b0f
model:LGT728D iter 100500: loss 1.4085, time 3056.66ms, mfu 1.18%
model:LGT728D iter 100510: loss 1.4363, time 162.11ms, mfu 1.22%
model:LGT728D iter 100520: loss 1.2210, time 164.11ms, mfu 1.26%
model:LGT728D iter 100530: loss 1.4841, time 169.74ms, mfu 1.29%
model:LGT728D iter 100540: loss 1.3387, time 170.29ms, mfu 1.31%
------average encoder activity 0.00000
-----------average decoder density 0.0000
step 100550: train loss 2.2980, val loss 2.2632
saving checkpoint to out-novel-char_LGT728D_4d06c3ce0eb6b62233f4128fdb1c3b0f
model:LGT728D iter 100550: loss 1.4443, time 3185.42ms, mfu 1.19%
model:LGT728D iter 100560: loss 1.4324, time 170.94ms, mfu 1.22%
model:LGT728D iter 100570: loss 1.5467, time 163.39ms, mfu 1.26%
model:LGT728D iter 100580: loss 1.4728, time 164.88ms, mfu 1.29%
model:LGT728D iter 100590: loss 1.4953, time 163.18ms, mfu 1.32%
------average encoder activity 0.00000
-----------average decoder density 0.0000
step 100600: train loss 2.3092, val loss 2.2586
saving checkpoint to out-novel-char_LGT728D_4d06c3ce0eb6b62233f4128fdb1c3b0f
model:LGT728D iter 100600: loss 1.4081, time 3161.38ms, mfu 1.20%
model:LGT728D iter 100610: loss 1.6170, time 169.09ms, mfu 1.23%
model:LGT728D iter 100620: loss 1.5298, time 171.60ms, mfu 1.26%
model:LGT728D iter 100630: loss 1.3969, time 164.94ms, mfu 1.30%
model:LGT728D iter 100640: loss 1.5001, time 168.47ms, mfu 1.32%
------average encoder activity 0.00000
-----------average decoder density 0.0000
step 100650: train loss 2.3199, val loss 2.2595
saving checkpoint to out-novel-char_LGT728D_4d06c3ce0eb6b62233f4128fdb1c3b0f
model:LGT728D iter 100650: loss 1.5376, time 2949.44ms, mfu 1.20%
model:LGT728D iter 100660: loss 1.4670, time 158.02ms, mfu 1.24%
model:LGT728D iter 100670: loss 1.2512, time 171.21ms, mfu 1.27%
model:LGT728D iter 100680: loss 1.3565, time 172.38ms, mfu 1.30%
model:LGT728D iter 100690: loss 1.5104, time 158.47ms, mfu 1.33%
------average encoder activity 0.00000
-----------average decoder density 0.0000
step 100700: train loss 2.2855, val loss 2.2594
saving checkpoint to out-novel-char_LGT728D_4d06c3ce0eb6b62233f4128fdb1c3b0f
model:LGT728D iter 100700: loss 1.4381, time 3273.33ms, mfu 1.21%
model:LGT728D iter 100710: loss 1.2872, time 203.33ms, mfu 1.22%
model:LGT728D iter 100720: loss 1.4306, time 170.50ms, mfu 1.25%
model:LGT728D iter 100730: loss 1.3601, time 171.12ms, mfu 1.28%
model:LGT728D iter 100740: loss 1.3871, time 169.87ms, mfu 1.30%
------average encoder activity 0.00000
-----------average decoder density 0.0000
step 100750: train loss 2.2943, val loss 2.2579
saving checkpoint to out-novel-char_LGT728D_4d06c3ce0eb6b62233f4128fdb1c3b0f
model:LGT728D iter 100750: loss 1.6661, time 3249.92ms, mfu 1.18%
model:LGT728D iter 100760: loss 1.5563, time 174.47ms, mfu 1.21%
model:LGT728D iter 100770: loss 1.2724, time 162.35ms, mfu 1.25%
model:LGT728D iter 100780: loss 1.2301, time 162.69ms, mfu 1.29%
model:LGT728D iter 100790: loss 1.2211, time 171.69ms, mfu 1.31%
------average encoder activity 0.00000
-----------average decoder density 0.0000
step 100800: train loss 2.3144, val loss 2.2601
saving checkpoint to out-novel-char_LGT728D_4d06c3ce0eb6b62233f4128fdb1c3b0f
model:LGT728D iter 100800: loss 1.2960, time 3205.52ms, mfu 1.19%
model:LGT728D iter 100810: loss 1.4572, time 170.41ms, mfu 1.22%
model:LGT728D iter 100820: loss 1.5277, time 171.79ms, mfu 1.25%
model:LGT728D iter 100830: loss 1.4226, time 169.80ms, mfu 1.28%
model:LGT728D iter 100840: loss 1.2630, time 162.40ms, mfu 1.31%
------average encoder activity 0.00000
-----------average decoder density 0.0000
step 100850: train loss 2.2872, val loss 2.2495
saving checkpoint to out-novel-char_LGT728D_4d06c3ce0eb6b62233f4128fdb1c3b0f
model:LGT728D iter 100850: loss 1.4847, time 3114.94ms, mfu 1.19%
model:LGT728D iter 100860: loss 1.4604, time 169.05ms, mfu 1.23%
model:LGT728D iter 100870: loss 1.5133, time 166.07ms, mfu 1.26%
model:LGT728D iter 100880: loss 1.2986, time 169.38ms, mfu 1.29%
model:LGT728D iter 100890: loss 1.3965, time 155.15ms, mfu 1.33%
------average encoder activity 0.00000
-----------average decoder density 0.0000
step 100900: train loss 2.3011, val loss 2.2650
saving checkpoint to out-novel-char_LGT728D_4d06c3ce0eb6b62233f4128fdb1c3b0f
model:LGT728D iter 100900: loss 1.3899, time 3034.90ms, mfu 1.21%
model:LGT728D iter 100910: loss 1.4367, time 209.39ms, mfu 1.21%
model:LGT728D iter 100920: loss 1.4208, time 215.22ms, mfu 1.21%
model:LGT728D iter 100930: loss 1.3407, time 207.03ms, mfu 1.22%
model:LGT728D iter 100940: loss 1.4668, time 214.47ms, mfu 1.22%
------average encoder activity 0.00000
-----------average decoder density 0.0000
step 100950: train loss 2.3053, val loss 2.2542
saving checkpoint to out-novel-char_LGT728D_4d06c3ce0eb6b62233f4128fdb1c3b0f
model:LGT728D iter 100950: loss 1.2902, time 3161.43ms, mfu 1.10%
model:LGT728D iter 100960: loss 1.4775, time 204.21ms, mfu 1.12%
model:LGT728D iter 100970: loss 1.3778, time 162.20ms, mfu 1.17%
model:LGT728D iter 100980: loss 1.4789, time 167.53ms, mfu 1.21%
model:LGT728D iter 100990: loss 1.4432, time 168.16ms, mfu 1.24%
------average encoder activity 0.00000
-----------average decoder density 0.0000
step 101000: train loss 2.3009, val loss 2.2683
saving checkpoint to out-novel-char_LGT728D_4d06c3ce0eb6b62233f4128fdb1c3b0f
model:LGT728D iter 101000: loss 1.4548, time 3158.95ms, mfu 1.13%
model:LGT728D iter 101010: loss 1.6294, time 170.09ms, mfu 1.17%
model:LGT728D iter 101020: loss 1.4922, time 164.16ms, mfu 1.21%
model:LGT728D iter 101030: loss 1.3082, time 146.52ms, mfu 1.27%
model:LGT728D iter 101040: loss 1.4708, time 144.13ms, mfu 1.32%
------average encoder activity 0.00000
-----------average decoder density 0.0000
step 101050: train loss 2.2881, val loss 2.2457
saving checkpoint to out-novel-char_LGT728D_4d06c3ce0eb6b62233f4128fdb1c3b0f
model:LGT728D iter 101050: loss 1.4481, time 3112.41ms, mfu 1.20%
model:LGT728D iter 101060: loss 1.4263, time 207.35ms, mfu 1.21%
model:LGT728D iter 101070: loss 1.2693, time 205.97ms, mfu 1.21%
model:LGT728D iter 101080: loss 1.3745, time 159.56ms, mfu 1.26%
model:LGT728D iter 101090: loss 1.5323, time 155.74ms, mfu 1.30%
------average encoder activity 0.00000
-----------average decoder density 0.0000
step 101100: train loss 2.3032, val loss 2.2558
saving checkpoint to out-novel-char_LGT728D_4d06c3ce0eb6b62233f4128fdb1c3b0f
model:LGT728D iter 101100: loss 1.6369, time 2939.40ms, mfu 1.18%
model:LGT728D iter 101110: loss 1.4946, time 172.47ms, mfu 1.21%
model:LGT728D iter 101120: loss 1.3089, time 154.46ms, mfu 1.26%
model:LGT728D iter 101130: loss 1.4693, time 172.94ms, mfu 1.28%
model:LGT728D iter 101140: loss 1.4968, time 171.20ms, mfu 1.31%
------average encoder activity 0.00000
-----------average decoder density 0.0000
step 101150: train loss 2.2913, val loss 2.2601
saving checkpoint to out-novel-char_LGT728D_4d06c3ce0eb6b62233f4128fdb1c3b0f
model:LGT728D iter 101150: loss 1.5359, time 3148.66ms, mfu 1.19%
model:LGT728D iter 101160: loss 1.2280, time 216.13ms, mfu 1.19%
model:LGT728D iter 101170: loss 1.4354, time 229.50ms, mfu 1.18%
model:LGT728D iter 101180: loss 1.3952, time 225.17ms, mfu 1.18%
model:LGT728D iter 101190: loss 1.4967, time 173.33ms, mfu 1.21%
------average encoder activity 0.00000
-----------average decoder density 0.0000
step 101200: train loss 2.2989, val loss 2.2538
saving checkpoint to out-novel-char_LGT728D_4d06c3ce0eb6b62233f4128fdb1c3b0f
model:LGT728D iter 101200: loss 1.5383, time 3157.83ms, mfu 1.10%
model:LGT728D iter 101210: loss 1.6130, time 172.10ms, mfu 1.14%
model:LGT728D iter 101220: loss 1.3730, time 165.49ms, mfu 1.19%
model:LGT728D iter 101230: loss 1.3955, time 159.35ms, mfu 1.23%
model:LGT728D iter 101240: loss 1.4232, time 168.74ms, mfu 1.26%
------average encoder activity 0.00000
-----------average decoder density 0.0000
step 101250: train loss 2.2962, val loss 2.2408
saving checkpoint to out-novel-char_LGT728D_4d06c3ce0eb6b62233f4128fdb1c3b0f
model:LGT728D iter 101250: loss 1.3558, time 3126.31ms, mfu 1.15%
model:LGT728D iter 101260: loss 1.3324, time 152.57ms, mfu 1.20%
model:LGT728D iter 101270: loss 1.4781, time 159.60ms, mfu 1.25%
model:LGT728D iter 101280: loss 1.5145, time 153.18ms, mfu 1.29%
model:LGT728D iter 101290: loss 1.5366, time 144.82ms, mfu 1.34%
------average encoder activity 0.00000
-----------average decoder density 0.0000
step 101300: train loss 2.3070, val loss 2.2653
saving checkpoint to out-novel-char_LGT728D_4d06c3ce0eb6b62233f4128fdb1c3b0f
model:LGT728D iter 101300: loss 1.6740, time 2958.46ms, mfu 1.22%
model:LGT728D iter 101310: loss 1.4536, time 226.29ms, mfu 1.21%
model:LGT728D iter 101320: loss 1.3860, time 177.58ms, mfu 1.24%
model:LGT728D iter 101330: loss 1.3524, time 170.39ms, mfu 1.27%
model:LGT728D iter 101340: loss 1.4256, time 170.90ms, mfu 1.29%
------average encoder activity 0.00000
-----------average decoder density 0.0000
step 101350: train loss 2.2921, val loss 2.2403
saving checkpoint to out-novel-char_LGT728D_4d06c3ce0eb6b62233f4128fdb1c3b0f
model:LGT728D iter 101350: loss 1.4101, time 2957.71ms, mfu 1.17%
model:LGT728D iter 101360: loss 1.4633, time 144.38ms, mfu 1.24%
model:LGT728D iter 101370: loss 1.2686, time 160.52ms, mfu 1.28%
model:LGT728D iter 101380: loss 1.3012, time 152.61ms, mfu 1.32%
model:LGT728D iter 101390: loss 1.4022, time 160.04ms, mfu 1.35%
------average encoder activity 0.00000
-----------average decoder density 0.0000
step 101400: train loss 2.2856, val loss 2.2471
saving checkpoint to out-novel-char_LGT728D_4d06c3ce0eb6b62233f4128fdb1c3b0f
model:LGT728D iter 101400: loss 1.4303, time 3270.82ms, mfu 1.23%
model:LGT728D iter 101410: loss 1.2982, time 161.74ms, mfu 1.26%
model:LGT728D iter 101420: loss 1.3858, time 161.07ms, mfu 1.30%
model:LGT728D iter 101430: loss 1.4757, time 163.46ms, mfu 1.33%
model:LGT728D iter 101440: loss 1.4097, time 171.52ms, mfu 1.35%
------average encoder activity 0.00000
-----------average decoder density 0.0000
step 101450: train loss 2.2910, val loss 2.2472
saving checkpoint to out-novel-char_LGT728D_4d06c3ce0eb6b62233f4128fdb1c3b0f
model:LGT728D iter 101450: loss 1.4897, time 3107.89ms, mfu 1.22%
model:LGT728D iter 101460: loss 1.3583, time 207.19ms, mfu 1.23%
model:LGT728D iter 101470: loss 1.5025, time 158.09ms, mfu 1.27%
model:LGT728D iter 101480: loss 1.3171, time 152.24ms, mfu 1.32%
model:LGT728D iter 101490: loss 1.3574, time 144.33ms, mfu 1.36%
------average encoder activity 0.00000
-----------average decoder density 0.0000
step 101500: train loss 2.2726, val loss 2.2485
saving checkpoint to out-novel-char_LGT728D_4d06c3ce0eb6b62233f4128fdb1c3b0f
model:LGT728D iter 101500: loss 1.4865, time 3054.67ms, mfu 1.24%
model:LGT728D iter 101510: loss 1.4714, time 212.33ms, mfu 1.24%
model:LGT728D iter 101520: loss 1.6024, time 154.95ms, mfu 1.28%
model:LGT728D iter 101530: loss 1.4963, time 158.53ms, mfu 1.32%
model:LGT728D iter 101540: loss 1.3906, time 152.49ms, mfu 1.36%
------average encoder activity 0.00000
-----------average decoder density 0.0000
step 101550: train loss 2.2870, val loss 2.2393
saving checkpoint to out-novel-char_LGT728D_4d06c3ce0eb6b62233f4128fdb1c3b0f
model:LGT728D iter 101550: loss 1.3697, time 2901.39ms, mfu 1.23%
model:LGT728D iter 101560: loss 1.2516, time 202.03ms, mfu 1.24%
model:LGT728D iter 101570: loss 1.3637, time 167.98ms, mfu 1.27%
model:LGT728D iter 101580: loss 1.3864, time 166.24ms, mfu 1.30%
model:LGT728D iter 101590: loss 1.5273, time 153.31ms, mfu 1.34%
------average encoder activity 0.00000
-----------average decoder density 0.0000
step 101600: train loss 2.2881, val loss 2.2304
saving checkpoint to out-novel-char_LGT728D_4d06c3ce0eb6b62233f4128fdb1c3b0f
model:LGT728D iter 101600: loss 1.4266, time 3098.32ms, mfu 1.22%
model:LGT728D iter 101610: loss 1.2949, time 201.86ms, mfu 1.22%
model:LGT728D iter 101620: loss 1.5111, time 198.32ms, mfu 1.23%
model:LGT728D iter 101630: loss 1.4233, time 206.36ms, mfu 1.24%
model:LGT728D iter 101640: loss 1.3203, time 211.90ms, mfu 1.24%
------average encoder activity 0.00000
-----------average decoder density 0.0000
step 101650: train loss 2.2761, val loss 2.2327
saving checkpoint to out-novel-char_LGT728D_4d06c3ce0eb6b62233f4128fdb1c3b0f
model:LGT728D iter 101650: loss 1.4330, time 3200.75ms, mfu 1.12%
model:LGT728D iter 101660: loss 1.5514, time 174.50ms, mfu 1.16%
model:LGT728D iter 101670: loss 1.3662, time 161.68ms, mfu 1.20%
model:LGT728D iter 101680: loss 1.4742, time 161.96ms, mfu 1.25%
model:LGT728D iter 101690: loss 1.3686, time 166.37ms, mfu 1.28%
------average encoder activity 0.00000
-----------average decoder density 0.0000
step 101700: train loss 2.2678, val loss 2.2448
saving checkpoint to out-novel-char_LGT728D_4d06c3ce0eb6b62233f4128fdb1c3b0f
model:LGT728D iter 101700: loss 1.4390, time 3250.09ms, mfu 1.16%
model:LGT728D iter 101710: loss 1.4588, time 166.99ms, mfu 1.20%
model:LGT728D iter 101720: loss 1.4237, time 171.90ms, mfu 1.23%
model:LGT728D iter 101730: loss 1.5211, time 160.74ms, mfu 1.27%
model:LGT728D iter 101740: loss 1.4524, time 160.91ms, mfu 1.31%
------average encoder activity 0.00000
-----------average decoder density 0.0000
step 101750: train loss 2.2928, val loss 2.2557
saving checkpoint to out-novel-char_LGT728D_4d06c3ce0eb6b62233f4128fdb1c3b0f
model:LGT728D iter 101750: loss 1.3320, time 3102.99ms, mfu 1.18%
model:LGT728D iter 101760: loss 1.3106, time 198.04ms, mfu 1.20%
model:LGT728D iter 101770: loss 1.4234, time 170.94ms, mfu 1.23%
model:LGT728D iter 101780: loss 1.4939, time 176.34ms, mfu 1.26%
model:LGT728D iter 101790: loss 1.3809, time 168.74ms, mfu 1.29%
------average encoder activity 0.00000
-----------average decoder density 0.0000
step 101800: train loss 2.2907, val loss 2.2525
saving checkpoint to out-novel-char_LGT728D_4d06c3ce0eb6b62233f4128fdb1c3b0f
model:LGT728D iter 101800: loss 1.3933, time 2940.41ms, mfu 1.17%
model:LGT728D iter 101810: loss 1.4062, time 230.96ms, mfu 1.16%
model:LGT728D iter 101820: loss 1.4837, time 169.17ms, mfu 1.20%
model:LGT728D iter 101830: loss 1.4575, time 157.86ms, mfu 1.25%
model:LGT728D iter 101840: loss 1.4026, time 156.87ms, mfu 1.29%
------average encoder activity 0.00000
-----------average decoder density 0.0000
step 101850: train loss 2.2802, val loss 2.2398
saving checkpoint to out-novel-char_LGT728D_4d06c3ce0eb6b62233f4128fdb1c3b0f
model:LGT728D iter 101850: loss 1.4323, time 3345.30ms, mfu 1.17%
model:LGT728D iter 101860: loss 1.4674, time 211.77ms, mfu 1.18%
model:LGT728D iter 101870: loss 1.3770, time 209.40ms, mfu 1.18%
model:LGT728D iter 101880: loss 1.5099, time 232.49ms, mfu 1.18%
model:LGT728D iter 101890: loss 1.4158, time 233.52ms, mfu 1.17%
------average encoder activity 0.00000
-----------average decoder density 0.0000
step 101900: train loss 2.2954, val loss 2.2529
saving checkpoint to out-novel-char_LGT728D_4d06c3ce0eb6b62233f4128fdb1c3b0f
model:LGT728D iter 101900: loss 1.4169, time 3984.26ms, mfu 1.06%
model:LGT728D iter 101910: loss 1.5273, time 202.52ms, mfu 1.08%
model:LGT728D iter 101920: loss 1.4982, time 157.39ms, mfu 1.14%
model:LGT728D iter 101930: loss 1.3845, time 160.90ms, mfu 1.19%
model:LGT728D iter 101940: loss 1.3877, time 227.74ms, mfu 1.19%
------average encoder activity 0.00000
-----------average decoder density 0.0000
step 101950: train loss 2.2858, val loss 2.2533
saving checkpoint to out-novel-char_LGT728D_4d06c3ce0eb6b62233f4128fdb1c3b0f
model:LGT728D iter 101950: loss 1.4945, time 3922.14ms, mfu 1.07%
model:LGT728D iter 101960: loss 1.3582, time 239.87ms, mfu 1.08%
model:LGT728D iter 101970: loss 1.4951, time 232.51ms, mfu 1.08%
model:LGT728D iter 101980: loss 1.4474, time 215.36ms, mfu 1.09%
model:LGT728D iter 101990: loss 1.4971, time 175.57ms, mfu 1.13%
------average encoder activity 0.00000
-----------average decoder density 0.0000
step 102000: train loss 2.2731, val loss 2.2501
saving checkpoint to out-novel-char_LGT728D_4d06c3ce0eb6b62233f4128fdb1c3b0f
model:LGT728D iter 102000: loss 1.5081, time 3934.58ms, mfu 1.03%
model:LGT728D iter 102010: loss 1.4855, time 184.85ms, mfu 1.07%
model:LGT728D iter 102020: loss 1.4705, time 186.93ms, mfu 1.10%
model:LGT728D iter 102030: loss 1.6469, time 246.00ms, mfu 1.10%
model:LGT728D iter 102040: loss 1.4984, time 227.77ms, mfu 1.10%
------average encoder activity 0.00000
-----------average decoder density 0.0000
step 102050: train loss 2.2861, val loss 2.2555
saving checkpoint to out-novel-char_LGT728D_4d06c3ce0eb6b62233f4128fdb1c3b0f
model:LGT728D iter 102050: loss 1.3939, time 3646.97ms, mfu 1.00%
model:LGT728D iter 102060: loss 1.4501, time 178.82ms, mfu 1.04%
model:LGT728D iter 102070: loss 1.4906, time 182.29ms, mfu 1.08%
model:LGT728D iter 102080: loss 1.5743, time 244.65ms, mfu 1.08%
model:LGT728D iter 102090: loss 1.6203, time 208.05ms, mfu 1.10%
------average encoder activity 0.00000
-----------average decoder density 0.0000
step 102100: train loss 2.2725, val loss 2.2378
saving checkpoint to out-novel-char_LGT728D_4d06c3ce0eb6b62233f4128fdb1c3b0f
model:LGT728D iter 102100: loss 1.5242, time 3578.36ms, mfu 1.00%
model:LGT728D iter 102110: loss 1.5783, time 181.16ms, mfu 1.04%
model:LGT728D iter 102120: loss 1.5428, time 185.89ms, mfu 1.08%
model:LGT728D iter 102130: loss 1.3743, time 236.93ms, mfu 1.08%
model:LGT728D iter 102140: loss 1.4795, time 235.49ms, mfu 1.08%
------average encoder activity 0.00000
-----------average decoder density 0.0000
step 102150: train loss 2.2687, val loss 2.2364
saving checkpoint to out-novel-char_LGT728D_4d06c3ce0eb6b62233f4128fdb1c3b0f
model:LGT728D iter 102150: loss 1.5262, time 3951.27ms, mfu 0.98%
model:LGT728D iter 102160: loss 1.4731, time 216.91ms, mfu 1.00%
model:LGT728D iter 102170: loss 1.5238, time 225.11ms, mfu 1.02%
model:LGT728D iter 102180: loss 1.3136, time 224.74ms, mfu 1.03%
model:LGT728D iter 102190: loss 1.4732, time 229.62ms, mfu 1.05%
------average encoder activity 0.00000
-----------average decoder density 0.0000
step 102200: train loss 2.2618, val loss 2.2329
saving checkpoint to out-novel-char_LGT728D_4d06c3ce0eb6b62233f4128fdb1c3b0f
model:LGT728D iter 102200: loss 1.5316, time 4021.54ms, mfu 0.95%
model:LGT728D iter 102210: loss 1.4792, time 158.69ms, mfu 1.02%
model:LGT728D iter 102220: loss 1.4706, time 154.31ms, mfu 1.09%
model:LGT728D iter 102230: loss 1.4341, time 171.54ms, mfu 1.13%
model:LGT728D iter 102240: loss 1.5956, time 170.40ms, mfu 1.17%
------average encoder activity 0.00000
-----------average decoder density 0.0000
step 102250: train loss 2.2817, val loss 2.2461
saving checkpoint to out-novel-char_LGT728D_4d06c3ce0eb6b62233f4128fdb1c3b0f
model:LGT728D iter 102250: loss 1.5374, time 3910.28ms, mfu 1.06%
model:LGT728D iter 102260: loss 1.3516, time 220.55ms, mfu 1.07%
model:LGT728D iter 102270: loss 1.4323, time 153.43ms, mfu 1.14%
model:LGT728D iter 102280: loss 1.4128, time 161.88ms, mfu 1.18%
model:LGT728D iter 102290: loss 1.4540, time 158.39ms, mfu 1.23%
------average encoder activity 0.00000
-----------average decoder density 0.0000
step 102300: train loss 2.2749, val loss 2.2491
saving checkpoint to out-novel-char_LGT728D_4d06c3ce0eb6b62233f4128fdb1c3b0f
model:LGT728D iter 102300: loss 1.4675, time 3912.72ms, mfu 1.11%
model:LGT728D iter 102310: loss 1.3316, time 216.23ms, mfu 1.12%
model:LGT728D iter 102320: loss 1.3674, time 225.37ms, mfu 1.13%
model:LGT728D iter 102330: loss 1.2291, time 190.39ms, mfu 1.15%
model:LGT728D iter 102340: loss 1.4885, time 219.93ms, mfu 1.16%
------average encoder activity 0.00000
-----------average decoder density 0.0000
step 102350: train loss 2.2712, val loss 2.2420
saving checkpoint to out-novel-char_LGT728D_4d06c3ce0eb6b62233f4128fdb1c3b0f
model:LGT728D iter 102350: loss 1.4336, time 3379.22ms, mfu 1.05%
model:LGT728D iter 102360: loss 1.4629, time 222.97ms, mfu 1.06%
model:LGT728D iter 102370: loss 1.5341, time 180.63ms, mfu 1.10%
model:LGT728D iter 102380: loss 1.3392, time 215.31ms, mfu 1.11%
model:LGT728D iter 102390: loss 1.7504, time 217.83ms, mfu 1.12%
------average encoder activity 0.00000
-----------average decoder density 0.0000
step 102400: train loss 2.2641, val loss 2.2309
saving checkpoint to out-novel-char_LGT728D_4d06c3ce0eb6b62233f4128fdb1c3b0f
model:LGT728D iter 102400: loss 1.5308, time 3501.54ms, mfu 1.02%
model:LGT728D iter 102410: loss 1.5388, time 221.16ms, mfu 1.03%
model:LGT728D iter 102420: loss 1.2942, time 235.18ms, mfu 1.04%
model:LGT728D iter 102430: loss 1.4842, time 223.57ms, mfu 1.05%
model:LGT728D iter 102440: loss 1.4898, time 220.19ms, mfu 1.07%
------average encoder activity 0.00000
-----------average decoder density 0.0000
step 102450: train loss 2.2774, val loss 2.2385
saving checkpoint to out-novel-char_LGT728D_4d06c3ce0eb6b62233f4128fdb1c3b0f
model:LGT728D iter 102450: loss 1.4607, time 3775.23ms, mfu 0.97%
model:LGT728D iter 102460: loss 1.2967, time 153.24ms, mfu 1.04%
model:LGT728D iter 102470: loss 1.3800, time 160.18ms, mfu 1.10%
model:LGT728D iter 102480: loss 1.4946, time 220.74ms, mfu 1.11%
model:LGT728D iter 102490: loss 1.4388, time 175.02ms, mfu 1.15%
------average encoder activity 0.00000
-----------average decoder density 0.0000
step 102500: train loss 2.2851, val loss 2.2572
saving checkpoint to out-novel-char_LGT728D_4d06c3ce0eb6b62233f4128fdb1c3b0f
model:LGT728D iter 102500: loss 1.5455, time 3844.65ms, mfu 1.04%
model:LGT728D iter 102510: loss 1.5252, time 232.25ms, mfu 1.05%
model:LGT728D iter 102520: loss 1.3568, time 232.78ms, mfu 1.06%
model:LGT728D iter 102530: loss 1.3059, time 221.89ms, mfu 1.07%
model:LGT728D iter 102540: loss 1.4870, time 154.98ms, mfu 1.13%
------average encoder activity 0.00000
-----------average decoder density 0.0000
step 102550: train loss 2.2768, val loss 2.2495
saving checkpoint to out-novel-char_LGT728D_4d06c3ce0eb6b62233f4128fdb1c3b0f
model:LGT728D iter 102550: loss 1.3143, time 3822.32ms, mfu 1.02%
model:LGT728D iter 102560: loss 1.3779, time 213.93ms, mfu 1.04%
model:LGT728D iter 102570: loss 1.6992, time 232.59ms, mfu 1.05%
model:LGT728D iter 102580: loss 1.4063, time 235.29ms, mfu 1.06%
model:LGT728D iter 102590: loss 1.4308, time 205.09ms, mfu 1.08%
------average encoder activity 0.00000
-----------average decoder density 0.0000
step 102600: train loss 2.2738, val loss 2.2399
saving checkpoint to out-novel-char_LGT728D_4d06c3ce0eb6b62233f4128fdb1c3b0f
model:LGT728D iter 102600: loss 1.3846, time 3645.85ms, mfu 0.98%
model:LGT728D iter 102610: loss 1.5632, time 223.14ms, mfu 1.00%
model:LGT728D iter 102620: loss 1.5097, time 234.25ms, mfu 1.01%
model:LGT728D iter 102630: loss 1.3740, time 227.93ms, mfu 1.02%
model:LGT728D iter 102640: loss 1.4841, time 211.24ms, mfu 1.05%
------average encoder activity 0.00000
-----------average decoder density 0.0000
step 102650: train loss 2.2581, val loss 2.2336
saving checkpoint to out-novel-char_LGT728D_4d06c3ce0eb6b62233f4128fdb1c3b0f
model:LGT728D iter 102650: loss 1.3381, time 3350.09ms, mfu 0.95%
model:LGT728D iter 102660: loss 1.2781, time 232.10ms, mfu 0.97%
model:LGT728D iter 102670: loss 1.4862, time 228.56ms, mfu 0.98%
model:LGT728D iter 102680: loss 1.4484, time 225.47ms, mfu 1.00%
model:LGT728D iter 102690: loss 1.4224, time 237.30ms, mfu 1.01%
------average encoder activity 0.00000
-----------average decoder density 0.0000
step 102700: train loss 2.2750, val loss 2.2387
saving checkpoint to out-novel-char_LGT728D_4d06c3ce0eb6b62233f4128fdb1c3b0f
model:LGT728D iter 102700: loss 1.2721, time 3193.23ms, mfu 0.92%
model:LGT728D iter 102710: loss 1.7012, time 238.88ms, mfu 0.94%
model:LGT728D iter 102720: loss 1.4776, time 234.70ms, mfu 0.95%
model:LGT728D iter 102730: loss 1.3322, time 180.24ms, mfu 1.00%
model:LGT728D iter 102740: loss 1.5279, time 176.40ms, mfu 1.05%
------average encoder activity 0.00000
-----------average decoder density 0.0000
step 102750: train loss 2.2798, val loss 2.2569
saving checkpoint to out-novel-char_LGT728D_4d06c3ce0eb6b62233f4128fdb1c3b0f
model:LGT728D iter 102750: loss 1.3446, time 3767.20ms, mfu 0.95%
model:LGT728D iter 102760: loss 1.4355, time 173.83ms, mfu 1.01%
model:LGT728D iter 102770: loss 1.3055, time 171.09ms, mfu 1.06%
model:LGT728D iter 102780: loss 1.5384, time 179.11ms, mfu 1.10%
model:LGT728D iter 102790: loss 1.3687, time 225.14ms, mfu 1.11%
------average encoder activity 0.00000
-----------average decoder density 0.0000
step 102800: train loss 2.2762, val loss 2.2459
saving checkpoint to out-novel-char_LGT728D_4d06c3ce0eb6b62233f4128fdb1c3b0f
model:LGT728D iter 102800: loss 1.3448, time 3967.44ms, mfu 1.00%
model:LGT728D iter 102810: loss 1.3578, time 227.05ms, mfu 1.02%
model:LGT728D iter 102820: loss 1.4234, time 207.82ms, mfu 1.04%
model:LGT728D iter 102830: loss 1.4540, time 204.03ms, mfu 1.07%
model:LGT728D iter 102840: loss 1.4811, time 227.56ms, mfu 1.07%
------average encoder activity 0.00000
-----------average decoder density 0.0000
step 102850: train loss 2.2832, val loss 2.2413
saving checkpoint to out-novel-char_LGT728D_4d06c3ce0eb6b62233f4128fdb1c3b0f
model:LGT728D iter 102850: loss 1.4706, time 3963.66ms, mfu 0.97%
model:LGT728D iter 102860: loss 1.3677, time 234.42ms, mfu 0.99%
model:LGT728D iter 102870: loss 1.4138, time 229.27ms, mfu 1.00%
model:LGT728D iter 102880: loss 1.6126, time 227.41ms, mfu 1.02%
model:LGT728D iter 102890: loss 1.3979, time 230.41ms, mfu 1.03%
------average encoder activity 0.00000
-----------average decoder density 0.0000
step 102900: train loss 2.2845, val loss 2.2402
saving checkpoint to out-novel-char_LGT728D_4d06c3ce0eb6b62233f4128fdb1c3b0f
model:LGT728D iter 102900: loss 1.3677, time 3975.64ms, mfu 0.93%
model:LGT728D iter 102910: loss 1.4694, time 239.88ms, mfu 0.95%
model:LGT728D iter 102920: loss 1.4642, time 227.00ms, mfu 0.97%
model:LGT728D iter 102930: loss 1.4576, time 225.70ms, mfu 0.99%
model:LGT728D iter 102940: loss 1.6244, time 246.38ms, mfu 1.00%
------average encoder activity 0.00000
-----------average decoder density 0.0000
step 102950: train loss 2.2588, val loss 2.2271
saving checkpoint to out-novel-char_LGT728D_4d06c3ce0eb6b62233f4128fdb1c3b0f
model:LGT728D iter 102950: loss 1.4820, time 3962.39ms, mfu 0.90%
model:LGT728D iter 102960: loss 1.3952, time 235.63ms, mfu 0.92%
model:LGT728D iter 102970: loss 1.5724, time 221.22ms, mfu 0.95%
model:LGT728D iter 102980: loss 1.4854, time 171.12ms, mfu 1.01%
model:LGT728D iter 102990: loss 1.3283, time 176.13ms, mfu 1.06%
------average encoder activity 0.00000
-----------average decoder density 0.0000
step 103000: train loss 2.2691, val loss 2.2485
saving checkpoint to out-novel-char_LGT728D_4d06c3ce0eb6b62233f4128fdb1c3b0f
model:LGT728D iter 103000: loss 1.4186, time 3885.13ms, mfu 0.96%
model:LGT728D iter 103010: loss 1.4855, time 234.25ms, mfu 0.97%
model:LGT728D iter 103020: loss 1.4702, time 243.22ms, mfu 0.98%
model:LGT728D iter 103030: loss 1.4270, time 238.27ms, mfu 0.99%
model:LGT728D iter 103040: loss 1.3014, time 225.73ms, mfu 1.01%
------average encoder activity 0.00000
-----------average decoder density 0.0000
step 103050: train loss 2.2780, val loss 2.2324
saving checkpoint to out-novel-char_LGT728D_4d06c3ce0eb6b62233f4128fdb1c3b0f
model:LGT728D iter 103050: loss 1.5773, time 3721.15ms, mfu 0.92%
model:LGT728D iter 103060: loss 1.4489, time 243.61ms, mfu 0.93%
model:LGT728D iter 103070: loss 1.5459, time 238.17ms, mfu 0.95%
model:LGT728D iter 103080: loss 1.4999, time 233.29ms, mfu 0.97%
model:LGT728D iter 103090: loss 1.3453, time 174.46ms, mfu 1.02%
------average encoder activity 0.00000
-----------average decoder density 0.0000
step 103100: train loss 2.2632, val loss 2.2345
saving checkpoint to out-novel-char_LGT728D_4d06c3ce0eb6b62233f4128fdb1c3b0f
model:LGT728D iter 103100: loss 1.4678, time 3487.93ms, mfu 0.93%
model:LGT728D iter 103110: loss 1.5209, time 227.09ms, mfu 0.95%
model:LGT728D iter 103120: loss 1.3742, time 228.25ms, mfu 0.97%
model:LGT728D iter 103130: loss 1.3379, time 233.40ms, mfu 0.98%
model:LGT728D iter 103140: loss 1.4617, time 227.91ms, mfu 1.00%
------average encoder activity 0.00000
-----------average decoder density 0.0000
step 103150: train loss 2.2641, val loss 2.2414
saving checkpoint to out-novel-char_LGT728D_4d06c3ce0eb6b62233f4128fdb1c3b0f
model:LGT728D iter 103150: loss 1.5749, time 3346.82ms, mfu 0.91%
model:LGT728D iter 103160: loss 1.2701, time 232.85ms, mfu 0.93%
model:LGT728D iter 103170: loss 1.4587, time 221.48ms, mfu 0.95%
model:LGT728D iter 103180: loss 1.4043, time 224.39ms, mfu 0.98%
model:LGT728D iter 103190: loss 1.4381, time 224.68ms, mfu 0.99%
------average encoder activity 0.00000
-----------average decoder density 0.0000
step 103200: train loss 2.2553, val loss 2.2253
saving checkpoint to out-novel-char_LGT728D_4d06c3ce0eb6b62233f4128fdb1c3b0f
model:LGT728D iter 103200: loss 1.3745, time 3617.75ms, mfu 0.90%
model:LGT728D iter 103210: loss 1.3413, time 207.68ms, mfu 0.94%
model:LGT728D iter 103220: loss 1.3903, time 229.50ms, mfu 0.96%
model:LGT728D iter 103230: loss 1.3618, time 241.55ms, mfu 0.97%
model:LGT728D iter 103240: loss 1.4309, time 228.78ms, mfu 0.99%
------average encoder activity 0.00000
-----------average decoder density 0.0000
step 103250: train loss 2.2588, val loss 2.2204
saving checkpoint to out-novel-char_LGT728D_4d06c3ce0eb6b62233f4128fdb1c3b0f
model:LGT728D iter 103250: loss 1.3303, time 3806.78ms, mfu 0.90%
model:LGT728D iter 103260: loss 1.4463, time 218.72ms, mfu 0.93%
model:LGT728D iter 103270: loss 1.2363, time 229.89ms, mfu 0.95%
model:LGT728D iter 103280: loss 1.4744, time 221.07ms, mfu 0.97%
model:LGT728D iter 103290: loss 1.3944, time 228.45ms, mfu 0.99%
------average encoder activity 0.00000
-----------average decoder density 0.0000
step 103300: train loss 2.2704, val loss 2.2435
saving checkpoint to out-novel-char_LGT728D_4d06c3ce0eb6b62233f4128fdb1c3b0f
model:LGT728D iter 103300: loss 1.3739, time 3753.21ms, mfu 0.90%
model:LGT728D iter 103310: loss 1.4245, time 218.92ms, mfu 0.93%
model:LGT728D iter 103320: loss 1.3576, time 215.08ms, mfu 0.96%
model:LGT728D iter 103330: loss 1.3058, time 228.23ms, mfu 0.97%
model:LGT728D iter 103340: loss 1.7682, time 221.46ms, mfu 1.00%
------average encoder activity 0.00000
-----------average decoder density 0.0000
step 103350: train loss 2.2773, val loss 2.2428
saving checkpoint to out-novel-char_LGT728D_4d06c3ce0eb6b62233f4128fdb1c3b0f
model:LGT728D iter 103350: loss 1.4793, time 4187.01ms, mfu 0.90%
model:LGT728D iter 103360: loss 1.3524, time 226.35ms, mfu 0.93%
Overriding config with config/train_novel_char.py:
# train a miniature character-level shakespeare model
# good for debugging and playing on macbooks and such

out_dir = 'out-novel-char'
eval_interval = 250 # keep frequent because we'll overfit
eval_iters = 200
log_interval = 10 # don't print too too often

# we expect to overfit on this small dataset, so only save when val improves
always_save_checkpoint = False

wandb_log = False # override via command line if you like
wandb_project = 'novel'
wandb_run_name = 'novel'

dataset = 'novel_char'
# gradient_accumulation_steps = 1
# gradient_accumulation_steps = 6
gradient_accumulation_steps = 12
batch_size = 12
# block_size = 256 # context of up to 256 previous characters
# block_size = 256 # context of up to 256 previous characters
block_size = 64 # context of up to 256 previous characters

# baby GPT model :)
n_layer = 6
n_head = 6
n_embd = 384
# n_embd = 182
dropout = 0.2

# learning_rate = 1e-3 # with baby networks can afford to go a bit higher
learning_rate = 1e-4 # with baby networks can afford to go a bit higher

# max_iters = 5000
# lr_decay_iters = 5000 # make equal to max_iters usually

max_iters = 500000
lr_decay_iters = 500000 # make equal to max_iters usually

min_lr = 1e-5 # learning_rate / 10 usually
beta2 = 0.99 # make a bit bigger because number of tokens per iter is small

warmup_iters = 100 # not super necessary potentially

# on macbook also add
# device = 'cpu'  # run on cpu only
# compile = False # do not torch compile the model
# init_from ='resume'


'''
python3 -u sample.py config/train_novel.py --out_dir=out-novel-word_CCM232_c85667cd6eadbcf772d23fa97827c506 --model=CCM232
python3 -u sample.py config/train_novel.py --out_dir=out-novel-word_CCM251_4bfeb7b3e1b9c46a2542bb9406173e22 --model=CCM251
python3 -u sample.py config/train_novel.py --out_dir=out-novel-word_CCM253_01b622029bb00e0dc9206cae3b0ab559 --model=CCM253 
python3 -u sample.py config/train_novel.py --out_dir=out-novel-word_CCM276_01b622029bb00e0dc9206cae3b0ab559 --model=CCM276
python3 -u sample.py config/train_novel.py --out_dir=out-novel-word_CCM278_a97bfe077b316033e3604831d5ad371e --model=CCM278
python3 -u sample.py config/train_novel.py --out_dir=out-novel-word_CCM305_52efa1def80492f81622f536ac701226 --model=CCM305


out-novel-word_CCM276_01b622029bb00e0dc9206cae3b0ab559

'''
#### python3 -u sample.py config/train_novel.py --out_dir=out-novel-word_CCM232_c85667cd6eadbcf772d23fa97827c506 --model=CCM232
Overriding: init_from = resume
Overriding: compile = False
Overriding: model = LGT728D
Overriding: n_layer = 8
Overriding: n_head = 6
Overriding: share_layer = False
Overriding: always_save_checkpoint = True
Overriding: max_iters = 2500999
Overriding: best_val_loss_force = 10.001
Overriding: min_lr = 1e-05
Overriding: dropout = 0.0
Overriding: eval_interval = 50
Overriding: force_resave = 0
Overriding: random_seed = 3
tokens per iteration will be: 9,216
found vocab_size = 6105 (inside data/novel_char/meta.pkl)
out_dir: out-novel-char_LGT728D_4d06c3ce0eb6b62233f4128fdb1c3b0f
Resuming training from out-novel-char_LGT728D_4d06c3ce0eb6b62233f4128fdb1c3b0f
WARNING: using slow attention. Flash Attention requires PyTorch >= 2.0
WARNING: using slow attention. Flash Attention requires PyTorch >= 2.0
WARNING: using slow attention. Flash Attention requires PyTorch >= 2.0
WARNING: using slow attention. Flash Attention requires PyTorch >= 2.0
num decayed parameter tensors: 23, with 12,041,856 parameters
num non-decayed parameter tensors: 16, with 2,363,521 parameters
using fused AdamW: True
Traceback (most recent call last):
  File "train.py", line 313, in <module>
    losses = estimate_loss()
  File "train.py", line 272, in estimate_loss
    logits, loss = model(X, Y)
  File "/root/miniconda3/lib/python3.8/site-packages/torch/nn/modules/module.py", line 1501, in _call_impl
    return forward_call(*args, **kwargs)
  File "/root/ccm/model.py", line 54807, in forward
    xd, vmsqd = block(x,x, vlora=pre_emb, return_dict=True, )
ValueError: too many values to unpack (expected 2)
Overriding config with config/train_novel_char.py:
# train a miniature character-level shakespeare model
# good for debugging and playing on macbooks and such

out_dir = 'out-novel-char'
eval_interval = 250 # keep frequent because we'll overfit
eval_iters = 200
log_interval = 10 # don't print too too often

# we expect to overfit on this small dataset, so only save when val improves
always_save_checkpoint = False

wandb_log = False # override via command line if you like
wandb_project = 'novel'
wandb_run_name = 'novel'

dataset = 'novel_char'
# gradient_accumulation_steps = 1
# gradient_accumulation_steps = 6
gradient_accumulation_steps = 12
batch_size = 12
# block_size = 256 # context of up to 256 previous characters
# block_size = 256 # context of up to 256 previous characters
block_size = 64 # context of up to 256 previous characters

# baby GPT model :)
n_layer = 6
n_head = 6
n_embd = 384
# n_embd = 182
dropout = 0.2

# learning_rate = 1e-3 # with baby networks can afford to go a bit higher
learning_rate = 1e-4 # with baby networks can afford to go a bit higher

# max_iters = 5000
# lr_decay_iters = 5000 # make equal to max_iters usually

max_iters = 500000
lr_decay_iters = 500000 # make equal to max_iters usually

min_lr = 1e-5 # learning_rate / 10 usually
beta2 = 0.99 # make a bit bigger because number of tokens per iter is small

warmup_iters = 100 # not super necessary potentially

# on macbook also add
# device = 'cpu'  # run on cpu only
# compile = False # do not torch compile the model
# init_from ='resume'


'''
python3 -u sample.py config/train_novel.py --out_dir=out-novel-word_CCM232_c85667cd6eadbcf772d23fa97827c506 --model=CCM232
python3 -u sample.py config/train_novel.py --out_dir=out-novel-word_CCM251_4bfeb7b3e1b9c46a2542bb9406173e22 --model=CCM251
python3 -u sample.py config/train_novel.py --out_dir=out-novel-word_CCM253_01b622029bb00e0dc9206cae3b0ab559 --model=CCM253 
python3 -u sample.py config/train_novel.py --out_dir=out-novel-word_CCM276_01b622029bb00e0dc9206cae3b0ab559 --model=CCM276
python3 -u sample.py config/train_novel.py --out_dir=out-novel-word_CCM278_a97bfe077b316033e3604831d5ad371e --model=CCM278
python3 -u sample.py config/train_novel.py --out_dir=out-novel-word_CCM305_52efa1def80492f81622f536ac701226 --model=CCM305


out-novel-word_CCM276_01b622029bb00e0dc9206cae3b0ab559

'''
#### python3 -u sample.py config/train_novel.py --out_dir=out-novel-word_CCM232_c85667cd6eadbcf772d23fa97827c506 --model=CCM232
Overriding: init_from = resume
Overriding: compile = False
Overriding: model = LGT728D
Overriding: n_layer = 8
Overriding: n_head = 6
Overriding: share_layer = False
Overriding: always_save_checkpoint = True
Overriding: max_iters = 2500999
Overriding: best_val_loss_force = 10.001
Overriding: min_lr = 1e-05
Overriding: dropout = 0.0
Overriding: eval_interval = 50
Overriding: force_resave = 0
Overriding: random_seed = 3
tokens per iteration will be: 9,216
found vocab_size = 6105 (inside data/novel_char/meta.pkl)
out_dir: out-novel-char_LGT728D_4d06c3ce0eb6b62233f4128fdb1c3b0f
Resuming training from out-novel-char_LGT728D_4d06c3ce0eb6b62233f4128fdb1c3b0f
WARNING: using slow attention. Flash Attention requires PyTorch >= 2.0
WARNING: using slow attention. Flash Attention requires PyTorch >= 2.0
WARNING: using slow attention. Flash Attention requires PyTorch >= 2.0
WARNING: using slow attention. Flash Attention requires PyTorch >= 2.0
num decayed parameter tensors: 23, with 12,041,856 parameters
num non-decayed parameter tensors: 16, with 2,363,521 parameters
using fused AdamW: True
------average encoder activity 0.00000
Traceback (most recent call last):
  File "train.py", line 313, in <module>
    losses = estimate_loss()
  File "train.py", line 272, in estimate_loss
    logits, loss = model(X, Y)
  File "/root/miniconda3/lib/python3.8/site-packages/torch/nn/modules/module.py", line 1501, in _call_impl
    return forward_call(*args, **kwargs)
  File "/root/ccm/model.py", line 54858, in forward
    logits, lpy, vmsq, latent_act = self._decode_with_prefix(
  File "/root/ccm/model.py", line 54609, in _decode_with_prefix
    act[:,i] = xd.act
RuntimeError: expand(torch.cuda.FloatTensor{[12, 64, 1536]}, size=[12]): the number of sizes provided (1) must be greater or equal to the number of dimensions in the tensor (3)
Overriding config with config/train_novel_char.py:
# train a miniature character-level shakespeare model
# good for debugging and playing on macbooks and such

out_dir = 'out-novel-char'
eval_interval = 250 # keep frequent because we'll overfit
eval_iters = 200
log_interval = 10 # don't print too too often

# we expect to overfit on this small dataset, so only save when val improves
always_save_checkpoint = False

wandb_log = False # override via command line if you like
wandb_project = 'novel'
wandb_run_name = 'novel'

dataset = 'novel_char'
# gradient_accumulation_steps = 1
# gradient_accumulation_steps = 6
gradient_accumulation_steps = 12
batch_size = 12
# block_size = 256 # context of up to 256 previous characters
# block_size = 256 # context of up to 256 previous characters
block_size = 64 # context of up to 256 previous characters

# baby GPT model :)
n_layer = 6
n_head = 6
n_embd = 384
# n_embd = 182
dropout = 0.2

# learning_rate = 1e-3 # with baby networks can afford to go a bit higher
learning_rate = 1e-4 # with baby networks can afford to go a bit higher

# max_iters = 5000
# lr_decay_iters = 5000 # make equal to max_iters usually

max_iters = 500000
lr_decay_iters = 500000 # make equal to max_iters usually

min_lr = 1e-5 # learning_rate / 10 usually
beta2 = 0.99 # make a bit bigger because number of tokens per iter is small

warmup_iters = 100 # not super necessary potentially

# on macbook also add
# device = 'cpu'  # run on cpu only
# compile = False # do not torch compile the model
# init_from ='resume'


'''
python3 -u sample.py config/train_novel.py --out_dir=out-novel-word_CCM232_c85667cd6eadbcf772d23fa97827c506 --model=CCM232
python3 -u sample.py config/train_novel.py --out_dir=out-novel-word_CCM251_4bfeb7b3e1b9c46a2542bb9406173e22 --model=CCM251
python3 -u sample.py config/train_novel.py --out_dir=out-novel-word_CCM253_01b622029bb00e0dc9206cae3b0ab559 --model=CCM253 
python3 -u sample.py config/train_novel.py --out_dir=out-novel-word_CCM276_01b622029bb00e0dc9206cae3b0ab559 --model=CCM276
python3 -u sample.py config/train_novel.py --out_dir=out-novel-word_CCM278_a97bfe077b316033e3604831d5ad371e --model=CCM278
python3 -u sample.py config/train_novel.py --out_dir=out-novel-word_CCM305_52efa1def80492f81622f536ac701226 --model=CCM305


out-novel-word_CCM276_01b622029bb00e0dc9206cae3b0ab559

'''
#### python3 -u sample.py config/train_novel.py --out_dir=out-novel-word_CCM232_c85667cd6eadbcf772d23fa97827c506 --model=CCM232
Overriding: init_from = resume
Overriding: compile = False
Overriding: model = LGT728D
Overriding: n_layer = 8
Overriding: n_head = 6
Overriding: share_layer = False
Overriding: always_save_checkpoint = True
Overriding: max_iters = 2500999
Overriding: best_val_loss_force = 10.001
Overriding: min_lr = 1e-05
Overriding: dropout = 0.0
Overriding: eval_interval = 50
Overriding: force_resave = 0
Overriding: random_seed = 3
tokens per iteration will be: 9,216
found vocab_size = 6105 (inside data/novel_char/meta.pkl)
out_dir: out-novel-char_LGT728D_4d06c3ce0eb6b62233f4128fdb1c3b0f
Resuming training from out-novel-char_LGT728D_4d06c3ce0eb6b62233f4128fdb1c3b0f
WARNING: using slow attention. Flash Attention requires PyTorch >= 2.0
WARNING: using slow attention. Flash Attention requires PyTorch >= 2.0
WARNING: using slow attention. Flash Attention requires PyTorch >= 2.0
WARNING: using slow attention. Flash Attention requires PyTorch >= 2.0
num decayed parameter tensors: 23, with 12,041,856 parameters
num non-decayed parameter tensors: 16, with 2,363,521 parameters
using fused AdamW: True
------average encoder activity 0.00000
Traceback (most recent call last):
  File "train.py", line 313, in <module>
    losses = estimate_loss()
  File "train.py", line 272, in estimate_loss
    logits, loss = model(X, Y)
  File "/root/miniconda3/lib/python3.8/site-packages/torch/nn/modules/module.py", line 1501, in _call_impl
    return forward_call(*args, **kwargs)
  File "/root/ccm/model.py", line 54858, in forward
    logits, lpy, vmsq, latent_act = self._decode_with_prefix(
  File "/root/ccm/model.py", line 54609, in _decode_with_prefix
    act[:,i] = xd.act[:,lseg:].mean(1)
RuntimeError: expand(torch.cuda.FloatTensor{[12, 1536]}, size=[12]): the number of sizes provided (1) must be greater or equal to the number of dimensions in the tensor (2)
Overriding config with config/train_novel_char.py:
# train a miniature character-level shakespeare model
# good for debugging and playing on macbooks and such

out_dir = 'out-novel-char'
eval_interval = 250 # keep frequent because we'll overfit
eval_iters = 200
log_interval = 10 # don't print too too often

# we expect to overfit on this small dataset, so only save when val improves
always_save_checkpoint = False

wandb_log = False # override via command line if you like
wandb_project = 'novel'
wandb_run_name = 'novel'

dataset = 'novel_char'
# gradient_accumulation_steps = 1
# gradient_accumulation_steps = 6
gradient_accumulation_steps = 12
batch_size = 12
# block_size = 256 # context of up to 256 previous characters
# block_size = 256 # context of up to 256 previous characters
block_size = 64 # context of up to 256 previous characters

# baby GPT model :)
n_layer = 6
n_head = 6
n_embd = 384
# n_embd = 182
dropout = 0.2

# learning_rate = 1e-3 # with baby networks can afford to go a bit higher
learning_rate = 1e-4 # with baby networks can afford to go a bit higher

# max_iters = 5000
# lr_decay_iters = 5000 # make equal to max_iters usually

max_iters = 500000
lr_decay_iters = 500000 # make equal to max_iters usually

min_lr = 1e-5 # learning_rate / 10 usually
beta2 = 0.99 # make a bit bigger because number of tokens per iter is small

warmup_iters = 100 # not super necessary potentially

# on macbook also add
# device = 'cpu'  # run on cpu only
# compile = False # do not torch compile the model
# init_from ='resume'


'''
python3 -u sample.py config/train_novel.py --out_dir=out-novel-word_CCM232_c85667cd6eadbcf772d23fa97827c506 --model=CCM232
python3 -u sample.py config/train_novel.py --out_dir=out-novel-word_CCM251_4bfeb7b3e1b9c46a2542bb9406173e22 --model=CCM251
python3 -u sample.py config/train_novel.py --out_dir=out-novel-word_CCM253_01b622029bb00e0dc9206cae3b0ab559 --model=CCM253 
python3 -u sample.py config/train_novel.py --out_dir=out-novel-word_CCM276_01b622029bb00e0dc9206cae3b0ab559 --model=CCM276
python3 -u sample.py config/train_novel.py --out_dir=out-novel-word_CCM278_a97bfe077b316033e3604831d5ad371e --model=CCM278
python3 -u sample.py config/train_novel.py --out_dir=out-novel-word_CCM305_52efa1def80492f81622f536ac701226 --model=CCM305


out-novel-word_CCM276_01b622029bb00e0dc9206cae3b0ab559

'''
#### python3 -u sample.py config/train_novel.py --out_dir=out-novel-word_CCM232_c85667cd6eadbcf772d23fa97827c506 --model=CCM232
Overriding: init_from = resume
Overriding: compile = False
Overriding: model = LGT728D
Overriding: n_layer = 8
Overriding: n_head = 6
Overriding: share_layer = False
Overriding: always_save_checkpoint = True
Overriding: max_iters = 2500999
Overriding: best_val_loss_force = 10.001
Overriding: min_lr = 1e-05
Overriding: dropout = 0.0
Overriding: eval_interval = 50
Overriding: force_resave = 0
Overriding: random_seed = 3
tokens per iteration will be: 9,216
found vocab_size = 6105 (inside data/novel_char/meta.pkl)
out_dir: out-novel-char_LGT728D_4d06c3ce0eb6b62233f4128fdb1c3b0f
Resuming training from out-novel-char_LGT728D_4d06c3ce0eb6b62233f4128fdb1c3b0f
WARNING: using slow attention. Flash Attention requires PyTorch >= 2.0
WARNING: using slow attention. Flash Attention requires PyTorch >= 2.0
WARNING: using slow attention. Flash Attention requires PyTorch >= 2.0
WARNING: using slow attention. Flash Attention requires PyTorch >= 2.0
num decayed parameter tensors: 23, with 12,041,856 parameters
num non-decayed parameter tensors: 16, with 2,363,521 parameters
using fused AdamW: True
------average encoder activity 0.00000
-----------average decoder density 0.0000
step 103350: train loss 2.2726, val loss 2.2442
saving checkpoint to out-novel-char_LGT728D_4d06c3ce0eb6b62233f4128fdb1c3b0f
model:LGT728D iter 103350: loss 1.3742, time 3743.96ms, mfu -100.00%
model:LGT728D iter 103360: loss 1.4635, time 251.20ms, mfu 1.04%
model:LGT728D iter 103370: loss 1.5107, time 235.06ms, mfu 1.05%
model:LGT728D iter 103380: loss 1.4810, time 239.12ms, mfu 1.05%
model:LGT728D iter 103390: loss 1.3988, time 237.00ms, mfu 1.06%
------average encoder activity 0.00000
-----------average decoder density 0.0000
step 103400: train loss 2.2717, val loss 2.2424
saving checkpoint to out-novel-char_LGT728D_4d06c3ce0eb6b62233f4128fdb1c3b0f
model:LGT728D iter 103400: loss 1.3095, time 3893.03ms, mfu 0.96%
model:LGT728D iter 103410: loss 1.2642, time 179.62ms, mfu 1.01%
model:LGT728D iter 103420: loss 1.5179, time 193.38ms, mfu 1.04%
model:LGT728D iter 103430: loss 1.4774, time 238.65ms, mfu 1.05%
model:LGT728D iter 103440: loss 1.3679, time 235.51ms, mfu 1.06%
------average encoder activity 0.00000
-----------average decoder density 0.0000
step 103450: train loss 2.2687, val loss 2.2464
saving checkpoint to out-novel-char_LGT728D_4d06c3ce0eb6b62233f4128fdb1c3b0f
model:LGT728D iter 103450: loss 1.3863, time 4106.49ms, mfu 0.96%
model:LGT728D iter 103460: loss 1.5811, time 238.33ms, mfu 0.97%
model:LGT728D iter 103470: loss 1.3249, time 241.05ms, mfu 0.98%
model:LGT728D iter 103480: loss 1.4121, time 181.38ms, mfu 1.03%
model:LGT728D iter 103490: loss 1.2414, time 229.68ms, mfu 1.04%
------average encoder activity 0.00000
-----------average decoder density 0.0000
step 103500: train loss 2.2697, val loss 2.2416
saving checkpoint to out-novel-char_LGT728D_4d06c3ce0eb6b62233f4128fdb1c3b0f
model:LGT728D iter 103500: loss 1.4165, time 4414.07ms, mfu 0.94%
model:LGT728D iter 103510: loss 1.4573, time 173.58ms, mfu 1.00%
model:LGT728D iter 103520: loss 1.4391, time 175.69ms, mfu 1.05%
model:LGT728D iter 103530: loss 1.4598, time 238.97ms, mfu 1.05%
model:LGT728D iter 103540: loss 1.4307, time 248.22ms, mfu 1.05%
------average encoder activity 0.00000
-----------average decoder density 0.0000
step 103550: train loss 2.2499, val loss 2.2137
saving checkpoint to out-novel-char_LGT728D_4d06c3ce0eb6b62233f4128fdb1c3b0f
model:LGT728D iter 103550: loss 1.4850, time 4169.64ms, mfu 0.95%
model:LGT728D iter 103560: loss 1.4435, time 237.99ms, mfu 0.97%
model:LGT728D iter 103570: loss 1.4836, time 232.25ms, mfu 0.98%
model:LGT728D iter 103580: loss 1.5297, time 235.60ms, mfu 1.00%
model:LGT728D iter 103590: loss 1.3359, time 249.68ms, mfu 1.00%
------average encoder activity 0.00000
-----------average decoder density 0.0000
step 103600: train loss 2.2577, val loss 2.2159
saving checkpoint to out-novel-char_LGT728D_4d06c3ce0eb6b62233f4128fdb1c3b0f
model:LGT728D iter 103600: loss 1.1305, time 4170.67ms, mfu 0.91%
model:LGT728D iter 103610: loss 1.3305, time 248.37ms, mfu 0.92%
model:LGT728D iter 103620: loss 1.4591, time 233.08ms, mfu 0.94%
model:LGT728D iter 103630: loss 1.4321, time 245.76ms, mfu 0.95%
model:LGT728D iter 103640: loss 1.4800, time 237.15ms, mfu 0.97%
------average encoder activity 0.00000
-----------average decoder density 0.0000
step 103650: train loss 2.2527, val loss 2.2417
saving checkpoint to out-novel-char_LGT728D_4d06c3ce0eb6b62233f4128fdb1c3b0f
model:LGT728D iter 103650: loss 1.2628, time 3930.65ms, mfu 0.88%
model:LGT728D iter 103660: loss 1.3972, time 253.09ms, mfu 0.89%
model:LGT728D iter 103670: loss 1.4721, time 232.51ms, mfu 0.92%
model:LGT728D iter 103680: loss 1.4017, time 242.55ms, mfu 0.93%
model:LGT728D iter 103690: loss 1.4588, time 243.23ms, mfu 0.95%
------average encoder activity 0.00000
-----------average decoder density 0.0000
step 103700: train loss 2.2626, val loss 2.2269
saving checkpoint to out-novel-char_LGT728D_4d06c3ce0eb6b62233f4128fdb1c3b0f
model:LGT728D iter 103700: loss 1.3956, time 4086.58ms, mfu 0.86%
model:LGT728D iter 103710: loss 1.5854, time 244.81ms, mfu 0.88%
model:LGT728D iter 103720: loss 1.4426, time 233.20ms, mfu 0.90%
model:LGT728D iter 103730: loss 1.4556, time 221.31ms, mfu 0.93%
model:LGT728D iter 103740: loss 1.5460, time 231.42ms, mfu 0.95%
------average encoder activity 0.00000
-----------average decoder density 0.0000
step 103750: train loss 2.2582, val loss 2.2369
saving checkpoint to out-novel-char_LGT728D_4d06c3ce0eb6b62233f4128fdb1c3b0f
model:LGT728D iter 103750: loss 1.5100, time 4606.41ms, mfu 0.86%
model:LGT728D iter 103760: loss 1.2855, time 179.63ms, mfu 0.92%
model:LGT728D iter 103770: loss 1.3792, time 170.77ms, mfu 0.98%
model:LGT728D iter 103780: loss 1.4115, time 162.34ms, mfu 1.05%
model:LGT728D iter 103790: loss 1.4872, time 158.84ms, mfu 1.11%
------average encoder activity 0.00000
-----------average decoder density 0.0000
step 103800: train loss 2.2636, val loss 2.2266
saving checkpoint to out-novel-char_LGT728D_4d06c3ce0eb6b62233f4128fdb1c3b0f
model:LGT728D iter 103800: loss 1.5105, time 3711.12ms, mfu 1.00%
model:LGT728D iter 103810: loss 1.5950, time 200.55ms, mfu 1.03%
model:LGT728D iter 103820: loss 1.3410, time 246.09ms, mfu 1.04%
model:LGT728D iter 103830: loss 1.3184, time 245.35ms, mfu 1.04%
model:LGT728D iter 103840: loss 1.4959, time 235.15ms, mfu 1.05%
------average encoder activity 0.00000
-----------average decoder density 0.0000
step 103850: train loss 2.2562, val loss 2.2320
saving checkpoint to out-novel-char_LGT728D_4d06c3ce0eb6b62233f4128fdb1c3b0f
model:LGT728D iter 103850: loss 1.3531, time 3540.12ms, mfu 0.95%
model:LGT728D iter 103860: loss 1.3760, time 198.40ms, mfu 0.99%
model:LGT728D iter 103870: loss 1.5109, time 241.07ms, mfu 1.00%
model:LGT728D iter 103880: loss 1.3481, time 242.02ms, mfu 1.00%
model:LGT728D iter 103890: loss 1.3879, time 209.54ms, mfu 1.03%
------average encoder activity 0.00000
-----------average decoder density 0.0000
step 103900: train loss 2.2573, val loss 2.2292
saving checkpoint to out-novel-char_LGT728D_4d06c3ce0eb6b62233f4128fdb1c3b0f
model:LGT728D iter 103900: loss 1.4840, time 3521.19ms, mfu 0.93%
model:LGT728D iter 103910: loss 1.3912, time 235.34ms, mfu 0.95%
model:LGT728D iter 103920: loss 1.3871, time 236.03ms, mfu 0.97%
model:LGT728D iter 103930: loss 1.3584, time 232.68ms, mfu 0.98%
model:LGT728D iter 103940: loss 1.4933, time 236.38ms, mfu 1.00%
------average encoder activity 0.00000
-----------average decoder density 0.0000
step 103950: train loss 2.2466, val loss 2.2172
saving checkpoint to out-novel-char_LGT728D_4d06c3ce0eb6b62233f4128fdb1c3b0f
model:LGT728D iter 103950: loss 1.3656, time 3735.38ms, mfu 0.90%
model:LGT728D iter 103960: loss 1.3921, time 224.39ms, mfu 0.93%
model:LGT728D iter 103970: loss 1.4944, time 230.66ms, mfu 0.95%
model:LGT728D iter 103980: loss 1.4578, time 235.05ms, mfu 0.97%
model:LGT728D iter 103990: loss 1.3826, time 221.53ms, mfu 0.99%
------average encoder activity 0.00000
-----------average decoder density 0.0000
step 104000: train loss 2.2654, val loss 2.2304
saving checkpoint to out-novel-char_LGT728D_4d06c3ce0eb6b62233f4128fdb1c3b0f
model:LGT728D iter 104000: loss 1.3197, time 3933.33ms, mfu 0.90%
model:LGT728D iter 104010: loss 1.5302, time 213.48ms, mfu 0.93%
model:LGT728D iter 104020: loss 1.4119, time 232.99ms, mfu 0.95%
model:LGT728D iter 104030: loss 1.3457, time 243.81ms, mfu 0.96%
model:LGT728D iter 104040: loss 1.3968, time 246.27ms, mfu 0.97%
------average encoder activity 0.00000
-----------average decoder density 0.0000
step 104050: train loss 2.2621, val loss 2.2263
saving checkpoint to out-novel-char_LGT728D_4d06c3ce0eb6b62233f4128fdb1c3b0f
model:LGT728D iter 104050: loss 1.4279, time 4121.60ms, mfu 0.88%
model:LGT728D iter 104060: loss 1.5399, time 193.40ms, mfu 0.93%
model:LGT728D iter 104070: loss 1.2953, time 183.58ms, mfu 0.98%
model:LGT728D iter 104080: loss 1.4746, time 183.20ms, mfu 1.02%
model:LGT728D iter 104090: loss 1.5903, time 186.29ms, mfu 1.06%
------average encoder activity 0.00000
-----------average decoder density 0.0000
step 104100: train loss 2.2748, val loss 2.2325
saving checkpoint to out-novel-char_LGT728D_4d06c3ce0eb6b62233f4128fdb1c3b0f
model:LGT728D iter 104100: loss 1.4161, time 4036.70ms, mfu 0.96%
model:LGT728D iter 104110: loss 1.6020, time 198.28ms, mfu 1.00%
model:LGT728D iter 104120: loss 1.5238, time 214.09ms, mfu 1.02%
model:LGT728D iter 104130: loss 1.5066, time 215.33ms, mfu 1.04%
model:LGT728D iter 104140: loss 1.4644, time 220.54ms, mfu 1.05%
------average encoder activity 0.00000
-----------average decoder density 0.0000
step 104150: train loss 2.2625, val loss 2.2328
saving checkpoint to out-novel-char_LGT728D_4d06c3ce0eb6b62233f4128fdb1c3b0f
model:LGT728D iter 104150: loss 1.5687, time 4194.55ms, mfu 0.95%
model:LGT728D iter 104160: loss 1.5043, time 225.76ms, mfu 0.98%
model:LGT728D iter 104170: loss 1.5269, time 226.36ms, mfu 0.99%
model:LGT728D iter 104180: loss 1.7384, time 210.86ms, mfu 1.02%
model:LGT728D iter 104190: loss 1.2472, time 214.04ms, mfu 1.04%
------average encoder activity 0.00000
-----------average decoder density 0.0000
step 104200: train loss 2.2577, val loss 2.2186
saving checkpoint to out-novel-char_LGT728D_4d06c3ce0eb6b62233f4128fdb1c3b0f
model:LGT728D iter 104200: loss 1.3319, time 4181.42ms, mfu 0.94%
model:LGT728D iter 104210: loss 1.2560, time 227.88ms, mfu 0.96%
model:LGT728D iter 104220: loss 1.4164, time 230.58ms, mfu 0.98%
model:LGT728D iter 104230: loss 1.3905, time 214.52ms, mfu 1.00%
model:LGT728D iter 104240: loss 1.3298, time 258.46ms, mfu 1.00%
------average encoder activity 0.00000
-----------average decoder density 0.0000
step 104250: train loss 2.2558, val loss 2.2193
saving checkpoint to out-novel-char_LGT728D_4d06c3ce0eb6b62233f4128fdb1c3b0f
model:LGT728D iter 104250: loss 1.3468, time 6831.45ms, mfu 0.91%
model:LGT728D iter 104260: loss 1.4155, time 326.88ms, mfu 0.90%
model:LGT728D iter 104270: loss 1.3690, time 258.55ms, mfu 0.91%
model:LGT728D iter 104280: loss 1.4075, time 238.49ms, mfu 0.93%
model:LGT728D iter 104290: loss 1.5530, time 184.55ms, mfu 0.98%
------average encoder activity 0.00000
-----------average decoder density 0.0000
step 104300: train loss 2.2688, val loss 2.2328
saving checkpoint to out-novel-char_LGT728D_4d06c3ce0eb6b62233f4128fdb1c3b0f
model:LGT728D iter 104300: loss 1.5956, time 3915.94ms, mfu 0.89%
model:LGT728D iter 104310: loss 1.4476, time 244.37ms, mfu 0.90%
model:LGT728D iter 104320: loss 1.3218, time 243.84ms, mfu 0.92%
model:LGT728D iter 104330: loss 1.2373, time 237.65ms, mfu 0.94%
model:LGT728D iter 104340: loss 1.4172, time 230.74ms, mfu 0.96%
------average encoder activity 0.00000
-----------average decoder density 0.0000
step 104350: train loss 2.2539, val loss 2.2158
saving checkpoint to out-novel-char_LGT728D_4d06c3ce0eb6b62233f4128fdb1c3b0f
model:LGT728D iter 104350: loss 1.3657, time 3729.34ms, mfu 0.87%
model:LGT728D iter 104360: loss 1.4712, time 248.97ms, mfu 0.89%
model:LGT728D iter 104370: loss 1.3426, time 237.01ms, mfu 0.91%
model:LGT728D iter 104380: loss 1.2867, time 241.82ms, mfu 0.93%
model:LGT728D iter 104390: loss 1.4102, time 234.40ms, mfu 0.95%
------average encoder activity 0.00000
-----------average decoder density 0.0000
step 104400: train loss 2.2597, val loss 2.2324
saving checkpoint to out-novel-char_LGT728D_4d06c3ce0eb6b62233f4128fdb1c3b0f
model:LGT728D iter 104400: loss 1.4348, time 3521.31ms, mfu 0.86%
model:LGT728D iter 104410: loss 1.5818, time 248.30ms, mfu 0.88%
model:LGT728D iter 104420: loss 1.4255, time 242.47ms, mfu 0.90%
model:LGT728D iter 104430: loss 1.2805, time 243.84ms, mfu 0.92%
model:LGT728D iter 104440: loss 1.4541, time 245.22ms, mfu 0.93%
------average encoder activity 0.00000
-----------average decoder density 0.0000
step 104450: train loss 2.2627, val loss 2.2363
saving checkpoint to out-novel-char_LGT728D_4d06c3ce0eb6b62233f4128fdb1c3b0f
model:LGT728D iter 104450: loss 1.4232, time 3756.75ms, mfu 0.84%
model:LGT728D iter 104460: loss 1.5814, time 244.36ms, mfu 0.87%
model:LGT728D iter 104470: loss 1.4303, time 218.11ms, mfu 0.90%
model:LGT728D iter 104480: loss 1.2425, time 314.83ms, mfu 0.89%
model:LGT728D iter 104490: loss 1.3685, time 293.51ms, mfu 0.89%
------average encoder activity 0.00000
-----------average decoder density 0.0000
step 104500: train loss 2.2409, val loss 2.2148
saving checkpoint to out-novel-char_LGT728D_4d06c3ce0eb6b62233f4128fdb1c3b0f
model:LGT728D iter 104500: loss 1.2994, time 4546.41ms, mfu 0.81%
model:LGT728D iter 104510: loss 1.5688, time 162.33ms, mfu 0.89%
model:LGT728D iter 104520: loss 1.3947, time 158.36ms, mfu 0.97%
model:LGT728D iter 104530: loss 1.4524, time 229.45ms, mfu 0.98%
model:LGT728D iter 104540: loss 1.3630, time 224.54ms, mfu 1.00%
------average encoder activity 0.00000
-----------average decoder density 0.0000
step 104550: train loss 2.2444, val loss 2.2272
saving checkpoint to out-novel-char_LGT728D_4d06c3ce0eb6b62233f4128fdb1c3b0f
model:LGT728D iter 104550: loss 1.5605, time 4425.69ms, mfu 0.91%
model:LGT728D iter 104560: loss 1.6717, time 164.89ms, mfu 0.98%
model:LGT728D iter 104570: loss 1.3134, time 160.48ms, mfu 1.04%
model:LGT728D iter 104580: loss 1.5384, time 160.75ms, mfu 1.10%
model:LGT728D iter 104590: loss 1.3717, time 233.33ms, mfu 1.10%
------average encoder activity 0.00000
-----------average decoder density 0.0000
step 104600: train loss 2.2704, val loss 2.2292
saving checkpoint to out-novel-char_LGT728D_4d06c3ce0eb6b62233f4128fdb1c3b0f
model:LGT728D iter 104600: loss 1.5756, time 4578.07ms, mfu 1.00%
model:LGT728D iter 104610: loss 1.3476, time 223.00ms, mfu 1.02%
model:LGT728D iter 104620: loss 1.4864, time 231.40ms, mfu 1.03%
model:LGT728D iter 104630: loss 1.4728, time 224.23ms, mfu 1.04%
model:LGT728D iter 104640: loss 1.5219, time 210.04ms, mfu 1.06%
------average encoder activity 0.00000
-----------average decoder density 0.0000
step 104650: train loss 2.2475, val loss 2.2197
saving checkpoint to out-novel-char_LGT728D_4d06c3ce0eb6b62233f4128fdb1c3b0f
model:LGT728D iter 104650: loss 1.5246, time 4203.66ms, mfu 0.96%
model:LGT728D iter 104660: loss 1.4122, time 226.43ms, mfu 0.98%
model:LGT728D iter 104670: loss 1.5612, time 231.93ms, mfu 1.00%
model:LGT728D iter 104680: loss 1.3676, time 211.73ms, mfu 1.02%
model:LGT728D iter 104690: loss 1.3657, time 214.87ms, mfu 1.04%
------average encoder activity 0.00000
-----------average decoder density 0.0000
step 104700: train loss 2.2443, val loss 2.2305
saving checkpoint to out-novel-char_LGT728D_4d06c3ce0eb6b62233f4128fdb1c3b0f
model:LGT728D iter 104700: loss 1.3737, time 3935.90ms, mfu 0.94%
model:LGT728D iter 104710: loss 1.3005, time 234.22ms, mfu 0.96%
model:LGT728D iter 104720: loss 1.4560, time 232.88ms, mfu 0.98%
model:LGT728D iter 104730: loss 1.5615, time 240.03ms, mfu 0.99%
model:LGT728D iter 104740: loss 1.2618, time 179.77ms, mfu 1.03%
------average encoder activity 0.00000
-----------average decoder density 0.0000
step 104750: train loss 2.2459, val loss 2.2190
saving checkpoint to out-novel-char_LGT728D_4d06c3ce0eb6b62233f4128fdb1c3b0f
model:LGT728D iter 104750: loss 1.3367, time 3609.11ms, mfu 0.94%
model:LGT728D iter 104760: loss 1.3837, time 177.47ms, mfu 0.99%
model:LGT728D iter 104770: loss 1.3294, time 236.80ms, mfu 1.00%
model:LGT728D iter 104780: loss 1.3923, time 220.37ms, mfu 1.02%
model:LGT728D iter 104790: loss 1.3766, time 231.68ms, mfu 1.03%
------average encoder activity 0.00000
-----------average decoder density 0.0000
step 104800: train loss 2.2608, val loss 2.2119
saving checkpoint to out-novel-char_LGT728D_4d06c3ce0eb6b62233f4128fdb1c3b0f
model:LGT728D iter 104800: loss 1.3259, time 3512.21ms, mfu 0.94%
model:LGT728D iter 104810: loss 1.4235, time 228.28ms, mfu 0.96%
model:LGT728D iter 104820: loss 1.4530, time 231.30ms, mfu 0.97%
model:LGT728D iter 104830: loss 1.5636, time 226.80ms, mfu 0.99%
model:LGT728D iter 104840: loss 1.2637, time 233.05ms, mfu 1.01%
------average encoder activity 0.00000
-----------average decoder density 0.0000
step 104850: train loss 2.2397, val loss 2.2180
saving checkpoint to out-novel-char_LGT728D_4d06c3ce0eb6b62233f4128fdb1c3b0f
model:LGT728D iter 104850: loss 1.2636, time 3642.87ms, mfu 0.91%
model:LGT728D iter 104860: loss 1.3237, time 178.66ms, mfu 0.97%
model:LGT728D iter 104870: loss 1.4001, time 177.23ms, mfu 1.02%
model:LGT728D iter 104880: loss 1.3025, time 198.51ms, mfu 1.05%
model:LGT728D iter 104890: loss 1.3704, time 180.48ms, mfu 1.09%
------average encoder activity 0.00000
-----------average decoder density 0.0000
step 104900: train loss 2.2572, val loss 2.2166
saving checkpoint to out-novel-char_LGT728D_4d06c3ce0eb6b62233f4128fdb1c3b0f
model:LGT728D iter 104900: loss 1.4313, time 3757.35ms, mfu 0.99%
model:LGT728D iter 104910: loss 1.3521, time 233.61ms, mfu 1.00%
model:LGT728D iter 104920: loss 1.4188, time 212.57ms, mfu 1.02%
model:LGT728D iter 104930: loss 1.3909, time 206.77ms, mfu 1.05%
model:LGT728D iter 104940: loss 1.5201, time 234.74ms, mfu 1.05%
------average encoder activity 0.00000
-----------average decoder density 0.0000
step 104950: train loss 2.2422, val loss 2.2050
saving checkpoint to out-novel-char_LGT728D_4d06c3ce0eb6b62233f4128fdb1c3b0f
model:LGT728D iter 104950: loss 1.2835, time 3800.59ms, mfu 0.96%
model:LGT728D iter 104960: loss 1.4055, time 243.46ms, mfu 0.97%
model:LGT728D iter 104970: loss 1.2812, time 221.46ms, mfu 0.99%
model:LGT728D iter 104980: loss 1.3971, time 215.64ms, mfu 1.01%
model:LGT728D iter 104990: loss 1.5530, time 225.80ms, mfu 1.03%
------average encoder activity 0.00000
-----------average decoder density 0.0000
step 105000: train loss 2.2535, val loss 2.2195
saving checkpoint to out-novel-char_LGT728D_4d06c3ce0eb6b62233f4128fdb1c3b0f
model:LGT728D iter 105000: loss 1.2809, time 4176.21ms, mfu 0.93%
model:LGT728D iter 105010: loss 1.3413, time 237.78ms, mfu 0.95%
model:LGT728D iter 105020: loss 1.5417, time 217.97ms, mfu 0.97%
model:LGT728D iter 105030: loss 1.4469, time 211.00ms, mfu 1.00%
model:LGT728D iter 105040: loss 1.5064, time 211.97ms, mfu 1.02%
------average encoder activity 0.00000
-----------average decoder density 0.0000
step 105050: train loss 2.2634, val loss 2.2190
saving checkpoint to out-novel-char_LGT728D_4d06c3ce0eb6b62233f4128fdb1c3b0f
model:LGT728D iter 105050: loss 1.4119, time 4128.18ms, mfu 0.93%
model:LGT728D iter 105060: loss 1.3608, time 241.39ms, mfu 0.94%
model:LGT728D iter 105070: loss 1.2171, time 249.74ms, mfu 0.95%
model:LGT728D iter 105080: loss 1.3232, time 224.45ms, mfu 0.97%
model:LGT728D iter 105090: loss 1.3637, time 167.36ms, mfu 1.03%
------average encoder activity 0.00000
-----------average decoder density 0.0000
step 105100: train loss 2.2506, val loss 2.2012
saving checkpoint to out-novel-char_LGT728D_4d06c3ce0eb6b62233f4128fdb1c3b0f
model:LGT728D iter 105100: loss 1.3864, time 3860.57ms, mfu 0.94%
model:LGT728D iter 105110: loss 1.3966, time 225.03ms, mfu 0.96%
model:LGT728D iter 105120: loss 1.4179, time 231.42ms, mfu 0.98%
model:LGT728D iter 105130: loss 1.3148, time 220.90ms, mfu 1.00%
model:LGT728D iter 105140: loss 1.3502, time 207.32ms, mfu 1.02%
------average encoder activity 0.00000
-----------average decoder density 0.0000
step 105150: train loss 2.2610, val loss 2.2193
saving checkpoint to out-novel-char_LGT728D_4d06c3ce0eb6b62233f4128fdb1c3b0f
model:LGT728D iter 105150: loss 1.4977, time 3948.92ms, mfu 0.93%
model:LGT728D iter 105160: loss 1.3706, time 282.88ms, mfu 0.93%
model:LGT728D iter 105170: loss 1.3366, time 235.64ms, mfu 0.95%
model:LGT728D iter 105180: loss 1.4109, time 288.00ms, mfu 0.94%
model:LGT728D iter 105190: loss 1.3959, time 305.20ms, mfu 0.93%
------average encoder activity 0.00000
-----------average decoder density 0.0000
step 105200: train loss 2.2624, val loss 2.2144
saving checkpoint to out-novel-char_LGT728D_4d06c3ce0eb6b62233f4128fdb1c3b0f
model:LGT728D iter 105200: loss 1.3869, time 4857.77ms, mfu 0.85%
model:LGT728D iter 105210: loss 1.3549, time 181.53ms, mfu 0.91%
model:LGT728D iter 105220: loss 1.5797, time 218.78ms, mfu 0.93%
model:LGT728D iter 105230: loss 1.5054, time 291.98ms, mfu 0.93%
model:LGT728D iter 105240: loss 1.3441, time 232.11ms, mfu 0.95%
------average encoder activity 0.00000
-----------average decoder density 0.0000
step 105250: train loss 2.2505, val loss 2.2181
saving checkpoint to out-novel-char_LGT728D_4d06c3ce0eb6b62233f4128fdb1c3b0f
model:LGT728D iter 105250: loss 1.3660, time 3849.29ms, mfu 0.86%
model:LGT728D iter 105260: loss 1.2610, time 214.56ms, mfu 0.90%
model:LGT728D iter 105270: loss 1.2961, time 226.33ms, mfu 0.92%
model:LGT728D iter 105280: loss 1.5313, time 232.65ms, mfu 0.94%
model:LGT728D iter 105290: loss 1.4663, time 228.63ms, mfu 0.96%
------average encoder activity 0.00000
-----------average decoder density 0.0000
step 105300: train loss 2.2597, val loss 2.2128
saving checkpoint to out-novel-char_LGT728D_4d06c3ce0eb6b62233f4128fdb1c3b0f
model:LGT728D iter 105300: loss 1.5277, time 4045.17ms, mfu 0.87%
model:LGT728D iter 105310: loss 1.3631, time 166.09ms, mfu 0.94%
model:LGT728D iter 105320: loss 1.4880, time 158.90ms, mfu 1.01%
model:LGT728D iter 105330: loss 1.4686, time 172.73ms, mfu 1.06%
model:LGT728D iter 105340: loss 1.4003, time 238.34ms, mfu 1.07%
------average encoder activity 0.00000
-----------average decoder density 0.0000
step 105350: train loss 2.2569, val loss 2.2171
saving checkpoint to out-novel-char_LGT728D_4d06c3ce0eb6b62233f4128fdb1c3b0f
model:LGT728D iter 105350: loss 1.5146, time 4297.65ms, mfu 0.97%
model:LGT728D iter 105360: loss 1.5505, time 234.71ms, mfu 0.98%
model:LGT728D iter 105370: loss 1.3108, time 214.21ms, mfu 1.01%
model:LGT728D iter 105380: loss 1.4387, time 230.18ms, mfu 1.02%
model:LGT728D iter 105390: loss 1.3027, time 188.36ms, mfu 1.06%
------average encoder activity 0.00000
-----------average decoder density 0.0000
step 105400: train loss 2.2420, val loss 2.2165
saving checkpoint to out-novel-char_LGT728D_4d06c3ce0eb6b62233f4128fdb1c3b0f
model:LGT728D iter 105400: loss 1.4156, time 5345.15ms, mfu 0.96%
model:LGT728D iter 105410: loss 1.4529, time 289.07ms, mfu 0.95%
model:LGT728D iter 105420: loss 1.4773, time 275.57ms, mfu 0.95%
model:LGT728D iter 105430: loss 1.3891, time 192.90ms, mfu 0.99%
model:LGT728D iter 105440: loss 1.3819, time 219.79ms, mfu 1.01%
------average encoder activity 0.00000
-----------average decoder density 0.0000
step 105450: train loss 2.2535, val loss 2.2028
saving checkpoint to out-novel-char_LGT728D_4d06c3ce0eb6b62233f4128fdb1c3b0f
model:LGT728D iter 105450: loss 1.3577, time 4544.10ms, mfu 0.92%
model:LGT728D iter 105460: loss 1.4189, time 218.72ms, mfu 0.94%
model:LGT728D iter 105470: loss 1.3547, time 232.51ms, mfu 0.96%
model:LGT728D iter 105480: loss 1.4562, time 229.07ms, mfu 0.98%
model:LGT728D iter 105490: loss 1.5784, time 214.07ms, mfu 1.00%
------average encoder activity 0.00000
-----------average decoder density 0.0000
step 105500: train loss 2.2461, val loss 2.2113
saving checkpoint to out-novel-char_LGT728D_4d06c3ce0eb6b62233f4128fdb1c3b0f
model:LGT728D iter 105500: loss 1.3517, time 4193.66ms, mfu 0.91%
model:LGT728D iter 105510: loss 1.3290, time 228.14ms, mfu 0.93%
model:LGT728D iter 105520: loss 1.4847, time 232.70ms, mfu 0.95%
model:LGT728D iter 105530: loss 1.5545, time 231.59ms, mfu 0.97%
model:LGT728D iter 105540: loss 1.4436, time 227.12ms, mfu 0.99%
------average encoder activity 0.00000
-----------average decoder density 0.0000
step 105550: train loss 2.2401, val loss 2.2096
saving checkpoint to out-novel-char_LGT728D_4d06c3ce0eb6b62233f4128fdb1c3b0f
model:LGT728D iter 105550: loss 1.5042, time 3796.46ms, mfu 0.90%
model:LGT728D iter 105560: loss 1.4549, time 242.16ms, mfu 0.92%
model:LGT728D iter 105570: loss 1.4492, time 196.56ms, mfu 0.96%
model:LGT728D iter 105580: loss 1.4168, time 247.27ms, mfu 0.97%
model:LGT728D iter 105590: loss 1.4973, time 261.38ms, mfu 0.97%
------average encoder activity 0.00000
-----------average decoder density 0.0000
step 105600: train loss 2.2402, val loss 2.2098
saving checkpoint to out-novel-char_LGT728D_4d06c3ce0eb6b62233f4128fdb1c3b0f
model:LGT728D iter 105600: loss 1.3030, time 3392.67ms, mfu 0.88%
model:LGT728D iter 105610: loss 1.4467, time 247.43ms, mfu 0.90%
model:LGT728D iter 105620: loss 1.3006, time 249.50ms, mfu 0.91%
model:LGT728D iter 105630: loss 1.3810, time 240.77ms, mfu 0.93%
model:LGT728D iter 105640: loss 1.4844, time 191.38ms, mfu 0.97%
------average encoder activity 0.00000
-----------average decoder density 0.0000
step 105650: train loss 2.2655, val loss 2.2172
saving checkpoint to out-novel-char_LGT728D_4d06c3ce0eb6b62233f4128fdb1c3b0f
model:LGT728D iter 105650: loss 1.4182, time 3546.25ms, mfu 0.88%
model:LGT728D iter 105660: loss 1.3520, time 185.14ms, mfu 0.94%
model:LGT728D iter 105670: loss 1.5416, time 225.40ms, mfu 0.96%
model:LGT728D iter 105680: loss 1.5056, time 234.22ms, mfu 0.98%
model:LGT728D iter 105690: loss 1.4315, time 241.63ms, mfu 0.99%
------average encoder activity 0.00000
-----------average decoder density 0.0000
step 105700: train loss 2.2564, val loss 2.2197
saving checkpoint to out-novel-char_LGT728D_4d06c3ce0eb6b62233f4128fdb1c3b0f
model:LGT728D iter 105700: loss 1.6054, time 3867.32ms, mfu 0.89%
model:LGT728D iter 105710: loss 1.4538, time 218.31ms, mfu 0.92%
model:LGT728D iter 105720: loss 1.3189, time 231.12ms, mfu 0.95%
model:LGT728D iter 105730: loss 1.6409, time 246.65ms, mfu 0.96%
model:LGT728D iter 105740: loss 1.3860, time 229.46ms, mfu 0.98%
------average encoder activity 0.00000
-----------average decoder density 0.0000
step 105750: train loss 2.2529, val loss 2.2076
saving checkpoint to out-novel-char_LGT728D_4d06c3ce0eb6b62233f4128fdb1c3b0f
model:LGT728D iter 105750: loss 1.2933, time 4021.22ms, mfu 0.88%
model:LGT728D iter 105760: loss 1.5633, time 217.01ms, mfu 0.92%
model:LGT728D iter 105770: loss 1.4291, time 209.73ms, mfu 0.95%
model:LGT728D iter 105780: loss 1.3376, time 235.98ms, mfu 0.97%
model:LGT728D iter 105790: loss 1.4904, time 226.95ms, mfu 0.98%
------average encoder activity 0.00000
-----------average decoder density 0.0000
step 105800: train loss 2.2486, val loss 2.2091
saving checkpoint to out-novel-char_LGT728D_4d06c3ce0eb6b62233f4128fdb1c3b0f
model:LGT728D iter 105800: loss 1.4025, time 5188.69ms, mfu 0.89%
model:LGT728D iter 105810: loss 1.5786, time 291.13ms, mfu 0.89%
model:LGT728D iter 105820: loss 1.4707, time 294.80ms, mfu 0.89%
model:LGT728D iter 105830: loss 1.3577, time 182.18ms, mfu 0.95%
model:LGT728D iter 105840: loss 1.2868, time 289.47ms, mfu 0.94%
------average encoder activity 0.00000
-----------average decoder density 0.0000
step 105850: train loss 2.2445, val loss 2.2005
saving checkpoint to out-novel-char_LGT728D_4d06c3ce0eb6b62233f4128fdb1c3b0f
model:LGT728D iter 105850: loss 1.4918, time 4005.76ms, mfu 0.85%
model:LGT728D iter 105860: loss 1.5788, time 245.03ms, mfu 0.88%
model:LGT728D iter 105870: loss 1.4240, time 248.73ms, mfu 0.89%
model:LGT728D iter 105880: loss 1.3166, time 182.68ms, mfu 0.95%
model:LGT728D iter 105890: loss 1.5172, time 175.97ms, mfu 1.00%
------average encoder activity 0.00000
-----------average decoder density 0.0000
step 105900: train loss 2.2555, val loss 2.2081
saving checkpoint to out-novel-char_LGT728D_4d06c3ce0eb6b62233f4128fdb1c3b0f
model:LGT728D iter 105900: loss 1.4987, time 3959.08ms, mfu 0.91%
model:LGT728D iter 105910: loss 1.4774, time 249.70ms, mfu 0.92%
model:LGT728D iter 105920: loss 1.4328, time 249.05ms, mfu 0.93%
model:LGT728D iter 105930: loss 1.2923, time 245.87ms, mfu 0.95%
model:LGT728D iter 105940: loss 1.4499, time 173.66ms, mfu 1.00%
------average encoder activity 0.00000
-----------average decoder density 0.0000
step 105950: train loss 2.2608, val loss 2.2001
saving checkpoint to out-novel-char_LGT728D_4d06c3ce0eb6b62233f4128fdb1c3b0f
model:LGT728D iter 105950: loss 1.5408, time 3895.79ms, mfu 0.91%
model:LGT728D iter 105960: loss 1.5288, time 247.83ms, mfu 0.92%
model:LGT728D iter 105970: loss 1.6217, time 228.82ms, mfu 0.95%
model:LGT728D iter 105980: loss 1.4045, time 224.19ms, mfu 0.97%
model:LGT728D iter 105990: loss 1.4503, time 217.10ms, mfu 0.99%
------average encoder activity 0.00000
-----------average decoder density 0.0000
step 106000: train loss 2.2627, val loss 2.1982
saving checkpoint to out-novel-char_LGT728D_4d06c3ce0eb6b62233f4128fdb1c3b0f
model:LGT728D iter 106000: loss 1.3635, time 3145.35ms, mfu 0.90%
model:LGT728D iter 106010: loss 1.4705, time 212.59ms, mfu 0.93%
model:LGT728D iter 106020: loss 1.4821, time 211.01ms, mfu 0.96%
model:LGT728D iter 106030: loss 1.3761, time 213.17ms, mfu 0.99%
model:LGT728D iter 106040: loss 1.3325, time 251.14ms, mfu 1.00%
------average encoder activity 0.00000
-----------average decoder density 0.0000
step 106050: train loss 2.2354, val loss 2.1829
saving checkpoint to out-novel-char_LGT728D_4d06c3ce0eb6b62233f4128fdb1c3b0f
model:LGT728D iter 106050: loss 1.2679, time 3683.61ms, mfu 0.90%
model:LGT728D iter 106060: loss 1.5367, time 191.69ms, mfu 0.95%
model:LGT728D iter 106070: loss 1.4108, time 193.28ms, mfu 0.99%
model:LGT728D iter 106080: loss 1.4172, time 243.58ms, mfu 1.00%
model:LGT728D iter 106090: loss 1.3675, time 240.67ms, mfu 1.01%
------average encoder activity 0.00000
-----------average decoder density 0.0000
step 106100: train loss 2.2428, val loss 2.2057
saving checkpoint to out-novel-char_LGT728D_4d06c3ce0eb6b62233f4128fdb1c3b0f
model:LGT728D iter 106100: loss 1.4633, time 3704.99ms, mfu 0.91%
model:LGT728D iter 106110: loss 1.3713, time 171.25ms, mfu 0.98%
model:LGT728D iter 106120: loss 1.3160, time 211.38ms, mfu 1.00%
model:LGT728D iter 106130: loss 1.3612, time 235.61ms, mfu 1.01%
model:LGT728D iter 106140: loss 1.3901, time 163.48ms, mfu 1.07%
------average encoder activity 0.00000
-----------average decoder density 0.0000
step 106150: train loss 2.2345, val loss 2.1953
saving checkpoint to out-novel-char_LGT728D_4d06c3ce0eb6b62233f4128fdb1c3b0f
model:LGT728D iter 106150: loss 1.4134, time 4066.51ms, mfu 0.97%
model:LGT728D iter 106160: loss 1.4412, time 218.68ms, mfu 0.99%
model:LGT728D iter 106170: loss 1.2754, time 218.04ms, mfu 1.01%
model:LGT728D iter 106180: loss 1.5074, time 183.47ms, mfu 1.06%
model:LGT728D iter 106190: loss 1.3554, time 183.39ms, mfu 1.09%
------average encoder activity 0.00000
-----------average decoder density 0.0000
step 106200: train loss 2.2664, val loss 2.2088
saving checkpoint to out-novel-char_LGT728D_4d06c3ce0eb6b62233f4128fdb1c3b0f
model:LGT728D iter 106200: loss 1.3242, time 3852.66ms, mfu 0.99%
model:LGT728D iter 106210: loss 1.3476, time 241.43ms, mfu 1.00%
model:LGT728D iter 106220: loss 1.3723, time 219.04ms, mfu 1.02%
model:LGT728D iter 106230: loss 1.4991, time 159.24ms, mfu 1.08%
model:LGT728D iter 106240: loss 1.4171, time 176.44ms, mfu 1.12%
------average encoder activity 0.00000
-----------average decoder density 0.0000
step 106250: train loss 2.2471, val loss 2.2065
saving checkpoint to out-novel-char_LGT728D_4d06c3ce0eb6b62233f4128fdb1c3b0f
model:LGT728D iter 106250: loss 1.4790, time 3811.93ms, mfu 1.02%
model:LGT728D iter 106260: loss 1.3394, time 244.77ms, mfu 1.02%
model:LGT728D iter 106270: loss 1.1935, time 239.62ms, mfu 1.03%
model:LGT728D iter 106280: loss 1.4580, time 242.91ms, mfu 1.03%
model:LGT728D iter 106290: loss 1.5912, time 176.18ms, mfu 1.08%
------average encoder activity 0.00000
-----------average decoder density 0.0000
step 106300: train loss 2.2587, val loss 2.2143
saving checkpoint to out-novel-char_LGT728D_4d06c3ce0eb6b62233f4128fdb1c3b0f
model:LGT728D iter 106300: loss 1.6000, time 3611.39ms, mfu 0.98%
model:LGT728D iter 106310: loss 1.3682, time 238.35ms, mfu 0.99%
model:LGT728D iter 106320: loss 1.4548, time 192.82ms, mfu 1.03%
model:LGT728D iter 106330: loss 1.6326, time 250.58ms, mfu 1.03%
model:LGT728D iter 106340: loss 1.3244, time 183.41ms, mfu 1.07%
------average encoder activity 0.00000
-----------average decoder density 0.0000
step 106350: train loss 2.2374, val loss 2.1906
saving checkpoint to out-novel-char_LGT728D_4d06c3ce0eb6b62233f4128fdb1c3b0f
model:LGT728D iter 106350: loss 1.3337, time 3454.71ms, mfu 0.97%
model:LGT728D iter 106360: loss 1.3840, time 223.78ms, mfu 0.99%
model:LGT728D iter 106370: loss 1.4166, time 230.66ms, mfu 1.00%
model:LGT728D iter 106380: loss 1.6079, time 230.64ms, mfu 1.02%
model:LGT728D iter 106390: loss 1.4438, time 227.38ms, mfu 1.03%
------average encoder activity 0.00000
-----------average decoder density 0.0000
step 106400: train loss 2.2408, val loss 2.2024
saving checkpoint to out-novel-char_LGT728D_4d06c3ce0eb6b62233f4128fdb1c3b0f
model:LGT728D iter 106400: loss 1.4529, time 3649.99ms, mfu 0.93%
model:LGT728D iter 106410: loss 1.6010, time 210.08ms, mfu 0.97%
model:LGT728D iter 106420: loss 1.4917, time 236.76ms, mfu 0.98%
model:LGT728D iter 106430: loss 1.5094, time 240.34ms, mfu 0.99%
model:LGT728D iter 106440: loss 1.4240, time 225.77ms, mfu 1.01%
------average encoder activity 0.00000
-----------average decoder density 0.0000
step 106450: train loss 2.2460, val loss 2.1897
saving checkpoint to out-novel-char_LGT728D_4d06c3ce0eb6b62233f4128fdb1c3b0f
model:LGT728D iter 106450: loss 1.5383, time 3770.82ms, mfu 0.91%
model:LGT728D iter 106460: loss 1.3534, time 257.35ms, mfu 0.92%
model:LGT728D iter 106470: loss 1.5633, time 279.98ms, mfu 0.92%
model:LGT728D iter 106480: loss 1.3892, time 309.65ms, mfu 0.92%
model:LGT728D iter 106490: loss 1.4003, time 303.10ms, mfu 0.91%
------average encoder activity 0.00000
-----------average decoder density 0.0000
step 106500: train loss 2.2342, val loss 2.2001
saving checkpoint to out-novel-char_LGT728D_4d06c3ce0eb6b62233f4128fdb1c3b0f
model:LGT728D iter 106500: loss 1.2986, time 4661.42ms, mfu 0.83%
model:LGT728D iter 106510: loss 1.2351, time 220.03ms, mfu 0.86%
model:LGT728D iter 106520: loss 1.5613, time 215.22ms, mfu 0.90%
model:LGT728D iter 106530: loss 1.3335, time 233.76ms, mfu 0.92%
model:LGT728D iter 106540: loss 1.3379, time 295.73ms, mfu 0.92%
------average encoder activity 0.00000
-----------average decoder density 0.0000
step 106550: train loss 2.2436, val loss 2.1924
saving checkpoint to out-novel-char_LGT728D_4d06c3ce0eb6b62233f4128fdb1c3b0f
model:LGT728D iter 106550: loss 1.2266, time 4004.77ms, mfu 0.83%
model:LGT728D iter 106560: loss 1.4209, time 251.94ms, mfu 0.85%
model:LGT728D iter 106570: loss 1.4004, time 229.33ms, mfu 0.88%
model:LGT728D iter 106580: loss 1.3687, time 236.61ms, mfu 0.90%
model:LGT728D iter 106590: loss 1.1398, time 249.59ms, mfu 0.92%
------average encoder activity 0.00000
-----------average decoder density 0.0000
step 106600: train loss 2.2401, val loss 2.1970
saving checkpoint to out-novel-char_LGT728D_4d06c3ce0eb6b62233f4128fdb1c3b0f
model:LGT728D iter 106600: loss 1.2982, time 3909.00ms, mfu 0.83%
model:LGT728D iter 106610: loss 1.4164, time 226.11ms, mfu 0.87%
model:LGT728D iter 106620: loss 1.4828, time 229.57ms, mfu 0.89%
model:LGT728D iter 106630: loss 1.4127, time 214.51ms, mfu 0.93%
model:LGT728D iter 106640: loss 1.4729, time 163.14ms, mfu 0.99%
------average encoder activity 0.00000
-----------average decoder density 0.0000
step 106650: train loss 2.2325, val loss 2.2050
saving checkpoint to out-novel-char_LGT728D_4d06c3ce0eb6b62233f4128fdb1c3b0f
model:LGT728D iter 106650: loss 1.4262, time 3889.76ms, mfu 0.90%
model:LGT728D iter 106660: loss 1.4434, time 228.58ms, mfu 0.93%
model:LGT728D iter 106670: loss 1.3847, time 196.09ms, mfu 0.97%
model:LGT728D iter 106680: loss 1.2996, time 213.55ms, mfu 0.99%
model:LGT728D iter 106690: loss 1.3690, time 198.16ms, mfu 1.02%
------average encoder activity 0.00000
-----------average decoder density 0.0000
step 106700: train loss 2.2442, val loss 2.2004
saving checkpoint to out-novel-char_LGT728D_4d06c3ce0eb6b62233f4128fdb1c3b0f
model:LGT728D iter 106700: loss 1.4918, time 3698.21ms, mfu 0.93%
model:LGT728D iter 106710: loss 1.2582, time 247.02ms, mfu 0.94%
model:LGT728D iter 106720: loss 1.4493, time 230.85ms, mfu 0.96%
model:LGT728D iter 106730: loss 1.5138, time 177.62ms, mfu 1.01%
model:LGT728D iter 106740: loss 1.4364, time 167.17ms, mfu 1.07%
------average encoder activity 0.00000
-----------average decoder density 0.0000
step 106750: train loss 2.2608, val loss 2.2038
saving checkpoint to out-novel-char_LGT728D_4d06c3ce0eb6b62233f4128fdb1c3b0f
model:LGT728D iter 106750: loss 1.5016, time 3446.15ms, mfu 0.97%
model:LGT728D iter 106760: loss 1.5633, time 233.94ms, mfu 0.98%
model:LGT728D iter 106770: loss 1.2759, time 291.19ms, mfu 0.98%
model:LGT728D iter 106780: loss 1.3728, time 241.91ms, mfu 0.99%
model:LGT728D iter 106790: loss 1.4731, time 280.97ms, mfu 0.98%
------average encoder activity 0.00000
-----------average decoder density 0.0000
step 106800: train loss 2.2583, val loss 2.2136
saving checkpoint to out-novel-char_LGT728D_4d06c3ce0eb6b62233f4128fdb1c3b0f
model:LGT728D iter 106800: loss 1.4943, time 5489.58ms, mfu 0.89%
model:LGT728D iter 106810: loss 1.4046, time 226.25ms, mfu 0.91%
model:LGT728D iter 106820: loss 1.3514, time 250.28ms, mfu 0.93%
model:LGT728D iter 106830: loss 1.5346, time 249.34ms, mfu 0.94%
model:LGT728D iter 106840: loss 1.3665, time 237.33ms, mfu 0.96%
------average encoder activity 0.00000
-----------average decoder density 0.0000
step 106850: train loss 2.2599, val loss 2.2167
saving checkpoint to out-novel-char_LGT728D_4d06c3ce0eb6b62233f4128fdb1c3b0f
model:LGT728D iter 106850: loss 1.4770, time 3678.54ms, mfu 0.87%
model:LGT728D iter 106860: loss 1.5032, time 250.70ms, mfu 0.89%
model:LGT728D iter 106870: loss 1.4303, time 195.12ms, mfu 0.93%
model:LGT728D iter 106880: loss 1.4717, time 310.66ms, mfu 0.92%
model:LGT728D iter 106890: loss 1.4345, time 305.90ms, mfu 0.92%
------average encoder activity 0.00000
-----------average decoder density 0.0000
step 106900: train loss 2.2403, val loss 2.2028
saving checkpoint to out-novel-char_LGT728D_4d06c3ce0eb6b62233f4128fdb1c3b0f
model:LGT728D iter 106900: loss 1.5252, time 5099.37ms, mfu 0.83%
model:LGT728D iter 106910: loss 1.4767, time 251.51ms, mfu 0.85%
model:LGT728D iter 106920: loss 1.3932, time 217.99ms, mfu 0.89%
model:LGT728D iter 106930: loss 1.2854, time 225.11ms, mfu 0.91%
model:LGT728D iter 106940: loss 1.4138, time 246.78ms, mfu 0.93%
------average encoder activity 0.00000
-----------average decoder density 0.0000
step 106950: train loss 2.2309, val loss 2.2039
saving checkpoint to out-novel-char_LGT728D_4d06c3ce0eb6b62233f4128fdb1c3b0f
model:LGT728D iter 106950: loss 1.5141, time 3983.96ms, mfu 0.84%
model:LGT728D iter 106960: loss 1.2828, time 236.68ms, mfu 0.87%
model:LGT728D iter 106970: loss 1.4062, time 176.55ms, mfu 0.93%
model:LGT728D iter 106980: loss 1.4476, time 181.13ms, mfu 0.98%
model:LGT728D iter 106990: loss 1.3810, time 166.15ms, mfu 1.04%
------average encoder activity 0.00000
-----------average decoder density 0.0000
step 107000: train loss 2.2393, val loss 2.2079
saving checkpoint to out-novel-char_LGT728D_4d06c3ce0eb6b62233f4128fdb1c3b0f
model:LGT728D iter 107000: loss 1.2966, time 4966.26ms, mfu 0.94%
model:LGT728D iter 107010: loss 1.4791, time 300.06ms, mfu 0.93%
model:LGT728D iter 107020: loss 1.4575, time 300.29ms, mfu 0.93%
model:LGT728D iter 107030: loss 1.3577, time 313.55ms, mfu 0.92%
model:LGT728D iter 107040: loss 1.5038, time 189.25ms, mfu 0.97%
------average encoder activity 0.00000
-----------average decoder density 0.0000
step 107050: train loss 2.2525, val loss 2.2098
saving checkpoint to out-novel-char_LGT728D_4d06c3ce0eb6b62233f4128fdb1c3b0f
model:LGT728D iter 107050: loss 1.5333, time 3416.20ms, mfu 0.88%
model:LGT728D iter 107060: loss 1.3737, time 233.87ms, mfu 0.90%
model:LGT728D iter 107070: loss 1.4697, time 211.12ms, mfu 0.93%
model:LGT728D iter 107080: loss 1.5153, time 183.12ms, mfu 0.98%
model:LGT728D iter 107090: loss 1.5665, time 241.35ms, mfu 0.99%
------average encoder activity 0.00000
-----------average decoder density 0.0000
step 107100: train loss 2.2315, val loss 2.2020
saving checkpoint to out-novel-char_LGT728D_4d06c3ce0eb6b62233f4128fdb1c3b0f
model:LGT728D iter 107100: loss 1.5276, time 3382.57ms, mfu 0.90%
model:LGT728D iter 107110: loss 1.3624, time 188.45ms, mfu 0.95%
model:LGT728D iter 107120: loss 1.4930, time 249.42ms, mfu 0.96%
model:LGT728D iter 107130: loss 1.5446, time 252.49ms, mfu 0.97%
model:LGT728D iter 107140: loss 1.3462, time 227.05ms, mfu 0.99%
------average encoder activity 0.00000
-----------average decoder density 0.0000
step 107150: train loss 2.2334, val loss 2.2026
saving checkpoint to out-novel-char_LGT728D_4d06c3ce0eb6b62233f4128fdb1c3b0f
model:LGT728D iter 107150: loss 1.5087, time 3641.41ms, mfu 0.90%
model:LGT728D iter 107160: loss 1.3622, time 176.74ms, mfu 0.95%
model:LGT728D iter 107170: loss 1.4723, time 239.95ms, mfu 0.97%
model:LGT728D iter 107180: loss 1.4455, time 252.86ms, mfu 0.97%
model:LGT728D iter 107190: loss 1.1528, time 278.95ms, mfu 0.97%
------average encoder activity 0.00000
-----------average decoder density 0.0000
step 107200: train loss 2.2353, val loss 2.2070
saving checkpoint to out-novel-char_LGT728D_4d06c3ce0eb6b62233f4128fdb1c3b0f
model:LGT728D iter 107200: loss 1.3744, time 6520.60ms, mfu 0.88%
model:LGT728D iter 107210: loss 1.4718, time 237.38ms, mfu 0.90%
model:LGT728D iter 107220: loss 1.4898, time 218.46ms, mfu 0.93%
model:LGT728D iter 107230: loss 1.4732, time 234.00ms, mfu 0.95%
model:LGT728D iter 107240: loss 1.4322, time 231.66ms, mfu 0.97%
------average encoder activity 0.00000
-----------average decoder density 0.0000
step 107250: train loss 2.2359, val loss 2.2010
saving checkpoint to out-novel-char_LGT728D_4d06c3ce0eb6b62233f4128fdb1c3b0f
model:LGT728D iter 107250: loss 1.3725, time 4065.07ms, mfu 0.88%
model:LGT728D iter 107260: loss 1.4636, time 213.93ms, mfu 0.91%
model:LGT728D iter 107270: loss 1.3822, time 215.84ms, mfu 0.94%
model:LGT728D iter 107280: loss 1.4896, time 147.72ms, mfu 1.02%
model:LGT728D iter 107290: loss 1.3570, time 176.48ms, mfu 1.07%
------average encoder activity 0.00000
-----------average decoder density 0.0000
step 107300: train loss 2.2302, val loss 2.1956
saving checkpoint to out-novel-char_LGT728D_4d06c3ce0eb6b62233f4128fdb1c3b0f
model:LGT728D iter 107300: loss 1.4036, time 4056.27ms, mfu 0.97%
model:LGT728D iter 107310: loss 1.2942, time 233.43ms, mfu 0.98%
model:LGT728D iter 107320: loss 1.4895, time 233.28ms, mfu 1.00%
model:LGT728D iter 107330: loss 1.3726, time 248.67ms, mfu 1.00%
model:LGT728D iter 107340: loss 1.4963, time 253.42ms, mfu 1.01%
------average encoder activity 0.00000
-----------average decoder density 0.0000
step 107350: train loss 2.2514, val loss 2.1965
saving checkpoint to out-novel-char_LGT728D_4d06c3ce0eb6b62233f4128fdb1c3b0f
model:LGT728D iter 107350: loss 1.4127, time 7296.88ms, mfu 0.91%
model:LGT728D iter 107360: loss 1.2816, time 267.81ms, mfu 0.92%
model:LGT728D iter 107370: loss 1.3205, time 227.85ms, mfu 0.94%
model:LGT728D iter 107380: loss 1.3751, time 174.17ms, mfu 1.00%
model:LGT728D iter 107390: loss 1.3758, time 189.84ms, mfu 1.03%
------average encoder activity 0.00000
-----------average decoder density 0.0000
step 107400: train loss 2.2261, val loss 2.2015
saving checkpoint to out-novel-char_LGT728D_4d06c3ce0eb6b62233f4128fdb1c3b0f
model:LGT728D iter 107400: loss 1.4481, time 3920.80ms, mfu 0.94%
model:LGT728D iter 107410: loss 1.4253, time 235.48ms, mfu 0.95%
model:LGT728D iter 107420: loss 1.4091, time 231.14ms, mfu 0.97%
model:LGT728D iter 107430: loss 1.4019, time 234.56ms, mfu 0.99%
model:LGT728D iter 107440: loss 1.4221, time 211.66ms, mfu 1.01%
------average encoder activity 0.00000
-----------average decoder density 0.0000
step 107450: train loss 2.2451, val loss 2.2049
saving checkpoint to out-novel-char_LGT728D_4d06c3ce0eb6b62233f4128fdb1c3b0f
model:LGT728D iter 107450: loss 1.4003, time 4844.78ms, mfu 0.92%
model:LGT728D iter 107460: loss 1.2279, time 320.29ms, mfu 0.91%
model:LGT728D iter 107470: loss 1.7135, time 289.85ms, mfu 0.91%
model:LGT728D iter 107480: loss 1.4941, time 252.82ms, mfu 0.92%
model:LGT728D iter 107490: loss 1.3698, time 234.79ms, mfu 0.94%
------average encoder activity 0.00000
-----------average decoder density 0.0000
step 107500: train loss 2.2190, val loss 2.1963
saving checkpoint to out-novel-char_LGT728D_4d06c3ce0eb6b62233f4128fdb1c3b0f
model:LGT728D iter 107500: loss 1.4581, time 3362.51ms, mfu 0.85%
model:LGT728D iter 107510: loss 1.4464, time 218.81ms, mfu 0.89%
model:LGT728D iter 107520: loss 1.5800, time 230.96ms, mfu 0.91%
model:LGT728D iter 107530: loss 1.4255, time 230.89ms, mfu 0.93%
model:LGT728D iter 107540: loss 1.2822, time 242.52ms, mfu 0.95%
------average encoder activity 0.00000
-----------average decoder density 0.0000
step 107550: train loss 2.2319, val loss 2.1847
saving checkpoint to out-novel-char_LGT728D_4d06c3ce0eb6b62233f4128fdb1c3b0f
model:LGT728D iter 107550: loss 1.3130, time 3577.59ms, mfu 0.86%
model:LGT728D iter 107560: loss 1.2984, time 186.92ms, mfu 0.91%
model:LGT728D iter 107570: loss 1.3581, time 236.82ms, mfu 0.93%
model:LGT728D iter 107580: loss 1.5337, time 244.26ms, mfu 0.95%
model:LGT728D iter 107590: loss 1.3492, time 233.56ms, mfu 0.96%
------average encoder activity 0.00000
-----------average decoder density 0.0000
step 107600: train loss 2.2321, val loss 2.2022
saving checkpoint to out-novel-char_LGT728D_4d06c3ce0eb6b62233f4128fdb1c3b0f
model:LGT728D iter 107600: loss 1.3314, time 3855.69ms, mfu 0.88%
model:LGT728D iter 107610: loss 1.3490, time 180.02ms, mfu 0.93%
model:LGT728D iter 107620: loss 1.4619, time 173.34ms, mfu 0.99%
model:LGT728D iter 107630: loss 1.4936, time 234.02ms, mfu 1.00%
model:LGT728D iter 107640: loss 1.3632, time 228.87ms, mfu 1.02%
------average encoder activity 0.00000
-----------average decoder density 0.0000
step 107650: train loss 2.2498, val loss 2.2028
saving checkpoint to out-novel-char_LGT728D_4d06c3ce0eb6b62233f4128fdb1c3b0f
model:LGT728D iter 107650: loss 1.4818, time 3981.28ms, mfu 0.92%
model:LGT728D iter 107660: loss 1.2910, time 236.38ms, mfu 0.94%
model:LGT728D iter 107670: loss 1.3997, time 226.61ms, mfu 0.96%
model:LGT728D iter 107680: loss 1.3740, time 213.56ms, mfu 0.99%
model:LGT728D iter 107690: loss 1.4808, time 229.78ms, mfu 1.00%
------average encoder activity 0.00000
-----------average decoder density 0.0000
step 107700: train loss 2.2314, val loss 2.2128
saving checkpoint to out-novel-char_LGT728D_4d06c3ce0eb6b62233f4128fdb1c3b0f
model:LGT728D iter 107700: loss 1.4522, time 3972.79ms, mfu 0.91%
model:LGT728D iter 107710: loss 1.4967, time 237.31ms, mfu 0.93%
model:LGT728D iter 107720: loss 1.4585, time 229.83ms, mfu 0.95%
model:LGT728D iter 107730: loss 1.5115, time 186.17ms, mfu 1.00%
model:LGT728D iter 107740: loss 1.5149, time 190.12ms, mfu 1.03%
------average encoder activity 0.00000
-----------average decoder density 0.0000
step 107750: train loss 2.2308, val loss 2.1764
saving checkpoint to out-novel-char_LGT728D_4d06c3ce0eb6b62233f4128fdb1c3b0f
model:LGT728D iter 107750: loss 1.3936, time 3924.50ms, mfu 0.94%
model:LGT728D iter 107760: loss 1.2738, time 244.43ms, mfu 0.95%
model:LGT728D iter 107770: loss 1.4105, time 254.90ms, mfu 0.96%
model:LGT728D iter 107780: loss 1.4186, time 220.15ms, mfu 0.98%
model:LGT728D iter 107790: loss 1.5129, time 175.15ms, mfu 1.03%
------average encoder activity 0.00000
-----------average decoder density 0.0000
step 107800: train loss 2.2401, val loss 2.1956
saving checkpoint to out-novel-char_LGT728D_4d06c3ce0eb6b62233f4128fdb1c3b0f
model:LGT728D iter 107800: loss 1.3683, time 4305.44ms, mfu 0.94%
model:LGT728D iter 107810: loss 1.3983, time 187.68ms, mfu 0.98%
model:LGT728D iter 107820: loss 1.2910, time 232.13ms, mfu 1.00%
model:LGT728D iter 107830: loss 1.3720, time 229.83ms, mfu 1.01%
model:LGT728D iter 107840: loss 1.3839, time 237.72ms, mfu 1.02%
------average encoder activity 0.00000
-----------average decoder density 0.0000
step 107850: train loss 2.2463, val loss 2.2007
saving checkpoint to out-novel-char_LGT728D_4d06c3ce0eb6b62233f4128fdb1c3b0f
model:LGT728D iter 107850: loss 1.3693, time 5990.61ms, mfu 0.92%
model:LGT728D iter 107860: loss 1.4405, time 319.15ms, mfu 0.91%
model:LGT728D iter 107870: loss 1.3107, time 257.28ms, mfu 0.92%
model:LGT728D iter 107880: loss 1.3893, time 228.20ms, mfu 0.94%
model:LGT728D iter 107890: loss 1.3893, time 227.28ms, mfu 0.97%
------average encoder activity 0.00000
-----------average decoder density 0.0000
step 107900: train loss 2.2199, val loss 2.1918
saving checkpoint to out-novel-char_LGT728D_4d06c3ce0eb6b62233f4128fdb1c3b0f
model:LGT728D iter 107900: loss 1.2958, time 3593.49ms, mfu 0.88%
model:LGT728D iter 107910: loss 1.5089, time 261.95ms, mfu 0.89%
model:LGT728D iter 107920: loss 1.2114, time 252.12ms, mfu 0.90%
model:LGT728D iter 107930: loss 1.3683, time 228.05ms, mfu 0.93%
model:LGT728D iter 107940: loss 1.4667, time 249.16ms, mfu 0.94%
------average encoder activity 0.00000
-----------average decoder density 0.0000
step 107950: train loss 2.2273, val loss 2.1983
saving checkpoint to out-novel-char_LGT728D_4d06c3ce0eb6b62233f4128fdb1c3b0f
model:LGT728D iter 107950: loss 1.4491, time 3635.55ms, mfu 0.85%
model:LGT728D iter 107960: loss 1.5074, time 249.91ms, mfu 0.87%
model:LGT728D iter 107970: loss 1.4200, time 214.33ms, mfu 0.91%
model:LGT728D iter 107980: loss 1.4087, time 186.51ms, mfu 0.96%
model:LGT728D iter 107990: loss 1.4190, time 231.26ms, mfu 0.97%
------average encoder activity 0.00000
-----------average decoder density 0.0000
step 108000: train loss 2.2610, val loss 2.2168
saving checkpoint to out-novel-char_LGT728D_4d06c3ce0eb6b62233f4128fdb1c3b0f
model:LGT728D iter 108000: loss 1.3445, time 3792.37ms, mfu 0.88%
model:LGT728D iter 108010: loss 1.5346, time 164.44ms, mfu 0.95%
model:LGT728D iter 108020: loss 1.4527, time 222.47ms, mfu 0.98%
model:LGT728D iter 108030: loss 1.1913, time 223.02ms, mfu 1.00%
model:LGT728D iter 108040: loss 1.5214, time 170.48ms, mfu 1.05%
------average encoder activity 0.00000
-----------average decoder density 0.0000
step 108050: train loss 2.2363, val loss 2.1938
saving checkpoint to out-novel-char_LGT728D_4d06c3ce0eb6b62233f4128fdb1c3b0f
model:LGT728D iter 108050: loss 1.5092, time 4073.43ms, mfu 0.95%
model:LGT728D iter 108060: loss 1.3293, time 158.64ms, mfu 1.02%
model:LGT728D iter 108070: loss 1.5442, time 158.36ms, mfu 1.08%
model:LGT728D iter 108080: loss 1.5256, time 159.19ms, mfu 1.14%
model:LGT728D iter 108090: loss 1.3980, time 163.75ms, mfu 1.19%
------average encoder activity 0.00000
-----------average decoder density 0.0000
step 108100: train loss 2.2511, val loss 2.2019
saving checkpoint to out-novel-char_LGT728D_4d06c3ce0eb6b62233f4128fdb1c3b0f
model:LGT728D iter 108100: loss 1.5924, time 4193.30ms, mfu 1.07%
model:LGT728D iter 108110: loss 1.5300, time 236.59ms, mfu 1.08%
model:LGT728D iter 108120: loss 1.4503, time 215.77ms, mfu 1.09%
model:LGT728D iter 108130: loss 1.4163, time 214.95ms, mfu 1.10%
model:LGT728D iter 108140: loss 1.4134, time 226.89ms, mfu 1.11%
------average encoder activity 0.00000
-----------average decoder density 0.0000
step 108150: train loss 2.2264, val loss 2.1968
saving checkpoint to out-novel-char_LGT728D_4d06c3ce0eb6b62233f4128fdb1c3b0f
model:LGT728D iter 108150: loss 1.5037, time 4072.31ms, mfu 1.00%
model:LGT728D iter 108160: loss 1.4124, time 204.44ms, mfu 1.03%
model:LGT728D iter 108170: loss 1.4406, time 234.22ms, mfu 1.04%
model:LGT728D iter 108180: loss 1.5181, time 217.44ms, mfu 1.06%
model:LGT728D iter 108190: loss 1.4453, time 213.39ms, mfu 1.07%
------average encoder activity 0.00000
-----------average decoder density 0.0000
step 108200: train loss 2.2403, val loss 2.2056
saving checkpoint to out-novel-char_LGT728D_4d06c3ce0eb6b62233f4128fdb1c3b0f
model:LGT728D iter 108200: loss 1.4358, time 4242.47ms, mfu 0.97%
model:LGT728D iter 108210: loss 1.6368, time 242.56ms, mfu 0.98%
model:LGT728D iter 108220: loss 1.4226, time 244.84ms, mfu 0.99%
model:LGT728D iter 108230: loss 1.4447, time 181.17ms, mfu 1.04%
model:LGT728D iter 108240: loss 1.3977, time 175.09ms, mfu 1.08%
------average encoder activity 0.00000
-----------average decoder density 0.0000
step 108250: train loss 2.2312, val loss 2.1919
saving checkpoint to out-novel-char_LGT728D_4d06c3ce0eb6b62233f4128fdb1c3b0f
model:LGT728D iter 108250: loss 1.3529, time 3933.61ms, mfu 0.98%
model:LGT728D iter 108260: loss 1.4373, time 239.93ms, mfu 0.99%
model:LGT728D iter 108270: loss 1.3944, time 185.32ms, mfu 1.03%
model:LGT728D iter 108280: loss 1.5388, time 226.51ms, mfu 1.05%
model:LGT728D iter 108290: loss 1.3459, time 213.91ms, mfu 1.06%
------average encoder activity 0.00000
-----------average decoder density 0.0000
step 108300: train loss 2.2384, val loss 2.1984
saving checkpoint to out-novel-char_LGT728D_4d06c3ce0eb6b62233f4128fdb1c3b0f
model:LGT728D iter 108300: loss 1.4200, time 3911.77ms, mfu 0.96%
model:LGT728D iter 108310: loss 1.3557, time 242.41ms, mfu 0.98%
model:LGT728D iter 108320: loss 1.4889, time 249.87ms, mfu 0.98%
model:LGT728D iter 108330: loss 1.3923, time 240.98ms, mfu 0.99%
model:LGT728D iter 108340: loss 1.4614, time 229.67ms, mfu 1.01%
------average encoder activity 0.00000
-----------average decoder density 0.0000
step 108350: train loss 2.2329, val loss 2.2085
saving checkpoint to out-novel-char_LGT728D_4d06c3ce0eb6b62233f4128fdb1c3b0f
model:LGT728D iter 108350: loss 1.5116, time 3924.59ms, mfu 0.91%
model:LGT728D iter 108360: loss 1.3958, time 225.84ms, mfu 0.94%
model:LGT728D iter 108370: loss 1.3262, time 229.03ms, mfu 0.96%
model:LGT728D iter 108380: loss 1.4672, time 238.30ms, mfu 0.97%
model:LGT728D iter 108390: loss 1.4878, time 264.42ms, mfu 0.97%
------average encoder activity 0.00000
-----------average decoder density 0.0000
step 108400: train loss 2.2311, val loss 2.2030
saving checkpoint to out-novel-char_LGT728D_4d06c3ce0eb6b62233f4128fdb1c3b0f
model:LGT728D iter 108400: loss 1.2893, time 3770.60ms, mfu 0.88%
model:LGT728D iter 108410: loss 1.4016, time 179.72ms, mfu 0.94%
model:LGT728D iter 108420: loss 1.3874, time 193.81ms, mfu 0.98%
model:LGT728D iter 108430: loss 1.4173, time 247.84ms, mfu 0.99%
model:LGT728D iter 108440: loss 1.2982, time 258.50ms, mfu 0.99%
------average encoder activity 0.00000
-----------average decoder density 0.0000
step 108450: train loss 2.2323, val loss 2.1879
saving checkpoint to out-novel-char_LGT728D_4d06c3ce0eb6b62233f4128fdb1c3b0f
model:LGT728D iter 108450: loss 1.3554, time 3733.96ms, mfu 0.90%
model:LGT728D iter 108460: loss 1.4588, time 175.80ms, mfu 0.96%
model:LGT728D iter 108470: loss 1.3594, time 245.23ms, mfu 0.97%
model:LGT728D iter 108480: loss 1.4377, time 251.62ms, mfu 0.98%
model:LGT728D iter 108490: loss 1.4056, time 254.01ms, mfu 0.98%
------average encoder activity 0.00000
-----------average decoder density 0.0000
step 108500: train loss 2.2175, val loss 2.1877
saving checkpoint to out-novel-char_LGT728D_4d06c3ce0eb6b62233f4128fdb1c3b0f
model:LGT728D iter 108500: loss 1.5052, time 3910.45ms, mfu 0.89%
model:LGT728D iter 108510: loss 1.3772, time 220.13ms, mfu 0.92%
model:LGT728D iter 108520: loss 1.3969, time 180.37ms, mfu 0.97%
model:LGT728D iter 108530: loss 1.2603, time 235.43ms, mfu 0.99%
model:LGT728D iter 108540: loss 1.5013, time 251.17ms, mfu 0.99%
------average encoder activity 0.00000
-----------average decoder density 0.0000
step 108550: train loss 2.2226, val loss 2.1905
saving checkpoint to out-novel-char_LGT728D_4d06c3ce0eb6b62233f4128fdb1c3b0f
model:LGT728D iter 108550: loss 1.6973, time 3949.10ms, mfu 0.90%
model:LGT728D iter 108560: loss 1.4002, time 223.98ms, mfu 0.93%
model:LGT728D iter 108570: loss 1.2723, time 222.56ms, mfu 0.95%
model:LGT728D iter 108580: loss 1.4292, time 240.13ms, mfu 0.97%
model:LGT728D iter 108590: loss 1.4957, time 233.80ms, mfu 0.98%
------average encoder activity 0.00000
-----------average decoder density 0.0000
step 108600: train loss 2.2181, val loss 2.1939
saving checkpoint to out-novel-char_LGT728D_4d06c3ce0eb6b62233f4128fdb1c3b0f
model:LGT728D iter 108600: loss 1.2943, time 3965.65ms, mfu 0.89%
model:LGT728D iter 108610: loss 1.4175, time 220.46ms, mfu 0.92%
model:LGT728D iter 108620: loss 1.2725, time 229.27ms, mfu 0.94%
model:LGT728D iter 108630: loss 1.4317, time 242.47ms, mfu 0.96%
model:LGT728D iter 108640: loss 1.3321, time 243.81ms, mfu 0.97%
------average encoder activity 0.00000
-----------average decoder density 0.0000
step 108650: train loss 2.2363, val loss 2.2074
saving checkpoint to out-novel-char_LGT728D_4d06c3ce0eb6b62233f4128fdb1c3b0f
model:LGT728D iter 108650: loss 1.3830, time 3908.45ms, mfu 0.88%
model:LGT728D iter 108660: loss 1.5425, time 233.21ms, mfu 0.90%
model:LGT728D iter 108670: loss 1.3860, time 176.94ms, mfu 0.96%
model:LGT728D iter 108680: loss 1.5108, time 179.12ms, mfu 1.01%
model:LGT728D iter 108690: loss 1.4735, time 192.46ms, mfu 1.04%
------average encoder activity 0.00000
-----------average decoder density 0.0000
step 108700: train loss 2.2119, val loss 2.1832
saving checkpoint to out-novel-char_LGT728D_4d06c3ce0eb6b62233f4128fdb1c3b0f
model:LGT728D iter 108700: loss 1.3855, time 3787.67ms, mfu 0.95%
model:LGT728D iter 108710: loss 1.4371, time 196.14ms, mfu 0.99%
model:LGT728D iter 108720: loss 1.3704, time 220.03ms, mfu 1.01%
model:LGT728D iter 108730: loss 1.5124, time 236.15ms, mfu 1.02%
model:LGT728D iter 108740: loss 1.3868, time 232.42ms, mfu 1.03%
------average encoder activity 0.00000
-----------average decoder density 0.0000
step 108750: train loss 2.2112, val loss 2.1896
saving checkpoint to out-novel-char_LGT728D_4d06c3ce0eb6b62233f4128fdb1c3b0f
model:LGT728D iter 108750: loss 1.3451, time 3818.36ms, mfu 0.93%
model:LGT728D iter 108760: loss 1.4022, time 250.22ms, mfu 0.94%
model:LGT728D iter 108770: loss 1.3426, time 234.73ms, mfu 0.96%
model:LGT728D iter 108780: loss 1.3562, time 234.05ms, mfu 0.98%
model:LGT728D iter 108790: loss 1.4242, time 181.62ms, mfu 1.02%
------average encoder activity 0.00000
-----------average decoder density 0.0000
step 108800: train loss 2.2132, val loss 2.1937
saving checkpoint to out-novel-char_LGT728D_4d06c3ce0eb6b62233f4128fdb1c3b0f
model:LGT728D iter 108800: loss 1.4219, time 3773.54ms, mfu 0.93%
model:LGT728D iter 108810: loss 1.3265, time 242.28ms, mfu 0.94%
model:LGT728D iter 108820: loss 1.3858, time 211.62ms, mfu 0.97%
model:LGT728D iter 108830: loss 1.5156, time 248.85ms, mfu 0.98%
model:LGT728D iter 108840: loss 1.4304, time 175.80ms, mfu 1.03%
------average encoder activity 0.00000
-----------average decoder density 0.0000
step 108850: train loss 2.2438, val loss 2.1963
saving checkpoint to out-novel-char_LGT728D_4d06c3ce0eb6b62233f4128fdb1c3b0f
model:LGT728D iter 108850: loss 1.3918, time 3651.78ms, mfu 0.93%
model:LGT728D iter 108860: loss 1.3651, time 243.11ms, mfu 0.95%
model:LGT728D iter 108870: loss 1.5044, time 236.05ms, mfu 0.96%
model:LGT728D iter 108880: loss 1.5734, time 230.47ms, mfu 0.98%
model:LGT728D iter 108890: loss 1.2211, time 235.38ms, mfu 0.99%
------average encoder activity 0.00000
-----------average decoder density 0.0000
step 108900: train loss 2.2431, val loss 2.2094
saving checkpoint to out-novel-char_LGT728D_4d06c3ce0eb6b62233f4128fdb1c3b0f
model:LGT728D iter 108900: loss 1.3893, time 3566.17ms, mfu 0.90%
model:LGT728D iter 108910: loss 1.3870, time 233.77ms, mfu 0.92%
model:LGT728D iter 108920: loss 1.5032, time 223.94ms, mfu 0.95%
model:LGT728D iter 108930: loss 1.6445, time 233.24ms, mfu 0.97%
model:LGT728D iter 108940: loss 1.4204, time 244.01ms, mfu 0.98%
------average encoder activity 0.00000
-----------average decoder density 0.0000
step 108950: train loss 2.2177, val loss 2.1907
saving checkpoint to out-novel-char_LGT728D_4d06c3ce0eb6b62233f4128fdb1c3b0f
model:LGT728D iter 108950: loss 1.3963, time 3434.94ms, mfu 0.89%
model:LGT728D iter 108960: loss 1.4911, time 247.05ms, mfu 0.90%
model:LGT728D iter 108970: loss 1.4334, time 194.44ms, mfu 0.95%
model:LGT728D iter 108980: loss 1.4796, time 246.95ms, mfu 0.96%
model:LGT728D iter 108990: loss 1.4251, time 252.44ms, mfu 0.97%
------average encoder activity 0.00000
-----------average decoder density 0.0000
step 109000: train loss 2.2235, val loss 2.1950
saving checkpoint to out-novel-char_LGT728D_4d06c3ce0eb6b62233f4128fdb1c3b0f
model:LGT728D iter 109000: loss 1.6480, time 3551.31ms, mfu 0.88%
model:LGT728D iter 109010: loss 1.2780, time 229.73ms, mfu 0.90%
model:LGT728D iter 109020: loss 1.5039, time 240.35ms, mfu 0.92%
model:LGT728D iter 109030: loss 1.4954, time 227.81ms, mfu 0.95%
model:LGT728D iter 109040: loss 1.6535, time 223.47ms, mfu 0.97%
------average encoder activity 0.00000
-----------average decoder density 0.0000
step 109050: train loss 2.2261, val loss 2.1863
saving checkpoint to out-novel-char_LGT728D_4d06c3ce0eb6b62233f4128fdb1c3b0f
model:LGT728D iter 109050: loss 1.3981, time 3812.01ms, mfu 0.88%
model:LGT728D iter 109060: loss 1.3190, time 225.15ms, mfu 0.91%
model:LGT728D iter 109070: loss 1.3152, time 228.90ms, mfu 0.93%
model:LGT728D iter 109080: loss 1.2994, time 240.10ms, mfu 0.95%
model:LGT728D iter 109090: loss 1.3538, time 224.89ms, mfu 0.97%
------average encoder activity 0.00000
-----------average decoder density 0.0000
step 109100: train loss 2.2064, val loss 2.1953
saving checkpoint to out-novel-char_LGT728D_4d06c3ce0eb6b62233f4128fdb1c3b0f
model:LGT728D iter 109100: loss 1.4469, time 4064.89ms, mfu 0.88%
model:LGT728D iter 109110: loss 1.4269, time 158.74ms, mfu 0.95%
model:LGT728D iter 109120: loss 1.4274, time 162.84ms, mfu 1.02%
model:LGT728D iter 109130: loss 1.4484, time 226.23ms, mfu 1.03%
model:LGT728D iter 109140: loss 1.4366, time 222.56ms, mfu 1.05%
------average encoder activity 0.00000
-----------average decoder density 0.0000
step 109150: train loss 2.2351, val loss 2.2073
saving checkpoint to out-novel-char_LGT728D_4d06c3ce0eb6b62233f4128fdb1c3b0f
model:LGT728D iter 109150: loss 1.4195, time 3935.89ms, mfu 0.95%
model:LGT728D iter 109160: loss 1.4517, time 243.96ms, mfu 0.96%
model:LGT728D iter 109170: loss 1.4044, time 231.41ms, mfu 0.98%
model:LGT728D iter 109180: loss 1.4931, time 196.27ms, mfu 1.01%
model:LGT728D iter 109190: loss 1.4655, time 184.43ms, mfu 1.05%
------average encoder activity 0.00000
-----------average decoder density 0.0000
step 109200: train loss 2.2401, val loss 2.1987
saving checkpoint to out-novel-char_LGT728D_4d06c3ce0eb6b62233f4128fdb1c3b0f
model:LGT728D iter 109200: loss 1.2585, time 3994.33ms, mfu 0.96%
model:LGT728D iter 109210: loss 1.4288, time 247.93ms, mfu 0.97%
model:LGT728D iter 109220: loss 1.3521, time 248.07ms, mfu 0.97%
model:LGT728D iter 109230: loss 1.4534, time 164.24ms, mfu 1.04%
model:LGT728D iter 109240: loss 1.6144, time 159.02ms, mfu 1.10%
------average encoder activity 0.00000
-----------average decoder density 0.0000
step 109250: train loss 2.2115, val loss 2.1835
saving checkpoint to out-novel-char_LGT728D_4d06c3ce0eb6b62233f4128fdb1c3b0f
model:LGT728D iter 109250: loss 1.3813, time 3831.14ms, mfu 0.99%
model:LGT728D iter 109260: loss 1.3684, time 228.62ms, mfu 1.01%
model:LGT728D iter 109270: loss 1.4694, time 215.23ms, mfu 1.03%
model:LGT728D iter 109280: loss 1.5417, time 187.32ms, mfu 1.07%
model:LGT728D iter 109290: loss 1.2742, time 169.46ms, mfu 1.11%
------average encoder activity 0.00000
-----------average decoder density 0.0000
step 109300: train loss 2.2075, val loss 2.1795
saving checkpoint to out-novel-char_LGT728D_4d06c3ce0eb6b62233f4128fdb1c3b0f
model:LGT728D iter 109300: loss 1.3555, time 3434.69ms, mfu 1.01%
model:LGT728D iter 109310: loss 1.5538, time 246.40ms, mfu 1.02%
model:LGT728D iter 109320: loss 1.5735, time 248.51ms, mfu 1.02%
model:LGT728D iter 109330: loss 1.3672, time 245.53ms, mfu 1.02%
model:LGT728D iter 109340: loss 1.5529, time 252.67ms, mfu 1.03%
------average encoder activity 0.00000
-----------average decoder density 0.0000
step 109350: train loss 2.1993, val loss 2.1842
saving checkpoint to out-novel-char_LGT728D_4d06c3ce0eb6b62233f4128fdb1c3b0f
model:LGT728D iter 109350: loss 1.5314, time 3414.40ms, mfu 0.93%
model:LGT728D iter 109360: loss 1.4127, time 255.13ms, mfu 0.94%
model:LGT728D iter 109370: loss 1.3878, time 249.67ms, mfu 0.95%
model:LGT728D iter 109380: loss 1.2464, time 229.41ms, mfu 0.97%
model:LGT728D iter 109390: loss 1.2621, time 220.91ms, mfu 0.99%
------average encoder activity 0.00000
-----------average decoder density 0.0000
step 109400: train loss 2.2054, val loss 2.1786
saving checkpoint to out-novel-char_LGT728D_4d06c3ce0eb6b62233f4128fdb1c3b0f
model:LGT728D iter 109400: loss 1.3480, time 3666.29ms, mfu 0.90%
model:LGT728D iter 109410: loss 1.3945, time 209.40ms, mfu 0.93%
model:LGT728D iter 109420: loss 1.3788, time 240.51ms, mfu 0.95%
model:LGT728D iter 109430: loss 1.4285, time 203.06ms, mfu 0.98%
model:LGT728D iter 109440: loss 1.5019, time 194.71ms, mfu 1.02%
------average encoder activity 0.00000
-----------average decoder density 0.0000
step 109450: train loss 2.2211, val loss 2.1953
saving checkpoint to out-novel-char_LGT728D_4d06c3ce0eb6b62233f4128fdb1c3b0f
model:LGT728D iter 109450: loss 1.5629, time 3891.69ms, mfu 0.92%
model:LGT728D iter 109460: loss 1.4380, time 215.13ms, mfu 0.95%
model:LGT728D iter 109470: loss 1.2376, time 218.83ms, mfu 0.98%
model:LGT728D iter 109480: loss 1.6065, time 231.91ms, mfu 0.99%
model:LGT728D iter 109490: loss 1.5379, time 241.82ms, mfu 1.00%
------average encoder activity 0.00000
-----------average decoder density 0.0000
step 109500: train loss 2.2233, val loss 2.2007
saving checkpoint to out-novel-char_LGT728D_4d06c3ce0eb6b62233f4128fdb1c3b0f
model:LGT728D iter 109500: loss 1.4187, time 4060.51ms, mfu 0.91%
model:LGT728D iter 109510: loss 1.4554, time 217.93ms, mfu 0.94%
model:LGT728D iter 109520: loss 1.4364, time 166.56ms, mfu 1.00%
model:LGT728D iter 109530: loss 1.5842, time 161.22ms, mfu 1.06%
model:LGT728D iter 109540: loss 1.3145, time 231.98ms, mfu 1.07%
------average encoder activity 0.00000
-----------average decoder density 0.0000
step 109550: train loss 2.2131, val loss 2.1927
saving checkpoint to out-novel-char_LGT728D_4d06c3ce0eb6b62233f4128fdb1c3b0f
model:LGT728D iter 109550: loss 1.4190, time 3972.93ms, mfu 0.97%
model:LGT728D iter 109560: loss 1.2882, time 235.16ms, mfu 0.98%
model:LGT728D iter 109570: loss 1.4348, time 215.10ms, mfu 1.01%
model:LGT728D iter 109580: loss 1.4414, time 220.74ms, mfu 1.02%
model:LGT728D iter 109590: loss 1.3858, time 233.42ms, mfu 1.03%
------average encoder activity 0.00000
-----------average decoder density 0.0000
step 109600: train loss 2.2284, val loss 2.1965
saving checkpoint to out-novel-char_LGT728D_4d06c3ce0eb6b62233f4128fdb1c3b0f
model:LGT728D iter 109600: loss 1.3406, time 3998.82ms, mfu 0.94%
model:LGT728D iter 109610: loss 1.4178, time 240.10ms, mfu 0.95%
model:LGT728D iter 109620: loss 1.4086, time 231.19ms, mfu 0.97%
model:LGT728D iter 109630: loss 1.4153, time 232.35ms, mfu 0.99%
model:LGT728D iter 109640: loss 1.5383, time 240.57ms, mfu 1.00%
------average encoder activity 0.00000
-----------average decoder density 0.0000
step 109650: train loss 2.2087, val loss 2.1907
saving checkpoint to out-novel-char_LGT728D_4d06c3ce0eb6b62233f4128fdb1c3b0f
model:LGT728D iter 109650: loss 1.4197, time 4052.42ms, mfu 0.90%
model:LGT728D iter 109660: loss 1.3964, time 179.00ms, mfu 0.96%
model:LGT728D iter 109670: loss 1.4910, time 227.45ms, mfu 0.98%
model:LGT728D iter 109680: loss 1.2822, time 176.71ms, mfu 1.03%
model:LGT728D iter 109690: loss 1.2612, time 181.04ms, mfu 1.07%
------average encoder activity 0.00000
-----------average decoder density 0.0000
step 109700: train loss 2.2069, val loss 2.1960
saving checkpoint to out-novel-char_LGT728D_4d06c3ce0eb6b62233f4128fdb1c3b0f
model:LGT728D iter 109700: loss 1.4220, time 5728.30ms, mfu 0.97%
model:LGT728D iter 109710: loss 1.3905, time 306.27ms, mfu 0.96%
model:LGT728D iter 109720: loss 1.5481, time 238.80ms, mfu 0.97%
model:LGT728D iter 109730: loss 1.3327, time 247.97ms, mfu 0.98%
model:LGT728D iter 109740: loss 1.3405, time 213.71ms, mfu 1.00%
------average encoder activity 0.00000
-----------average decoder density 0.0000
step 109750: train loss 2.2045, val loss 2.1826
saving checkpoint to out-novel-char_LGT728D_4d06c3ce0eb6b62233f4128fdb1c3b0f
model:LGT728D iter 109750: loss 1.1792, time 3668.10ms, mfu 0.91%
model:LGT728D iter 109760: loss 1.2711, time 238.58ms, mfu 0.93%
model:LGT728D iter 109770: loss 1.3604, time 225.66ms, mfu 0.95%
model:LGT728D iter 109780: loss 1.4185, time 233.94ms, mfu 0.97%
model:LGT728D iter 109790: loss 1.5268, time 224.18ms, mfu 0.99%
------average encoder activity 0.00000
-----------average decoder density 0.0000
step 109800: train loss 2.2267, val loss 2.1799
saving checkpoint to out-novel-char_LGT728D_4d06c3ce0eb6b62233f4128fdb1c3b0f
model:LGT728D iter 109800: loss 1.5455, time 3558.62ms, mfu 0.90%
model:LGT728D iter 109810: loss 1.4360, time 230.82ms, mfu 0.92%
model:LGT728D iter 109820: loss 1.3776, time 209.46ms, mfu 0.95%
model:LGT728D iter 109830: loss 1.4903, time 239.95ms, mfu 0.97%
model:LGT728D iter 109840: loss 1.6333, time 223.71ms, mfu 0.99%
------average encoder activity 0.00000
-----------average decoder density 0.0000
step 109850: train loss 2.2164, val loss 2.1841
saving checkpoint to out-novel-char_LGT728D_4d06c3ce0eb6b62233f4128fdb1c3b0f
model:LGT728D iter 109850: loss 1.2415, time 3489.84ms, mfu 0.90%
model:LGT728D iter 109860: loss 1.4676, time 232.53ms, mfu 0.92%
model:LGT728D iter 109870: loss 1.4340, time 235.37ms, mfu 0.94%
model:LGT728D iter 109880: loss 1.3939, time 232.14ms, mfu 0.96%
model:LGT728D iter 109890: loss 1.4727, time 236.68ms, mfu 0.97%
------average encoder activity 0.00000
-----------average decoder density 0.0000
step 109900: train loss 2.2328, val loss 2.1966
saving checkpoint to out-novel-char_LGT728D_4d06c3ce0eb6b62233f4128fdb1c3b0f
model:LGT728D iter 109900: loss 1.5733, time 5970.20ms, mfu 0.88%
model:LGT728D iter 109910: loss 1.2748, time 282.28ms, mfu 0.88%
model:LGT728D iter 109920: loss 1.4705, time 271.15ms, mfu 0.89%
model:LGT728D iter 109930: loss 1.4332, time 189.98ms, mfu 0.94%
model:LGT728D iter 109940: loss 1.4859, time 221.10ms, mfu 0.97%
------average encoder activity 0.00000
-----------average decoder density 0.0000
step 109950: train loss 2.2279, val loss 2.1876
saving checkpoint to out-novel-char_LGT728D_4d06c3ce0eb6b62233f4128fdb1c3b0f
model:LGT728D iter 109950: loss 1.3452, time 5455.62ms, mfu 0.87%
model:LGT728D iter 109960: loss 1.2941, time 226.81ms, mfu 0.90%
model:LGT728D iter 109970: loss 1.5318, time 229.44ms, mfu 0.93%
model:LGT728D iter 109980: loss 1.3550, time 221.28ms, mfu 0.95%
model:LGT728D iter 109990: loss 1.3038, time 223.68ms, mfu 0.97%
------average encoder activity 0.00000
-----------average decoder density 0.0000
step 110000: train loss 2.2144, val loss 2.1792
saving checkpoint to out-novel-char_LGT728D_4d06c3ce0eb6b62233f4128fdb1c3b0f
model:LGT728D iter 110000: loss 1.5016, time 4297.64ms, mfu 0.88%
model:LGT728D iter 110010: loss 1.3594, time 159.05ms, mfu 0.96%
model:LGT728D iter 110020: loss 1.4595, time 211.38ms, mfu 0.99%
model:LGT728D iter 110030: loss 1.3637, time 227.66ms, mfu 1.00%
model:LGT728D iter 110040: loss 1.2623, time 233.25ms, mfu 1.01%
------average encoder activity 0.00000
-----------average decoder density 0.0000
step 110050: train loss 2.2128, val loss 2.1846
saving checkpoint to out-novel-char_LGT728D_4d06c3ce0eb6b62233f4128fdb1c3b0f
model:LGT728D iter 110050: loss 1.4536, time 4966.32ms, mfu 0.92%
model:LGT728D iter 110060: loss 1.6044, time 223.32ms, mfu 0.94%
model:LGT728D iter 110070: loss 1.4348, time 275.44ms, mfu 0.94%
model:LGT728D iter 110080: loss 1.4412, time 265.85ms, mfu 0.95%
model:LGT728D iter 110090: loss 1.3823, time 225.87ms, mfu 0.97%
------average encoder activity 0.00000
-----------average decoder density 0.0000
step 110100: train loss 2.2100, val loss 2.1821
saving checkpoint to out-novel-char_LGT728D_4d06c3ce0eb6b62233f4128fdb1c3b0f
model:LGT728D iter 110100: loss 1.3633, time 4248.50ms, mfu 0.88%
model:LGT728D iter 110110: loss 1.2562, time 233.80ms, mfu 0.90%
model:LGT728D iter 110120: loss 1.3157, time 212.84ms, mfu 0.94%
model:LGT728D iter 110130: loss 1.5927, time 213.53ms, mfu 0.96%
model:LGT728D iter 110140: loss 1.4296, time 225.90ms, mfu 0.98%
------average encoder activity 0.00000
-----------average decoder density 0.0000
step 110150: train loss 2.2031, val loss 2.1670
saving checkpoint to out-novel-char_LGT728D_4d06c3ce0eb6b62233f4128fdb1c3b0f
model:LGT728D iter 110150: loss 1.5208, time 4924.95ms, mfu 0.89%
model:LGT728D iter 110160: loss 1.3374, time 264.83ms, mfu 0.90%
model:LGT728D iter 110170: loss 1.3494, time 224.43ms, mfu 0.93%
model:LGT728D iter 110180: loss 1.4902, time 221.93ms, mfu 0.95%
model:LGT728D iter 110190: loss 1.4211, time 209.86ms, mfu 0.98%
------average encoder activity 0.00000
-----------average decoder density 0.0000
step 110200: train loss 2.2060, val loss 2.1612
saving checkpoint to out-novel-char_LGT728D_4d06c3ce0eb6b62233f4128fdb1c3b0f
model:LGT728D iter 110200: loss 1.5694, time 4282.77ms, mfu 0.89%
model:LGT728D iter 110210: loss 1.1875, time 223.78ms, mfu 0.92%
model:LGT728D iter 110220: loss 1.3761, time 223.52ms, mfu 0.94%
model:LGT728D iter 110230: loss 1.2687, time 218.86ms, mfu 0.97%
model:LGT728D iter 110240: loss 1.4853, time 217.87ms, mfu 0.99%
------average encoder activity 0.00000
-----------average decoder density 0.0000
step 110250: train loss 2.2190, val loss 2.1858
saving checkpoint to out-novel-char_LGT728D_4d06c3ce0eb6b62233f4128fdb1c3b0f
model:LGT728D iter 110250: loss 1.1036, time 4239.67ms, mfu 0.90%
model:LGT728D iter 110260: loss 1.3700, time 222.55ms, mfu 0.93%
model:LGT728D iter 110270: loss 1.4822, time 219.48ms, mfu 0.95%
model:LGT728D iter 110280: loss 1.3755, time 219.07ms, mfu 0.98%
model:LGT728D iter 110290: loss 1.2761, time 216.81ms, mfu 1.00%
------average encoder activity 0.00000
-----------average decoder density 0.0000
step 110300: train loss 2.2118, val loss 2.1823
saving checkpoint to out-novel-char_LGT728D_4d06c3ce0eb6b62233f4128fdb1c3b0f
model:LGT728D iter 110300: loss 1.3963, time 4179.47ms, mfu 0.91%
model:LGT728D iter 110310: loss 1.3922, time 224.59ms, mfu 0.93%
model:LGT728D iter 110320: loss 1.4690, time 225.69ms, mfu 0.95%
model:LGT728D iter 110330: loss 1.4046, time 278.75ms, mfu 0.95%
model:LGT728D iter 110340: loss 1.3052, time 197.48ms, mfu 0.99%
------average encoder activity 0.00000
-----------average decoder density 0.0000
step 110350: train loss 2.2180, val loss 2.1863
saving checkpoint to out-novel-char_LGT728D_4d06c3ce0eb6b62233f4128fdb1c3b0f
model:LGT728D iter 110350: loss 1.5554, time 7550.36ms, mfu 0.89%
model:LGT728D iter 110360: loss 1.2588, time 285.21ms, mfu 0.90%
model:LGT728D iter 110370: loss 1.2628, time 247.44ms, mfu 0.91%
model:LGT728D iter 110380: loss 1.4879, time 243.27ms, mfu 0.93%
model:LGT728D iter 110390: loss 1.3865, time 233.71ms, mfu 0.95%
------average encoder activity 0.00000
-----------average decoder density 0.0000
step 110400: train loss 2.2119, val loss 2.1781
saving checkpoint to out-novel-char_LGT728D_4d06c3ce0eb6b62233f4128fdb1c3b0f
model:LGT728D iter 110400: loss 1.3769, time 3905.40ms, mfu 0.86%
model:LGT728D iter 110410: loss 1.3664, time 269.34ms, mfu 0.87%
model:LGT728D iter 110420: loss 1.4265, time 272.67ms, mfu 0.88%
model:LGT728D iter 110430: loss 1.5481, time 231.60ms, mfu 0.91%
model:LGT728D iter 110440: loss 1.5084, time 228.29ms, mfu 0.93%
------average encoder activity 0.00000
-----------average decoder density 0.0000
step 110450: train loss 2.2156, val loss 2.1757
saving checkpoint to out-novel-char_LGT728D_4d06c3ce0eb6b62233f4128fdb1c3b0f
model:LGT728D iter 110450: loss 1.4257, time 3499.74ms, mfu 0.84%
model:LGT728D iter 110460: loss 1.4238, time 221.35ms, mfu 0.88%
model:LGT728D iter 110470: loss 1.4631, time 234.84ms, mfu 0.90%
model:LGT728D iter 110480: loss 1.3308, time 228.47ms, mfu 0.93%
model:LGT728D iter 110490: loss 1.2774, time 229.68ms, mfu 0.95%
------average encoder activity 0.00000
-----------average decoder density 0.0000
step 110500: train loss 2.2142, val loss 2.1714
saving checkpoint to out-novel-char_LGT728D_4d06c3ce0eb6b62233f4128fdb1c3b0f
model:LGT728D iter 110500: loss 1.5434, time 3464.56ms, mfu 0.86%
model:LGT728D iter 110510: loss 1.3855, time 224.48ms, mfu 0.89%
model:LGT728D iter 110520: loss 1.4577, time 228.17ms, mfu 0.92%
model:LGT728D iter 110530: loss 1.4422, time 222.91ms, mfu 0.94%
model:LGT728D iter 110540: loss 1.3659, time 228.19ms, mfu 0.96%
------average encoder activity 0.00000
-----------average decoder density 0.0000
step 110550: train loss 2.2002, val loss 2.1741
saving checkpoint to out-novel-char_LGT728D_4d06c3ce0eb6b62233f4128fdb1c3b0f
model:LGT728D iter 110550: loss 1.4135, time 3548.26ms, mfu 0.87%
model:LGT728D iter 110560: loss 1.6477, time 219.11ms, mfu 0.91%
model:LGT728D iter 110570: loss 1.5504, time 239.17ms, mfu 0.92%
model:LGT728D iter 110580: loss 1.3934, time 241.46ms, mfu 0.94%
model:LGT728D iter 110590: loss 1.4440, time 221.24ms, mfu 0.96%
------average encoder activity 0.00000
-----------average decoder density 0.0000
step 110600: train loss 2.2061, val loss 2.1823
saving checkpoint to out-novel-char_LGT728D_4d06c3ce0eb6b62233f4128fdb1c3b0f
model:LGT728D iter 110600: loss 1.5479, time 4590.17ms, mfu 0.87%
model:LGT728D iter 110610: loss 1.2867, time 276.37ms, mfu 0.88%
model:LGT728D iter 110620: loss 1.2789, time 296.31ms, mfu 0.88%
model:LGT728D iter 110630: loss 1.2787, time 306.12ms, mfu 0.88%
model:LGT728D iter 110640: loss 1.3933, time 256.72ms, mfu 0.89%
------average encoder activity 0.00000
-----------average decoder density 0.0000
step 110650: train loss 2.1946, val loss 2.1670
saving checkpoint to out-novel-char_LGT728D_4d06c3ce0eb6b62233f4128fdb1c3b0f
model:LGT728D iter 110650: loss 1.3769, time 3972.81ms, mfu 0.81%
model:LGT728D iter 110660: loss 1.5818, time 186.60ms, mfu 0.87%
model:LGT728D iter 110670: loss 1.3288, time 176.91ms, mfu 0.93%
model:LGT728D iter 110680: loss 1.5518, time 243.66ms, mfu 0.94%
model:LGT728D iter 110690: loss 1.4249, time 297.85ms, mfu 0.94%
------average encoder activity 0.00000
-----------average decoder density 0.0000
step 110700: train loss 2.2119, val loss 2.1737
saving checkpoint to out-novel-char_LGT728D_4d06c3ce0eb6b62233f4128fdb1c3b0f
model:LGT728D iter 110700: loss 1.4489, time 4231.15ms, mfu 0.85%
model:LGT728D iter 110710: loss 1.3161, time 232.60ms, mfu 0.88%
model:LGT728D iter 110720: loss 1.4127, time 162.40ms, mfu 0.95%
model:LGT728D iter 110730: loss 1.4025, time 169.47ms, mfu 1.01%
model:LGT728D iter 110740: loss 1.2983, time 231.81ms, mfu 1.02%
------average encoder activity 0.00000
-----------average decoder density 0.0000
step 110750: train loss 2.2267, val loss 2.1906
saving checkpoint to out-novel-char_LGT728D_4d06c3ce0eb6b62233f4128fdb1c3b0f
model:LGT728D iter 110750: loss 1.2809, time 4056.95ms, mfu 0.93%
model:LGT728D iter 110760: loss 1.5280, time 216.09ms, mfu 0.96%
model:LGT728D iter 110770: loss 1.3434, time 233.36ms, mfu 0.97%
model:LGT728D iter 110780: loss 1.3884, time 220.81ms, mfu 0.99%
model:LGT728D iter 110790: loss 1.4289, time 210.50ms, mfu 1.02%
------average encoder activity 0.00000
-----------average decoder density 0.0000
step 110800: train loss 2.2142, val loss 2.1703
saving checkpoint to out-novel-char_LGT728D_4d06c3ce0eb6b62233f4128fdb1c3b0f
model:LGT728D iter 110800: loss 1.3741, time 4048.74ms, mfu 0.92%
model:LGT728D iter 110810: loss 1.4400, time 191.61ms, mfu 0.97%
model:LGT728D iter 110820: loss 1.4236, time 181.25ms, mfu 1.01%
model:LGT728D iter 110830: loss 1.2703, time 216.63ms, mfu 1.03%
model:LGT728D iter 110840: loss 1.5076, time 213.10ms, mfu 1.05%
------average encoder activity 0.00000
-----------average decoder density 0.0000
step 110850: train loss 2.2187, val loss 2.1827
saving checkpoint to out-novel-char_LGT728D_4d06c3ce0eb6b62233f4128fdb1c3b0f
model:LGT728D iter 110850: loss 1.4736, time 4067.22ms, mfu 0.95%
model:LGT728D iter 110860: loss 1.3715, time 209.98ms, mfu 0.98%
model:LGT728D iter 110870: loss 1.3674, time 233.36ms, mfu 1.00%
model:LGT728D iter 110880: loss 1.5428, time 224.72ms, mfu 1.01%
model:LGT728D iter 110890: loss 1.4874, time 165.03ms, mfu 1.07%
------average encoder activity 0.00000
-----------average decoder density 0.0000
step 110900: train loss 2.2076, val loss 2.1813
saving checkpoint to out-novel-char_LGT728D_4d06c3ce0eb6b62233f4128fdb1c3b0f
model:LGT728D iter 110900: loss 1.4214, time 3837.47ms, mfu 0.97%
model:LGT728D iter 110910: loss 1.3521, time 201.12ms, mfu 1.00%
model:LGT728D iter 110920: loss 1.3834, time 225.16ms, mfu 1.02%
model:LGT728D iter 110930: loss 1.3811, time 176.66ms, mfu 1.07%
model:LGT728D iter 110940: loss 1.2438, time 179.39ms, mfu 1.11%
------average encoder activity 0.00000
-----------average decoder density 0.0000
step 110950: train loss 2.1990, val loss 2.1966
saving checkpoint to out-novel-char_LGT728D_4d06c3ce0eb6b62233f4128fdb1c3b0f
model:LGT728D iter 110950: loss 1.2747, time 3337.93ms, mfu 1.00%
model:LGT728D iter 110960: loss 1.4683, time 171.96ms, mfu 1.05%
model:LGT728D iter 110970: loss 1.5311, time 236.49ms, mfu 1.06%
model:LGT728D iter 110980: loss 1.4310, time 182.30ms, mfu 1.10%
model:LGT728D iter 110990: loss 1.2425, time 183.57ms, mfu 1.13%
------average encoder activity 0.00000
-----------average decoder density 0.0000
step 111000: train loss 2.2001, val loss 2.1815
saving checkpoint to out-novel-char_LGT728D_4d06c3ce0eb6b62233f4128fdb1c3b0f
model:LGT728D iter 111000: loss 1.5079, time 4070.72ms, mfu 1.02%
model:LGT728D iter 111010: loss 1.3691, time 177.74ms, mfu 1.07%
model:LGT728D iter 111020: loss 1.4939, time 163.87ms, mfu 1.12%
model:LGT728D iter 111030: loss 1.4083, time 225.52ms, mfu 1.13%
model:LGT728D iter 111040: loss 1.3170, time 218.77ms, mfu 1.13%
------average encoder activity 0.00000
-----------average decoder density 0.0000
step 111050: train loss 2.2069, val loss 2.1734
saving checkpoint to out-novel-char_LGT728D_4d06c3ce0eb6b62233f4128fdb1c3b0f
model:LGT728D iter 111050: loss 1.4785, time 4238.31ms, mfu 1.03%
model:LGT728D iter 111060: loss 1.2916, time 215.35ms, mfu 1.04%
model:LGT728D iter 111070: loss 1.3976, time 211.22ms, mfu 1.06%
model:LGT728D iter 111080: loss 1.5087, time 228.99ms, mfu 1.07%
model:LGT728D iter 111090: loss 1.5006, time 236.63ms, mfu 1.08%
------average encoder activity 0.00000
-----------average decoder density 0.0000
step 111100: train loss 2.2020, val loss 2.1666
saving checkpoint to out-novel-char_LGT728D_4d06c3ce0eb6b62233f4128fdb1c3b0f
model:LGT728D iter 111100: loss 1.3222, time 4234.03ms, mfu 0.97%
model:LGT728D iter 111110: loss 1.3316, time 239.75ms, mfu 0.99%
model:LGT728D iter 111120: loss 1.3548, time 199.64ms, mfu 1.02%
model:LGT728D iter 111130: loss 1.4094, time 296.22ms, mfu 1.00%
model:LGT728D iter 111140: loss 1.5227, time 300.08ms, mfu 0.99%
------average encoder activity 0.00000
-----------average decoder density 0.0000
step 111150: train loss 2.2223, val loss 2.1813
saving checkpoint to out-novel-char_LGT728D_4d06c3ce0eb6b62233f4128fdb1c3b0f
model:LGT728D iter 111150: loss 1.4381, time 5307.03ms, mfu 0.90%
model:LGT728D iter 111160: loss 1.3249, time 225.65ms, mfu 0.92%
model:LGT728D iter 111170: loss 1.4361, time 210.40ms, mfu 0.96%
model:LGT728D iter 111180: loss 1.5103, time 163.92ms, mfu 1.02%
model:LGT728D iter 111190: loss 1.0796, time 171.56ms, mfu 1.07%
------average encoder activity 0.00000
-----------average decoder density 0.0000
step 111200: train loss 2.2164, val loss 2.1725
saving checkpoint to out-novel-char_LGT728D_4d06c3ce0eb6b62233f4128fdb1c3b0f
model:LGT728D iter 111200: loss 1.2805, time 4215.46ms, mfu 0.97%
model:LGT728D iter 111210: loss 1.3875, time 232.53ms, mfu 0.98%
model:LGT728D iter 111220: loss 1.3669, time 178.86ms, mfu 1.03%
model:LGT728D iter 111230: loss 1.6177, time 180.15ms, mfu 1.07%
model:LGT728D iter 111240: loss 1.3790, time 179.51ms, mfu 1.11%
------average encoder activity 0.00000
-----------average decoder density 0.0000
step 111250: train loss 2.1997, val loss 2.1670
saving checkpoint to out-novel-char_LGT728D_4d06c3ce0eb6b62233f4128fdb1c3b0f
model:LGT728D iter 111250: loss 1.5230, time 5424.43ms, mfu 1.01%
model:LGT728D iter 111260: loss 1.4516, time 294.13ms, mfu 0.99%
model:LGT728D iter 111270: loss 1.3859, time 249.54ms, mfu 1.00%
model:LGT728D iter 111280: loss 1.3292, time 221.42ms, mfu 1.02%
model:LGT728D iter 111290: loss 1.5666, time 208.15ms, mfu 1.04%
------average encoder activity 0.00000
-----------average decoder density 0.0000
step 111300: train loss 2.2109, val loss 2.1792
saving checkpoint to out-novel-char_LGT728D_4d06c3ce0eb6b62233f4128fdb1c3b0f
model:LGT728D iter 111300: loss 1.2763, time 3466.47ms, mfu 0.95%
model:LGT728D iter 111310: loss 1.4618, time 242.02ms, mfu 0.96%
model:LGT728D iter 111320: loss 1.5076, time 194.70ms, mfu 1.00%
model:LGT728D iter 111330: loss 1.5668, time 172.55ms, mfu 1.05%
model:LGT728D iter 111340: loss 1.4722, time 170.78ms, mfu 1.10%
------average encoder activity 0.00000
-----------average decoder density 0.0000
step 111350: train loss 2.2060, val loss 2.1800
saving checkpoint to out-novel-char_LGT728D_4d06c3ce0eb6b62233f4128fdb1c3b0f
model:LGT728D iter 111350: loss 1.4449, time 3742.43ms, mfu 1.00%
model:LGT728D iter 111360: loss 1.4652, time 158.82ms, mfu 1.06%
model:LGT728D iter 111370: loss 1.5778, time 227.92ms, mfu 1.07%
model:LGT728D iter 111380: loss 1.4101, time 185.18ms, mfu 1.10%
model:LGT728D iter 111390: loss 1.4791, time 190.67ms, mfu 1.13%
------average encoder activity 0.00000
-----------average decoder density 0.0000
step 111400: train loss 2.1946, val loss 2.1652
saving checkpoint to out-novel-char_LGT728D_4d06c3ce0eb6b62233f4128fdb1c3b0f
model:LGT728D iter 111400: loss 1.2146, time 4127.87ms, mfu 1.02%
model:LGT728D iter 111410: loss 1.5732, time 163.53ms, mfu 1.08%
model:LGT728D iter 111420: loss 1.4293, time 164.29ms, mfu 1.13%
model:LGT728D iter 111430: loss 1.5438, time 228.26ms, mfu 1.13%
model:LGT728D iter 111440: loss 1.6486, time 244.45ms, mfu 1.13%
------average encoder activity 0.00000
-----------average decoder density 0.0000
step 111450: train loss 2.1993, val loss 2.1722
saving checkpoint to out-novel-char_LGT728D_4d06c3ce0eb6b62233f4128fdb1c3b0f
model:LGT728D iter 111450: loss 1.5560, time 6304.10ms, mfu 1.02%
model:LGT728D iter 111460: loss 1.3811, time 308.47ms, mfu 1.00%
model:LGT728D iter 111470: loss 1.5369, time 190.34ms, mfu 1.04%
model:LGT728D iter 111480: loss 1.3660, time 162.04ms, mfu 1.10%
model:LGT728D iter 111490: loss 1.3720, time 209.74ms, mfu 1.11%
------average encoder activity 0.00000
-----------average decoder density 0.0000
step 111500: train loss 2.2270, val loss 2.1995
saving checkpoint to out-novel-char_LGT728D_4d06c3ce0eb6b62233f4128fdb1c3b0f
model:LGT728D iter 111500: loss 1.2955, time 4098.94ms, mfu 1.01%
model:LGT728D iter 111510: loss 1.4742, time 233.74ms, mfu 1.02%
model:LGT728D iter 111520: loss 1.3560, time 219.36ms, mfu 1.04%
model:LGT728D iter 111530: loss 1.4497, time 220.91ms, mfu 1.05%
model:LGT728D iter 111540: loss 1.4959, time 153.90ms, mfu 1.12%
------average encoder activity 0.00000
-----------average decoder density 0.0000
step 111550: train loss 2.2067, val loss 2.1737
saving checkpoint to out-novel-char_LGT728D_4d06c3ce0eb6b62233f4128fdb1c3b0f
model:LGT728D iter 111550: loss 1.3349, time 4056.62ms, mfu 1.01%
model:LGT728D iter 111560: loss 1.3461, time 234.35ms, mfu 1.02%
model:LGT728D iter 111570: loss 1.4903, time 229.29ms, mfu 1.03%
model:LGT728D iter 111580: loss 1.3544, time 216.07ms, mfu 1.05%
model:LGT728D iter 111590: loss 1.2923, time 159.30ms, mfu 1.11%
------average encoder activity 0.00000
-----------average decoder density 0.0000
step 111600: train loss 2.1936, val loss 2.1645
saving checkpoint to out-novel-char_LGT728D_4d06c3ce0eb6b62233f4128fdb1c3b0f
model:LGT728D iter 111600: loss 1.3901, time 3810.54ms, mfu 1.01%
model:LGT728D iter 111610: loss 1.1837, time 226.44ms, mfu 1.02%
model:LGT728D iter 111620: loss 1.3418, time 229.28ms, mfu 1.03%
model:LGT728D iter 111630: loss 1.4330, time 236.48ms, mfu 1.04%
model:LGT728D iter 111640: loss 1.4056, time 215.47ms, mfu 1.06%
------average encoder activity 0.00000
-----------average decoder density 0.0000
step 111650: train loss 2.1960, val loss 2.1723
saving checkpoint to out-novel-char_LGT728D_4d06c3ce0eb6b62233f4128fdb1c3b0f
model:LGT728D iter 111650: loss 1.4655, time 3649.65ms, mfu 0.96%
model:LGT728D iter 111660: loss 1.4669, time 231.90ms, mfu 0.98%
model:LGT728D iter 111670: loss 1.6017, time 233.28ms, mfu 0.99%
model:LGT728D iter 111680: loss 1.1425, time 229.46ms, mfu 1.01%
model:LGT728D iter 111690: loss 1.4264, time 229.65ms, mfu 1.02%
------average encoder activity 0.00000
-----------average decoder density 0.0000
step 111700: train loss 2.2046, val loss 2.1720
saving checkpoint to out-novel-char_LGT728D_4d06c3ce0eb6b62233f4128fdb1c3b0f
model:LGT728D iter 111700: loss 1.4183, time 3436.19ms, mfu 0.92%
model:LGT728D iter 111710: loss 1.2443, time 245.72ms, mfu 0.94%
model:LGT728D iter 111720: loss 1.3944, time 256.87ms, mfu 0.95%
model:LGT728D iter 111730: loss 1.4605, time 235.60ms, mfu 0.96%
model:LGT728D iter 111740: loss 1.3690, time 184.55ms, mfu 1.01%
------average encoder activity 0.00000
-----------average decoder density 0.0000
step 111750: train loss 2.1790, val loss 2.1757
saving checkpoint to out-novel-char_LGT728D_4d06c3ce0eb6b62233f4128fdb1c3b0f
model:LGT728D iter 111750: loss 1.3267, time 3550.82ms, mfu 0.92%
model:LGT728D iter 111760: loss 1.3715, time 249.31ms, mfu 0.93%
model:LGT728D iter 111770: loss 1.4574, time 243.64ms, mfu 0.94%
model:LGT728D iter 111780: loss 1.1757, time 249.60ms, mfu 0.95%
model:LGT728D iter 111790: loss 1.4743, time 188.33ms, mfu 1.00%
------average encoder activity 0.00000
-----------average decoder density 0.0000
step 111800: train loss 2.2094, val loss 2.1807
saving checkpoint to out-novel-char_LGT728D_4d06c3ce0eb6b62233f4128fdb1c3b0f
model:LGT728D iter 111800: loss 1.4153, time 3807.30ms, mfu 0.90%
model:LGT728D iter 111810: loss 1.6384, time 234.80ms, mfu 0.93%
model:LGT728D iter 111820: loss 1.4794, time 251.39ms, mfu 0.94%
model:LGT728D iter 111830: loss 1.3277, time 242.79ms, mfu 0.95%
model:LGT728D iter 111840: loss 1.4937, time 235.67ms, mfu 0.97%
------average encoder activity 0.00000
-----------average decoder density 0.0000
step 111850: train loss 2.1983, val loss 2.1715
saving checkpoint to out-novel-char_LGT728D_4d06c3ce0eb6b62233f4128fdb1c3b0f
model:LGT728D iter 111850: loss 1.4872, time 4010.24ms, mfu 0.88%
model:LGT728D iter 111860: loss 1.3350, time 178.37ms, mfu 0.94%
model:LGT728D iter 111870: loss 1.4621, time 185.14ms, mfu 0.98%
model:LGT728D iter 111880: loss 1.5720, time 246.25ms, mfu 0.99%
model:LGT728D iter 111890: loss 1.3302, time 239.74ms, mfu 1.00%
------average encoder activity 0.00000
-----------average decoder density 0.0000
step 111900: train loss 2.1804, val loss 2.1647
saving checkpoint to out-novel-char_LGT728D_4d06c3ce0eb6b62233f4128fdb1c3b0f
model:LGT728D iter 111900: loss 1.6076, time 4178.07ms, mfu 0.91%
model:LGT728D iter 111910: loss 1.4405, time 180.03ms, mfu 0.96%
model:LGT728D iter 111920: loss 1.2008, time 180.90ms, mfu 1.01%
model:LGT728D iter 111930: loss 1.3630, time 185.40ms, mfu 1.05%
model:LGT728D iter 111940: loss 1.3926, time 187.89ms, mfu 1.09%
------average encoder activity 0.00000
-----------average decoder density 0.0000
step 111950: train loss 2.1935, val loss 2.1677
saving checkpoint to out-novel-char_LGT728D_4d06c3ce0eb6b62233f4128fdb1c3b0f
model:LGT728D iter 111950: loss 1.3106, time 4101.64ms, mfu 0.98%
model:LGT728D iter 111960: loss 1.4553, time 221.15ms, mfu 1.00%
model:LGT728D iter 111970: loss 1.4545, time 218.34ms, mfu 1.02%
model:LGT728D iter 111980: loss 1.4491, time 178.04ms, mfu 1.07%
model:LGT728D iter 111990: loss 1.4088, time 218.50ms, mfu 1.08%
------average encoder activity 0.00000
-----------average decoder density 0.0000
step 112000: train loss 2.2008, val loss 2.1700
saving checkpoint to out-novel-char_LGT728D_4d06c3ce0eb6b62233f4128fdb1c3b0f
model:LGT728D iter 112000: loss 1.5117, time 4097.73ms, mfu 0.98%
model:LGT728D iter 112010: loss 1.4024, time 191.78ms, mfu 1.02%
model:LGT728D iter 112020: loss 1.3373, time 175.40ms, mfu 1.06%
model:LGT728D iter 112030: loss 1.3815, time 160.24ms, mfu 1.12%
model:LGT728D iter 112040: loss 1.4131, time 162.85ms, mfu 1.17%
------average encoder activity 0.00000
-----------average decoder density 0.0000
step 112050: train loss 2.1969, val loss 2.1620
saving checkpoint to out-novel-char_LGT728D_4d06c3ce0eb6b62233f4128fdb1c3b0f
model:LGT728D iter 112050: loss 1.4790, time 3636.08ms, mfu 1.06%
model:LGT728D iter 112060: loss 1.4694, time 227.07ms, mfu 1.07%
model:LGT728D iter 112070: loss 1.4385, time 235.90ms, mfu 1.07%
model:LGT728D iter 112080: loss 1.3053, time 231.00ms, mfu 1.08%
model:LGT728D iter 112090: loss 1.2792, time 228.11ms, mfu 1.09%
------average encoder activity 0.00000
-----------average decoder density 0.0000
step 112100: train loss 2.2050, val loss 2.1643
saving checkpoint to out-novel-char_LGT728D_4d06c3ce0eb6b62233f4128fdb1c3b0f
model:LGT728D iter 112100: loss 1.4277, time 3515.85ms, mfu 0.99%
model:LGT728D iter 112110: loss 1.5440, time 166.22ms, mfu 1.04%
model:LGT728D iter 112120: loss 1.2594, time 234.31ms, mfu 1.05%
model:LGT728D iter 112130: loss 1.4920, time 176.88ms, mfu 1.09%
model:LGT728D iter 112140: loss 1.3900, time 181.07ms, mfu 1.13%
------average encoder activity 0.00000
-----------average decoder density 0.0000
step 112150: train loss 2.1883, val loss 2.1632
saving checkpoint to out-novel-char_LGT728D_4d06c3ce0eb6b62233f4128fdb1c3b0f
model:LGT728D iter 112150: loss 1.4017, time 3670.88ms, mfu 1.02%
model:LGT728D iter 112160: loss 1.4227, time 164.32ms, mfu 1.08%
model:LGT728D iter 112170: loss 1.3343, time 180.59ms, mfu 1.12%
model:LGT728D iter 112180: loss 1.4454, time 184.98ms, mfu 1.15%
model:LGT728D iter 112190: loss 1.4090, time 175.91ms, mfu 1.18%
------average encoder activity 0.00000
-----------average decoder density 0.0000
step 112200: train loss 2.1814, val loss 2.1569
saving checkpoint to out-novel-char_LGT728D_4d06c3ce0eb6b62233f4128fdb1c3b0f
model:LGT728D iter 112200: loss 1.4351, time 4180.37ms, mfu 1.07%
model:LGT728D iter 112210: loss 1.3346, time 167.07ms, mfu 1.12%
model:LGT728D iter 112220: loss 1.3809, time 237.38ms, mfu 1.12%
model:LGT728D iter 112230: loss 1.3037, time 223.17ms, mfu 1.12%
model:LGT728D iter 112240: loss 1.4611, time 296.46ms, mfu 1.10%
------average encoder activity 0.00000
-----------average decoder density 0.0000
step 112250: train loss 2.1899, val loss 2.1539
saving checkpoint to out-novel-char_LGT728D_4d06c3ce0eb6b62233f4128fdb1c3b0f
model:LGT728D iter 112250: loss 1.3501, time 6495.56ms, mfu 0.99%
model:LGT728D iter 112260: loss 1.4664, time 226.80ms, mfu 1.01%
model:LGT728D iter 112270: loss 1.3966, time 226.40ms, mfu 1.02%
model:LGT728D iter 112280: loss 1.4290, time 218.63ms, mfu 1.04%
model:LGT728D iter 112290: loss 1.5303, time 220.15ms, mfu 1.06%
------average encoder activity 0.00000
-----------average decoder density 0.0000
step 112300: train loss 2.1829, val loss 2.1664
saving checkpoint to out-novel-char_LGT728D_4d06c3ce0eb6b62233f4128fdb1c3b0f
model:LGT728D iter 112300: loss 1.3227, time 4006.22ms, mfu 0.96%
model:LGT728D iter 112310: loss 1.2183, time 229.86ms, mfu 0.97%
model:LGT728D iter 112320: loss 1.4124, time 238.21ms, mfu 0.99%
model:LGT728D iter 112330: loss 1.4424, time 235.97ms, mfu 1.00%
model:LGT728D iter 112340: loss 1.2842, time 225.90ms, mfu 1.02%
------average encoder activity 0.00000
-----------average decoder density 0.0000
step 112350: train loss 2.1948, val loss 2.1668
saving checkpoint to out-novel-char_LGT728D_4d06c3ce0eb6b62233f4128fdb1c3b0f
model:LGT728D iter 112350: loss 1.4601, time 3742.95ms, mfu 0.92%
model:LGT728D iter 112360: loss 1.3074, time 237.19ms, mfu 0.94%
model:LGT728D iter 112370: loss 1.4454, time 227.80ms, mfu 0.96%
model:LGT728D iter 112380: loss 1.3093, time 230.80ms, mfu 0.98%
model:LGT728D iter 112390: loss 1.1843, time 218.60ms, mfu 1.00%
------average encoder activity 0.00000
-----------average decoder density 0.0000
step 112400: train loss 2.2001, val loss 2.1681
saving checkpoint to out-novel-char_LGT728D_4d06c3ce0eb6b62233f4128fdb1c3b0f
model:LGT728D iter 112400: loss 1.4484, time 3518.67ms, mfu 0.91%
model:LGT728D iter 112410: loss 1.3852, time 227.82ms, mfu 0.93%
model:LGT728D iter 112420: loss 1.2775, time 237.24ms, mfu 0.95%
model:LGT728D iter 112430: loss 1.3113, time 226.93ms, mfu 0.97%
model:LGT728D iter 112440: loss 1.3702, time 225.29ms, mfu 0.99%
------average encoder activity 0.00000
-----------average decoder density 0.0000
step 112450: train loss 2.1967, val loss 2.1586
saving checkpoint to out-novel-char_LGT728D_4d06c3ce0eb6b62233f4128fdb1c3b0f
model:LGT728D iter 112450: loss 1.3697, time 3378.29ms, mfu 0.90%
model:LGT728D iter 112460: loss 1.3984, time 237.07ms, mfu 0.92%
model:LGT728D iter 112470: loss 1.4370, time 240.30ms, mfu 0.93%
model:LGT728D iter 112480: loss 1.3758, time 237.05ms, mfu 0.95%
model:LGT728D iter 112490: loss 1.5144, time 239.56ms, mfu 0.97%
------average encoder activity 0.00000
-----------average decoder density 0.0000
step 112500: train loss 2.1833, val loss 2.1488
saving checkpoint to out-novel-char_LGT728D_4d06c3ce0eb6b62233f4128fdb1c3b0f
model:LGT728D iter 112500: loss 1.4751, time 3352.55ms, mfu 0.88%
model:LGT728D iter 112510: loss 1.1616, time 240.84ms, mfu 0.90%
model:LGT728D iter 112520: loss 1.3876, time 232.29ms, mfu 0.92%
model:LGT728D iter 112530: loss 1.3789, time 225.76ms, mfu 0.94%
model:LGT728D iter 112540: loss 1.3871, time 236.36ms, mfu 0.96%
------average encoder activity 0.00000
-----------average decoder density 0.0000
step 112550: train loss 2.1970, val loss 2.1583
saving checkpoint to out-novel-char_LGT728D_4d06c3ce0eb6b62233f4128fdb1c3b0f
model:LGT728D iter 112550: loss 1.3538, time 3521.45ms, mfu 0.87%
model:LGT728D iter 112560: loss 1.1675, time 233.67ms, mfu 0.90%
model:LGT728D iter 112570: loss 1.2346, time 238.43ms, mfu 0.92%
model:LGT728D iter 112580: loss 1.4874, time 233.65ms, mfu 0.94%
model:LGT728D iter 112590: loss 1.2541, time 241.44ms, mfu 0.95%
------average encoder activity 0.00000
-----------average decoder density 0.0000
step 112600: train loss 2.2187, val loss 2.1835
saving checkpoint to out-novel-char_LGT728D_4d06c3ce0eb6b62233f4128fdb1c3b0f
model:LGT728D iter 112600: loss 1.3072, time 3684.49ms, mfu 0.86%
model:LGT728D iter 112610: loss 1.4287, time 210.18ms, mfu 0.90%
model:LGT728D iter 112620: loss 1.3581, time 229.11ms, mfu 0.93%
model:LGT728D iter 112630: loss 1.3153, time 236.80ms, mfu 0.94%
model:LGT728D iter 112640: loss 1.4201, time 235.86ms, mfu 0.96%
------average encoder activity 0.00000
-----------average decoder density 0.0000
step 112650: train loss 2.1997, val loss 2.1678
saving checkpoint to out-novel-char_LGT728D_4d06c3ce0eb6b62233f4128fdb1c3b0f
model:LGT728D iter 112650: loss 1.3183, time 3850.73ms, mfu 0.87%
model:LGT728D iter 112660: loss 1.4292, time 217.09ms, mfu 0.90%
model:LGT728D iter 112670: loss 1.4801, time 230.06ms, mfu 0.93%
model:LGT728D iter 112680: loss 1.3490, time 180.12ms, mfu 0.98%
model:LGT728D iter 112690: loss 1.4496, time 164.83ms, mfu 1.04%
------average encoder activity 0.00000
-----------average decoder density 0.0000
step 112700: train loss 2.1876, val loss 2.1554
saving checkpoint to out-novel-char_LGT728D_4d06c3ce0eb6b62233f4128fdb1c3b0f
model:LGT728D iter 112700: loss 1.3415, time 3908.13ms, mfu 0.94%
model:LGT728D iter 112710: loss 1.3872, time 171.62ms, mfu 1.00%
model:LGT728D iter 112720: loss 1.4064, time 159.53ms, mfu 1.07%
model:LGT728D iter 112730: loss 1.3811, time 165.69ms, mfu 1.12%
model:LGT728D iter 112740: loss 1.2845, time 161.09ms, mfu 1.17%
------average encoder activity 0.00000
-----------average decoder density 0.0000
step 112750: train loss 2.1991, val loss 2.1803
saving checkpoint to out-novel-char_LGT728D_4d06c3ce0eb6b62233f4128fdb1c3b0f
model:LGT728D iter 112750: loss 1.4301, time 4013.31ms, mfu 1.06%
model:LGT728D iter 112760: loss 1.6321, time 236.68ms, mfu 1.06%
model:LGT728D iter 112770: loss 1.4776, time 235.91ms, mfu 1.07%
model:LGT728D iter 112780: loss 1.4136, time 225.32ms, mfu 1.08%
model:LGT728D iter 112790: loss 1.3757, time 219.48ms, mfu 1.09%
------average encoder activity 0.00000
-----------average decoder density 0.0000
step 112800: train loss 2.1889, val loss 2.1614
saving checkpoint to out-novel-char_LGT728D_4d06c3ce0eb6b62233f4128fdb1c3b0f
model:LGT728D iter 112800: loss 1.5049, time 3975.95ms, mfu 0.99%
model:LGT728D iter 112810: loss 1.3353, time 269.80ms, mfu 0.98%
model:LGT728D iter 112820: loss 1.2903, time 286.31ms, mfu 0.98%
model:LGT728D iter 112830: loss 1.4569, time 198.45ms, mfu 1.01%
model:LGT728D iter 112840: loss 1.4682, time 299.56ms, mfu 1.00%
------average encoder activity 0.00000
-----------average decoder density 0.0000
step 112850: train loss 2.1948, val loss 2.1582
saving checkpoint to out-novel-char_LGT728D_4d06c3ce0eb6b62233f4128fdb1c3b0f
model:LGT728D iter 112850: loss 1.3483, time 5060.73ms, mfu 0.90%
model:LGT728D iter 112860: loss 1.4589, time 199.72ms, mfu 0.94%
model:LGT728D iter 112870: loss 1.3744, time 223.62ms, mfu 0.97%
model:LGT728D iter 112880: loss 1.5407, time 230.43ms, mfu 0.98%
model:LGT728D iter 112890: loss 1.4906, time 231.09ms, mfu 1.00%
------average encoder activity 0.00000
-----------average decoder density 0.0000
step 112900: train loss 2.1934, val loss 2.1672
saving checkpoint to out-novel-char_LGT728D_4d06c3ce0eb6b62233f4128fdb1c3b0f
model:LGT728D iter 112900: loss 1.4083, time 3567.08ms, mfu 0.91%
model:LGT728D iter 112910: loss 1.3363, time 228.28ms, mfu 0.93%
model:LGT728D iter 112920: loss 1.3812, time 228.69ms, mfu 0.95%
model:LGT728D iter 112930: loss 1.5772, time 244.37ms, mfu 0.96%
model:LGT728D iter 112940: loss 1.4773, time 241.28ms, mfu 0.98%
------average encoder activity 0.00000
-----------average decoder density 0.0000
step 112950: train loss 2.1888, val loss 2.1619
saving checkpoint to out-novel-char_LGT728D_4d06c3ce0eb6b62233f4128fdb1c3b0f
model:LGT728D iter 112950: loss 1.3739, time 3953.30ms, mfu 0.88%
model:LGT728D iter 112960: loss 1.6237, time 224.44ms, mfu 0.91%
model:LGT728D iter 112970: loss 1.4438, time 220.02ms, mfu 0.94%
model:LGT728D iter 112980: loss 1.4670, time 234.19ms, mfu 0.96%
model:LGT728D iter 112990: loss 1.3594, time 224.53ms, mfu 0.98%
------average encoder activity 0.00000
-----------average decoder density 0.0000
step 113000: train loss 2.1966, val loss 2.1636
saving checkpoint to out-novel-char_LGT728D_4d06c3ce0eb6b62233f4128fdb1c3b0f
model:LGT728D iter 113000: loss 1.4226, time 5837.82ms, mfu 0.89%
model:LGT728D iter 113010: loss 1.2734, time 283.52ms, mfu 0.89%
model:LGT728D iter 113020: loss 1.3729, time 277.33ms, mfu 0.89%
model:LGT728D iter 113030: loss 1.4322, time 188.96ms, mfu 0.94%
model:LGT728D iter 113040: loss 1.3329, time 204.37ms, mfu 0.98%
------average encoder activity 0.00000
-----------average decoder density 0.0000
step 113050: train loss 2.1917, val loss 2.1612
saving checkpoint to out-novel-char_LGT728D_4d06c3ce0eb6b62233f4128fdb1c3b0f
model:LGT728D iter 113050: loss 1.4964, time 4117.43ms, mfu 0.89%
model:LGT728D iter 113060: loss 1.5061, time 248.26ms, mfu 0.90%
model:LGT728D iter 113070: loss 1.5039, time 228.86ms, mfu 0.93%
model:LGT728D iter 113080: loss 1.2755, time 212.68ms, mfu 0.96%
model:LGT728D iter 113090: loss 1.3556, time 226.11ms, mfu 0.98%
------average encoder activity 0.00000
-----------average decoder density 0.0000
step 113100: train loss 2.1832, val loss 2.1445
saving checkpoint to out-novel-char_LGT728D_4d06c3ce0eb6b62233f4128fdb1c3b0f
model:LGT728D iter 113100: loss 1.4143, time 4221.84ms, mfu 0.89%
model:LGT728D iter 113110: loss 1.3517, time 228.48ms, mfu 0.91%
model:LGT728D iter 113120: loss 1.5549, time 225.71ms, mfu 0.94%
model:LGT728D iter 113130: loss 1.4505, time 215.63ms, mfu 0.96%
model:LGT728D iter 113140: loss 1.5367, time 210.26ms, mfu 0.99%
------average encoder activity 0.00000
-----------average decoder density 0.0000
step 113150: train loss 2.1811, val loss 2.1566
saving checkpoint to out-novel-char_LGT728D_4d06c3ce0eb6b62233f4128fdb1c3b0f
model:LGT728D iter 113150: loss 1.3257, time 4189.34ms, mfu 0.90%
model:LGT728D iter 113160: loss 1.3987, time 231.72ms, mfu 0.92%
model:LGT728D iter 113170: loss 1.3198, time 226.30ms, mfu 0.95%
model:LGT728D iter 113180: loss 1.4024, time 245.82ms, mfu 0.96%
model:LGT728D iter 113190: loss 1.5207, time 221.18ms, mfu 0.98%
------average encoder activity 0.00000
-----------average decoder density 0.0000
step 113200: train loss 2.1820, val loss 2.1546
saving checkpoint to out-novel-char_LGT728D_4d06c3ce0eb6b62233f4128fdb1c3b0f
model:LGT728D iter 113200: loss 1.2324, time 7693.80ms, mfu 0.89%
model:LGT728D iter 113210: loss 1.4227, time 243.57ms, mfu 0.90%
model:LGT728D iter 113220: loss 1.3879, time 184.80ms, mfu 0.96%
model:LGT728D iter 113230: loss 1.3179, time 236.51ms, mfu 0.97%
model:LGT728D iter 113240: loss 1.3629, time 163.32ms, mfu 1.03%
------average encoder activity 0.00000
-----------average decoder density 0.0000
step 113250: train loss 2.1767, val loss 2.1413
saving checkpoint to out-novel-char_LGT728D_4d06c3ce0eb6b62233f4128fdb1c3b0f
model:LGT728D iter 113250: loss 1.5541, time 3896.34ms, mfu 0.94%
model:LGT728D iter 113260: loss 1.5373, time 232.62ms, mfu 0.96%
model:LGT728D iter 113270: loss 1.5895, time 225.89ms, mfu 0.98%
model:LGT728D iter 113280: loss 1.4519, time 226.50ms, mfu 0.99%
model:LGT728D iter 113290: loss 1.3566, time 274.45ms, mfu 0.99%
------average encoder activity 0.00000
-----------average decoder density 0.0000
step 113300: train loss 2.1775, val loss 2.1542
saving checkpoint to out-novel-char_LGT728D_4d06c3ce0eb6b62233f4128fdb1c3b0f
model:LGT728D iter 113300: loss 1.4537, time 6083.30ms, mfu 0.90%
model:LGT728D iter 113310: loss 1.3728, time 314.60ms, mfu 0.89%
model:LGT728D iter 113320: loss 1.3548, time 275.03ms, mfu 0.90%
model:LGT728D iter 113330: loss 1.5071, time 234.69ms, mfu 0.92%
model:LGT728D iter 113340: loss 1.4061, time 168.41ms, mfu 0.98%
------average encoder activity 0.00000
-----------average decoder density 0.0000
step 113350: train loss 2.1851, val loss 2.1703
saving checkpoint to out-novel-char_LGT728D_4d06c3ce0eb6b62233f4128fdb1c3b0f
model:LGT728D iter 113350: loss 1.2775, time 3484.84ms, mfu 0.89%
model:LGT728D iter 113360: loss 1.3292, time 172.57ms, mfu 0.95%
model:LGT728D iter 113370: loss 1.4221, time 164.05ms, mfu 1.02%
model:LGT728D iter 113380: loss 1.2331, time 176.81ms, mfu 1.06%
model:LGT728D iter 113390: loss 1.4442, time 168.70ms, mfu 1.11%
------average encoder activity 0.00000
-----------average decoder density 0.0000
step 113400: train loss 2.1932, val loss 2.1606
saving checkpoint to out-novel-char_LGT728D_4d06c3ce0eb6b62233f4128fdb1c3b0f
model:LGT728D iter 113400: loss 1.4211, time 4091.79ms, mfu 1.01%
model:LGT728D iter 113410: loss 1.1856, time 160.35ms, mfu 1.07%
model:LGT728D iter 113420: loss 1.4201, time 163.02ms, mfu 1.12%
model:LGT728D iter 113430: loss 1.4201, time 173.58ms, mfu 1.16%
model:LGT728D iter 113440: loss 1.3728, time 172.50ms, mfu 1.20%
------average encoder activity 0.00000
-----------average decoder density 0.0000
step 113450: train loss 2.1747, val loss 2.1555
saving checkpoint to out-novel-char_LGT728D_4d06c3ce0eb6b62233f4128fdb1c3b0f
model:LGT728D iter 113450: loss 1.3639, time 4559.79ms, mfu 1.08%
model:LGT728D iter 113460: loss 1.2400, time 287.15ms, mfu 1.07%
model:LGT728D iter 113470: loss 1.2674, time 296.36ms, mfu 1.05%
model:LGT728D iter 113480: loss 1.2805, time 260.98ms, mfu 1.04%
model:LGT728D iter 113490: loss 1.3775, time 247.37ms, mfu 1.04%
------average encoder activity 0.00000
-----------average decoder density 0.0000
step 113500: train loss 2.1838, val loss 2.1606
saving checkpoint to out-novel-char_LGT728D_4d06c3ce0eb6b62233f4128fdb1c3b0f
model:LGT728D iter 113500: loss 1.4055, time 4049.79ms, mfu 0.95%
model:LGT728D iter 113510: loss 1.3996, time 194.85ms, mfu 0.99%
model:LGT728D iter 113520: loss 1.3957, time 190.77ms, mfu 1.02%
model:LGT728D iter 113530: loss 1.2078, time 223.98ms, mfu 1.04%
model:LGT728D iter 113540: loss 1.2256, time 192.14ms, mfu 1.07%
------average encoder activity 0.00000
-----------average decoder density 0.0000
step 113550: train loss 2.1886, val loss 2.1582
saving checkpoint to out-novel-char_LGT728D_4d06c3ce0eb6b62233f4128fdb1c3b0f
model:LGT728D iter 113550: loss 1.6672, time 3337.66ms, mfu 0.97%
model:LGT728D iter 113560: loss 1.3374, time 226.17ms, mfu 0.99%
model:LGT728D iter 113570: loss 1.4588, time 192.44ms, mfu 1.03%
model:LGT728D iter 113580: loss 1.2663, time 196.95ms, mfu 1.06%
model:LGT728D iter 113590: loss 1.4002, time 226.24ms, mfu 1.07%
------average encoder activity 0.00000
-----------average decoder density 0.0000
step 113600: train loss 2.1743, val loss 2.1630
saving checkpoint to out-novel-char_LGT728D_4d06c3ce0eb6b62233f4128fdb1c3b0f
model:LGT728D iter 113600: loss 1.4431, time 3703.02ms, mfu 0.97%
model:LGT728D iter 113610: loss 1.3912, time 162.25ms, mfu 1.03%
model:LGT728D iter 113620: loss 1.4005, time 161.67ms, mfu 1.09%
model:LGT728D iter 113630: loss 1.4208, time 179.48ms, mfu 1.13%
model:LGT728D iter 113640: loss 1.4741, time 188.85ms, mfu 1.15%
------average encoder activity 0.00000
-----------average decoder density 0.0000
step 113650: train loss 2.1815, val loss 2.1602
saving checkpoint to out-novel-char_LGT728D_4d06c3ce0eb6b62233f4128fdb1c3b0f
model:LGT728D iter 113650: loss 1.5138, time 3881.59ms, mfu 1.04%
model:LGT728D iter 113660: loss 1.4129, time 192.05ms, mfu 1.08%
model:LGT728D iter 113670: loss 1.4655, time 237.63ms, mfu 1.08%
model:LGT728D iter 113680: loss 1.4166, time 228.05ms, mfu 1.09%
model:LGT728D iter 113690: loss 1.5252, time 170.35ms, mfu 1.13%
------average encoder activity 0.00000
-----------average decoder density 0.0000
step 113700: train loss 2.1817, val loss 2.1520
saving checkpoint to out-novel-char_LGT728D_4d06c3ce0eb6b62233f4128fdb1c3b0f
model:LGT728D iter 113700: loss 1.5293, time 4019.66ms, mfu 1.02%
model:LGT728D iter 113710: loss 1.4600, time 245.24ms, mfu 1.03%
model:LGT728D iter 113720: loss 1.2430, time 237.05ms, mfu 1.04%
model:LGT728D iter 113730: loss 1.4710, time 238.78ms, mfu 1.04%
model:LGT728D iter 113740: loss 1.3495, time 238.68ms, mfu 1.05%
------average encoder activity 0.00000
-----------average decoder density 0.0000
step 113750: train loss 2.1903, val loss 2.1662
saving checkpoint to out-novel-char_LGT728D_4d06c3ce0eb6b62233f4128fdb1c3b0f
model:LGT728D iter 113750: loss 1.3323, time 3874.81ms, mfu 0.95%
model:LGT728D iter 113760: loss 1.4139, time 235.75ms, mfu 0.97%
model:LGT728D iter 113770: loss 1.2274, time 224.55ms, mfu 0.99%
model:LGT728D iter 113780: loss 1.3240, time 248.37ms, mfu 0.99%
model:LGT728D iter 113790: loss 1.4869, time 176.18ms, mfu 1.04%
------average encoder activity 0.00000
-----------average decoder density 0.0000
step 113800: train loss 2.1818, val loss 2.1442
saving checkpoint to out-novel-char_LGT728D_4d06c3ce0eb6b62233f4128fdb1c3b0f
model:LGT728D iter 113800: loss 1.3622, time 3744.99ms, mfu 0.94%
model:LGT728D iter 113810: loss 1.3435, time 235.53ms, mfu 0.96%
model:LGT728D iter 113820: loss 1.3853, time 228.37ms, mfu 0.98%
model:LGT728D iter 113830: loss 1.4842, time 234.95ms, mfu 0.99%
model:LGT728D iter 113840: loss 1.4510, time 239.10ms, mfu 1.00%
------average encoder activity 0.00000
-----------average decoder density 0.0000
step 113850: train loss 2.1729, val loss 2.1611
saving checkpoint to out-novel-char_LGT728D_4d06c3ce0eb6b62233f4128fdb1c3b0f
model:LGT728D iter 113850: loss 1.4718, time 3406.44ms, mfu 0.91%
model:LGT728D iter 113860: loss 1.4161, time 230.37ms, mfu 0.93%
model:LGT728D iter 113870: loss 1.4052, time 246.53ms, mfu 0.95%
model:LGT728D iter 113880: loss 1.6879, time 192.19ms, mfu 0.99%
model:LGT728D iter 113890: loss 1.3668, time 211.45ms, mfu 1.01%
------average encoder activity 0.00000
-----------average decoder density 0.0000
step 113900: train loss 2.1849, val loss 2.1501
saving checkpoint to out-novel-char_LGT728D_4d06c3ce0eb6b62233f4128fdb1c3b0f
model:LGT728D iter 113900: loss 1.4049, time 3383.90ms, mfu 0.92%
model:LGT728D iter 113910: loss 1.5110, time 241.25ms, mfu 0.94%
model:LGT728D iter 113920: loss 1.4719, time 244.77ms, mfu 0.95%
model:LGT728D iter 113930: loss 1.5092, time 237.57ms, mfu 0.96%
model:LGT728D iter 113940: loss 1.3784, time 226.76ms, mfu 0.98%
------average encoder activity 0.00000
-----------average decoder density 0.0000
step 113950: train loss 2.1775, val loss 2.1515
saving checkpoint to out-novel-char_LGT728D_4d06c3ce0eb6b62233f4128fdb1c3b0f
model:LGT728D iter 113950: loss 1.5226, time 3522.42ms, mfu 0.89%
model:LGT728D iter 113960: loss 1.2850, time 231.48ms, mfu 0.92%
model:LGT728D iter 113970: loss 1.5977, time 234.24ms, mfu 0.94%
model:LGT728D iter 113980: loss 1.3890, time 246.50ms, mfu 0.95%
model:LGT728D iter 113990: loss 1.2692, time 227.90ms, mfu 0.97%
------average encoder activity 0.00000
-----------average decoder density 0.0000
step 114000: train loss 2.1860, val loss 2.1571
saving checkpoint to out-novel-char_LGT728D_4d06c3ce0eb6b62233f4128fdb1c3b0f
model:LGT728D iter 114000: loss 1.5582, time 4282.18ms, mfu 0.88%
model:LGT728D iter 114010: loss 1.4875, time 224.73ms, mfu 0.91%
model:LGT728D iter 114020: loss 1.5221, time 224.89ms, mfu 0.93%
model:LGT728D iter 114030: loss 1.3643, time 229.58ms, mfu 0.95%
model:LGT728D iter 114040: loss 1.3455, time 228.97ms, mfu 0.97%
------average encoder activity 0.00000
-----------average decoder density 0.0000
step 114050: train loss 2.1935, val loss 2.1507
saving checkpoint to out-novel-char_LGT728D_4d06c3ce0eb6b62233f4128fdb1c3b0f
model:LGT728D iter 114050: loss 1.4554, time 4108.96ms, mfu 0.88%
model:LGT728D iter 114060: loss 1.4404, time 181.89ms, mfu 0.94%
model:LGT728D iter 114070: loss 1.5034, time 170.08ms, mfu 1.00%
model:LGT728D iter 114080: loss 1.2990, time 189.15ms, mfu 1.04%
model:LGT728D iter 114090: loss 1.3386, time 229.06ms, mfu 1.05%
------average encoder activity 0.00000
-----------average decoder density 0.0000
step 114100: train loss 2.1776, val loss 2.1518
saving checkpoint to out-novel-char_LGT728D_4d06c3ce0eb6b62233f4128fdb1c3b0f
model:LGT728D iter 114100: loss 1.4920, time 4269.11ms, mfu 0.95%
model:LGT728D iter 114110: loss 1.6043, time 179.54ms, mfu 1.00%
model:LGT728D iter 114120: loss 1.4708, time 182.05ms, mfu 1.04%
model:LGT728D iter 114130: loss 1.4986, time 164.02ms, mfu 1.10%
model:LGT728D iter 114140: loss 1.3192, time 184.74ms, mfu 1.13%
------average encoder activity 0.00000
-----------average decoder density 0.0000
step 114150: train loss 2.1895, val loss 2.1668
saving checkpoint to out-novel-char_LGT728D_4d06c3ce0eb6b62233f4128fdb1c3b0f
model:LGT728D iter 114150: loss 1.4386, time 4261.39ms, mfu 1.02%
model:LGT728D iter 114160: loss 1.3304, time 203.73ms, mfu 1.05%
model:LGT728D iter 114170: loss 1.2117, time 181.27ms, mfu 1.09%
model:LGT728D iter 114180: loss 1.4857, time 174.24ms, mfu 1.13%
model:LGT728D iter 114190: loss 1.3323, time 169.83ms, mfu 1.17%
------average encoder activity 0.00000
-----------average decoder density 0.0000
step 114200: train loss 2.1878, val loss 2.1554
saving checkpoint to out-novel-char_LGT728D_4d06c3ce0eb6b62233f4128fdb1c3b0f
model:LGT728D iter 114200: loss 1.2665, time 4253.18ms, mfu 1.06%
model:LGT728D iter 114210: loss 1.6510, time 242.26ms, mfu 1.06%
model:LGT728D iter 114220: loss 1.4174, time 237.67ms, mfu 1.07%
model:LGT728D iter 114230: loss 1.4834, time 226.58ms, mfu 1.07%
model:LGT728D iter 114240: loss 1.2737, time 229.42ms, mfu 1.08%
------average encoder activity 0.00000
-----------average decoder density 0.0000
step 114250: train loss 2.1772, val loss 2.1537
saving checkpoint to out-novel-char_LGT728D_4d06c3ce0eb6b62233f4128fdb1c3b0f
model:LGT728D iter 114250: loss 1.3020, time 4266.71ms, mfu 0.98%
model:LGT728D iter 114260: loss 1.3223, time 240.16ms, mfu 0.99%
model:LGT728D iter 114270: loss 1.4498, time 225.61ms, mfu 1.01%
model:LGT728D iter 114280: loss 1.4178, time 173.83ms, mfu 1.06%
model:LGT728D iter 114290: loss 1.5424, time 178.13ms, mfu 1.10%
------average encoder activity 0.00000
-----------average decoder density 0.0000
step 114300: train loss 2.1695, val loss 2.1425
saving checkpoint to out-novel-char_LGT728D_4d06c3ce0eb6b62233f4128fdb1c3b0f
model:LGT728D iter 114300: loss 1.4794, time 4213.64ms, mfu 0.99%
model:LGT728D iter 114310: loss 1.3503, time 239.04ms, mfu 1.00%
model:LGT728D iter 114320: loss 1.4138, time 244.13ms, mfu 1.01%
model:LGT728D iter 114330: loss 1.3529, time 234.34ms, mfu 1.02%
model:LGT728D iter 114340: loss 1.3824, time 236.61ms, mfu 1.03%
------average encoder activity 0.00000
-----------average decoder density 0.0000
step 114350: train loss 2.1781, val loss 2.1542
saving checkpoint to out-novel-char_LGT728D_4d06c3ce0eb6b62233f4128fdb1c3b0f
model:LGT728D iter 114350: loss 1.5105, time 4026.86ms, mfu 0.93%
model:LGT728D iter 114360: loss 1.3595, time 230.17ms, mfu 0.95%
model:LGT728D iter 114370: loss 1.3787, time 239.47ms, mfu 0.97%
model:LGT728D iter 114380: loss 1.4156, time 163.67ms, mfu 1.03%
model:LGT728D iter 114390: loss 1.3422, time 255.92ms, mfu 1.03%
------average encoder activity 0.00000
-----------average decoder density 0.0000
step 114400: train loss 2.1880, val loss 2.1679
saving checkpoint to out-novel-char_LGT728D_4d06c3ce0eb6b62233f4128fdb1c3b0f
model:LGT728D iter 114400: loss 1.3877, time 3785.91ms, mfu 0.93%
model:LGT728D iter 114410: loss 1.3750, time 238.87ms, mfu 0.95%
model:LGT728D iter 114420: loss 1.3772, time 226.65ms, mfu 0.97%
model:LGT728D iter 114430: loss 1.4125, time 219.64ms, mfu 0.99%
model:LGT728D iter 114440: loss 1.5658, time 232.72ms, mfu 1.01%
------average encoder activity 0.00000
-----------average decoder density 0.0000
step 114450: train loss 2.1824, val loss 2.1531
saving checkpoint to out-novel-char_LGT728D_4d06c3ce0eb6b62233f4128fdb1c3b0f
model:LGT728D iter 114450: loss 1.3464, time 3602.24ms, mfu 0.91%
model:LGT728D iter 114460: loss 1.2935, time 226.18ms, mfu 0.94%
model:LGT728D iter 114470: loss 1.5380, time 225.65ms, mfu 0.96%
model:LGT728D iter 114480: loss 1.3147, time 251.44ms, mfu 0.97%
model:LGT728D iter 114490: loss 1.2475, time 195.16ms, mfu 1.00%
------average encoder activity 0.00000
-----------average decoder density 0.0000
step 114500: train loss 2.1623, val loss 2.1546
saving checkpoint to out-novel-char_LGT728D_4d06c3ce0eb6b62233f4128fdb1c3b0f
model:LGT728D iter 114500: loss 1.5778, time 3871.01ms, mfu 0.91%
model:LGT728D iter 114510: loss 1.4697, time 182.42ms, mfu 0.96%
model:LGT728D iter 114520: loss 1.4259, time 186.25ms, mfu 1.01%
model:LGT728D iter 114530: loss 1.4470, time 189.05ms, mfu 1.05%
model:LGT728D iter 114540: loss 1.3336, time 247.77ms, mfu 1.05%
------average encoder activity 0.00000
-----------average decoder density 0.0000
step 114550: train loss 2.1986, val loss 2.1684
saving checkpoint to out-novel-char_LGT728D_4d06c3ce0eb6b62233f4128fdb1c3b0f
model:LGT728D iter 114550: loss 1.3744, time 4069.98ms, mfu 0.95%
model:LGT728D iter 114560: loss 1.2829, time 197.48ms, mfu 0.99%
model:LGT728D iter 114570: loss 1.4520, time 192.80ms, mfu 1.02%
model:LGT728D iter 114580: loss 1.6682, time 176.47ms, mfu 1.07%
model:LGT728D iter 114590: loss 1.3111, time 242.61ms, mfu 1.07%
------average encoder activity 0.00000
-----------average decoder density 0.0000
step 114600: train loss 2.1766, val loss 2.1541
saving checkpoint to out-novel-char_LGT728D_4d06c3ce0eb6b62233f4128fdb1c3b0f
model:LGT728D iter 114600: loss 1.5030, time 4152.83ms, mfu 0.97%
model:LGT728D iter 114610: loss 1.4811, time 232.43ms, mfu 0.98%
model:LGT728D iter 114620: loss 1.2874, time 211.47ms, mfu 1.01%
model:LGT728D iter 114630: loss 1.3498, time 213.96ms, mfu 1.03%
model:LGT728D iter 114640: loss 1.3526, time 230.51ms, mfu 1.04%
------average encoder activity 0.00000
-----------average decoder density 0.0000
step 114650: train loss 2.1769, val loss 2.1583
saving checkpoint to out-novel-char_LGT728D_4d06c3ce0eb6b62233f4128fdb1c3b0f
model:LGT728D iter 114650: loss 1.4547, time 4043.71ms, mfu 0.94%
model:LGT728D iter 114660: loss 1.4779, time 223.00ms, mfu 0.97%
model:LGT728D iter 114670: loss 1.4034, time 226.29ms, mfu 0.99%
model:LGT728D iter 114680: loss 1.2042, time 219.19ms, mfu 1.01%
model:LGT728D iter 114690: loss 1.5103, time 174.93ms, mfu 1.06%
------average encoder activity 0.00000
-----------average decoder density 0.0000
step 114700: train loss 2.1715, val loss 2.1558
saving checkpoint to out-novel-char_LGT728D_4d06c3ce0eb6b62233f4128fdb1c3b0f
model:LGT728D iter 114700: loss 1.3701, time 4099.18ms, mfu 0.96%
model:LGT728D iter 114710: loss 1.4003, time 227.03ms, mfu 0.98%
model:LGT728D iter 114720: loss 1.4477, time 235.48ms, mfu 0.99%
model:LGT728D iter 114730: loss 1.3707, time 190.72ms, mfu 1.03%
model:LGT728D iter 114740: loss 1.3113, time 161.10ms, mfu 1.09%
------average encoder activity 0.00000
-----------average decoder density 0.0000
step 114750: train loss 2.1623, val loss 2.1500
saving checkpoint to out-novel-char_LGT728D_4d06c3ce0eb6b62233f4128fdb1c3b0f
model:LGT728D iter 114750: loss 1.4665, time 3857.50ms, mfu 0.99%
model:LGT728D iter 114760: loss 1.3092, time 223.31ms, mfu 1.00%
model:LGT728D iter 114770: loss 1.2750, time 226.67ms, mfu 1.02%
model:LGT728D iter 114780: loss 1.3877, time 234.49ms, mfu 1.03%
model:LGT728D iter 114790: loss 1.5424, time 232.87ms, mfu 1.04%
------average encoder activity 0.00000
-----------average decoder density 0.0000
step 114800: train loss 2.1732, val loss 2.1519
saving checkpoint to out-novel-char_LGT728D_4d06c3ce0eb6b62233f4128fdb1c3b0f
model:LGT728D iter 114800: loss 1.5048, time 3836.05ms, mfu 0.94%
model:LGT728D iter 114810: loss 1.5177, time 222.78ms, mfu 0.96%
model:LGT728D iter 114820: loss 1.4513, time 225.66ms, mfu 0.98%
model:LGT728D iter 114830: loss 1.3219, time 248.46ms, mfu 0.99%
model:LGT728D iter 114840: loss 1.3735, time 237.35ms, mfu 1.00%
------average encoder activity 0.00000
-----------average decoder density 0.0000
step 114850: train loss 2.1831, val loss 2.1345
saving checkpoint to out-novel-char_LGT728D_4d06c3ce0eb6b62233f4128fdb1c3b0f
model:LGT728D iter 114850: loss 1.6416, time 3476.44ms, mfu 0.91%
model:LGT728D iter 114860: loss 1.5583, time 227.24ms, mfu 0.93%
model:LGT728D iter 114870: loss 1.3631, time 216.92ms, mfu 0.96%
model:LGT728D iter 114880: loss 1.3903, time 224.40ms, mfu 0.98%
model:LGT728D iter 114890: loss 1.2859, time 233.20ms, mfu 1.00%
------average encoder activity 0.00000
-----------average decoder density 0.0000
step 114900: train loss 2.1712, val loss 2.1468
saving checkpoint to out-novel-char_LGT728D_4d06c3ce0eb6b62233f4128fdb1c3b0f
model:LGT728D iter 114900: loss 1.2785, time 3531.17ms, mfu 0.90%
model:LGT728D iter 114910: loss 1.4257, time 221.89ms, mfu 0.93%
model:LGT728D iter 114920: loss 1.3074, time 224.48ms, mfu 0.95%
model:LGT728D iter 114930: loss 1.3564, time 236.22ms, mfu 0.97%
model:LGT728D iter 114940: loss 1.4304, time 238.62ms, mfu 0.98%
------average encoder activity 0.00000
-----------average decoder density 0.0000
step 114950: train loss 2.1727, val loss 2.1373
saving checkpoint to out-novel-char_LGT728D_4d06c3ce0eb6b62233f4128fdb1c3b0f
model:LGT728D iter 114950: loss 1.4767, time 3774.91ms, mfu 0.89%
model:LGT728D iter 114960: loss 1.3608, time 226.95ms, mfu 0.92%
model:LGT728D iter 114970: loss 1.2660, time 220.60ms, mfu 0.94%
model:LGT728D iter 114980: loss 1.5521, time 233.66ms, mfu 0.96%
model:LGT728D iter 114990: loss 1.3862, time 229.44ms, mfu 0.98%
------average encoder activity 0.00000
-----------average decoder density 0.0000
step 115000: train loss 2.1829, val loss 2.1433
saving checkpoint to out-novel-char_LGT728D_4d06c3ce0eb6b62233f4128fdb1c3b0f
model:LGT728D iter 115000: loss 1.2010, time 4951.63ms, mfu 0.89%
model:LGT728D iter 115010: loss 1.4903, time 290.12ms, mfu 0.89%
model:LGT728D iter 115020: loss 1.4837, time 293.20ms, mfu 0.89%
model:LGT728D iter 115030: loss 1.3965, time 295.14ms, mfu 0.89%
model:LGT728D iter 115040: loss 1.4343, time 286.53ms, mfu 0.89%
------average encoder activity 0.00000
-----------average decoder density 0.0000
step 115050: train loss 2.1872, val loss 2.1457
saving checkpoint to out-novel-char_LGT728D_4d06c3ce0eb6b62233f4128fdb1c3b0f
model:LGT728D iter 115050: loss 1.3882, time 4477.78ms, mfu 0.81%
model:LGT728D iter 115060: loss 1.3082, time 213.47ms, mfu 0.85%
model:LGT728D iter 115070: loss 1.2947, time 212.27ms, mfu 0.89%
model:LGT728D iter 115080: loss 1.2594, time 229.62ms, mfu 0.91%
model:LGT728D iter 115090: loss 1.4629, time 247.04ms, mfu 0.93%
------average encoder activity 0.00000
-----------average decoder density 0.0000
step 115100: train loss 2.1818, val loss 2.1436
saving checkpoint to out-novel-char_LGT728D_4d06c3ce0eb6b62233f4128fdb1c3b0f
model:LGT728D iter 115100: loss 1.3846, time 4485.14ms, mfu 0.84%
model:LGT728D iter 115110: loss 1.5303, time 214.57ms, mfu 0.88%
model:LGT728D iter 115120: loss 1.4251, time 222.28ms, mfu 0.91%
model:LGT728D iter 115130: loss 1.4224, time 219.65ms, mfu 0.94%
model:LGT728D iter 115140: loss 1.3473, time 241.43ms, mfu 0.95%
------average encoder activity 0.00000
-----------average decoder density 0.0000
step 115150: train loss 2.1842, val loss 2.1536
saving checkpoint to out-novel-char_LGT728D_4d06c3ce0eb6b62233f4128fdb1c3b0f
model:LGT728D iter 115150: loss 1.6004, time 4016.28ms, mfu 0.86%
model:LGT728D iter 115160: loss 1.4435, time 215.43ms, mfu 0.90%
model:LGT728D iter 115170: loss 1.4506, time 186.25ms, mfu 0.95%
model:LGT728D iter 115180: loss 1.3846, time 165.39ms, mfu 1.01%
model:LGT728D iter 115190: loss 1.4314, time 232.88ms, mfu 1.02%
------average encoder activity 0.00000
-----------average decoder density 0.0000
step 115200: train loss 2.1686, val loss 2.1461
saving checkpoint to out-novel-char_LGT728D_4d06c3ce0eb6b62233f4128fdb1c3b0f
model:LGT728D iter 115200: loss 1.4356, time 4002.48ms, mfu 0.93%
model:LGT728D iter 115210: loss 1.6664, time 224.19ms, mfu 0.95%
model:LGT728D iter 115220: loss 1.4890, time 227.76ms, mfu 0.97%
model:LGT728D iter 115230: loss 1.4173, time 160.58ms, mfu 1.04%
model:LGT728D iter 115240: loss 1.3179, time 168.04ms, mfu 1.09%
------average encoder activity 0.00000
-----------average decoder density 0.0000
step 115250: train loss 2.1762, val loss 2.1498
saving checkpoint to out-novel-char_LGT728D_4d06c3ce0eb6b62233f4128fdb1c3b0f
model:LGT728D iter 115250: loss 1.4296, time 4095.78ms, mfu 0.99%
model:LGT728D iter 115260: loss 1.1266, time 195.54ms, mfu 1.02%
model:LGT728D iter 115270: loss 1.4413, time 226.83ms, mfu 1.04%
model:LGT728D iter 115280: loss 1.5769, time 220.49ms, mfu 1.05%
model:LGT728D iter 115290: loss 1.4295, time 215.96ms, mfu 1.07%
------average encoder activity 0.00000
-----------average decoder density 0.0000
step 115300: train loss 2.1693, val loss 2.1354
saving checkpoint to out-novel-char_LGT728D_4d06c3ce0eb6b62233f4128fdb1c3b0f
model:LGT728D iter 115300: loss 1.3945, time 3782.57ms, mfu 0.97%
model:LGT728D iter 115310: loss 1.4280, time 230.88ms, mfu 0.98%
model:LGT728D iter 115320: loss 1.2119, time 223.40ms, mfu 1.00%
model:LGT728D iter 115330: loss 1.3949, time 235.10ms, mfu 1.01%
model:LGT728D iter 115340: loss 1.5485, time 215.74ms, mfu 1.03%
------average encoder activity 0.00000
-----------average decoder density 0.0000
step 115350: train loss 2.1709, val loss 2.1457
saving checkpoint to out-novel-char_LGT728D_4d06c3ce0eb6b62233f4128fdb1c3b0f
model:LGT728D iter 115350: loss 1.4591, time 3564.79ms, mfu 0.94%
model:LGT728D iter 115360: loss 1.3936, time 232.70ms, mfu 0.96%
model:LGT728D iter 115370: loss 1.2950, time 231.82ms, mfu 0.97%
model:LGT728D iter 115380: loss 1.3502, time 242.49ms, mfu 0.98%
model:LGT728D iter 115390: loss 1.4004, time 243.54ms, mfu 0.99%
------average encoder activity 0.00000
-----------average decoder density 0.0000
step 115400: train loss 2.1638, val loss 2.1352
saving checkpoint to out-novel-char_LGT728D_4d06c3ce0eb6b62233f4128fdb1c3b0f
model:LGT728D iter 115400: loss 1.3593, time 3392.96ms, mfu 0.90%
model:LGT728D iter 115410: loss 1.2374, time 195.89ms, mfu 0.94%
model:LGT728D iter 115420: loss 1.3936, time 249.09ms, mfu 0.96%
model:LGT728D iter 115430: loss 1.4142, time 246.70ms, mfu 0.97%
model:LGT728D iter 115440: loss 1.3758, time 210.43ms, mfu 0.99%
------average encoder activity 0.00000
-----------average decoder density 0.0000
step 115450: train loss 2.1642, val loss 2.1473
saving checkpoint to out-novel-char_LGT728D_4d06c3ce0eb6b62233f4128fdb1c3b0f
model:LGT728D iter 115450: loss 1.1544, time 3527.53ms, mfu 0.90%
model:LGT728D iter 115460: loss 1.3106, time 170.05ms, mfu 0.97%
model:LGT728D iter 115470: loss 1.5576, time 234.13ms, mfu 0.98%
model:LGT728D iter 115480: loss 1.4606, time 236.88ms, mfu 0.99%
model:LGT728D iter 115490: loss 1.3080, time 239.50ms, mfu 1.00%
------average encoder activity 0.00000
-----------average decoder density 0.0000
step 115500: train loss 2.1619, val loss 2.1490
saving checkpoint to out-novel-char_LGT728D_4d06c3ce0eb6b62233f4128fdb1c3b0f
model:LGT728D iter 115500: loss 1.5082, time 3885.69ms, mfu 0.91%
model:LGT728D iter 115510: loss 1.2456, time 222.43ms, mfu 0.94%
model:LGT728D iter 115520: loss 1.2314, time 229.31ms, mfu 0.96%
model:LGT728D iter 115530: loss 1.2782, time 229.76ms, mfu 0.97%
model:LGT728D iter 115540: loss 1.5517, time 231.09ms, mfu 0.99%
------average encoder activity 0.00000
-----------average decoder density 0.0000
step 115550: train loss 2.1609, val loss 2.1509
saving checkpoint to out-novel-char_LGT728D_4d06c3ce0eb6b62233f4128fdb1c3b0f
model:LGT728D iter 115550: loss 1.4334, time 3941.25ms, mfu 0.90%
model:LGT728D iter 115560: loss 1.4497, time 233.87ms, mfu 0.92%
model:LGT728D iter 115570: loss 1.4258, time 160.19ms, mfu 0.99%
model:LGT728D iter 115580: loss 1.2251, time 236.69ms, mfu 1.00%
model:LGT728D iter 115590: loss 1.3516, time 237.05ms, mfu 1.01%
------average encoder activity 0.00000
-----------average decoder density 0.0000
step 115600: train loss 2.1737, val loss 2.1677
saving checkpoint to out-novel-char_LGT728D_4d06c3ce0eb6b62233f4128fdb1c3b0f
model:LGT728D iter 115600: loss 1.4707, time 3855.97ms, mfu 0.92%
model:LGT728D iter 115610: loss 1.5160, time 232.04ms, mfu 0.94%
model:LGT728D iter 115620: loss 1.3455, time 180.67ms, mfu 0.99%
model:LGT728D iter 115630: loss 1.4298, time 179.38ms, mfu 1.04%
model:LGT728D iter 115640: loss 1.4695, time 246.10ms, mfu 1.04%
------average encoder activity 0.00000
-----------average decoder density 0.0000
step 115650: train loss 2.1708, val loss 2.1449
saving checkpoint to out-novel-char_LGT728D_4d06c3ce0eb6b62233f4128fdb1c3b0f
model:LGT728D iter 115650: loss 1.3648, time 3819.12ms, mfu 0.94%
model:LGT728D iter 115660: loss 1.4758, time 242.88ms, mfu 0.96%
model:LGT728D iter 115670: loss 1.4919, time 237.23ms, mfu 0.97%
model:LGT728D iter 115680: loss 1.4532, time 182.75ms, mfu 1.02%
model:LGT728D iter 115690: loss 1.4719, time 178.02ms, mfu 1.06%
------average encoder activity 0.00000
-----------average decoder density 0.0000
step 115700: train loss 2.1910, val loss 2.1482
saving checkpoint to out-novel-char_LGT728D_4d06c3ce0eb6b62233f4128fdb1c3b0f
model:LGT728D iter 115700: loss 1.5704, time 3777.76ms, mfu 0.96%
model:LGT728D iter 115710: loss 1.3089, time 229.41ms, mfu 0.98%
model:LGT728D iter 115720: loss 1.3977, time 233.90ms, mfu 0.99%
model:LGT728D iter 115730: loss 1.1524, time 234.22ms, mfu 1.01%
model:LGT728D iter 115740: loss 1.3263, time 217.67ms, mfu 1.03%
------average encoder activity 0.00000
-----------average decoder density 0.0000
step 115750: train loss 2.1811, val loss 2.1337
saving checkpoint to out-novel-char_LGT728D_4d06c3ce0eb6b62233f4128fdb1c3b0f
model:LGT728D iter 115750: loss 1.4794, time 3625.25ms, mfu 0.93%
model:LGT728D iter 115760: loss 1.3922, time 230.25ms, mfu 0.95%
model:LGT728D iter 115770: loss 1.3500, time 229.71ms, mfu 0.97%
model:LGT728D iter 115780: loss 1.1598, time 236.38ms, mfu 0.98%
model:LGT728D iter 115790: loss 1.4717, time 229.58ms, mfu 1.00%
------average encoder activity 0.00000
-----------average decoder density 0.0000
step 115800: train loss 2.1635, val loss 2.1369
saving checkpoint to out-novel-char_LGT728D_4d06c3ce0eb6b62233f4128fdb1c3b0f
model:LGT728D iter 115800: loss 1.4453, time 3391.82ms, mfu 0.91%
model:LGT728D iter 115810: loss 1.5148, time 238.29ms, mfu 0.93%
model:LGT728D iter 115820: loss 1.3797, time 235.20ms, mfu 0.95%
model:LGT728D iter 115830: loss 1.3379, time 228.77ms, mfu 0.96%
model:LGT728D iter 115840: loss 1.5412, time 184.08ms, mfu 1.01%
------average encoder activity 0.00000
-----------average decoder density 0.0000
step 115850: train loss 2.1706, val loss 2.1464
saving checkpoint to out-novel-char_LGT728D_4d06c3ce0eb6b62233f4128fdb1c3b0f
model:LGT728D iter 115850: loss 1.1943, time 3554.93ms, mfu 0.92%
model:LGT728D iter 115860: loss 1.4350, time 219.45ms, mfu 0.94%
model:LGT728D iter 115870: loss 1.3790, time 227.27ms, mfu 0.97%
model:LGT728D iter 115880: loss 1.4679, time 227.43ms, mfu 0.98%
model:LGT728D iter 115890: loss 1.4776, time 229.93ms, mfu 1.00%
------average encoder activity 0.00000
-----------average decoder density 0.0000
step 115900: train loss 2.1701, val loss 2.1466
saving checkpoint to out-novel-char_LGT728D_4d06c3ce0eb6b62233f4128fdb1c3b0f
model:LGT728D iter 115900: loss 1.4523, time 4112.61ms, mfu 0.91%
model:LGT728D iter 115910: loss 1.4878, time 193.07ms, mfu 0.95%
model:LGT728D iter 115920: loss 1.3317, time 302.62ms, mfu 0.94%
model:LGT728D iter 115930: loss 1.4053, time 315.89ms, mfu 0.93%
model:LGT728D iter 115940: loss 1.3245, time 299.79ms, mfu 0.92%
------average encoder activity 0.00000
-----------average decoder density 0.0000
step 115950: train loss 2.1627, val loss 2.1402
saving checkpoint to out-novel-char_LGT728D_4d06c3ce0eb6b62233f4128fdb1c3b0f
model:LGT728D iter 115950: loss 1.4146, time 4060.91ms, mfu 0.84%
model:LGT728D iter 115960: loss 1.6138, time 246.58ms, mfu 0.86%
model:LGT728D iter 115970: loss 1.5220, time 187.76ms, mfu 0.91%
model:LGT728D iter 115980: loss 1.4030, time 175.73ms, mfu 0.97%
model:LGT728D iter 115990: loss 1.4007, time 238.92ms, mfu 0.98%
------average encoder activity 0.00000
-----------average decoder density 0.0000
step 116000: train loss 2.1655, val loss 2.1408
saving checkpoint to out-novel-char_LGT728D_4d06c3ce0eb6b62233f4128fdb1c3b0f
model:LGT728D iter 116000: loss 1.4446, time 3831.79ms, mfu 0.89%
model:LGT728D iter 116010: loss 1.5449, time 247.58ms, mfu 0.91%
model:LGT728D iter 116020: loss 1.6590, time 249.55ms, mfu 0.92%
model:LGT728D iter 116030: loss 1.4177, time 236.12ms, mfu 0.94%
model:LGT728D iter 116040: loss 1.4941, time 210.78ms, mfu 0.97%
------average encoder activity 0.00000
-----------average decoder density 0.0000
step 116050: train loss 2.1715, val loss 2.1524
saving checkpoint to out-novel-char_LGT728D_4d06c3ce0eb6b62233f4128fdb1c3b0f
model:LGT728D iter 116050: loss 1.5171, time 4133.83ms, mfu 0.88%
model:LGT728D iter 116060: loss 1.5220, time 231.35ms, mfu 0.91%
model:LGT728D iter 116070: loss 1.3449, time 230.98ms, mfu 0.93%
model:LGT728D iter 116080: loss 1.3290, time 250.45ms, mfu 0.94%
model:LGT728D iter 116090: loss 1.5691, time 241.09ms, mfu 0.95%
------average encoder activity 0.00000
-----------average decoder density 0.0000
step 116100: train loss 2.1860, val loss 2.1537
saving checkpoint to out-novel-char_LGT728D_4d06c3ce0eb6b62233f4128fdb1c3b0f
model:LGT728D iter 116100: loss 1.5214, time 7178.76ms, mfu 0.86%
model:LGT728D iter 116110: loss 1.1872, time 230.75ms, mfu 0.89%
model:LGT728D iter 116120: loss 1.3985, time 229.07ms, mfu 0.92%
model:LGT728D iter 116130: loss 1.4056, time 214.65ms, mfu 0.95%
model:LGT728D iter 116140: loss 1.3688, time 214.57ms, mfu 0.97%
------average encoder activity 0.00000
-----------average decoder density 0.0000
step 116150: train loss 2.1723, val loss 2.1333
saving checkpoint to out-novel-char_LGT728D_4d06c3ce0eb6b62233f4128fdb1c3b0f
model:LGT728D iter 116150: loss 1.3754, time 4167.89ms, mfu 0.88%
model:LGT728D iter 116160: loss 1.4222, time 246.93ms, mfu 0.90%
model:LGT728D iter 116170: loss 1.3521, time 243.35ms, mfu 0.92%
model:LGT728D iter 116180: loss 1.3534, time 235.20ms, mfu 0.94%
model:LGT728D iter 116190: loss 1.3911, time 173.53ms, mfu 0.99%
------average encoder activity 0.00000
-----------average decoder density 0.0000
step 116200: train loss 2.1544, val loss 2.1353
saving checkpoint to out-novel-char_LGT728D_4d06c3ce0eb6b62233f4128fdb1c3b0f
model:LGT728D iter 116200: loss 1.3307, time 4025.21ms, mfu 0.90%
model:LGT728D iter 116210: loss 1.3875, time 237.01ms, mfu 0.92%
model:LGT728D iter 116220: loss 1.4929, time 238.32ms, mfu 0.94%
model:LGT728D iter 116230: loss 1.4270, time 229.76ms, mfu 0.96%
model:LGT728D iter 116240: loss 1.3971, time 173.74ms, mfu 1.01%
------average encoder activity 0.00000
-----------average decoder density 0.0000
step 116250: train loss 2.1477, val loss 2.1359
saving checkpoint to out-novel-char_LGT728D_4d06c3ce0eb6b62233f4128fdb1c3b0f
model:LGT728D iter 116250: loss 1.2191, time 3773.21ms, mfu 0.92%
model:LGT728D iter 116260: loss 1.4959, time 238.22ms, mfu 0.94%
model:LGT728D iter 116270: loss 1.2661, time 240.76ms, mfu 0.95%
model:LGT728D iter 116280: loss 1.3253, time 187.36ms, mfu 1.00%
model:LGT728D iter 116290: loss 1.4474, time 225.92ms, mfu 1.01%
------average encoder activity 0.00000
-----------average decoder density 0.0000
step 116300: train loss 2.1682, val loss 2.1504
saving checkpoint to out-novel-char_LGT728D_4d06c3ce0eb6b62233f4128fdb1c3b0f
model:LGT728D iter 116300: loss 1.4229, time 3532.21ms, mfu 0.92%
model:LGT728D iter 116310: loss 1.4128, time 236.31ms, mfu 0.94%
model:LGT728D iter 116320: loss 1.4186, time 228.80ms, mfu 0.96%
model:LGT728D iter 116330: loss 1.4592, time 222.48ms, mfu 0.98%
model:LGT728D iter 116340: loss 1.5061, time 229.30ms, mfu 1.00%
------average encoder activity 0.00000
-----------average decoder density 0.0000
step 116350: train loss 2.1734, val loss 2.1373
saving checkpoint to out-novel-char_LGT728D_4d06c3ce0eb6b62233f4128fdb1c3b0f
model:LGT728D iter 116350: loss 1.3089, time 3474.22ms, mfu 0.90%
model:LGT728D iter 116360: loss 1.3220, time 235.40ms, mfu 0.92%
model:LGT728D iter 116370: loss 1.3074, time 227.50ms, mfu 0.95%
model:LGT728D iter 116380: loss 1.2455, time 210.19ms, mfu 0.98%
model:LGT728D iter 116390: loss 1.4630, time 172.73ms, mfu 1.03%
------average encoder activity 0.00000
-----------average decoder density 0.0000
step 116400: train loss 2.1672, val loss 2.1392
saving checkpoint to out-novel-char_LGT728D_4d06c3ce0eb6b62233f4128fdb1c3b0f
model:LGT728D iter 116400: loss 1.4320, time 3810.29ms, mfu 0.93%
model:LGT728D iter 116410: loss 1.2248, time 210.43ms, mfu 0.97%
model:LGT728D iter 116420: loss 1.4115, time 192.40ms, mfu 1.01%
model:LGT728D iter 116430: loss 1.3947, time 184.42ms, mfu 1.05%
model:LGT728D iter 116440: loss 1.4915, time 229.81ms, mfu 1.06%
------average encoder activity 0.00000
-----------average decoder density 0.0000
step 116450: train loss 2.1692, val loss 2.1389
saving checkpoint to out-novel-char_LGT728D_4d06c3ce0eb6b62233f4128fdb1c3b0f
model:LGT728D iter 116450: loss 1.3364, time 4025.69ms, mfu 0.96%
model:LGT728D iter 116460: loss 1.2859, time 218.50ms, mfu 0.98%
model:LGT728D iter 116470: loss 1.4963, time 218.29ms, mfu 1.00%
model:LGT728D iter 116480: loss 1.3160, time 229.42ms, mfu 1.02%
model:LGT728D iter 116490: loss 1.2957, time 228.08ms, mfu 1.03%
------average encoder activity 0.00000
-----------average decoder density 0.0000
step 116500: train loss 2.1654, val loss 2.1452
saving checkpoint to out-novel-char_LGT728D_4d06c3ce0eb6b62233f4128fdb1c3b0f
model:LGT728D iter 116500: loss 1.3070, time 3950.67ms, mfu 0.93%
model:LGT728D iter 116510: loss 1.4079, time 216.14ms, mfu 0.96%
model:LGT728D iter 116520: loss 1.4510, time 216.87ms, mfu 0.99%
model:LGT728D iter 116530: loss 1.3260, time 222.44ms, mfu 1.00%
model:LGT728D iter 116540: loss 1.4813, time 226.60ms, mfu 1.02%
------average encoder activity 0.00000
-----------average decoder density 0.0000
step 116550: train loss 2.1657, val loss 2.1547
saving checkpoint to out-novel-char_LGT728D_4d06c3ce0eb6b62233f4128fdb1c3b0f
model:LGT728D iter 116550: loss 1.3149, time 3908.82ms, mfu 0.92%
model:LGT728D iter 116560: loss 1.4998, time 231.63ms, mfu 0.94%
model:LGT728D iter 116570: loss 1.5236, time 215.53ms, mfu 0.97%
model:LGT728D iter 116580: loss 1.5124, time 210.10ms, mfu 1.00%
model:LGT728D iter 116590: loss 1.3433, time 228.20ms, mfu 1.01%
------average encoder activity 0.00000
-----------average decoder density 0.0000
step 116600: train loss 2.1631, val loss 2.1235
saving checkpoint to out-novel-char_LGT728D_4d06c3ce0eb6b62233f4128fdb1c3b0f
model:LGT728D iter 116600: loss 1.2610, time 3986.86ms, mfu 0.92%
model:LGT728D iter 116610: loss 1.3033, time 237.32ms, mfu 0.94%
model:LGT728D iter 116620: loss 1.4169, time 217.24ms, mfu 0.96%
model:LGT728D iter 116630: loss 1.3560, time 213.38ms, mfu 0.99%
model:LGT728D iter 116640: loss 1.5468, time 217.06ms, mfu 1.01%
------average encoder activity 0.00000
-----------average decoder density 0.0000
step 116650: train loss 2.1752, val loss 2.1559
saving checkpoint to out-novel-char_LGT728D_4d06c3ce0eb6b62233f4128fdb1c3b0f
model:LGT728D iter 116650: loss 1.5262, time 4027.58ms, mfu 0.92%
model:LGT728D iter 116660: loss 1.4069, time 231.58ms, mfu 0.94%
model:LGT728D iter 116670: loss 1.5252, time 231.95ms, mfu 0.96%
model:LGT728D iter 116680: loss 1.4483, time 216.50ms, mfu 0.98%
model:LGT728D iter 116690: loss 1.4440, time 213.35ms, mfu 1.01%
------average encoder activity 0.00000
-----------average decoder density 0.0000
step 116700: train loss 2.1657, val loss 2.1360
saving checkpoint to out-novel-char_LGT728D_4d06c3ce0eb6b62233f4128fdb1c3b0f
model:LGT728D iter 116700: loss 1.3612, time 4051.38ms, mfu 0.91%
model:LGT728D iter 116710: loss 1.3626, time 242.73ms, mfu 0.93%
model:LGT728D iter 116720: loss 1.4902, time 244.53ms, mfu 0.94%
model:LGT728D iter 116730: loss 1.3976, time 232.03ms, mfu 0.96%
model:LGT728D iter 116740: loss 1.2922, time 227.11ms, mfu 0.98%
------average encoder activity 0.00000
-----------average decoder density 0.0000
step 116750: train loss 2.1649, val loss 2.1357
saving checkpoint to out-novel-char_LGT728D_4d06c3ce0eb6b62233f4128fdb1c3b0f
model:LGT728D iter 116750: loss 1.3678, time 4094.37ms, mfu 0.89%
model:LGT728D iter 116760: loss 1.4125, time 234.84ms, mfu 0.91%
model:LGT728D iter 116770: loss 1.4427, time 229.17ms, mfu 0.93%
model:LGT728D iter 116780: loss 1.3913, time 226.27ms, mfu 0.96%
model:LGT728D iter 116790: loss 1.2303, time 212.27ms, mfu 0.98%
------average encoder activity 0.00000
-----------average decoder density 0.0000
step 116800: train loss 2.1638, val loss 2.1228
saving checkpoint to out-novel-char_LGT728D_4d06c3ce0eb6b62233f4128fdb1c3b0f
model:LGT728D iter 116800: loss 1.3548, time 4038.17ms, mfu 0.89%
model:LGT728D iter 116810: loss 1.3044, time 256.78ms, mfu 0.91%
model:LGT728D iter 116820: loss 1.4954, time 240.29ms, mfu 0.92%
model:LGT728D iter 116830: loss 1.5113, time 236.01ms, mfu 0.94%
model:LGT728D iter 116840: loss 1.4014, time 227.93ms, mfu 0.96%
------average encoder activity 0.00000
-----------average decoder density 0.0000
step 116850: train loss 2.1671, val loss 2.1417
saving checkpoint to out-novel-char_LGT728D_4d06c3ce0eb6b62233f4128fdb1c3b0f
model:LGT728D iter 116850: loss 1.5033, time 3932.47ms, mfu 0.87%
model:LGT728D iter 116860: loss 1.4016, time 185.86ms, mfu 0.93%
model:LGT728D iter 116870: loss 1.4580, time 188.75ms, mfu 0.97%
model:LGT728D iter 116880: loss 1.5861, time 187.49ms, mfu 1.01%
model:LGT728D iter 116890: loss 1.3478, time 235.13ms, mfu 1.02%
------average encoder activity 0.00000
-----------average decoder density 0.0000
step 116900: train loss 2.1565, val loss 2.1440
saving checkpoint to out-novel-char_LGT728D_4d06c3ce0eb6b62233f4128fdb1c3b0f
model:LGT728D iter 116900: loss 1.3121, time 3702.02ms, mfu 0.93%
model:LGT728D iter 116910: loss 1.3239, time 207.25ms, mfu 0.96%
model:LGT728D iter 116920: loss 1.3475, time 242.96ms, mfu 0.97%
model:LGT728D iter 116930: loss 1.3961, time 184.18ms, mfu 1.02%
model:LGT728D iter 116940: loss 1.3016, time 183.27ms, mfu 1.06%
------average encoder activity 0.00000
-----------average decoder density 0.0000
step 116950: train loss 2.1610, val loss 2.1260
saving checkpoint to out-novel-char_LGT728D_4d06c3ce0eb6b62233f4128fdb1c3b0f
model:LGT728D iter 116950: loss 1.3497, time 3885.32ms, mfu 0.96%
model:LGT728D iter 116960: loss 1.3218, time 214.98ms, mfu 0.99%
model:LGT728D iter 116970: loss 1.4244, time 180.49ms, mfu 1.03%
model:LGT728D iter 116980: loss 1.3211, time 183.77ms, mfu 1.07%
model:LGT728D iter 116990: loss 1.3916, time 235.89ms, mfu 1.08%
------average encoder activity 0.00000
-----------average decoder density 0.0000
step 117000: train loss 2.1723, val loss 2.1324
saving checkpoint to out-novel-char_LGT728D_4d06c3ce0eb6b62233f4128fdb1c3b0f
model:LGT728D iter 117000: loss 1.4155, time 4056.26ms, mfu 0.97%
model:LGT728D iter 117010: loss 1.4017, time 163.71ms, mfu 1.04%
model:LGT728D iter 117020: loss 1.3748, time 164.08ms, mfu 1.09%
model:LGT728D iter 117030: loss 1.4420, time 161.91ms, mfu 1.15%
model:LGT728D iter 117040: loss 1.4281, time 166.45ms, mfu 1.19%
------average encoder activity 0.00000
-----------average decoder density 0.0000
step 117050: train loss 2.1870, val loss 2.1483
saving checkpoint to out-novel-char_LGT728D_4d06c3ce0eb6b62233f4128fdb1c3b0f
model:LGT728D iter 117050: loss 1.3837, time 3878.35ms, mfu 1.08%
model:LGT728D iter 117060: loss 1.3541, time 166.87ms, mfu 1.12%
model:LGT728D iter 117070: loss 1.4309, time 178.04ms, mfu 1.16%
model:LGT728D iter 117080: loss 1.4524, time 174.00ms, mfu 1.19%
model:LGT728D iter 117090: loss 1.2665, time 225.58ms, mfu 1.19%
------average encoder activity 0.00000
-----------average decoder density 0.0000
step 117100: train loss 2.1746, val loss 2.1567
saving checkpoint to out-novel-char_LGT728D_4d06c3ce0eb6b62233f4128fdb1c3b0f
model:LGT728D iter 117100: loss 1.2719, time 3474.85ms, mfu 1.08%
model:LGT728D iter 117110: loss 1.4166, time 231.57ms, mfu 1.08%
model:LGT728D iter 117120: loss 1.4024, time 226.27ms, mfu 1.09%
model:LGT728D iter 117130: loss 1.5967, time 230.14ms, mfu 1.10%
model:LGT728D iter 117140: loss 1.5277, time 235.17ms, mfu 1.10%
------average encoder activity 0.00000
-----------average decoder density 0.0000
step 117150: train loss 2.1572, val loss 2.1333
saving checkpoint to out-novel-char_LGT728D_4d06c3ce0eb6b62233f4128fdb1c3b0f
model:LGT728D iter 117150: loss 1.5015, time 3417.84ms, mfu 1.00%
model:LGT728D iter 117160: loss 1.2127, time 228.73ms, mfu 1.01%
model:LGT728D iter 117170: loss 1.2093, time 226.82ms, mfu 1.02%
model:LGT728D iter 117180: loss 1.3436, time 231.04ms, mfu 1.04%
model:LGT728D iter 117190: loss 1.4371, time 227.38ms, mfu 1.05%
------average encoder activity 0.00000
-----------average decoder density 0.0000
step 117200: train loss 2.1524, val loss 2.1285
saving checkpoint to out-novel-char_LGT728D_4d06c3ce0eb6b62233f4128fdb1c3b0f
model:LGT728D iter 117200: loss 1.5107, time 3517.72ms, mfu 0.95%
model:LGT728D iter 117210: loss 1.3492, time 226.59ms, mfu 0.97%
model:LGT728D iter 117220: loss 1.3189, time 237.61ms, mfu 0.98%
model:LGT728D iter 117230: loss 1.4671, time 226.26ms, mfu 1.00%
model:LGT728D iter 117240: loss 1.3908, time 226.72ms, mfu 1.02%
------average encoder activity 0.00000
-----------average decoder density 0.0000
step 117250: train loss 2.1496, val loss 2.1395
saving checkpoint to out-novel-char_LGT728D_4d06c3ce0eb6b62233f4128fdb1c3b0f
model:LGT728D iter 117250: loss 1.3439, time 3690.59ms, mfu 0.92%
model:LGT728D iter 117260: loss 1.3366, time 213.78ms, mfu 0.95%
model:LGT728D iter 117270: loss 1.2360, time 236.58ms, mfu 0.97%
model:LGT728D iter 117280: loss 1.2457, time 230.29ms, mfu 0.98%
model:LGT728D iter 117290: loss 1.4575, time 230.38ms, mfu 1.00%
------average encoder activity 0.00000
-----------average decoder density 0.0000
step 117300: train loss 2.1653, val loss 2.1335
saving checkpoint to out-novel-char_LGT728D_4d06c3ce0eb6b62233f4128fdb1c3b0f
model:LGT728D iter 117300: loss 1.4807, time 3960.29ms, mfu 0.91%
model:LGT728D iter 117310: loss 1.3787, time 220.25ms, mfu 0.93%
model:LGT728D iter 117320: loss 1.4154, time 233.16ms, mfu 0.95%
model:LGT728D iter 117330: loss 1.5472, time 232.36ms, mfu 0.97%
model:LGT728D iter 117340: loss 1.3099, time 230.60ms, mfu 0.99%
------average encoder activity 0.00000
-----------average decoder density 0.0000
step 117350: train loss 2.1789, val loss 2.1295
saving checkpoint to out-novel-char_LGT728D_4d06c3ce0eb6b62233f4128fdb1c3b0f
model:LGT728D iter 117350: loss 1.5514, time 4066.42ms, mfu 0.89%
model:LGT728D iter 117360: loss 1.5102, time 215.97ms, mfu 0.93%
model:LGT728D iter 117370: loss 1.3404, time 214.48ms, mfu 0.96%
model:LGT728D iter 117380: loss 1.1991, time 168.45ms, mfu 1.02%
model:LGT728D iter 117390: loss 1.5112, time 182.56ms, mfu 1.06%
------average encoder activity 0.00000
-----------average decoder density 0.0000
step 117400: train loss 2.1357, val loss 2.1158
saving checkpoint to out-novel-char_LGT728D_4d06c3ce0eb6b62233f4128fdb1c3b0f
model:LGT728D iter 117400: loss 1.3270, time 3945.03ms, mfu 0.96%
model:LGT728D iter 117410: loss 1.4620, time 226.51ms, mfu 0.98%
model:LGT728D iter 117420: loss 1.4499, time 228.49ms, mfu 0.99%
model:LGT728D iter 117430: loss 1.3596, time 216.40ms, mfu 1.02%
model:LGT728D iter 117440: loss 1.3589, time 223.52ms, mfu 1.03%
------average encoder activity 0.00000
-----------average decoder density 0.0000
step 117450: train loss 2.1490, val loss 2.1330
saving checkpoint to out-novel-char_LGT728D_4d06c3ce0eb6b62233f4128fdb1c3b0f
model:LGT728D iter 117450: loss 1.3015, time 3940.45ms, mfu 0.94%
model:LGT728D iter 117460: loss 1.2618, time 171.13ms, mfu 0.99%
model:LGT728D iter 117470: loss 1.2907, time 170.91ms, mfu 1.05%
model:LGT728D iter 117480: loss 1.4388, time 167.44ms, mfu 1.10%
model:LGT728D iter 117490: loss 1.3494, time 161.51ms, mfu 1.15%
------average encoder activity 0.00000
-----------average decoder density 0.0000
step 117500: train loss 2.1473, val loss 2.1309
saving checkpoint to out-novel-char_LGT728D_4d06c3ce0eb6b62233f4128fdb1c3b0f
model:LGT728D iter 117500: loss 1.2973, time 3340.19ms, mfu 1.04%
model:LGT728D iter 117510: loss 1.3457, time 175.55ms, mfu 1.09%
model:LGT728D iter 117520: loss 1.4037, time 231.28ms, mfu 1.09%
model:LGT728D iter 117530: loss 1.4204, time 236.94ms, mfu 1.09%
model:LGT728D iter 117540: loss 1.2640, time 229.40ms, mfu 1.10%
------average encoder activity 0.00000
-----------average decoder density 0.0000
step 117550: train loss 2.1683, val loss 2.1401
saving checkpoint to out-novel-char_LGT728D_4d06c3ce0eb6b62233f4128fdb1c3b0f
model:LGT728D iter 117550: loss 1.4765, time 3566.16ms, mfu 1.00%
model:LGT728D iter 117560: loss 1.3328, time 227.01ms, mfu 1.01%
model:LGT728D iter 117570: loss 1.4744, time 222.94ms, mfu 1.03%
model:LGT728D iter 117580: loss 1.3902, time 235.03ms, mfu 1.04%
model:LGT728D iter 117590: loss 1.4785, time 225.99ms, mfu 1.05%
------average encoder activity 0.00000
-----------average decoder density 0.0000
step 117600: train loss 2.1528, val loss 2.1315
saving checkpoint to out-novel-char_LGT728D_4d06c3ce0eb6b62233f4128fdb1c3b0f
model:LGT728D iter 117600: loss 1.2949, time 3755.28ms, mfu 0.95%
model:LGT728D iter 117610: loss 1.3455, time 167.07ms, mfu 1.01%
model:LGT728D iter 117620: loss 1.3893, time 234.82ms, mfu 1.02%
model:LGT728D iter 117630: loss 1.3291, time 234.02ms, mfu 1.03%
model:LGT728D iter 117640: loss 1.5124, time 234.98ms, mfu 1.04%
------average encoder activity 0.00000
-----------average decoder density 0.0000
step 117650: train loss 2.1731, val loss 2.1417
saving checkpoint to out-novel-char_LGT728D_4d06c3ce0eb6b62233f4128fdb1c3b0f
model:LGT728D iter 117650: loss 1.4596, time 3982.88ms, mfu 0.94%
model:LGT728D iter 117660: loss 1.3277, time 219.29ms, mfu 0.97%
model:LGT728D iter 117670: loss 1.4495, time 219.32ms, mfu 0.99%
model:LGT728D iter 117680: loss 1.4466, time 229.66ms, mfu 1.01%
model:LGT728D iter 117690: loss 1.5566, time 231.90ms, mfu 1.02%
------average encoder activity 0.00000
-----------average decoder density 0.0000
step 117700: train loss 2.1582, val loss 2.1269
saving checkpoint to out-novel-char_LGT728D_4d06c3ce0eb6b62233f4128fdb1c3b0f
model:LGT728D iter 117700: loss 1.2182, time 4045.09ms, mfu 0.92%
model:LGT728D iter 117710: loss 1.5357, time 212.42ms, mfu 0.95%
model:LGT728D iter 117720: loss 1.4220, time 211.55ms, mfu 0.98%
model:LGT728D iter 117730: loss 1.4910, time 233.77ms, mfu 1.00%
model:LGT728D iter 117740: loss 1.4374, time 229.79ms, mfu 1.01%
------average encoder activity 0.00000
-----------average decoder density 0.0000
step 117750: train loss 2.1493, val loss 2.1470
saving checkpoint to out-novel-char_LGT728D_4d06c3ce0eb6b62233f4128fdb1c3b0f
model:LGT728D iter 117750: loss 1.4010, time 3975.93ms, mfu 0.92%
model:LGT728D iter 117760: loss 1.3938, time 218.36ms, mfu 0.94%
model:LGT728D iter 117770: loss 1.4522, time 219.38ms, mfu 0.97%
model:LGT728D iter 117780: loss 1.3486, time 231.76ms, mfu 0.98%
model:LGT728D iter 117790: loss 1.4188, time 237.80ms, mfu 1.00%
------average encoder activity 0.00000
-----------average decoder density 0.0000
step 117800: train loss 2.1459, val loss 2.1234
saving checkpoint to out-novel-char_LGT728D_4d06c3ce0eb6b62233f4128fdb1c3b0f
model:LGT728D iter 117800: loss 1.4233, time 3929.09ms, mfu 0.90%
model:LGT728D iter 117810: loss 1.4051, time 227.38ms, mfu 0.93%
model:LGT728D iter 117820: loss 1.6068, time 218.98ms, mfu 0.95%
model:LGT728D iter 117830: loss 1.2385, time 149.21ms, mfu 1.03%
model:LGT728D iter 117840: loss 1.3334, time 233.89ms, mfu 1.04%
------average encoder activity 0.00000
-----------average decoder density 0.0000
step 117850: train loss 2.1644, val loss 2.1278
saving checkpoint to out-novel-char_LGT728D_4d06c3ce0eb6b62233f4128fdb1c3b0f
model:LGT728D iter 117850: loss 1.4039, time 3898.92ms, mfu 0.95%
model:LGT728D iter 117860: loss 1.3808, time 233.90ms, mfu 0.96%
model:LGT728D iter 117870: loss 1.4209, time 216.32ms, mfu 0.99%
model:LGT728D iter 117880: loss 1.4388, time 216.31ms, mfu 1.01%
model:LGT728D iter 117890: loss 1.3889, time 223.69ms, mfu 1.03%
------average encoder activity 0.00000
-----------average decoder density 0.0000
step 117900: train loss 2.1413, val loss 2.1239
saving checkpoint to out-novel-char_LGT728D_4d06c3ce0eb6b62233f4128fdb1c3b0f
model:LGT728D iter 117900: loss 1.5400, time 3777.15ms, mfu 0.93%
model:LGT728D iter 117910: loss 1.1777, time 233.60ms, mfu 0.95%
model:LGT728D iter 117920: loss 1.2906, time 239.84ms, mfu 0.96%
model:LGT728D iter 117930: loss 1.4561, time 211.96ms, mfu 0.99%
model:LGT728D iter 117940: loss 1.2869, time 169.18ms, mfu 1.05%
------average encoder activity 0.00000
-----------average decoder density 0.0000
step 117950: train loss 2.1521, val loss 2.1293
saving checkpoint to out-novel-char_LGT728D_4d06c3ce0eb6b62233f4128fdb1c3b0f
model:LGT728D iter 117950: loss 1.3908, time 3718.12ms, mfu 0.95%
model:LGT728D iter 117960: loss 1.4456, time 227.99ms, mfu 0.97%
model:LGT728D iter 117970: loss 1.4206, time 238.03ms, mfu 0.98%
model:LGT728D iter 117980: loss 1.4673, time 241.63ms, mfu 0.99%
model:LGT728D iter 117990: loss 1.3271, time 229.92ms, mfu 1.01%
------average encoder activity 0.00000
-----------average decoder density 0.0000
step 118000: train loss 2.1580, val loss 2.1267
saving checkpoint to out-novel-char_LGT728D_4d06c3ce0eb6b62233f4128fdb1c3b0f
model:LGT728D iter 118000: loss 1.5231, time 3436.69ms, mfu 0.91%
model:LGT728D iter 118010: loss 1.4081, time 182.22ms, mfu 0.97%
model:LGT728D iter 118020: loss 1.4721, time 172.28ms, mfu 1.02%
model:LGT728D iter 118030: loss 1.4072, time 167.53ms, mfu 1.08%
model:LGT728D iter 118040: loss 1.3752, time 169.72ms, mfu 1.12%
------average encoder activity 0.00000
-----------average decoder density 0.0000
step 118050: train loss 2.1563, val loss 2.1312
saving checkpoint to out-novel-char_LGT728D_4d06c3ce0eb6b62233f4128fdb1c3b0f
model:LGT728D iter 118050: loss 1.2221, time 4107.09ms, mfu 1.02%
model:LGT728D iter 118060: loss 1.2949, time 213.73ms, mfu 1.04%
model:LGT728D iter 118070: loss 1.3581, time 221.67ms, mfu 1.05%
model:LGT728D iter 118080: loss 1.3485, time 233.80ms, mfu 1.06%
model:LGT728D iter 118090: loss 1.2379, time 236.53ms, mfu 1.06%
------average encoder activity 0.00000
-----------average decoder density 0.0000
step 118100: train loss 2.1238, val loss 2.1215
saving checkpoint to out-novel-char_LGT728D_4d06c3ce0eb6b62233f4128fdb1c3b0f
model:LGT728D iter 118100: loss 1.4450, time 4015.89ms, mfu 0.96%
model:LGT728D iter 118110: loss 1.5290, time 213.40ms, mfu 0.99%
model:LGT728D iter 118120: loss 1.3963, time 216.98ms, mfu 1.01%
model:LGT728D iter 118130: loss 1.4838, time 186.94ms, mfu 1.05%
model:LGT728D iter 118140: loss 1.4528, time 184.64ms, mfu 1.09%
------average encoder activity 0.00000
-----------average decoder density 0.0000
step 118150: train loss 2.1505, val loss 2.1042
saving checkpoint to out-novel-char_LGT728D_4d06c3ce0eb6b62233f4128fdb1c3b0f
model:LGT728D iter 118150: loss 1.1509, time 4083.65ms, mfu 0.98%
model:LGT728D iter 118160: loss 1.4599, time 282.13ms, mfu 0.98%
model:LGT728D iter 118170: loss 1.4905, time 240.52ms, mfu 0.99%
model:LGT728D iter 118180: loss 1.5586, time 218.15ms, mfu 1.01%
model:LGT728D iter 118190: loss 1.3288, time 286.18ms, mfu 1.00%
------average encoder activity 0.00000
-----------average decoder density 0.0000
step 118200: train loss 2.1505, val loss 2.1229
saving checkpoint to out-novel-char_LGT728D_4d06c3ce0eb6b62233f4128fdb1c3b0f
model:LGT728D iter 118200: loss 1.4250, time 5368.38ms, mfu 0.91%
model:LGT728D iter 118210: loss 1.4138, time 230.52ms, mfu 0.93%
model:LGT728D iter 118220: loss 1.3228, time 234.37ms, mfu 0.95%
model:LGT728D iter 118230: loss 1.4059, time 236.88ms, mfu 0.96%
model:LGT728D iter 118240: loss 1.4920, time 259.61ms, mfu 0.97%
------average encoder activity 0.00000
-----------average decoder density 0.0000
step 118250: train loss 2.1472, val loss 2.1124
saving checkpoint to out-novel-char_LGT728D_4d06c3ce0eb6b62233f4128fdb1c3b0f
model:LGT728D iter 118250: loss 1.3438, time 4169.42ms, mfu 0.88%
model:LGT728D iter 118260: loss 1.4543, time 220.25ms, mfu 0.91%
model:LGT728D iter 118270: loss 1.3138, time 212.14ms, mfu 0.94%
model:LGT728D iter 118280: loss 1.4210, time 225.46ms, mfu 0.96%
model:LGT728D iter 118290: loss 1.4151, time 237.27ms, mfu 0.98%
------average encoder activity 0.00000
-----------average decoder density 0.0000
step 118300: train loss 2.1715, val loss 2.1336
saving checkpoint to out-novel-char_LGT728D_4d06c3ce0eb6b62233f4128fdb1c3b0f
model:LGT728D iter 118300: loss 1.4661, time 3830.65ms, mfu 0.89%
model:LGT728D iter 118310: loss 1.5525, time 227.96ms, mfu 0.91%
model:LGT728D iter 118320: loss 1.3238, time 223.89ms, mfu 0.94%
model:LGT728D iter 118330: loss 1.2875, time 228.97ms, mfu 0.96%
model:LGT728D iter 118340: loss 1.2966, time 240.68ms, mfu 0.97%
------average encoder activity 0.00000
-----------average decoder density 0.0000
step 118350: train loss 2.1471, val loss 2.1228
saving checkpoint to out-novel-char_LGT728D_4d06c3ce0eb6b62233f4128fdb1c3b0f
model:LGT728D iter 118350: loss 1.5129, time 4791.15ms, mfu 0.88%
model:LGT728D iter 118360: loss 1.2880, time 260.44ms, mfu 0.89%
model:LGT728D iter 118370: loss 1.4642, time 305.46ms, mfu 0.89%
model:LGT728D iter 118380: loss 1.3891, time 307.03ms, mfu 0.88%
model:LGT728D iter 118390: loss 1.3187, time 218.35ms, mfu 0.92%
------average encoder activity 0.00000
-----------average decoder density 0.0000
step 118400: train loss 2.1393, val loss 2.1266
saving checkpoint to out-novel-char_LGT728D_4d06c3ce0eb6b62233f4128fdb1c3b0f
model:LGT728D iter 118400: loss 1.4785, time 4006.03ms, mfu 0.83%
model:LGT728D iter 118410: loss 1.3212, time 206.17ms, mfu 0.88%
model:LGT728D iter 118420: loss 1.4068, time 160.75ms, mfu 0.95%
model:LGT728D iter 118430: loss 1.3115, time 149.00ms, mfu 1.03%
model:LGT728D iter 118440: loss 1.3693, time 228.21ms, mfu 1.04%
------average encoder activity 0.00000
-----------average decoder density 0.0000
step 118450: train loss 2.1455, val loss 2.1397
saving checkpoint to out-novel-char_LGT728D_4d06c3ce0eb6b62233f4128fdb1c3b0f
model:LGT728D iter 118450: loss 1.4123, time 5207.83ms, mfu 0.94%
model:LGT728D iter 118460: loss 1.4158, time 224.59ms, mfu 0.97%
model:LGT728D iter 118470: loss 1.4371, time 214.77ms, mfu 0.99%
model:LGT728D iter 118480: loss 1.6079, time 166.02ms, mfu 1.05%
model:LGT728D iter 118490: loss 1.4573, time 155.47ms, mfu 1.11%
------average encoder activity 0.00000
-----------average decoder density 0.0000
step 118500: train loss 2.1415, val loss 2.1183
saving checkpoint to out-novel-char_LGT728D_4d06c3ce0eb6b62233f4128fdb1c3b0f
model:LGT728D iter 118500: loss 1.4009, time 4043.72ms, mfu 1.01%
model:LGT728D iter 118510: loss 1.5084, time 227.73ms, mfu 1.02%
model:LGT728D iter 118520: loss 1.4751, time 235.13ms, mfu 1.03%
model:LGT728D iter 118530: loss 1.3393, time 168.23ms, mfu 1.08%
model:LGT728D iter 118540: loss 1.4545, time 166.32ms, mfu 1.13%
------average encoder activity 0.00000
-----------average decoder density 0.0000
step 118550: train loss 2.1609, val loss 2.1182
saving checkpoint to out-novel-char_LGT728D_4d06c3ce0eb6b62233f4128fdb1c3b0f
model:LGT728D iter 118550: loss 1.3597, time 3846.42ms, mfu 1.03%
model:LGT728D iter 118560: loss 1.4441, time 217.93ms, mfu 1.04%
model:LGT728D iter 118570: loss 1.4043, time 232.52ms, mfu 1.05%
model:LGT728D iter 118580: loss 1.4450, time 238.31ms, mfu 1.06%
model:LGT728D iter 118590: loss 1.4427, time 215.87ms, mfu 1.07%
------average encoder activity 0.00000
-----------average decoder density 0.0000
step 118600: train loss 2.1414, val loss 2.1250
saving checkpoint to out-novel-char_LGT728D_4d06c3ce0eb6b62233f4128fdb1c3b0f
model:LGT728D iter 118600: loss 1.3058, time 3647.57ms, mfu 0.97%
model:LGT728D iter 118610: loss 1.3508, time 230.51ms, mfu 0.99%
model:LGT728D iter 118620: loss 1.3744, time 240.94ms, mfu 1.00%
model:LGT728D iter 118630: loss 1.5281, time 236.89ms, mfu 1.01%
model:LGT728D iter 118640: loss 1.4228, time 272.15ms, mfu 1.00%
------average encoder activity 0.00000
-----------average decoder density 0.0000
step 118650: train loss 2.1451, val loss 2.1283
saving checkpoint to out-novel-char_LGT728D_4d06c3ce0eb6b62233f4128fdb1c3b0f
model:LGT728D iter 118650: loss 1.2527, time 5593.36ms, mfu 0.91%
model:LGT728D iter 118660: loss 1.4998, time 242.44ms, mfu 0.93%
model:LGT728D iter 118670: loss 1.4446, time 227.43ms, mfu 0.95%
model:LGT728D iter 118680: loss 1.4028, time 231.41ms, mfu 0.97%
model:LGT728D iter 118690: loss 1.4034, time 232.07ms, mfu 0.98%
------average encoder activity 0.00000
-----------average decoder density 0.0000
step 118700: train loss 2.1390, val loss 2.1200
saving checkpoint to out-novel-char_LGT728D_4d06c3ce0eb6b62233f4128fdb1c3b0f
model:LGT728D iter 118700: loss 1.3787, time 3478.75ms, mfu 0.89%
model:LGT728D iter 118710: loss 1.3367, time 169.37ms, mfu 0.96%
model:LGT728D iter 118720: loss 1.4248, time 236.68ms, mfu 0.97%
model:LGT728D iter 118730: loss 1.4716, time 229.25ms, mfu 0.99%
model:LGT728D iter 118740: loss 1.4145, time 231.69ms, mfu 1.00%
------average encoder activity 0.00000
-----------average decoder density 0.0000
step 118750: train loss 2.1598, val loss 2.1358
saving checkpoint to out-novel-char_LGT728D_4d06c3ce0eb6b62233f4128fdb1c3b0f
model:LGT728D iter 118750: loss 1.6406, time 3811.94ms, mfu 0.91%
model:LGT728D iter 118760: loss 1.3830, time 217.29ms, mfu 0.94%
model:LGT728D iter 118770: loss 1.3839, time 230.28ms, mfu 0.96%
model:LGT728D iter 118780: loss 1.4329, time 241.95ms, mfu 0.97%
model:LGT728D iter 118790: loss 1.3900, time 237.77ms, mfu 0.98%
------average encoder activity 0.00000
-----------average decoder density 0.0000
step 118800: train loss 2.1397, val loss 2.1290
saving checkpoint to out-novel-char_LGT728D_4d06c3ce0eb6b62233f4128fdb1c3b0f
model:LGT728D iter 118800: loss 1.2912, time 3820.70ms, mfu 0.89%
model:LGT728D iter 118810: loss 1.4322, time 161.86ms, mfu 0.96%
model:LGT728D iter 118820: loss 1.4240, time 163.88ms, mfu 1.03%
model:LGT728D iter 118830: loss 1.4737, time 207.39ms, mfu 1.05%
model:LGT728D iter 118840: loss 1.2288, time 224.25ms, mfu 1.06%
------average encoder activity 0.00000
-----------average decoder density 0.0000
step 118850: train loss 2.1378, val loss 2.1126
saving checkpoint to out-novel-char_LGT728D_4d06c3ce0eb6b62233f4128fdb1c3b0f
model:LGT728D iter 118850: loss 1.1356, time 3970.72ms, mfu 0.96%
model:LGT728D iter 118860: loss 1.5072, time 220.26ms, mfu 0.99%
model:LGT728D iter 118870: loss 1.4167, time 219.48ms, mfu 1.01%
model:LGT728D iter 118880: loss 1.2574, time 221.14ms, mfu 1.02%
model:LGT728D iter 118890: loss 1.1015, time 230.60ms, mfu 1.04%
------average encoder activity 0.00000
-----------average decoder density 0.0000
step 118900: train loss 2.1392, val loss 2.1189
saving checkpoint to out-novel-char_LGT728D_4d06c3ce0eb6b62233f4128fdb1c3b0f
model:LGT728D iter 118900: loss 1.3430, time 4008.07ms, mfu 0.94%
model:LGT728D iter 118910: loss 1.3624, time 239.53ms, mfu 0.95%
model:LGT728D iter 118920: loss 1.3201, time 236.69ms, mfu 0.97%
model:LGT728D iter 118930: loss 1.3462, time 160.43ms, mfu 1.04%
model:LGT728D iter 118940: loss 1.2741, time 159.71ms, mfu 1.10%
------average encoder activity 0.00000
-----------average decoder density 0.0000
step 118950: train loss 2.1443, val loss 2.1201
saving checkpoint to out-novel-char_LGT728D_4d06c3ce0eb6b62233f4128fdb1c3b0f
model:LGT728D iter 118950: loss 1.4155, time 3994.08ms, mfu 0.99%
model:LGT728D iter 118960: loss 1.3326, time 205.18ms, mfu 1.02%
model:LGT728D iter 118970: loss 1.4262, time 226.25ms, mfu 1.03%
model:LGT728D iter 118980: loss 1.3682, time 228.94ms, mfu 1.05%
model:LGT728D iter 118990: loss 1.4243, time 173.64ms, mfu 1.09%
------average encoder activity 0.00000
-----------average decoder density 0.0000
step 119000: train loss 2.1319, val loss 2.1155
saving checkpoint to out-novel-char_LGT728D_4d06c3ce0eb6b62233f4128fdb1c3b0f
model:LGT728D iter 119000: loss 1.4211, time 3557.66ms, mfu 0.99%
model:LGT728D iter 119010: loss 1.3649, time 212.36ms, mfu 1.01%
model:LGT728D iter 119020: loss 1.4110, time 206.24ms, mfu 1.04%
model:LGT728D iter 119030: loss 1.5503, time 217.67ms, mfu 1.06%
model:LGT728D iter 119040: loss 1.3812, time 216.84ms, mfu 1.07%
------average encoder activity 0.00000
-----------average decoder density 0.0000
step 119050: train loss 2.1458, val loss 2.1037
saving checkpoint to out-novel-char_LGT728D_4d06c3ce0eb6b62233f4128fdb1c3b0f
model:LGT728D iter 119050: loss 1.5552, time 3626.93ms, mfu 0.97%
model:LGT728D iter 119060: loss 1.4495, time 194.15ms, mfu 1.01%
model:LGT728D iter 119070: loss 1.4671, time 220.00ms, mfu 1.03%
model:LGT728D iter 119080: loss 1.3278, time 218.47ms, mfu 1.04%
model:LGT728D iter 119090: loss 1.3872, time 189.04ms, mfu 1.08%
------average encoder activity 0.00000
-----------average decoder density 0.0000
step 119100: train loss 2.1392, val loss 2.1200
saving checkpoint to out-novel-char_LGT728D_4d06c3ce0eb6b62233f4128fdb1c3b0f
model:LGT728D iter 119100: loss 1.3547, time 4382.86ms, mfu 0.98%
model:LGT728D iter 119110: loss 1.3116, time 162.82ms, mfu 1.04%
model:LGT728D iter 119120: loss 1.4625, time 157.14ms, mfu 1.10%
model:LGT728D iter 119130: loss 1.4767, time 230.83ms, mfu 1.11%
model:LGT728D iter 119140: loss 1.3899, time 231.56ms, mfu 1.11%
------average encoder activity 0.00000
-----------average decoder density 0.0000
step 119150: train loss 2.1500, val loss 2.1306
saving checkpoint to out-novel-char_LGT728D_4d06c3ce0eb6b62233f4128fdb1c3b0f
model:LGT728D iter 119150: loss 1.3154, time 4212.84ms, mfu 1.00%
model:LGT728D iter 119160: loss 1.2445, time 157.35ms, mfu 1.07%
model:LGT728D iter 119170: loss 1.3215, time 160.19ms, mfu 1.13%
model:LGT728D iter 119180: loss 1.6027, time 161.66ms, mfu 1.17%
model:LGT728D iter 119190: loss 1.3239, time 166.47ms, mfu 1.21%
------average encoder activity 0.00000
-----------average decoder density 0.0000
step 119200: train loss 2.1398, val loss 2.1179
saving checkpoint to out-novel-char_LGT728D_4d06c3ce0eb6b62233f4128fdb1c3b0f
model:LGT728D iter 119200: loss 1.4534, time 4112.30ms, mfu 1.10%
model:LGT728D iter 119210: loss 1.4773, time 241.32ms, mfu 1.10%
model:LGT728D iter 119220: loss 1.3733, time 208.50ms, mfu 1.11%
model:LGT728D iter 119230: loss 1.4168, time 160.11ms, mfu 1.17%
model:LGT728D iter 119240: loss 1.3270, time 202.09ms, mfu 1.18%
------average encoder activity 0.00000
-----------average decoder density 0.0000
step 119250: train loss 2.1517, val loss 2.1270
saving checkpoint to out-novel-char_LGT728D_4d06c3ce0eb6b62233f4128fdb1c3b0f
model:LGT728D iter 119250: loss 1.3837, time 4060.50ms, mfu 1.07%
model:LGT728D iter 119260: loss 1.4017, time 230.37ms, mfu 1.07%
model:LGT728D iter 119270: loss 1.5373, time 218.23ms, mfu 1.09%
model:LGT728D iter 119280: loss 1.4048, time 206.83ms, mfu 1.10%
model:LGT728D iter 119290: loss 1.4991, time 218.85ms, mfu 1.11%
------average encoder activity 0.00000
-----------average decoder density 0.0000
step 119300: train loss 2.1517, val loss 2.1428
saving checkpoint to out-novel-char_LGT728D_4d06c3ce0eb6b62233f4128fdb1c3b0f
model:LGT728D iter 119300: loss 1.4486, time 3700.55ms, mfu 1.01%
model:LGT728D iter 119310: loss 1.3554, time 240.23ms, mfu 1.02%
model:LGT728D iter 119320: loss 1.2461, time 234.97ms, mfu 1.03%
model:LGT728D iter 119330: loss 1.3852, time 226.15ms, mfu 1.04%
model:LGT728D iter 119340: loss 1.2740, time 222.22ms, mfu 1.05%
------average encoder activity 0.00000
-----------average decoder density 0.0000
step 119350: train loss 2.1307, val loss 2.1094
saving checkpoint to out-novel-char_LGT728D_4d06c3ce0eb6b62233f4128fdb1c3b0f
model:LGT728D iter 119350: loss 1.3953, time 3432.64ms, mfu 0.96%
model:LGT728D iter 119360: loss 1.3399, time 284.82ms, mfu 0.95%
model:LGT728D iter 119370: loss 1.4133, time 268.03ms, mfu 0.95%
model:LGT728D iter 119380: loss 1.4442, time 285.42ms, mfu 0.95%
model:LGT728D iter 119390: loss 1.2981, time 281.39ms, mfu 0.95%
------average encoder activity 0.00000
-----------average decoder density 0.0000
step 119400: train loss 2.1499, val loss 2.1204
saving checkpoint to out-novel-char_LGT728D_4d06c3ce0eb6b62233f4128fdb1c3b0f
model:LGT728D iter 119400: loss 1.2824, time 4188.51ms, mfu 0.86%
model:LGT728D iter 119410: loss 1.4597, time 162.76ms, mfu 0.93%
model:LGT728D iter 119420: loss 1.4469, time 230.58ms, mfu 0.95%
model:LGT728D iter 119430: loss 1.4260, time 185.65ms, mfu 1.00%
model:LGT728D iter 119440: loss 1.2979, time 195.32ms, mfu 1.03%
------average encoder activity 0.00000
-----------average decoder density 0.0000
step 119450: train loss 2.1435, val loss 2.1257
saving checkpoint to out-novel-char_LGT728D_4d06c3ce0eb6b62233f4128fdb1c3b0f
model:LGT728D iter 119450: loss 1.3875, time 3964.32ms, mfu 0.94%
model:LGT728D iter 119460: loss 1.6385, time 228.45ms, mfu 0.96%
model:LGT728D iter 119470: loss 1.3620, time 216.75ms, mfu 0.98%
model:LGT728D iter 119480: loss 1.3683, time 239.58ms, mfu 0.99%
model:LGT728D iter 119490: loss 1.3687, time 228.95ms, mfu 1.01%
------average encoder activity 0.00000
-----------average decoder density 0.0000
step 119500: train loss 2.1385, val loss 2.1179
saving checkpoint to out-novel-char_LGT728D_4d06c3ce0eb6b62233f4128fdb1c3b0f
model:LGT728D iter 119500: loss 1.3998, time 3872.66ms, mfu 0.91%
model:LGT728D iter 119510: loss 1.2798, time 230.18ms, mfu 0.94%
model:LGT728D iter 119520: loss 1.5372, time 220.55ms, mfu 0.96%
model:LGT728D iter 119530: loss 1.3379, time 215.37ms, mfu 0.99%
model:LGT728D iter 119540: loss 1.3954, time 231.15ms, mfu 1.00%
------average encoder activity 0.00000
-----------average decoder density 0.0000
step 119550: train loss 2.1572, val loss 2.1356
saving checkpoint to out-novel-char_LGT728D_4d06c3ce0eb6b62233f4128fdb1c3b0f
model:LGT728D iter 119550: loss 1.2911, time 5211.27ms, mfu 0.91%
model:LGT728D iter 119560: loss 1.3758, time 297.94ms, mfu 0.90%
model:LGT728D iter 119570: loss 1.4790, time 298.67ms, mfu 0.90%
model:LGT728D iter 119580: loss 1.4855, time 275.66ms, mfu 0.91%
model:LGT728D iter 119590: loss 1.6039, time 213.17ms, mfu 0.94%
------average encoder activity 0.00000
-----------average decoder density 0.0000
step 119600: train loss 2.1514, val loss 2.1267
saving checkpoint to out-novel-char_LGT728D_4d06c3ce0eb6b62233f4128fdb1c3b0f
model:LGT728D iter 119600: loss 1.2771, time 3955.19ms, mfu 0.85%
model:LGT728D iter 119610: loss 1.3000, time 231.79ms, mfu 0.88%
model:LGT728D iter 119620: loss 1.2682, time 228.34ms, mfu 0.91%
model:LGT728D iter 119630: loss 1.4865, time 236.26ms, mfu 0.93%
model:LGT728D iter 119640: loss 1.4195, time 213.94ms, mfu 0.96%
------average encoder activity 0.00000
-----------average decoder density 0.0000
step 119650: train loss 2.1573, val loss 2.1221
saving checkpoint to out-novel-char_LGT728D_4d06c3ce0eb6b62233f4128fdb1c3b0f
model:LGT728D iter 119650: loss 1.3222, time 4236.74ms, mfu 0.87%
model:LGT728D iter 119660: loss 1.3904, time 235.17ms, mfu 0.89%
model:LGT728D iter 119670: loss 1.3210, time 245.65ms, mfu 0.91%
model:LGT728D iter 119680: loss 1.5306, time 226.03ms, mfu 0.93%
model:LGT728D iter 119690: loss 1.3889, time 218.00ms, mfu 0.96%
------average encoder activity 0.00000
-----------average decoder density 0.0000
step 119700: train loss 2.1542, val loss 2.1318
saving checkpoint to out-novel-char_LGT728D_4d06c3ce0eb6b62233f4128fdb1c3b0f
model:LGT728D iter 119700: loss 1.4022, time 3673.96ms, mfu 0.87%
model:LGT728D iter 119710: loss 1.3966, time 196.03ms, mfu 0.92%
model:LGT728D iter 119720: loss 1.5930, time 259.29ms, mfu 0.93%
model:LGT728D iter 119730: loss 1.7007, time 267.81ms, mfu 0.93%
model:LGT728D iter 119740: loss 1.3364, time 285.20ms, mfu 0.93%
------average encoder activity 0.00000
-----------average decoder density 0.0000
step 119750: train loss 2.1453, val loss 2.1129
saving checkpoint to out-novel-char_LGT728D_4d06c3ce0eb6b62233f4128fdb1c3b0f
model:LGT728D iter 119750: loss 1.3432, time 4903.99ms, mfu 0.84%
model:LGT728D iter 119760: loss 1.3675, time 227.60ms, mfu 0.87%
model:LGT728D iter 119770: loss 1.3832, time 233.55ms, mfu 0.90%
model:LGT728D iter 119780: loss 1.5255, time 234.15ms, mfu 0.92%
model:LGT728D iter 119790: loss 1.5587, time 230.54ms, mfu 0.94%
------average encoder activity 0.00000
-----------average decoder density 0.0000
step 119800: train loss 2.1383, val loss 2.1323
saving checkpoint to out-novel-char_LGT728D_4d06c3ce0eb6b62233f4128fdb1c3b0f
model:LGT728D iter 119800: loss 1.6001, time 3564.52ms, mfu 0.85%
model:LGT728D iter 119810: loss 1.4733, time 214.17ms, mfu 0.89%
model:LGT728D iter 119820: loss 1.5216, time 237.93ms, mfu 0.91%
model:LGT728D iter 119830: loss 1.4100, time 225.65ms, mfu 0.94%
model:LGT728D iter 119840: loss 1.4350, time 301.87ms, mfu 0.93%
------average encoder activity 0.00000
-----------average decoder density 0.0000
step 119850: train loss 2.1469, val loss 2.1352
saving checkpoint to out-novel-char_LGT728D_4d06c3ce0eb6b62233f4128fdb1c3b0f
model:LGT728D iter 119850: loss 1.3277, time 3904.24ms, mfu 0.84%
model:LGT728D iter 119860: loss 1.3946, time 214.11ms, mfu 0.88%
model:LGT728D iter 119870: loss 1.5335, time 233.16ms, mfu 0.91%
model:LGT728D iter 119880: loss 1.4927, time 229.81ms, mfu 0.93%
model:LGT728D iter 119890: loss 1.4951, time 229.04ms, mfu 0.95%
------average encoder activity 0.00000
-----------average decoder density 0.0000
step 119900: train loss 2.1431, val loss 2.1276
saving checkpoint to out-novel-char_LGT728D_4d06c3ce0eb6b62233f4128fdb1c3b0f
model:LGT728D iter 119900: loss 1.5520, time 3990.58ms, mfu 0.86%
model:LGT728D iter 119910: loss 1.5141, time 214.50ms, mfu 0.90%
model:LGT728D iter 119920: loss 1.3199, time 220.79ms, mfu 0.93%
model:LGT728D iter 119930: loss 1.4298, time 223.73ms, mfu 0.95%
model:LGT728D iter 119940: loss 1.2448, time 226.86ms, mfu 0.97%
------average encoder activity 0.00000
-----------average decoder density 0.0000
step 119950: train loss 2.1359, val loss 2.1131
saving checkpoint to out-novel-char_LGT728D_4d06c3ce0eb6b62233f4128fdb1c3b0f
model:LGT728D iter 119950: loss 1.3997, time 3969.63ms, mfu 0.88%
model:LGT728D iter 119960: loss 1.3387, time 214.12ms, mfu 0.91%
model:LGT728D iter 119970: loss 1.4452, time 218.16ms, mfu 0.94%
model:LGT728D iter 119980: loss 1.4585, time 234.40ms, mfu 0.96%
model:LGT728D iter 119990: loss 1.2301, time 230.41ms, mfu 0.98%
------average encoder activity 0.00000
-----------average decoder density 0.0000
step 120000: train loss 2.1675, val loss 2.1258
saving checkpoint to out-novel-char_LGT728D_4d06c3ce0eb6b62233f4128fdb1c3b0f
model:LGT728D iter 120000: loss 1.1931, time 4790.53ms, mfu 0.89%
model:LGT728D iter 120010: loss 1.4139, time 300.51ms, mfu 0.88%
model:LGT728D iter 120020: loss 1.4195, time 275.28ms, mfu 0.89%
model:LGT728D iter 120030: loss 1.5113, time 189.75ms, mfu 0.94%
model:LGT728D iter 120040: loss 1.4327, time 247.90ms, mfu 0.95%
------average encoder activity 0.00000
-----------average decoder density 0.0000
step 120050: train loss 2.1552, val loss 2.1276
saving checkpoint to out-novel-char_LGT728D_4d06c3ce0eb6b62233f4128fdb1c3b0f
model:LGT728D iter 120050: loss 1.4893, time 3899.93ms, mfu 0.86%
model:LGT728D iter 120060: loss 1.1963, time 224.36ms, mfu 0.89%
model:LGT728D iter 120070: loss 1.5284, time 235.39ms, mfu 0.92%
model:LGT728D iter 120080: loss 1.3104, time 214.64ms, mfu 0.95%
model:LGT728D iter 120090: loss 1.3528, time 280.33ms, mfu 0.94%
------average encoder activity 0.00000
-----------average decoder density 0.0000
step 120100: train loss 2.1407, val loss 2.1167
saving checkpoint to out-novel-char_LGT728D_4d06c3ce0eb6b62233f4128fdb1c3b0f
model:LGT728D iter 120100: loss 1.4548, time 6133.69ms, mfu 0.85%
model:LGT728D iter 120110: loss 1.2620, time 302.65ms, mfu 0.86%
model:LGT728D iter 120120: loss 1.4307, time 279.99ms, mfu 0.86%
model:LGT728D iter 120130: loss 1.2793, time 247.70ms, mfu 0.88%
model:LGT728D iter 120140: loss 1.6135, time 213.98ms, mfu 0.92%
------average encoder activity 0.00000
-----------average decoder density 0.0000
step 120150: train loss 2.1420, val loss 2.1215
saving checkpoint to out-novel-char_LGT728D_4d06c3ce0eb6b62233f4128fdb1c3b0f
model:LGT728D iter 120150: loss 1.4653, time 3623.70ms, mfu 0.83%
model:LGT728D iter 120160: loss 1.2525, time 227.83ms, mfu 0.86%
model:LGT728D iter 120170: loss 1.3402, time 237.66ms, mfu 0.89%
model:LGT728D iter 120180: loss 1.5385, time 239.79ms, mfu 0.91%
model:LGT728D iter 120190: loss 1.3581, time 226.19ms, mfu 0.93%
------average encoder activity 0.00000
-----------average decoder density 0.0000
step 120200: train loss 2.1442, val loss 2.1277
saving checkpoint to out-novel-char_LGT728D_4d06c3ce0eb6b62233f4128fdb1c3b0f
model:LGT728D iter 120200: loss 1.3364, time 3460.89ms, mfu 0.85%
model:LGT728D iter 120210: loss 1.4287, time 179.64ms, mfu 0.91%
model:LGT728D iter 120220: loss 1.4817, time 172.30ms, mfu 0.97%
model:LGT728D iter 120230: loss 1.4562, time 184.99ms, mfu 1.01%
model:LGT728D iter 120240: loss 1.2964, time 187.11ms, mfu 1.05%
------average encoder activity 0.00000
-----------average decoder density 0.0000
step 120250: train loss 2.1494, val loss 2.1148
saving checkpoint to out-novel-char_LGT728D_4d06c3ce0eb6b62233f4128fdb1c3b0f
model:LGT728D iter 120250: loss 1.3737, time 3822.79ms, mfu 0.95%
model:LGT728D iter 120260: loss 1.4698, time 217.15ms, mfu 0.98%
model:LGT728D iter 120270: loss 1.2909, time 229.69ms, mfu 1.00%
model:LGT728D iter 120280: loss 1.4167, time 225.05ms, mfu 1.01%
model:LGT728D iter 120290: loss 1.5002, time 229.08ms, mfu 1.02%
------average encoder activity 0.00000
-----------average decoder density 0.0000
step 120300: train loss 2.1427, val loss 2.1185
saving checkpoint to out-novel-char_LGT728D_4d06c3ce0eb6b62233f4128fdb1c3b0f
model:LGT728D iter 120300: loss 1.4960, time 3915.35ms, mfu 0.93%
model:LGT728D iter 120310: loss 1.3152, time 213.44ms, mfu 0.96%
model:LGT728D iter 120320: loss 1.4625, time 213.05ms, mfu 0.99%
model:LGT728D iter 120330: loss 1.4738, time 188.15ms, mfu 1.03%
model:LGT728D iter 120340: loss 1.3618, time 173.10ms, mfu 1.07%
------average encoder activity 0.00000
-----------average decoder density 0.0000
step 120350: train loss 2.1299, val loss 2.1187
saving checkpoint to out-novel-char_LGT728D_4d06c3ce0eb6b62233f4128fdb1c3b0f
model:LGT728D iter 120350: loss 1.4085, time 3850.56ms, mfu 0.97%
model:LGT728D iter 120360: loss 1.3798, time 169.45ms, mfu 1.03%
model:LGT728D iter 120370: loss 1.4490, time 173.17ms, mfu 1.08%
model:LGT728D iter 120380: loss 1.4126, time 163.05ms, mfu 1.13%
model:LGT728D iter 120390: loss 1.4564, time 162.44ms, mfu 1.18%
------average encoder activity 0.00000
-----------average decoder density 0.0000
step 120400: train loss 2.1331, val loss 2.0957
saving checkpoint to out-novel-char_LGT728D_4d06c3ce0eb6b62233f4128fdb1c3b0f
model:LGT728D iter 120400: loss 1.4436, time 3910.62ms, mfu 1.07%
model:LGT728D iter 120410: loss 1.4647, time 221.83ms, mfu 1.08%
model:LGT728D iter 120420: loss 1.4492, time 230.82ms, mfu 1.08%
model:LGT728D iter 120430: loss 1.5342, time 226.36ms, mfu 1.09%
model:LGT728D iter 120440: loss 1.5517, time 225.58ms, mfu 1.10%
------average encoder activity 0.00000
-----------average decoder density 0.0000
step 120450: train loss 2.1393, val loss 2.1286
saving checkpoint to out-novel-char_LGT728D_4d06c3ce0eb6b62233f4128fdb1c3b0f
model:LGT728D iter 120450: loss 1.2607, time 3368.26ms, mfu 1.00%
model:LGT728D iter 120460: loss 1.7096, time 230.11ms, mfu 1.01%
model:LGT728D iter 120470: loss 1.3898, time 230.81ms, mfu 1.02%
model:LGT728D iter 120480: loss 1.4378, time 218.36ms, mfu 1.04%
model:LGT728D iter 120490: loss 1.2890, time 222.57ms, mfu 1.05%
------average encoder activity 0.00000
-----------average decoder density 0.0000
step 120500: train loss 2.1488, val loss 2.1400
saving checkpoint to out-novel-char_LGT728D_4d06c3ce0eb6b62233f4128fdb1c3b0f
model:LGT728D iter 120500: loss 1.4008, time 3611.65ms, mfu 0.96%
model:LGT728D iter 120510: loss 1.4510, time 221.96ms, mfu 0.98%
model:LGT728D iter 120520: loss 1.3992, time 238.45ms, mfu 0.99%
model:LGT728D iter 120530: loss 1.4515, time 239.37ms, mfu 1.00%
model:LGT728D iter 120540: loss 1.5260, time 228.56ms, mfu 1.01%
------average encoder activity 0.00000
-----------average decoder density 0.0000
step 120550: train loss 2.1269, val loss 2.1238
saving checkpoint to out-novel-char_LGT728D_4d06c3ce0eb6b62233f4128fdb1c3b0f
model:LGT728D iter 120550: loss 1.1874, time 3864.25ms, mfu 0.92%
model:LGT728D iter 120560: loss 1.4503, time 216.33ms, mfu 0.95%
model:LGT728D iter 120570: loss 1.4499, time 224.12ms, mfu 0.97%
model:LGT728D iter 120580: loss 1.6803, time 233.39ms, mfu 0.99%
model:LGT728D iter 120590: loss 1.4639, time 222.50ms, mfu 1.01%
------average encoder activity 0.00000
-----------average decoder density 0.0000
step 120600: train loss 2.1410, val loss 2.1281
saving checkpoint to out-novel-char_LGT728D_4d06c3ce0eb6b62233f4128fdb1c3b0f
model:LGT728D iter 120600: loss 1.4784, time 3969.20ms, mfu 0.91%
model:LGT728D iter 120610: loss 1.3697, time 160.06ms, mfu 0.98%
model:LGT728D iter 120620: loss 1.3155, time 157.42ms, mfu 1.05%
model:LGT728D iter 120630: loss 1.3888, time 239.66ms, mfu 1.06%
model:LGT728D iter 120640: loss 1.2141, time 223.67ms, mfu 1.07%
------average encoder activity 0.00000
-----------average decoder density 0.0000
step 120650: train loss 2.1409, val loss 2.1167
saving checkpoint to out-novel-char_LGT728D_4d06c3ce0eb6b62233f4128fdb1c3b0f
model:LGT728D iter 120650: loss 1.4078, time 3966.63ms, mfu 0.97%
model:LGT728D iter 120660: loss 1.3290, time 215.42ms, mfu 0.99%
model:LGT728D iter 120670: loss 1.3514, time 213.29ms, mfu 1.02%
model:LGT728D iter 120680: loss 1.5285, time 204.54ms, mfu 1.04%
model:LGT728D iter 120690: loss 1.3628, time 230.37ms, mfu 1.05%
------average encoder activity 0.00000
-----------average decoder density 0.0000
step 120700: train loss 2.1389, val loss 2.1253
saving checkpoint to out-novel-char_LGT728D_4d06c3ce0eb6b62233f4128fdb1c3b0f
model:LGT728D iter 120700: loss 1.3542, time 3862.06ms, mfu 0.95%
model:LGT728D iter 120710: loss 1.5000, time 230.73ms, mfu 0.97%
model:LGT728D iter 120720: loss 1.4700, time 215.44ms, mfu 1.00%
model:LGT728D iter 120730: loss 1.5963, time 217.47ms, mfu 1.02%
model:LGT728D iter 120740: loss 1.5812, time 224.97ms, mfu 1.03%
------average encoder activity 0.00000
-----------average decoder density 0.0000
step 120750: train loss 2.1311, val loss 2.1196
saving checkpoint to out-novel-char_LGT728D_4d06c3ce0eb6b62233f4128fdb1c3b0f
model:LGT728D iter 120750: loss 1.2925, time 3877.35ms, mfu 0.93%
model:LGT728D iter 120760: loss 1.4246, time 229.47ms, mfu 0.96%
model:LGT728D iter 120770: loss 1.5651, time 229.61ms, mfu 0.97%
model:LGT728D iter 120780: loss 1.4841, time 216.62ms, mfu 1.00%
model:LGT728D iter 120790: loss 1.3956, time 218.88ms, mfu 1.02%
------average encoder activity 0.00000
-----------average decoder density 0.0000
step 120800: train loss 2.1385, val loss 2.1329
saving checkpoint to out-novel-char_LGT728D_4d06c3ce0eb6b62233f4128fdb1c3b0f
model:LGT728D iter 120800: loss 1.4200, time 3924.49ms, mfu 0.92%
model:LGT728D iter 120810: loss 1.4159, time 226.86ms, mfu 0.95%
model:LGT728D iter 120820: loss 1.4261, time 225.84ms, mfu 0.97%
model:LGT728D iter 120830: loss 1.5108, time 222.95ms, mfu 0.99%
model:LGT728D iter 120840: loss 1.3515, time 214.65ms, mfu 1.01%
------average encoder activity 0.00000
-----------average decoder density 0.0000
step 120850: train loss 2.1331, val loss 2.1233
saving checkpoint to out-novel-char_LGT728D_4d06c3ce0eb6b62233f4128fdb1c3b0f
model:LGT728D iter 120850: loss 1.3950, time 3854.56ms, mfu 0.92%
model:LGT728D iter 120860: loss 1.3549, time 227.43ms, mfu 0.94%
model:LGT728D iter 120870: loss 1.2984, time 229.32ms, mfu 0.96%
model:LGT728D iter 120880: loss 1.3693, time 229.48ms, mfu 0.98%
model:LGT728D iter 120890: loss 1.4920, time 217.48ms, mfu 1.00%
------average encoder activity 0.00000
-----------average decoder density 0.0000
step 120900: train loss 2.1449, val loss 2.1164
saving checkpoint to out-novel-char_LGT728D_4d06c3ce0eb6b62233f4128fdb1c3b0f
model:LGT728D iter 120900: loss 1.3478, time 3594.34ms, mfu 0.91%
model:LGT728D iter 120910: loss 1.3067, time 226.95ms, mfu 0.93%
model:LGT728D iter 120920: loss 1.3336, time 236.74ms, mfu 0.95%
model:LGT728D iter 120930: loss 1.6645, time 231.74ms, mfu 0.97%
model:LGT728D iter 120940: loss 1.4465, time 228.71ms, mfu 0.99%
------average encoder activity 0.00000
-----------average decoder density 0.0000
step 120950: train loss 2.1271, val loss 2.1243
saving checkpoint to out-novel-char_LGT728D_4d06c3ce0eb6b62233f4128fdb1c3b0f
model:LGT728D iter 120950: loss 1.4157, time 3410.28ms, mfu 0.89%
model:LGT728D iter 120960: loss 1.3258, time 221.79ms, mfu 0.92%
model:LGT728D iter 120970: loss 1.4477, time 235.15ms, mfu 0.94%
model:LGT728D iter 120980: loss 1.4058, time 221.75ms, mfu 0.97%
model:LGT728D iter 120990: loss 1.3357, time 227.66ms, mfu 0.98%
------average encoder activity 0.00000
-----------average decoder density 0.0000
step 121000: train loss 2.1325, val loss 2.1149
saving checkpoint to out-novel-char_LGT728D_4d06c3ce0eb6b62233f4128fdb1c3b0f
model:LGT728D iter 121000: loss 1.2421, time 3696.77ms, mfu 0.89%
model:LGT728D iter 121010: loss 1.3560, time 227.83ms, mfu 0.92%
model:LGT728D iter 121020: loss 1.3022, time 232.82ms, mfu 0.94%
model:LGT728D iter 121030: loss 1.1723, time 220.97ms, mfu 0.96%
model:LGT728D iter 121040: loss 1.3295, time 224.78ms, mfu 0.98%
------average encoder activity 0.00000
-----------average decoder density 0.0000
step 121050: train loss 2.1410, val loss 2.1072
saving checkpoint to out-novel-char_LGT728D_4d06c3ce0eb6b62233f4128fdb1c3b0f
model:LGT728D iter 121050: loss 1.5317, time 3733.59ms, mfu 0.89%
model:LGT728D iter 121060: loss 1.3047, time 229.57ms, mfu 0.92%
model:LGT728D iter 121070: loss 1.4814, time 237.52ms, mfu 0.94%
model:LGT728D iter 121080: loss 1.4861, time 230.09ms, mfu 0.96%
model:LGT728D iter 121090: loss 1.4109, time 224.82ms, mfu 0.98%
------average encoder activity 0.00000
-----------average decoder density 0.0000
step 121100: train loss 2.1434, val loss 2.1285
saving checkpoint to out-novel-char_LGT728D_4d06c3ce0eb6b62233f4128fdb1c3b0f
model:LGT728D iter 121100: loss 1.4681, time 3973.63ms, mfu 0.89%
model:LGT728D iter 121110: loss 1.2980, time 162.11ms, mfu 0.96%
model:LGT728D iter 121120: loss 1.3859, time 156.53ms, mfu 1.03%
model:LGT728D iter 121130: loss 1.3544, time 234.20ms, mfu 1.04%
model:LGT728D iter 121140: loss 1.2547, time 226.34ms, mfu 1.05%
------average encoder activity 0.00000
-----------average decoder density 0.0000
step 121150: train loss 2.1462, val loss 2.1163
saving checkpoint to out-novel-char_LGT728D_4d06c3ce0eb6b62233f4128fdb1c3b0f
model:LGT728D iter 121150: loss 1.3286, time 4050.15ms, mfu 0.95%
model:LGT728D iter 121160: loss 1.3457, time 216.15ms, mfu 0.98%
model:LGT728D iter 121170: loss 1.4299, time 215.09ms, mfu 1.00%
model:LGT728D iter 121180: loss 1.3130, time 173.24ms, mfu 1.05%
model:LGT728D iter 121190: loss 1.5264, time 220.72ms, mfu 1.07%
------average encoder activity 0.00000
-----------average decoder density 0.0000
step 121200: train loss 2.1556, val loss 2.1149
saving checkpoint to out-novel-char_LGT728D_4d06c3ce0eb6b62233f4128fdb1c3b0f
model:LGT728D iter 121200: loss 1.4911, time 4104.82ms, mfu 0.97%
model:LGT728D iter 121210: loss 1.4232, time 222.65ms, mfu 0.99%
model:LGT728D iter 121220: loss 1.4246, time 218.26ms, mfu 1.01%
model:LGT728D iter 121230: loss 1.4951, time 214.35ms, mfu 1.03%
model:LGT728D iter 121240: loss 1.4982, time 214.84ms, mfu 1.05%
------average encoder activity 0.00000
-----------average decoder density 0.0000
step 121250: train loss 2.1299, val loss 2.1167
saving checkpoint to out-novel-char_LGT728D_4d06c3ce0eb6b62233f4128fdb1c3b0f
model:LGT728D iter 121250: loss 1.6018, time 4203.94ms, mfu 0.95%
model:LGT728D iter 121260: loss 1.4389, time 229.11ms, mfu 0.97%
model:LGT728D iter 121270: loss 1.4209, time 227.41ms, mfu 0.99%
model:LGT728D iter 121280: loss 1.3707, time 212.72ms, mfu 1.01%
model:LGT728D iter 121290: loss 1.4678, time 210.20ms, mfu 1.03%
------average encoder activity 0.00000
-----------average decoder density 0.0000
step 121300: train loss 2.1289, val loss 2.1108
saving checkpoint to out-novel-char_LGT728D_4d06c3ce0eb6b62233f4128fdb1c3b0f
model:LGT728D iter 121300: loss 1.3777, time 4210.01ms, mfu 0.94%
model:LGT728D iter 121310: loss 1.3193, time 233.45ms, mfu 0.96%
model:LGT728D iter 121320: loss 1.2794, time 230.08ms, mfu 0.97%
model:LGT728D iter 121330: loss 1.3355, time 212.87ms, mfu 1.00%
model:LGT728D iter 121340: loss 1.4164, time 213.69ms, mfu 1.02%
------average encoder activity 0.00000
-----------average decoder density 0.0000
step 121350: train loss 2.1247, val loss 2.0938
saving checkpoint to out-novel-char_LGT728D_4d06c3ce0eb6b62233f4128fdb1c3b0f
model:LGT728D iter 121350: loss 1.3632, time 4277.16ms, mfu 0.93%
model:LGT728D iter 121360: loss 1.5496, time 234.45ms, mfu 0.94%
model:LGT728D iter 121370: loss 1.4706, time 224.47ms, mfu 0.97%
model:LGT728D iter 121380: loss 1.4462, time 159.54ms, mfu 1.03%
model:LGT728D iter 121390: loss 1.4397, time 225.24ms, mfu 1.05%
------average encoder activity 0.00000
-----------average decoder density 0.0000
step 121400: train loss 2.1450, val loss 2.1299
saving checkpoint to out-novel-char_LGT728D_4d06c3ce0eb6b62233f4128fdb1c3b0f
model:LGT728D iter 121400: loss 1.3911, time 4372.97ms, mfu 0.95%
model:LGT728D iter 121410: loss 1.3149, time 224.49ms, mfu 0.97%
model:LGT728D iter 121420: loss 1.4671, time 223.90ms, mfu 0.99%
model:LGT728D iter 121430: loss 1.4025, time 238.17ms, mfu 1.00%
model:LGT728D iter 121440: loss 1.4379, time 212.21ms, mfu 1.02%
------average encoder activity 0.00000
-----------average decoder density 0.0000
step 121450: train loss 2.1512, val loss 2.1253
saving checkpoint to out-novel-char_LGT728D_4d06c3ce0eb6b62233f4128fdb1c3b0f
model:LGT728D iter 121450: loss 1.3533, time 4064.73ms, mfu 0.93%
model:LGT728D iter 121460: loss 1.4090, time 221.99ms, mfu 0.95%
model:LGT728D iter 121470: loss 1.3610, time 224.46ms, mfu 0.97%
model:LGT728D iter 121480: loss 1.3755, time 230.65ms, mfu 0.99%
model:LGT728D iter 121490: loss 1.4245, time 215.40ms, mfu 1.01%
------average encoder activity 0.00000
-----------average decoder density 0.0000
step 121500: train loss 2.1391, val loss 2.1108
saving checkpoint to out-novel-char_LGT728D_4d06c3ce0eb6b62233f4128fdb1c3b0f
model:LGT728D iter 121500: loss 1.3792, time 3936.05ms, mfu 0.92%
model:LGT728D iter 121510: loss 1.3951, time 226.67ms, mfu 0.94%
model:LGT728D iter 121520: loss 1.2829, time 226.06ms, mfu 0.96%
model:LGT728D iter 121530: loss 1.7320, time 230.55ms, mfu 0.98%
model:LGT728D iter 121540: loss 1.2413, time 213.59ms, mfu 1.01%
------average encoder activity 0.00000
-----------average decoder density 0.0000
step 121550: train loss 2.1341, val loss 2.1078
saving checkpoint to out-novel-char_LGT728D_4d06c3ce0eb6b62233f4128fdb1c3b0f
model:LGT728D iter 121550: loss 1.3310, time 3766.58ms, mfu 0.91%
model:LGT728D iter 121560: loss 1.3940, time 225.67ms, mfu 0.94%
model:LGT728D iter 121570: loss 1.4601, time 223.29ms, mfu 0.96%
model:LGT728D iter 121580: loss 1.4201, time 229.68ms, mfu 0.98%
model:LGT728D iter 121590: loss 1.4906, time 227.32ms, mfu 1.00%
------average encoder activity 0.00000
-----------average decoder density 0.0000
step 121600: train loss 2.1306, val loss 2.1021
saving checkpoint to out-novel-char_LGT728D_4d06c3ce0eb6b62233f4128fdb1c3b0f
model:LGT728D iter 121600: loss 1.5580, time 3508.06ms, mfu 0.90%
model:LGT728D iter 121610: loss 1.4388, time 222.09ms, mfu 0.93%
model:LGT728D iter 121620: loss 1.2864, time 232.07ms, mfu 0.95%
model:LGT728D iter 121630: loss 1.4641, time 230.97ms, mfu 0.97%
model:LGT728D iter 121640: loss 1.3406, time 239.27ms, mfu 0.98%
------average encoder activity 0.00000
-----------average decoder density 0.0000
step 121650: train loss 2.1272, val loss 2.1136
saving checkpoint to out-novel-char_LGT728D_4d06c3ce0eb6b62233f4128fdb1c3b0f
model:LGT728D iter 121650: loss 1.3592, time 3790.45ms, mfu 0.89%
model:LGT728D iter 121660: loss 1.4261, time 223.77ms, mfu 0.92%
model:LGT728D iter 121670: loss 1.3563, time 244.28ms, mfu 0.93%
model:LGT728D iter 121680: loss 1.3063, time 235.66ms, mfu 0.95%
model:LGT728D iter 121690: loss 1.7320, time 229.60ms, mfu 0.97%
------average encoder activity 0.00000
-----------average decoder density 0.0000
step 121700: train loss 2.1300, val loss 2.1114
saving checkpoint to out-novel-char_LGT728D_4d06c3ce0eb6b62233f4128fdb1c3b0f
model:LGT728D iter 121700: loss 1.3997, time 3649.44ms, mfu 0.88%
model:LGT728D iter 121710: loss 1.4798, time 225.59ms, mfu 0.91%
model:LGT728D iter 121720: loss 1.4928, time 232.62ms, mfu 0.93%
model:LGT728D iter 121730: loss 1.5265, time 231.97ms, mfu 0.95%
model:LGT728D iter 121740: loss 1.2142, time 230.97ms, mfu 0.97%
------average encoder activity 0.00000
-----------average decoder density 0.0000
step 121750: train loss 2.1363, val loss 2.1160
saving checkpoint to out-novel-char_LGT728D_4d06c3ce0eb6b62233f4128fdb1c3b0f
model:LGT728D iter 121750: loss 1.5302, time 3776.54ms, mfu 0.88%
model:LGT728D iter 121760: loss 1.4197, time 213.78ms, mfu 0.91%
model:LGT728D iter 121770: loss 1.5492, time 224.78ms, mfu 0.94%
model:LGT728D iter 121780: loss 1.5511, time 225.47ms, mfu 0.96%
model:LGT728D iter 121790: loss 1.4465, time 235.74ms, mfu 0.98%
------average encoder activity 0.00000
-----------average decoder density 0.0000
step 121800: train loss 2.1270, val loss 2.1071
saving checkpoint to out-novel-char_LGT728D_4d06c3ce0eb6b62233f4128fdb1c3b0f
model:LGT728D iter 121800: loss 1.3686, time 3921.89ms, mfu 0.88%
model:LGT728D iter 121810: loss 1.5532, time 208.74ms, mfu 0.92%
model:LGT728D iter 121820: loss 1.5818, time 233.87ms, mfu 0.94%
model:LGT728D iter 121830: loss 1.2678, time 234.60ms, mfu 0.96%
model:LGT728D iter 121840: loss 1.5497, time 228.35ms, mfu 0.98%
------average encoder activity 0.00000
-----------average decoder density 0.0000
step 121850: train loss 2.1288, val loss 2.1075
saving checkpoint to out-novel-char_LGT728D_4d06c3ce0eb6b62233f4128fdb1c3b0f
model:LGT728D iter 121850: loss 1.4068, time 3933.67ms, mfu 0.89%
model:LGT728D iter 121860: loss 1.4218, time 161.12ms, mfu 0.96%
model:LGT728D iter 121870: loss 1.5322, time 163.70ms, mfu 1.02%
model:LGT728D iter 121880: loss 1.4787, time 231.82ms, mfu 1.03%
model:LGT728D iter 121890: loss 1.3120, time 232.62ms, mfu 1.04%
------average encoder activity 0.00000
-----------average decoder density 0.0000
step 121900: train loss 2.1297, val loss 2.0952
saving checkpoint to out-novel-char_LGT728D_4d06c3ce0eb6b62233f4128fdb1c3b0f
model:LGT728D iter 121900: loss 1.3372, time 4011.15ms, mfu 0.95%
model:LGT728D iter 121910: loss 1.3287, time 221.04ms, mfu 0.97%
model:LGT728D iter 121920: loss 1.4878, time 213.73ms, mfu 0.99%
model:LGT728D iter 121930: loss 1.4104, time 216.54ms, mfu 1.02%
model:LGT728D iter 121940: loss 1.3044, time 231.87ms, mfu 1.03%
------average encoder activity 0.00000
-----------average decoder density 0.0000
step 121950: train loss 2.1435, val loss 2.1071
saving checkpoint to out-novel-char_LGT728D_4d06c3ce0eb6b62233f4128fdb1c3b0f
model:LGT728D iter 121950: loss 1.3227, time 3971.46ms, mfu 0.93%
model:LGT728D iter 121960: loss 1.4648, time 229.90ms, mfu 0.95%
model:LGT728D iter 121970: loss 1.2771, time 210.21ms, mfu 0.98%
model:LGT728D iter 121980: loss 1.3602, time 215.10ms, mfu 1.00%
model:LGT728D iter 121990: loss 1.4459, time 235.77ms, mfu 1.02%
------average encoder activity 0.00000
-----------average decoder density 0.0000
step 122000: train loss 2.1466, val loss 2.1110
saving checkpoint to out-novel-char_LGT728D_4d06c3ce0eb6b62233f4128fdb1c3b0f
model:LGT728D iter 122000: loss 1.4793, time 3940.40ms, mfu 0.92%
model:LGT728D iter 122010: loss 1.7628, time 231.19ms, mfu 0.94%
model:LGT728D iter 122020: loss 1.5370, time 237.57ms, mfu 0.96%
model:LGT728D iter 122030: loss 1.4319, time 214.60ms, mfu 0.98%
model:LGT728D iter 122040: loss 1.5013, time 164.07ms, mfu 1.04%
------average encoder activity 0.00000
-----------average decoder density 0.0000
step 122050: train loss 2.1441, val loss 2.1192
saving checkpoint to out-novel-char_LGT728D_4d06c3ce0eb6b62233f4128fdb1c3b0f
model:LGT728D iter 122050: loss 1.4082, time 4006.39ms, mfu 0.95%
model:LGT728D iter 122060: loss 1.2597, time 230.28ms, mfu 0.97%
model:LGT728D iter 122070: loss 1.3798, time 237.06ms, mfu 0.98%
model:LGT728D iter 122080: loss 1.3924, time 235.56ms, mfu 0.99%
model:LGT728D iter 122090: loss 1.3718, time 216.30ms, mfu 1.01%
------average encoder activity 0.00000
-----------average decoder density 0.0000
step 122100: train loss 2.1323, val loss 2.1214
saving checkpoint to out-novel-char_LGT728D_4d06c3ce0eb6b62233f4128fdb1c3b0f
model:LGT728D iter 122100: loss 1.3030, time 3914.56ms, mfu 0.92%
model:LGT728D iter 122110: loss 1.5933, time 236.67ms, mfu 0.94%
model:LGT728D iter 122120: loss 1.3118, time 236.10ms, mfu 0.96%
model:LGT728D iter 122130: loss 1.4494, time 238.26ms, mfu 0.97%
model:LGT728D iter 122140: loss 1.5209, time 209.85ms, mfu 1.00%
------average encoder activity 0.00000
-----------average decoder density 0.0000
step 122150: train loss 2.1251, val loss 2.1056
saving checkpoint to out-novel-char_LGT728D_4d06c3ce0eb6b62233f4128fdb1c3b0f
model:LGT728D iter 122150: loss 1.4478, time 3573.21ms, mfu 0.91%
model:LGT728D iter 122160: loss 1.3027, time 176.07ms, mfu 0.96%
model:LGT728D iter 122170: loss 1.4156, time 164.20ms, mfu 1.03%
model:LGT728D iter 122180: loss 1.3787, time 230.99ms, mfu 1.04%
model:LGT728D iter 122190: loss 1.3702, time 235.78ms, mfu 1.04%
------average encoder activity 0.00000
-----------average decoder density 0.0000
step 122200: train loss 2.1358, val loss 2.1244
saving checkpoint to out-novel-char_LGT728D_4d06c3ce0eb6b62233f4128fdb1c3b0f
model:LGT728D iter 122200: loss 1.3449, time 3512.23ms, mfu 0.95%
model:LGT728D iter 122210: loss 1.4256, time 225.23ms, mfu 0.97%
model:LGT728D iter 122220: loss 1.4200, time 228.57ms, mfu 0.99%
model:LGT728D iter 122230: loss 1.3187, time 224.19ms, mfu 1.00%
model:LGT728D iter 122240: loss 1.2590, time 234.04ms, mfu 1.02%
------average encoder activity 0.00000
-----------average decoder density 0.0000
step 122250: train loss 2.1294, val loss 2.0998
saving checkpoint to out-novel-char_LGT728D_4d06c3ce0eb6b62233f4128fdb1c3b0f
model:LGT728D iter 122250: loss 1.3719, time 3724.47ms, mfu 0.92%
model:LGT728D iter 122260: loss 1.3367, time 216.15ms, mfu 0.95%
model:LGT728D iter 122270: loss 1.4021, time 230.61ms, mfu 0.97%
model:LGT728D iter 122280: loss 1.4007, time 230.64ms, mfu 0.99%
model:LGT728D iter 122290: loss 1.5622, time 233.17ms, mfu 1.00%
------average encoder activity 0.00000
-----------average decoder density 0.0000
step 122300: train loss 2.1367, val loss 2.1232
saving checkpoint to out-novel-char_LGT728D_4d06c3ce0eb6b62233f4128fdb1c3b0f
model:LGT728D iter 122300: loss 1.5579, time 3803.27ms, mfu 0.91%
model:LGT728D iter 122310: loss 1.4369, time 216.54ms, mfu 0.94%
model:LGT728D iter 122320: loss 1.3638, time 229.22ms, mfu 0.96%
model:LGT728D iter 122330: loss 1.4485, time 229.78ms, mfu 0.97%
model:LGT728D iter 122340: loss 1.4229, time 225.29ms, mfu 0.99%
------average encoder activity 0.00000
-----------average decoder density 0.0000
step 122350: train loss 2.1230, val loss 2.1213
saving checkpoint to out-novel-char_LGT728D_4d06c3ce0eb6b62233f4128fdb1c3b0f
model:LGT728D iter 122350: loss 1.1910, time 3985.34ms, mfu 0.90%
model:LGT728D iter 122360: loss 1.3620, time 212.76ms, mfu 0.93%
model:LGT728D iter 122370: loss 1.4244, time 231.82ms, mfu 0.95%
model:LGT728D iter 122380: loss 1.3211, time 227.14ms, mfu 0.97%
model:LGT728D iter 122390: loss 1.3637, time 229.89ms, mfu 0.99%
------average encoder activity 0.00000
-----------average decoder density 0.0000
step 122400: train loss 2.1285, val loss 2.1038
saving checkpoint to out-novel-char_LGT728D_4d06c3ce0eb6b62233f4128fdb1c3b0f
model:LGT728D iter 122400: loss 1.2951, time 4021.24ms, mfu 0.90%
model:LGT728D iter 122410: loss 1.4164, time 218.32ms, mfu 0.93%
model:LGT728D iter 122420: loss 1.5096, time 223.13ms, mfu 0.95%
model:LGT728D iter 122430: loss 1.6120, time 236.47ms, mfu 0.97%
model:LGT728D iter 122440: loss 1.4407, time 237.77ms, mfu 0.98%
------average encoder activity 0.00000
-----------average decoder density 0.0000
step 122450: train loss 2.1400, val loss 2.1135
saving checkpoint to out-novel-char_LGT728D_4d06c3ce0eb6b62233f4128fdb1c3b0f
model:LGT728D iter 122450: loss 1.3805, time 3946.60ms, mfu 0.89%
model:LGT728D iter 122460: loss 1.4261, time 214.26ms, mfu 0.92%
model:LGT728D iter 122470: loss 1.4055, time 214.61ms, mfu 0.95%
model:LGT728D iter 122480: loss 1.4599, time 230.94ms, mfu 0.97%
model:LGT728D iter 122490: loss 1.5373, time 227.09ms, mfu 0.99%
------average encoder activity 0.00000
-----------average decoder density 0.0000
step 122500: train loss 2.1247, val loss 2.0985
saving checkpoint to out-novel-char_LGT728D_4d06c3ce0eb6b62233f4128fdb1c3b0f
model:LGT728D iter 122500: loss 1.2974, time 3916.51ms, mfu 0.90%
model:LGT728D iter 122510: loss 1.4315, time 215.70ms, mfu 0.93%
model:LGT728D iter 122520: loss 1.2997, time 168.61ms, mfu 0.99%
model:LGT728D iter 122530: loss 1.3798, time 161.08ms, mfu 1.05%
model:LGT728D iter 122540: loss 1.6043, time 231.70ms, mfu 1.06%
------average encoder activity 0.00000
-----------average decoder density 0.0000
step 122550: train loss 2.1320, val loss 2.1061
saving checkpoint to out-novel-char_LGT728D_4d06c3ce0eb6b62233f4128fdb1c3b0f
model:LGT728D iter 122550: loss 1.2360, time 3950.55ms, mfu 0.96%
model:LGT728D iter 122560: loss 1.4154, time 235.67ms, mfu 0.98%
model:LGT728D iter 122570: loss 1.5283, time 229.76ms, mfu 0.99%
model:LGT728D iter 122580: loss 1.5823, time 224.31ms, mfu 1.01%
model:LGT728D iter 122590: loss 1.5760, time 213.67ms, mfu 1.03%
------average encoder activity 0.00000
-----------average decoder density 0.0000
step 122600: train loss 2.1321, val loss 2.1238
saving checkpoint to out-novel-char_LGT728D_4d06c3ce0eb6b62233f4128fdb1c3b0f
model:LGT728D iter 122600: loss 1.3620, time 4659.15ms, mfu 0.93%
model:LGT728D iter 122610: loss 1.3778, time 236.67ms, mfu 0.95%
model:LGT728D iter 122620: loss 1.3888, time 225.08ms, mfu 0.97%
model:LGT728D iter 122630: loss 1.5906, time 219.35ms, mfu 0.99%
model:LGT728D iter 122640: loss 1.2418, time 216.28ms, mfu 1.02%
------average encoder activity 0.00000
-----------average decoder density 0.0000
step 122650: train loss 2.1204, val loss 2.1078
saving checkpoint to out-novel-char_LGT728D_4d06c3ce0eb6b62233f4128fdb1c3b0f
model:LGT728D iter 122650: loss 1.3239, time 4180.20ms, mfu 0.92%
model:LGT728D iter 122660: loss 1.4250, time 231.39ms, mfu 0.94%
model:LGT728D iter 122670: loss 1.3952, time 223.24ms, mfu 0.96%
model:LGT728D iter 122680: loss 1.3326, time 228.34ms, mfu 0.98%
model:LGT728D iter 122690: loss 1.4381, time 214.48ms, mfu 1.01%
------average encoder activity 0.00000
-----------average decoder density 0.0000
step 122700: train loss 2.1100, val loss 2.0987
saving checkpoint to out-novel-char_LGT728D_4d06c3ce0eb6b62233f4128fdb1c3b0f
model:LGT728D iter 122700: loss 1.3926, time 4070.64ms, mfu 0.91%
model:LGT728D iter 122710: loss 1.3224, time 179.36ms, mfu 0.97%
model:LGT728D iter 122720: loss 1.3276, time 164.73ms, mfu 1.03%
model:LGT728D iter 122730: loss 1.2859, time 173.12ms, mfu 1.08%
model:LGT728D iter 122740: loss 1.3480, time 236.57ms, mfu 1.08%
------average encoder activity 0.00000
-----------average decoder density 0.0000
step 122750: train loss 2.1348, val loss 2.1032
saving checkpoint to out-novel-char_LGT728D_4d06c3ce0eb6b62233f4128fdb1c3b0f
model:LGT728D iter 122750: loss 1.3374, time 3576.01ms, mfu 0.98%
model:LGT728D iter 122760: loss 1.2661, time 231.78ms, mfu 0.99%
model:LGT728D iter 122770: loss 1.4417, time 231.04ms, mfu 1.01%
model:LGT728D iter 122780: loss 1.2247, time 225.78ms, mfu 1.02%
model:LGT728D iter 122790: loss 1.4048, time 172.18ms, mfu 1.07%
------average encoder activity 0.00000
-----------average decoder density 0.0000
step 122800: train loss 2.1259, val loss 2.1020
saving checkpoint to out-novel-char_LGT728D_4d06c3ce0eb6b62233f4128fdb1c3b0f
model:LGT728D iter 122800: loss 1.5881, time 3481.97ms, mfu 0.97%
model:LGT728D iter 122810: loss 1.4760, time 181.66ms, mfu 1.02%
model:LGT728D iter 122820: loss 1.5295, time 186.67ms, mfu 1.06%
model:LGT728D iter 122830: loss 1.3010, time 177.27ms, mfu 1.10%
model:LGT728D iter 122840: loss 1.7322, time 166.68ms, mfu 1.15%
------average encoder activity 0.00000
-----------average decoder density 0.0000
step 122850: train loss 2.1315, val loss 2.1078
saving checkpoint to out-novel-char_LGT728D_4d06c3ce0eb6b62233f4128fdb1c3b0f
model:LGT728D iter 122850: loss 1.4478, time 3997.62ms, mfu 1.04%
model:LGT728D iter 122860: loss 1.4859, time 163.57ms, mfu 1.10%
model:LGT728D iter 122870: loss 1.3827, time 164.50ms, mfu 1.14%
model:LGT728D iter 122880: loss 1.4680, time 155.03ms, mfu 1.20%
model:LGT728D iter 122890: loss 1.3597, time 180.18ms, mfu 1.22%
------average encoder activity 0.00000
-----------average decoder density 0.0000
step 122900: train loss 2.1288, val loss 2.1012
saving checkpoint to out-novel-char_LGT728D_4d06c3ce0eb6b62233f4128fdb1c3b0f
model:LGT728D iter 122900: loss 1.4005, time 3851.46ms, mfu 1.11%
model:LGT728D iter 122910: loss 1.3452, time 185.14ms, mfu 1.14%
model:LGT728D iter 122920: loss 1.3597, time 187.54ms, mfu 1.16%
model:LGT728D iter 122930: loss 1.4111, time 168.01ms, mfu 1.20%
model:LGT728D iter 122940: loss 1.3157, time 163.27ms, mfu 1.24%
------average encoder activity 0.00000
-----------average decoder density 0.0000
step 122950: train loss 2.1244, val loss 2.1114
saving checkpoint to out-novel-char_LGT728D_4d06c3ce0eb6b62233f4128fdb1c3b0f
model:LGT728D iter 122950: loss 1.2810, time 3781.16ms, mfu 1.13%
model:LGT728D iter 122960: loss 1.4516, time 172.87ms, mfu 1.17%
model:LGT728D iter 122970: loss 1.3470, time 184.17ms, mfu 1.19%
model:LGT728D iter 122980: loss 1.3337, time 172.56ms, mfu 1.22%
model:LGT728D iter 122990: loss 1.3600, time 162.27ms, mfu 1.26%
------average encoder activity 0.00000
-----------average decoder density 0.0000
step 123000: train loss 2.1254, val loss 2.1060
saving checkpoint to out-novel-char_LGT728D_4d06c3ce0eb6b62233f4128fdb1c3b0f
model:LGT728D iter 123000: loss 1.3099, time 3613.30ms, mfu 1.14%
model:LGT728D iter 123010: loss 1.3180, time 162.81ms, mfu 1.19%
model:LGT728D iter 123020: loss 1.2950, time 164.44ms, mfu 1.23%
model:LGT728D iter 123030: loss 1.4710, time 166.30ms, mfu 1.26%
model:LGT728D iter 123040: loss 1.4768, time 185.69ms, mfu 1.28%
------average encoder activity 0.00000
-----------average decoder density 0.0000
step 123050: train loss 2.1097, val loss 2.0981
saving checkpoint to out-novel-char_LGT728D_4d06c3ce0eb6b62233f4128fdb1c3b0f
model:LGT728D iter 123050: loss 1.4514, time 4180.24ms, mfu 1.16%
model:LGT728D iter 123060: loss 1.3846, time 218.23ms, mfu 1.16%
model:LGT728D iter 123070: loss 1.3112, time 214.98ms, mfu 1.17%
model:LGT728D iter 123080: loss 1.4331, time 223.36ms, mfu 1.17%
model:LGT728D iter 123090: loss 1.3637, time 229.05ms, mfu 1.16%
------average encoder activity 0.00000
-----------average decoder density 0.0000
step 123100: train loss 2.1182, val loss 2.0877
saving checkpoint to out-novel-char_LGT728D_4d06c3ce0eb6b62233f4128fdb1c3b0f
model:LGT728D iter 123100: loss 1.4848, time 4200.84ms, mfu 1.05%
model:LGT728D iter 123110: loss 1.4228, time 235.69ms, mfu 1.06%
model:LGT728D iter 123120: loss 1.5883, time 212.57ms, mfu 1.08%
model:LGT728D iter 123130: loss 1.3664, time 207.64ms, mfu 1.10%
model:LGT728D iter 123140: loss 1.3408, time 226.52ms, mfu 1.10%
------average encoder activity 0.00000
-----------average decoder density 0.0000
step 123150: train loss 2.1210, val loss 2.1073
saving checkpoint to out-novel-char_LGT728D_4d06c3ce0eb6b62233f4128fdb1c3b0f
model:LGT728D iter 123150: loss 1.2702, time 4227.53ms, mfu 1.00%
model:LGT728D iter 123160: loss 1.2900, time 231.49ms, mfu 1.01%
model:LGT728D iter 123170: loss 1.5215, time 213.40ms, mfu 1.03%
model:LGT728D iter 123180: loss 1.4265, time 217.16ms, mfu 1.05%
model:LGT728D iter 123190: loss 1.4451, time 231.92ms, mfu 1.06%
------average encoder activity 0.00000
-----------average decoder density 0.0000
step 123200: train loss 2.1191, val loss 2.1005
saving checkpoint to out-novel-char_LGT728D_4d06c3ce0eb6b62233f4128fdb1c3b0f
model:LGT728D iter 123200: loss 1.4209, time 4289.62ms, mfu 0.96%
model:LGT728D iter 123210: loss 1.4220, time 221.26ms, mfu 0.98%
model:LGT728D iter 123220: loss 1.3389, time 213.14ms, mfu 1.01%
model:LGT728D iter 123230: loss 1.3718, time 216.04ms, mfu 1.03%
model:LGT728D iter 123240: loss 1.4006, time 233.87ms, mfu 1.04%
------average encoder activity 0.00000
-----------average decoder density 0.0000
step 123250: train loss 2.1329, val loss 2.0985
saving checkpoint to out-novel-char_LGT728D_4d06c3ce0eb6b62233f4128fdb1c3b0f
model:LGT728D iter 123250: loss 1.4011, time 4262.08ms, mfu 0.94%
model:LGT728D iter 123260: loss 1.5605, time 227.57ms, mfu 0.96%
model:LGT728D iter 123270: loss 1.2928, time 214.22ms, mfu 0.99%
model:LGT728D iter 123280: loss 1.3488, time 213.00ms, mfu 1.01%
model:LGT728D iter 123290: loss 1.4721, time 228.46ms, mfu 1.02%
------average encoder activity 0.00000
-----------average decoder density 0.0000
step 123300: train loss 2.1274, val loss 2.0817
saving checkpoint to out-novel-char_LGT728D_4d06c3ce0eb6b62233f4128fdb1c3b0f
model:LGT728D iter 123300: loss 1.3844, time 4240.72ms, mfu 0.93%
model:LGT728D iter 123310: loss 1.3864, time 226.28ms, mfu 0.95%
model:LGT728D iter 123320: loss 1.2891, time 213.09ms, mfu 0.98%
model:LGT728D iter 123330: loss 1.3171, time 217.75ms, mfu 1.00%
model:LGT728D iter 123340: loss 1.7265, time 227.33ms, mfu 1.02%
------average encoder activity 0.00000
-----------average decoder density 0.0000
step 123350: train loss 2.1310, val loss 2.0902
saving checkpoint to out-novel-char_LGT728D_4d06c3ce0eb6b62233f4128fdb1c3b0f
model:LGT728D iter 123350: loss 1.3669, time 4240.89ms, mfu 0.92%
model:LGT728D iter 123360: loss 1.2092, time 227.96ms, mfu 0.94%
model:LGT728D iter 123370: loss 1.5758, time 244.24ms, mfu 0.96%
model:LGT728D iter 123380: loss 1.4338, time 234.43ms, mfu 0.97%
model:LGT728D iter 123390: loss 1.2536, time 244.49ms, mfu 0.98%
------average encoder activity 0.00000
-----------average decoder density 0.0000
step 123400: train loss 2.1332, val loss 2.0998
saving checkpoint to out-novel-char_LGT728D_4d06c3ce0eb6b62233f4128fdb1c3b0f
model:LGT728D iter 123400: loss 1.4716, time 4032.82ms, mfu 0.89%
model:LGT728D iter 123410: loss 1.4103, time 176.19ms, mfu 0.95%
model:LGT728D iter 123420: loss 1.5454, time 243.68ms, mfu 0.96%
model:LGT728D iter 123430: loss 1.5384, time 180.65ms, mfu 1.01%
model:LGT728D iter 123440: loss 1.4187, time 178.56ms, mfu 1.06%
------average encoder activity 0.00000
-----------average decoder density 0.0000
step 123450: train loss 2.1266, val loss 2.0919
saving checkpoint to out-novel-char_LGT728D_4d06c3ce0eb6b62233f4128fdb1c3b0f
model:LGT728D iter 123450: loss 1.2259, time 3944.68ms, mfu 0.96%
model:LGT728D iter 123460: loss 1.4816, time 237.72ms, mfu 0.97%
model:LGT728D iter 123470: loss 1.5061, time 237.07ms, mfu 0.98%
model:LGT728D iter 123480: loss 1.3519, time 235.57ms, mfu 1.00%
model:LGT728D iter 123490: loss 1.5642, time 227.51ms, mfu 1.01%
------average encoder activity 0.00000
-----------average decoder density 0.0000
step 123500: train loss 2.1151, val loss 2.1034
saving checkpoint to out-novel-char_LGT728D_4d06c3ce0eb6b62233f4128fdb1c3b0f
model:LGT728D iter 123500: loss 1.4048, time 3786.03ms, mfu 0.92%
model:LGT728D iter 123510: loss 1.3764, time 225.00ms, mfu 0.94%
model:LGT728D iter 123520: loss 1.3589, time 225.38ms, mfu 0.96%
model:LGT728D iter 123530: loss 1.3490, time 225.91ms, mfu 0.98%
model:LGT728D iter 123540: loss 1.4678, time 223.23ms, mfu 1.00%
------average encoder activity 0.00000
-----------average decoder density 0.0000
step 123550: train loss 2.1163, val loss 2.1035
saving checkpoint to out-novel-char_LGT728D_4d06c3ce0eb6b62233f4128fdb1c3b0f
model:LGT728D iter 123550: loss 1.3331, time 3675.18ms, mfu 0.91%
model:LGT728D iter 123560: loss 1.2908, time 228.00ms, mfu 0.93%
model:LGT728D iter 123570: loss 1.4800, time 232.02ms, mfu 0.95%
model:LGT728D iter 123580: loss 1.4269, time 240.10ms, mfu 0.97%
model:LGT728D iter 123590: loss 1.3797, time 235.66ms, mfu 0.98%
------average encoder activity 0.00000
-----------average decoder density 0.0000
step 123600: train loss 2.1276, val loss 2.1049
saving checkpoint to out-novel-char_LGT728D_4d06c3ce0eb6b62233f4128fdb1c3b0f
model:LGT728D iter 123600: loss 1.3846, time 3477.23ms, mfu 0.89%
model:LGT728D iter 123610: loss 1.3646, time 178.18ms, mfu 0.95%
model:LGT728D iter 123620: loss 1.4213, time 246.63ms, mfu 0.96%
model:LGT728D iter 123630: loss 1.2767, time 241.41ms, mfu 0.97%
model:LGT728D iter 123640: loss 1.4903, time 237.44ms, mfu 0.99%
------average encoder activity 0.00000
-----------average decoder density 0.0000
step 123650: train loss 2.1199, val loss 2.1058
saving checkpoint to out-novel-char_LGT728D_4d06c3ce0eb6b62233f4128fdb1c3b0f
model:LGT728D iter 123650: loss 1.4369, time 3787.95ms, mfu 0.89%
model:LGT728D iter 123660: loss 1.4014, time 160.31ms, mfu 0.97%
model:LGT728D iter 123670: loss 1.4059, time 240.16ms, mfu 0.98%
model:LGT728D iter 123680: loss 1.4359, time 236.29ms, mfu 0.99%
model:LGT728D iter 123690: loss 1.3803, time 247.86ms, mfu 1.00%
------average encoder activity 0.00000
-----------average decoder density 0.0000
step 123700: train loss 2.1381, val loss 2.1322
saving checkpoint to out-novel-char_LGT728D_4d06c3ce0eb6b62233f4128fdb1c3b0f
model:LGT728D iter 123700: loss 1.3931, time 3983.51ms, mfu 0.91%
model:LGT728D iter 123710: loss 1.4110, time 213.77ms, mfu 0.94%
model:LGT728D iter 123720: loss 1.3683, time 218.99ms, mfu 0.96%
model:LGT728D iter 123730: loss 1.3784, time 230.15ms, mfu 0.98%
model:LGT728D iter 123740: loss 1.3703, time 227.96ms, mfu 1.00%
------average encoder activity 0.00000
-----------average decoder density 0.0000
step 123750: train loss 2.1219, val loss 2.1036
saving checkpoint to out-novel-char_LGT728D_4d06c3ce0eb6b62233f4128fdb1c3b0f
model:LGT728D iter 123750: loss 1.2630, time 3926.46ms, mfu 0.90%
model:LGT728D iter 123760: loss 1.4044, time 194.74ms, mfu 0.95%
model:LGT728D iter 123770: loss 1.4695, time 179.60ms, mfu 1.00%
model:LGT728D iter 123780: loss 1.3583, time 177.23ms, mfu 1.05%
model:LGT728D iter 123790: loss 1.3886, time 243.10ms, mfu 1.05%
------average encoder activity 0.00000
-----------average decoder density 0.0000
step 123800: train loss 2.1127, val loss 2.0934
saving checkpoint to out-novel-char_LGT728D_4d06c3ce0eb6b62233f4128fdb1c3b0f
model:LGT728D iter 123800: loss 1.4055, time 3992.20ms, mfu 0.95%
model:LGT728D iter 123810: loss 1.3797, time 187.83ms, mfu 1.00%
model:LGT728D iter 123820: loss 1.5256, time 196.47ms, mfu 1.03%
model:LGT728D iter 123830: loss 1.4016, time 181.25ms, mfu 1.07%
model:LGT728D iter 123840: loss 1.3455, time 177.93ms, mfu 1.11%
------average encoder activity 0.00000
-----------average decoder density 0.0000
step 123850: train loss 2.1388, val loss 2.1145
saving checkpoint to out-novel-char_LGT728D_4d06c3ce0eb6b62233f4128fdb1c3b0f
model:LGT728D iter 123850: loss 1.3802, time 4052.18ms, mfu 1.01%
model:LGT728D iter 123860: loss 1.2779, time 180.32ms, mfu 1.05%
model:LGT728D iter 123870: loss 1.6137, time 186.42ms, mfu 1.09%
model:LGT728D iter 123880: loss 1.3507, time 239.27ms, mfu 1.09%
model:LGT728D iter 123890: loss 1.2504, time 231.40ms, mfu 1.09%
------average encoder activity 0.00000
-----------average decoder density 0.0000
step 123900: train loss 2.1116, val loss 2.0983
saving checkpoint to out-novel-char_LGT728D_4d06c3ce0eb6b62233f4128fdb1c3b0f
model:LGT728D iter 123900: loss 1.3295, time 3768.00ms, mfu 0.99%
model:LGT728D iter 123910: loss 1.4357, time 224.89ms, mfu 1.01%
model:LGT728D iter 123920: loss 1.4724, time 221.11ms, mfu 1.02%
model:LGT728D iter 123930: loss 1.2089, time 234.76ms, mfu 1.03%
model:LGT728D iter 123940: loss 1.2771, time 233.02ms, mfu 1.04%
------average encoder activity 0.00000
-----------average decoder density 0.0000
step 123950: train loss 2.1312, val loss 2.1075
saving checkpoint to out-novel-char_LGT728D_4d06c3ce0eb6b62233f4128fdb1c3b0f
model:LGT728D iter 123950: loss 1.4509, time 3621.70ms, mfu 0.95%
model:LGT728D iter 123960: loss 1.3815, time 224.37ms, mfu 0.97%
model:LGT728D iter 123970: loss 1.3269, time 224.15ms, mfu 0.99%
model:LGT728D iter 123980: loss 1.2924, time 232.39ms, mfu 1.00%
model:LGT728D iter 123990: loss 1.3768, time 234.34ms, mfu 1.01%
------average encoder activity 0.00000
-----------average decoder density 0.0000
step 124000: train loss 2.1219, val loss 2.1114
saving checkpoint to out-novel-char_LGT728D_4d06c3ce0eb6b62233f4128fdb1c3b0f
model:LGT728D iter 124000: loss 1.2192, time 3638.26ms, mfu 0.92%
model:LGT728D iter 124010: loss 1.2617, time 225.21ms, mfu 0.94%
model:LGT728D iter 124020: loss 1.4256, time 225.93ms, mfu 0.96%
model:LGT728D iter 124030: loss 1.3344, time 236.33ms, mfu 0.98%
model:LGT728D iter 124040: loss 1.3402, time 232.76ms, mfu 0.99%
------average encoder activity 0.00000
-----------average decoder density 0.0000
step 124050: train loss 2.1122, val loss 2.0993
saving checkpoint to out-novel-char_LGT728D_4d06c3ce0eb6b62233f4128fdb1c3b0f
model:LGT728D iter 124050: loss 1.3238, time 3716.22ms, mfu 0.90%
model:LGT728D iter 124060: loss 1.3886, time 218.67ms, mfu 0.93%
model:LGT728D iter 124070: loss 1.2816, time 237.13ms, mfu 0.95%
model:LGT728D iter 124080: loss 1.6071, time 227.41ms, mfu 0.97%
model:LGT728D iter 124090: loss 1.3168, time 223.45ms, mfu 0.99%
------average encoder activity 0.00000
-----------average decoder density 0.0000
step 124100: train loss 2.1190, val loss 2.0941
saving checkpoint to out-novel-char_LGT728D_4d06c3ce0eb6b62233f4128fdb1c3b0f
model:LGT728D iter 124100: loss 1.2095, time 3725.66ms, mfu 0.90%
model:LGT728D iter 124110: loss 1.4478, time 228.47ms, mfu 0.92%
model:LGT728D iter 124120: loss 1.4767, time 229.24ms, mfu 0.94%
model:LGT728D iter 124130: loss 1.4239, time 223.27ms, mfu 0.97%
model:LGT728D iter 124140: loss 1.3863, time 231.56ms, mfu 0.98%
------average encoder activity 0.00000
-----------average decoder density 0.0000
step 124150: train loss 2.1170, val loss 2.1015
saving checkpoint to out-novel-char_LGT728D_4d06c3ce0eb6b62233f4128fdb1c3b0f
model:LGT728D iter 124150: loss 1.3820, time 3862.84ms, mfu 0.89%
model:LGT728D iter 124160: loss 1.3210, time 216.98ms, mfu 0.92%
model:LGT728D iter 124170: loss 1.4931, time 236.38ms, mfu 0.94%
model:LGT728D iter 124180: loss 1.5005, time 235.43ms, mfu 0.96%
model:LGT728D iter 124190: loss 1.5461, time 244.09ms, mfu 0.97%
------average encoder activity 0.00000
-----------average decoder density 0.0000
step 124200: train loss 2.1184, val loss 2.0852
saving checkpoint to out-novel-char_LGT728D_4d06c3ce0eb6b62233f4128fdb1c3b0f
model:LGT728D iter 124200: loss 1.4495, time 3922.28ms, mfu 0.88%
model:LGT728D iter 124210: loss 1.3154, time 223.96ms, mfu 0.91%
model:LGT728D iter 124220: loss 1.4625, time 230.66ms, mfu 0.93%
model:LGT728D iter 124230: loss 1.3749, time 238.46ms, mfu 0.95%
model:LGT728D iter 124240: loss 1.4211, time 235.36ms, mfu 0.96%
------average encoder activity 0.00000
-----------average decoder density 0.0000
step 124250: train loss 2.1135, val loss 2.0966
saving checkpoint to out-novel-char_LGT728D_4d06c3ce0eb6b62233f4128fdb1c3b0f
model:LGT728D iter 124250: loss 1.4066, time 3986.89ms, mfu 0.87%
model:LGT728D iter 124260: loss 1.3963, time 215.81ms, mfu 0.91%
model:LGT728D iter 124270: loss 1.3275, time 164.89ms, mfu 0.98%
model:LGT728D iter 124280: loss 1.4281, time 189.24ms, mfu 1.02%
model:LGT728D iter 124290: loss 1.4938, time 227.78ms, mfu 1.03%
------average encoder activity 0.00000
-----------average decoder density 0.0000
step 124300: train loss 2.1136, val loss 2.1005
saving checkpoint to out-novel-char_LGT728D_4d06c3ce0eb6b62233f4128fdb1c3b0f
model:LGT728D iter 124300: loss 1.2723, time 3830.33ms, mfu 0.93%
model:LGT728D iter 124310: loss 1.4542, time 228.88ms, mfu 0.95%
model:LGT728D iter 124320: loss 1.2892, time 221.03ms, mfu 0.98%
model:LGT728D iter 124330: loss 1.3674, time 220.24ms, mfu 1.00%
model:LGT728D iter 124340: loss 1.5540, time 234.32ms, mfu 1.01%
------average encoder activity 0.00000
-----------average decoder density 0.0000
step 124350: train loss 2.1155, val loss 2.0967
saving checkpoint to out-novel-char_LGT728D_4d06c3ce0eb6b62233f4128fdb1c3b0f
model:LGT728D iter 124350: loss 1.5406, time 3847.14ms, mfu 0.92%
model:LGT728D iter 124360: loss 1.3337, time 202.69ms, mfu 0.95%
model:LGT728D iter 124370: loss 1.3903, time 247.76ms, mfu 0.96%
model:LGT728D iter 124380: loss 1.4581, time 224.32ms, mfu 0.98%
model:LGT728D iter 124390: loss 1.1843, time 160.32ms, mfu 1.05%
------average encoder activity 0.00000
-----------average decoder density 0.0000
step 124400: train loss 2.1042, val loss 2.0968
saving checkpoint to out-novel-char_LGT728D_4d06c3ce0eb6b62233f4128fdb1c3b0f
model:LGT728D iter 124400: loss 1.4190, time 3955.11ms, mfu 0.95%
model:LGT728D iter 124410: loss 1.4419, time 229.70ms, mfu 0.97%
model:LGT728D iter 124420: loss 1.3785, time 244.87ms, mfu 0.98%
model:LGT728D iter 124430: loss 1.3796, time 236.64ms, mfu 0.99%
model:LGT728D iter 124440: loss 1.3277, time 177.58ms, mfu 1.04%
------average encoder activity 0.00000
-----------average decoder density 0.0000
step 124450: train loss 2.1221, val loss 2.0990
saving checkpoint to out-novel-char_LGT728D_4d06c3ce0eb6b62233f4128fdb1c3b0f
model:LGT728D iter 124450: loss 1.4682, time 3617.51ms, mfu 0.94%
model:LGT728D iter 124460: loss 1.3662, time 248.63ms, mfu 0.95%
model:LGT728D iter 124470: loss 1.4323, time 238.23ms, mfu 0.97%
model:LGT728D iter 124480: loss 1.4300, time 231.44ms, mfu 0.99%
model:LGT728D iter 124490: loss 1.4112, time 238.94ms, mfu 1.00%
------average encoder activity 0.00000
-----------average decoder density 0.0000
step 124500: train loss 2.0987, val loss 2.0925
saving checkpoint to out-novel-char_LGT728D_4d06c3ce0eb6b62233f4128fdb1c3b0f
model:LGT728D iter 124500: loss 1.4278, time 3567.49ms, mfu 0.90%
model:LGT728D iter 124510: loss 1.2870, time 242.03ms, mfu 0.92%
model:LGT728D iter 124520: loss 1.4447, time 243.25ms, mfu 0.94%
model:LGT728D iter 124530: loss 1.2834, time 239.09ms, mfu 0.95%
model:LGT728D iter 124540: loss 1.3577, time 242.57ms, mfu 0.97%
------average encoder activity 0.00000
-----------average decoder density 0.0000
step 124550: train loss 2.1060, val loss 2.0864
saving checkpoint to out-novel-char_LGT728D_4d06c3ce0eb6b62233f4128fdb1c3b0f
model:LGT728D iter 124550: loss 1.3929, time 3392.77ms, mfu 0.88%
model:LGT728D iter 124560: loss 1.2916, time 242.01ms, mfu 0.90%
model:LGT728D iter 124570: loss 1.4826, time 247.86ms, mfu 0.91%
model:LGT728D iter 124580: loss 1.3435, time 230.10ms, mfu 0.94%
model:LGT728D iter 124590: loss 1.5144, time 197.08ms, mfu 0.97%
------average encoder activity 0.00000
-----------average decoder density 0.0000
step 124600: train loss 2.1081, val loss 2.0900
saving checkpoint to out-novel-char_LGT728D_4d06c3ce0eb6b62233f4128fdb1c3b0f
model:LGT728D iter 124600: loss 1.4584, time 3411.96ms, mfu 0.88%
model:LGT728D iter 124610: loss 1.3407, time 184.99ms, mfu 0.94%
model:LGT728D iter 124620: loss 1.4221, time 185.78ms, mfu 0.98%
model:LGT728D iter 124630: loss 1.3601, time 181.81ms, mfu 1.03%
model:LGT728D iter 124640: loss 1.3360, time 191.29ms, mfu 1.06%
------average encoder activity 0.00000
-----------average decoder density 0.0000
step 124650: train loss 2.1052, val loss 2.0977
saving checkpoint to out-novel-char_LGT728D_4d06c3ce0eb6b62233f4128fdb1c3b0f
model:LGT728D iter 124650: loss 1.5120, time 3841.08ms, mfu 0.96%
model:LGT728D iter 124660: loss 1.4104, time 215.04ms, mfu 0.99%
model:LGT728D iter 124670: loss 1.5686, time 159.90ms, mfu 1.05%
model:LGT728D iter 124680: loss 1.7101, time 165.42ms, mfu 1.11%
model:LGT728D iter 124690: loss 1.2229, time 195.73ms, mfu 1.13%
------average encoder activity 0.00000
-----------average decoder density 0.0000
step 124700: train loss 2.1236, val loss 2.0883
saving checkpoint to out-novel-char_LGT728D_4d06c3ce0eb6b62233f4128fdb1c3b0f
model:LGT728D iter 124700: loss 1.4366, time 3964.08ms, mfu 1.02%
model:LGT728D iter 124710: loss 1.4005, time 219.88ms, mfu 1.04%
model:LGT728D iter 124720: loss 1.5050, time 189.64ms, mfu 1.07%
model:LGT728D iter 124730: loss 1.2400, time 205.57ms, mfu 1.09%
model:LGT728D iter 124740: loss 1.1221, time 163.03ms, mfu 1.15%
------average encoder activity 0.00000
-----------average decoder density 0.0000
step 124750: train loss 2.1064, val loss 2.0924
saving checkpoint to out-novel-char_LGT728D_4d06c3ce0eb6b62233f4128fdb1c3b0f
model:LGT728D iter 124750: loss 1.4819, time 4046.90ms, mfu 1.04%
model:LGT728D iter 124760: loss 1.4155, time 232.47ms, mfu 1.05%
model:LGT728D iter 124770: loss 1.4654, time 222.56ms, mfu 1.06%
model:LGT728D iter 124780: loss 1.4421, time 235.34ms, mfu 1.06%
model:LGT728D iter 124790: loss 1.2498, time 221.03ms, mfu 1.08%
------average encoder activity 0.00000
-----------average decoder density 0.0000
step 124800: train loss 2.1163, val loss 2.0863
saving checkpoint to out-novel-char_LGT728D_4d06c3ce0eb6b62233f4128fdb1c3b0f
model:LGT728D iter 124800: loss 1.2143, time 3668.60ms, mfu 0.98%
model:LGT728D iter 124810: loss 1.4025, time 220.30ms, mfu 1.00%
model:LGT728D iter 124820: loss 1.2490, time 237.54ms, mfu 1.01%
model:LGT728D iter 124830: loss 1.4060, time 225.37ms, mfu 1.02%
model:LGT728D iter 124840: loss 1.3773, time 227.83ms, mfu 1.04%
------average encoder activity 0.00000
-----------average decoder density 0.0000
step 124850: train loss 2.1087, val loss 2.0873
saving checkpoint to out-novel-char_LGT728D_4d06c3ce0eb6b62233f4128fdb1c3b0f
model:LGT728D iter 124850: loss 1.4738, time 3488.28ms, mfu 0.94%
model:LGT728D iter 124860: loss 1.5320, time 227.16ms, mfu 0.96%
model:LGT728D iter 124870: loss 1.4895, time 229.31ms, mfu 0.98%
model:LGT728D iter 124880: loss 1.3032, time 228.21ms, mfu 1.00%
model:LGT728D iter 124890: loss 1.3510, time 169.92ms, mfu 1.05%
------average encoder activity 0.00000
-----------average decoder density 0.0000
step 124900: train loss 2.1058, val loss 2.1026
saving checkpoint to out-novel-char_LGT728D_4d06c3ce0eb6b62233f4128fdb1c3b0f
model:LGT728D iter 124900: loss 1.4521, time 3629.05ms, mfu 0.95%
model:LGT728D iter 124910: loss 1.3076, time 157.15ms, mfu 1.02%
model:LGT728D iter 124920: loss 1.4600, time 168.81ms, mfu 1.08%
model:LGT728D iter 124930: loss 1.3658, time 224.34ms, mfu 1.09%
model:LGT728D iter 124940: loss 1.4872, time 227.46ms, mfu 1.09%
------average encoder activity 0.00000
-----------average decoder density 0.0000
step 124950: train loss 2.1101, val loss 2.0905
saving checkpoint to out-novel-char_LGT728D_4d06c3ce0eb6b62233f4128fdb1c3b0f
model:LGT728D iter 124950: loss 1.3048, time 4194.16ms, mfu 0.99%
model:LGT728D iter 124960: loss 1.2726, time 210.92ms, mfu 1.01%
model:LGT728D iter 124970: loss 1.4456, time 216.72ms, mfu 1.03%
model:LGT728D iter 124980: loss 1.2390, time 235.29ms, mfu 1.04%
model:LGT728D iter 124990: loss 1.4689, time 232.73ms, mfu 1.05%
------average encoder activity 0.00000
-----------average decoder density 0.0000
step 125000: train loss 2.1100, val loss 2.0842
saving checkpoint to out-novel-char_LGT728D_4d06c3ce0eb6b62233f4128fdb1c3b0f
model:LGT728D iter 125000: loss 1.5756, time 4286.27ms, mfu 0.95%
model:LGT728D iter 125010: loss 1.4562, time 174.61ms, mfu 1.01%
model:LGT728D iter 125020: loss 1.3335, time 175.73ms, mfu 1.05%
model:LGT728D iter 125030: loss 1.3248, time 182.31ms, mfu 1.09%
model:LGT728D iter 125040: loss 1.3077, time 246.45ms, mfu 1.09%
------average encoder activity 0.00000
-----------average decoder density 0.0000
step 125050: train loss 2.1082, val loss 2.0892
saving checkpoint to out-novel-char_LGT728D_4d06c3ce0eb6b62233f4128fdb1c3b0f
model:LGT728D iter 125050: loss 1.4359, time 4193.30ms, mfu 0.99%
model:LGT728D iter 125060: loss 1.6242, time 228.44ms, mfu 1.00%
model:LGT728D iter 125070: loss 1.2698, time 228.50ms, mfu 1.02%
model:LGT728D iter 125080: loss 1.4212, time 235.64ms, mfu 1.03%
model:LGT728D iter 125090: loss 1.3782, time 230.89ms, mfu 1.04%
------average encoder activity 0.00000
-----------average decoder density 0.0000
step 125100: train loss 2.0941, val loss 2.0857
saving checkpoint to out-novel-char_LGT728D_4d06c3ce0eb6b62233f4128fdb1c3b0f
model:LGT728D iter 125100: loss 1.3298, time 4179.08ms, mfu 0.94%
model:LGT728D iter 125110: loss 1.3291, time 220.29ms, mfu 0.96%
model:LGT728D iter 125120: loss 1.4340, time 162.93ms, mfu 1.03%
model:LGT728D iter 125130: loss 1.4799, time 159.80ms, mfu 1.09%
model:LGT728D iter 125140: loss 1.3104, time 231.38ms, mfu 1.09%
------average encoder activity 0.00000
-----------average decoder density 0.0000
step 125150: train loss 2.0982, val loss 2.0841
saving checkpoint to out-novel-char_LGT728D_4d06c3ce0eb6b62233f4128fdb1c3b0f
model:LGT728D iter 125150: loss 1.3957, time 4068.49ms, mfu 0.99%
model:LGT728D iter 125160: loss 1.4568, time 215.22ms, mfu 1.01%
model:LGT728D iter 125170: loss 1.2793, time 235.43ms, mfu 1.02%
model:LGT728D iter 125180: loss 1.3713, time 214.67ms, mfu 1.04%
model:LGT728D iter 125190: loss 1.4777, time 212.49ms, mfu 1.06%
------average encoder activity 0.00000
-----------average decoder density 0.0000
step 125200: train loss 2.1314, val loss 2.1042
saving checkpoint to out-novel-char_LGT728D_4d06c3ce0eb6b62233f4128fdb1c3b0f
model:LGT728D iter 125200: loss 1.3128, time 4117.49ms, mfu 0.96%
model:LGT728D iter 125210: loss 1.4856, time 235.82ms, mfu 0.98%
model:LGT728D iter 125220: loss 1.2956, time 238.47ms, mfu 0.99%
model:LGT728D iter 125230: loss 1.3101, time 215.03ms, mfu 1.01%
model:LGT728D iter 125240: loss 1.2408, time 164.43ms, mfu 1.07%
------average encoder activity 0.00000
-----------average decoder density 0.0000
step 125250: train loss 2.1021, val loss 2.0955
saving checkpoint to out-novel-char_LGT728D_4d06c3ce0eb6b62233f4128fdb1c3b0f
model:LGT728D iter 125250: loss 1.2812, time 4127.94ms, mfu 0.97%
model:LGT728D iter 125260: loss 1.5611, time 223.26ms, mfu 0.99%
model:LGT728D iter 125270: loss 1.3897, time 234.87ms, mfu 1.00%
model:LGT728D iter 125280: loss 1.3322, time 233.73ms, mfu 1.01%
model:LGT728D iter 125290: loss 1.5080, time 219.69ms, mfu 1.03%
------average encoder activity 0.00000
-----------average decoder density 0.0000
step 125300: train loss 2.0811, val loss 2.0868
saving checkpoint to out-novel-char_LGT728D_4d06c3ce0eb6b62233f4128fdb1c3b0f
model:LGT728D iter 125300: loss 1.4450, time 3996.95ms, mfu 0.93%
model:LGT728D iter 125310: loss 1.5454, time 221.50ms, mfu 0.96%
model:LGT728D iter 125320: loss 1.4463, time 229.95ms, mfu 0.98%
model:LGT728D iter 125330: loss 1.3636, time 225.96ms, mfu 1.00%
model:LGT728D iter 125340: loss 1.2816, time 217.10ms, mfu 1.02%
------average encoder activity 0.00000
-----------average decoder density 0.0000
step 125350: train loss 2.1006, val loss 2.0981
saving checkpoint to out-novel-char_LGT728D_4d06c3ce0eb6b62233f4128fdb1c3b0f
model:LGT728D iter 125350: loss 1.2359, time 3801.18ms, mfu 0.92%
model:LGT728D iter 125360: loss 1.4013, time 223.48ms, mfu 0.95%
model:LGT728D iter 125370: loss 1.4279, time 226.68ms, mfu 0.97%
model:LGT728D iter 125380: loss 1.2730, time 231.16ms, mfu 0.98%
model:LGT728D iter 125390: loss 1.4325, time 225.23ms, mfu 1.00%
------average encoder activity 0.00000
-----------average decoder density 0.0000
step 125400: train loss 2.1083, val loss 2.0914
saving checkpoint to out-novel-char_LGT728D_4d06c3ce0eb6b62233f4128fdb1c3b0f
model:LGT728D iter 125400: loss 1.4027, time 3566.45ms, mfu 0.91%
model:LGT728D iter 125410: loss 1.5070, time 223.27ms, mfu 0.94%
model:LGT728D iter 125420: loss 1.3821, time 224.88ms, mfu 0.96%
model:LGT728D iter 125430: loss 1.3821, time 230.45ms, mfu 0.98%
model:LGT728D iter 125440: loss 1.4571, time 227.86ms, mfu 0.99%
------average encoder activity 0.00000
-----------average decoder density 0.0000
step 125450: train loss 2.1088, val loss 2.0954
saving checkpoint to out-novel-char_LGT728D_4d06c3ce0eb6b62233f4128fdb1c3b0f
model:LGT728D iter 125450: loss 1.2694, time 3720.00ms, mfu 0.90%
model:LGT728D iter 125460: loss 1.2925, time 221.35ms, mfu 0.93%
model:LGT728D iter 125470: loss 1.3120, time 227.16ms, mfu 0.95%
model:LGT728D iter 125480: loss 1.3320, time 229.97ms, mfu 0.97%
model:LGT728D iter 125490: loss 1.3131, time 226.95ms, mfu 0.99%
------average encoder activity 0.00000
-----------average decoder density 0.0000
step 125500: train loss 2.1058, val loss 2.1032
saving checkpoint to out-novel-char_LGT728D_4d06c3ce0eb6b62233f4128fdb1c3b0f
model:LGT728D iter 125500: loss 1.4177, time 3770.16ms, mfu 0.90%
model:LGT728D iter 125510: loss 1.4266, time 218.59ms, mfu 0.93%
model:LGT728D iter 125520: loss 1.3950, time 230.96ms, mfu 0.95%
model:LGT728D iter 125530: loss 1.4226, time 234.85ms, mfu 0.96%
model:LGT728D iter 125540: loss 1.2354, time 234.80ms, mfu 0.98%
------average encoder activity 0.00000
-----------average decoder density 0.0000
step 125550: train loss 2.0845, val loss 2.0720
saving checkpoint to out-novel-char_LGT728D_4d06c3ce0eb6b62233f4128fdb1c3b0f
model:LGT728D iter 125550: loss 1.5935, time 3934.94ms, mfu 0.89%
model:LGT728D iter 125560: loss 1.5524, time 216.39ms, mfu 0.92%
model:LGT728D iter 125570: loss 1.3577, time 239.73ms, mfu 0.94%
model:LGT728D iter 125580: loss 1.3899, time 230.05ms, mfu 0.96%
model:LGT728D iter 125590: loss 1.2090, time 230.28ms, mfu 0.98%
------average encoder activity 0.00000
-----------average decoder density 0.0000
step 125600: train loss 2.0962, val loss 2.0976
saving checkpoint to out-novel-char_LGT728D_4d06c3ce0eb6b62233f4128fdb1c3b0f
model:LGT728D iter 125600: loss 1.4046, time 4011.88ms, mfu 0.88%
model:LGT728D iter 125610: loss 1.3129, time 210.96ms, mfu 0.92%
model:LGT728D iter 125620: loss 1.3400, time 210.51ms, mfu 0.95%
model:LGT728D iter 125630: loss 1.3860, time 231.80ms, mfu 0.97%
model:LGT728D iter 125640: loss 1.5217, time 229.61ms, mfu 0.99%
------average encoder activity 0.00000
-----------average decoder density 0.0000
step 125650: train loss 2.1020, val loss 2.0832
saving checkpoint to out-novel-char_LGT728D_4d06c3ce0eb6b62233f4128fdb1c3b0f
model:LGT728D iter 125650: loss 1.3006, time 3984.04ms, mfu 0.89%
model:LGT728D iter 125660: loss 1.4002, time 173.12ms, mfu 0.96%
model:LGT728D iter 125670: loss 1.4362, time 182.33ms, mfu 1.00%
model:LGT728D iter 125680: loss 1.4249, time 175.72ms, mfu 1.05%
model:LGT728D iter 125690: loss 1.5852, time 178.81ms, mfu 1.09%
------average encoder activity 0.00000
-----------average decoder density 0.0000
step 125700: train loss 2.1015, val loss 2.0937
saving checkpoint to out-novel-char_LGT728D_4d06c3ce0eb6b62233f4128fdb1c3b0f
model:LGT728D iter 125700: loss 1.4583, time 4087.51ms, mfu 0.99%
model:LGT728D iter 125710: loss 1.4216, time 234.34ms, mfu 1.00%
model:LGT728D iter 125720: loss 1.3900, time 249.22ms, mfu 1.01%
model:LGT728D iter 125730: loss 1.4494, time 230.53ms, mfu 1.02%
model:LGT728D iter 125740: loss 1.3798, time 233.52ms, mfu 1.03%
------average encoder activity 0.00000
-----------average decoder density 0.0000
step 125750: train loss 2.0951, val loss 2.0932
saving checkpoint to out-novel-char_LGT728D_4d06c3ce0eb6b62233f4128fdb1c3b0f
model:LGT728D iter 125750: loss 1.4379, time 4097.21ms, mfu 0.93%
model:LGT728D iter 125760: loss 1.4655, time 188.02ms, mfu 0.98%
model:LGT728D iter 125770: loss 1.3348, time 185.69ms, mfu 1.02%
model:LGT728D iter 125780: loss 1.2804, time 194.85ms, mfu 1.05%
model:LGT728D iter 125790: loss 1.4141, time 175.38ms, mfu 1.10%
------average encoder activity 0.00000
-----------average decoder density 0.0000
step 125800: train loss 2.1262, val loss 2.1051
saving checkpoint to out-novel-char_LGT728D_4d06c3ce0eb6b62233f4128fdb1c3b0f
model:LGT728D iter 125800: loss 1.2256, time 3764.95ms, mfu 1.00%
model:LGT728D iter 125810: loss 1.3269, time 188.36ms, mfu 1.04%
model:LGT728D iter 125820: loss 1.3833, time 182.68ms, mfu 1.07%
model:LGT728D iter 125830: loss 1.4291, time 185.11ms, mfu 1.11%
model:LGT728D iter 125840: loss 1.3585, time 249.85ms, mfu 1.10%
------average encoder activity 0.00000
-----------average decoder density 0.0000
step 125850: train loss 2.0911, val loss 2.0816
saving checkpoint to out-novel-char_LGT728D_4d06c3ce0eb6b62233f4128fdb1c3b0f
model:LGT728D iter 125850: loss 1.3956, time 3552.48ms, mfu 1.00%
model:LGT728D iter 125860: loss 1.4277, time 247.48ms, mfu 1.01%
model:LGT728D iter 125870: loss 1.4438, time 190.92ms, mfu 1.04%
model:LGT728D iter 125880: loss 1.4785, time 227.16ms, mfu 1.05%
model:LGT728D iter 125890: loss 1.5805, time 251.61ms, mfu 1.05%
------average encoder activity 0.00000
-----------average decoder density 0.0000
step 125900: train loss 2.1060, val loss 2.0867
saving checkpoint to out-novel-char_LGT728D_4d06c3ce0eb6b62233f4128fdb1c3b0f
model:LGT728D iter 125900: loss 1.4907, time 3799.33ms, mfu 0.95%
model:LGT728D iter 125910: loss 1.4441, time 236.53ms, mfu 0.97%
model:LGT728D iter 125920: loss 1.2776, time 236.08ms, mfu 0.98%
model:LGT728D iter 125930: loss 1.2915, time 240.66ms, mfu 0.99%
model:LGT728D iter 125940: loss 1.2607, time 229.69ms, mfu 1.01%
------average encoder activity 0.00000
-----------average decoder density 0.0000
step 125950: train loss 2.1080, val loss 2.1029
saving checkpoint to out-novel-char_LGT728D_4d06c3ce0eb6b62233f4128fdb1c3b0f
model:LGT728D iter 125950: loss 1.4133, time 3975.18ms, mfu 0.91%
model:LGT728D iter 125960: loss 1.3847, time 171.77ms, mfu 0.97%
model:LGT728D iter 125970: loss 1.6405, time 181.67ms, mfu 1.02%
model:LGT728D iter 125980: loss 1.2509, time 187.62ms, mfu 1.06%
model:LGT728D iter 125990: loss 1.5339, time 194.92ms, mfu 1.09%
------average encoder activity 0.00000
-----------average decoder density 0.0000
step 126000: train loss 2.1200, val loss 2.1090
saving checkpoint to out-novel-char_LGT728D_4d06c3ce0eb6b62233f4128fdb1c3b0f
model:LGT728D iter 126000: loss 1.3684, time 4216.50ms, mfu 0.98%
model:LGT728D iter 126010: loss 1.3323, time 239.24ms, mfu 1.00%
model:LGT728D iter 126020: loss 1.4520, time 231.54ms, mfu 1.01%
model:LGT728D iter 126030: loss 1.3772, time 238.52ms, mfu 1.02%
model:LGT728D iter 126040: loss 1.4206, time 234.17ms, mfu 1.03%
------average encoder activity 0.00000
-----------average decoder density 0.0000
step 126050: train loss 2.0900, val loss 2.0846
saving checkpoint to out-novel-char_LGT728D_4d06c3ce0eb6b62233f4128fdb1c3b0f
model:LGT728D iter 126050: loss 1.3322, time 4204.41ms, mfu 0.93%
model:LGT728D iter 126060: loss 1.2816, time 230.27ms, mfu 0.95%
model:LGT728D iter 126070: loss 1.1507, time 174.29ms, mfu 1.01%
model:LGT728D iter 126080: loss 1.4958, time 170.21ms, mfu 1.06%
model:LGT728D iter 126090: loss 1.3311, time 179.22ms, mfu 1.10%
------average encoder activity 0.00000
-----------average decoder density 0.0000
step 126100: train loss 2.1126, val loss 2.0805
saving checkpoint to out-novel-char_LGT728D_4d06c3ce0eb6b62233f4128fdb1c3b0f
model:LGT728D iter 126100: loss 1.3038, time 4147.48ms, mfu 1.00%
model:LGT728D iter 126110: loss 1.4910, time 234.70ms, mfu 1.01%
model:LGT728D iter 126120: loss 1.2443, time 238.20ms, mfu 1.02%
model:LGT728D iter 126130: loss 1.3774, time 231.16ms, mfu 1.03%
model:LGT728D iter 126140: loss 1.4414, time 244.15ms, mfu 1.03%
------average encoder activity 0.00000
-----------average decoder density 0.0000
step 126150: train loss 2.1017, val loss 2.0711
saving checkpoint to out-novel-char_LGT728D_4d06c3ce0eb6b62233f4128fdb1c3b0f
model:LGT728D iter 126150: loss 1.2821, time 4155.33ms, mfu 0.94%
model:LGT728D iter 126160: loss 1.2980, time 228.83ms, mfu 0.96%
model:LGT728D iter 126170: loss 1.3164, time 235.19ms, mfu 0.97%
model:LGT728D iter 126180: loss 1.5078, time 230.44ms, mfu 0.99%
model:LGT728D iter 126190: loss 1.4205, time 167.41ms, mfu 1.05%
------average encoder activity 0.00000
-----------average decoder density 0.0000
step 126200: train loss 2.1084, val loss 2.0884
saving checkpoint to out-novel-char_LGT728D_4d06c3ce0eb6b62233f4128fdb1c3b0f
model:LGT728D iter 126200: loss 1.4336, time 4195.97ms, mfu 0.95%
model:LGT728D iter 126210: loss 1.2883, time 238.81ms, mfu 0.96%
model:LGT728D iter 126220: loss 1.4619, time 228.93ms, mfu 0.98%
model:LGT728D iter 126230: loss 1.2310, time 217.45ms, mfu 1.00%
model:LGT728D iter 126240: loss 1.4002, time 217.33ms, mfu 1.02%
------average encoder activity 0.00000
-----------average decoder density 0.0000
step 126250: train loss 2.1066, val loss 2.0917
saving checkpoint to out-novel-char_LGT728D_4d06c3ce0eb6b62233f4128fdb1c3b0f
model:LGT728D iter 126250: loss 1.3607, time 4164.23ms, mfu 0.93%
model:LGT728D iter 126260: loss 1.5013, time 229.89ms, mfu 0.95%
model:LGT728D iter 126270: loss 1.4020, time 229.32ms, mfu 0.97%
model:LGT728D iter 126280: loss 1.4069, time 213.35ms, mfu 0.99%
model:LGT728D iter 126290: loss 1.2562, time 215.33ms, mfu 1.02%
------average encoder activity 0.00000
-----------average decoder density 0.0000
step 126300: train loss 2.1075, val loss 2.0895
saving checkpoint to out-novel-char_LGT728D_4d06c3ce0eb6b62233f4128fdb1c3b0f
model:LGT728D iter 126300: loss 1.4695, time 4230.21ms, mfu 0.92%
model:LGT728D iter 126310: loss 1.5429, time 221.58ms, mfu 0.95%
model:LGT728D iter 126320: loss 1.3735, time 221.49ms, mfu 0.97%
model:LGT728D iter 126330: loss 1.3259, time 214.97ms, mfu 0.99%
model:LGT728D iter 126340: loss 1.5030, time 215.46ms, mfu 1.02%
------average encoder activity 0.00000
-----------average decoder density 0.0000
step 126350: train loss 2.1112, val loss 2.0887
saving checkpoint to out-novel-char_LGT728D_4d06c3ce0eb6b62233f4128fdb1c3b0f
model:LGT728D iter 126350: loss 1.3708, time 4022.86ms, mfu 0.92%
model:LGT728D iter 126360: loss 1.4212, time 226.87ms, mfu 0.94%
model:LGT728D iter 126370: loss 1.3565, time 223.25ms, mfu 0.97%
model:LGT728D iter 126380: loss 1.5050, time 217.67ms, mfu 0.99%
model:LGT728D iter 126390: loss 1.4075, time 213.17ms, mfu 1.01%
------average encoder activity 0.00000
-----------average decoder density 0.0000
step 126400: train loss 2.1077, val loss 2.0929
saving checkpoint to out-novel-char_LGT728D_4d06c3ce0eb6b62233f4128fdb1c3b0f
model:LGT728D iter 126400: loss 1.5229, time 3995.49ms, mfu 0.92%
model:LGT728D iter 126410: loss 1.4045, time 225.68ms, mfu 0.94%
model:LGT728D iter 126420: loss 1.3933, time 222.96ms, mfu 0.97%
model:LGT728D iter 126430: loss 1.4764, time 224.17ms, mfu 0.99%
model:LGT728D iter 126440: loss 1.2677, time 219.02ms, mfu 1.01%
------average encoder activity 0.00000
-----------average decoder density 0.0000
step 126450: train loss 2.0947, val loss 2.0781
saving checkpoint to out-novel-char_LGT728D_4d06c3ce0eb6b62233f4128fdb1c3b0f
model:LGT728D iter 126450: loss 1.3571, time 3859.96ms, mfu 0.91%
model:LGT728D iter 126460: loss 1.3291, time 226.22ms, mfu 0.94%
model:LGT728D iter 126470: loss 1.4910, time 222.24ms, mfu 0.96%
model:LGT728D iter 126480: loss 1.5728, time 227.61ms, mfu 0.98%
model:LGT728D iter 126490: loss 1.3498, time 216.46ms, mfu 1.00%
------average encoder activity 0.00000
-----------average decoder density 0.0000
step 126500: train loss 2.1060, val loss 2.0964
saving checkpoint to out-novel-char_LGT728D_4d06c3ce0eb6b62233f4128fdb1c3b0f
model:LGT728D iter 126500: loss 1.1694, time 3635.50ms, mfu 0.91%
model:LGT728D iter 126510: loss 1.5425, time 225.48ms, mfu 0.94%
model:LGT728D iter 126520: loss 1.3880, time 229.30ms, mfu 0.96%
model:LGT728D iter 126530: loss 1.5344, time 219.28ms, mfu 0.98%
model:LGT728D iter 126540: loss 1.3929, time 233.36ms, mfu 0.99%
------average encoder activity 0.00000
-----------average decoder density 0.0000
step 126550: train loss 2.1054, val loss 2.0965
saving checkpoint to out-novel-char_LGT728D_4d06c3ce0eb6b62233f4128fdb1c3b0f
model:LGT728D iter 126550: loss 1.3828, time 3447.27ms, mfu 0.90%
model:LGT728D iter 126560: loss 1.3546, time 225.30ms, mfu 0.93%
model:LGT728D iter 126570: loss 1.3859, time 220.88ms, mfu 0.95%
model:LGT728D iter 126580: loss 1.3330, time 172.60ms, mfu 1.01%
model:LGT728D iter 126590: loss 1.3492, time 168.93ms, mfu 1.06%
------average encoder activity 0.00000
-----------average decoder density 0.0000
step 126600: train loss 2.0976, val loss 2.0905
saving checkpoint to out-novel-char_LGT728D_4d06c3ce0eb6b62233f4128fdb1c3b0f
model:LGT728D iter 126600: loss 1.4614, time 3716.00ms, mfu 0.96%
model:LGT728D iter 126610: loss 1.3406, time 163.29ms, mfu 1.03%
model:LGT728D iter 126620: loss 1.3965, time 190.70ms, mfu 1.06%
model:LGT728D iter 126630: loss 1.4409, time 174.21ms, mfu 1.11%
model:LGT728D iter 126640: loss 1.3226, time 181.15ms, mfu 1.14%
------average encoder activity 0.00000
-----------average decoder density 0.0000
step 126650: train loss 2.0895, val loss 2.0876
saving checkpoint to out-novel-char_LGT728D_4d06c3ce0eb6b62233f4128fdb1c3b0f
model:LGT728D iter 126650: loss 1.4670, time 3776.66ms, mfu 1.03%
model:LGT728D iter 126660: loss 1.5358, time 175.15ms, mfu 1.08%
model:LGT728D iter 126670: loss 1.5139, time 163.46ms, mfu 1.13%
model:LGT728D iter 126680: loss 1.4667, time 166.98ms, mfu 1.18%
model:LGT728D iter 126690: loss 1.4888, time 161.69ms, mfu 1.22%
------average encoder activity 0.00000
-----------average decoder density 0.0000
step 126700: train loss 2.1086, val loss 2.0673
saving checkpoint to out-novel-char_LGT728D_4d06c3ce0eb6b62233f4128fdb1c3b0f
model:LGT728D iter 126700: loss 1.3900, time 3874.54ms, mfu 1.10%
model:LGT728D iter 126710: loss 1.2785, time 192.44ms, mfu 1.13%
model:LGT728D iter 126720: loss 1.2449, time 190.73ms, mfu 1.15%
model:LGT728D iter 126730: loss 1.5216, time 194.52ms, mfu 1.17%
model:LGT728D iter 126740: loss 1.4164, time 194.62ms, mfu 1.19%
------average encoder activity 0.00000
-----------average decoder density 0.0000
step 126750: train loss 2.0859, val loss 2.0647
saving checkpoint to out-novel-char_LGT728D_4d06c3ce0eb6b62233f4128fdb1c3b0f
model:LGT728D iter 126750: loss 1.4038, time 3427.67ms, mfu 1.08%
model:LGT728D iter 126760: loss 1.6949, time 185.41ms, mfu 1.11%
model:LGT728D iter 126770: loss 1.2815, time 183.78ms, mfu 1.14%
model:LGT728D iter 126780: loss 1.3692, time 185.51ms, mfu 1.17%
model:LGT728D iter 126790: loss 1.4467, time 188.87ms, mfu 1.19%
------average encoder activity 0.00000
-----------average decoder density 0.0000
step 126800: train loss 2.0977, val loss 2.0802
saving checkpoint to out-novel-char_LGT728D_4d06c3ce0eb6b62233f4128fdb1c3b0f
model:LGT728D iter 126800: loss 1.3952, time 4032.95ms, mfu 1.08%
model:LGT728D iter 126810: loss 1.1505, time 171.85ms, mfu 1.12%
model:LGT728D iter 126820: loss 1.2562, time 182.05ms, mfu 1.15%
model:LGT728D iter 126830: loss 1.4753, time 180.19ms, mfu 1.18%
model:LGT728D iter 126840: loss 1.4090, time 235.03ms, mfu 1.18%
------average encoder activity 0.00000
-----------average decoder density 0.0000
step 126850: train loss 2.1171, val loss 2.0825
saving checkpoint to out-novel-char_LGT728D_4d06c3ce0eb6b62233f4128fdb1c3b0f
model:LGT728D iter 126850: loss 1.3638, time 4269.90ms, mfu 1.07%
model:LGT728D iter 126860: loss 1.5446, time 183.93ms, mfu 1.10%
model:LGT728D iter 126870: loss 1.3422, time 173.14ms, mfu 1.14%
model:LGT728D iter 126880: loss 1.4139, time 183.37ms, mfu 1.17%
model:LGT728D iter 126890: loss 1.5859, time 233.43ms, mfu 1.17%
------average encoder activity 0.00000
-----------average decoder density 0.0000
step 126900: train loss 2.0895, val loss 2.0699
saving checkpoint to out-novel-char_LGT728D_4d06c3ce0eb6b62233f4128fdb1c3b0f
model:LGT728D iter 126900: loss 1.4110, time 4358.75ms, mfu 1.06%
model:LGT728D iter 126910: loss 1.4506, time 175.82ms, mfu 1.10%
model:LGT728D iter 126920: loss 1.3660, time 173.38ms, mfu 1.14%
model:LGT728D iter 126930: loss 1.4558, time 175.11ms, mfu 1.18%
model:LGT728D iter 126940: loss 1.4396, time 199.94ms, mfu 1.19%
------average encoder activity 0.00000
-----------average decoder density 0.0000
step 126950: train loss 2.1178, val loss 2.0946
saving checkpoint to out-novel-char_LGT728D_4d06c3ce0eb6b62233f4128fdb1c3b0f
model:LGT728D iter 126950: loss 1.2933, time 4277.58ms, mfu 1.08%
model:LGT728D iter 126960: loss 1.3922, time 234.68ms, mfu 1.08%
model:LGT728D iter 126970: loss 1.4156, time 173.61ms, mfu 1.12%
model:LGT728D iter 126980: loss 1.3375, time 175.56ms, mfu 1.16%
model:LGT728D iter 126990: loss 1.4696, time 174.35ms, mfu 1.19%
------average encoder activity 0.00000
-----------average decoder density 0.0000
step 127000: train loss 2.1060, val loss 2.0962
saving checkpoint to out-novel-char_LGT728D_4d06c3ce0eb6b62233f4128fdb1c3b0f
model:LGT728D iter 127000: loss 1.1578, time 4210.66ms, mfu 1.08%
model:LGT728D iter 127010: loss 1.5395, time 238.19ms, mfu 1.08%
model:LGT728D iter 127020: loss 1.4977, time 229.54ms, mfu 1.09%
model:LGT728D iter 127030: loss 1.4242, time 222.95ms, mfu 1.10%
model:LGT728D iter 127040: loss 1.4032, time 176.24ms, mfu 1.14%
------average encoder activity 0.00000
-----------average decoder density 0.0000
step 127050: train loss 2.0913, val loss 2.0696
saving checkpoint to out-novel-char_LGT728D_4d06c3ce0eb6b62233f4128fdb1c3b0f
model:LGT728D iter 127050: loss 1.5367, time 4217.86ms, mfu 1.03%
model:LGT728D iter 127060: loss 1.5053, time 196.00ms, mfu 1.06%
model:LGT728D iter 127070: loss 1.5884, time 189.89ms, mfu 1.09%
model:LGT728D iter 127080: loss 1.4915, time 188.69ms, mfu 1.12%
model:LGT728D iter 127090: loss 1.2820, time 176.87ms, mfu 1.16%
------average encoder activity 0.00000
-----------average decoder density 0.0000
step 127100: train loss 2.0961, val loss 2.0917
saving checkpoint to out-novel-char_LGT728D_4d06c3ce0eb6b62233f4128fdb1c3b0f
model:LGT728D iter 127100: loss 1.5148, time 3905.34ms, mfu 1.05%
model:LGT728D iter 127110: loss 1.1123, time 186.04ms, mfu 1.08%
model:LGT728D iter 127120: loss 1.4100, time 179.25ms, mfu 1.12%
model:LGT728D iter 127130: loss 1.4310, time 190.14ms, mfu 1.15%
model:LGT728D iter 127140: loss 1.3222, time 189.22ms, mfu 1.17%
------average encoder activity 0.00000
-----------average decoder density 0.0000
step 127150: train loss 2.1046, val loss 2.0860
saving checkpoint to out-novel-char_LGT728D_4d06c3ce0eb6b62233f4128fdb1c3b0f
model:LGT728D iter 127150: loss 1.3139, time 3741.17ms, mfu 1.06%
model:LGT728D iter 127160: loss 1.2619, time 181.49ms, mfu 1.10%
model:LGT728D iter 127170: loss 1.4706, time 164.00ms, mfu 1.15%
model:LGT728D iter 127180: loss 1.3973, time 169.60ms, mfu 1.19%
model:LGT728D iter 127190: loss 1.4500, time 176.71ms, mfu 1.22%
------average encoder activity 0.00000
-----------average decoder density 0.0000
step 127200: train loss 2.0997, val loss 2.0974
saving checkpoint to out-novel-char_LGT728D_4d06c3ce0eb6b62233f4128fdb1c3b0f
model:LGT728D iter 127200: loss 1.2957, time 4040.71ms, mfu 1.10%
model:LGT728D iter 127210: loss 1.2449, time 212.94ms, mfu 1.11%
model:LGT728D iter 127220: loss 1.4164, time 164.72ms, mfu 1.16%
model:LGT728D iter 127230: loss 1.4920, time 165.13ms, mfu 1.20%
model:LGT728D iter 127240: loss 1.5667, time 217.87ms, mfu 1.20%
------average encoder activity 0.00000
-----------average decoder density 0.0000
step 127250: train loss 2.1079, val loss 2.0919
saving checkpoint to out-novel-char_LGT728D_4d06c3ce0eb6b62233f4128fdb1c3b0f
model:LGT728D iter 127250: loss 1.4501, time 4033.68ms, mfu 1.09%
model:LGT728D iter 127260: loss 1.4936, time 225.13ms, mfu 1.10%
model:LGT728D iter 127270: loss 1.3837, time 233.31ms, mfu 1.10%
model:LGT728D iter 127280: loss 1.3095, time 218.77ms, mfu 1.11%
model:LGT728D iter 127290: loss 1.3954, time 213.14ms, mfu 1.12%
------average encoder activity 0.00000
-----------average decoder density 0.0000
step 127300: train loss 2.1126, val loss 2.0840
saving checkpoint to out-novel-char_LGT728D_4d06c3ce0eb6b62233f4128fdb1c3b0f
model:LGT728D iter 127300: loss 1.4253, time 4026.09ms, mfu 1.02%
model:LGT728D iter 127310: loss 1.4732, time 237.00ms, mfu 1.02%
model:LGT728D iter 127320: loss 1.3203, time 238.36ms, mfu 1.03%
model:LGT728D iter 127330: loss 1.3724, time 218.53ms, mfu 1.05%
model:LGT728D iter 127340: loss 1.3554, time 216.72ms, mfu 1.06%
------average encoder activity 0.00000
-----------average decoder density 0.0000
step 127350: train loss 2.1133, val loss 2.0926
saving checkpoint to out-novel-char_LGT728D_4d06c3ce0eb6b62233f4128fdb1c3b0f
model:LGT728D iter 127350: loss 1.4118, time 3958.51ms, mfu 0.96%
model:LGT728D iter 127360: loss 1.4194, time 225.76ms, mfu 0.98%
model:LGT728D iter 127370: loss 1.5132, time 228.53ms, mfu 1.00%
model:LGT728D iter 127380: loss 1.4668, time 237.27ms, mfu 1.01%
model:LGT728D iter 127390: loss 1.3771, time 160.17ms, mfu 1.07%
------average encoder activity 0.00000
-----------average decoder density 0.0000
step 127400: train loss 2.1005, val loss 2.0874
saving checkpoint to out-novel-char_LGT728D_4d06c3ce0eb6b62233f4128fdb1c3b0f
model:LGT728D iter 127400: loss 1.2748, time 3831.74ms, mfu 0.97%
model:LGT728D iter 127410: loss 1.4467, time 230.28ms, mfu 0.99%
model:LGT728D iter 127420: loss 1.4445, time 235.06ms, mfu 1.00%
model:LGT728D iter 127430: loss 1.4264, time 228.68ms, mfu 1.02%
model:LGT728D iter 127440: loss 1.5781, time 218.30ms, mfu 1.03%
------average encoder activity 0.00000
-----------average decoder density 0.0000
step 127450: train loss 2.1073, val loss 2.0930
saving checkpoint to out-novel-char_LGT728D_4d06c3ce0eb6b62233f4128fdb1c3b0f
model:LGT728D iter 127450: loss 1.4971, time 3664.57ms, mfu 0.94%
model:LGT728D iter 127460: loss 1.1547, time 236.60ms, mfu 0.95%
model:LGT728D iter 127470: loss 1.3839, time 237.65ms, mfu 0.97%
model:LGT728D iter 127480: loss 1.3114, time 236.47ms, mfu 0.98%
model:LGT728D iter 127490: loss 1.4152, time 235.73ms, mfu 1.00%
------average encoder activity 0.00000
-----------average decoder density 0.0000
step 127500: train loss 2.0992, val loss 2.0903
saving checkpoint to out-novel-char_LGT728D_4d06c3ce0eb6b62233f4128fdb1c3b0f
model:LGT728D iter 127500: loss 1.5436, time 3418.47ms, mfu 0.90%
model:LGT728D iter 127510: loss 1.3040, time 241.74ms, mfu 0.92%
model:LGT728D iter 127520: loss 1.3922, time 244.85ms, mfu 0.94%
model:LGT728D iter 127530: loss 1.5483, time 248.15ms, mfu 0.95%
model:LGT728D iter 127540: loss 1.3296, time 240.34ms, mfu 0.96%
------average encoder activity 0.00000
-----------average decoder density 0.0000
step 127550: train loss 2.0844, val loss 2.0827
saving checkpoint to out-novel-char_LGT728D_4d06c3ce0eb6b62233f4128fdb1c3b0f
model:LGT728D iter 127550: loss 1.4905, time 3451.31ms, mfu 0.87%
model:LGT728D iter 127560: loss 1.5356, time 240.99ms, mfu 0.89%
model:LGT728D iter 127570: loss 1.3434, time 241.39ms, mfu 0.91%
model:LGT728D iter 127580: loss 1.3230, time 216.52ms, mfu 0.94%
model:LGT728D iter 127590: loss 1.4596, time 240.52ms, mfu 0.96%
------average encoder activity 0.00000
-----------average decoder density 0.0000
step 127600: train loss 2.1026, val loss 2.0864
saving checkpoint to out-novel-char_LGT728D_4d06c3ce0eb6b62233f4128fdb1c3b0f
model:LGT728D iter 127600: loss 1.3126, time 3500.00ms, mfu 0.87%
model:LGT728D iter 127610: loss 1.4066, time 240.87ms, mfu 0.89%
model:LGT728D iter 127620: loss 1.3167, time 241.80ms, mfu 0.91%
model:LGT728D iter 127630: loss 1.4158, time 235.58ms, mfu 0.93%
model:LGT728D iter 127640: loss 1.5152, time 237.54ms, mfu 0.95%
------average encoder activity 0.00000
-----------average decoder density 0.0000
step 127650: train loss 2.0957, val loss 2.0833
saving checkpoint to out-novel-char_LGT728D_4d06c3ce0eb6b62233f4128fdb1c3b0f
model:LGT728D iter 127650: loss 1.4025, time 3605.23ms, mfu 0.86%
model:LGT728D iter 127660: loss 1.3689, time 236.66ms, mfu 0.88%
model:LGT728D iter 127670: loss 1.2997, time 182.58ms, mfu 0.94%
model:LGT728D iter 127680: loss 1.4817, time 228.27ms, mfu 0.96%
model:LGT728D iter 127690: loss 1.2841, time 167.50ms, mfu 1.02%
------average encoder activity 0.00000
-----------average decoder density 0.0000
step 127700: train loss 2.0990, val loss 2.0840
saving checkpoint to out-novel-char_LGT728D_4d06c3ce0eb6b62233f4128fdb1c3b0f
model:LGT728D iter 127700: loss 1.5065, time 3988.24ms, mfu 0.92%
model:LGT728D iter 127710: loss 1.5834, time 229.36ms, mfu 0.95%
model:LGT728D iter 127720: loss 1.3768, time 237.50ms, mfu 0.96%
model:LGT728D iter 127730: loss 0.9738, time 242.15ms, mfu 0.97%
model:LGT728D iter 127740: loss 1.2360, time 240.65ms, mfu 0.99%
------average encoder activity 0.00000
-----------average decoder density 0.0000
step 127750: train loss 2.0731, val loss 2.0847
saving checkpoint to out-novel-char_LGT728D_4d06c3ce0eb6b62233f4128fdb1c3b0f
model:LGT728D iter 127750: loss 1.4694, time 4080.28ms, mfu 0.89%
model:LGT728D iter 127760: loss 1.3857, time 233.01ms, mfu 0.92%
model:LGT728D iter 127770: loss 1.4519, time 254.75ms, mfu 0.93%
model:LGT728D iter 127780: loss 1.2740, time 241.14ms, mfu 0.94%
model:LGT728D iter 127790: loss 1.3375, time 243.61ms, mfu 0.96%
------average encoder activity 0.00000
-----------average decoder density 0.0000
step 127800: train loss 2.0965, val loss 2.0698
saving checkpoint to out-novel-char_LGT728D_4d06c3ce0eb6b62233f4128fdb1c3b0f
model:LGT728D iter 127800: loss 1.4391, time 4099.00ms, mfu 0.87%
model:LGT728D iter 127810: loss 1.3301, time 228.30ms, mfu 0.89%
model:LGT728D iter 127820: loss 1.2853, time 231.21ms, mfu 0.92%
model:LGT728D iter 127830: loss 1.4821, time 244.66ms, mfu 0.93%
model:LGT728D iter 127840: loss 1.4383, time 244.51ms, mfu 0.95%
------average encoder activity 0.00000
-----------average decoder density 0.0000
step 127850: train loss 2.0874, val loss 2.0757
saving checkpoint to out-novel-char_LGT728D_4d06c3ce0eb6b62233f4128fdb1c3b0f
model:LGT728D iter 127850: loss 1.3481, time 4181.48ms, mfu 0.86%
model:LGT728D iter 127860: loss 1.3034, time 228.18ms, mfu 0.89%
model:LGT728D iter 127870: loss 1.3826, time 158.26ms, mfu 0.96%
model:LGT728D iter 127880: loss 1.5149, time 169.94ms, mfu 1.02%
model:LGT728D iter 127890: loss 1.4034, time 186.31ms, mfu 1.06%
------average encoder activity 0.00000
-----------average decoder density 0.0000
step 127900: train loss 2.0848, val loss 2.0677
saving checkpoint to out-novel-char_LGT728D_4d06c3ce0eb6b62233f4128fdb1c3b0f
model:LGT728D iter 127900: loss 1.3443, time 4228.05ms, mfu 0.96%
model:LGT728D iter 127910: loss 1.2862, time 236.79ms, mfu 0.97%
model:LGT728D iter 127920: loss 1.3293, time 225.63ms, mfu 0.99%
model:LGT728D iter 127930: loss 1.1952, time 235.24ms, mfu 1.01%
model:LGT728D iter 127940: loss 1.4518, time 241.66ms, mfu 1.01%
------average encoder activity 0.00000
-----------average decoder density 0.0000
step 127950: train loss 2.0849, val loss 2.0657
saving checkpoint to out-novel-char_LGT728D_4d06c3ce0eb6b62233f4128fdb1c3b0f
model:LGT728D iter 127950: loss 1.4227, time 4717.11ms, mfu 0.92%
model:LGT728D iter 127960: loss 1.5835, time 226.95ms, mfu 0.94%
model:LGT728D iter 127970: loss 1.2170, time 231.71ms, mfu 0.96%
model:LGT728D iter 127980: loss 1.3413, time 240.64ms, mfu 0.97%
model:LGT728D iter 127990: loss 1.2380, time 235.01ms, mfu 0.99%
------average encoder activity 0.00000
-----------average decoder density 0.0000
step 128000: train loss 2.0830, val loss 2.0656
saving checkpoint to out-novel-char_LGT728D_4d06c3ce0eb6b62233f4128fdb1c3b0f
model:LGT728D iter 128000: loss 1.3614, time 4074.25ms, mfu 0.89%
model:LGT728D iter 128010: loss 1.4225, time 236.24ms, mfu 0.92%
model:LGT728D iter 128020: loss 1.3836, time 231.27ms, mfu 0.94%
model:LGT728D iter 128030: loss 1.2751, time 182.10ms, mfu 0.99%
model:LGT728D iter 128040: loss 1.2104, time 185.17ms, mfu 1.03%
------average encoder activity 0.00000
-----------average decoder density 0.0000
step 128050: train loss 2.0933, val loss 2.0827
saving checkpoint to out-novel-char_LGT728D_4d06c3ce0eb6b62233f4128fdb1c3b0f
model:LGT728D iter 128050: loss 1.2846, time 3921.20ms, mfu 0.93%
model:LGT728D iter 128060: loss 1.4968, time 234.99ms, mfu 0.95%
model:LGT728D iter 128070: loss 1.3765, time 227.07ms, mfu 0.97%
model:LGT728D iter 128080: loss 1.2505, time 215.28ms, mfu 1.00%
model:LGT728D iter 128090: loss 1.4514, time 214.16ms, mfu 1.02%
------average encoder activity 0.00000
-----------average decoder density 0.0000
step 128100: train loss 2.0819, val loss 2.0646
saving checkpoint to out-novel-char_LGT728D_4d06c3ce0eb6b62233f4128fdb1c3b0f
model:LGT728D iter 128100: loss 1.4277, time 3902.86ms, mfu 0.92%
model:LGT728D iter 128110: loss 1.3983, time 220.72ms, mfu 0.95%
model:LGT728D iter 128120: loss 1.4110, time 232.75ms, mfu 0.97%
model:LGT728D iter 128130: loss 1.4412, time 232.79ms, mfu 0.98%
model:LGT728D iter 128140: loss 1.2916, time 222.16ms, mfu 1.00%
------average encoder activity 0.00000
-----------average decoder density 0.0000
step 128150: train loss 2.0785, val loss 2.0773
saving checkpoint to out-novel-char_LGT728D_4d06c3ce0eb6b62233f4128fdb1c3b0f
model:LGT728D iter 128150: loss 1.3062, time 3895.81ms, mfu 0.91%
model:LGT728D iter 128160: loss 1.3854, time 235.49ms, mfu 0.93%
model:LGT728D iter 128170: loss 1.4014, time 229.56ms, mfu 0.95%
model:LGT728D iter 128180: loss 1.5079, time 225.05ms, mfu 0.97%
model:LGT728D iter 128190: loss 1.3481, time 219.24ms, mfu 0.99%
------average encoder activity 0.00000
-----------average decoder density 0.0000
step 128200: train loss 2.0850, val loss 2.0777
saving checkpoint to out-novel-char_LGT728D_4d06c3ce0eb6b62233f4128fdb1c3b0f
model:LGT728D iter 128200: loss 1.2588, time 3733.98ms, mfu 0.90%
model:LGT728D iter 128210: loss 1.3060, time 233.74ms, mfu 0.92%
model:LGT728D iter 128220: loss 1.4800, time 234.37ms, mfu 0.94%
model:LGT728D iter 128230: loss 1.6206, time 231.41ms, mfu 0.96%
model:LGT728D iter 128240: loss 1.2567, time 214.23ms, mfu 0.99%
------average encoder activity 0.00000
-----------average decoder density 0.0000
step 128250: train loss 2.0943, val loss 2.0784
saving checkpoint to out-novel-char_LGT728D_4d06c3ce0eb6b62233f4128fdb1c3b0f
model:LGT728D iter 128250: loss 1.4411, time 3513.38ms, mfu 0.90%
model:LGT728D iter 128260: loss 1.4244, time 229.33ms, mfu 0.92%
model:LGT728D iter 128270: loss 1.3577, time 234.20ms, mfu 0.94%
model:LGT728D iter 128280: loss 1.3781, time 223.33ms, mfu 0.96%
model:LGT728D iter 128290: loss 1.3202, time 234.43ms, mfu 0.98%
------average encoder activity 0.00000
-----------average decoder density 0.0000
step 128300: train loss 2.0830, val loss 2.0726
saving checkpoint to out-novel-char_LGT728D_4d06c3ce0eb6b62233f4128fdb1c3b0f
model:LGT728D iter 128300: loss 1.4030, time 3420.16ms, mfu 0.89%
model:LGT728D iter 128310: loss 1.4684, time 246.30ms, mfu 0.91%
model:LGT728D iter 128320: loss 1.3951, time 247.78ms, mfu 0.92%
model:LGT728D iter 128330: loss 1.2585, time 245.67ms, mfu 0.94%
model:LGT728D iter 128340: loss 1.5598, time 254.25ms, mfu 0.94%
------average encoder activity 0.00000
-----------average decoder density 0.0000
step 128350: train loss 2.0884, val loss 2.0700
saving checkpoint to out-novel-char_LGT728D_4d06c3ce0eb6b62233f4128fdb1c3b0f
model:LGT728D iter 128350: loss 1.3254, time 3340.68ms, mfu 0.86%
model:LGT728D iter 128360: loss 1.4276, time 234.17ms, mfu 0.88%
model:LGT728D iter 128370: loss 1.3925, time 198.03ms, mfu 0.93%
model:LGT728D iter 128380: loss 1.3721, time 194.83ms, mfu 0.97%
model:LGT728D iter 128390: loss 1.2518, time 194.03ms, mfu 1.01%
------average encoder activity 0.00000
-----------average decoder density 0.0000
step 128400: train loss 2.1006, val loss 2.0808
saving checkpoint to out-novel-char_LGT728D_4d06c3ce0eb6b62233f4128fdb1c3b0f
model:LGT728D iter 128400: loss 1.4204, time 3826.45ms, mfu 0.91%
model:LGT728D iter 128410: loss 1.5082, time 173.67ms, mfu 0.97%
model:LGT728D iter 128420: loss 1.5850, time 171.63ms, mfu 1.03%
model:LGT728D iter 128430: loss 1.3289, time 228.86ms, mfu 1.04%
model:LGT728D iter 128440: loss 1.4548, time 228.20ms, mfu 1.05%
------average encoder activity 0.00000
-----------average decoder density 0.0000
step 128450: train loss 2.0756, val loss 2.0648
saving checkpoint to out-novel-char_LGT728D_4d06c3ce0eb6b62233f4128fdb1c3b0f
model:LGT728D iter 128450: loss 1.3032, time 4064.95ms, mfu 0.95%
model:LGT728D iter 128460: loss 1.3319, time 213.09ms, mfu 0.98%
model:LGT728D iter 128470: loss 1.4178, time 210.92ms, mfu 1.01%
model:LGT728D iter 128480: loss 1.3349, time 239.43ms, mfu 1.01%
model:LGT728D iter 128490: loss 1.4761, time 231.47ms, mfu 1.03%
------average encoder activity 0.00000
-----------average decoder density 0.0000
step 128500: train loss 2.0885, val loss 2.0797
saving checkpoint to out-novel-char_LGT728D_4d06c3ce0eb6b62233f4128fdb1c3b0f
model:LGT728D iter 128500: loss 1.1996, time 4020.59ms, mfu 0.93%
model:LGT728D iter 128510: loss 1.3121, time 177.51ms, mfu 0.98%
model:LGT728D iter 128520: loss 1.3337, time 179.58ms, mfu 1.03%
model:LGT728D iter 128530: loss 1.3495, time 169.28ms, mfu 1.08%
model:LGT728D iter 128540: loss 1.6621, time 239.48ms, mfu 1.08%
------average encoder activity 0.00000
-----------average decoder density 0.0000
step 128550: train loss 2.0884, val loss 2.0714
saving checkpoint to out-novel-char_LGT728D_4d06c3ce0eb6b62233f4128fdb1c3b0f
model:LGT728D iter 128550: loss 1.5925, time 4094.82ms, mfu 0.98%
model:LGT728D iter 128560: loss 1.3394, time 225.87ms, mfu 1.00%
model:LGT728D iter 128570: loss 1.3796, time 219.76ms, mfu 1.02%
model:LGT728D iter 128580: loss 1.4465, time 219.37ms, mfu 1.04%
model:LGT728D iter 128590: loss 1.3494, time 231.06ms, mfu 1.05%
------average encoder activity 0.00000
-----------average decoder density 0.0000
step 128600: train loss 2.1051, val loss 2.0855
saving checkpoint to out-novel-char_LGT728D_4d06c3ce0eb6b62233f4128fdb1c3b0f
model:LGT728D iter 128600: loss 1.5640, time 3977.51ms, mfu 0.95%
model:LGT728D iter 128610: loss 1.3442, time 229.65ms, mfu 0.97%
model:LGT728D iter 128620: loss 1.5534, time 216.21ms, mfu 0.99%
model:LGT728D iter 128630: loss 1.4029, time 220.07ms, mfu 1.01%
model:LGT728D iter 128640: loss 1.2879, time 228.15ms, mfu 1.02%
------average encoder activity 0.00000
-----------average decoder density 0.0000
step 128650: train loss 2.0975, val loss 2.0643
saving checkpoint to out-novel-char_LGT728D_4d06c3ce0eb6b62233f4128fdb1c3b0f
model:LGT728D iter 128650: loss 1.4216, time 3933.65ms, mfu 0.93%
model:LGT728D iter 128660: loss 1.4195, time 229.77ms, mfu 0.95%
model:LGT728D iter 128670: loss 1.4411, time 232.33ms, mfu 0.97%
model:LGT728D iter 128680: loss 1.5594, time 224.68ms, mfu 0.99%
model:LGT728D iter 128690: loss 1.5016, time 213.22ms, mfu 1.01%
------average encoder activity 0.00000
-----------average decoder density 0.0000
step 128700: train loss 2.0976, val loss 2.0820
saving checkpoint to out-novel-char_LGT728D_4d06c3ce0eb6b62233f4128fdb1c3b0f
model:LGT728D iter 128700: loss 1.4357, time 4051.64ms, mfu 0.92%
model:LGT728D iter 128710: loss 1.3502, time 240.88ms, mfu 0.93%
model:LGT728D iter 128720: loss 1.3480, time 231.58ms, mfu 0.95%
model:LGT728D iter 128730: loss 1.4475, time 226.21ms, mfu 0.97%
model:LGT728D iter 128740: loss 1.5042, time 215.42ms, mfu 1.00%
------average encoder activity 0.00000
-----------average decoder density 0.0000
step 128750: train loss 2.0885, val loss 2.0669
saving checkpoint to out-novel-char_LGT728D_4d06c3ce0eb6b62233f4128fdb1c3b0f
model:LGT728D iter 128750: loss 1.3519, time 4202.03ms, mfu 0.90%
model:LGT728D iter 128760: loss 1.2939, time 234.88ms, mfu 0.93%
model:LGT728D iter 128770: loss 1.3742, time 238.35ms, mfu 0.94%
model:LGT728D iter 128780: loss 1.2802, time 218.70ms, mfu 0.97%
model:LGT728D iter 128790: loss 1.4710, time 215.95ms, mfu 0.99%
------average encoder activity 0.00000
-----------average decoder density 0.0000
step 128800: train loss 2.0902, val loss 2.0620
saving checkpoint to out-novel-char_LGT728D_4d06c3ce0eb6b62233f4128fdb1c3b0f
model:LGT728D iter 128800: loss 1.2858, time 4148.61ms, mfu 0.90%
model:LGT728D iter 128810: loss 1.3360, time 241.23ms, mfu 0.92%
model:LGT728D iter 128820: loss 1.3370, time 229.63ms, mfu 0.94%
model:LGT728D iter 128830: loss 1.3508, time 220.47ms, mfu 0.96%
model:LGT728D iter 128840: loss 1.4953, time 212.84ms, mfu 0.99%
------average encoder activity 0.00000
-----------average decoder density 0.0000
step 128850: train loss 2.0967, val loss 2.0900
saving checkpoint to out-novel-char_LGT728D_4d06c3ce0eb6b62233f4128fdb1c3b0f
model:LGT728D iter 128850: loss 1.4272, time 4231.45ms, mfu 0.90%
model:LGT728D iter 128860: loss 1.4952, time 232.35ms, mfu 0.92%
model:LGT728D iter 128870: loss 1.4772, time 229.66ms, mfu 0.94%
model:LGT728D iter 128880: loss 1.2695, time 225.91ms, mfu 0.96%
model:LGT728D iter 128890: loss 1.3358, time 211.86ms, mfu 0.99%
------average encoder activity 0.00000
-----------average decoder density 0.0000
step 128900: train loss 2.0756, val loss 2.0731
saving checkpoint to out-novel-char_LGT728D_4d06c3ce0eb6b62233f4128fdb1c3b0f
model:LGT728D iter 128900: loss 1.5752, time 4087.74ms, mfu 0.90%
model:LGT728D iter 128910: loss 1.2915, time 231.29ms, mfu 0.92%
model:LGT728D iter 128920: loss 1.4405, time 233.62ms, mfu 0.94%
model:LGT728D iter 128930: loss 1.4050, time 224.94ms, mfu 0.96%
model:LGT728D iter 128940: loss 1.3716, time 210.07ms, mfu 0.99%
------average encoder activity 0.00000
-----------average decoder density 0.0000
step 128950: train loss 2.0969, val loss 2.0793
saving checkpoint to out-novel-char_LGT728D_4d06c3ce0eb6b62233f4128fdb1c3b0f
model:LGT728D iter 128950: loss 1.1967, time 3998.67ms, mfu 0.90%
model:LGT728D iter 128960: loss 1.4294, time 227.19ms, mfu 0.92%
model:LGT728D iter 128970: loss 1.4129, time 226.32ms, mfu 0.95%
model:LGT728D iter 128980: loss 1.4150, time 223.45ms, mfu 0.97%
model:LGT728D iter 128990: loss 1.3052, time 216.63ms, mfu 0.99%
------average encoder activity 0.00000
-----------average decoder density 0.0000
step 129000: train loss 2.0825, val loss 2.0639
saving checkpoint to out-novel-char_LGT728D_4d06c3ce0eb6b62233f4128fdb1c3b0f
model:LGT728D iter 129000: loss 1.5197, time 3693.00ms, mfu 0.90%
model:LGT728D iter 129010: loss 1.3911, time 226.30ms, mfu 0.93%
model:LGT728D iter 129020: loss 1.4702, time 235.23ms, mfu 0.95%
model:LGT728D iter 129030: loss 1.3386, time 226.82ms, mfu 0.97%
model:LGT728D iter 129040: loss 1.5233, time 232.57ms, mfu 0.98%
------average encoder activity 0.00000
-----------average decoder density 0.0000
step 129050: train loss 2.0978, val loss 2.0795
saving checkpoint to out-novel-char_LGT728D_4d06c3ce0eb6b62233f4128fdb1c3b0f
model:LGT728D iter 129050: loss 1.3142, time 3667.69ms, mfu 0.89%
model:LGT728D iter 129060: loss 1.3865, time 229.63ms, mfu 0.92%
model:LGT728D iter 129070: loss 1.3198, time 225.03ms, mfu 0.94%
model:LGT728D iter 129080: loss 1.4190, time 222.61ms, mfu 0.96%
model:LGT728D iter 129090: loss 1.4144, time 236.55ms, mfu 0.98%
------average encoder activity 0.00000
-----------average decoder density 0.0000
step 129100: train loss 2.0979, val loss 2.0799
saving checkpoint to out-novel-char_LGT728D_4d06c3ce0eb6b62233f4128fdb1c3b0f
model:LGT728D iter 129100: loss 1.4661, time 3852.78ms, mfu 0.89%
model:LGT728D iter 129110: loss 1.4972, time 177.08ms, mfu 0.95%
model:LGT728D iter 129120: loss 1.3983, time 185.06ms, mfu 0.99%
model:LGT728D iter 129130: loss 1.4137, time 180.67ms, mfu 1.04%
model:LGT728D iter 129140: loss 1.4192, time 187.36ms, mfu 1.07%
------average encoder activity 0.00000
-----------average decoder density 0.0000
step 129150: train loss 2.0834, val loss 2.0747
saving checkpoint to out-novel-char_LGT728D_4d06c3ce0eb6b62233f4128fdb1c3b0f
model:LGT728D iter 129150: loss 1.3609, time 4116.65ms, mfu 0.97%
model:LGT728D iter 129160: loss 1.3684, time 228.00ms, mfu 0.99%
model:LGT728D iter 129170: loss 1.4641, time 229.89ms, mfu 1.01%
model:LGT728D iter 129180: loss 1.3828, time 252.09ms, mfu 1.01%
model:LGT728D iter 129190: loss 1.2377, time 239.93ms, mfu 1.02%
------average encoder activity 0.00000
-----------average decoder density 0.0000
step 129200: train loss 2.0919, val loss 2.0753
saving checkpoint to out-novel-char_LGT728D_4d06c3ce0eb6b62233f4128fdb1c3b0f
model:LGT728D iter 129200: loss 1.3948, time 4222.70ms, mfu 0.92%
model:LGT728D iter 129210: loss 1.4974, time 226.24ms, mfu 0.95%
model:LGT728D iter 129220: loss 1.4500, time 232.75ms, mfu 0.96%
model:LGT728D iter 129230: loss 1.3707, time 245.29ms, mfu 0.97%
model:LGT728D iter 129240: loss 1.4020, time 244.02ms, mfu 0.98%
------average encoder activity 0.00000
-----------average decoder density 0.0000
step 129250: train loss 2.0838, val loss 2.0698
saving checkpoint to out-novel-char_LGT728D_4d06c3ce0eb6b62233f4128fdb1c3b0f
model:LGT728D iter 129250: loss 1.6259, time 4132.29ms, mfu 0.89%
model:LGT728D iter 129260: loss 1.3049, time 173.08ms, mfu 0.95%
model:LGT728D iter 129270: loss 1.4071, time 175.60ms, mfu 1.01%
model:LGT728D iter 129280: loss 1.4780, time 173.72ms, mfu 1.06%
model:LGT728D iter 129290: loss 1.2964, time 182.10ms, mfu 1.10%
------average encoder activity 0.00000
-----------average decoder density 0.0000
step 129300: train loss 2.0813, val loss 2.0595
saving checkpoint to out-novel-char_LGT728D_4d06c3ce0eb6b62233f4128fdb1c3b0f
model:LGT728D iter 129300: loss 1.4094, time 4180.07ms, mfu 0.99%
model:LGT728D iter 129310: loss 1.3416, time 235.73ms, mfu 1.00%
model:LGT728D iter 129320: loss 1.4432, time 237.31ms, mfu 1.01%
model:LGT728D iter 129330: loss 1.3617, time 231.37ms, mfu 1.03%
model:LGT728D iter 129340: loss 1.4468, time 216.81ms, mfu 1.04%
------average encoder activity 0.00000
-----------average decoder density 0.0000
step 129350: train loss 2.0916, val loss 2.0779
saving checkpoint to out-novel-char_LGT728D_4d06c3ce0eb6b62233f4128fdb1c3b0f
model:LGT728D iter 129350: loss 1.3733, time 4148.06ms, mfu 0.95%
model:LGT728D iter 129360: loss 1.2695, time 225.67ms, mfu 0.97%
model:LGT728D iter 129370: loss 1.4733, time 228.96ms, mfu 0.98%
model:LGT728D iter 129380: loss 1.4432, time 209.39ms, mfu 1.01%
model:LGT728D iter 129390: loss 1.3963, time 216.82ms, mfu 1.03%
------average encoder activity 0.00000
-----------average decoder density 0.0000
step 129400: train loss 2.0807, val loss 2.0743
saving checkpoint to out-novel-char_LGT728D_4d06c3ce0eb6b62233f4128fdb1c3b0f
model:LGT728D iter 129400: loss 1.4548, time 4171.06ms, mfu 0.93%
model:LGT728D iter 129410: loss 1.3274, time 223.57ms, mfu 0.96%
model:LGT728D iter 129420: loss 1.4425, time 246.63ms, mfu 0.97%
model:LGT728D iter 129430: loss 1.4542, time 178.36ms, mfu 1.02%
model:LGT728D iter 129440: loss 1.2846, time 181.40ms, mfu 1.06%
------average encoder activity 0.00000
-----------average decoder density 0.0000
step 129450: train loss 2.0818, val loss 2.0723
saving checkpoint to out-novel-char_LGT728D_4d06c3ce0eb6b62233f4128fdb1c3b0f
model:LGT728D iter 129450: loss 1.5106, time 3988.63ms, mfu 0.96%
model:LGT728D iter 129460: loss 1.4283, time 222.34ms, mfu 0.98%
model:LGT728D iter 129470: loss 1.3380, time 225.80ms, mfu 1.00%
model:LGT728D iter 129480: loss 1.4451, time 233.77ms, mfu 1.01%
model:LGT728D iter 129490: loss 1.5684, time 213.91ms, mfu 1.03%
------average encoder activity 0.00000
-----------average decoder density 0.0000
step 129500: train loss 2.0770, val loss 2.0797
saving checkpoint to out-novel-char_LGT728D_4d06c3ce0eb6b62233f4128fdb1c3b0f
model:LGT728D iter 129500: loss 1.4290, time 3862.89ms, mfu 0.94%
model:LGT728D iter 129510: loss 1.3650, time 220.19ms, mfu 0.96%
model:LGT728D iter 129520: loss 1.4052, time 221.10ms, mfu 0.98%
model:LGT728D iter 129530: loss 1.5095, time 230.17ms, mfu 1.00%
model:LGT728D iter 129540: loss 1.4574, time 213.72ms, mfu 1.02%
------average encoder activity 0.00000
-----------average decoder density 0.0000
step 129550: train loss 2.0724, val loss 2.0762
saving checkpoint to out-novel-char_LGT728D_4d06c3ce0eb6b62233f4128fdb1c3b0f
model:LGT728D iter 129550: loss 1.2861, time 3675.58ms, mfu 0.93%
model:LGT728D iter 129560: loss 1.3871, time 222.75ms, mfu 0.95%
model:LGT728D iter 129570: loss 1.3792, time 217.36ms, mfu 0.98%
model:LGT728D iter 129580: loss 1.3190, time 228.22ms, mfu 0.99%
model:LGT728D iter 129590: loss 1.4431, time 228.13ms, mfu 1.01%
------average encoder activity 0.00000
-----------average decoder density 0.0000
step 129600: train loss 2.0819, val loss 2.0838
saving checkpoint to out-novel-char_LGT728D_4d06c3ce0eb6b62233f4128fdb1c3b0f
model:LGT728D iter 129600: loss 1.3584, time 3490.57ms, mfu 0.92%
model:LGT728D iter 129610: loss 1.2133, time 220.51ms, mfu 0.94%
model:LGT728D iter 129620: loss 1.2901, time 219.87ms, mfu 0.97%
model:LGT728D iter 129630: loss 1.4602, time 228.56ms, mfu 0.99%
model:LGT728D iter 129640: loss 1.3585, time 232.71ms, mfu 1.00%
------average encoder activity 0.00000
-----------average decoder density 0.0000
step 129650: train loss 2.0797, val loss 2.0666
saving checkpoint to out-novel-char_LGT728D_4d06c3ce0eb6b62233f4128fdb1c3b0f
model:LGT728D iter 129650: loss 1.3673, time 3512.84ms, mfu 0.91%
model:LGT728D iter 129660: loss 1.4240, time 225.48ms, mfu 0.93%
model:LGT728D iter 129670: loss 1.3532, time 225.08ms, mfu 0.96%
model:LGT728D iter 129680: loss 1.4722, time 230.54ms, mfu 0.97%
model:LGT728D iter 129690: loss 1.4261, time 227.60ms, mfu 0.99%
------average encoder activity 0.00000
-----------average decoder density 0.0000
step 129700: train loss 2.1070, val loss 2.0788
saving checkpoint to out-novel-char_LGT728D_4d06c3ce0eb6b62233f4128fdb1c3b0f
model:LGT728D iter 129700: loss 1.3745, time 3728.38ms, mfu 0.90%
model:LGT728D iter 129710: loss 1.5543, time 167.55ms, mfu 0.97%
model:LGT728D iter 129720: loss 1.3020, time 178.68ms, mfu 1.02%
model:LGT728D iter 129730: loss 1.5026, time 232.60ms, mfu 1.03%
model:LGT728D iter 129740: loss 1.4774, time 248.17ms, mfu 1.03%
------average encoder activity 0.00000
-----------average decoder density 0.0000
step 129750: train loss 2.0844, val loss 2.0632
saving checkpoint to out-novel-char_LGT728D_4d06c3ce0eb6b62233f4128fdb1c3b0f
model:LGT728D iter 129750: loss 1.4449, time 4311.36ms, mfu 0.93%
model:LGT728D iter 129760: loss 1.2966, time 229.88ms, mfu 0.95%
model:LGT728D iter 129770: loss 1.3738, time 192.65ms, mfu 0.99%
model:LGT728D iter 129780: loss 1.4809, time 192.61ms, mfu 1.03%
model:LGT728D iter 129790: loss 1.5035, time 242.62ms, mfu 1.03%
------average encoder activity 0.00000
-----------average decoder density 0.0000
step 129800: train loss 2.0780, val loss 2.0718
saving checkpoint to out-novel-char_LGT728D_4d06c3ce0eb6b62233f4128fdb1c3b0f
model:LGT728D iter 129800: loss 1.3906, time 3981.95ms, mfu 0.94%
model:LGT728D iter 129810: loss 1.3417, time 228.83ms, mfu 0.96%
model:LGT728D iter 129820: loss 1.3974, time 179.65ms, mfu 1.01%
model:LGT728D iter 129830: loss 1.2340, time 177.22ms, mfu 1.06%
model:LGT728D iter 129840: loss 1.3243, time 246.24ms, mfu 1.06%
------average encoder activity 0.00000
-----------average decoder density 0.0000
step 129850: train loss 2.0754, val loss 2.0744
saving checkpoint to out-novel-char_LGT728D_4d06c3ce0eb6b62233f4128fdb1c3b0f
model:LGT728D iter 129850: loss 1.4470, time 3996.84ms, mfu 0.96%
model:LGT728D iter 129860: loss 1.4058, time 238.01ms, mfu 0.97%
model:LGT728D iter 129870: loss 1.4929, time 177.98ms, mfu 1.02%
model:LGT728D iter 129880: loss 1.4413, time 175.94ms, mfu 1.07%
model:LGT728D iter 129890: loss 1.2558, time 176.04ms, mfu 1.11%
------average encoder activity 0.00000
-----------average decoder density 0.0000
step 129900: train loss 2.0688, val loss 2.0645
saving checkpoint to out-novel-char_LGT728D_4d06c3ce0eb6b62233f4128fdb1c3b0f
model:LGT728D iter 129900: loss 1.4328, time 4088.09ms, mfu 1.01%
model:LGT728D iter 129910: loss 1.3761, time 237.35ms, mfu 1.01%
model:LGT728D iter 129920: loss 1.4276, time 239.85ms, mfu 1.02%
model:LGT728D iter 129930: loss 1.3875, time 234.76ms, mfu 1.03%
model:LGT728D iter 129940: loss 1.5222, time 234.51ms, mfu 1.04%
------average encoder activity 0.00000
-----------average decoder density 0.0000
step 129950: train loss 2.0803, val loss 2.0594
saving checkpoint to out-novel-char_LGT728D_4d06c3ce0eb6b62233f4128fdb1c3b0f
model:LGT728D iter 129950: loss 1.4011, time 4070.79ms, mfu 0.94%
model:LGT728D iter 129960: loss 1.2749, time 180.44ms, mfu 0.99%
model:LGT728D iter 129970: loss 1.4690, time 249.44ms, mfu 1.00%
model:LGT728D iter 129980: loss 1.5489, time 254.41ms, mfu 1.00%
model:LGT728D iter 129990: loss 1.4862, time 234.60ms, mfu 1.01%
------average encoder activity 0.00000
-----------average decoder density 0.0000
step 130000: train loss 2.0689, val loss 2.0572
saving checkpoint to out-novel-char_LGT728D_4d06c3ce0eb6b62233f4128fdb1c3b0f
model:LGT728D iter 130000: loss 1.5286, time 3637.15ms, mfu 0.92%
model:LGT728D iter 130010: loss 1.4890, time 219.06ms, mfu 0.95%
model:LGT728D iter 130020: loss 1.4626, time 240.17ms, mfu 0.96%
model:LGT728D iter 130030: loss 1.2864, time 251.07ms, mfu 0.97%
model:LGT728D iter 130040: loss 1.4940, time 189.81ms, mfu 1.01%
------average encoder activity 0.00000
-----------average decoder density 0.0000
step 130050: train loss 2.0809, val loss 2.0601
saving checkpoint to out-novel-char_LGT728D_4d06c3ce0eb6b62233f4128fdb1c3b0f
model:LGT728D iter 130050: loss 1.5500, time 3410.33ms, mfu 0.92%
model:LGT728D iter 130060: loss 1.3133, time 181.11ms, mfu 0.97%
model:LGT728D iter 130070: loss 1.4078, time 193.52ms, mfu 1.01%
model:LGT728D iter 130080: loss 1.2944, time 183.14ms, mfu 1.05%
model:LGT728D iter 130090: loss 1.3782, time 188.11ms, mfu 1.08%
------average encoder activity 0.00000
-----------average decoder density 0.0000
step 130100: train loss 2.0768, val loss 2.0703
saving checkpoint to out-novel-char_LGT728D_4d06c3ce0eb6b62233f4128fdb1c3b0f
model:LGT728D iter 130100: loss 1.4321, time 3915.10ms, mfu 0.98%
model:LGT728D iter 130110: loss 1.3219, time 178.49ms, mfu 1.03%
model:LGT728D iter 130120: loss 1.3452, time 185.71ms, mfu 1.07%
model:LGT728D iter 130130: loss 1.3998, time 254.26ms, mfu 1.06%
model:LGT728D iter 130140: loss 1.3651, time 240.75ms, mfu 1.07%
------average encoder activity 0.00000
-----------average decoder density 0.0000
step 130150: train loss 2.0734, val loss 2.0625
saving checkpoint to out-novel-char_LGT728D_4d06c3ce0eb6b62233f4128fdb1c3b0f
model:LGT728D iter 130150: loss 1.4776, time 3939.89ms, mfu 0.97%
model:LGT728D iter 130160: loss 1.3595, time 230.06ms, mfu 0.98%
model:LGT728D iter 130170: loss 1.1307, time 237.48ms, mfu 1.00%
model:LGT728D iter 130180: loss 1.4321, time 248.31ms, mfu 1.00%
model:LGT728D iter 130190: loss 1.3485, time 239.66ms, mfu 1.01%
------average encoder activity 0.00000
-----------average decoder density 0.0000
step 130200: train loss 2.0834, val loss 2.0577
saving checkpoint to out-novel-char_LGT728D_4d06c3ce0eb6b62233f4128fdb1c3b0f
model:LGT728D iter 130200: loss 1.5152, time 3912.81ms, mfu 0.92%
model:LGT728D iter 130210: loss 1.4507, time 234.30ms, mfu 0.94%
model:LGT728D iter 130220: loss 1.4413, time 237.02ms, mfu 0.95%
model:LGT728D iter 130230: loss 1.4969, time 238.61ms, mfu 0.97%
model:LGT728D iter 130240: loss 1.4608, time 241.88ms, mfu 0.98%
------average encoder activity 0.00000
-----------average decoder density 0.0000
step 130250: train loss 2.0721, val loss 2.0593
saving checkpoint to out-novel-char_LGT728D_4d06c3ce0eb6b62233f4128fdb1c3b0f
model:LGT728D iter 130250: loss 1.4248, time 4004.69ms, mfu 0.89%
model:LGT728D iter 130260: loss 1.3406, time 233.71ms, mfu 0.91%
model:LGT728D iter 130270: loss 1.3161, time 237.36ms, mfu 0.93%
model:LGT728D iter 130280: loss 1.6701, time 180.42ms, mfu 0.98%
model:LGT728D iter 130290: loss 1.2914, time 181.72ms, mfu 1.03%
------average encoder activity 0.00000
-----------average decoder density 0.0000
step 130300: train loss 2.0784, val loss 2.0641
saving checkpoint to out-novel-char_LGT728D_4d06c3ce0eb6b62233f4128fdb1c3b0f
model:LGT728D iter 130300: loss 1.4411, time 4158.71ms, mfu 0.93%
model:LGT728D iter 130310: loss 1.3428, time 228.02ms, mfu 0.95%
model:LGT728D iter 130320: loss 1.2925, time 221.23ms, mfu 0.98%
model:LGT728D iter 130330: loss 1.2665, time 219.50ms, mfu 1.00%
model:LGT728D iter 130340: loss 1.3972, time 222.58ms, mfu 1.02%
------average encoder activity 0.00000
-----------average decoder density 0.0000
step 130350: train loss 2.0715, val loss 2.0804
saving checkpoint to out-novel-char_LGT728D_4d06c3ce0eb6b62233f4128fdb1c3b0f
model:LGT728D iter 130350: loss 1.6173, time 4513.98ms, mfu 0.92%
model:LGT728D iter 130360: loss 1.4032, time 246.14ms, mfu 0.93%
model:LGT728D iter 130370: loss 1.3705, time 174.78ms, mfu 0.99%
model:LGT728D iter 130380: loss 1.2588, time 158.45ms, mfu 1.06%
model:LGT728D iter 130390: loss 1.4156, time 159.65ms, mfu 1.11%
------average encoder activity 0.00000
-----------average decoder density 0.0000
step 130400: train loss 2.0765, val loss 2.0618
saving checkpoint to out-novel-char_LGT728D_4d06c3ce0eb6b62233f4128fdb1c3b0f
model:LGT728D iter 130400: loss 1.6109, time 4481.66ms, mfu 1.01%
model:LGT728D iter 130410: loss 1.3712, time 223.76ms, mfu 1.03%
model:LGT728D iter 130420: loss 1.2938, time 225.17ms, mfu 1.04%
model:LGT728D iter 130430: loss 1.4730, time 226.34ms, mfu 1.05%
model:LGT728D iter 130440: loss 1.4298, time 217.89ms, mfu 1.07%
------average encoder activity 0.00000
-----------average decoder density 0.0000
step 130450: train loss 2.0845, val loss 2.0505
saving checkpoint to out-novel-char_LGT728D_4d06c3ce0eb6b62233f4128fdb1c3b0f
model:LGT728D iter 130450: loss 1.5276, time 4359.42ms, mfu 0.97%
model:LGT728D iter 130460: loss 1.4324, time 238.35ms, mfu 0.98%
model:LGT728D iter 130470: loss 1.4118, time 228.43ms, mfu 1.00%
model:LGT728D iter 130480: loss 1.2547, time 241.29ms, mfu 1.00%
model:LGT728D iter 130490: loss 1.3146, time 233.24ms, mfu 1.02%
------average encoder activity 0.00000
-----------average decoder density 0.0000
step 130500: train loss 2.0699, val loss 2.0548
saving checkpoint to out-novel-char_LGT728D_4d06c3ce0eb6b62233f4128fdb1c3b0f
model:LGT728D iter 130500: loss 1.3607, time 4144.34ms, mfu 0.92%
model:LGT728D iter 130510: loss 1.5689, time 249.71ms, mfu 0.93%
model:LGT728D iter 130520: loss 1.3492, time 245.80ms, mfu 0.95%
model:LGT728D iter 130530: loss 1.3376, time 236.10ms, mfu 0.96%
model:LGT728D iter 130540: loss 1.2538, time 229.00ms, mfu 0.98%
------average encoder activity 0.00000
-----------average decoder density 0.0000
step 130550: train loss 2.0711, val loss 2.0729
saving checkpoint to out-novel-char_LGT728D_4d06c3ce0eb6b62233f4128fdb1c3b0f
model:LGT728D iter 130550: loss 1.4143, time 3984.01ms, mfu 0.89%
model:LGT728D iter 130560: loss 1.3733, time 222.31ms, mfu 0.92%
model:LGT728D iter 130570: loss 1.3964, time 233.53ms, mfu 0.94%
model:LGT728D iter 130580: loss 1.2150, time 230.95ms, mfu 0.96%
model:LGT728D iter 130590: loss 1.2883, time 230.14ms, mfu 0.98%
------average encoder activity 0.00000
-----------average decoder density 0.0000
step 130600: train loss 2.0709, val loss 2.0636
saving checkpoint to out-novel-char_LGT728D_4d06c3ce0eb6b62233f4128fdb1c3b0f
model:LGT728D iter 130600: loss 1.5104, time 3728.60ms, mfu 0.89%
model:LGT728D iter 130610: loss 1.4379, time 189.04ms, mfu 0.94%
model:LGT728D iter 130620: loss 1.4544, time 246.11ms, mfu 0.95%
model:LGT728D iter 130630: loss 1.3993, time 247.90ms, mfu 0.96%
model:LGT728D iter 130640: loss 1.3802, time 234.61ms, mfu 0.97%
------average encoder activity 0.00000
-----------average decoder density 0.0000
step 130650: train loss 2.0742, val loss 2.0717
saving checkpoint to out-novel-char_LGT728D_4d06c3ce0eb6b62233f4128fdb1c3b0f
model:LGT728D iter 130650: loss 1.4359, time 3656.21ms, mfu 0.88%
model:LGT728D iter 130660: loss 1.4436, time 247.45ms, mfu 0.90%
model:LGT728D iter 130670: loss 1.3058, time 239.16ms, mfu 0.92%
model:LGT728D iter 130680: loss 1.2971, time 189.09ms, mfu 0.97%
model:LGT728D iter 130690: loss 1.5906, time 233.09ms, mfu 0.98%
------average encoder activity 0.00000
-----------average decoder density 0.0000
step 130700: train loss 2.0818, val loss 2.0624
saving checkpoint to out-novel-char_LGT728D_4d06c3ce0eb6b62233f4128fdb1c3b0f
model:LGT728D iter 130700: loss 1.3863, time 3528.90ms, mfu 0.89%
model:LGT728D iter 130710: loss 1.2984, time 237.45ms, mfu 0.91%
model:LGT728D iter 130720: loss 1.4825, time 239.99ms, mfu 0.93%
model:LGT728D iter 130730: loss 1.5506, time 244.07ms, mfu 0.94%
model:LGT728D iter 130740: loss 1.3221, time 233.24ms, mfu 0.96%
------average encoder activity 0.00000
-----------average decoder density 0.0000
step 130750: train loss 2.0829, val loss 2.0605
saving checkpoint to out-novel-char_LGT728D_4d06c3ce0eb6b62233f4128fdb1c3b0f
model:LGT728D iter 130750: loss 1.1654, time 3490.93ms, mfu 0.87%
model:LGT728D iter 130760: loss 1.1924, time 215.00ms, mfu 0.91%
model:LGT728D iter 130770: loss 1.3993, time 240.59ms, mfu 0.93%
model:LGT728D iter 130780: loss 1.3498, time 229.78ms, mfu 0.95%
model:LGT728D iter 130790: loss 1.5008, time 225.83ms, mfu 0.97%
------average encoder activity 0.00000
-----------average decoder density 0.0000
step 130800: train loss 2.0737, val loss 2.0674
saving checkpoint to out-novel-char_LGT728D_4d06c3ce0eb6b62233f4128fdb1c3b0f
model:LGT728D iter 130800: loss 1.4354, time 3647.18ms, mfu 0.88%
model:LGT728D iter 130810: loss 1.4232, time 212.76ms, mfu 0.91%
model:LGT728D iter 130820: loss 1.3720, time 229.12ms, mfu 0.94%
model:LGT728D iter 130830: loss 1.6083, time 226.29ms, mfu 0.96%
model:LGT728D iter 130840: loss 1.3963, time 232.50ms, mfu 0.98%
------average encoder activity 0.00000
-----------average decoder density 0.0000
step 130850: train loss 2.0671, val loss 2.0761
saving checkpoint to out-novel-char_LGT728D_4d06c3ce0eb6b62233f4128fdb1c3b0f
model:LGT728D iter 130850: loss 1.4402, time 3920.84ms, mfu 0.88%
model:LGT728D iter 130860: loss 1.5028, time 236.71ms, mfu 0.91%
model:LGT728D iter 130870: loss 1.5183, time 185.67ms, mfu 0.96%
model:LGT728D iter 130880: loss 1.3435, time 185.90ms, mfu 1.00%
model:LGT728D iter 130890: loss 1.2542, time 184.74ms, mfu 1.04%
------average encoder activity 0.00000
-----------average decoder density 0.0000
step 130900: train loss 2.0722, val loss 2.0517
saving checkpoint to out-novel-char_LGT728D_4d06c3ce0eb6b62233f4128fdb1c3b0f
model:LGT728D iter 130900: loss 1.5006, time 4032.31ms, mfu 0.95%
model:LGT728D iter 130910: loss 1.3853, time 235.28ms, mfu 0.96%
model:LGT728D iter 130920: loss 1.3595, time 239.35ms, mfu 0.98%
model:LGT728D iter 130930: loss 1.2969, time 189.13ms, mfu 1.02%
model:LGT728D iter 130940: loss 1.1472, time 191.40ms, mfu 1.05%
------average encoder activity 0.00000
-----------average decoder density 0.0000
step 130950: train loss 2.0747, val loss 2.0727
saving checkpoint to out-novel-char_LGT728D_4d06c3ce0eb6b62233f4128fdb1c3b0f
model:LGT728D iter 130950: loss 1.3532, time 3934.28ms, mfu 0.95%
model:LGT728D iter 130960: loss 1.3863, time 248.18ms, mfu 0.96%
model:LGT728D iter 130970: loss 1.3795, time 241.85ms, mfu 0.97%
model:LGT728D iter 130980: loss 1.6089, time 173.81ms, mfu 1.03%
model:LGT728D iter 130990: loss 1.3075, time 190.43ms, mfu 1.06%
------average encoder activity 0.00000
-----------average decoder density 0.0000
step 131000: train loss 2.0814, val loss 2.0576
saving checkpoint to out-novel-char_LGT728D_4d06c3ce0eb6b62233f4128fdb1c3b0f
model:LGT728D iter 131000: loss 1.4894, time 3791.40ms, mfu 0.96%
model:LGT728D iter 131010: loss 1.3626, time 239.90ms, mfu 0.98%
model:LGT728D iter 131020: loss 1.3304, time 236.66ms, mfu 0.99%
model:LGT728D iter 131030: loss 1.3229, time 229.62ms, mfu 1.00%
model:LGT728D iter 131040: loss 1.3929, time 222.07ms, mfu 1.02%
------average encoder activity 0.00000
-----------average decoder density 0.0000
step 131050: train loss 2.0671, val loss 2.0621
saving checkpoint to out-novel-char_LGT728D_4d06c3ce0eb6b62233f4128fdb1c3b0f
model:LGT728D iter 131050: loss 1.3051, time 3828.82ms, mfu 0.93%
model:LGT728D iter 131060: loss 1.3379, time 242.63ms, mfu 0.94%
model:LGT728D iter 131070: loss 1.4429, time 243.65ms, mfu 0.95%
model:LGT728D iter 131080: loss 1.5941, time 229.13ms, mfu 0.97%
model:LGT728D iter 131090: loss 1.3274, time 229.88ms, mfu 0.99%
------average encoder activity 0.00000
-----------average decoder density 0.0000
step 131100: train loss 2.0519, val loss 2.0753
saving checkpoint to out-novel-char_LGT728D_4d06c3ce0eb6b62233f4128fdb1c3b0f
model:LGT728D iter 131100: loss 1.5132, time 3838.49ms, mfu 0.90%
model:LGT728D iter 131110: loss 1.4606, time 229.50ms, mfu 0.92%
model:LGT728D iter 131120: loss 1.5015, time 230.66ms, mfu 0.94%
model:LGT728D iter 131130: loss 1.3764, time 231.22ms, mfu 0.96%
model:LGT728D iter 131140: loss 1.3343, time 215.04ms, mfu 0.99%
------average encoder activity 0.00000
-----------average decoder density 0.0000
step 131150: train loss 2.0685, val loss 2.0723
saving checkpoint to out-novel-char_LGT728D_4d06c3ce0eb6b62233f4128fdb1c3b0f
model:LGT728D iter 131150: loss 1.2728, time 3843.70ms, mfu 0.90%
model:LGT728D iter 131160: loss 1.3820, time 229.55ms, mfu 0.92%
model:LGT728D iter 131170: loss 1.2686, time 230.73ms, mfu 0.94%
model:LGT728D iter 131180: loss 1.3502, time 184.76ms, mfu 0.99%
model:LGT728D iter 131190: loss 1.4388, time 179.08ms, mfu 1.04%
------average encoder activity 0.00000
-----------average decoder density 0.0000
step 131200: train loss 2.0801, val loss 2.0567
saving checkpoint to out-novel-char_LGT728D_4d06c3ce0eb6b62233f4128fdb1c3b0f
model:LGT728D iter 131200: loss 1.5378, time 3317.23ms, mfu 0.94%
model:LGT728D iter 131210: loss 1.4364, time 172.98ms, mfu 1.00%
model:LGT728D iter 131220: loss 1.3802, time 179.46ms, mfu 1.04%
model:LGT728D iter 131230: loss 1.3623, time 230.14ms, mfu 1.05%
model:LGT728D iter 131240: loss 1.4636, time 230.40ms, mfu 1.06%
------average encoder activity 0.00000
-----------average decoder density 0.0000
step 131250: train loss 2.0762, val loss 2.0724
saving checkpoint to out-novel-char_LGT728D_4d06c3ce0eb6b62233f4128fdb1c3b0f
model:LGT728D iter 131250: loss 1.3205, time 3879.93ms, mfu 0.96%
model:LGT728D iter 131260: loss 1.4747, time 213.95ms, mfu 0.99%
model:LGT728D iter 131270: loss 1.4130, time 225.06ms, mfu 1.01%
model:LGT728D iter 131280: loss 1.4912, time 236.11ms, mfu 1.02%
model:LGT728D iter 131290: loss 1.4575, time 224.51ms, mfu 1.03%
------average encoder activity 0.00000
-----------average decoder density 0.0000
step 131300: train loss 2.0801, val loss 2.0757
saving checkpoint to out-novel-char_LGT728D_4d06c3ce0eb6b62233f4128fdb1c3b0f
model:LGT728D iter 131300: loss 1.4054, time 3817.65ms, mfu 0.93%
model:LGT728D iter 131310: loss 1.3795, time 220.41ms, mfu 0.96%
model:LGT728D iter 131320: loss 1.5841, time 214.71ms, mfu 0.99%
model:LGT728D iter 131330: loss 1.1689, time 222.11ms, mfu 1.01%
model:LGT728D iter 131340: loss 1.2357, time 235.36ms, mfu 1.02%
------average encoder activity 0.00000
-----------average decoder density 0.0000
step 131350: train loss 2.0725, val loss 2.0751
saving checkpoint to out-novel-char_LGT728D_4d06c3ce0eb6b62233f4128fdb1c3b0f
model:LGT728D iter 131350: loss 1.4144, time 3815.45ms, mfu 0.92%
model:LGT728D iter 131360: loss 1.4920, time 233.01ms, mfu 0.94%
model:LGT728D iter 131370: loss 1.3893, time 173.14ms, mfu 1.00%
model:LGT728D iter 131380: loss 1.4316, time 174.77ms, mfu 1.05%
model:LGT728D iter 131390: loss 1.2708, time 156.42ms, mfu 1.11%
------average encoder activity 0.00000
-----------average decoder density 0.0000
step 131400: train loss 2.0835, val loss 2.0683
saving checkpoint to out-novel-char_LGT728D_4d06c3ce0eb6b62233f4128fdb1c3b0f
model:LGT728D iter 131400: loss 1.2821, time 3855.49ms, mfu 1.01%
model:LGT728D iter 131410: loss 1.4019, time 231.05ms, mfu 1.02%
model:LGT728D iter 131420: loss 1.3335, time 227.34ms, mfu 1.03%
model:LGT728D iter 131430: loss 1.3711, time 218.51ms, mfu 1.05%
model:LGT728D iter 131440: loss 1.4604, time 162.58ms, mfu 1.10%
------average encoder activity 0.00000
-----------average decoder density 0.0000
step 131450: train loss 2.0883, val loss 2.0812
saving checkpoint to out-novel-char_LGT728D_4d06c3ce0eb6b62233f4128fdb1c3b0f
model:LGT728D iter 131450: loss 1.2010, time 3616.69ms, mfu 1.00%
model:LGT728D iter 131460: loss 1.5741, time 229.29ms, mfu 1.02%
model:LGT728D iter 131470: loss 1.4576, time 234.12ms, mfu 1.03%
model:LGT728D iter 131480: loss 1.3914, time 237.15ms, mfu 1.03%
model:LGT728D iter 131490: loss 1.2442, time 229.92ms, mfu 1.04%
------average encoder activity 0.00000
-----------average decoder density 0.0000
step 131500: train loss 2.0753, val loss 2.0693
saving checkpoint to out-novel-char_LGT728D_4d06c3ce0eb6b62233f4128fdb1c3b0f
model:LGT728D iter 131500: loss 1.4818, time 3521.03ms, mfu 0.95%
model:LGT728D iter 131510: loss 1.3417, time 224.85ms, mfu 0.97%
model:LGT728D iter 131520: loss 1.2739, time 225.99ms, mfu 0.99%
model:LGT728D iter 131530: loss 1.3944, time 226.29ms, mfu 1.00%
model:LGT728D iter 131540: loss 1.1502, time 230.68ms, mfu 1.02%
------average encoder activity 0.00000
-----------average decoder density 0.0000
step 131550: train loss 2.0773, val loss 2.0789
saving checkpoint to out-novel-char_LGT728D_4d06c3ce0eb6b62233f4128fdb1c3b0f
model:LGT728D iter 131550: loss 1.2051, time 3332.17ms, mfu 0.92%
model:LGT728D iter 131560: loss 1.4576, time 233.56ms, mfu 0.94%
model:LGT728D iter 131570: loss 1.5895, time 237.49ms, mfu 0.96%
model:LGT728D iter 131580: loss 1.4556, time 242.89ms, mfu 0.97%
model:LGT728D iter 131590: loss 1.3983, time 247.46ms, mfu 0.98%
------average encoder activity 0.00000
-----------average decoder density 0.0000
step 131600: train loss 2.0652, val loss 2.0551
saving checkpoint to out-novel-char_LGT728D_4d06c3ce0eb6b62233f4128fdb1c3b0f
model:LGT728D iter 131600: loss 1.3312, time 3649.61ms, mfu 0.89%
model:LGT728D iter 131610: loss 1.2453, time 215.58ms, mfu 0.92%
model:LGT728D iter 131620: loss 1.3103, time 233.50ms, mfu 0.94%
model:LGT728D iter 131630: loss 1.5155, time 225.01ms, mfu 0.96%
model:LGT728D iter 131640: loss 1.4741, time 232.74ms, mfu 0.98%
------average encoder activity 0.00000
-----------average decoder density 0.0000
step 131650: train loss 2.0605, val loss 2.0694
saving checkpoint to out-novel-char_LGT728D_4d06c3ce0eb6b62233f4128fdb1c3b0f
model:LGT728D iter 131650: loss 1.3501, time 3879.84ms, mfu 0.89%
model:LGT728D iter 131660: loss 1.3290, time 213.27ms, mfu 0.92%
model:LGT728D iter 131670: loss 1.3226, time 218.78ms, mfu 0.95%
model:LGT728D iter 131680: loss 1.3161, time 227.63ms, mfu 0.97%
model:LGT728D iter 131690: loss 1.4450, time 236.93ms, mfu 0.98%
------average encoder activity 0.00000
-----------average decoder density 0.0000
step 131700: train loss 2.0637, val loss 2.0691
saving checkpoint to out-novel-char_LGT728D_4d06c3ce0eb6b62233f4128fdb1c3b0f
model:LGT728D iter 131700: loss 1.5462, time 3896.04ms, mfu 0.89%
model:LGT728D iter 131710: loss 1.3589, time 160.53ms, mfu 0.97%
model:LGT728D iter 131720: loss 1.2820, time 164.12ms, mfu 1.03%
model:LGT728D iter 131730: loss 1.3347, time 162.15ms, mfu 1.09%
model:LGT728D iter 131740: loss 1.5051, time 224.60ms, mfu 1.09%
------average encoder activity 0.00000
-----------average decoder density 0.0000
step 131750: train loss 2.0807, val loss 2.0551
saving checkpoint to out-novel-char_LGT728D_4d06c3ce0eb6b62233f4128fdb1c3b0f
model:LGT728D iter 131750: loss 1.3880, time 3768.65ms, mfu 0.99%
model:LGT728D iter 131760: loss 1.3210, time 227.53ms, mfu 1.01%
model:LGT728D iter 131770: loss 1.3495, time 232.11ms, mfu 1.02%
model:LGT728D iter 131780: loss 1.4018, time 212.49ms, mfu 1.04%
model:LGT728D iter 131790: loss 1.3099, time 212.75ms, mfu 1.06%
------average encoder activity 0.00000
-----------average decoder density 0.0000
step 131800: train loss 2.0799, val loss 2.0788
saving checkpoint to out-novel-char_LGT728D_4d06c3ce0eb6b62233f4128fdb1c3b0f
model:LGT728D iter 131800: loss 1.4298, time 3921.81ms, mfu 0.96%
model:LGT728D iter 131810: loss 1.4498, time 224.06ms, mfu 0.98%
model:LGT728D iter 131820: loss 1.3016, time 229.42ms, mfu 1.00%
model:LGT728D iter 131830: loss 1.3221, time 214.59ms, mfu 1.02%
model:LGT728D iter 131840: loss 1.2454, time 214.89ms, mfu 1.04%
------average encoder activity 0.00000
-----------average decoder density 0.0000
step 131850: train loss 2.0700, val loss 2.0580
saving checkpoint to out-novel-char_LGT728D_4d06c3ce0eb6b62233f4128fdb1c3b0f
model:LGT728D iter 131850: loss 1.3799, time 3946.68ms, mfu 0.94%
model:LGT728D iter 131860: loss 1.4366, time 235.43ms, mfu 0.96%
model:LGT728D iter 131870: loss 1.3561, time 223.40ms, mfu 0.98%
model:LGT728D iter 131880: loss 1.5138, time 225.31ms, mfu 1.00%
model:LGT728D iter 131890: loss 1.2313, time 214.46ms, mfu 1.02%
------average encoder activity 0.00000
-----------average decoder density 0.0000
step 131900: train loss 2.0807, val loss 2.0719
saving checkpoint to out-novel-char_LGT728D_4d06c3ce0eb6b62233f4128fdb1c3b0f
model:LGT728D iter 131900: loss 1.2785, time 3867.01ms, mfu 0.93%
model:LGT728D iter 131910: loss 1.3101, time 228.50ms, mfu 0.95%
model:LGT728D iter 131920: loss 1.4780, time 233.12ms, mfu 0.96%
model:LGT728D iter 131930: loss 1.4321, time 235.58ms, mfu 0.98%
model:LGT728D iter 131940: loss 1.3374, time 211.35ms, mfu 1.01%
------average encoder activity 0.00000
-----------average decoder density 0.0000
step 131950: train loss 2.0631, val loss 2.0659
saving checkpoint to out-novel-char_LGT728D_4d06c3ce0eb6b62233f4128fdb1c3b0f
model:LGT728D iter 131950: loss 1.3668, time 3767.30ms, mfu 0.91%
model:LGT728D iter 131960: loss 1.3763, time 231.51ms, mfu 0.93%
model:LGT728D iter 131970: loss 1.3005, time 232.89ms, mfu 0.95%
model:LGT728D iter 131980: loss 1.4725, time 235.49ms, mfu 0.97%
model:LGT728D iter 131990: loss 1.3198, time 216.14ms, mfu 0.99%
------average encoder activity 0.00000
-----------average decoder density 0.0000
step 132000: train loss 2.0703, val loss 2.0732
saving checkpoint to out-novel-char_LGT728D_4d06c3ce0eb6b62233f4128fdb1c3b0f
model:LGT728D iter 132000: loss 1.4813, time 3677.14ms, mfu 0.90%
model:LGT728D iter 132010: loss 1.4519, time 238.36ms, mfu 0.92%
model:LGT728D iter 132020: loss 1.4018, time 240.04ms, mfu 0.94%
model:LGT728D iter 132030: loss 1.3926, time 245.19ms, mfu 0.95%
model:LGT728D iter 132040: loss 1.4163, time 241.06ms, mfu 0.96%
------average encoder activity 0.00000
-----------average decoder density 0.0000
step 132050: train loss 2.0918, val loss 2.0659
saving checkpoint to out-novel-char_LGT728D_4d06c3ce0eb6b62233f4128fdb1c3b0f
model:LGT728D iter 132050: loss 1.3485, time 3489.20ms, mfu 0.87%
model:LGT728D iter 132060: loss 1.2745, time 240.32ms, mfu 0.90%
model:LGT728D iter 132070: loss 1.3518, time 241.32ms, mfu 0.92%
model:LGT728D iter 132080: loss 1.3099, time 236.10ms, mfu 0.93%
model:LGT728D iter 132090: loss 1.3105, time 245.35ms, mfu 0.95%
------average encoder activity 0.00000
-----------average decoder density 0.0000
step 132100: train loss 2.0730, val loss 2.0709
saving checkpoint to out-novel-char_LGT728D_4d06c3ce0eb6b62233f4128fdb1c3b0f
model:LGT728D iter 132100: loss 1.3369, time 3420.73ms, mfu 0.86%
model:LGT728D iter 132110: loss 1.3983, time 233.68ms, mfu 0.89%
model:LGT728D iter 132120: loss 1.2302, time 224.39ms, mfu 0.91%
model:LGT728D iter 132130: loss 1.5578, time 230.26ms, mfu 0.94%
model:LGT728D iter 132140: loss 1.3683, time 229.65ms, mfu 0.96%
------average encoder activity 0.00000
-----------average decoder density 0.0000
step 132150: train loss 2.0682, val loss 2.0682
saving checkpoint to out-novel-char_LGT728D_4d06c3ce0eb6b62233f4128fdb1c3b0f
model:LGT728D iter 132150: loss 1.5331, time 3535.37ms, mfu 0.87%
model:LGT728D iter 132160: loss 1.3583, time 220.30ms, mfu 0.90%
model:LGT728D iter 132170: loss 1.5133, time 229.40ms, mfu 0.92%
model:LGT728D iter 132180: loss 1.5003, time 227.93ms, mfu 0.95%
model:LGT728D iter 132190: loss 1.4476, time 226.89ms, mfu 0.97%
------average encoder activity 0.00000
-----------average decoder density 0.0000
step 132200: train loss 2.0722, val loss 2.0612
saving checkpoint to out-novel-char_LGT728D_4d06c3ce0eb6b62233f4128fdb1c3b0f
model:LGT728D iter 132200: loss 1.2612, time 3747.85ms, mfu 0.88%
model:LGT728D iter 132210: loss 1.4149, time 219.82ms, mfu 0.91%
model:LGT728D iter 132220: loss 1.3612, time 231.82ms, mfu 0.93%
model:LGT728D iter 132230: loss 1.3787, time 225.57ms, mfu 0.95%
model:LGT728D iter 132240: loss 1.3119, time 227.15ms, mfu 0.97%
------average encoder activity 0.00000
-----------average decoder density 0.0000
step 132250: train loss 2.0922, val loss 2.0754
saving checkpoint to out-novel-char_LGT728D_4d06c3ce0eb6b62233f4128fdb1c3b0f
model:LGT728D iter 132250: loss 1.4315, time 3826.78ms, mfu 0.88%
model:LGT728D iter 132260: loss 1.4075, time 173.48ms, mfu 0.95%
model:LGT728D iter 132270: loss 1.5043, time 173.07ms, mfu 1.00%
model:LGT728D iter 132280: loss 1.3513, time 179.99ms, mfu 1.05%
model:LGT728D iter 132290: loss 1.3597, time 240.21ms, mfu 1.05%
------average encoder activity 0.00000
-----------average decoder density 0.0000
step 132300: train loss 2.0764, val loss 2.0561
saving checkpoint to out-novel-char_LGT728D_4d06c3ce0eb6b62233f4128fdb1c3b0f
model:LGT728D iter 132300: loss 1.2990, time 4023.65ms, mfu 0.95%
model:LGT728D iter 132310: loss 1.5021, time 242.04ms, mfu 0.97%
model:LGT728D iter 132320: loss 1.3322, time 231.31ms, mfu 0.98%
model:LGT728D iter 132330: loss 1.4409, time 234.26ms, mfu 1.00%
model:LGT728D iter 132340: loss 1.4125, time 236.58ms, mfu 1.01%
------average encoder activity 0.00000
-----------average decoder density 0.0000
step 132350: train loss 2.0694, val loss 2.0673
saving checkpoint to out-novel-char_LGT728D_4d06c3ce0eb6b62233f4128fdb1c3b0f
model:LGT728D iter 132350: loss 1.3962, time 3903.26ms, mfu 0.91%
model:LGT728D iter 132360: loss 1.3974, time 238.97ms, mfu 0.93%
model:LGT728D iter 132370: loss 1.3503, time 231.93ms, mfu 0.95%
model:LGT728D iter 132380: loss 1.4434, time 236.26ms, mfu 0.97%
model:LGT728D iter 132390: loss 1.3871, time 240.83ms, mfu 0.98%
------average encoder activity 0.00000
-----------average decoder density 0.0000
step 132400: train loss 2.0876, val loss 2.0661
saving checkpoint to out-novel-char_LGT728D_4d06c3ce0eb6b62233f4128fdb1c3b0f
model:LGT728D iter 132400: loss 1.4286, time 4121.68ms, mfu 0.89%
model:LGT728D iter 132410: loss 1.2710, time 242.95ms, mfu 0.91%
model:LGT728D iter 132420: loss 1.4923, time 233.84ms, mfu 0.93%
model:LGT728D iter 132430: loss 1.4446, time 231.89ms, mfu 0.95%
model:LGT728D iter 132440: loss 1.3488, time 236.23ms, mfu 0.96%
------average encoder activity 0.00000
-----------average decoder density 0.0000
step 132450: train loss 2.0725, val loss 2.0724
saving checkpoint to out-novel-char_LGT728D_4d06c3ce0eb6b62233f4128fdb1c3b0f
model:LGT728D iter 132450: loss 1.5067, time 4174.95ms, mfu 0.87%
model:LGT728D iter 132460: loss 1.3712, time 240.08ms, mfu 0.90%
model:LGT728D iter 132470: loss 1.4329, time 228.07ms, mfu 0.92%
model:LGT728D iter 132480: loss 1.4377, time 230.47ms, mfu 0.94%
model:LGT728D iter 132490: loss 1.4406, time 230.11ms, mfu 0.96%
------average encoder activity 0.00000
-----------average decoder density 0.0000
step 132500: train loss 2.0610, val loss 2.0639
saving checkpoint to out-novel-char_LGT728D_4d06c3ce0eb6b62233f4128fdb1c3b0f
model:LGT728D iter 132500: loss 1.3777, time 4186.74ms, mfu 0.87%
model:LGT728D iter 132510: loss 1.3423, time 238.73ms, mfu 0.89%
model:LGT728D iter 132520: loss 1.0929, time 229.19ms, mfu 0.92%
model:LGT728D iter 132530: loss 1.4741, time 226.59ms, mfu 0.94%
model:LGT728D iter 132540: loss 1.6027, time 239.31ms, mfu 0.96%
------average encoder activity 0.00000
-----------average decoder density 0.0000
step 132550: train loss 2.0715, val loss 2.0665
saving checkpoint to out-novel-char_LGT728D_4d06c3ce0eb6b62233f4128fdb1c3b0f
model:LGT728D iter 132550: loss 1.4335, time 4346.33ms, mfu 0.87%
model:LGT728D iter 132560: loss 1.3653, time 237.38ms, mfu 0.89%
model:LGT728D iter 132570: loss 1.4112, time 177.46ms, mfu 0.95%
model:LGT728D iter 132580: loss 1.3098, time 173.19ms, mfu 1.01%
model:LGT728D iter 132590: loss 1.2953, time 159.65ms, mfu 1.07%
------average encoder activity 0.00000
-----------average decoder density 0.0000
step 132600: train loss 2.0721, val loss 2.0715
saving checkpoint to out-novel-char_LGT728D_4d06c3ce0eb6b62233f4128fdb1c3b0f
model:LGT728D iter 132600: loss 1.3601, time 4169.85ms, mfu 0.97%
model:LGT728D iter 132610: loss 1.4579, time 233.50ms, mfu 0.98%
model:LGT728D iter 132620: loss 1.4831, time 235.24ms, mfu 1.00%
model:LGT728D iter 132630: loss 1.4311, time 219.53ms, mfu 1.02%
model:LGT728D iter 132640: loss 1.5014, time 214.43ms, mfu 1.04%
------average encoder activity 0.00000
-----------average decoder density 0.0000
step 132650: train loss 2.0876, val loss 2.0776
saving checkpoint to out-novel-char_LGT728D_4d06c3ce0eb6b62233f4128fdb1c3b0f
model:LGT728D iter 132650: loss 1.2567, time 4177.25ms, mfu 0.94%
model:LGT728D iter 132660: loss 1.3322, time 234.17ms, mfu 0.96%
model:LGT728D iter 132670: loss 1.2610, time 233.22ms, mfu 0.97%
model:LGT728D iter 132680: loss 1.3799, time 215.25ms, mfu 1.00%
model:LGT728D iter 132690: loss 1.3737, time 215.72ms, mfu 1.02%
------average encoder activity 0.00000
-----------average decoder density 0.0000
step 132700: train loss 2.0715, val loss 2.0790
saving checkpoint to out-novel-char_LGT728D_4d06c3ce0eb6b62233f4128fdb1c3b0f
model:LGT728D iter 132700: loss 1.2754, time 4255.94ms, mfu 0.92%
model:LGT728D iter 132710: loss 1.3443, time 236.85ms, mfu 0.94%
model:LGT728D iter 132720: loss 1.5108, time 229.92ms, mfu 0.96%
model:LGT728D iter 132730: loss 1.4765, time 201.29ms, mfu 1.00%
model:LGT728D iter 132740: loss 1.4385, time 165.71ms, mfu 1.05%
------average encoder activity 0.00000
-----------average decoder density 0.0000
step 132750: train loss 2.0671, val loss 2.0504
saving checkpoint to out-novel-char_LGT728D_4d06c3ce0eb6b62233f4128fdb1c3b0f
model:LGT728D iter 132750: loss 1.3033, time 4069.10ms, mfu 0.95%
model:LGT728D iter 132760: loss 1.4452, time 231.97ms, mfu 0.97%
model:LGT728D iter 132770: loss 1.4678, time 231.19ms, mfu 0.99%
model:LGT728D iter 132780: loss 1.3915, time 219.51ms, mfu 1.01%
model:LGT728D iter 132790: loss 1.2793, time 236.22ms, mfu 1.02%
------average encoder activity 0.00000
-----------average decoder density 0.0000
step 132800: train loss 2.0807, val loss 2.0729
saving checkpoint to out-novel-char_LGT728D_4d06c3ce0eb6b62233f4128fdb1c3b0f
model:LGT728D iter 132800: loss 1.5376, time 3582.80ms, mfu 0.92%
model:LGT728D iter 132810: loss 1.4634, time 180.98ms, mfu 0.98%
model:LGT728D iter 132820: loss 1.2898, time 231.27ms, mfu 0.99%
model:LGT728D iter 132830: loss 1.2628, time 224.23ms, mfu 1.01%
model:LGT728D iter 132840: loss 1.5942, time 171.97ms, mfu 1.06%
------average encoder activity 0.00000
-----------average decoder density 0.0000
step 132850: train loss 2.0632, val loss 2.0631
saving checkpoint to out-novel-char_LGT728D_4d06c3ce0eb6b62233f4128fdb1c3b0f
model:LGT728D iter 132850: loss 1.4230, time 3571.24ms, mfu 0.96%
model:LGT728D iter 132860: loss 1.3513, time 175.58ms, mfu 1.01%
model:LGT728D iter 132870: loss 1.2984, time 178.81ms, mfu 1.06%
model:LGT728D iter 132880: loss 1.2843, time 183.56ms, mfu 1.10%
model:LGT728D iter 132890: loss 1.4410, time 240.01ms, mfu 1.10%
------average encoder activity 0.00000
-----------average decoder density 0.0000
step 132900: train loss 2.0720, val loss 2.0655
saving checkpoint to out-novel-char_LGT728D_4d06c3ce0eb6b62233f4128fdb1c3b0f
model:LGT728D iter 132900: loss 1.6207, time 4242.04ms, mfu 0.99%
model:LGT728D iter 132910: loss 1.5621, time 233.46ms, mfu 1.01%
model:LGT728D iter 132920: loss 1.4655, time 236.55ms, mfu 1.02%
model:LGT728D iter 132930: loss 1.2953, time 220.62ms, mfu 1.03%
model:LGT728D iter 132940: loss 1.5563, time 227.51ms, mfu 1.04%
------average encoder activity 0.00000
-----------average decoder density 0.0000
step 132950: train loss 2.0677, val loss 2.0550
saving checkpoint to out-novel-char_LGT728D_4d06c3ce0eb6b62233f4128fdb1c3b0f
model:LGT728D iter 132950: loss 1.3497, time 4071.17ms, mfu 0.95%
model:LGT728D iter 132960: loss 1.4008, time 211.81ms, mfu 0.98%
model:LGT728D iter 132970: loss 1.1616, time 229.18ms, mfu 0.99%
model:LGT728D iter 132980: loss 1.4139, time 193.62ms, mfu 1.03%
model:LGT728D iter 132990: loss 1.2770, time 184.96ms, mfu 1.07%
------average encoder activity 0.00000
-----------average decoder density 0.0000
step 133000: train loss 2.0697, val loss 2.0659
saving checkpoint to out-novel-char_LGT728D_4d06c3ce0eb6b62233f4128fdb1c3b0f
model:LGT728D iter 133000: loss 1.3671, time 4010.23ms, mfu 0.97%
model:LGT728D iter 133010: loss 1.3607, time 244.31ms, mfu 0.98%
model:LGT728D iter 133020: loss 1.4833, time 179.08ms, mfu 1.03%
model:LGT728D iter 133030: loss 1.3992, time 178.00ms, mfu 1.07%
model:LGT728D iter 133040: loss 1.4128, time 179.13ms, mfu 1.11%
------average encoder activity 0.00000
-----------average decoder density 0.0000
step 133050: train loss 2.0749, val loss 2.0579
saving checkpoint to out-novel-char_LGT728D_4d06c3ce0eb6b62233f4128fdb1c3b0f
model:LGT728D iter 133050: loss 1.3504, time 4187.61ms, mfu 1.00%
model:LGT728D iter 133060: loss 1.5644, time 185.20ms, mfu 1.05%
model:LGT728D iter 133070: loss 1.4860, time 182.51ms, mfu 1.08%
model:LGT728D iter 133080: loss 1.3689, time 183.91ms, mfu 1.12%
model:LGT728D iter 133090: loss 1.4348, time 175.16ms, mfu 1.16%
------average encoder activity 0.00000
-----------average decoder density 0.0000
step 133100: train loss 2.0851, val loss 2.0582
saving checkpoint to out-novel-char_LGT728D_4d06c3ce0eb6b62233f4128fdb1c3b0f
model:LGT728D iter 133100: loss 1.4887, time 3699.17ms, mfu 1.05%
model:LGT728D iter 133110: loss 1.4125, time 252.65ms, mfu 1.05%
model:LGT728D iter 133120: loss 1.2125, time 237.66ms, mfu 1.05%
model:LGT728D iter 133130: loss 1.3186, time 236.97ms, mfu 1.06%
model:LGT728D iter 133140: loss 1.4570, time 179.44ms, mfu 1.10%
------average encoder activity 0.00000
-----------average decoder density 0.0000
step 133150: train loss 2.0553, val loss 2.0599
saving checkpoint to out-novel-char_LGT728D_4d06c3ce0eb6b62233f4128fdb1c3b0f
model:LGT728D iter 133150: loss 1.4034, time 3394.35ms, mfu 0.99%
model:LGT728D iter 133160: loss 1.2306, time 242.97ms, mfu 1.00%
model:LGT728D iter 133170: loss 1.3770, time 236.17ms, mfu 1.01%
model:LGT728D iter 133180: loss 1.3094, time 190.21ms, mfu 1.05%
model:LGT728D iter 133190: loss 1.3388, time 245.24ms, mfu 1.05%
------average encoder activity 0.00000
-----------average decoder density 0.0000
step 133200: train loss 2.0590, val loss 2.0548
saving checkpoint to out-novel-char_LGT728D_4d06c3ce0eb6b62233f4128fdb1c3b0f
model:LGT728D iter 133200: loss 1.5751, time 3499.51ms, mfu 0.95%
model:LGT728D iter 133210: loss 1.5035, time 172.83ms, mfu 1.01%
model:LGT728D iter 133220: loss 1.2239, time 229.36ms, mfu 1.02%
model:LGT728D iter 133230: loss 1.1861, time 237.34ms, mfu 1.03%
model:LGT728D iter 133240: loss 1.1852, time 231.14ms, mfu 1.04%
------average encoder activity 0.00000
-----------average decoder density 0.0000
step 133250: train loss 2.0765, val loss 2.0538
saving checkpoint to out-novel-char_LGT728D_4d06c3ce0eb6b62233f4128fdb1c3b0f
model:LGT728D iter 133250: loss 1.2364, time 3782.07ms, mfu 0.94%
model:LGT728D iter 133260: loss 1.4041, time 231.37ms, mfu 0.96%
model:LGT728D iter 133270: loss 1.4660, time 182.40ms, mfu 1.01%
model:LGT728D iter 133280: loss 1.3542, time 183.28ms, mfu 1.05%
model:LGT728D iter 133290: loss 1.1962, time 180.61ms, mfu 1.09%
------average encoder activity 0.00000
-----------average decoder density 0.0000
step 133300: train loss 2.0577, val loss 2.0468
saving checkpoint to out-novel-char_LGT728D_4d06c3ce0eb6b62233f4128fdb1c3b0f
model:LGT728D iter 133300: loss 1.4098, time 3926.46ms, mfu 0.99%
model:LGT728D iter 133310: loss 1.4234, time 234.06ms, mfu 1.00%
model:LGT728D iter 133320: loss 1.4838, time 183.65ms, mfu 1.04%
model:LGT728D iter 133330: loss 1.2415, time 178.49ms, mfu 1.09%
model:LGT728D iter 133340: loss 1.3550, time 229.15ms, mfu 1.09%
------average encoder activity 0.00000
-----------average decoder density 0.0000
step 133350: train loss 2.0673, val loss 2.0620
saving checkpoint to out-novel-char_LGT728D_4d06c3ce0eb6b62233f4128fdb1c3b0f
model:LGT728D iter 133350: loss 1.3377, time 4000.93ms, mfu 0.99%
model:LGT728D iter 133360: loss 1.3686, time 244.72ms, mfu 1.00%
model:LGT728D iter 133370: loss 1.3588, time 232.39ms, mfu 1.01%
model:LGT728D iter 133380: loss 1.2845, time 231.46ms, mfu 1.02%
model:LGT728D iter 133390: loss 1.4025, time 244.01ms, mfu 1.03%
------average encoder activity 0.00000
-----------average decoder density 0.0000
step 133400: train loss 2.0789, val loss 2.0551
saving checkpoint to out-novel-char_LGT728D_4d06c3ce0eb6b62233f4128fdb1c3b0f
model:LGT728D iter 133400: loss 1.2459, time 4000.71ms, mfu 0.93%
model:LGT728D iter 133410: loss 1.4146, time 238.36ms, mfu 0.95%
model:LGT728D iter 133420: loss 1.3238, time 231.66ms, mfu 0.97%
model:LGT728D iter 133430: loss 1.4475, time 157.61ms, mfu 1.04%
model:LGT728D iter 133440: loss 1.3900, time 184.09ms, mfu 1.07%
------average encoder activity 0.00000
-----------average decoder density 0.0000
step 133450: train loss 2.0649, val loss 2.0595
saving checkpoint to out-novel-char_LGT728D_4d06c3ce0eb6b62233f4128fdb1c3b0f
model:LGT728D iter 133450: loss 1.3984, time 3915.89ms, mfu 0.97%
model:LGT728D iter 133460: loss 1.5752, time 240.82ms, mfu 0.98%
model:LGT728D iter 133470: loss 1.4364, time 242.80ms, mfu 0.99%
model:LGT728D iter 133480: loss 1.2464, time 240.31ms, mfu 1.00%
model:LGT728D iter 133490: loss 1.4336, time 235.97ms, mfu 1.01%
------average encoder activity 0.00000
-----------average decoder density 0.0000
step 133500: train loss 2.0649, val loss 2.0521
saving checkpoint to out-novel-char_LGT728D_4d06c3ce0eb6b62233f4128fdb1c3b0f
model:LGT728D iter 133500: loss 1.4018, time 4021.37ms, mfu 0.92%
model:LGT728D iter 133510: loss 1.3745, time 242.76ms, mfu 0.94%
model:LGT728D iter 133520: loss 1.2331, time 255.44ms, mfu 0.94%
model:LGT728D iter 133530: loss 1.3221, time 186.31ms, mfu 0.99%
model:LGT728D iter 133540: loss 1.4700, time 179.00ms, mfu 1.04%
------average encoder activity 0.00000
-----------average decoder density 0.0000
step 133550: train loss 2.0749, val loss 2.0549
saving checkpoint to out-novel-char_LGT728D_4d06c3ce0eb6b62233f4128fdb1c3b0f
model:LGT728D iter 133550: loss 1.5875, time 3663.39ms, mfu 0.94%
model:LGT728D iter 133560: loss 1.4509, time 235.82ms, mfu 0.96%
model:LGT728D iter 133570: loss 1.2663, time 246.24ms, mfu 0.97%
model:LGT728D iter 133580: loss 1.4079, time 191.87ms, mfu 1.01%
model:LGT728D iter 133590: loss 1.4412, time 194.28ms, mfu 1.04%
------average encoder activity 0.00000
-----------average decoder density 0.0000
step 133600: train loss 2.0547, val loss 2.0530
saving checkpoint to out-novel-char_LGT728D_4d06c3ce0eb6b62233f4128fdb1c3b0f
model:LGT728D iter 133600: loss 1.4723, time 3608.65ms, mfu 0.94%
model:LGT728D iter 133610: loss 1.1760, time 254.07ms, mfu 0.95%
model:LGT728D iter 133620: loss 1.3936, time 228.71ms, mfu 0.97%
model:LGT728D iter 133630: loss 1.3015, time 232.74ms, mfu 0.99%
model:LGT728D iter 133640: loss 1.4541, time 221.95ms, mfu 1.01%
------average encoder activity 0.00000
-----------average decoder density 0.0000
step 133650: train loss 2.0648, val loss 2.0512
saving checkpoint to out-novel-char_LGT728D_4d06c3ce0eb6b62233f4128fdb1c3b0f
model:LGT728D iter 133650: loss 1.5003, time 3695.90ms, mfu 0.91%
model:LGT728D iter 133660: loss 1.5609, time 244.10ms, mfu 0.93%
model:LGT728D iter 133670: loss 1.3206, time 240.22ms, mfu 0.95%
model:LGT728D iter 133680: loss 1.3337, time 234.12ms, mfu 0.96%
model:LGT728D iter 133690: loss 1.3678, time 197.76ms, mfu 1.00%
------average encoder activity 0.00000
-----------average decoder density 0.0000
step 133700: train loss 2.0686, val loss 2.0446
saving checkpoint to out-novel-char_LGT728D_4d06c3ce0eb6b62233f4128fdb1c3b0f
model:LGT728D iter 133700: loss 1.3044, time 3738.64ms, mfu 0.91%
model:LGT728D iter 133710: loss 1.2914, time 241.94ms, mfu 0.92%
model:LGT728D iter 133720: loss 1.4219, time 240.48ms, mfu 0.94%
model:LGT728D iter 133730: loss 1.4658, time 220.53ms, mfu 0.96%
model:LGT728D iter 133740: loss 1.4642, time 224.35ms, mfu 0.98%
------average encoder activity 0.00000
-----------average decoder density 0.0000
step 133750: train loss 2.0713, val loss 2.0625
saving checkpoint to out-novel-char_LGT728D_4d06c3ce0eb6b62233f4128fdb1c3b0f
model:LGT728D iter 133750: loss 1.6132, time 3812.54ms, mfu 0.89%
model:LGT728D iter 133760: loss 1.4127, time 217.25ms, mfu 0.92%
model:LGT728D iter 133770: loss 1.3291, time 209.88ms, mfu 0.96%
model:LGT728D iter 133780: loss 1.2772, time 229.35ms, mfu 0.97%
model:LGT728D iter 133790: loss 1.3966, time 229.52ms, mfu 0.99%
------average encoder activity 0.00000
-----------average decoder density 0.0000
step 133800: train loss 2.0619, val loss 2.0404
saving checkpoint to out-novel-char_LGT728D_4d06c3ce0eb6b62233f4128fdb1c3b0f
model:LGT728D iter 133800: loss 1.3584, time 4200.21ms, mfu 0.90%
model:LGT728D iter 133810: loss 1.4265, time 232.60ms, mfu 0.92%
model:LGT728D iter 133820: loss 1.2086, time 241.17ms, mfu 0.94%
model:LGT728D iter 133830: loss 1.2366, time 194.42ms, mfu 0.98%
model:LGT728D iter 133840: loss 1.3577, time 236.42ms, mfu 0.99%
------average encoder activity 0.00000
-----------average decoder density 0.0000
step 133850: train loss 2.0536, val loss 2.0499
saving checkpoint to out-novel-char_LGT728D_4d06c3ce0eb6b62233f4128fdb1c3b0f
model:LGT728D iter 133850: loss 1.3517, time 4217.19ms, mfu 0.90%
model:LGT728D iter 133860: loss 1.2384, time 234.54ms, mfu 0.92%
model:LGT728D iter 133870: loss 1.3409, time 236.14ms, mfu 0.94%
model:LGT728D iter 133880: loss 1.4323, time 235.49ms, mfu 0.96%
model:LGT728D iter 133890: loss 1.3819, time 238.63ms, mfu 0.97%
------average encoder activity 0.00000
-----------average decoder density 0.0000
step 133900: train loss 2.0683, val loss 2.0612
saving checkpoint to out-novel-char_LGT728D_4d06c3ce0eb6b62233f4128fdb1c3b0f
model:LGT728D iter 133900: loss 1.4317, time 4151.66ms, mfu 0.88%
model:LGT728D iter 133910: loss 1.2848, time 181.12ms, mfu 0.94%
model:LGT728D iter 133920: loss 1.4453, time 176.36ms, mfu 0.99%
model:LGT728D iter 133930: loss 1.2557, time 187.85ms, mfu 1.03%
model:LGT728D iter 133940: loss 1.3096, time 184.59ms, mfu 1.07%
------average encoder activity 0.00000
-----------average decoder density 0.0000
step 133950: train loss 2.0507, val loss 2.0538
saving checkpoint to out-novel-char_LGT728D_4d06c3ce0eb6b62233f4128fdb1c3b0f
model:LGT728D iter 133950: loss 1.4333, time 4017.85ms, mfu 0.97%
model:LGT728D iter 133960: loss 1.4241, time 241.86ms, mfu 0.98%
model:LGT728D iter 133970: loss 1.5467, time 226.98ms, mfu 1.00%
model:LGT728D iter 133980: loss 1.4322, time 173.36ms, mfu 1.05%
model:LGT728D iter 133990: loss 1.3406, time 181.70ms, mfu 1.09%
------average encoder activity 0.00000
-----------average decoder density 0.0000
step 134000: train loss 2.0655, val loss 2.0464
saving checkpoint to out-novel-char_LGT728D_4d06c3ce0eb6b62233f4128fdb1c3b0f
model:LGT728D iter 134000: loss 1.3044, time 4209.24ms, mfu 0.99%
model:LGT728D iter 134010: loss 1.2304, time 239.56ms, mfu 1.00%
model:LGT728D iter 134020: loss 1.3044, time 230.71ms, mfu 1.01%
model:LGT728D iter 134030: loss 1.3404, time 230.96ms, mfu 1.02%
model:LGT728D iter 134040: loss 1.4664, time 239.89ms, mfu 1.03%
------average encoder activity 0.00000
-----------average decoder density 0.0000
step 134050: train loss 2.0639, val loss 2.0392
saving checkpoint to out-novel-char_LGT728D_4d06c3ce0eb6b62233f4128fdb1c3b0f
model:LGT728D iter 134050: loss 1.3738, time 4166.11ms, mfu 0.93%
model:LGT728D iter 134060: loss 1.2324, time 233.99ms, mfu 0.95%
model:LGT728D iter 134070: loss 1.4589, time 230.04ms, mfu 0.97%
model:LGT728D iter 134080: loss 1.3885, time 173.20ms, mfu 1.02%
model:LGT728D iter 134090: loss 1.2769, time 172.47ms, mfu 1.07%
------average encoder activity 0.00000
-----------average decoder density 0.0000
step 134100: train loss 2.0512, val loss 2.0368
saving checkpoint to out-novel-char_LGT728D_4d06c3ce0eb6b62233f4128fdb1c3b0f
model:LGT728D iter 134100: loss 1.3514, time 4069.84ms, mfu 0.97%
model:LGT728D iter 134110: loss 1.4876, time 168.63ms, mfu 1.03%
model:LGT728D iter 134120: loss 1.3582, time 169.76ms, mfu 1.08%
model:LGT728D iter 134130: loss 1.4095, time 189.73ms, mfu 1.11%
model:LGT728D iter 134140: loss 1.3224, time 157.36ms, mfu 1.17%
------average encoder activity 0.00000
-----------average decoder density 0.0000
step 134150: train loss 2.0419, val loss 2.0498
saving checkpoint to out-novel-char_LGT728D_4d06c3ce0eb6b62233f4128fdb1c3b0f
model:LGT728D iter 134150: loss 1.3886, time 3439.27ms, mfu 1.06%
model:LGT728D iter 134160: loss 1.4052, time 176.46ms, mfu 1.10%
model:LGT728D iter 134170: loss 1.3628, time 227.71ms, mfu 1.10%
model:LGT728D iter 134180: loss 1.4793, time 230.84ms, mfu 1.11%
model:LGT728D iter 134190: loss 1.4253, time 235.90ms, mfu 1.11%
------average encoder activity 0.00000
-----------average decoder density 0.0000
step 134200: train loss 2.0680, val loss 2.0597
saving checkpoint to out-novel-char_LGT728D_4d06c3ce0eb6b62233f4128fdb1c3b0f
model:LGT728D iter 134200: loss 1.3004, time 3455.31ms, mfu 1.00%
model:LGT728D iter 134210: loss 1.2726, time 233.71ms, mfu 1.02%
model:LGT728D iter 134220: loss 1.3623, time 236.08ms, mfu 1.03%
model:LGT728D iter 134230: loss 1.4362, time 230.63ms, mfu 1.04%
model:LGT728D iter 134240: loss 1.3228, time 237.29ms, mfu 1.04%
------average encoder activity 0.00000
-----------average decoder density 0.0000
step 134250: train loss 2.0664, val loss 2.0541
saving checkpoint to out-novel-char_LGT728D_4d06c3ce0eb6b62233f4128fdb1c3b0f
model:LGT728D iter 134250: loss 1.3407, time 3506.94ms, mfu 0.95%
model:LGT728D iter 134260: loss 1.3504, time 222.24ms, mfu 0.97%
model:LGT728D iter 134270: loss 1.4272, time 165.79ms, mfu 1.03%
model:LGT728D iter 134280: loss 1.3916, time 170.93ms, mfu 1.08%
model:LGT728D iter 134290: loss 1.3340, time 166.73ms, mfu 1.13%
------average encoder activity 0.00000
-----------average decoder density 0.0000
step 134300: train loss 2.0548, val loss 2.0432
saving checkpoint to out-novel-char_LGT728D_4d06c3ce0eb6b62233f4128fdb1c3b0f
model:LGT728D iter 134300: loss 1.3838, time 4042.18ms, mfu 1.02%
model:LGT728D iter 134310: loss 1.3968, time 157.14ms, mfu 1.09%
model:LGT728D iter 134320: loss 1.3315, time 161.25ms, mfu 1.14%
model:LGT728D iter 134330: loss 1.4660, time 160.68ms, mfu 1.19%
model:LGT728D iter 134340: loss 1.3731, time 218.34ms, mfu 1.19%
------average encoder activity 0.00000
-----------average decoder density 0.0000
step 134350: train loss 2.0698, val loss 2.0531
saving checkpoint to out-novel-char_LGT728D_4d06c3ce0eb6b62233f4128fdb1c3b0f
model:LGT728D iter 134350: loss 1.3829, time 4238.43ms, mfu 1.08%
model:LGT728D iter 134360: loss 1.4593, time 225.33ms, mfu 1.09%
model:LGT728D iter 134370: loss 1.4538, time 228.36ms, mfu 1.09%
model:LGT728D iter 134380: loss 1.3281, time 162.48ms, mfu 1.14%
model:LGT728D iter 134390: loss 1.3058, time 159.21ms, mfu 1.19%
------average encoder activity 0.00000
-----------average decoder density 0.0000
step 134400: train loss 2.0595, val loss 2.0566
saving checkpoint to out-novel-char_LGT728D_4d06c3ce0eb6b62233f4128fdb1c3b0f
model:LGT728D iter 134400: loss 1.4532, time 4044.06ms, mfu 1.08%
model:LGT728D iter 134410: loss 1.2949, time 187.76ms, mfu 1.11%
model:LGT728D iter 134420: loss 1.4227, time 190.14ms, mfu 1.14%
model:LGT728D iter 134430: loss 1.3863, time 183.13ms, mfu 1.17%
model:LGT728D iter 134440: loss 1.4618, time 184.64ms, mfu 1.19%
------average encoder activity 0.00000
-----------average decoder density 0.0000
step 134450: train loss 2.0567, val loss 2.0615
saving checkpoint to out-novel-char_LGT728D_4d06c3ce0eb6b62233f4128fdb1c3b0f
model:LGT728D iter 134450: loss 1.4513, time 3452.64ms, mfu 1.08%
model:LGT728D iter 134460: loss 1.4419, time 249.64ms, mfu 1.08%
model:LGT728D iter 134470: loss 1.4203, time 182.25ms, mfu 1.11%
model:LGT728D iter 134480: loss 1.5940, time 182.04ms, mfu 1.15%
model:LGT728D iter 134490: loss 1.4238, time 192.97ms, mfu 1.17%
------average encoder activity 0.00000
-----------average decoder density 0.0000
step 134500: train loss 2.0618, val loss 2.0588
saving checkpoint to out-novel-char_LGT728D_4d06c3ce0eb6b62233f4128fdb1c3b0f
model:LGT728D iter 134500: loss 1.3376, time 3844.11ms, mfu 1.06%
model:LGT728D iter 134510: loss 1.3980, time 245.24ms, mfu 1.06%
model:LGT728D iter 134520: loss 1.4359, time 235.76ms, mfu 1.06%
model:LGT728D iter 134530: loss 1.5347, time 202.01ms, mfu 1.09%
model:LGT728D iter 134540: loss 1.5697, time 252.58ms, mfu 1.08%
------average encoder activity 0.00000
-----------average decoder density 0.0000
step 134550: train loss 2.0530, val loss 2.0492
saving checkpoint to out-novel-char_LGT728D_4d06c3ce0eb6b62233f4128fdb1c3b0f
model:LGT728D iter 134550: loss 1.4624, time 3925.64ms, mfu 0.98%
model:LGT728D iter 134560: loss 1.5381, time 234.71ms, mfu 0.99%
model:LGT728D iter 134570: loss 1.4780, time 241.47ms, mfu 1.00%
model:LGT728D iter 134580: loss 1.3187, time 240.03ms, mfu 1.01%
model:LGT728D iter 134590: loss 1.4162, time 240.60ms, mfu 1.02%
------average encoder activity 0.00000
-----------average decoder density 0.0000
step 134600: train loss 2.0570, val loss 2.0457
saving checkpoint to out-novel-char_LGT728D_4d06c3ce0eb6b62233f4128fdb1c3b0f
model:LGT728D iter 134600: loss 1.4695, time 4059.88ms, mfu 0.92%
model:LGT728D iter 134610: loss 1.4239, time 233.84ms, mfu 0.94%
model:LGT728D iter 134620: loss 1.4476, time 244.19ms, mfu 0.96%
model:LGT728D iter 134630: loss 1.2574, time 247.46ms, mfu 0.97%
model:LGT728D iter 134640: loss 1.4157, time 239.28ms, mfu 0.98%
------average encoder activity 0.00000
-----------average decoder density 0.0000
step 134650: train loss 2.0432, val loss 2.0404
saving checkpoint to out-novel-char_LGT728D_4d06c3ce0eb6b62233f4128fdb1c3b0f
model:LGT728D iter 134650: loss 1.4595, time 3950.70ms, mfu 0.89%
model:LGT728D iter 134660: loss 1.4191, time 229.44ms, mfu 0.91%
model:LGT728D iter 134670: loss 1.4183, time 238.18ms, mfu 0.93%
model:LGT728D iter 134680: loss 1.3892, time 234.19ms, mfu 0.95%
model:LGT728D iter 134690: loss 1.5230, time 233.35ms, mfu 0.97%
------average encoder activity 0.00000
-----------average decoder density 0.0000
step 134700: train loss 2.0650, val loss 2.0566
saving checkpoint to out-novel-char_LGT728D_4d06c3ce0eb6b62233f4128fdb1c3b0f
model:LGT728D iter 134700: loss 1.4835, time 4105.13ms, mfu 0.88%
model:LGT728D iter 134710: loss 1.3017, time 209.64ms, mfu 0.91%
model:LGT728D iter 134720: loss 1.3952, time 220.59ms, mfu 0.94%
model:LGT728D iter 134730: loss 1.3646, time 240.55ms, mfu 0.96%
model:LGT728D iter 134740: loss 1.4071, time 230.74ms, mfu 0.97%
------average encoder activity 0.00000
-----------average decoder density 0.0000
step 134750: train loss 2.0594, val loss 2.0643
saving checkpoint to out-novel-char_LGT728D_4d06c3ce0eb6b62233f4128fdb1c3b0f
model:LGT728D iter 134750: loss 1.4169, time 4125.77ms, mfu 0.88%
model:LGT728D iter 134760: loss 1.2824, time 211.34ms, mfu 0.92%
model:LGT728D iter 134770: loss 1.3096, time 175.18ms, mfu 0.98%
model:LGT728D iter 134780: loss 1.1839, time 217.82ms, mfu 1.00%
model:LGT728D iter 134790: loss 1.4524, time 234.71ms, mfu 1.01%
------average encoder activity 0.00000
-----------average decoder density 0.0000
step 134800: train loss 2.0540, val loss 2.0603
saving checkpoint to out-novel-char_LGT728D_4d06c3ce0eb6b62233f4128fdb1c3b0f
model:LGT728D iter 134800: loss 1.3976, time 4109.44ms, mfu 0.92%
model:LGT728D iter 134810: loss 1.4238, time 215.59ms, mfu 0.95%
model:LGT728D iter 134820: loss 1.4864, time 210.44ms, mfu 0.98%
model:LGT728D iter 134830: loss 1.2651, time 218.36ms, mfu 1.00%
model:LGT728D iter 134840: loss 1.6732, time 229.02ms, mfu 1.01%
------average encoder activity 0.00000
-----------average decoder density 0.0000
step 134850: train loss 2.0433, val loss 2.0396
saving checkpoint to out-novel-char_LGT728D_4d06c3ce0eb6b62233f4128fdb1c3b0f
model:LGT728D iter 134850: loss 1.4604, time 4116.43ms, mfu 0.92%
model:LGT728D iter 134860: loss 1.4490, time 239.65ms, mfu 0.93%
model:LGT728D iter 134870: loss 1.2337, time 176.62ms, mfu 0.99%
model:LGT728D iter 134880: loss 1.4147, time 176.33ms, mfu 1.04%
model:LGT728D iter 134890: loss 1.4436, time 254.31ms, mfu 1.04%
------average encoder activity 0.00000
-----------average decoder density 0.0000
step 134900: train loss 2.0577, val loss 2.0533
saving checkpoint to out-novel-char_LGT728D_4d06c3ce0eb6b62233f4128fdb1c3b0f
model:LGT728D iter 134900: loss 1.3795, time 4115.76ms, mfu 0.94%
model:LGT728D iter 134910: loss 1.2422, time 254.64ms, mfu 0.95%
model:LGT728D iter 134920: loss 1.3277, time 228.92ms, mfu 0.97%
model:LGT728D iter 134930: loss 1.4393, time 174.88ms, mfu 1.02%
model:LGT728D iter 134940: loss 1.3962, time 172.79ms, mfu 1.07%
------average encoder activity 0.00000
-----------average decoder density 0.0000
step 134950: train loss 2.0755, val loss 2.0737
saving checkpoint to out-novel-char_LGT728D_4d06c3ce0eb6b62233f4128fdb1c3b0f
model:LGT728D iter 134950: loss 1.4935, time 3904.32ms, mfu 0.97%
model:LGT728D iter 134960: loss 1.4807, time 167.02ms, mfu 1.03%
model:LGT728D iter 134970: loss 1.3102, time 167.04ms, mfu 1.08%
model:LGT728D iter 134980: loss 1.2744, time 220.98ms, mfu 1.09%
model:LGT728D iter 134990: loss 1.4356, time 217.57ms, mfu 1.10%
------average encoder activity 0.00000
-----------average decoder density 0.0000
step 135000: train loss 2.0634, val loss 2.0682
saving checkpoint to out-novel-char_LGT728D_4d06c3ce0eb6b62233f4128fdb1c3b0f
model:LGT728D iter 135000: loss 1.2598, time 3581.68ms, mfu 1.00%
model:LGT728D iter 135010: loss 1.3089, time 233.41ms, mfu 1.01%
model:LGT728D iter 135020: loss 1.6043, time 228.82ms, mfu 1.03%
model:LGT728D iter 135030: loss 1.3674, time 183.62ms, mfu 1.07%
model:LGT728D iter 135040: loss 1.3787, time 174.99ms, mfu 1.11%
------average encoder activity 0.00000
-----------average decoder density 0.0000
step 135050: train loss 2.0589, val loss 2.0517
saving checkpoint to out-novel-char_LGT728D_4d06c3ce0eb6b62233f4128fdb1c3b0f
model:LGT728D iter 135050: loss 1.3391, time 3509.62ms, mfu 1.01%
model:LGT728D iter 135060: loss 1.5182, time 160.95ms, mfu 1.07%
model:LGT728D iter 135070: loss 1.4420, time 235.92ms, mfu 1.07%
model:LGT728D iter 135080: loss 1.3158, time 229.27ms, mfu 1.08%
model:LGT728D iter 135090: loss 1.4344, time 235.86ms, mfu 1.08%
------average encoder activity 0.00000
-----------average decoder density 0.0000
step 135100: train loss 2.0438, val loss 2.0484
saving checkpoint to out-novel-char_LGT728D_4d06c3ce0eb6b62233f4128fdb1c3b0f
model:LGT728D iter 135100: loss 1.3066, time 4030.42ms, mfu 0.98%
model:LGT728D iter 135110: loss 1.2331, time 216.91ms, mfu 1.00%
model:LGT728D iter 135120: loss 1.4479, time 233.18ms, mfu 1.01%
model:LGT728D iter 135130: loss 1.4001, time 235.32ms, mfu 1.02%
model:LGT728D iter 135140: loss 1.3723, time 165.63ms, mfu 1.08%
------average encoder activity 0.00000
-----------average decoder density 0.0000
step 135150: train loss 2.0586, val loss 2.0540
saving checkpoint to out-novel-char_LGT728D_4d06c3ce0eb6b62233f4128fdb1c3b0f
model:LGT728D iter 135150: loss 1.2267, time 4210.66ms, mfu 0.98%
model:LGT728D iter 135160: loss 1.6333, time 157.53ms, mfu 1.05%
model:LGT728D iter 135170: loss 1.4234, time 159.63ms, mfu 1.11%
model:LGT728D iter 135180: loss 1.2852, time 174.95ms, mfu 1.14%
model:LGT728D iter 135190: loss 1.4554, time 230.02ms, mfu 1.14%
------average encoder activity 0.00000
-----------average decoder density 0.0000
step 135200: train loss 2.0576, val loss 2.0634
saving checkpoint to out-novel-char_LGT728D_4d06c3ce0eb6b62233f4128fdb1c3b0f
model:LGT728D iter 135200: loss 1.3218, time 4227.73ms, mfu 1.04%
model:LGT728D iter 135210: loss 1.3770, time 224.19ms, mfu 1.05%
model:LGT728D iter 135220: loss 1.2352, time 217.12ms, mfu 1.06%
model:LGT728D iter 135230: loss 1.4930, time 162.97ms, mfu 1.12%
model:LGT728D iter 135240: loss 1.3210, time 177.49ms, mfu 1.15%
------average encoder activity 0.00000
-----------average decoder density 0.0000
step 135250: train loss 2.0595, val loss 2.0630
saving checkpoint to out-novel-char_LGT728D_4d06c3ce0eb6b62233f4128fdb1c3b0f
model:LGT728D iter 135250: loss 1.2976, time 4179.79ms, mfu 1.05%
model:LGT728D iter 135260: loss 1.3018, time 238.26ms, mfu 1.05%
model:LGT728D iter 135270: loss 1.3560, time 204.15ms, mfu 1.07%
model:LGT728D iter 135280: loss 1.4096, time 159.88ms, mfu 1.13%
model:LGT728D iter 135290: loss 1.4104, time 161.92ms, mfu 1.18%
------average encoder activity 0.00000
-----------average decoder density 0.0000
step 135300: train loss 2.0701, val loss 2.0616
saving checkpoint to out-novel-char_LGT728D_4d06c3ce0eb6b62233f4128fdb1c3b0f
model:LGT728D iter 135300: loss 1.4082, time 4140.25ms, mfu 1.07%
model:LGT728D iter 135310: loss 1.3157, time 217.50ms, mfu 1.08%
model:LGT728D iter 135320: loss 1.3670, time 208.32ms, mfu 1.10%
model:LGT728D iter 135330: loss 1.5541, time 171.98ms, mfu 1.14%
model:LGT728D iter 135340: loss 1.3304, time 215.94ms, mfu 1.15%
------average encoder activity 0.00000
-----------average decoder density 0.0000
step 135350: train loss 2.0683, val loss 2.0565
saving checkpoint to out-novel-char_LGT728D_4d06c3ce0eb6b62233f4128fdb1c3b0f
model:LGT728D iter 135350: loss 1.3074, time 3700.44ms, mfu 1.04%
model:LGT728D iter 135360: loss 1.4234, time 231.34ms, mfu 1.05%
model:LGT728D iter 135370: loss 1.4101, time 222.73ms, mfu 1.06%
model:LGT728D iter 135380: loss 1.3905, time 223.20ms, mfu 1.07%
model:LGT728D iter 135390: loss 1.5694, time 227.16ms, mfu 1.08%
------average encoder activity 0.00000
-----------average decoder density 0.0000
step 135400: train loss 2.0472, val loss 2.0478
saving checkpoint to out-novel-char_LGT728D_4d06c3ce0eb6b62233f4128fdb1c3b0f
model:LGT728D iter 135400: loss 1.4156, time 3434.66ms, mfu 0.98%
model:LGT728D iter 135410: loss 1.3453, time 232.11ms, mfu 1.00%
model:LGT728D iter 135420: loss 1.5353, time 235.57ms, mfu 1.01%
model:LGT728D iter 135430: loss 1.4338, time 216.75ms, mfu 1.03%
model:LGT728D iter 135440: loss 1.2836, time 224.19ms, mfu 1.04%
------average encoder activity 0.00000
-----------average decoder density 0.0000
step 135450: train loss 2.0567, val loss 2.0662
saving checkpoint to out-novel-char_LGT728D_4d06c3ce0eb6b62233f4128fdb1c3b0f
model:LGT728D iter 135450: loss 1.3657, time 3695.85ms, mfu 0.94%
model:LGT728D iter 135460: loss 1.4291, time 229.92ms, mfu 0.96%
model:LGT728D iter 135470: loss 1.4326, time 234.89ms, mfu 0.98%
model:LGT728D iter 135480: loss 1.3736, time 220.89ms, mfu 1.00%
model:LGT728D iter 135490: loss 1.2571, time 231.99ms, mfu 1.01%
------average encoder activity 0.00000
-----------average decoder density 0.0000
step 135500: train loss 2.0619, val loss 2.0441
saving checkpoint to out-novel-char_LGT728D_4d06c3ce0eb6b62233f4128fdb1c3b0f
model:LGT728D iter 135500: loss 1.5154, time 3809.55ms, mfu 0.92%
model:LGT728D iter 135510: loss 1.3925, time 215.14ms, mfu 0.95%
model:LGT728D iter 135520: loss 1.5005, time 224.49ms, mfu 0.97%
model:LGT728D iter 135530: loss 1.4392, time 224.27ms, mfu 0.99%
model:LGT728D iter 135540: loss 1.3094, time 229.89ms, mfu 1.00%
------average encoder activity 0.00000
-----------average decoder density 0.0000
step 135550: train loss 2.0541, val loss 2.0483
saving checkpoint to out-novel-char_LGT728D_4d06c3ce0eb6b62233f4128fdb1c3b0f
model:LGT728D iter 135550: loss 1.4341, time 4059.84ms, mfu 0.91%
model:LGT728D iter 135560: loss 1.4652, time 219.17ms, mfu 0.94%
model:LGT728D iter 135570: loss 1.3144, time 155.68ms, mfu 1.01%
model:LGT728D iter 135580: loss 1.2838, time 227.83ms, mfu 1.03%
model:LGT728D iter 135590: loss 1.3925, time 226.73ms, mfu 1.04%
------average encoder activity 0.00000
-----------average decoder density 0.0000
step 135600: train loss 2.0451, val loss 2.0532
saving checkpoint to out-novel-char_LGT728D_4d06c3ce0eb6b62233f4128fdb1c3b0f
model:LGT728D iter 135600: loss 1.5147, time 4046.60ms, mfu 0.94%
model:LGT728D iter 135610: loss 1.2325, time 209.99ms, mfu 0.97%
model:LGT728D iter 135620: loss 1.4033, time 214.88ms, mfu 1.00%
model:LGT728D iter 135630: loss 1.3502, time 215.30ms, mfu 1.02%
model:LGT728D iter 135640: loss 1.3906, time 225.07ms, mfu 1.03%
------average encoder activity 0.00000
-----------average decoder density 0.0000
step 135650: train loss 2.0424, val loss 2.0374
saving checkpoint to out-novel-char_LGT728D_4d06c3ce0eb6b62233f4128fdb1c3b0f
model:LGT728D iter 135650: loss 1.3364, time 4289.07ms, mfu 0.94%
model:LGT728D iter 135660: loss 1.3229, time 238.82ms, mfu 0.95%
model:LGT728D iter 135670: loss 1.3247, time 229.98ms, mfu 0.97%
model:LGT728D iter 135680: loss 1.3080, time 235.46ms, mfu 0.98%
model:LGT728D iter 135690: loss 1.3714, time 243.81ms, mfu 0.99%
------average encoder activity 0.00000
-----------average decoder density 0.0000
step 135700: train loss 2.0461, val loss 2.0402
saving checkpoint to out-novel-char_LGT728D_4d06c3ce0eb6b62233f4128fdb1c3b0f
model:LGT728D iter 135700: loss 1.2899, time 4044.41ms, mfu 0.90%
model:LGT728D iter 135710: loss 1.4003, time 243.80ms, mfu 0.92%
model:LGT728D iter 135720: loss 1.1739, time 229.84ms, mfu 0.94%
model:LGT728D iter 135730: loss 1.4011, time 230.23ms, mfu 0.96%
model:LGT728D iter 135740: loss 1.3206, time 185.52ms, mfu 1.00%
------average encoder activity 0.00000
-----------average decoder density 0.0000
step 135750: train loss 2.0515, val loss 2.0526
saving checkpoint to out-novel-char_LGT728D_4d06c3ce0eb6b62233f4128fdb1c3b0f
model:LGT728D iter 135750: loss 1.3287, time 3891.19ms, mfu 0.91%
model:LGT728D iter 135760: loss 1.3617, time 180.99ms, mfu 0.96%
model:LGT728D iter 135770: loss 1.3188, time 247.24ms, mfu 0.97%
model:LGT728D iter 135780: loss 1.2454, time 229.40ms, mfu 0.99%
model:LGT728D iter 135790: loss 1.7138, time 227.45ms, mfu 1.01%
------average encoder activity 0.00000
-----------average decoder density 0.0000
step 135800: train loss 2.0640, val loss 2.0582
saving checkpoint to out-novel-char_LGT728D_4d06c3ce0eb6b62233f4128fdb1c3b0f
model:LGT728D iter 135800: loss 1.4235, time 4091.02ms, mfu 0.91%
model:LGT728D iter 135810: loss 1.2898, time 233.28ms, mfu 0.93%
model:LGT728D iter 135820: loss 1.5773, time 249.00ms, mfu 0.95%
model:LGT728D iter 135830: loss 1.3604, time 231.80ms, mfu 0.96%
model:LGT728D iter 135840: loss 1.3082, time 230.52ms, mfu 0.98%
------average encoder activity 0.00000
-----------average decoder density 0.0000
step 135850: train loss 2.0459, val loss 2.0607
saving checkpoint to out-novel-char_LGT728D_4d06c3ce0eb6b62233f4128fdb1c3b0f
model:LGT728D iter 135850: loss 1.4215, time 4068.07ms, mfu 0.89%
model:LGT728D iter 135860: loss 1.5347, time 235.63ms, mfu 0.91%
model:LGT728D iter 135870: loss 1.5298, time 239.38ms, mfu 0.93%
model:LGT728D iter 135880: loss 1.3961, time 226.33ms, mfu 0.95%
model:LGT728D iter 135890: loss 1.4413, time 231.96ms, mfu 0.97%
------average encoder activity 0.00000
-----------average decoder density 0.0000
step 135900: train loss 2.0621, val loss 2.0531
saving checkpoint to out-novel-char_LGT728D_4d06c3ce0eb6b62233f4128fdb1c3b0f
model:LGT728D iter 135900: loss 1.3867, time 4059.01ms, mfu 0.88%
model:LGT728D iter 135910: loss 1.5065, time 184.53ms, mfu 0.93%
model:LGT728D iter 135920: loss 1.2295, time 194.34ms, mfu 0.97%
model:LGT728D iter 135930: loss 1.5170, time 233.18ms, mfu 0.99%
model:LGT728D iter 135940: loss 1.3417, time 230.90ms, mfu 1.00%
------average encoder activity 0.00000
-----------average decoder density 0.0000
step 135950: train loss 2.0575, val loss 2.0424
saving checkpoint to out-novel-char_LGT728D_4d06c3ce0eb6b62233f4128fdb1c3b0f
model:LGT728D iter 135950: loss 1.1790, time 3947.13ms, mfu 0.91%
model:LGT728D iter 135960: loss 1.3246, time 228.47ms, mfu 0.93%
model:LGT728D iter 135970: loss 1.5136, time 243.72ms, mfu 0.95%
model:LGT728D iter 135980: loss 1.4182, time 233.15ms, mfu 0.96%
model:LGT728D iter 135990: loss 1.4082, time 234.18ms, mfu 0.98%
------average encoder activity 0.00000
-----------average decoder density 0.0000
step 136000: train loss 2.0569, val loss 2.0424
saving checkpoint to out-novel-char_LGT728D_4d06c3ce0eb6b62233f4128fdb1c3b0f
model:LGT728D iter 136000: loss 1.2914, time 3877.85ms, mfu 0.89%
model:LGT728D iter 136010: loss 1.5324, time 199.34ms, mfu 0.93%
model:LGT728D iter 136020: loss 1.5352, time 225.17ms, mfu 0.95%
model:LGT728D iter 136030: loss 1.3919, time 242.46ms, mfu 0.97%
model:LGT728D iter 136040: loss 1.3589, time 227.86ms, mfu 0.99%
------average encoder activity 0.00000
-----------average decoder density 0.0000
step 136050: train loss 2.0460, val loss 2.0458
saving checkpoint to out-novel-char_LGT728D_4d06c3ce0eb6b62233f4128fdb1c3b0f
model:LGT728D iter 136050: loss 1.4813, time 3717.25ms, mfu 0.89%
model:LGT728D iter 136060: loss 1.3310, time 212.57ms, mfu 0.93%
model:LGT728D iter 136070: loss 1.2422, time 234.28ms, mfu 0.95%
model:LGT728D iter 136080: loss 1.3823, time 235.41ms, mfu 0.96%
model:LGT728D iter 136090: loss 1.3397, time 236.58ms, mfu 0.98%
------average encoder activity 0.00000
-----------average decoder density 0.0000
step 136100: train loss 2.0490, val loss 2.0435
saving checkpoint to out-novel-char_LGT728D_4d06c3ce0eb6b62233f4128fdb1c3b0f
model:LGT728D iter 136100: loss 1.3916, time 3481.97ms, mfu 0.89%
model:LGT728D iter 136110: loss 1.3760, time 224.18ms, mfu 0.92%
model:LGT728D iter 136120: loss 1.3362, time 232.11ms, mfu 0.94%
model:LGT728D iter 136130: loss 1.3895, time 236.88ms, mfu 0.95%
model:LGT728D iter 136140: loss 1.4699, time 236.86ms, mfu 0.97%
------average encoder activity 0.00000
-----------average decoder density 0.0000
step 136150: train loss 2.0508, val loss 2.0391
saving checkpoint to out-novel-char_LGT728D_4d06c3ce0eb6b62233f4128fdb1c3b0f
model:LGT728D iter 136150: loss 1.3098, time 3619.13ms, mfu 0.88%
model:LGT728D iter 136160: loss 1.4785, time 235.46ms, mfu 0.90%
model:LGT728D iter 136170: loss 1.3332, time 236.28ms, mfu 0.92%
model:LGT728D iter 136180: loss 1.3855, time 229.81ms, mfu 0.94%
model:LGT728D iter 136190: loss 1.5482, time 238.07ms, mfu 0.96%
------average encoder activity 0.00000
-----------average decoder density 0.0000
step 136200: train loss 2.0315, val loss 2.0419
saving checkpoint to out-novel-char_LGT728D_4d06c3ce0eb6b62233f4128fdb1c3b0f
model:LGT728D iter 136200: loss 1.4440, time 3477.65ms, mfu 0.87%
model:LGT728D iter 136210: loss 1.3194, time 236.08ms, mfu 0.89%
model:LGT728D iter 136220: loss 1.3067, time 237.03ms, mfu 0.92%
model:LGT728D iter 136230: loss 1.3125, time 238.38ms, mfu 0.93%
model:LGT728D iter 136240: loss 1.2890, time 241.24ms, mfu 0.95%
------average encoder activity 0.00000
-----------average decoder density 0.0000
step 136250: train loss 2.0464, val loss 2.0417
saving checkpoint to out-novel-char_LGT728D_4d06c3ce0eb6b62233f4128fdb1c3b0f
model:LGT728D iter 136250: loss 1.1982, time 3589.06ms, mfu 0.86%
model:LGT728D iter 136260: loss 1.4134, time 230.70ms, mfu 0.89%
model:LGT728D iter 136270: loss 1.3157, time 180.26ms, mfu 0.95%
model:LGT728D iter 136280: loss 1.4800, time 164.38ms, mfu 1.01%
model:LGT728D iter 136290: loss 1.1993, time 164.76ms, mfu 1.07%
------average encoder activity 0.00000
-----------average decoder density 0.0000
step 136300: train loss 2.0490, val loss 2.0455
saving checkpoint to out-novel-char_LGT728D_4d06c3ce0eb6b62233f4128fdb1c3b0f
model:LGT728D iter 136300: loss 1.4189, time 4158.52ms, mfu 0.97%
model:LGT728D iter 136310: loss 1.3399, time 227.50ms, mfu 0.99%
model:LGT728D iter 136320: loss 1.4602, time 237.90ms, mfu 1.00%
model:LGT728D iter 136330: loss 1.5080, time 237.50ms, mfu 1.01%
model:LGT728D iter 136340: loss 1.2815, time 235.38ms, mfu 1.02%
------average encoder activity 0.00000
-----------average decoder density 0.0000
step 136350: train loss 2.0362, val loss 2.0363
saving checkpoint to out-novel-char_LGT728D_4d06c3ce0eb6b62233f4128fdb1c3b0f
model:LGT728D iter 136350: loss 1.5003, time 4242.83ms, mfu 0.92%
model:LGT728D iter 136360: loss 1.3800, time 227.03ms, mfu 0.95%
model:LGT728D iter 136370: loss 1.3046, time 174.36ms, mfu 1.00%
model:LGT728D iter 136380: loss 1.2988, time 174.16ms, mfu 1.05%
model:LGT728D iter 136390: loss 1.3342, time 231.15ms, mfu 1.06%
------average encoder activity 0.00000
-----------average decoder density 0.0000
step 136400: train loss 2.0399, val loss 2.0471
saving checkpoint to out-novel-char_LGT728D_4d06c3ce0eb6b62233f4128fdb1c3b0f
model:LGT728D iter 136400: loss 1.3483, time 4160.66ms, mfu 0.96%
model:LGT728D iter 136410: loss 1.3217, time 219.11ms, mfu 0.98%
model:LGT728D iter 136420: loss 1.3377, time 214.21ms, mfu 1.01%
model:LGT728D iter 136430: loss 1.3796, time 219.06ms, mfu 1.03%
model:LGT728D iter 136440: loss 1.4692, time 227.39ms, mfu 1.04%
------average encoder activity 0.00000
-----------average decoder density 0.0000
step 136450: train loss 2.0536, val loss 2.0236
saving checkpoint to out-novel-char_LGT728D_4d06c3ce0eb6b62233f4128fdb1c3b0f
model:LGT728D iter 136450: loss 1.3442, time 4156.39ms, mfu 0.94%
model:LGT728D iter 136460: loss 1.4519, time 172.74ms, mfu 1.00%
model:LGT728D iter 136470: loss 1.4332, time 158.17ms, mfu 1.06%
model:LGT728D iter 136480: loss 1.3085, time 159.36ms, mfu 1.12%
model:LGT728D iter 136490: loss 1.3702, time 164.29ms, mfu 1.17%
------average encoder activity 0.00000
-----------average decoder density 0.0000
step 136500: train loss 2.0433, val loss 2.0395
saving checkpoint to out-novel-char_LGT728D_4d06c3ce0eb6b62233f4128fdb1c3b0f
model:LGT728D iter 136500: loss 1.2981, time 4071.15ms, mfu 1.06%
model:LGT728D iter 136510: loss 1.3710, time 222.63ms, mfu 1.07%
model:LGT728D iter 136520: loss 1.2370, time 219.77ms, mfu 1.08%
model:LGT728D iter 136530: loss 1.2342, time 236.26ms, mfu 1.08%
model:LGT728D iter 136540: loss 1.3500, time 220.89ms, mfu 1.09%
------average encoder activity 0.00000
-----------average decoder density 0.0000
step 136550: train loss 2.0414, val loss 2.0353
saving checkpoint to out-novel-char_LGT728D_4d06c3ce0eb6b62233f4128fdb1c3b0f
model:LGT728D iter 136550: loss 1.3441, time 4107.87ms, mfu 0.99%
model:LGT728D iter 136560: loss 1.3658, time 225.58ms, mfu 1.01%
model:LGT728D iter 136570: loss 1.4897, time 221.83ms, mfu 1.03%
model:LGT728D iter 136580: loss 1.3545, time 230.12ms, mfu 1.04%
model:LGT728D iter 136590: loss 1.4531, time 216.43ms, mfu 1.05%
------average encoder activity 0.00000
-----------average decoder density 0.0000
step 136600: train loss 2.0314, val loss 2.0435
saving checkpoint to out-novel-char_LGT728D_4d06c3ce0eb6b62233f4128fdb1c3b0f
model:LGT728D iter 136600: loss 1.3493, time 3817.90ms, mfu 0.96%
model:LGT728D iter 136610: loss 1.2709, time 224.23ms, mfu 0.98%
model:LGT728D iter 136620: loss 1.5048, time 224.93ms, mfu 1.00%
model:LGT728D iter 136630: loss 1.2706, time 227.27ms, mfu 1.01%
model:LGT728D iter 136640: loss 1.3665, time 215.97ms, mfu 1.03%
------average encoder activity 0.00000
-----------average decoder density 0.0000
step 136650: train loss 2.0596, val loss 2.0248
saving checkpoint to out-novel-char_LGT728D_4d06c3ce0eb6b62233f4128fdb1c3b0f
model:LGT728D iter 136650: loss 1.4078, time 3613.32ms, mfu 0.94%
model:LGT728D iter 136660: loss 1.4118, time 221.85ms, mfu 0.96%
model:LGT728D iter 136670: loss 1.5895, time 221.26ms, mfu 0.98%
model:LGT728D iter 136680: loss 1.2494, time 237.24ms, mfu 0.99%
model:LGT728D iter 136690: loss 1.2762, time 234.54ms, mfu 1.01%
------average encoder activity 0.00000
-----------average decoder density 0.0000
step 136700: train loss 2.0288, val loss 2.0376
saving checkpoint to out-novel-char_LGT728D_4d06c3ce0eb6b62233f4128fdb1c3b0f
model:LGT728D iter 136700: loss 1.3944, time 3431.59ms, mfu 0.91%
model:LGT728D iter 136710: loss 1.2653, time 236.43ms, mfu 0.93%
model:LGT728D iter 136720: loss 1.6834, time 219.82ms, mfu 0.96%
model:LGT728D iter 136730: loss 1.4846, time 172.21ms, mfu 1.01%
model:LGT728D iter 136740: loss 1.2499, time 172.16ms, mfu 1.07%
------average encoder activity 0.00000
-----------average decoder density 0.0000
step 136750: train loss 2.0524, val loss 2.0367
saving checkpoint to out-novel-char_LGT728D_4d06c3ce0eb6b62233f4128fdb1c3b0f
model:LGT728D iter 136750: loss 1.4598, time 4007.24ms, mfu 0.97%
model:LGT728D iter 136760: loss 1.4476, time 241.80ms, mfu 0.98%
model:LGT728D iter 136770: loss 1.3849, time 236.74ms, mfu 0.99%
model:LGT728D iter 136780: loss 1.4154, time 238.51ms, mfu 1.00%
model:LGT728D iter 136790: loss 1.4040, time 248.99ms, mfu 1.01%
------average encoder activity 0.00000
-----------average decoder density 0.0000
step 136800: train loss 2.0541, val loss 2.0311
saving checkpoint to out-novel-char_LGT728D_4d06c3ce0eb6b62233f4128fdb1c3b0f
model:LGT728D iter 136800: loss 1.2520, time 3824.34ms, mfu 0.91%
model:LGT728D iter 136810: loss 1.4001, time 215.22ms, mfu 0.94%
model:LGT728D iter 136820: loss 1.3971, time 222.93ms, mfu 0.97%
model:LGT728D iter 136830: loss 1.4261, time 233.40ms, mfu 0.98%
model:LGT728D iter 136840: loss 1.3107, time 235.08ms, mfu 0.99%
------average encoder activity 0.00000
-----------average decoder density 0.0000
step 136850: train loss 2.0275, val loss 2.0326
saving checkpoint to out-novel-char_LGT728D_4d06c3ce0eb6b62233f4128fdb1c3b0f
model:LGT728D iter 136850: loss 1.4697, time 4009.24ms, mfu 0.90%
model:LGT728D iter 136860: loss 1.4125, time 236.57ms, mfu 0.92%
model:LGT728D iter 136870: loss 1.2266, time 227.87ms, mfu 0.94%
model:LGT728D iter 136880: loss 1.5800, time 237.26ms, mfu 0.96%
model:LGT728D iter 136890: loss 1.3619, time 242.03ms, mfu 0.97%
------average encoder activity 0.00000
-----------average decoder density 0.0000
step 136900: train loss 2.0383, val loss 2.0405
saving checkpoint to out-novel-char_LGT728D_4d06c3ce0eb6b62233f4128fdb1c3b0f
model:LGT728D iter 136900: loss 1.3796, time 3995.39ms, mfu 0.88%
model:LGT728D iter 136910: loss 1.5244, time 235.15ms, mfu 0.90%
model:LGT728D iter 136920: loss 1.4071, time 173.31ms, mfu 0.97%
model:LGT728D iter 136930: loss 1.4375, time 189.38ms, mfu 1.01%
model:LGT728D iter 136940: loss 1.2830, time 185.60ms, mfu 1.05%
------average encoder activity 0.00000
-----------average decoder density 0.0000
step 136950: train loss 2.0423, val loss 2.0314
saving checkpoint to out-novel-char_LGT728D_4d06c3ce0eb6b62233f4128fdb1c3b0f
model:LGT728D iter 136950: loss 1.2322, time 4433.96ms, mfu 0.95%
model:LGT728D iter 136960: loss 1.2612, time 165.18ms, mfu 1.01%
model:LGT728D iter 136970: loss 1.3519, time 217.40ms, mfu 1.03%
model:LGT728D iter 136980: loss 1.5266, time 218.72ms, mfu 1.05%
model:LGT728D iter 136990: loss 1.4182, time 232.50ms, mfu 1.06%
------average encoder activity 0.00000
-----------average decoder density 0.0000
step 137000: train loss 2.0480, val loss 2.0350
saving checkpoint to out-novel-char_LGT728D_4d06c3ce0eb6b62233f4128fdb1c3b0f
model:LGT728D iter 137000: loss 1.4223, time 4133.83ms, mfu 0.96%
model:LGT728D iter 137010: loss 1.4125, time 222.39ms, mfu 0.98%
model:LGT728D iter 137020: loss 1.4094, time 216.40ms, mfu 1.00%
model:LGT728D iter 137030: loss 1.3791, time 228.91ms, mfu 1.02%
model:LGT728D iter 137040: loss 1.5702, time 184.05ms, mfu 1.06%
------average encoder activity 0.00000
-----------average decoder density 0.0000
step 137050: train loss 2.0321, val loss 2.0290
saving checkpoint to out-novel-char_LGT728D_4d06c3ce0eb6b62233f4128fdb1c3b0f
model:LGT728D iter 137050: loss 1.3413, time 4185.16ms, mfu 0.96%
model:LGT728D iter 137060: loss 1.4012, time 185.56ms, mfu 1.00%
model:LGT728D iter 137070: loss 1.4283, time 235.34ms, mfu 1.01%
model:LGT728D iter 137080: loss 1.4462, time 181.64ms, mfu 1.06%
model:LGT728D iter 137090: loss 1.3483, time 176.92ms, mfu 1.10%
------average encoder activity 0.00000
-----------average decoder density 0.0000
step 137100: train loss 2.0558, val loss 2.0492
saving checkpoint to out-novel-char_LGT728D_4d06c3ce0eb6b62233f4128fdb1c3b0f
model:LGT728D iter 137100: loss 1.3286, time 3866.23ms, mfu 1.00%
model:LGT728D iter 137110: loss 1.1110, time 184.43ms, mfu 1.04%
model:LGT728D iter 137120: loss 1.4826, time 183.18ms, mfu 1.08%
model:LGT728D iter 137130: loss 1.4151, time 243.28ms, mfu 1.08%
model:LGT728D iter 137140: loss 1.4372, time 239.78ms, mfu 1.08%
------average encoder activity 0.00000
-----------average decoder density 0.0000
step 137150: train loss 2.0416, val loss 2.0323
saving checkpoint to out-novel-char_LGT728D_4d06c3ce0eb6b62233f4128fdb1c3b0f
model:LGT728D iter 137150: loss 1.3120, time 3707.63ms, mfu 0.98%
model:LGT728D iter 137160: loss 1.4920, time 232.63ms, mfu 0.99%
model:LGT728D iter 137170: loss 1.4469, time 239.19ms, mfu 1.00%
model:LGT728D iter 137180: loss 1.6331, time 191.06ms, mfu 1.04%
model:LGT728D iter 137190: loss 1.2582, time 245.67ms, mfu 1.04%
------average encoder activity 0.00000
-----------average decoder density 0.0000
step 137200: train loss 2.0393, val loss 2.0352
saving checkpoint to out-novel-char_LGT728D_4d06c3ce0eb6b62233f4128fdb1c3b0f
model:LGT728D iter 137200: loss 1.3321, time 3466.04ms, mfu 0.95%
model:LGT728D iter 137210: loss 1.4356, time 241.02ms, mfu 0.96%
model:LGT728D iter 137220: loss 1.3287, time 240.23ms, mfu 0.97%
model:LGT728D iter 137230: loss 1.2259, time 241.69ms, mfu 0.98%
model:LGT728D iter 137240: loss 1.2963, time 239.45ms, mfu 0.99%
------average encoder activity 0.00000
-----------average decoder density 0.0000
step 137250: train loss 2.0424, val loss 2.0332
saving checkpoint to out-novel-char_LGT728D_4d06c3ce0eb6b62233f4128fdb1c3b0f
model:LGT728D iter 137250: loss 1.5155, time 3510.95ms, mfu 0.90%
model:LGT728D iter 137260: loss 1.4558, time 175.39ms, mfu 0.96%
model:LGT728D iter 137270: loss 1.4516, time 244.07ms, mfu 0.97%
model:LGT728D iter 137280: loss 1.3473, time 186.01ms, mfu 1.02%
model:LGT728D iter 137290: loss 1.3615, time 242.29ms, mfu 1.02%
------average encoder activity 0.00000
-----------average decoder density 0.0000
step 137300: train loss 2.0327, val loss 2.0453
saving checkpoint to out-novel-char_LGT728D_4d06c3ce0eb6b62233f4128fdb1c3b0f
model:LGT728D iter 137300: loss 1.3925, time 3859.66ms, mfu 0.93%
model:LGT728D iter 137310: loss 1.2568, time 173.60ms, mfu 0.98%
model:LGT728D iter 137320: loss 1.4472, time 185.52ms, mfu 1.03%
model:LGT728D iter 137330: loss 1.3274, time 188.20ms, mfu 1.06%
model:LGT728D iter 137340: loss 1.4754, time 195.68ms, mfu 1.09%
------average encoder activity 0.00000
-----------average decoder density 0.0000
step 137350: train loss 2.0273, val loss 2.0371
saving checkpoint to out-novel-char_LGT728D_4d06c3ce0eb6b62233f4128fdb1c3b0f
model:LGT728D iter 137350: loss 1.5507, time 4083.41ms, mfu 0.99%
model:LGT728D iter 137360: loss 1.4210, time 224.53ms, mfu 1.01%
model:LGT728D iter 137370: loss 1.3726, time 179.42ms, mfu 1.05%
model:LGT728D iter 137380: loss 1.3975, time 170.74ms, mfu 1.10%
model:LGT728D iter 137390: loss 1.3869, time 180.09ms, mfu 1.13%
------average encoder activity 0.00000
-----------average decoder density 0.0000
step 137400: train loss 2.0362, val loss 2.0323
saving checkpoint to out-novel-char_LGT728D_4d06c3ce0eb6b62233f4128fdb1c3b0f
model:LGT728D iter 137400: loss 1.3764, time 4281.57ms, mfu 1.03%
model:LGT728D iter 137410: loss 1.4538, time 237.55ms, mfu 1.03%
model:LGT728D iter 137420: loss 1.5616, time 233.99ms, mfu 1.04%
model:LGT728D iter 137430: loss 1.4251, time 169.82ms, mfu 1.09%
model:LGT728D iter 137440: loss 1.5374, time 158.14ms, mfu 1.15%
------average encoder activity 0.00000
-----------average decoder density 0.0000
step 137450: train loss 2.0417, val loss 2.0429
saving checkpoint to out-novel-char_LGT728D_4d06c3ce0eb6b62233f4128fdb1c3b0f
model:LGT728D iter 137450: loss 1.3869, time 4079.27ms, mfu 1.04%
model:LGT728D iter 137460: loss 1.4890, time 224.76ms, mfu 1.05%
model:LGT728D iter 137470: loss 1.4643, time 226.05ms, mfu 1.06%
model:LGT728D iter 137480: loss 1.3199, time 167.15ms, mfu 1.11%
model:LGT728D iter 137490: loss 1.5447, time 214.49ms, mfu 1.12%
------average encoder activity 0.00000
-----------average decoder density 0.0000
step 137500: train loss 2.0363, val loss 2.0298
saving checkpoint to out-novel-char_LGT728D_4d06c3ce0eb6b62233f4128fdb1c3b0f
model:LGT728D iter 137500: loss 1.4173, time 4140.46ms, mfu 1.02%
model:LGT728D iter 137510: loss 1.7461, time 234.63ms, mfu 1.03%
model:LGT728D iter 137520: loss 1.4059, time 232.42ms, mfu 1.04%
model:LGT728D iter 137530: loss 1.5267, time 225.60ms, mfu 1.05%
model:LGT728D iter 137540: loss 1.2289, time 211.74ms, mfu 1.07%
------average encoder activity 0.00000
-----------average decoder density 0.0000
step 137550: train loss 2.0315, val loss 2.0211
saving checkpoint to out-novel-char_LGT728D_4d06c3ce0eb6b62233f4128fdb1c3b0f
model:LGT728D iter 137550: loss 1.4498, time 3970.99ms, mfu 0.97%
model:LGT728D iter 137560: loss 1.3829, time 227.20ms, mfu 0.99%
model:LGT728D iter 137570: loss 1.4691, time 225.39ms, mfu 1.00%
model:LGT728D iter 137580: loss 1.3971, time 223.17ms, mfu 1.02%
model:LGT728D iter 137590: loss 1.2434, time 209.91ms, mfu 1.04%
------average encoder activity 0.00000
-----------average decoder density 0.0000
step 137600: train loss 2.0345, val loss 2.0334
saving checkpoint to out-novel-char_LGT728D_4d06c3ce0eb6b62233f4128fdb1c3b0f
model:LGT728D iter 137600: loss 1.5037, time 3757.94ms, mfu 0.95%
model:LGT728D iter 137610: loss 1.3817, time 223.56ms, mfu 0.97%
model:LGT728D iter 137620: loss 1.2845, time 214.35ms, mfu 0.99%
model:LGT728D iter 137630: loss 1.3523, time 237.29ms, mfu 1.00%
model:LGT728D iter 137640: loss 1.5068, time 241.04ms, mfu 1.01%
------average encoder activity 0.00000
-----------average decoder density 0.0000
step 137650: train loss 2.0446, val loss 2.0291
saving checkpoint to out-novel-char_LGT728D_4d06c3ce0eb6b62233f4128fdb1c3b0f
model:LGT728D iter 137650: loss 1.3633, time 3481.76ms, mfu 0.92%
model:LGT728D iter 137660: loss 1.3874, time 189.86ms, mfu 0.97%
model:LGT728D iter 137670: loss 1.3284, time 224.17ms, mfu 0.99%
model:LGT728D iter 137680: loss 1.5005, time 218.62ms, mfu 1.01%
model:LGT728D iter 137690: loss 1.3640, time 163.84ms, mfu 1.07%
------average encoder activity 0.00000
-----------average decoder density 0.0000
step 137700: train loss 2.0489, val loss 2.0249
saving checkpoint to out-novel-char_LGT728D_4d06c3ce0eb6b62233f4128fdb1c3b0f
model:LGT728D iter 137700: loss 1.3275, time 3791.79ms, mfu 0.97%
model:LGT728D iter 137710: loss 1.3116, time 158.83ms, mfu 1.03%
model:LGT728D iter 137720: loss 1.3183, time 226.28ms, mfu 1.05%
model:LGT728D iter 137730: loss 1.5446, time 231.87ms, mfu 1.05%
model:LGT728D iter 137740: loss 1.2535, time 217.48ms, mfu 1.07%
------average encoder activity 0.00000
-----------average decoder density 0.0000
step 137750: train loss 2.0458, val loss 2.0560
saving checkpoint to out-novel-char_LGT728D_4d06c3ce0eb6b62233f4128fdb1c3b0f
model:LGT728D iter 137750: loss 1.3495, time 4080.28ms, mfu 0.97%
model:LGT728D iter 137760: loss 1.4026, time 162.99ms, mfu 1.03%
model:LGT728D iter 137770: loss 1.4141, time 161.11ms, mfu 1.09%
model:LGT728D iter 137780: loss 1.2630, time 209.13ms, mfu 1.11%
model:LGT728D iter 137790: loss 1.4631, time 220.89ms, mfu 1.12%
------average encoder activity 0.00000
-----------average decoder density 0.0000
step 137800: train loss 2.0354, val loss 2.0376
saving checkpoint to out-novel-char_LGT728D_4d06c3ce0eb6b62233f4128fdb1c3b0f
model:LGT728D iter 137800: loss 1.5012, time 4091.10ms, mfu 1.01%
model:LGT728D iter 137810: loss 1.3473, time 236.84ms, mfu 1.02%
model:LGT728D iter 137820: loss 1.4001, time 176.59ms, mfu 1.07%
model:LGT728D iter 137830: loss 1.1657, time 176.15ms, mfu 1.11%
model:LGT728D iter 137840: loss 1.2884, time 189.68ms, mfu 1.14%
------average encoder activity 0.00000
-----------average decoder density 0.0000
step 137850: train loss 2.0238, val loss 2.0435
saving checkpoint to out-novel-char_LGT728D_4d06c3ce0eb6b62233f4128fdb1c3b0f
model:LGT728D iter 137850: loss 1.3934, time 3974.67ms, mfu 1.03%
model:LGT728D iter 137860: loss 1.3212, time 252.88ms, mfu 1.03%
model:LGT728D iter 137870: loss 1.2251, time 244.13ms, mfu 1.03%
model:LGT728D iter 137880: loss 1.5306, time 215.83ms, mfu 1.05%
model:LGT728D iter 137890: loss 1.4102, time 175.31ms, mfu 1.10%
------average encoder activity 0.00000
-----------average decoder density 0.0000
step 137900: train loss 2.0389, val loss 2.0167
saving checkpoint to out-novel-char_LGT728D_4d06c3ce0eb6b62233f4128fdb1c3b0f
model:LGT728D iter 137900: loss 1.1984, time 3903.20ms, mfu 0.99%
model:LGT728D iter 137910: loss 1.2295, time 195.89ms, mfu 1.03%
model:LGT728D iter 137920: loss 1.2502, time 218.88ms, mfu 1.04%
model:LGT728D iter 137930: loss 1.2330, time 251.21ms, mfu 1.04%
model:LGT728D iter 137940: loss 1.5466, time 176.33ms, mfu 1.09%
------average encoder activity 0.00000
-----------average decoder density 0.0000
step 137950: train loss 2.0364, val loss 2.0244
saving checkpoint to out-novel-char_LGT728D_4d06c3ce0eb6b62233f4128fdb1c3b0f
model:LGT728D iter 137950: loss 1.2739, time 3554.07ms, mfu 0.99%
model:LGT728D iter 137960: loss 1.3590, time 243.93ms, mfu 0.99%
model:LGT728D iter 137970: loss 1.4585, time 247.06ms, mfu 1.00%
model:LGT728D iter 137980: loss 1.4449, time 247.79ms, mfu 1.01%
model:LGT728D iter 137990: loss 1.5550, time 243.24ms, mfu 1.01%
------average encoder activity 0.00000
-----------average decoder density 0.0000
step 138000: train loss 2.0187, val loss 2.0275
saving checkpoint to out-novel-char_LGT728D_4d06c3ce0eb6b62233f4128fdb1c3b0f
model:LGT728D iter 138000: loss 1.2881, time 3501.21ms, mfu 0.92%
model:LGT728D iter 138010: loss 1.2992, time 244.42ms, mfu 0.93%
model:LGT728D iter 138020: loss 1.3625, time 243.91ms, mfu 0.95%
model:LGT728D iter 138030: loss 1.2938, time 250.35ms, mfu 0.96%
model:LGT728D iter 138040: loss 1.4641, time 185.99ms, mfu 1.00%
------average encoder activity 0.00000
-----------average decoder density 0.0000
step 138050: train loss 2.0380, val loss 2.0232
saving checkpoint to out-novel-char_LGT728D_4d06c3ce0eb6b62233f4128fdb1c3b0f
model:LGT728D iter 138050: loss 1.2874, time 3538.10ms, mfu 0.91%
model:LGT728D iter 138060: loss 1.3639, time 184.00ms, mfu 0.96%
model:LGT728D iter 138070: loss 1.4374, time 194.39ms, mfu 1.00%
model:LGT728D iter 138080: loss 1.3487, time 234.64ms, mfu 1.01%
model:LGT728D iter 138090: loss 1.3897, time 249.15ms, mfu 1.02%
------average encoder activity 0.00000
-----------average decoder density 0.0000
step 138100: train loss 2.0166, val loss 2.0197
saving checkpoint to out-novel-char_LGT728D_4d06c3ce0eb6b62233f4128fdb1c3b0f
model:LGT728D iter 138100: loss 1.4964, time 3925.56ms, mfu 0.92%
model:LGT728D iter 138110: loss 1.4828, time 236.64ms, mfu 0.94%
model:LGT728D iter 138120: loss 1.3327, time 193.88ms, mfu 0.98%
model:LGT728D iter 138130: loss 1.4132, time 250.15ms, mfu 0.99%
model:LGT728D iter 138140: loss 1.4587, time 241.53ms, mfu 1.00%
------average encoder activity 0.00000
-----------average decoder density 0.0000
step 138150: train loss 2.0375, val loss 2.0344
saving checkpoint to out-novel-char_LGT728D_4d06c3ce0eb6b62233f4128fdb1c3b0f
model:LGT728D iter 138150: loss 1.3122, time 3954.52ms, mfu 0.90%
model:LGT728D iter 138160: loss 1.2779, time 179.85ms, mfu 0.96%
model:LGT728D iter 138170: loss 1.3325, time 165.49ms, mfu 1.02%
model:LGT728D iter 138180: loss 1.3974, time 170.55ms, mfu 1.07%
model:LGT728D iter 138190: loss 1.4532, time 245.16ms, mfu 1.07%
------average encoder activity 0.00000
-----------average decoder density 0.0000
step 138200: train loss 2.0303, val loss 2.0297
saving checkpoint to out-novel-char_LGT728D_4d06c3ce0eb6b62233f4128fdb1c3b0f
model:LGT728D iter 138200: loss 1.3040, time 3835.63ms, mfu 0.97%
model:LGT728D iter 138210: loss 1.4529, time 240.08ms, mfu 0.98%
model:LGT728D iter 138220: loss 1.3934, time 243.41ms, mfu 0.99%
model:LGT728D iter 138230: loss 1.1848, time 230.47ms, mfu 1.01%
model:LGT728D iter 138240: loss 1.3798, time 250.51ms, mfu 1.01%
------average encoder activity 0.00000
-----------average decoder density 0.0000
step 138250: train loss 2.0427, val loss 2.0361
saving checkpoint to out-novel-char_LGT728D_4d06c3ce0eb6b62233f4128fdb1c3b0f
model:LGT728D iter 138250: loss 1.3585, time 3977.70ms, mfu 0.92%
model:LGT728D iter 138260: loss 1.3150, time 245.50ms, mfu 0.93%
model:LGT728D iter 138270: loss 1.3410, time 238.71ms, mfu 0.95%
model:LGT728D iter 138280: loss 1.4478, time 160.63ms, mfu 1.02%
model:LGT728D iter 138290: loss 1.4319, time 173.84ms, mfu 1.06%
------average encoder activity 0.00000
-----------average decoder density 0.0000
step 138300: train loss 2.0309, val loss 2.0279
saving checkpoint to out-novel-char_LGT728D_4d06c3ce0eb6b62233f4128fdb1c3b0f
model:LGT728D iter 138300: loss 1.3231, time 4055.67ms, mfu 0.96%
model:LGT728D iter 138310: loss 1.3343, time 253.45ms, mfu 0.97%
model:LGT728D iter 138320: loss 1.1644, time 234.09ms, mfu 0.99%
model:LGT728D iter 138330: loss 1.3750, time 247.95ms, mfu 0.99%
model:LGT728D iter 138340: loss 1.3151, time 178.83ms, mfu 1.04%
------average encoder activity 0.00000
-----------average decoder density 0.0000
step 138350: train loss 2.0392, val loss 2.0259
saving checkpoint to out-novel-char_LGT728D_4d06c3ce0eb6b62233f4128fdb1c3b0f
model:LGT728D iter 138350: loss 1.3015, time 3893.19ms, mfu 0.94%
model:LGT728D iter 138360: loss 1.3672, time 186.19ms, mfu 0.99%
model:LGT728D iter 138370: loss 1.4444, time 182.30ms, mfu 1.03%
model:LGT728D iter 138380: loss 1.3541, time 185.54ms, mfu 1.07%
model:LGT728D iter 138390: loss 1.4518, time 248.81ms, mfu 1.07%
------average encoder activity 0.00000
-----------average decoder density 0.0000
step 138400: train loss 2.0313, val loss 2.0208
saving checkpoint to out-novel-char_LGT728D_4d06c3ce0eb6b62233f4128fdb1c3b0f
model:LGT728D iter 138400: loss 1.4028, time 3384.88ms, mfu 0.97%
model:LGT728D iter 138410: loss 1.4072, time 182.38ms, mfu 1.02%
model:LGT728D iter 138420: loss 1.4302, time 183.80ms, mfu 1.06%
model:LGT728D iter 138430: loss 1.3287, time 242.18ms, mfu 1.06%
model:LGT728D iter 138440: loss 1.4544, time 241.49ms, mfu 1.06%
------average encoder activity 0.00000
-----------average decoder density 0.0000
step 138450: train loss 2.0565, val loss 2.0426
saving checkpoint to out-novel-char_LGT728D_4d06c3ce0eb6b62233f4128fdb1c3b0f
model:LGT728D iter 138450: loss 1.3862, time 3754.33ms, mfu 0.96%
model:LGT728D iter 138460: loss 1.5313, time 212.62ms, mfu 0.99%
model:LGT728D iter 138470: loss 1.4644, time 226.93ms, mfu 1.01%
model:LGT728D iter 138480: loss 1.2891, time 232.58ms, mfu 1.02%
model:LGT728D iter 138490: loss 1.3756, time 229.43ms, mfu 1.03%
------average encoder activity 0.00000
-----------average decoder density 0.0000
step 138500: train loss 2.0295, val loss 2.0186
saving checkpoint to out-novel-char_LGT728D_4d06c3ce0eb6b62233f4128fdb1c3b0f
model:LGT728D iter 138500: loss 1.4646, time 3884.56ms, mfu 0.93%
model:LGT728D iter 138510: loss 1.3782, time 224.65ms, mfu 0.96%
model:LGT728D iter 138520: loss 1.4318, time 210.90ms, mfu 0.99%
model:LGT728D iter 138530: loss 1.3982, time 230.26ms, mfu 1.00%
model:LGT728D iter 138540: loss 1.3130, time 230.69ms, mfu 1.01%
------average encoder activity 0.00000
-----------average decoder density 0.0000
step 138550: train loss 2.0361, val loss 2.0324
saving checkpoint to out-novel-char_LGT728D_4d06c3ce0eb6b62233f4128fdb1c3b0f
model:LGT728D iter 138550: loss 1.3657, time 3832.80ms, mfu 0.92%
model:LGT728D iter 138560: loss 1.3738, time 223.43ms, mfu 0.94%
model:LGT728D iter 138570: loss 1.3545, time 221.58ms, mfu 0.97%
model:LGT728D iter 138580: loss 1.2600, time 224.09ms, mfu 0.99%
model:LGT728D iter 138590: loss 1.3565, time 226.05ms, mfu 1.01%
------average encoder activity 0.00000
-----------average decoder density 0.0000
step 138600: train loss 2.0461, val loss 2.0456
saving checkpoint to out-novel-char_LGT728D_4d06c3ce0eb6b62233f4128fdb1c3b0f
model:LGT728D iter 138600: loss 1.3672, time 3870.99ms, mfu 0.91%
model:LGT728D iter 138610: loss 1.3122, time 229.52ms, mfu 0.93%
model:LGT728D iter 138620: loss 1.3177, time 227.25ms, mfu 0.96%
model:LGT728D iter 138630: loss 1.3224, time 231.93ms, mfu 0.97%
model:LGT728D iter 138640: loss 1.5053, time 227.06ms, mfu 0.99%
------average encoder activity 0.00000
-----------average decoder density 0.0000
step 138650: train loss 2.0385, val loss 2.0321
saving checkpoint to out-novel-char_LGT728D_4d06c3ce0eb6b62233f4128fdb1c3b0f
model:LGT728D iter 138650: loss 1.3676, time 4145.36ms, mfu 0.90%
model:LGT728D iter 138660: loss 1.4020, time 192.82ms, mfu 0.94%
model:LGT728D iter 138670: loss 1.3057, time 181.42ms, mfu 0.99%
model:LGT728D iter 138680: loss 1.3481, time 158.62ms, mfu 1.06%
model:LGT728D iter 138690: loss 1.4694, time 162.78ms, mfu 1.11%
------average encoder activity 0.00000
-----------average decoder density 0.0000
step 138700: train loss 2.0385, val loss 2.0372
saving checkpoint to out-novel-char_LGT728D_4d06c3ce0eb6b62233f4128fdb1c3b0f
model:LGT728D iter 138700: loss 1.3664, time 3739.37ms, mfu 1.01%
model:LGT728D iter 138710: loss 1.4355, time 226.22ms, mfu 1.02%
model:LGT728D iter 138720: loss 1.5236, time 228.99ms, mfu 1.04%
model:LGT728D iter 138730: loss 1.4040, time 237.60ms, mfu 1.04%
model:LGT728D iter 138740: loss 1.2278, time 219.26ms, mfu 1.06%
------average encoder activity 0.00000
-----------average decoder density 0.0000
step 138750: train loss 2.0318, val loss 2.0328
saving checkpoint to out-novel-char_LGT728D_4d06c3ce0eb6b62233f4128fdb1c3b0f
model:LGT728D iter 138750: loss 1.4157, time 3584.54ms, mfu 0.96%
model:LGT728D iter 138760: loss 1.2589, time 173.10ms, mfu 1.01%
model:LGT728D iter 138770: loss 1.3551, time 176.12ms, mfu 1.06%
model:LGT728D iter 138780: loss 1.4537, time 172.36ms, mfu 1.11%
model:LGT728D iter 138790: loss 1.3471, time 232.58ms, mfu 1.11%
------average encoder activity 0.00000
-----------average decoder density 0.0000
step 138800: train loss 2.0209, val loss 2.0265
saving checkpoint to out-novel-char_LGT728D_4d06c3ce0eb6b62233f4128fdb1c3b0f
model:LGT728D iter 138800: loss 1.4200, time 3600.55ms, mfu 1.01%
model:LGT728D iter 138810: loss 1.4201, time 212.73ms, mfu 1.03%
model:LGT728D iter 138820: loss 1.5534, time 233.73ms, mfu 1.04%
model:LGT728D iter 138830: loss 1.2754, time 229.50ms, mfu 1.05%
model:LGT728D iter 138840: loss 1.3718, time 185.39ms, mfu 1.08%
------average encoder activity 0.00000
-----------average decoder density 0.0000
step 138850: train loss 2.0384, val loss 2.0342
saving checkpoint to out-novel-char_LGT728D_4d06c3ce0eb6b62233f4128fdb1c3b0f
model:LGT728D iter 138850: loss 1.4544, time 3966.63ms, mfu 0.98%
model:LGT728D iter 138860: loss 1.2905, time 239.06ms, mfu 0.99%
model:LGT728D iter 138870: loss 1.5192, time 229.87ms, mfu 1.01%
model:LGT728D iter 138880: loss 1.3449, time 240.43ms, mfu 1.02%
model:LGT728D iter 138890: loss 1.4124, time 240.80ms, mfu 1.02%
------average encoder activity 0.00000
-----------average decoder density 0.0000
step 138900: train loss 2.0328, val loss 2.0313
saving checkpoint to out-novel-char_LGT728D_4d06c3ce0eb6b62233f4128fdb1c3b0f
model:LGT728D iter 138900: loss 1.4498, time 3998.47ms, mfu 0.93%
model:LGT728D iter 138910: loss 1.3604, time 229.02ms, mfu 0.95%
model:LGT728D iter 138920: loss 1.1822, time 228.56ms, mfu 0.97%
model:LGT728D iter 138930: loss 1.3904, time 171.53ms, mfu 1.02%
model:LGT728D iter 138940: loss 1.2809, time 172.49ms, mfu 1.07%
------average encoder activity 0.00000
-----------average decoder density 0.0000
step 138950: train loss 2.0466, val loss 2.0345
saving checkpoint to out-novel-char_LGT728D_4d06c3ce0eb6b62233f4128fdb1c3b0f
model:LGT728D iter 138950: loss 1.5106, time 3764.43ms, mfu 0.97%
model:LGT728D iter 138960: loss 1.5527, time 234.90ms, mfu 0.99%
model:LGT728D iter 138970: loss 1.3628, time 227.02ms, mfu 1.00%
model:LGT728D iter 138980: loss 1.2995, time 214.51ms, mfu 1.03%
model:LGT728D iter 138990: loss 1.3237, time 212.04ms, mfu 1.05%
------average encoder activity 0.00000
-----------average decoder density 0.0000
step 139000: train loss 2.0415, val loss 2.0398
saving checkpoint to out-novel-char_LGT728D_4d06c3ce0eb6b62233f4128fdb1c3b0f
model:LGT728D iter 139000: loss 1.3206, time 3825.61ms, mfu 0.95%
model:LGT728D iter 139010: loss 1.2945, time 231.33ms, mfu 0.97%
model:LGT728D iter 139020: loss 1.4446, time 248.64ms, mfu 0.98%
model:LGT728D iter 139030: loss 1.5751, time 217.21ms, mfu 1.00%
model:LGT728D iter 139040: loss 1.4536, time 208.32ms, mfu 1.02%
------average encoder activity 0.00000
-----------average decoder density 0.0000
step 139050: train loss 2.0276, val loss 2.0156
saving checkpoint to out-novel-char_LGT728D_4d06c3ce0eb6b62233f4128fdb1c3b0f
model:LGT728D iter 139050: loss 1.5063, time 4074.92ms, mfu 0.93%
model:LGT728D iter 139060: loss 1.5295, time 187.86ms, mfu 0.97%
model:LGT728D iter 139070: loss 1.3435, time 231.16ms, mfu 0.99%
model:LGT728D iter 139080: loss 1.3036, time 231.22ms, mfu 1.00%
model:LGT728D iter 139090: loss 1.3913, time 166.21ms, mfu 1.06%
------average encoder activity 0.00000
-----------average decoder density 0.0000
step 139100: train loss 2.0488, val loss 2.0365
saving checkpoint to out-novel-char_LGT728D_4d06c3ce0eb6b62233f4128fdb1c3b0f
model:LGT728D iter 139100: loss 1.3664, time 3405.92ms, mfu 0.96%
model:LGT728D iter 139110: loss 1.3725, time 219.21ms, mfu 0.99%
model:LGT728D iter 139120: loss 1.2616, time 229.79ms, mfu 1.00%
model:LGT728D iter 139130: loss 1.3092, time 229.23ms, mfu 1.02%
model:LGT728D iter 139140: loss 1.4765, time 232.32ms, mfu 1.03%
------average encoder activity 0.00000
-----------average decoder density 0.0000
step 139150: train loss 2.0250, val loss 2.0230
saving checkpoint to out-novel-char_LGT728D_4d06c3ce0eb6b62233f4128fdb1c3b0f
model:LGT728D iter 139150: loss 1.4166, time 3500.19ms, mfu 0.93%
model:LGT728D iter 139160: loss 1.3858, time 162.11ms, mfu 1.00%
model:LGT728D iter 139170: loss 1.4409, time 223.99ms, mfu 1.02%
model:LGT728D iter 139180: loss 1.5136, time 247.82ms, mfu 1.02%
model:LGT728D iter 139190: loss 1.3690, time 196.09ms, mfu 1.05%
------average encoder activity 0.00000
-----------average decoder density 0.0000
step 139200: train loss 2.0416, val loss 2.0216
saving checkpoint to out-novel-char_LGT728D_4d06c3ce0eb6b62233f4128fdb1c3b0f
model:LGT728D iter 139200: loss 1.3814, time 3816.18ms, mfu 0.95%
model:LGT728D iter 139210: loss 1.3171, time 162.05ms, mfu 1.02%
model:LGT728D iter 139220: loss 1.3033, time 168.29ms, mfu 1.07%
model:LGT728D iter 139230: loss 1.4727, time 171.23ms, mfu 1.12%
model:LGT728D iter 139240: loss 1.3920, time 229.41ms, mfu 1.12%
------average encoder activity 0.00000
-----------average decoder density 0.0000
step 139250: train loss 2.0285, val loss 2.0286
saving checkpoint to out-novel-char_LGT728D_4d06c3ce0eb6b62233f4128fdb1c3b0f
model:LGT728D iter 139250: loss 1.4556, time 3889.42ms, mfu 1.02%
model:LGT728D iter 139260: loss 1.2923, time 247.99ms, mfu 1.02%
model:LGT728D iter 139270: loss 1.3359, time 239.50ms, mfu 1.03%
model:LGT728D iter 139280: loss 1.3881, time 218.43ms, mfu 1.04%
model:LGT728D iter 139290: loss 1.2434, time 214.01ms, mfu 1.06%
------average encoder activity 0.00000
-----------average decoder density 0.0000
step 139300: train loss 2.0424, val loss 2.0201
saving checkpoint to out-novel-char_LGT728D_4d06c3ce0eb6b62233f4128fdb1c3b0f
model:LGT728D iter 139300: loss 1.4602, time 3787.19ms, mfu 0.96%
model:LGT728D iter 139310: loss 1.3886, time 232.59ms, mfu 0.98%
model:LGT728D iter 139320: loss 1.3559, time 231.66ms, mfu 0.99%
model:LGT728D iter 139330: loss 1.5639, time 224.33ms, mfu 1.01%
model:LGT728D iter 139340: loss 1.5230, time 233.72ms, mfu 1.02%
------average encoder activity 0.00000
-----------average decoder density 0.0000
step 139350: train loss 2.0306, val loss 2.0102
saving checkpoint to out-novel-char_LGT728D_4d06c3ce0eb6b62233f4128fdb1c3b0f
model:LGT728D iter 139350: loss 1.3798, time 4389.46ms, mfu 0.93%
model:LGT728D iter 139360: loss 1.5179, time 248.24ms, mfu 0.94%
model:LGT728D iter 139370: loss 1.4505, time 252.03ms, mfu 0.95%
model:LGT728D iter 139380: loss 1.3816, time 184.87ms, mfu 1.00%
model:LGT728D iter 139390: loss 1.3293, time 171.62ms, mfu 1.05%
------average encoder activity 0.00000
-----------average decoder density 0.0000
step 139400: train loss 2.0438, val loss 2.0352
saving checkpoint to out-novel-char_LGT728D_4d06c3ce0eb6b62233f4128fdb1c3b0f
model:LGT728D iter 139400: loss 1.4724, time 3638.36ms, mfu 0.95%
model:LGT728D iter 139410: loss 1.2974, time 220.69ms, mfu 0.97%
model:LGT728D iter 139420: loss 1.5423, time 226.08ms, mfu 0.99%
model:LGT728D iter 139430: loss 1.4518, time 229.04ms, mfu 1.01%
model:LGT728D iter 139440: loss 1.2785, time 230.06ms, mfu 1.02%
------average encoder activity 0.00000
-----------average decoder density 0.0000
step 139450: train loss 2.0320, val loss 2.0301
saving checkpoint to out-novel-char_LGT728D_4d06c3ce0eb6b62233f4128fdb1c3b0f
model:LGT728D iter 139450: loss 1.4276, time 3496.94ms, mfu 0.93%
model:LGT728D iter 139460: loss 1.3138, time 244.97ms, mfu 0.94%
model:LGT728D iter 139470: loss 1.3339, time 194.76ms, mfu 0.98%
model:LGT728D iter 139480: loss 1.3907, time 238.73ms, mfu 0.99%
model:LGT728D iter 139490: loss 1.4143, time 233.93ms, mfu 1.00%
------average encoder activity 0.00000
-----------average decoder density 0.0000
step 139500: train loss 2.0378, val loss 2.0207
saving checkpoint to out-novel-char_LGT728D_4d06c3ce0eb6b62233f4128fdb1c3b0f
model:LGT728D iter 139500: loss 1.3080, time 3771.14ms, mfu 0.91%
model:LGT728D iter 139510: loss 1.2901, time 249.90ms, mfu 0.92%
model:LGT728D iter 139520: loss 1.2294, time 246.61ms, mfu 0.94%
model:LGT728D iter 139530: loss 1.4221, time 180.06ms, mfu 0.99%
model:LGT728D iter 139540: loss 1.5015, time 177.59ms, mfu 1.04%
------average encoder activity 0.00000
-----------average decoder density 0.0000
step 139550: train loss 2.0331, val loss 2.0221
saving checkpoint to out-novel-char_LGT728D_4d06c3ce0eb6b62233f4128fdb1c3b0f
model:LGT728D iter 139550: loss 1.4944, time 3941.12ms, mfu 0.94%
model:LGT728D iter 139560: loss 1.2807, time 175.56ms, mfu 1.00%
model:LGT728D iter 139570: loss 1.3873, time 190.98ms, mfu 1.03%
model:LGT728D iter 139580: loss 1.4592, time 185.06ms, mfu 1.07%
model:LGT728D iter 139590: loss 1.1514, time 173.87ms, mfu 1.11%
------average encoder activity 0.00000
-----------average decoder density 0.0000
step 139600: train loss 2.0350, val loss 2.0233
saving checkpoint to out-novel-char_LGT728D_4d06c3ce0eb6b62233f4128fdb1c3b0f
model:LGT728D iter 139600: loss 1.2847, time 4191.13ms, mfu 1.01%
model:LGT728D iter 139610: loss 1.3415, time 185.96ms, mfu 1.05%
model:LGT728D iter 139620: loss 1.4018, time 174.48ms, mfu 1.09%
model:LGT728D iter 139630: loss 1.4438, time 177.12ms, mfu 1.13%
model:LGT728D iter 139640: loss 1.4279, time 184.46ms, mfu 1.16%
------average encoder activity 0.00000
-----------average decoder density 0.0000
step 139650: train loss 2.0404, val loss 2.0229
saving checkpoint to out-novel-char_LGT728D_4d06c3ce0eb6b62233f4128fdb1c3b0f
model:LGT728D iter 139650: loss 1.4967, time 4024.31ms, mfu 1.05%
model:LGT728D iter 139660: loss 1.3163, time 237.85ms, mfu 1.06%
model:LGT728D iter 139670: loss 1.4507, time 239.78ms, mfu 1.06%
model:LGT728D iter 139680: loss 1.1213, time 182.05ms, mfu 1.10%
model:LGT728D iter 139690: loss 1.4028, time 174.82ms, mfu 1.14%
------average encoder activity 0.00000
-----------average decoder density 0.0000
step 139700: train loss 2.0254, val loss 2.0268
saving checkpoint to out-novel-char_LGT728D_4d06c3ce0eb6b62233f4128fdb1c3b0f
model:LGT728D iter 139700: loss 1.4385, time 4032.27ms, mfu 1.03%
model:LGT728D iter 139710: loss 1.4477, time 239.41ms, mfu 1.04%
model:LGT728D iter 139720: loss 1.4364, time 238.55ms, mfu 1.04%
model:LGT728D iter 139730: loss 1.3128, time 193.82ms, mfu 1.07%
model:LGT728D iter 139740: loss 1.4361, time 174.36ms, mfu 1.12%
------average encoder activity 0.00000
-----------average decoder density 0.0000
step 139750: train loss 2.0316, val loss 2.0277
saving checkpoint to out-novel-char_LGT728D_4d06c3ce0eb6b62233f4128fdb1c3b0f
model:LGT728D iter 139750: loss 1.5314, time 3826.14ms, mfu 1.01%
model:LGT728D iter 139760: loss 1.3928, time 244.43ms, mfu 1.02%
model:LGT728D iter 139770: loss 1.3441, time 241.54ms, mfu 1.02%
model:LGT728D iter 139780: loss 1.2762, time 241.88ms, mfu 1.03%
model:LGT728D iter 139790: loss 1.3835, time 228.41ms, mfu 1.04%
------average encoder activity 0.00000
-----------average decoder density 0.0000
step 139800: train loss 2.0353, val loss 2.0172
saving checkpoint to out-novel-char_LGT728D_4d06c3ce0eb6b62233f4128fdb1c3b0f
model:LGT728D iter 139800: loss 1.2529, time 3675.56ms, mfu 0.94%
model:LGT728D iter 139810: loss 1.5189, time 244.69ms, mfu 0.96%
model:LGT728D iter 139820: loss 1.3961, time 237.96ms, mfu 0.97%
model:LGT728D iter 139830: loss 1.4342, time 249.16ms, mfu 0.98%
model:LGT728D iter 139840: loss 1.2583, time 236.61ms, mfu 0.99%
------average encoder activity 0.00000
-----------average decoder density 0.0000
step 139850: train loss 2.0315, val loss 2.0281
saving checkpoint to out-novel-char_LGT728D_4d06c3ce0eb6b62233f4128fdb1c3b0f
model:LGT728D iter 139850: loss 1.5161, time 3469.30ms, mfu 0.90%
model:LGT728D iter 139860: loss 1.3926, time 244.27ms, mfu 0.92%
model:LGT728D iter 139870: loss 1.3471, time 186.70ms, mfu 0.97%
model:LGT728D iter 139880: loss 1.5152, time 241.29ms, mfu 0.98%
model:LGT728D iter 139890: loss 1.4064, time 238.21ms, mfu 0.99%
------average encoder activity 0.00000
-----------average decoder density 0.0000
step 139900: train loss 2.0393, val loss 2.0217
saving checkpoint to out-novel-char_LGT728D_4d06c3ce0eb6b62233f4128fdb1c3b0f
model:LGT728D iter 139900: loss 1.4188, time 3657.49ms, mfu 0.90%
model:LGT728D iter 139910: loss 1.3615, time 170.90ms, mfu 0.96%
model:LGT728D iter 139920: loss 1.4137, time 241.15ms, mfu 0.97%
model:LGT728D iter 139930: loss 1.4323, time 205.74ms, mfu 1.00%
model:LGT728D iter 139940: loss 1.2985, time 237.01ms, mfu 1.01%
------average encoder activity 0.00000
-----------average decoder density 0.0000
step 139950: train loss 2.0453, val loss 2.0162
saving checkpoint to out-novel-char_LGT728D_4d06c3ce0eb6b62233f4128fdb1c3b0f
model:LGT728D iter 139950: loss 1.2664, time 3956.26ms, mfu 0.92%
model:LGT728D iter 139960: loss 1.3133, time 233.88ms, mfu 0.94%
model:LGT728D iter 139970: loss 1.3359, time 206.64ms, mfu 0.97%
model:LGT728D iter 139980: loss 1.2290, time 228.10ms, mfu 0.99%
model:LGT728D iter 139990: loss 1.5231, time 222.60ms, mfu 1.01%
------average encoder activity 0.00000
-----------average decoder density 0.0000
step 140000: train loss 2.0201, val loss 2.0253
saving checkpoint to out-novel-char_LGT728D_4d06c3ce0eb6b62233f4128fdb1c3b0f
model:LGT728D iter 140000: loss 1.5097, time 4175.63ms, mfu 0.91%
model:LGT728D iter 140010: loss 1.4624, time 233.86ms, mfu 0.93%
model:LGT728D iter 140020: loss 1.5400, time 178.58ms, mfu 0.99%
model:LGT728D iter 140030: loss 1.3596, time 180.34ms, mfu 1.03%
model:LGT728D iter 140040: loss 1.2293, time 230.86ms, mfu 1.04%
------average encoder activity 0.00000
-----------average decoder density 0.0000
step 140050: train loss 2.0245, val loss 2.0205
saving checkpoint to out-novel-char_LGT728D_4d06c3ce0eb6b62233f4128fdb1c3b0f
model:LGT728D iter 140050: loss 1.3143, time 4161.49ms, mfu 0.95%
model:LGT728D iter 140060: loss 1.4082, time 242.44ms, mfu 0.96%
model:LGT728D iter 140070: loss 1.3588, time 240.70ms, mfu 0.97%
model:LGT728D iter 140080: loss 1.1487, time 231.38ms, mfu 0.99%
model:LGT728D iter 140090: loss 1.3028, time 239.44ms, mfu 1.00%
------average encoder activity 0.00000
-----------average decoder density 0.0000
step 140100: train loss 2.0294, val loss 2.0184
saving checkpoint to out-novel-char_LGT728D_4d06c3ce0eb6b62233f4128fdb1c3b0f
model:LGT728D iter 140100: loss 1.4029, time 4208.51ms, mfu 0.90%
model:LGT728D iter 140110: loss 1.3980, time 188.70ms, mfu 0.95%
model:LGT728D iter 140120: loss 1.3636, time 179.10ms, mfu 1.00%
model:LGT728D iter 140130: loss 1.2544, time 178.39ms, mfu 1.05%
model:LGT728D iter 140140: loss 1.3421, time 191.00ms, mfu 1.08%
------average encoder activity 0.00000
-----------average decoder density 0.0000
step 140150: train loss 2.0162, val loss 1.9971
saving checkpoint to out-novel-char_LGT728D_4d06c3ce0eb6b62233f4128fdb1c3b0f
model:LGT728D iter 140150: loss 1.5996, time 4208.48ms, mfu 0.98%
model:LGT728D iter 140160: loss 1.2982, time 249.87ms, mfu 0.99%
model:LGT728D iter 140170: loss 1.4016, time 200.28ms, mfu 1.02%
model:LGT728D iter 140180: loss 1.3978, time 236.48ms, mfu 1.03%
model:LGT728D iter 140190: loss 1.4899, time 224.83ms, mfu 1.04%
------average encoder activity 0.00000
-----------average decoder density 0.0000
step 140200: train loss 2.0271, val loss 2.0172
saving checkpoint to out-novel-char_LGT728D_4d06c3ce0eb6b62233f4128fdb1c3b0f
model:LGT728D iter 140200: loss 1.4536, time 4257.44ms, mfu 0.94%
model:LGT728D iter 140210: loss 1.3985, time 234.91ms, mfu 0.96%
model:LGT728D iter 140220: loss 1.2339, time 203.74ms, mfu 0.99%
model:LGT728D iter 140230: loss 1.3433, time 161.24ms, mfu 1.06%
model:LGT728D iter 140240: loss 1.4134, time 160.91ms, mfu 1.11%
------average encoder activity 0.00000
-----------average decoder density 0.0000
step 140250: train loss 2.0349, val loss 2.0197
saving checkpoint to out-novel-char_LGT728D_4d06c3ce0eb6b62233f4128fdb1c3b0f
model:LGT728D iter 140250: loss 1.4538, time 4211.38ms, mfu 1.01%
model:LGT728D iter 140260: loss 1.2573, time 244.17ms, mfu 1.01%
model:LGT728D iter 140270: loss 1.2302, time 205.84ms, mfu 1.04%
model:LGT728D iter 140280: loss 1.3835, time 246.74ms, mfu 1.04%
model:LGT728D iter 140290: loss 1.3973, time 177.53ms, mfu 1.09%
------average encoder activity 0.00000
-----------average decoder density 0.0000
step 140300: train loss 2.0382, val loss 2.0163
saving checkpoint to out-novel-char_LGT728D_4d06c3ce0eb6b62233f4128fdb1c3b0f
model:LGT728D iter 140300: loss 1.3129, time 3885.68ms, mfu 0.98%
model:LGT728D iter 140310: loss 1.4767, time 243.28ms, mfu 0.99%
model:LGT728D iter 140320: loss 1.3130, time 248.58ms, mfu 1.00%
model:LGT728D iter 140330: loss 1.4033, time 240.31ms, mfu 1.01%
model:LGT728D iter 140340: loss 1.4259, time 174.79ms, mfu 1.06%
------average encoder activity 0.00000
-----------average decoder density 0.0000
step 140350: train loss 2.0139, val loss 2.0202
saving checkpoint to out-novel-char_LGT728D_4d06c3ce0eb6b62233f4128fdb1c3b0f
model:LGT728D iter 140350: loss 1.4022, time 3680.90ms, mfu 0.96%
model:LGT728D iter 140360: loss 1.3709, time 250.54ms, mfu 0.97%
model:LGT728D iter 140370: loss 1.3548, time 250.23ms, mfu 0.97%
model:LGT728D iter 140380: loss 1.3611, time 236.75ms, mfu 0.99%
model:LGT728D iter 140390: loss 1.4474, time 189.03ms, mfu 1.03%
------average encoder activity 0.00000
-----------average decoder density 0.0000
step 140400: train loss 2.0305, val loss 2.0168
saving checkpoint to out-novel-char_LGT728D_4d06c3ce0eb6b62233f4128fdb1c3b0f
model:LGT728D iter 140400: loss 1.3454, time 3444.07ms, mfu 0.93%
model:LGT728D iter 140410: loss 1.5347, time 184.78ms, mfu 0.98%
model:LGT728D iter 140420: loss 1.6060, time 188.94ms, mfu 1.02%
model:LGT728D iter 140430: loss 1.3988, time 193.66ms, mfu 1.05%
model:LGT728D iter 140440: loss 1.2322, time 252.15ms, mfu 1.05%
------average encoder activity 0.00000
-----------average decoder density 0.0000
step 140450: train loss 2.0318, val loss 2.0188
saving checkpoint to out-novel-char_LGT728D_4d06c3ce0eb6b62233f4128fdb1c3b0f
model:LGT728D iter 140450: loss 1.3287, time 3945.67ms, mfu 0.95%
model:LGT728D iter 140460: loss 1.4805, time 237.28ms, mfu 0.97%
model:LGT728D iter 140470: loss 1.2686, time 241.52ms, mfu 0.98%
model:LGT728D iter 140480: loss 1.4954, time 250.18ms, mfu 0.99%
model:LGT728D iter 140490: loss 1.3314, time 245.47ms, mfu 0.99%
------average encoder activity 0.00000
-----------average decoder density 0.0000
step 140500: train loss 2.0174, val loss 2.0217
saving checkpoint to out-novel-char_LGT728D_4d06c3ce0eb6b62233f4128fdb1c3b0f
model:LGT728D iter 140500: loss 1.3848, time 3974.50ms, mfu 0.90%
model:LGT728D iter 140510: loss 1.2617, time 239.06ms, mfu 0.92%
model:LGT728D iter 140520: loss 1.3279, time 242.91ms, mfu 0.94%
model:LGT728D iter 140530: loss 1.4085, time 241.02ms, mfu 0.95%
model:LGT728D iter 140540: loss 1.1798, time 184.87ms, mfu 1.00%
------average encoder activity 0.00000
-----------average decoder density 0.0000
step 140550: train loss 2.0367, val loss 2.0278
saving checkpoint to out-novel-char_LGT728D_4d06c3ce0eb6b62233f4128fdb1c3b0f
model:LGT728D iter 140550: loss 1.5174, time 4098.93ms, mfu 0.90%
model:LGT728D iter 140560: loss 1.3592, time 214.76ms, mfu 0.94%
model:LGT728D iter 140570: loss 1.3669, time 186.54ms, mfu 0.98%
model:LGT728D iter 140580: loss 1.3507, time 252.66ms, mfu 0.99%
model:LGT728D iter 140590: loss 1.4424, time 189.28ms, mfu 1.03%
------average encoder activity 0.00000
-----------average decoder density 0.0000
step 140600: train loss 2.0216, val loss 2.0199
saving checkpoint to out-novel-char_LGT728D_4d06c3ce0eb6b62233f4128fdb1c3b0f
model:LGT728D iter 140600: loss 1.4357, time 4045.75ms, mfu 0.93%
model:LGT728D iter 140610: loss 1.3694, time 234.88ms, mfu 0.95%
model:LGT728D iter 140620: loss 1.5071, time 235.88ms, mfu 0.97%
model:LGT728D iter 140630: loss 1.2121, time 247.30ms, mfu 0.97%
model:LGT728D iter 140640: loss 1.2554, time 237.52ms, mfu 0.99%
------average encoder activity 0.00000
-----------average decoder density 0.0000
step 140650: train loss 2.0259, val loss 2.0206
saving checkpoint to out-novel-char_LGT728D_4d06c3ce0eb6b62233f4128fdb1c3b0f
model:LGT728D iter 140650: loss 1.4124, time 3992.97ms, mfu 0.90%
model:LGT728D iter 140660: loss 1.5844, time 232.74ms, mfu 0.92%
model:LGT728D iter 140670: loss 1.3024, time 231.81ms, mfu 0.94%
model:LGT728D iter 140680: loss 1.3170, time 242.19ms, mfu 0.95%
model:LGT728D iter 140690: loss 1.4126, time 193.18ms, mfu 0.99%
------average encoder activity 0.00000
-----------average decoder density 0.0000
step 140700: train loss 2.0224, val loss 2.0217
saving checkpoint to out-novel-char_LGT728D_4d06c3ce0eb6b62233f4128fdb1c3b0f
model:LGT728D iter 140700: loss 1.4036, time 4034.66ms, mfu 0.90%
model:LGT728D iter 140710: loss 1.3755, time 253.58ms, mfu 0.91%
model:LGT728D iter 140720: loss 1.3362, time 237.97ms, mfu 0.93%
model:LGT728D iter 140730: loss 1.3425, time 230.84ms, mfu 0.95%
model:LGT728D iter 140740: loss 1.4734, time 183.86ms, mfu 1.00%
------average encoder activity 0.00000
-----------average decoder density 0.0000
step 140750: train loss 2.0135, val loss 2.0217
saving checkpoint to out-novel-char_LGT728D_4d06c3ce0eb6b62233f4128fdb1c3b0f
model:LGT728D iter 140750: loss 1.3679, time 4192.23ms, mfu 0.91%
model:LGT728D iter 140760: loss 1.3210, time 239.01ms, mfu 0.92%
model:LGT728D iter 140770: loss 1.3749, time 186.22ms, mfu 0.97%
model:LGT728D iter 140780: loss 1.5343, time 174.87ms, mfu 1.03%
model:LGT728D iter 140790: loss 1.4014, time 174.62ms, mfu 1.07%
------average encoder activity 0.00000
-----------average decoder density 0.0000
step 140800: train loss 2.0238, val loss 2.0155
saving checkpoint to out-novel-char_LGT728D_4d06c3ce0eb6b62233f4128fdb1c3b0f
model:LGT728D iter 140800: loss 1.4645, time 4031.81ms, mfu 0.97%
model:LGT728D iter 140810: loss 1.5216, time 239.01ms, mfu 0.98%
model:LGT728D iter 140820: loss 1.3272, time 249.34ms, mfu 0.99%
model:LGT728D iter 140830: loss 1.3635, time 177.13ms, mfu 1.04%
model:LGT728D iter 140840: loss 1.2380, time 172.59ms, mfu 1.09%
------average encoder activity 0.00000
-----------average decoder density 0.0000
step 140850: train loss 2.0223, val loss 2.0247
saving checkpoint to out-novel-char_LGT728D_4d06c3ce0eb6b62233f4128fdb1c3b0f
model:LGT728D iter 140850: loss 1.1947, time 3915.07ms, mfu 0.99%
model:LGT728D iter 140860: loss 1.3290, time 241.61ms, mfu 0.99%
model:LGT728D iter 140870: loss 1.5034, time 217.61ms, mfu 1.02%
model:LGT728D iter 140880: loss 1.3308, time 228.05ms, mfu 1.03%
model:LGT728D iter 140890: loss 1.4507, time 230.30ms, mfu 1.04%
------average encoder activity 0.00000
-----------average decoder density 0.0000
step 140900: train loss 2.0208, val loss 2.0264
saving checkpoint to out-novel-char_LGT728D_4d06c3ce0eb6b62233f4128fdb1c3b0f
model:LGT728D iter 140900: loss 1.4207, time 3840.51ms, mfu 0.94%
model:LGT728D iter 140910: loss 1.4895, time 244.25ms, mfu 0.96%
model:LGT728D iter 140920: loss 1.4152, time 193.55ms, mfu 1.00%
model:LGT728D iter 140930: loss 1.4827, time 239.10ms, mfu 1.00%
model:LGT728D iter 140940: loss 1.3887, time 188.47ms, mfu 1.04%
------average encoder activity 0.00000
-----------average decoder density 0.0000
step 140950: train loss 2.0180, val loss 2.0305
saving checkpoint to out-novel-char_LGT728D_4d06c3ce0eb6b62233f4128fdb1c3b0f
model:LGT728D iter 140950: loss 1.2768, time 3498.65ms, mfu 0.95%
model:LGT728D iter 140960: loss 1.3224, time 251.98ms, mfu 0.96%
model:LGT728D iter 140970: loss 1.3068, time 249.80ms, mfu 0.96%
model:LGT728D iter 140980: loss 1.1503, time 189.97ms, mfu 1.01%
model:LGT728D iter 140990: loss 1.4287, time 238.10ms, mfu 1.02%
------average encoder activity 0.00000
-----------average decoder density 0.0000
step 141000: train loss 2.0216, val loss 2.0220
saving checkpoint to out-novel-char_LGT728D_4d06c3ce0eb6b62233f4128fdb1c3b0f
model:LGT728D iter 141000: loss 1.2664, time 3435.67ms, mfu 0.92%
model:LGT728D iter 141010: loss 1.3649, time 232.81ms, mfu 0.94%
model:LGT728D iter 141020: loss 1.2940, time 248.19ms, mfu 0.95%
model:LGT728D iter 141030: loss 1.4650, time 249.62ms, mfu 0.96%
model:LGT728D iter 141040: loss 1.4984, time 184.66ms, mfu 1.01%
------average encoder activity 0.00000
-----------average decoder density 0.0000
step 141050: train loss 2.0280, val loss 2.0173
saving checkpoint to out-novel-char_LGT728D_4d06c3ce0eb6b62233f4128fdb1c3b0f
model:LGT728D iter 141050: loss 1.5189, time 3577.31ms, mfu 0.91%
model:LGT728D iter 141060: loss 1.3835, time 181.90ms, mfu 0.97%
model:LGT728D iter 141070: loss 1.4753, time 235.95ms, mfu 0.98%
model:LGT728D iter 141080: loss 1.3745, time 245.11ms, mfu 0.99%
model:LGT728D iter 141090: loss 1.3549, time 235.93ms, mfu 1.00%
------average encoder activity 0.00000
-----------average decoder density 0.0000
step 141100: train loss 2.0305, val loss 2.0238
saving checkpoint to out-novel-char_LGT728D_4d06c3ce0eb6b62233f4128fdb1c3b0f
model:LGT728D iter 141100: loss 1.5179, time 3837.09ms, mfu 0.91%
model:LGT728D iter 141110: loss 1.3332, time 233.55ms, mfu 0.93%
model:LGT728D iter 141120: loss 1.3731, time 246.23ms, mfu 0.94%
model:LGT728D iter 141130: loss 1.3572, time 252.06ms, mfu 0.95%
model:LGT728D iter 141140: loss 1.3165, time 181.05ms, mfu 1.00%
------average encoder activity 0.00000
-----------average decoder density 0.0000
step 141150: train loss 2.0204, val loss 2.0125
saving checkpoint to out-novel-char_LGT728D_4d06c3ce0eb6b62233f4128fdb1c3b0f
model:LGT728D iter 141150: loss 1.4569, time 3993.42ms, mfu 0.91%
model:LGT728D iter 141160: loss 1.4256, time 162.04ms, mfu 0.98%
model:LGT728D iter 141170: loss 1.4063, time 162.86ms, mfu 1.04%
model:LGT728D iter 141180: loss 1.5171, time 177.71ms, mfu 1.08%
model:LGT728D iter 141190: loss 1.6298, time 177.11ms, mfu 1.12%
------average encoder activity 0.00000
-----------average decoder density 0.0000
step 141200: train loss 2.0188, val loss 2.0115
saving checkpoint to out-novel-char_LGT728D_4d06c3ce0eb6b62233f4128fdb1c3b0f
model:LGT728D iter 141200: loss 1.4115, time 3882.15ms, mfu 1.02%
model:LGT728D iter 141210: loss 1.2466, time 173.62ms, mfu 1.07%
model:LGT728D iter 141220: loss 1.4615, time 162.52ms, mfu 1.12%
model:LGT728D iter 141230: loss 1.4918, time 157.25ms, mfu 1.18%
model:LGT728D iter 141240: loss 1.4632, time 161.69ms, mfu 1.22%
------average encoder activity 0.00000
-----------average decoder density 0.0000
step 141250: train loss 2.0309, val loss 2.0134
saving checkpoint to out-novel-char_LGT728D_4d06c3ce0eb6b62233f4128fdb1c3b0f
model:LGT728D iter 141250: loss 1.2793, time 3729.18ms, mfu 1.11%
model:LGT728D iter 141260: loss 1.4032, time 238.15ms, mfu 1.10%
model:LGT728D iter 141270: loss 1.0740, time 241.97ms, mfu 1.10%
model:LGT728D iter 141280: loss 1.4232, time 239.05ms, mfu 1.10%
model:LGT728D iter 141290: loss 1.5363, time 232.35ms, mfu 1.10%
------average encoder activity 0.00000
-----------average decoder density 0.0000
step 141300: train loss 2.0248, val loss 2.0118
saving checkpoint to out-novel-char_LGT728D_4d06c3ce0eb6b62233f4128fdb1c3b0f
model:LGT728D iter 141300: loss 1.4074, time 3664.83ms, mfu 1.00%
model:LGT728D iter 141310: loss 1.4445, time 250.70ms, mfu 1.01%
model:LGT728D iter 141320: loss 1.4436, time 211.17ms, mfu 1.03%
model:LGT728D iter 141330: loss 1.4583, time 236.44ms, mfu 1.04%
model:LGT728D iter 141340: loss 1.3894, time 236.80ms, mfu 1.04%
------average encoder activity 0.00000
-----------average decoder density 0.0000
step 141350: train loss 2.0158, val loss 2.0133
saving checkpoint to out-novel-char_LGT728D_4d06c3ce0eb6b62233f4128fdb1c3b0f
model:LGT728D iter 141350: loss 1.2782, time 3399.55ms, mfu 0.95%
model:LGT728D iter 141360: loss 1.2919, time 242.21ms, mfu 0.96%
model:LGT728D iter 141370: loss 1.3940, time 239.64ms, mfu 0.97%
model:LGT728D iter 141380: loss 1.3362, time 240.58ms, mfu 0.98%
model:LGT728D iter 141390: loss 1.4382, time 195.08ms, mfu 1.02%
------average encoder activity 0.00000
-----------average decoder density 0.0000
step 141400: train loss 2.0282, val loss 2.0252
saving checkpoint to out-novel-char_LGT728D_4d06c3ce0eb6b62233f4128fdb1c3b0f
model:LGT728D iter 141400: loss 1.2005, time 3343.28ms, mfu 0.93%
model:LGT728D iter 141410: loss 1.4900, time 245.27ms, mfu 0.94%
model:LGT728D iter 141420: loss 1.5016, time 235.42ms, mfu 0.96%
model:LGT728D iter 141430: loss 1.3553, time 240.10ms, mfu 0.97%
model:LGT728D iter 141440: loss 1.3707, time 240.73ms, mfu 0.98%
------average encoder activity 0.00000
-----------average decoder density 0.0000
step 141450: train loss 2.0140, val loss 2.0241
saving checkpoint to out-novel-char_LGT728D_4d06c3ce0eb6b62233f4128fdb1c3b0f
model:LGT728D iter 141450: loss 1.3337, time 3432.83ms, mfu 0.89%
model:LGT728D iter 141460: loss 1.5940, time 177.16ms, mfu 0.95%
model:LGT728D iter 141470: loss 1.5149, time 236.21ms, mfu 0.97%
model:LGT728D iter 141480: loss 1.2837, time 182.04ms, mfu 1.01%
model:LGT728D iter 141490: loss 1.6419, time 182.68ms, mfu 1.06%
------average encoder activity 0.00000
-----------average decoder density 0.0000
step 141500: train loss 2.0270, val loss 2.0210
saving checkpoint to out-novel-char_LGT728D_4d06c3ce0eb6b62233f4128fdb1c3b0f
model:LGT728D iter 141500: loss 1.3558, time 3943.68ms, mfu 0.96%
model:LGT728D iter 141510: loss 1.3436, time 166.39ms, mfu 1.02%
model:LGT728D iter 141520: loss 1.3300, time 167.34ms, mfu 1.07%
model:LGT728D iter 141530: loss 1.3394, time 166.47ms, mfu 1.12%
model:LGT728D iter 141540: loss 1.5093, time 236.33ms, mfu 1.12%
------average encoder activity 0.00000
-----------average decoder density 0.0000
step 141550: train loss 2.0224, val loss 2.0114
saving checkpoint to out-novel-char_LGT728D_4d06c3ce0eb6b62233f4128fdb1c3b0f
model:LGT728D iter 141550: loss 1.3430, time 4201.17ms, mfu 1.02%
model:LGT728D iter 141560: loss 1.3216, time 242.34ms, mfu 1.02%
model:LGT728D iter 141570: loss 1.3635, time 238.08ms, mfu 1.03%
model:LGT728D iter 141580: loss 1.3760, time 233.50ms, mfu 1.04%
model:LGT728D iter 141590: loss 1.4608, time 239.28ms, mfu 1.04%
------average encoder activity 0.00000
-----------average decoder density 0.0000
step 141600: train loss 2.0198, val loss 2.0093
saving checkpoint to out-novel-char_LGT728D_4d06c3ce0eb6b62233f4128fdb1c3b0f
model:LGT728D iter 141600: loss 1.3693, time 4405.91ms, mfu 0.95%
model:LGT728D iter 141610: loss 1.4201, time 182.66ms, mfu 0.99%
model:LGT728D iter 141620: loss 1.3834, time 179.31ms, mfu 1.04%
model:LGT728D iter 141630: loss 1.2659, time 175.32ms, mfu 1.09%
model:LGT728D iter 141640: loss 1.3705, time 177.97ms, mfu 1.12%
------average encoder activity 0.00000
-----------average decoder density 0.0000
step 141650: train loss 2.0246, val loss 2.0093
saving checkpoint to out-novel-char_LGT728D_4d06c3ce0eb6b62233f4128fdb1c3b0f
model:LGT728D iter 141650: loss 1.2250, time 4076.94ms, mfu 1.02%
model:LGT728D iter 141660: loss 1.2913, time 245.21ms, mfu 1.02%
model:LGT728D iter 141670: loss 1.4134, time 233.39ms, mfu 1.03%
model:LGT728D iter 141680: loss 1.2741, time 212.47ms, mfu 1.05%
model:LGT728D iter 141690: loss 1.4794, time 226.76ms, mfu 1.06%
------average encoder activity 0.00000
-----------average decoder density 0.0000
step 141700: train loss 2.0308, val loss 2.0196
saving checkpoint to out-novel-char_LGT728D_4d06c3ce0eb6b62233f4128fdb1c3b0f
model:LGT728D iter 141700: loss 1.3843, time 4134.30ms, mfu 0.96%
model:LGT728D iter 141710: loss 1.3470, time 252.47ms, mfu 0.97%
model:LGT728D iter 141720: loss 1.3132, time 241.61ms, mfu 0.98%
model:LGT728D iter 141730: loss 1.5628, time 226.72ms, mfu 1.00%
model:LGT728D iter 141740: loss 1.3088, time 172.02ms, mfu 1.05%
------average encoder activity 0.00000
-----------average decoder density 0.0000
step 141750: train loss 2.0337, val loss 2.0331
saving checkpoint to out-novel-char_LGT728D_4d06c3ce0eb6b62233f4128fdb1c3b0f
model:LGT728D iter 141750: loss 1.3263, time 4171.83ms, mfu 0.95%
model:LGT728D iter 141760: loss 1.2506, time 210.34ms, mfu 0.98%
model:LGT728D iter 141770: loss 1.2251, time 232.73ms, mfu 1.00%
model:LGT728D iter 141780: loss 1.3870, time 228.84ms, mfu 1.01%
model:LGT728D iter 141790: loss 1.2587, time 214.20ms, mfu 1.03%
------average encoder activity 0.00000
-----------average decoder density 0.0000
step 141800: train loss 2.0132, val loss 2.0104
saving checkpoint to out-novel-char_LGT728D_4d06c3ce0eb6b62233f4128fdb1c3b0f
model:LGT728D iter 141800: loss 1.2560, time 3890.75ms, mfu 0.94%
model:LGT728D iter 141810: loss 1.4282, time 227.83ms, mfu 0.96%
model:LGT728D iter 141820: loss 1.3499, time 236.87ms, mfu 0.97%
model:LGT728D iter 141830: loss 1.3774, time 218.29ms, mfu 0.99%
model:LGT728D iter 141840: loss 1.4371, time 219.13ms, mfu 1.01%
------average encoder activity 0.00000
-----------average decoder density 0.0000
step 141850: train loss 2.0381, val loss 2.0142
saving checkpoint to out-novel-char_LGT728D_4d06c3ce0eb6b62233f4128fdb1c3b0f
model:LGT728D iter 141850: loss 1.3753, time 3627.52ms, mfu 0.92%
model:LGT728D iter 141860: loss 1.3430, time 192.51ms, mfu 0.96%
model:LGT728D iter 141870: loss 1.4427, time 245.48ms, mfu 0.97%
model:LGT728D iter 141880: loss 1.3246, time 232.18ms, mfu 0.99%
model:LGT728D iter 141890: loss 1.4456, time 185.18ms, mfu 1.03%
------average encoder activity 0.00000
-----------average decoder density 0.0000
step 141900: train loss 2.0164, val loss 2.0191
saving checkpoint to out-novel-char_LGT728D_4d06c3ce0eb6b62233f4128fdb1c3b0f
model:LGT728D iter 141900: loss 1.2600, time 3457.04ms, mfu 0.94%
model:LGT728D iter 141910: loss 1.3640, time 249.14ms, mfu 0.95%
model:LGT728D iter 141920: loss 1.5476, time 181.24ms, mfu 1.00%
model:LGT728D iter 141930: loss 1.4785, time 179.95ms, mfu 1.04%
model:LGT728D iter 141940: loss 1.4072, time 169.52ms, mfu 1.09%
------average encoder activity 0.00000
-----------average decoder density 0.0000
step 141950: train loss 2.0163, val loss 2.0063
saving checkpoint to out-novel-char_LGT728D_4d06c3ce0eb6b62233f4128fdb1c3b0f
model:LGT728D iter 141950: loss 1.2569, time 3889.95ms, mfu 0.99%
model:LGT728D iter 141960: loss 1.4456, time 160.94ms, mfu 1.05%
model:LGT728D iter 141970: loss 1.4226, time 162.96ms, mfu 1.11%
model:LGT728D iter 141980: loss 1.4848, time 161.44ms, mfu 1.16%
model:LGT728D iter 141990: loss 1.4210, time 228.55ms, mfu 1.16%
------average encoder activity 0.00000
-----------average decoder density 0.0000
step 142000: train loss 2.0329, val loss 2.0227
saving checkpoint to out-novel-char_LGT728D_4d06c3ce0eb6b62233f4128fdb1c3b0f
model:LGT728D iter 142000: loss 1.2257, time 3773.22ms, mfu 1.05%
model:LGT728D iter 142010: loss 1.5382, time 192.88ms, mfu 1.08%
model:LGT728D iter 142020: loss 1.4066, time 190.52ms, mfu 1.11%
model:LGT728D iter 142030: loss 1.4097, time 173.68ms, mfu 1.15%
model:LGT728D iter 142040: loss 1.4294, time 161.44ms, mfu 1.20%
------average encoder activity 0.00000
-----------average decoder density 0.0000
step 142050: train loss 2.0247, val loss 2.0213
saving checkpoint to out-novel-char_LGT728D_4d06c3ce0eb6b62233f4128fdb1c3b0f
model:LGT728D iter 142050: loss 1.3177, time 3779.65ms, mfu 1.08%
model:LGT728D iter 142060: loss 1.5268, time 165.77ms, mfu 1.13%
model:LGT728D iter 142070: loss 1.5566, time 229.66ms, mfu 1.13%
model:LGT728D iter 142080: loss 1.3415, time 231.05ms, mfu 1.13%
model:LGT728D iter 142090: loss 1.3108, time 234.63ms, mfu 1.13%
------average encoder activity 0.00000
-----------average decoder density 0.0000
step 142100: train loss 2.0197, val loss 2.0040
saving checkpoint to out-novel-char_LGT728D_4d06c3ce0eb6b62233f4128fdb1c3b0f
model:LGT728D iter 142100: loss 1.3666, time 3565.84ms, mfu 1.03%
model:LGT728D iter 142110: loss 1.4334, time 222.44ms, mfu 1.04%
model:LGT728D iter 142120: loss 1.4085, time 223.41ms, mfu 1.05%
model:LGT728D iter 142130: loss 1.2700, time 230.53ms, mfu 1.06%
model:LGT728D iter 142140: loss 1.4488, time 225.14ms, mfu 1.07%
------average encoder activity 0.00000
-----------average decoder density 0.0000
step 142150: train loss 2.0276, val loss 2.0099
saving checkpoint to out-novel-char_LGT728D_4d06c3ce0eb6b62233f4128fdb1c3b0f
model:LGT728D iter 142150: loss 1.4137, time 3589.16ms, mfu 0.97%
model:LGT728D iter 142160: loss 1.3632, time 216.87ms, mfu 1.00%
model:LGT728D iter 142170: loss 1.4753, time 228.52ms, mfu 1.01%
model:LGT728D iter 142180: loss 1.3746, time 239.96ms, mfu 1.02%
model:LGT728D iter 142190: loss 1.3007, time 244.62ms, mfu 1.02%
------average encoder activity 0.00000
-----------average decoder density 0.0000
step 142200: train loss 2.0127, val loss 2.0176
saving checkpoint to out-novel-char_LGT728D_4d06c3ce0eb6b62233f4128fdb1c3b0f
model:LGT728D iter 142200: loss 1.5555, time 3647.14ms, mfu 0.93%
model:LGT728D iter 142210: loss 1.3534, time 210.36ms, mfu 0.96%
model:LGT728D iter 142220: loss 1.4744, time 244.59ms, mfu 0.97%
model:LGT728D iter 142230: loss 1.3639, time 242.19ms, mfu 0.98%
model:LGT728D iter 142240: loss 1.3894, time 235.65ms, mfu 0.99%
------average encoder activity 0.00000
-----------average decoder density 0.0000
step 142250: train loss 2.0183, val loss 1.9840
saving checkpoint to out-novel-char_LGT728D_4d06c3ce0eb6b62233f4128fdb1c3b0f
model:LGT728D iter 142250: loss 1.3052, time 4021.17ms, mfu 0.90%
model:LGT728D iter 142260: loss 1.2811, time 177.45ms, mfu 0.96%
model:LGT728D iter 142270: loss 1.4709, time 162.50ms, mfu 1.02%
model:LGT728D iter 142280: loss 1.5058, time 230.40ms, mfu 1.04%
model:LGT728D iter 142290: loss 1.4165, time 230.98ms, mfu 1.05%
------average encoder activity 0.00000
-----------average decoder density 0.0000
step 142300: train loss 2.0133, val loss 2.0073
saving checkpoint to out-novel-char_LGT728D_4d06c3ce0eb6b62233f4128fdb1c3b0f
model:LGT728D iter 142300: loss 1.3497, time 3993.92ms, mfu 0.95%
model:LGT728D iter 142310: loss 1.5888, time 173.53ms, mfu 1.00%
model:LGT728D iter 142320: loss 1.4251, time 177.21ms, mfu 1.05%
model:LGT728D iter 142330: loss 1.4273, time 179.81ms, mfu 1.09%
model:LGT728D iter 142340: loss 1.3817, time 245.51ms, mfu 1.09%
------average encoder activity 0.00000
-----------average decoder density 0.0000
step 142350: train loss 2.0302, val loss 2.0150
saving checkpoint to out-novel-char_LGT728D_4d06c3ce0eb6b62233f4128fdb1c3b0f
model:LGT728D iter 142350: loss 1.3160, time 4086.22ms, mfu 0.99%
model:LGT728D iter 142360: loss 1.3515, time 186.68ms, mfu 1.03%
model:LGT728D iter 142370: loss 1.2522, time 194.08ms, mfu 1.06%
model:LGT728D iter 142380: loss 1.3055, time 178.63ms, mfu 1.10%
model:LGT728D iter 142390: loss 1.3161, time 180.21ms, mfu 1.14%
------average encoder activity 0.00000
-----------average decoder density 0.0000
step 142400: train loss 2.0130, val loss 2.0025
saving checkpoint to out-novel-char_LGT728D_4d06c3ce0eb6b62233f4128fdb1c3b0f
model:LGT728D iter 142400: loss 1.4076, time 4060.72ms, mfu 1.03%
model:LGT728D iter 142410: loss 1.4798, time 190.23ms, mfu 1.06%
model:LGT728D iter 142420: loss 1.3698, time 184.58ms, mfu 1.10%
model:LGT728D iter 142430: loss 1.3596, time 188.65ms, mfu 1.13%
model:LGT728D iter 142440: loss 1.3958, time 181.42ms, mfu 1.16%
------average encoder activity 0.00000
-----------average decoder density 0.0000
step 142450: train loss 2.0209, val loss 1.9998
saving checkpoint to out-novel-char_LGT728D_4d06c3ce0eb6b62233f4128fdb1c3b0f
model:LGT728D iter 142450: loss 1.2301, time 3693.65ms, mfu 1.05%
model:LGT728D iter 142460: loss 1.4418, time 232.85ms, mfu 1.06%
model:LGT728D iter 142470: loss 1.5595, time 230.03ms, mfu 1.07%
model:LGT728D iter 142480: loss 1.3156, time 236.52ms, mfu 1.07%
model:LGT728D iter 142490: loss 1.3970, time 249.95ms, mfu 1.07%
------average encoder activity 0.00000
-----------average decoder density 0.0000
step 142500: train loss 2.0284, val loss 2.0149
saving checkpoint to out-novel-char_LGT728D_4d06c3ce0eb6b62233f4128fdb1c3b0f
model:LGT728D iter 142500: loss 1.4366, time 3632.72ms, mfu 0.97%
model:LGT728D iter 142510: loss 1.4998, time 181.01ms, mfu 1.02%
model:LGT728D iter 142520: loss 1.4708, time 176.49ms, mfu 1.06%
model:LGT728D iter 142530: loss 1.3982, time 186.20ms, mfu 1.10%
model:LGT728D iter 142540: loss 1.3215, time 246.36ms, mfu 1.09%
------average encoder activity 0.00000
-----------average decoder density 0.0000
step 142550: train loss 2.0195, val loss 1.9963
saving checkpoint to out-novel-char_LGT728D_4d06c3ce0eb6b62233f4128fdb1c3b0f
model:LGT728D iter 142550: loss 1.4326, time 3917.54ms, mfu 0.99%
model:LGT728D iter 142560: loss 1.4075, time 159.15ms, mfu 1.06%
model:LGT728D iter 142570: loss 1.4079, time 165.62ms, mfu 1.11%
model:LGT728D iter 142580: loss 1.3458, time 212.11ms, mfu 1.12%
model:LGT728D iter 142590: loss 1.2130, time 224.73ms, mfu 1.13%
------average encoder activity 0.00000
-----------average decoder density 0.0000
step 142600: train loss 2.0169, val loss 2.0160
saving checkpoint to out-novel-char_LGT728D_4d06c3ce0eb6b62233f4128fdb1c3b0f
model:LGT728D iter 142600: loss 1.3345, time 4090.58ms, mfu 1.02%
model:LGT728D iter 142610: loss 1.5502, time 160.49ms, mfu 1.08%
model:LGT728D iter 142620: loss 1.3997, time 171.18ms, mfu 1.13%
model:LGT728D iter 142630: loss 1.2705, time 172.72ms, mfu 1.16%
model:LGT728D iter 142640: loss 1.4177, time 227.70ms, mfu 1.16%
------average encoder activity 0.00000
-----------average decoder density 0.0000
step 142650: train loss 2.0122, val loss 2.0095
saving checkpoint to out-novel-char_LGT728D_4d06c3ce0eb6b62233f4128fdb1c3b0f
model:LGT728D iter 142650: loss 1.3192, time 4070.39ms, mfu 1.05%
model:LGT728D iter 142660: loss 1.4638, time 214.54ms, mfu 1.07%
model:LGT728D iter 142670: loss 1.4410, time 191.62ms, mfu 1.10%
model:LGT728D iter 142680: loss 1.3904, time 158.48ms, mfu 1.15%
model:LGT728D iter 142690: loss 1.3971, time 161.19ms, mfu 1.20%
------average encoder activity 0.00000
-----------average decoder density 0.0000
step 142700: train loss 1.9961, val loss 2.0028
saving checkpoint to out-novel-char_LGT728D_4d06c3ce0eb6b62233f4128fdb1c3b0f
model:LGT728D iter 142700: loss 1.3626, time 4002.03ms, mfu 1.09%
model:LGT728D iter 142710: loss 1.4247, time 233.85ms, mfu 1.09%
model:LGT728D iter 142720: loss 1.3011, time 251.66ms, mfu 1.09%
model:LGT728D iter 142730: loss 1.3458, time 184.81ms, mfu 1.12%
model:LGT728D iter 142740: loss 1.3346, time 184.63ms, mfu 1.15%
------average encoder activity 0.00000
-----------average decoder density 0.0000
step 142750: train loss 2.0127, val loss 2.0130
saving checkpoint to out-novel-char_LGT728D_4d06c3ce0eb6b62233f4128fdb1c3b0f
model:LGT728D iter 142750: loss 1.4069, time 3525.11ms, mfu 1.04%
model:LGT728D iter 142760: loss 1.2556, time 190.17ms, mfu 1.07%
model:LGT728D iter 142770: loss 1.4582, time 235.16ms, mfu 1.08%
model:LGT728D iter 142780: loss 1.2827, time 231.41ms, mfu 1.08%
model:LGT728D iter 142790: loss 1.3157, time 231.70ms, mfu 1.09%
------average encoder activity 0.00000
-----------average decoder density 0.0000
step 142800: train loss 1.9992, val loss 2.0032
saving checkpoint to out-novel-char_LGT728D_4d06c3ce0eb6b62233f4128fdb1c3b0f
model:LGT728D iter 142800: loss 1.3070, time 3513.02ms, mfu 0.99%
model:LGT728D iter 142810: loss 1.2673, time 232.42ms, mfu 1.00%
model:LGT728D iter 142820: loss 1.4149, time 177.50ms, mfu 1.05%
model:LGT728D iter 142830: loss 1.5249, time 161.50ms, mfu 1.11%
model:LGT728D iter 142840: loss 1.4330, time 163.59ms, mfu 1.15%
------average encoder activity 0.00000
-----------average decoder density 0.0000
step 142850: train loss 2.0003, val loss 2.0055
saving checkpoint to out-novel-char_LGT728D_4d06c3ce0eb6b62233f4128fdb1c3b0f
model:LGT728D iter 142850: loss 1.1840, time 3934.64ms, mfu 1.05%
model:LGT728D iter 142860: loss 1.3127, time 178.55ms, mfu 1.09%
model:LGT728D iter 142870: loss 1.3018, time 166.67ms, mfu 1.14%
model:LGT728D iter 142880: loss 1.3753, time 213.44ms, mfu 1.15%
model:LGT728D iter 142890: loss 1.3614, time 209.29ms, mfu 1.16%
------average encoder activity 0.00000
-----------average decoder density 0.0000
step 142900: train loss 2.0407, val loss 2.0200
saving checkpoint to out-novel-char_LGT728D_4d06c3ce0eb6b62233f4128fdb1c3b0f
model:LGT728D iter 142900: loss 1.3886, time 3962.14ms, mfu 1.05%
model:LGT728D iter 142910: loss 1.2646, time 254.76ms, mfu 1.04%
model:LGT728D iter 142920: loss 1.3488, time 178.05ms, mfu 1.09%
model:LGT728D iter 142930: loss 1.3920, time 181.88ms, mfu 1.12%
model:LGT728D iter 142940: loss 1.3740, time 183.17ms, mfu 1.15%
------average encoder activity 0.00000
-----------average decoder density 0.0000
step 142950: train loss 2.0305, val loss 2.0210
saving checkpoint to out-novel-char_LGT728D_4d06c3ce0eb6b62233f4128fdb1c3b0f
model:LGT728D iter 142950: loss 1.4397, time 3757.11ms, mfu 1.04%
model:LGT728D iter 142960: loss 1.3015, time 211.93ms, mfu 1.06%
model:LGT728D iter 142970: loss 1.5169, time 180.98ms, mfu 1.10%
model:LGT728D iter 142980: loss 1.5104, time 201.82ms, mfu 1.12%
model:LGT728D iter 142990: loss 1.2233, time 186.26ms, mfu 1.15%
------average encoder activity 0.00000
-----------average decoder density 0.0000
step 143000: train loss 2.0229, val loss 2.0150
saving checkpoint to out-novel-char_LGT728D_4d06c3ce0eb6b62233f4128fdb1c3b0f
model:LGT728D iter 143000: loss 1.4135, time 3361.00ms, mfu 1.04%
model:LGT728D iter 143010: loss 1.3644, time 202.54ms, mfu 1.07%
model:LGT728D iter 143020: loss 1.4443, time 252.36ms, mfu 1.06%
model:LGT728D iter 143030: loss 1.4094, time 258.73ms, mfu 1.06%
model:LGT728D iter 143040: loss 1.2443, time 235.79ms, mfu 1.06%
------average encoder activity 0.00000
-----------average decoder density 0.0000
step 143050: train loss 1.9998, val loss 2.0088
saving checkpoint to out-novel-char_LGT728D_4d06c3ce0eb6b62233f4128fdb1c3b0f
model:LGT728D iter 143050: loss 1.4101, time 3721.56ms, mfu 0.96%
model:LGT728D iter 143060: loss 1.2677, time 233.88ms, mfu 0.98%
model:LGT728D iter 143070: loss 1.3967, time 244.22ms, mfu 0.99%
model:LGT728D iter 143080: loss 1.3602, time 228.42ms, mfu 1.01%
model:LGT728D iter 143090: loss 1.3161, time 164.64ms, mfu 1.06%
------average encoder activity 0.00000
-----------average decoder density 0.0000
step 143100: train loss 2.0192, val loss 2.0154
saving checkpoint to out-novel-char_LGT728D_4d06c3ce0eb6b62233f4128fdb1c3b0f
model:LGT728D iter 143100: loss 1.4197, time 4517.67ms, mfu 0.96%
model:LGT728D iter 143110: loss 1.4530, time 223.83ms, mfu 0.98%
model:LGT728D iter 143120: loss 1.3921, time 220.66ms, mfu 1.00%
model:LGT728D iter 143130: loss 1.4128, time 238.11ms, mfu 1.01%
model:LGT728D iter 143140: loss 1.5820, time 233.17ms, mfu 1.02%
------average encoder activity 0.00000
-----------average decoder density 0.0000
step 143150: train loss 2.0086, val loss 2.0087
saving checkpoint to out-novel-char_LGT728D_4d06c3ce0eb6b62233f4128fdb1c3b0f
model:LGT728D iter 143150: loss 1.3514, time 4361.21ms, mfu 0.93%
model:LGT728D iter 143160: loss 1.4585, time 226.10ms, mfu 0.95%
model:LGT728D iter 143170: loss 1.3801, time 232.23ms, mfu 0.97%
model:LGT728D iter 143180: loss 1.2768, time 180.17ms, mfu 1.02%
model:LGT728D iter 143190: loss 1.3222, time 245.06ms, mfu 1.02%
------average encoder activity 0.00000
-----------average decoder density 0.0000
step 143200: train loss 2.0134, val loss 2.0148
saving checkpoint to out-novel-char_LGT728D_4d06c3ce0eb6b62233f4128fdb1c3b0f
model:LGT728D iter 143200: loss 1.4807, time 3916.84ms, mfu 0.93%
model:LGT728D iter 143210: loss 1.6824, time 245.41ms, mfu 0.94%
model:LGT728D iter 143220: loss 1.3173, time 227.88ms, mfu 0.96%
model:LGT728D iter 143230: loss 1.4444, time 177.76ms, mfu 1.01%
model:LGT728D iter 143240: loss 1.4146, time 195.46ms, mfu 1.04%
------average encoder activity 0.00000
-----------average decoder density 0.0000
step 143250: train loss 2.0241, val loss 2.0123
saving checkpoint to out-novel-char_LGT728D_4d06c3ce0eb6b62233f4128fdb1c3b0f
model:LGT728D iter 143250: loss 1.3244, time 3841.34ms, mfu 0.95%
model:LGT728D iter 143260: loss 1.3921, time 252.88ms, mfu 0.96%
model:LGT728D iter 143270: loss 1.3144, time 245.55ms, mfu 0.97%
model:LGT728D iter 143280: loss 1.4462, time 175.70ms, mfu 1.02%
model:LGT728D iter 143290: loss 1.5346, time 176.80ms, mfu 1.07%
------average encoder activity 0.00000
-----------average decoder density 0.0000
step 143300: train loss 2.0233, val loss 2.0042
saving checkpoint to out-novel-char_LGT728D_4d06c3ce0eb6b62233f4128fdb1c3b0f
model:LGT728D iter 143300: loss 1.3636, time 3790.40ms, mfu 0.97%
model:LGT728D iter 143310: loss 1.3402, time 191.12ms, mfu 1.01%
model:LGT728D iter 143320: loss 1.3757, time 190.76ms, mfu 1.04%
model:LGT728D iter 143330: loss 1.3034, time 204.73ms, mfu 1.07%
model:LGT728D iter 143340: loss 1.2007, time 231.22ms, mfu 1.07%
------average encoder activity 0.00000
-----------average decoder density 0.0000
step 143350: train loss 2.0157, val loss 2.0109
saving checkpoint to out-novel-char_LGT728D_4d06c3ce0eb6b62233f4128fdb1c3b0f
model:LGT728D iter 143350: loss 1.5070, time 3444.73ms, mfu 0.97%
model:LGT728D iter 143360: loss 1.3144, time 224.44ms, mfu 0.99%
model:LGT728D iter 143370: loss 1.2959, time 238.56ms, mfu 1.00%
model:LGT728D iter 143380: loss 1.5878, time 233.82ms, mfu 1.01%
model:LGT728D iter 143390: loss 1.5824, time 233.15ms, mfu 1.03%
------average encoder activity 0.00000
-----------average decoder density 0.0000
step 143400: train loss 1.9874, val loss 2.0149
saving checkpoint to out-novel-char_LGT728D_4d06c3ce0eb6b62233f4128fdb1c3b0f
model:LGT728D iter 143400: loss 1.3108, time 3563.06ms, mfu 0.93%
model:LGT728D iter 143410: loss 1.1984, time 176.53ms, mfu 0.99%
model:LGT728D iter 143420: loss 1.3266, time 249.96ms, mfu 0.99%
model:LGT728D iter 143430: loss 1.5042, time 242.84ms, mfu 1.00%
model:LGT728D iter 143440: loss 1.4871, time 189.76ms, mfu 1.04%
------average encoder activity 0.00000
-----------average decoder density 0.0000
step 143450: train loss 2.0078, val loss 2.0025
saving checkpoint to out-novel-char_LGT728D_4d06c3ce0eb6b62233f4128fdb1c3b0f
model:LGT728D iter 143450: loss 1.2469, time 3864.56ms, mfu 0.94%
model:LGT728D iter 143460: loss 1.3086, time 153.28ms, mfu 1.02%
model:LGT728D iter 143470: loss 1.3847, time 226.45ms, mfu 1.03%
model:LGT728D iter 143480: loss 1.4180, time 238.90ms, mfu 1.04%
model:LGT728D iter 143490: loss 1.2780, time 239.18ms, mfu 1.04%
------average encoder activity 0.00000
-----------average decoder density 0.0000
step 143500: train loss 2.0080, val loss 2.0047
saving checkpoint to out-novel-char_LGT728D_4d06c3ce0eb6b62233f4128fdb1c3b0f
model:LGT728D iter 143500: loss 1.3236, time 3898.55ms, mfu 0.95%
model:LGT728D iter 143510: loss 1.4668, time 228.09ms, mfu 0.97%
model:LGT728D iter 143520: loss 1.4899, time 246.56ms, mfu 0.98%
model:LGT728D iter 143530: loss 1.2912, time 241.67ms, mfu 0.99%
model:LGT728D iter 143540: loss 1.3528, time 248.63ms, mfu 0.99%
------average encoder activity 0.00000
-----------average decoder density 0.0000
step 143550: train loss 1.9937, val loss 1.9860
saving checkpoint to out-novel-char_LGT728D_4d06c3ce0eb6b62233f4128fdb1c3b0f
model:LGT728D iter 143550: loss 1.4109, time 3844.17ms, mfu 0.90%
model:LGT728D iter 143560: loss 1.2653, time 229.81ms, mfu 0.92%
model:LGT728D iter 143570: loss 1.3256, time 174.80ms, mfu 0.98%
model:LGT728D iter 143580: loss 1.3024, time 192.68ms, mfu 1.02%
model:LGT728D iter 143590: loss 1.2150, time 242.92ms, mfu 1.03%
------average encoder activity 0.00000
-----------average decoder density 0.0000
step 143600: train loss 2.0085, val loss 2.0133
saving checkpoint to out-novel-char_LGT728D_4d06c3ce0eb6b62233f4128fdb1c3b0f
model:LGT728D iter 143600: loss 1.2993, time 3797.35ms, mfu 0.93%
model:LGT728D iter 143610: loss 1.3707, time 186.97ms, mfu 0.98%
model:LGT728D iter 143620: loss 1.3956, time 178.03ms, mfu 1.03%
model:LGT728D iter 143630: loss 1.2786, time 174.47ms, mfu 1.07%
model:LGT728D iter 143640: loss 1.3067, time 247.18ms, mfu 1.07%
------average encoder activity 0.00000
-----------average decoder density 0.0000
step 143650: train loss 2.0184, val loss 2.0212
saving checkpoint to out-novel-char_LGT728D_4d06c3ce0eb6b62233f4128fdb1c3b0f
model:LGT728D iter 143650: loss 1.3921, time 3834.76ms, mfu 0.97%
model:LGT728D iter 143660: loss 1.4940, time 201.43ms, mfu 1.00%
model:LGT728D iter 143670: loss 1.4552, time 235.30ms, mfu 1.02%
model:LGT728D iter 143680: loss 1.5135, time 231.51ms, mfu 1.03%
model:LGT728D iter 143690: loss 1.1842, time 227.59ms, mfu 1.04%
------average encoder activity 0.00000
-----------average decoder density 0.0000
step 143700: train loss 2.0196, val loss 2.0100
saving checkpoint to out-novel-char_LGT728D_4d06c3ce0eb6b62233f4128fdb1c3b0f
model:LGT728D iter 143700: loss 1.3971, time 3941.42ms, mfu 0.94%
model:LGT728D iter 143710: loss 1.4136, time 245.88ms, mfu 0.95%
model:LGT728D iter 143720: loss 1.4373, time 240.57ms, mfu 0.97%
model:LGT728D iter 143730: loss 1.4367, time 176.50ms, mfu 1.02%
model:LGT728D iter 143740: loss 1.1241, time 180.48ms, mfu 1.06%
------average encoder activity 0.00000
-----------average decoder density 0.0000
step 143750: train loss 2.0086, val loss 2.0146
saving checkpoint to out-novel-char_LGT728D_4d06c3ce0eb6b62233f4128fdb1c3b0f
model:LGT728D iter 143750: loss 1.4647, time 3919.41ms, mfu 0.96%
model:LGT728D iter 143760: loss 1.3015, time 226.11ms, mfu 0.98%
model:LGT728D iter 143770: loss 1.4631, time 226.88ms, mfu 1.00%
model:LGT728D iter 143780: loss 1.4846, time 233.08ms, mfu 1.01%
model:LGT728D iter 143790: loss 1.3851, time 214.08ms, mfu 1.03%
------average encoder activity 0.00000
-----------average decoder density 0.0000
step 143800: train loss 2.0128, val loss 2.0111
saving checkpoint to out-novel-char_LGT728D_4d06c3ce0eb6b62233f4128fdb1c3b0f
model:LGT728D iter 143800: loss 1.2879, time 3704.68ms, mfu 0.94%
model:LGT728D iter 143810: loss 1.4402, time 196.94ms, mfu 0.98%
model:LGT728D iter 143820: loss 1.5840, time 191.69ms, mfu 1.01%
model:LGT728D iter 143830: loss 1.4974, time 226.93ms, mfu 1.03%
model:LGT728D iter 143840: loss 1.5081, time 235.33ms, mfu 1.04%
------average encoder activity 0.00000
-----------average decoder density 0.0000
step 143850: train loss 2.0219, val loss 2.0146
saving checkpoint to out-novel-char_LGT728D_4d06c3ce0eb6b62233f4128fdb1c3b0f
model:LGT728D iter 143850: loss 1.2992, time 3427.08ms, mfu 0.94%
model:LGT728D iter 143860: loss 1.4728, time 228.20ms, mfu 0.96%
model:LGT728D iter 143870: loss 1.3317, time 240.54ms, mfu 0.97%
model:LGT728D iter 143880: loss 1.5164, time 252.36ms, mfu 0.98%
model:LGT728D iter 143890: loss 1.2929, time 213.98ms, mfu 1.00%
------average encoder activity 0.00000
-----------average decoder density 0.0000
step 143900: train loss 2.0101, val loss 2.0051
saving checkpoint to out-novel-char_LGT728D_4d06c3ce0eb6b62233f4128fdb1c3b0f
model:LGT728D iter 143900: loss 1.4179, time 3485.95ms, mfu 0.91%
model:LGT728D iter 143910: loss 1.3985, time 175.21ms, mfu 0.97%
model:LGT728D iter 143920: loss 1.3948, time 179.83ms, mfu 1.02%
model:LGT728D iter 143930: loss 1.3288, time 185.37ms, mfu 1.06%
model:LGT728D iter 143940: loss 1.3777, time 221.94ms, mfu 1.07%
------average encoder activity 0.00000
-----------average decoder density 0.0000
step 143950: train loss 2.0015, val loss 2.0142
saving checkpoint to out-novel-char_LGT728D_4d06c3ce0eb6b62233f4128fdb1c3b0f
model:LGT728D iter 143950: loss 1.3027, time 4204.31ms, mfu 0.97%
model:LGT728D iter 143960: loss 1.2685, time 175.16ms, mfu 1.02%
model:LGT728D iter 143970: loss 1.3627, time 189.72ms, mfu 1.06%
model:LGT728D iter 143980: loss 1.4408, time 187.28ms, mfu 1.09%
model:LGT728D iter 143990: loss 1.3388, time 184.32ms, mfu 1.12%
------average encoder activity 0.00000
-----------average decoder density 0.0000
step 144000: train loss 1.9952, val loss 2.0082
saving checkpoint to out-novel-char_LGT728D_4d06c3ce0eb6b62233f4128fdb1c3b0f
model:LGT728D iter 144000: loss 1.5838, time 4465.87ms, mfu 1.02%
model:LGT728D iter 144010: loss 1.3272, time 184.46ms, mfu 1.06%
model:LGT728D iter 144020: loss 1.3282, time 172.65ms, mfu 1.10%
model:LGT728D iter 144030: loss 1.3407, time 162.18ms, mfu 1.15%
model:LGT728D iter 144040: loss 1.3761, time 164.78ms, mfu 1.20%
------average encoder activity 0.00000
-----------average decoder density 0.0000
step 144050: train loss 2.0110, val loss 2.0058
saving checkpoint to out-novel-char_LGT728D_4d06c3ce0eb6b62233f4128fdb1c3b0f
model:LGT728D iter 144050: loss 1.3301, time 4087.55ms, mfu 1.08%
model:LGT728D iter 144060: loss 1.4417, time 234.27ms, mfu 1.09%
model:LGT728D iter 144070: loss 1.3168, time 231.23ms, mfu 1.09%
model:LGT728D iter 144080: loss 1.1323, time 214.19ms, mfu 1.11%
model:LGT728D iter 144090: loss 1.5053, time 208.41ms, mfu 1.12%
------average encoder activity 0.00000
-----------average decoder density 0.0000
step 144100: train loss 2.0184, val loss 2.0109
saving checkpoint to out-novel-char_LGT728D_4d06c3ce0eb6b62233f4128fdb1c3b0f
model:LGT728D iter 144100: loss 1.3342, time 4034.29ms, mfu 1.01%
model:LGT728D iter 144110: loss 1.3228, time 228.81ms, mfu 1.03%
model:LGT728D iter 144120: loss 1.4001, time 222.69ms, mfu 1.04%
model:LGT728D iter 144130: loss 1.4004, time 170.56ms, mfu 1.09%
model:LGT728D iter 144140: loss 1.5434, time 157.61ms, mfu 1.15%
------average encoder activity 0.00000
-----------average decoder density 0.0000
step 144150: train loss 2.0041, val loss 1.9978
saving checkpoint to out-novel-char_LGT728D_4d06c3ce0eb6b62233f4128fdb1c3b0f
model:LGT728D iter 144150: loss 1.3164, time 3326.78ms, mfu 1.04%
model:LGT728D iter 144160: loss 1.3637, time 170.33ms, mfu 1.09%
model:LGT728D iter 144170: loss 1.3571, time 174.88ms, mfu 1.13%
model:LGT728D iter 144180: loss 1.2718, time 229.88ms, mfu 1.13%
model:LGT728D iter 144190: loss 1.4980, time 173.10ms, mfu 1.17%
------average encoder activity 0.00000
-----------average decoder density 0.0000
step 144200: train loss 2.0018, val loss 2.0079
saving checkpoint to out-novel-char_LGT728D_4d06c3ce0eb6b62233f4128fdb1c3b0f
model:LGT728D iter 144200: loss 1.3545, time 3759.43ms, mfu 1.06%
model:LGT728D iter 144210: loss 1.2762, time 160.54ms, mfu 1.12%
model:LGT728D iter 144220: loss 1.4452, time 162.88ms, mfu 1.17%
model:LGT728D iter 144230: loss 1.6372, time 204.12ms, mfu 1.18%
model:LGT728D iter 144240: loss 1.3332, time 185.51ms, mfu 1.20%
------average encoder activity 0.00000
-----------average decoder density 0.0000
step 144250: train loss 1.9894, val loss 2.0202
saving checkpoint to out-novel-char_LGT728D_4d06c3ce0eb6b62233f4128fdb1c3b0f
model:LGT728D iter 144250: loss 1.5093, time 3922.04ms, mfu 1.09%
model:LGT728D iter 144260: loss 1.3605, time 216.78ms, mfu 1.10%
model:LGT728D iter 144270: loss 1.4732, time 206.60ms, mfu 1.12%
model:LGT728D iter 144280: loss 1.3969, time 157.52ms, mfu 1.17%
model:LGT728D iter 144290: loss 1.3513, time 161.79ms, mfu 1.22%
------average encoder activity 0.00000
-----------average decoder density 0.0000
step 144300: train loss 2.0098, val loss 2.0037
saving checkpoint to out-novel-char_LGT728D_4d06c3ce0eb6b62233f4128fdb1c3b0f
model:LGT728D iter 144300: loss 1.3077, time 4058.89ms, mfu 1.10%
model:LGT728D iter 144310: loss 1.4599, time 221.77ms, mfu 1.11%
model:LGT728D iter 144320: loss 1.2467, time 230.16ms, mfu 1.11%
model:LGT728D iter 144330: loss 1.2665, time 225.73ms, mfu 1.12%
model:LGT728D iter 144340: loss 1.2846, time 215.08ms, mfu 1.13%
------average encoder activity 0.00000
-----------average decoder density 0.0000
step 144350: train loss 2.0015, val loss 2.0048
saving checkpoint to out-novel-char_LGT728D_4d06c3ce0eb6b62233f4128fdb1c3b0f
model:LGT728D iter 144350: loss 1.4738, time 3604.05ms, mfu 1.02%
model:LGT728D iter 144360: loss 1.2922, time 217.25ms, mfu 1.04%
model:LGT728D iter 144370: loss 1.4858, time 239.25ms, mfu 1.04%
model:LGT728D iter 144380: loss 1.4022, time 234.13ms, mfu 1.05%
model:LGT728D iter 144390: loss 1.4455, time 228.93ms, mfu 1.06%
------average encoder activity 0.00000
-----------average decoder density 0.0000
step 144400: train loss 2.0079, val loss 2.0076
saving checkpoint to out-novel-char_LGT728D_4d06c3ce0eb6b62233f4128fdb1c3b0f
model:LGT728D iter 144400: loss 1.5193, time 3392.14ms, mfu 0.96%
model:LGT728D iter 144410: loss 1.3785, time 219.93ms, mfu 0.99%
model:LGT728D iter 144420: loss 1.3383, time 228.53ms, mfu 1.00%
model:LGT728D iter 144430: loss 1.4554, time 235.69ms, mfu 1.01%
model:LGT728D iter 144440: loss 1.2549, time 232.59ms, mfu 1.02%
------average encoder activity 0.00000
-----------average decoder density 0.0000
step 144450: train loss 1.9854, val loss 2.0074
saving checkpoint to out-novel-char_LGT728D_4d06c3ce0eb6b62233f4128fdb1c3b0f
model:LGT728D iter 144450: loss 1.3301, time 3681.37ms, mfu 0.93%
model:LGT728D iter 144460: loss 1.2592, time 227.46ms, mfu 0.95%
model:LGT728D iter 144470: loss 1.4112, time 216.55ms, mfu 0.98%
model:LGT728D iter 144480: loss 1.4714, time 220.29ms, mfu 1.00%
model:LGT728D iter 144490: loss 1.1977, time 225.87ms, mfu 1.01%
------average encoder activity 0.00000
-----------average decoder density 0.0000
step 144500: train loss 1.9981, val loss 2.0079
saving checkpoint to out-novel-char_LGT728D_4d06c3ce0eb6b62233f4128fdb1c3b0f
model:LGT728D iter 144500: loss 1.4616, time 3824.82ms, mfu 0.92%
model:LGT728D iter 144510: loss 1.3803, time 217.05ms, mfu 0.95%
model:LGT728D iter 144520: loss 1.2128, time 229.67ms, mfu 0.97%
model:LGT728D iter 144530: loss 1.4862, time 234.02ms, mfu 0.98%
model:LGT728D iter 144540: loss 1.3732, time 229.94ms, mfu 1.00%
------average encoder activity 0.00000
-----------average decoder density 0.0000
step 144550: train loss 2.0188, val loss 2.0008
saving checkpoint to out-novel-char_LGT728D_4d06c3ce0eb6b62233f4128fdb1c3b0f
model:LGT728D iter 144550: loss 1.2995, time 3990.43ms, mfu 0.90%
model:LGT728D iter 144560: loss 1.4114, time 215.25ms, mfu 0.94%
model:LGT728D iter 144570: loss 1.2659, time 205.67ms, mfu 0.97%
model:LGT728D iter 144580: loss 1.2924, time 230.01ms, mfu 0.99%
model:LGT728D iter 144590: loss 1.3738, time 235.88ms, mfu 1.00%
------average encoder activity 0.00000
-----------average decoder density 0.0000
step 144600: train loss 2.0030, val loss 2.0090
saving checkpoint to out-novel-char_LGT728D_4d06c3ce0eb6b62233f4128fdb1c3b0f
model:LGT728D iter 144600: loss 1.1287, time 3975.09ms, mfu 0.91%
model:LGT728D iter 144610: loss 1.4478, time 228.60ms, mfu 0.93%
model:LGT728D iter 144620: loss 1.4830, time 224.47ms, mfu 0.95%
model:LGT728D iter 144630: loss 1.2693, time 184.49ms, mfu 1.00%
model:LGT728D iter 144640: loss 1.2764, time 195.44ms, mfu 1.03%
------average encoder activity 0.00000
-----------average decoder density 0.0000
step 144650: train loss 2.0013, val loss 1.9919
saving checkpoint to out-novel-char_LGT728D_4d06c3ce0eb6b62233f4128fdb1c3b0f
model:LGT728D iter 144650: loss 1.5330, time 3801.74ms, mfu 0.94%
model:LGT728D iter 144660: loss 1.4343, time 237.18ms, mfu 0.95%
model:LGT728D iter 144670: loss 1.3498, time 174.79ms, mfu 1.01%
model:LGT728D iter 144680: loss 1.3093, time 176.25ms, mfu 1.06%
model:LGT728D iter 144690: loss 1.4001, time 170.17ms, mfu 1.10%
------average encoder activity 0.00000
-----------average decoder density 0.0000
step 144700: train loss 1.9939, val loss 2.0008
saving checkpoint to out-novel-char_LGT728D_4d06c3ce0eb6b62233f4128fdb1c3b0f
model:LGT728D iter 144700: loss 1.1819, time 3825.50ms, mfu 1.00%
model:LGT728D iter 144710: loss 1.5351, time 228.18ms, mfu 1.01%
model:LGT728D iter 144720: loss 1.1698, time 227.96ms, mfu 1.03%
model:LGT728D iter 144730: loss 1.4516, time 229.70ms, mfu 1.04%
model:LGT728D iter 144740: loss 1.4542, time 216.46ms, mfu 1.06%
------average encoder activity 0.00000
-----------average decoder density 0.0000
step 144750: train loss 2.0052, val loss 1.9982
saving checkpoint to out-novel-char_LGT728D_4d06c3ce0eb6b62233f4128fdb1c3b0f
model:LGT728D iter 144750: loss 1.2668, time 3976.02ms, mfu 0.96%
model:LGT728D iter 144760: loss 1.3324, time 231.08ms, mfu 0.97%
model:LGT728D iter 144770: loss 1.4488, time 231.41ms, mfu 0.99%
model:LGT728D iter 144780: loss 1.3503, time 220.31ms, mfu 1.01%
model:LGT728D iter 144790: loss 1.3873, time 216.24ms, mfu 1.03%
------average encoder activity 0.00000
-----------average decoder density 0.0000
step 144800: train loss 2.0144, val loss 2.0133
saving checkpoint to out-novel-char_LGT728D_4d06c3ce0eb6b62233f4128fdb1c3b0f
model:LGT728D iter 144800: loss 1.5268, time 3637.75ms, mfu 0.93%
model:LGT728D iter 144810: loss 1.4681, time 234.40ms, mfu 0.95%
model:LGT728D iter 144820: loss 1.4002, time 228.96ms, mfu 0.97%
model:LGT728D iter 144830: loss 1.3597, time 227.33ms, mfu 0.99%
model:LGT728D iter 144840: loss 1.2823, time 234.24ms, mfu 1.00%
------average encoder activity 0.00000
-----------average decoder density 0.0000
step 144850: train loss 1.9999, val loss 1.9852
saving checkpoint to out-novel-char_LGT728D_4d06c3ce0eb6b62233f4128fdb1c3b0f
model:LGT728D iter 144850: loss 1.3434, time 3433.13ms, mfu 0.91%
model:LGT728D iter 144860: loss 1.5505, time 228.46ms, mfu 0.93%
model:LGT728D iter 144870: loss 1.3093, time 235.82ms, mfu 0.95%
model:LGT728D iter 144880: loss 1.5725, time 238.62ms, mfu 0.97%
model:LGT728D iter 144890: loss 1.3570, time 240.80ms, mfu 0.98%
------average encoder activity 0.00000
-----------average decoder density 0.0000
step 144900: train loss 2.0103, val loss 1.9921
saving checkpoint to out-novel-char_LGT728D_4d06c3ce0eb6b62233f4128fdb1c3b0f
model:LGT728D iter 144900: loss 1.3714, time 3533.35ms, mfu 0.89%
model:LGT728D iter 144910: loss 1.3844, time 229.21ms, mfu 0.91%
model:LGT728D iter 144920: loss 1.4282, time 179.44ms, mfu 0.97%
model:LGT728D iter 144930: loss 1.4459, time 228.96ms, mfu 0.98%
model:LGT728D iter 144940: loss 1.3564, time 236.42ms, mfu 1.00%
------average encoder activity 0.00000
-----------average decoder density 0.0000
step 144950: train loss 1.9836, val loss 2.0148
saving checkpoint to out-novel-char_LGT728D_4d06c3ce0eb6b62233f4128fdb1c3b0f
model:LGT728D iter 144950: loss 1.4725, time 3697.68ms, mfu 0.90%
model:LGT728D iter 144960: loss 1.4309, time 232.13ms, mfu 0.93%
model:LGT728D iter 144970: loss 1.3469, time 241.59ms, mfu 0.94%
model:LGT728D iter 144980: loss 1.4359, time 235.01ms, mfu 0.96%
model:LGT728D iter 144990: loss 1.4565, time 192.47ms, mfu 1.00%
------average encoder activity 0.00000
-----------average decoder density 0.0000
step 145000: train loss 1.9843, val loss 2.0084
saving checkpoint to out-novel-char_LGT728D_4d06c3ce0eb6b62233f4128fdb1c3b0f
model:LGT728D iter 145000: loss 1.3568, time 3801.99ms, mfu 0.91%
model:LGT728D iter 145010: loss 1.5249, time 234.41ms, mfu 0.93%
model:LGT728D iter 145020: loss 1.3726, time 227.43ms, mfu 0.95%
model:LGT728D iter 145030: loss 1.3206, time 241.98ms, mfu 0.96%
model:LGT728D iter 145040: loss 1.3140, time 241.81ms, mfu 0.97%
------average encoder activity 0.00000
-----------average decoder density 0.0000
step 145050: train loss 2.0128, val loss 2.0131
saving checkpoint to out-novel-char_LGT728D_4d06c3ce0eb6b62233f4128fdb1c3b0f
model:LGT728D iter 145050: loss 1.3566, time 3920.37ms, mfu 0.88%
model:LGT728D iter 145060: loss 1.2434, time 228.78ms, mfu 0.91%
model:LGT728D iter 145070: loss 1.2274, time 242.75ms, mfu 0.93%
model:LGT728D iter 145080: loss 1.4763, time 240.93ms, mfu 0.94%
model:LGT728D iter 145090: loss 1.4686, time 246.78ms, mfu 0.95%
------average encoder activity 0.00000
-----------average decoder density 0.0000
step 145100: train loss 1.9952, val loss 2.0254
saving checkpoint to out-novel-char_LGT728D_4d06c3ce0eb6b62233f4128fdb1c3b0f
model:LGT728D iter 145100: loss 1.2452, time 3977.84ms, mfu 0.87%
model:LGT728D iter 145110: loss 1.4674, time 232.83ms, mfu 0.89%
model:LGT728D iter 145120: loss 1.4728, time 187.21ms, mfu 0.94%
model:LGT728D iter 145130: loss 1.4000, time 239.25ms, mfu 0.96%
model:LGT728D iter 145140: loss 1.3452, time 244.90ms, mfu 0.97%
------average encoder activity 0.00000
-----------average decoder density 0.0000
step 145150: train loss 2.0013, val loss 2.0086
saving checkpoint to out-novel-char_LGT728D_4d06c3ce0eb6b62233f4128fdb1c3b0f
model:LGT728D iter 145150: loss 1.3581, time 4023.55ms, mfu 0.88%
model:LGT728D iter 145160: loss 1.2951, time 215.32ms, mfu 0.91%
model:LGT728D iter 145170: loss 1.4700, time 223.83ms, mfu 0.94%
model:LGT728D iter 145180: loss 1.3600, time 184.25ms, mfu 0.99%
model:LGT728D iter 145190: loss 1.3748, time 221.74ms, mfu 1.01%
------average encoder activity 0.00000
-----------average decoder density 0.0000
step 145200: train loss 1.9961, val loss 1.9920
saving checkpoint to out-novel-char_LGT728D_4d06c3ce0eb6b62233f4128fdb1c3b0f
model:LGT728D iter 145200: loss 1.2915, time 4114.88ms, mfu 0.91%
model:LGT728D iter 145210: loss 1.3578, time 219.08ms, mfu 0.94%
model:LGT728D iter 145220: loss 1.5274, time 218.52ms, mfu 0.97%
model:LGT728D iter 145230: loss 1.5893, time 225.15ms, mfu 0.98%
model:LGT728D iter 145240: loss 1.3118, time 221.52ms, mfu 1.00%
------average encoder activity 0.00000
-----------average decoder density 0.0000
step 145250: train loss 2.0047, val loss 2.0025
saving checkpoint to out-novel-char_LGT728D_4d06c3ce0eb6b62233f4128fdb1c3b0f
model:LGT728D iter 145250: loss 1.2467, time 4152.00ms, mfu 0.91%
model:LGT728D iter 145260: loss 1.3537, time 229.78ms, mfu 0.93%
model:LGT728D iter 145270: loss 1.2559, time 160.34ms, mfu 1.00%
model:LGT728D iter 145280: loss 1.4519, time 163.77ms, mfu 1.06%
model:LGT728D iter 145290: loss 1.3017, time 170.95ms, mfu 1.11%
------average encoder activity 0.00000
-----------average decoder density 0.0000
step 145300: train loss 1.9983, val loss 2.0100
saving checkpoint to out-novel-char_LGT728D_4d06c3ce0eb6b62233f4128fdb1c3b0f
model:LGT728D iter 145300: loss 1.3656, time 4034.75ms, mfu 1.01%
model:LGT728D iter 145310: loss 1.3857, time 241.35ms, mfu 1.01%
model:LGT728D iter 145320: loss 1.3288, time 247.17ms, mfu 1.02%
model:LGT728D iter 145330: loss 1.4788, time 183.84ms, mfu 1.06%
model:LGT728D iter 145340: loss 1.4031, time 176.26ms, mfu 1.10%
------average encoder activity 0.00000
-----------average decoder density 0.0000
step 145350: train loss 2.0043, val loss 2.0083
saving checkpoint to out-novel-char_LGT728D_4d06c3ce0eb6b62233f4128fdb1c3b0f
model:LGT728D iter 145350: loss 1.4958, time 4154.80ms, mfu 1.00%
model:LGT728D iter 145360: loss 1.4727, time 251.72ms, mfu 1.00%
model:LGT728D iter 145370: loss 1.4147, time 203.10ms, mfu 1.03%
model:LGT728D iter 145380: loss 1.3396, time 239.35ms, mfu 1.04%
model:LGT728D iter 145390: loss 1.3666, time 229.03ms, mfu 1.05%
------average encoder activity 0.00000
-----------average decoder density 0.0000
step 145400: train loss 2.0215, val loss 2.0144
saving checkpoint to out-novel-char_LGT728D_4d06c3ce0eb6b62233f4128fdb1c3b0f
model:LGT728D iter 145400: loss 1.3135, time 3918.91ms, mfu 0.95%
model:LGT728D iter 145410: loss 1.3746, time 232.87ms, mfu 0.97%
model:LGT728D iter 145420: loss 1.3203, time 230.05ms, mfu 0.98%
model:LGT728D iter 145430: loss 1.3185, time 229.12ms, mfu 1.00%
model:LGT728D iter 145440: loss 1.4653, time 228.67ms, mfu 1.01%
------average encoder activity 0.00000
-----------average decoder density 0.0000
step 145450: train loss 2.0011, val loss 2.0025
saving checkpoint to out-novel-char_LGT728D_4d06c3ce0eb6b62233f4128fdb1c3b0f
model:LGT728D iter 145450: loss 1.2638, time 3676.28ms, mfu 0.92%
model:LGT728D iter 145460: loss 1.3239, time 235.63ms, mfu 0.94%
model:LGT728D iter 145470: loss 1.5009, time 235.98ms, mfu 0.96%
model:LGT728D iter 145480: loss 1.4347, time 239.04ms, mfu 0.97%
model:LGT728D iter 145490: loss 1.3633, time 188.20ms, mfu 1.01%
------average encoder activity 0.00000
-----------average decoder density 0.0000
step 145500: train loss 2.0151, val loss 1.9982
saving checkpoint to out-novel-char_LGT728D_4d06c3ce0eb6b62233f4128fdb1c3b0f
model:LGT728D iter 145500: loss 1.3136, time 3750.44ms, mfu 0.92%
model:LGT728D iter 145510: loss 1.4392, time 209.69ms, mfu 0.95%
model:LGT728D iter 145520: loss 1.3055, time 185.29ms, mfu 1.00%
model:LGT728D iter 145530: loss 1.3755, time 181.87ms, mfu 1.04%
model:LGT728D iter 145540: loss 1.2183, time 239.11ms, mfu 1.05%
------average encoder activity 0.00000
-----------average decoder density 0.0000
step 145550: train loss 1.9952, val loss 1.9971
saving checkpoint to out-novel-char_LGT728D_4d06c3ce0eb6b62233f4128fdb1c3b0f
model:LGT728D iter 145550: loss 1.3754, time 3863.29ms, mfu 0.95%
model:LGT728D iter 145560: loss 1.3833, time 171.77ms, mfu 1.01%
model:LGT728D iter 145570: loss 1.3548, time 181.20ms, mfu 1.05%
model:LGT728D iter 145580: loss 1.2276, time 244.50ms, mfu 1.05%
model:LGT728D iter 145590: loss 1.5306, time 238.16ms, mfu 1.06%
------average encoder activity 0.00000
-----------average decoder density 0.0000
step 145600: train loss 2.0136, val loss 1.9983
saving checkpoint to out-novel-char_LGT728D_4d06c3ce0eb6b62233f4128fdb1c3b0f
model:LGT728D iter 145600: loss 1.4866, time 4236.93ms, mfu 0.96%
model:LGT728D iter 145610: loss 1.2405, time 217.20ms, mfu 0.98%
model:LGT728D iter 145620: loss 1.5809, time 235.67ms, mfu 0.99%
model:LGT728D iter 145630: loss 1.3830, time 233.79ms, mfu 1.01%
model:LGT728D iter 145640: loss 1.2966, time 233.52ms, mfu 1.02%
------average encoder activity 0.00000
-----------average decoder density 0.0000
step 145650: train loss 1.9888, val loss 1.9990
saving checkpoint to out-novel-char_LGT728D_4d06c3ce0eb6b62233f4128fdb1c3b0f
model:LGT728D iter 145650: loss 1.3194, time 4225.47ms, mfu 0.92%
model:LGT728D iter 145660: loss 1.3692, time 214.76ms, mfu 0.95%
model:LGT728D iter 145670: loss 1.4315, time 227.70ms, mfu 0.97%
model:LGT728D iter 145680: loss 1.3169, time 228.63ms, mfu 0.99%
model:LGT728D iter 145690: loss 1.2856, time 232.11ms, mfu 1.00%
------average encoder activity 0.00000
-----------average decoder density 0.0000
step 145700: train loss 1.9961, val loss 2.0090
saving checkpoint to out-novel-char_LGT728D_4d06c3ce0eb6b62233f4128fdb1c3b0f
model:LGT728D iter 145700: loss 1.2384, time 4157.55ms, mfu 0.91%
model:LGT728D iter 145710: loss 1.6470, time 215.61ms, mfu 0.94%
model:LGT728D iter 145720: loss 1.2113, time 161.22ms, mfu 1.01%
model:LGT728D iter 145730: loss 1.3287, time 218.31ms, mfu 1.03%
model:LGT728D iter 145740: loss 1.2413, time 227.65ms, mfu 1.04%
------average encoder activity 0.00000
-----------average decoder density 0.0000
step 145750: train loss 2.0001, val loss 1.9952
saving checkpoint to out-novel-char_LGT728D_4d06c3ce0eb6b62233f4128fdb1c3b0f
model:LGT728D iter 145750: loss 1.3749, time 4172.94ms, mfu 0.94%
model:LGT728D iter 145760: loss 1.4274, time 224.27ms, mfu 0.96%
model:LGT728D iter 145770: loss 1.2210, time 212.26ms, mfu 0.99%
model:LGT728D iter 145780: loss 1.3018, time 208.72ms, mfu 1.02%
model:LGT728D iter 145790: loss 1.4226, time 232.67ms, mfu 1.03%
------average encoder activity 0.00000
-----------average decoder density 0.0000
step 145800: train loss 2.0077, val loss 2.0042
saving checkpoint to out-novel-char_LGT728D_4d06c3ce0eb6b62233f4128fdb1c3b0f
model:LGT728D iter 145800: loss 1.3933, time 4194.57ms, mfu 0.93%
model:LGT728D iter 145810: loss 1.4202, time 223.69ms, mfu 0.96%
model:LGT728D iter 145820: loss 1.4235, time 218.97ms, mfu 0.98%
model:LGT728D iter 145830: loss 1.4555, time 215.95ms, mfu 1.00%
model:LGT728D iter 145840: loss 1.4226, time 231.40ms, mfu 1.02%
------average encoder activity 0.00000
-----------average decoder density 0.0000
step 145850: train loss 2.0126, val loss 1.9984
saving checkpoint to out-novel-char_LGT728D_4d06c3ce0eb6b62233f4128fdb1c3b0f
model:LGT728D iter 145850: loss 1.2460, time 4215.88ms, mfu 0.92%
model:LGT728D iter 145860: loss 1.3713, time 193.68ms, mfu 0.96%
model:LGT728D iter 145870: loss 1.3013, time 195.97ms, mfu 1.00%
model:LGT728D iter 145880: loss 1.2662, time 183.29ms, mfu 1.04%
model:LGT728D iter 145890: loss 1.4700, time 181.57ms, mfu 1.08%
------average encoder activity 0.00000
-----------average decoder density 0.0000
step 145900: train loss 2.0188, val loss 1.9969
saving checkpoint to out-novel-char_LGT728D_4d06c3ce0eb6b62233f4128fdb1c3b0f
model:LGT728D iter 145900: loss 1.3457, time 4103.90ms, mfu 0.98%
model:LGT728D iter 145910: loss 1.3158, time 192.15ms, mfu 1.02%
model:LGT728D iter 145920: loss 1.2931, time 245.54ms, mfu 1.02%
model:LGT728D iter 145930: loss 1.1921, time 191.16ms, mfu 1.06%
model:LGT728D iter 145940: loss 1.4350, time 233.91ms, mfu 1.06%
------average encoder activity 0.00000
-----------average decoder density 0.0000
step 145950: train loss 2.0070, val loss 2.0035
saving checkpoint to out-novel-char_LGT728D_4d06c3ce0eb6b62233f4128fdb1c3b0f
model:LGT728D iter 145950: loss 1.3077, time 3974.91ms, mfu 0.96%
model:LGT728D iter 145960: loss 1.4680, time 184.97ms, mfu 1.01%
model:LGT728D iter 145970: loss 1.3587, time 234.38ms, mfu 1.02%
model:LGT728D iter 145980: loss 1.4102, time 244.74ms, mfu 1.03%
model:LGT728D iter 145990: loss 1.4045, time 179.33ms, mfu 1.07%
------average encoder activity 0.00000
-----------average decoder density 0.0000
step 146000: train loss 1.9928, val loss 1.9890
saving checkpoint to out-novel-char_LGT728D_4d06c3ce0eb6b62233f4128fdb1c3b0f
model:LGT728D iter 146000: loss 1.3539, time 3525.13ms, mfu 0.97%
model:LGT728D iter 146010: loss 1.3611, time 220.85ms, mfu 0.99%
model:LGT728D iter 146020: loss 1.3597, time 229.21ms, mfu 1.01%
model:LGT728D iter 146030: loss 1.3645, time 248.86ms, mfu 1.01%
model:LGT728D iter 146040: loss 1.2869, time 236.15ms, mfu 1.02%
------average encoder activity 0.00000
-----------average decoder density 0.0000
step 146050: train loss 1.9962, val loss 1.9999
saving checkpoint to out-novel-char_LGT728D_4d06c3ce0eb6b62233f4128fdb1c3b0f
model:LGT728D iter 146050: loss 1.3224, time 3398.26ms, mfu 0.93%
model:LGT728D iter 146060: loss 1.4392, time 224.58ms, mfu 0.95%
model:LGT728D iter 146070: loss 1.3875, time 214.57ms, mfu 0.98%
model:LGT728D iter 146080: loss 1.3802, time 223.32ms, mfu 1.00%
model:LGT728D iter 146090: loss 1.3167, time 225.39ms, mfu 1.01%
------average encoder activity 0.00000
-----------average decoder density 0.0000
step 146100: train loss 2.0011, val loss 2.0072
saving checkpoint to out-novel-char_LGT728D_4d06c3ce0eb6b62233f4128fdb1c3b0f
model:LGT728D iter 146100: loss 1.3010, time 3652.56ms, mfu 0.92%
model:LGT728D iter 146110: loss 1.5421, time 171.41ms, mfu 0.98%
model:LGT728D iter 146120: loss 1.5837, time 188.76ms, mfu 1.02%
model:LGT728D iter 146130: loss 1.4491, time 238.12ms, mfu 1.03%
model:LGT728D iter 146140: loss 1.5068, time 190.03ms, mfu 1.06%
------average encoder activity 0.00000
-----------average decoder density 0.0000
step 146150: train loss 2.0056, val loss 2.0019
saving checkpoint to out-novel-char_LGT728D_4d06c3ce0eb6b62233f4128fdb1c3b0f
model:LGT728D iter 146150: loss 1.4892, time 3959.83ms, mfu 0.96%
model:LGT728D iter 146160: loss 1.4374, time 195.93ms, mfu 1.00%
model:LGT728D iter 146170: loss 1.4208, time 167.53ms, mfu 1.06%
model:LGT728D iter 146180: loss 1.4425, time 177.55ms, mfu 1.10%
model:LGT728D iter 146190: loss 1.4031, time 172.57ms, mfu 1.14%
------average encoder activity 0.00000
-----------average decoder density 0.0000
step 146200: train loss 1.9975, val loss 2.0100
saving checkpoint to out-novel-char_LGT728D_4d06c3ce0eb6b62233f4128fdb1c3b0f
model:LGT728D iter 146200: loss 1.4044, time 3891.29ms, mfu 1.03%
model:LGT728D iter 146210: loss 1.3213, time 200.52ms, mfu 1.06%
model:LGT728D iter 146220: loss 1.4586, time 191.72ms, mfu 1.09%
model:LGT728D iter 146230: loss 1.3715, time 195.79ms, mfu 1.12%
model:LGT728D iter 146240: loss 1.3982, time 189.33ms, mfu 1.14%
------average encoder activity 0.00000
-----------average decoder density 0.0000
step 146250: train loss 2.0015, val loss 2.0022
saving checkpoint to out-novel-char_LGT728D_4d06c3ce0eb6b62233f4128fdb1c3b0f
model:LGT728D iter 146250: loss 1.2888, time 3744.88ms, mfu 1.03%
model:LGT728D iter 146260: loss 1.3919, time 204.51ms, mfu 1.06%
model:LGT728D iter 146270: loss 1.5100, time 188.50ms, mfu 1.09%
model:LGT728D iter 146280: loss 1.3920, time 244.12ms, mfu 1.09%
model:LGT728D iter 146290: loss 1.4421, time 237.40ms, mfu 1.09%
------average encoder activity 0.00000
-----------average decoder density 0.0000
step 146300: train loss 2.0092, val loss 1.9956
saving checkpoint to out-novel-char_LGT728D_4d06c3ce0eb6b62233f4128fdb1c3b0f
model:LGT728D iter 146300: loss 1.3323, time 3492.08ms, mfu 0.99%
model:LGT728D iter 146310: loss 1.4002, time 240.98ms, mfu 1.00%
model:LGT728D iter 146320: loss 1.5101, time 239.21ms, mfu 1.01%
model:LGT728D iter 146330: loss 1.4405, time 222.77ms, mfu 1.03%
model:LGT728D iter 146340: loss 1.3717, time 227.45ms, mfu 1.04%
------average encoder activity 0.00000
-----------average decoder density 0.0000
step 146350: train loss 1.9983, val loss 1.9989
saving checkpoint to out-novel-char_LGT728D_4d06c3ce0eb6b62233f4128fdb1c3b0f
model:LGT728D iter 146350: loss 1.4579, time 3585.14ms, mfu 0.94%
model:LGT728D iter 146360: loss 1.3197, time 214.75ms, mfu 0.97%
model:LGT728D iter 146370: loss 1.2932, time 226.28ms, mfu 0.99%
model:LGT728D iter 146380: loss 1.2540, time 235.26ms, mfu 1.00%
model:LGT728D iter 146390: loss 1.3556, time 218.20ms, mfu 1.02%
------average encoder activity 0.00000
-----------average decoder density 0.0000
step 146400: train loss 1.9955, val loss 1.9970
saving checkpoint to out-novel-char_LGT728D_4d06c3ce0eb6b62233f4128fdb1c3b0f
model:LGT728D iter 146400: loss 1.2902, time 3873.49ms, mfu 0.92%
model:LGT728D iter 146410: loss 1.2333, time 178.43ms, mfu 0.98%
model:LGT728D iter 146420: loss 1.3930, time 176.46ms, mfu 1.03%
model:LGT728D iter 146430: loss 1.4772, time 239.34ms, mfu 1.04%
model:LGT728D iter 146440: loss 1.4025, time 250.70ms, mfu 1.04%
------average encoder activity 0.00000
-----------average decoder density 0.0000
step 146450: train loss 1.9989, val loss 2.0039
saving checkpoint to out-novel-char_LGT728D_4d06c3ce0eb6b62233f4128fdb1c3b0f
model:LGT728D iter 146450: loss 1.4209, time 4046.62ms, mfu 0.94%
model:LGT728D iter 146460: loss 1.3425, time 173.81ms, mfu 1.00%
model:LGT728D iter 146470: loss 1.4272, time 178.53ms, mfu 1.04%
model:LGT728D iter 146480: loss 1.1946, time 163.15ms, mfu 1.10%
model:LGT728D iter 146490: loss 1.1884, time 233.68ms, mfu 1.10%
------average encoder activity 0.00000
-----------average decoder density 0.0000
step 146500: train loss 2.0137, val loss 2.0006
saving checkpoint to out-novel-char_LGT728D_4d06c3ce0eb6b62233f4128fdb1c3b0f
model:LGT728D iter 146500: loss 1.4287, time 3959.96ms, mfu 1.00%
model:LGT728D iter 146510: loss 1.4278, time 219.98ms, mfu 1.02%
model:LGT728D iter 146520: loss 1.4908, time 214.92ms, mfu 1.04%
model:LGT728D iter 146530: loss 1.2683, time 218.35ms, mfu 1.05%
model:LGT728D iter 146540: loss 1.4037, time 178.45ms, mfu 1.09%
------average encoder activity 0.00000
-----------average decoder density 0.0000
step 146550: train loss 1.9894, val loss 2.0025
saving checkpoint to out-novel-char_LGT728D_4d06c3ce0eb6b62233f4128fdb1c3b0f
model:LGT728D iter 146550: loss 1.5285, time 3987.56ms, mfu 0.99%
model:LGT728D iter 146560: loss 1.3696, time 245.14ms, mfu 1.00%
model:LGT728D iter 146570: loss 1.4080, time 197.08ms, mfu 1.03%
model:LGT728D iter 146580: loss 1.4312, time 180.73ms, mfu 1.07%
model:LGT728D iter 146590: loss 1.3171, time 180.26ms, mfu 1.11%
------average encoder activity 0.00000
-----------average decoder density 0.0000
step 146600: train loss 2.0047, val loss 2.0035
saving checkpoint to out-novel-char_LGT728D_4d06c3ce0eb6b62233f4128fdb1c3b0f
model:LGT728D iter 146600: loss 1.2770, time 3974.67ms, mfu 1.01%
model:LGT728D iter 146610: loss 1.2766, time 186.58ms, mfu 1.05%
model:LGT728D iter 146620: loss 1.3470, time 231.59ms, mfu 1.05%
model:LGT728D iter 146630: loss 1.3614, time 238.73ms, mfu 1.06%
model:LGT728D iter 146640: loss 1.5494, time 215.39ms, mfu 1.07%
------average encoder activity 0.00000
-----------average decoder density 0.0000
step 146650: train loss 1.9946, val loss 1.9976
saving checkpoint to out-novel-char_LGT728D_4d06c3ce0eb6b62233f4128fdb1c3b0f
model:LGT728D iter 146650: loss 1.2797, time 3914.75ms, mfu 0.97%
model:LGT728D iter 146660: loss 1.4430, time 228.39ms, mfu 0.99%
model:LGT728D iter 146670: loss 1.3977, time 231.04ms, mfu 1.01%
model:LGT728D iter 146680: loss 1.3365, time 229.04ms, mfu 1.02%
model:LGT728D iter 146690: loss 1.4467, time 214.09ms, mfu 1.04%
------average encoder activity 0.00000
-----------average decoder density 0.0000
step 146700: train loss 2.0075, val loss 2.0163
saving checkpoint to out-novel-char_LGT728D_4d06c3ce0eb6b62233f4128fdb1c3b0f
model:LGT728D iter 146700: loss 1.2689, time 3978.42ms, mfu 0.94%
model:LGT728D iter 146710: loss 1.4263, time 227.95ms, mfu 0.96%
model:LGT728D iter 146720: loss 1.4770, time 232.09ms, mfu 0.98%
model:LGT728D iter 146730: loss 1.4431, time 237.20ms, mfu 0.99%
model:LGT728D iter 146740: loss 1.3895, time 212.70ms, mfu 1.02%
------average encoder activity 0.00000
-----------average decoder density 0.0000
step 146750: train loss 2.0080, val loss 2.0058
saving checkpoint to out-novel-char_LGT728D_4d06c3ce0eb6b62233f4128fdb1c3b0f
model:LGT728D iter 146750: loss 1.2120, time 3788.23ms, mfu 0.92%
model:LGT728D iter 146760: loss 1.3534, time 233.33ms, mfu 0.94%
model:LGT728D iter 146770: loss 1.3983, time 236.58ms, mfu 0.96%
model:LGT728D iter 146780: loss 1.4436, time 225.75ms, mfu 0.98%
model:LGT728D iter 146790: loss 1.4311, time 226.34ms, mfu 1.00%
------average encoder activity 0.00000
-----------average decoder density 0.0000
step 146800: train loss 1.9889, val loss 1.9983
saving checkpoint to out-novel-char_LGT728D_4d06c3ce0eb6b62233f4128fdb1c3b0f
model:LGT728D iter 146800: loss 1.4504, time 3598.80ms, mfu 0.90%
model:LGT728D iter 146810: loss 1.5102, time 255.22ms, mfu 0.92%
model:LGT728D iter 146820: loss 1.4355, time 248.93ms, mfu 0.93%
model:LGT728D iter 146830: loss 1.4420, time 243.29ms, mfu 0.94%
model:LGT728D iter 146840: loss 1.4354, time 228.63ms, mfu 0.96%
------average encoder activity 0.00000
-----------average decoder density 0.0000
step 146850: train loss 1.9990, val loss 1.9937
saving checkpoint to out-novel-char_LGT728D_4d06c3ce0eb6b62233f4128fdb1c3b0f
model:LGT728D iter 146850: loss 1.4405, time 3521.64ms, mfu 0.87%
model:LGT728D iter 146860: loss 1.3534, time 232.37ms, mfu 0.90%
model:LGT728D iter 146870: loss 1.3581, time 233.15ms, mfu 0.92%
model:LGT728D iter 146880: loss 1.4362, time 240.27ms, mfu 0.94%
model:LGT728D iter 146890: loss 1.3593, time 226.48ms, mfu 0.96%
------average encoder activity 0.00000
-----------average decoder density 0.0000
step 146900: train loss 2.0017, val loss 2.0148
saving checkpoint to out-novel-char_LGT728D_4d06c3ce0eb6b62233f4128fdb1c3b0f
model:LGT728D iter 146900: loss 1.3462, time 3665.30ms, mfu 0.87%
model:LGT728D iter 146910: loss 1.3462, time 242.63ms, mfu 0.89%
model:LGT728D iter 146920: loss 1.2925, time 242.48ms, mfu 0.91%
model:LGT728D iter 146930: loss 1.3749, time 224.65ms, mfu 0.94%
model:LGT728D iter 146940: loss 1.4730, time 176.07ms, mfu 0.99%
------average encoder activity 0.00000
-----------average decoder density 0.0000
step 146950: train loss 2.0023, val loss 1.9954
saving checkpoint to out-novel-char_LGT728D_4d06c3ce0eb6b62233f4128fdb1c3b0f
model:LGT728D iter 146950: loss 1.3804, time 3915.76ms, mfu 0.90%
model:LGT728D iter 146960: loss 1.3874, time 184.28ms, mfu 0.95%
model:LGT728D iter 146970: loss 1.4895, time 206.30ms, mfu 0.98%
model:LGT728D iter 146980: loss 1.4528, time 188.99ms, mfu 1.02%
model:LGT728D iter 146990: loss 1.3937, time 172.91ms, mfu 1.07%
------average encoder activity 0.00000
-----------average decoder density 0.0000
step 147000: train loss 1.9893, val loss 1.9949
saving checkpoint to out-novel-char_LGT728D_4d06c3ce0eb6b62233f4128fdb1c3b0f
model:LGT728D iter 147000: loss 1.3857, time 4365.41ms, mfu 0.97%
model:LGT728D iter 147010: loss 1.2957, time 186.71ms, mfu 1.01%
model:LGT728D iter 147020: loss 1.3247, time 183.61ms, mfu 1.06%
model:LGT728D iter 147030: loss 1.1973, time 158.98ms, mfu 1.11%
model:LGT728D iter 147040: loss 1.3944, time 165.47ms, mfu 1.16%
------average encoder activity 0.00000
-----------average decoder density 0.0000
step 147050: train loss 1.9951, val loss 1.9818
saving checkpoint to out-novel-char_LGT728D_4d06c3ce0eb6b62233f4128fdb1c3b0f
model:LGT728D iter 147050: loss 1.3137, time 4281.03ms, mfu 1.05%
model:LGT728D iter 147060: loss 1.3944, time 189.80ms, mfu 1.08%
model:LGT728D iter 147070: loss 1.3282, time 204.48ms, mfu 1.10%
model:LGT728D iter 147080: loss 1.5598, time 225.86ms, mfu 1.11%
model:LGT728D iter 147090: loss 1.4813, time 210.45ms, mfu 1.12%
------average encoder activity 0.00000
-----------average decoder density 0.0000
step 147100: train loss 2.0068, val loss 2.0113
saving checkpoint to out-novel-char_LGT728D_4d06c3ce0eb6b62233f4128fdb1c3b0f
model:LGT728D iter 147100: loss 1.2930, time 4154.11ms, mfu 1.02%
model:LGT728D iter 147110: loss 1.3897, time 232.19ms, mfu 1.03%
model:LGT728D iter 147120: loss 1.3438, time 227.63ms, mfu 1.04%
model:LGT728D iter 147130: loss 1.2947, time 225.27ms, mfu 1.05%
model:LGT728D iter 147140: loss 1.3352, time 219.18ms, mfu 1.07%
------average encoder activity 0.00000
-----------average decoder density 0.0000
step 147150: train loss 1.9947, val loss 1.9858
saving checkpoint to out-novel-char_LGT728D_4d06c3ce0eb6b62233f4128fdb1c3b0f
model:LGT728D iter 147150: loss 1.3434, time 4192.75ms, mfu 0.97%
model:LGT728D iter 147160: loss 1.3225, time 233.99ms, mfu 0.98%
model:LGT728D iter 147170: loss 1.4975, time 227.49ms, mfu 1.00%
model:LGT728D iter 147180: loss 1.4938, time 225.32ms, mfu 1.01%
model:LGT728D iter 147190: loss 1.4716, time 231.61ms, mfu 1.03%
------average encoder activity 0.00000
-----------average decoder density 0.0000
step 147200: train loss 1.9906, val loss 2.0083
saving checkpoint to out-novel-char_LGT728D_4d06c3ce0eb6b62233f4128fdb1c3b0f
model:LGT728D iter 147200: loss 1.4107, time 3946.70ms, mfu 0.93%
model:LGT728D iter 147210: loss 1.5333, time 240.32ms, mfu 0.95%
model:LGT728D iter 147220: loss 1.4057, time 231.77ms, mfu 0.96%
model:LGT728D iter 147230: loss 1.4093, time 236.25ms, mfu 0.98%
model:LGT728D iter 147240: loss 1.3454, time 248.93ms, mfu 0.99%
------average encoder activity 0.00000
-----------average decoder density 0.0000
step 147250: train loss 1.9961, val loss 1.9854
saving checkpoint to out-novel-char_LGT728D_4d06c3ce0eb6b62233f4128fdb1c3b0f
model:LGT728D iter 147250: loss 1.3715, time 3593.83ms, mfu 0.89%
model:LGT728D iter 147260: loss 1.3308, time 245.84ms, mfu 0.91%
model:LGT728D iter 147270: loss 1.5702, time 240.95ms, mfu 0.93%
model:LGT728D iter 147280: loss 1.2493, time 195.14ms, mfu 0.97%
model:LGT728D iter 147290: loss 1.3854, time 239.38ms, mfu 0.98%
------average encoder activity 0.00000
-----------average decoder density 0.0000
step 147300: train loss 2.0068, val loss 1.9993
saving checkpoint to out-novel-char_LGT728D_4d06c3ce0eb6b62233f4128fdb1c3b0f
model:LGT728D iter 147300: loss 1.3575, time 3411.46ms, mfu 0.89%
model:LGT728D iter 147310: loss 1.3583, time 240.35ms, mfu 0.91%
model:LGT728D iter 147320: loss 1.3054, time 236.00ms, mfu 0.93%
model:LGT728D iter 147330: loss 1.3283, time 237.43ms, mfu 0.95%
model:LGT728D iter 147340: loss 1.2867, time 227.37ms, mfu 0.97%
------average encoder activity 0.00000
-----------average decoder density 0.0000
step 147350: train loss 1.9943, val loss 1.9775
saving checkpoint to out-novel-char_LGT728D_4d06c3ce0eb6b62233f4128fdb1c3b0f
model:LGT728D iter 147350: loss 1.2787, time 3557.91ms, mfu 0.88%
model:LGT728D iter 147360: loss 1.4847, time 232.66ms, mfu 0.90%
model:LGT728D iter 147370: loss 1.3099, time 236.29ms, mfu 0.92%
model:LGT728D iter 147380: loss 1.4427, time 228.92ms, mfu 0.95%
model:LGT728D iter 147390: loss 1.4943, time 230.23ms, mfu 0.97%
------average encoder activity 0.00000
-----------average decoder density 0.0000
step 147400: train loss 2.0027, val loss 2.0046
saving checkpoint to out-novel-char_LGT728D_4d06c3ce0eb6b62233f4128fdb1c3b0f
model:LGT728D iter 147400: loss 1.3821, time 3714.09ms, mfu 0.88%
model:LGT728D iter 147410: loss 1.5131, time 220.59ms, mfu 0.91%
model:LGT728D iter 147420: loss 1.2853, time 232.36ms, mfu 0.93%
model:LGT728D iter 147430: loss 1.2545, time 230.85ms, mfu 0.95%
model:LGT728D iter 147440: loss 1.4059, time 226.63ms, mfu 0.97%
------average encoder activity 0.00000
-----------average decoder density 0.0000
step 147450: train loss 2.0156, val loss 1.9972
saving checkpoint to out-novel-char_LGT728D_4d06c3ce0eb6b62233f4128fdb1c3b0f
model:LGT728D iter 147450: loss 1.3743, time 3807.56ms, mfu 0.88%
model:LGT728D iter 147460: loss 1.3493, time 164.16ms, mfu 0.95%
model:LGT728D iter 147470: loss 1.4082, time 224.30ms, mfu 0.97%
model:LGT728D iter 147480: loss 1.3277, time 235.93ms, mfu 0.99%
model:LGT728D iter 147490: loss 1.4389, time 240.78ms, mfu 1.00%
------average encoder activity 0.00000
-----------average decoder density 0.0000
step 147500: train loss 1.9978, val loss 1.9915
saving checkpoint to out-novel-char_LGT728D_4d06c3ce0eb6b62233f4128fdb1c3b0f
model:LGT728D iter 147500: loss 1.1928, time 4022.25ms, mfu 0.90%
model:LGT728D iter 147510: loss 1.3605, time 223.85ms, mfu 0.93%
model:LGT728D iter 147520: loss 1.5088, time 232.44ms, mfu 0.95%
model:LGT728D iter 147530: loss 1.5534, time 227.21ms, mfu 0.97%
model:LGT728D iter 147540: loss 1.3322, time 234.80ms, mfu 0.98%
------average encoder activity 0.00000
-----------average decoder density 0.0000
step 147550: train loss 1.9979, val loss 2.0082
saving checkpoint to out-novel-char_LGT728D_4d06c3ce0eb6b62233f4128fdb1c3b0f
model:LGT728D iter 147550: loss 1.3358, time 3964.58ms, mfu 0.89%
model:LGT728D iter 147560: loss 1.6289, time 216.13ms, mfu 0.92%
model:LGT728D iter 147570: loss 1.2169, time 215.38ms, mfu 0.95%
model:LGT728D iter 147580: loss 1.3840, time 237.77ms, mfu 0.97%
model:LGT728D iter 147590: loss 1.4027, time 232.69ms, mfu 0.98%
------average encoder activity 0.00000
-----------average decoder density 0.0000
step 147600: train loss 1.9854, val loss 1.9765
saving checkpoint to out-novel-char_LGT728D_4d06c3ce0eb6b62233f4128fdb1c3b0f
model:LGT728D iter 147600: loss 1.4972, time 3917.62ms, mfu 0.89%
model:LGT728D iter 147610: loss 1.4764, time 216.16ms, mfu 0.92%
model:LGT728D iter 147620: loss 1.4264, time 216.28ms, mfu 0.95%
model:LGT728D iter 147630: loss 1.2555, time 237.71ms, mfu 0.97%
model:LGT728D iter 147640: loss 1.4032, time 230.62ms, mfu 0.98%
------average encoder activity 0.00000
-----------average decoder density 0.0000
step 147650: train loss 1.9893, val loss 1.9838
saving checkpoint to out-novel-char_LGT728D_4d06c3ce0eb6b62233f4128fdb1c3b0f
model:LGT728D iter 147650: loss 1.3314, time 4025.62ms, mfu 0.89%
model:LGT728D iter 147660: loss 1.4191, time 233.52ms, mfu 0.92%
model:LGT728D iter 147670: loss 1.4277, time 222.37ms, mfu 0.94%
model:LGT728D iter 147680: loss 1.3942, time 220.74ms, mfu 0.97%
model:LGT728D iter 147690: loss 1.3442, time 223.23ms, mfu 0.99%
------average encoder activity 0.00000
-----------average decoder density 0.0000
step 147700: train loss 1.9852, val loss 1.9910
saving checkpoint to out-novel-char_LGT728D_4d06c3ce0eb6b62233f4128fdb1c3b0f
model:LGT728D iter 147700: loss 1.4273, time 4763.70ms, mfu 0.89%
model:LGT728D iter 147710: loss 1.3893, time 241.28ms, mfu 0.91%
model:LGT728D iter 147720: loss 1.3274, time 221.77ms, mfu 0.94%
model:LGT728D iter 147730: loss 1.3066, time 160.40ms, mfu 1.01%
model:LGT728D iter 147740: loss 1.2617, time 175.73ms, mfu 1.06%
------average encoder activity 0.00000
-----------average decoder density 0.0000
step 147750: train loss 1.9996, val loss 1.9934
saving checkpoint to out-novel-char_LGT728D_4d06c3ce0eb6b62233f4128fdb1c3b0f
model:LGT728D iter 147750: loss 1.3126, time 4401.39ms, mfu 0.96%
model:LGT728D iter 147760: loss 1.3431, time 181.76ms, mfu 1.01%
model:LGT728D iter 147770: loss 1.2484, time 184.52ms, mfu 1.05%
model:LGT728D iter 147780: loss 1.3851, time 202.06ms, mfu 1.07%
model:LGT728D iter 147790: loss 1.3891, time 187.94ms, mfu 1.10%
------average encoder activity 0.00000
-----------average decoder density 0.0000
step 147800: train loss 2.0043, val loss 2.0098
saving checkpoint to out-novel-char_LGT728D_4d06c3ce0eb6b62233f4128fdb1c3b0f
model:LGT728D iter 147800: loss 1.4164, time 3678.59ms, mfu 1.00%
model:LGT728D iter 147810: loss 1.1407, time 189.72ms, mfu 1.04%
model:LGT728D iter 147820: loss 1.2582, time 188.59ms, mfu 1.07%
model:LGT728D iter 147830: loss 1.4606, time 191.06ms, mfu 1.10%
model:LGT728D iter 147840: loss 1.4106, time 232.34ms, mfu 1.11%
------average encoder activity 0.00000
-----------average decoder density 0.0000
step 147850: train loss 1.9950, val loss 1.9910
saving checkpoint to out-novel-char_LGT728D_4d06c3ce0eb6b62233f4128fdb1c3b0f
model:LGT728D iter 147850: loss 1.5246, time 4198.30ms, mfu 1.00%
model:LGT728D iter 147860: loss 1.4315, time 178.17ms, mfu 1.05%
model:LGT728D iter 147870: loss 1.2124, time 183.59ms, mfu 1.09%
model:LGT728D iter 147880: loss 1.2291, time 228.28ms, mfu 1.09%
model:LGT728D iter 147890: loss 1.5004, time 233.54ms, mfu 1.09%
------average encoder activity 0.00000
-----------average decoder density 0.0000
step 147900: train loss 1.9816, val loss 1.9848
saving checkpoint to out-novel-char_LGT728D_4d06c3ce0eb6b62233f4128fdb1c3b0f
model:LGT728D iter 147900: loss 1.3278, time 4178.94ms, mfu 0.99%
model:LGT728D iter 147910: loss 1.3147, time 219.65ms, mfu 1.01%
model:LGT728D iter 147920: loss 1.3600, time 174.69ms, mfu 1.06%
model:LGT728D iter 147930: loss 1.2996, time 234.71ms, mfu 1.07%
model:LGT728D iter 147940: loss 1.3805, time 248.77ms, mfu 1.06%
------average encoder activity 0.00000
-----------average decoder density 0.0000
step 147950: train loss 1.9978, val loss 1.9954
saving checkpoint to out-novel-char_LGT728D_4d06c3ce0eb6b62233f4128fdb1c3b0f
model:LGT728D iter 147950: loss 1.4380, time 4265.85ms, mfu 0.96%
model:LGT728D iter 147960: loss 1.2625, time 178.51ms, mfu 1.01%
model:LGT728D iter 147970: loss 1.2313, time 181.97ms, mfu 1.06%
model:LGT728D iter 147980: loss 1.2673, time 185.98ms, mfu 1.09%
model:LGT728D iter 147990: loss 1.5069, time 204.60ms, mfu 1.11%
------average encoder activity 0.00000
-----------average decoder density 0.0000
step 148000: train loss 1.9929, val loss 1.9809
saving checkpoint to out-novel-char_LGT728D_4d06c3ce0eb6b62233f4128fdb1c3b0f
model:LGT728D iter 148000: loss 1.3048, time 4144.37ms, mfu 1.01%
model:LGT728D iter 148010: loss 1.4025, time 223.69ms, mfu 1.02%
model:LGT728D iter 148020: loss 1.3866, time 221.18ms, mfu 1.04%
model:LGT728D iter 148030: loss 1.3353, time 214.53ms, mfu 1.06%
model:LGT728D iter 148040: loss 1.3756, time 227.26ms, mfu 1.07%
------average encoder activity 0.00000
-----------average decoder density 0.0000
step 148050: train loss 1.9802, val loss 1.9964
saving checkpoint to out-novel-char_LGT728D_4d06c3ce0eb6b62233f4128fdb1c3b0f
model:LGT728D iter 148050: loss 1.4121, time 4217.26ms, mfu 0.97%
model:LGT728D iter 148060: loss 1.4010, time 225.46ms, mfu 0.98%
model:LGT728D iter 148070: loss 1.3150, time 225.70ms, mfu 1.00%
model:LGT728D iter 148080: loss 1.3820, time 213.11ms, mfu 1.02%
model:LGT728D iter 148090: loss 1.2193, time 223.43ms, mfu 1.04%
------average encoder activity 0.00000
-----------average decoder density 0.0000
step 148100: train loss 1.9821, val loss 1.9859
saving checkpoint to out-novel-char_LGT728D_4d06c3ce0eb6b62233f4128fdb1c3b0f
model:LGT728D iter 148100: loss 1.1696, time 4169.52ms, mfu 0.94%
model:LGT728D iter 148110: loss 1.4460, time 222.04ms, mfu 0.97%
model:LGT728D iter 148120: loss 1.4739, time 237.55ms, mfu 0.98%
model:LGT728D iter 148130: loss 1.3020, time 222.97ms, mfu 1.00%
model:LGT728D iter 148140: loss 1.3595, time 225.66ms, mfu 1.01%
------average encoder activity 0.00000
-----------average decoder density 0.0000
step 148150: train loss 1.9905, val loss 2.0005
saving checkpoint to out-novel-char_LGT728D_4d06c3ce0eb6b62233f4128fdb1c3b0f
model:LGT728D iter 148150: loss 1.4580, time 4176.00ms, mfu 0.92%
model:LGT728D iter 148160: loss 1.3525, time 236.40ms, mfu 0.94%
model:LGT728D iter 148170: loss 1.4620, time 231.14ms, mfu 0.96%
model:LGT728D iter 148180: loss 1.4798, time 213.71ms, mfu 0.98%
model:LGT728D iter 148190: loss 1.5825, time 218.24ms, mfu 1.01%
------average encoder activity 0.00000
-----------average decoder density 0.0000
step 148200: train loss 1.9827, val loss 1.9872
saving checkpoint to out-novel-char_LGT728D_4d06c3ce0eb6b62233f4128fdb1c3b0f
model:LGT728D iter 148200: loss 1.2105, time 3959.30ms, mfu 0.91%
model:LGT728D iter 148210: loss 1.3972, time 220.27ms, mfu 0.94%
model:LGT728D iter 148220: loss 1.3929, time 227.25ms, mfu 0.96%
model:LGT728D iter 148230: loss 1.5084, time 216.14ms, mfu 0.99%
model:LGT728D iter 148240: loss 1.2100, time 224.26ms, mfu 1.00%
------average encoder activity 0.00000
-----------average decoder density 0.0000
step 148250: train loss 1.9879, val loss 1.9987
saving checkpoint to out-novel-char_LGT728D_4d06c3ce0eb6b62233f4128fdb1c3b0f
model:LGT728D iter 148250: loss 1.3480, time 3808.35ms, mfu 0.91%
model:LGT728D iter 148260: loss 1.4037, time 231.62ms, mfu 0.93%
model:LGT728D iter 148270: loss 1.3706, time 232.82ms, mfu 0.95%
model:LGT728D iter 148280: loss 1.4346, time 233.13ms, mfu 0.97%
model:LGT728D iter 148290: loss 1.5054, time 221.77ms, mfu 0.99%
------average encoder activity 0.00000
-----------average decoder density 0.0000
step 148300: train loss 1.9881, val loss 1.9966
saving checkpoint to out-novel-char_LGT728D_4d06c3ce0eb6b62233f4128fdb1c3b0f
model:LGT728D iter 148300: loss 1.3470, time 3604.93ms, mfu 0.90%
model:LGT728D iter 148310: loss 1.4333, time 238.39ms, mfu 0.92%
model:LGT728D iter 148320: loss 1.2598, time 250.42ms, mfu 0.93%
model:LGT728D iter 148330: loss 1.3276, time 185.66ms, mfu 0.98%
model:LGT728D iter 148340: loss 1.4049, time 224.28ms, mfu 1.00%
------average encoder activity 0.00000
-----------average decoder density 0.0000
step 148350: train loss 1.9815, val loss 1.9927
saving checkpoint to out-novel-char_LGT728D_4d06c3ce0eb6b62233f4128fdb1c3b0f
model:LGT728D iter 148350: loss 1.3935, time 3359.61ms, mfu 0.91%
model:LGT728D iter 148360: loss 1.3353, time 215.20ms, mfu 0.94%
model:LGT728D iter 148370: loss 1.4278, time 206.47ms, mfu 0.97%
model:LGT728D iter 148380: loss 1.2412, time 234.07ms, mfu 0.98%
model:LGT728D iter 148390: loss 1.5802, time 240.95ms, mfu 0.99%
------average encoder activity 0.00000
-----------average decoder density 0.0000
step 148400: train loss 2.0063, val loss 1.9911
saving checkpoint to out-novel-char_LGT728D_4d06c3ce0eb6b62233f4128fdb1c3b0f
model:LGT728D iter 148400: loss 1.5449, time 3657.79ms, mfu 0.90%
model:LGT728D iter 148410: loss 1.3235, time 179.29ms, mfu 0.96%
model:LGT728D iter 148420: loss 1.4601, time 232.24ms, mfu 0.97%
model:LGT728D iter 148430: loss 1.4871, time 221.79ms, mfu 1.00%
model:LGT728D iter 148440: loss 1.2785, time 233.89ms, mfu 1.01%
------average encoder activity 0.00000
-----------average decoder density 0.0000
step 148450: train loss 1.9771, val loss 1.9930
saving checkpoint to out-novel-char_LGT728D_4d06c3ce0eb6b62233f4128fdb1c3b0f
model:LGT728D iter 148450: loss 1.3585, time 3762.29ms, mfu 0.91%
model:LGT728D iter 148460: loss 1.5099, time 218.27ms, mfu 0.94%
model:LGT728D iter 148470: loss 1.3033, time 223.93ms, mfu 0.97%
model:LGT728D iter 148480: loss 1.4665, time 186.05ms, mfu 1.01%
model:LGT728D iter 148490: loss 1.5479, time 227.06ms, mfu 1.02%
------average encoder activity 0.00000
-----------average decoder density 0.0000
step 148500: train loss 1.9914, val loss 1.9780
saving checkpoint to out-novel-char_LGT728D_4d06c3ce0eb6b62233f4128fdb1c3b0f
model:LGT728D iter 148500: loss 1.4153, time 3846.21ms, mfu 0.93%
model:LGT728D iter 148510: loss 1.2928, time 231.09ms, mfu 0.95%
model:LGT728D iter 148520: loss 1.3624, time 218.74ms, mfu 0.97%
model:LGT728D iter 148530: loss 1.2160, time 214.58ms, mfu 1.00%
model:LGT728D iter 148540: loss 1.2804, time 226.89ms, mfu 1.01%
------average encoder activity 0.00000
-----------average decoder density 0.0000
step 148550: train loss 1.9969, val loss 1.9920
saving checkpoint to out-novel-char_LGT728D_4d06c3ce0eb6b62233f4128fdb1c3b0f
model:LGT728D iter 148550: loss 1.3470, time 4108.04ms, mfu 0.92%
model:LGT728D iter 148560: loss 1.3550, time 195.95ms, mfu 0.96%
model:LGT728D iter 148570: loss 1.5046, time 178.21ms, mfu 1.01%
model:LGT728D iter 148580: loss 1.2451, time 165.94ms, mfu 1.07%
model:LGT728D iter 148590: loss 1.3778, time 182.28ms, mfu 1.10%
------average encoder activity 0.00000
-----------average decoder density 0.0000
step 148600: train loss 1.9929, val loss 1.9994
saving checkpoint to out-novel-char_LGT728D_4d06c3ce0eb6b62233f4128fdb1c3b0f
model:LGT728D iter 148600: loss 1.5598, time 4136.08ms, mfu 1.00%
model:LGT728D iter 148610: loss 1.1988, time 232.98ms, mfu 1.01%
model:LGT728D iter 148620: loss 1.4470, time 209.86ms, mfu 1.04%
model:LGT728D iter 148630: loss 1.2859, time 195.35ms, mfu 1.07%
model:LGT728D iter 148640: loss 1.3619, time 182.98ms, mfu 1.10%
------average encoder activity 0.00000
-----------average decoder density 0.0000
step 148650: train loss 1.9853, val loss 1.9830
saving checkpoint to out-novel-char_LGT728D_4d06c3ce0eb6b62233f4128fdb1c3b0f
model:LGT728D iter 148650: loss 1.4063, time 3756.12ms, mfu 1.00%
model:LGT728D iter 148660: loss 1.4131, time 220.48ms, mfu 1.02%
model:LGT728D iter 148670: loss 1.4372, time 199.38ms, mfu 1.05%
model:LGT728D iter 148680: loss 1.1855, time 221.11ms, mfu 1.06%
model:LGT728D iter 148690: loss 1.3846, time 171.88ms, mfu 1.11%
------average encoder activity 0.00000
-----------average decoder density 0.0000
step 148700: train loss 1.9746, val loss 1.9784
saving checkpoint to out-novel-char_LGT728D_4d06c3ce0eb6b62233f4128fdb1c3b0f
model:LGT728D iter 148700: loss 1.4051, time 3866.32ms, mfu 1.00%
model:LGT728D iter 148710: loss 1.3856, time 161.66ms, mfu 1.06%
model:LGT728D iter 148720: loss 1.3279, time 179.53ms, mfu 1.10%
model:LGT728D iter 148730: loss 1.3245, time 221.70ms, mfu 1.11%
model:LGT728D iter 148740: loss 1.4147, time 198.05ms, mfu 1.13%
------average encoder activity 0.00000
-----------average decoder density 0.0000
step 148750: train loss 1.9929, val loss 1.9953
saving checkpoint to out-novel-char_LGT728D_4d06c3ce0eb6b62233f4128fdb1c3b0f
model:LGT728D iter 148750: loss 1.2683, time 4021.16ms, mfu 1.03%
model:LGT728D iter 148760: loss 1.4232, time 216.17ms, mfu 1.04%
model:LGT728D iter 148770: loss 1.4273, time 162.92ms, mfu 1.10%
model:LGT728D iter 148780: loss 1.3531, time 161.57ms, mfu 1.15%
model:LGT728D iter 148790: loss 1.3678, time 231.74ms, mfu 1.15%
------average encoder activity 0.00000
-----------average decoder density 0.0000
step 148800: train loss 2.0039, val loss 2.0011
saving checkpoint to out-novel-char_LGT728D_4d06c3ce0eb6b62233f4128fdb1c3b0f
model:LGT728D iter 148800: loss 1.4748, time 3920.49ms, mfu 1.04%
model:LGT728D iter 148810: loss 1.2215, time 233.13ms, mfu 1.05%
model:LGT728D iter 148820: loss 1.3562, time 228.30ms, mfu 1.06%
model:LGT728D iter 148830: loss 1.6369, time 224.23ms, mfu 1.07%
model:LGT728D iter 148840: loss 1.4814, time 229.44ms, mfu 1.08%
------average encoder activity 0.00000
-----------average decoder density 0.0000
step 148850: train loss 1.9820, val loss 1.9973
saving checkpoint to out-novel-char_LGT728D_4d06c3ce0eb6b62233f4128fdb1c3b0f
model:LGT728D iter 148850: loss 1.2494, time 4030.65ms, mfu 0.98%
model:LGT728D iter 148860: loss 1.2558, time 231.71ms, mfu 0.99%
model:LGT728D iter 148870: loss 1.2824, time 191.84ms, mfu 1.03%
model:LGT728D iter 148880: loss 1.2687, time 238.21ms, mfu 1.04%
model:LGT728D iter 148890: loss 1.3391, time 223.55ms, mfu 1.05%
------average encoder activity 0.00000
-----------average decoder density 0.0000
step 148900: train loss 1.9821, val loss 1.9899
saving checkpoint to out-novel-char_LGT728D_4d06c3ce0eb6b62233f4128fdb1c3b0f
model:LGT728D iter 148900: loss 1.3208, time 4098.15ms, mfu 0.95%
model:LGT728D iter 148910: loss 1.5326, time 247.51ms, mfu 0.96%
model:LGT728D iter 148920: loss 1.3564, time 234.52ms, mfu 0.98%
model:LGT728D iter 148930: loss 1.2592, time 232.93ms, mfu 0.99%
model:LGT728D iter 148940: loss 1.5241, time 176.53ms, mfu 1.04%
------average encoder activity 0.00000
-----------average decoder density 0.0000
step 148950: train loss 1.9850, val loss 2.0059
saving checkpoint to out-novel-char_LGT728D_4d06c3ce0eb6b62233f4128fdb1c3b0f
model:LGT728D iter 148950: loss 1.1336, time 4057.70ms, mfu 0.94%
model:LGT728D iter 148960: loss 1.4761, time 220.07ms, mfu 0.97%
model:LGT728D iter 148970: loss 1.4898, time 237.40ms, mfu 0.98%
model:LGT728D iter 148980: loss 1.3335, time 230.29ms, mfu 1.00%
model:LGT728D iter 148990: loss 1.5218, time 215.17ms, mfu 1.02%
------average encoder activity 0.00000
-----------average decoder density 0.0000
step 149000: train loss 1.9916, val loss 1.9929
saving checkpoint to out-novel-char_LGT728D_4d06c3ce0eb6b62233f4128fdb1c3b0f
model:LGT728D iter 149000: loss 1.4053, time 4103.50ms, mfu 0.92%
model:LGT728D iter 149010: loss 1.5053, time 230.24ms, mfu 0.94%
model:LGT728D iter 149020: loss 1.4731, time 228.76ms, mfu 0.96%
model:LGT728D iter 149030: loss 1.6225, time 236.48ms, mfu 0.98%
model:LGT728D iter 149040: loss 1.4017, time 213.79ms, mfu 1.00%
------average encoder activity 0.00000
-----------average decoder density 0.0000
step 149050: train loss 1.9988, val loss 2.0017
saving checkpoint to out-novel-char_LGT728D_4d06c3ce0eb6b62233f4128fdb1c3b0f
model:LGT728D iter 149050: loss 1.1385, time 3999.84ms, mfu 0.91%
model:LGT728D iter 149060: loss 1.3784, time 234.86ms, mfu 0.93%
model:LGT728D iter 149070: loss 1.4290, time 233.02ms, mfu 0.95%
model:LGT728D iter 149080: loss 1.3580, time 227.29ms, mfu 0.97%
model:LGT728D iter 149090: loss 1.5699, time 214.31ms, mfu 0.99%
------average encoder activity 0.00000
-----------average decoder density 0.0000
step 149100: train loss 1.9790, val loss 1.9806
saving checkpoint to out-novel-char_LGT728D_4d06c3ce0eb6b62233f4128fdb1c3b0f
model:LGT728D iter 149100: loss 1.5160, time 4089.25ms, mfu 0.90%
model:LGT728D iter 149110: loss 1.5384, time 220.62ms, mfu 0.93%
model:LGT728D iter 149120: loss 1.4143, time 170.35ms, mfu 0.99%
model:LGT728D iter 149130: loss 1.3782, time 170.20ms, mfu 1.05%
model:LGT728D iter 149140: loss 1.2646, time 174.13ms, mfu 1.09%
------average encoder activity 0.00000
-----------average decoder density 0.0000
step 149150: train loss 1.9964, val loss 1.9948
saving checkpoint to out-novel-char_LGT728D_4d06c3ce0eb6b62233f4128fdb1c3b0f
model:LGT728D iter 149150: loss 1.2453, time 3573.17ms, mfu 0.99%
model:LGT728D iter 149160: loss 1.3112, time 147.55ms, mfu 1.07%
model:LGT728D iter 149170: loss 1.3811, time 174.54ms, mfu 1.11%
model:LGT728D iter 149180: loss 1.3265, time 176.57ms, mfu 1.15%
model:LGT728D iter 149190: loss 1.3432, time 168.46ms, mfu 1.19%
------average encoder activity 0.00000
-----------average decoder density 0.0000
step 149200: train loss 1.9966, val loss 2.0083
saving checkpoint to out-novel-char_LGT728D_4d06c3ce0eb6b62233f4128fdb1c3b0f
model:LGT728D iter 149200: loss 1.2883, time 3782.32ms, mfu 1.08%
model:LGT728D iter 149210: loss 1.3562, time 176.12ms, mfu 1.12%
model:LGT728D iter 149220: loss 1.1752, time 223.81ms, mfu 1.12%
model:LGT728D iter 149230: loss 1.1505, time 219.40ms, mfu 1.13%
model:LGT728D iter 149240: loss 1.3297, time 227.50ms, mfu 1.13%
------average encoder activity 0.00000
-----------average decoder density 0.0000
step 149250: train loss 1.9983, val loss 1.9924
saving checkpoint to out-novel-char_LGT728D_4d06c3ce0eb6b62233f4128fdb1c3b0f
model:LGT728D iter 149250: loss 1.5276, time 3985.39ms, mfu 1.03%
model:LGT728D iter 149260: loss 1.3384, time 228.77ms, mfu 1.04%
model:LGT728D iter 149270: loss 1.6498, time 232.51ms, mfu 1.05%
model:LGT728D iter 149280: loss 1.3116, time 215.66ms, mfu 1.06%
model:LGT728D iter 149290: loss 1.3139, time 207.34ms, mfu 1.08%
------average encoder activity 0.00000
-----------average decoder density 0.0000
step 149300: train loss 1.9793, val loss 1.9853
saving checkpoint to out-novel-char_LGT728D_4d06c3ce0eb6b62233f4128fdb1c3b0f
model:LGT728D iter 149300: loss 1.4015, time 4096.62ms, mfu 0.98%
model:LGT728D iter 149310: loss 1.3876, time 231.77ms, mfu 1.00%
model:LGT728D iter 149320: loss 1.5383, time 178.11ms, mfu 1.04%
model:LGT728D iter 149330: loss 1.3452, time 228.35ms, mfu 1.05%
model:LGT728D iter 149340: loss 1.2102, time 215.46ms, mfu 1.07%
------average encoder activity 0.00000
-----------average decoder density 0.0000
step 149350: train loss 1.9979, val loss 2.0069
saving checkpoint to out-novel-char_LGT728D_4d06c3ce0eb6b62233f4128fdb1c3b0f
model:LGT728D iter 149350: loss 1.4682, time 4041.89ms, mfu 0.97%
model:LGT728D iter 149360: loss 1.2880, time 226.35ms, mfu 0.99%
model:LGT728D iter 149370: loss 1.1439, time 227.54ms, mfu 1.00%
model:LGT728D iter 149380: loss 1.3987, time 239.07ms, mfu 1.01%
model:LGT728D iter 149390: loss 1.3615, time 163.62ms, mfu 1.07%
------average encoder activity 0.00000
-----------average decoder density 0.0000
step 149400: train loss 1.9791, val loss 1.9909
saving checkpoint to out-novel-char_LGT728D_4d06c3ce0eb6b62233f4128fdb1c3b0f
model:LGT728D iter 149400: loss 1.4904, time 3798.93ms, mfu 0.97%
model:LGT728D iter 149410: loss 1.3082, time 203.91ms, mfu 1.00%
model:LGT728D iter 149420: loss 1.4550, time 216.62ms, mfu 1.02%
model:LGT728D iter 149430: loss 1.5431, time 172.36ms, mfu 1.07%
model:LGT728D iter 149440: loss 1.3444, time 175.17ms, mfu 1.11%
------average encoder activity 0.00000
-----------average decoder density 0.0000
step 149450: train loss 1.9941, val loss 1.9970
saving checkpoint to out-novel-char_LGT728D_4d06c3ce0eb6b62233f4128fdb1c3b0f
model:LGT728D iter 149450: loss 1.3484, time 3991.77ms, mfu 1.01%
model:LGT728D iter 149460: loss 1.3137, time 188.14ms, mfu 1.05%
model:LGT728D iter 149470: loss 1.3252, time 255.60ms, mfu 1.05%
model:LGT728D iter 149480: loss 1.3407, time 172.72ms, mfu 1.09%
model:LGT728D iter 149490: loss 1.4192, time 178.86ms, mfu 1.13%
------average encoder activity 0.00000
-----------average decoder density 0.0000
step 149500: train loss 2.0083, val loss 2.0012
saving checkpoint to out-novel-char_LGT728D_4d06c3ce0eb6b62233f4128fdb1c3b0f
model:LGT728D iter 149500: loss 1.2936, time 4311.43ms, mfu 1.02%
model:LGT728D iter 149510: loss 1.4656, time 199.97ms, mfu 1.05%
model:LGT728D iter 149520: loss 1.5348, time 173.87ms, mfu 1.10%
model:LGT728D iter 149530: loss 1.4492, time 174.04ms, mfu 1.14%
model:LGT728D iter 149540: loss 1.4376, time 182.97ms, mfu 1.17%
------average encoder activity 0.00000
-----------average decoder density 0.0000
step 149550: train loss 1.9891, val loss 1.9841
saving checkpoint to out-novel-char_LGT728D_4d06c3ce0eb6b62233f4128fdb1c3b0f
model:LGT728D iter 149550: loss 1.3201, time 4110.07ms, mfu 1.06%
model:LGT728D iter 149560: loss 1.2754, time 234.97ms, mfu 1.06%
model:LGT728D iter 149570: loss 1.3389, time 222.82ms, mfu 1.07%
model:LGT728D iter 149580: loss 1.4609, time 219.87ms, mfu 1.09%
model:LGT728D iter 149590: loss 1.2168, time 212.67ms, mfu 1.10%
------average encoder activity 0.00000
-----------average decoder density 0.0000
step 149600: train loss 1.9862, val loss 1.9919
saving checkpoint to out-novel-char_LGT728D_4d06c3ce0eb6b62233f4128fdb1c3b0f
model:LGT728D iter 149600: loss 1.3443, time 4245.74ms, mfu 1.00%
model:LGT728D iter 149610: loss 1.4497, time 234.02ms, mfu 1.01%
model:LGT728D iter 149620: loss 1.4804, time 233.95ms, mfu 1.02%
model:LGT728D iter 149630: loss 1.3258, time 219.47ms, mfu 1.04%
model:LGT728D iter 149640: loss 1.3900, time 210.60ms, mfu 1.06%
------average encoder activity 0.00000
-----------average decoder density 0.0000
step 149650: train loss 1.9750, val loss 1.9892
saving checkpoint to out-novel-char_LGT728D_4d06c3ce0eb6b62233f4128fdb1c3b0f
model:LGT728D iter 149650: loss 1.3157, time 4173.28ms, mfu 0.96%
model:LGT728D iter 149660: loss 1.3265, time 224.14ms, mfu 0.98%
model:LGT728D iter 149670: loss 1.4128, time 227.55ms, mfu 1.00%
model:LGT728D iter 149680: loss 1.1936, time 227.93ms, mfu 1.01%
model:LGT728D iter 149690: loss 1.3352, time 216.53ms, mfu 1.03%
------average encoder activity 0.00000
-----------average decoder density 0.0000
step 149700: train loss 1.9931, val loss 1.9876
saving checkpoint to out-novel-char_LGT728D_4d06c3ce0eb6b62233f4128fdb1c3b0f
model:LGT728D iter 149700: loss 1.4467, time 4016.13ms, mfu 0.93%
model:LGT728D iter 149710: loss 1.3767, time 229.36ms, mfu 0.95%
model:LGT728D iter 149720: loss 1.3425, time 185.84ms, mfu 1.00%
model:LGT728D iter 149730: loss 1.3378, time 183.64ms, mfu 1.04%
model:LGT728D iter 149740: loss 1.2027, time 231.71ms, mfu 1.05%
------average encoder activity 0.00000
-----------average decoder density 0.0000
step 149750: train loss 1.9932, val loss 2.0029
saving checkpoint to out-novel-char_LGT728D_4d06c3ce0eb6b62233f4128fdb1c3b0f
model:LGT728D iter 149750: loss 1.4433, time 3708.61ms, mfu 0.95%
model:LGT728D iter 149760: loss 1.2839, time 242.66ms, mfu 0.97%
model:LGT728D iter 149770: loss 1.4665, time 246.70ms, mfu 0.98%
model:LGT728D iter 149780: loss 1.3405, time 247.30ms, mfu 0.98%
model:LGT728D iter 149790: loss 1.4277, time 243.70ms, mfu 0.99%
------average encoder activity 0.00000
-----------average decoder density 0.0000
step 149800: train loss 1.9840, val loss 1.9942
saving checkpoint to out-novel-char_LGT728D_4d06c3ce0eb6b62233f4128fdb1c3b0f
model:LGT728D iter 149800: loss 1.2979, time 3587.19ms, mfu 0.90%
model:LGT728D iter 149810: loss 1.4996, time 227.31ms, mfu 0.93%
model:LGT728D iter 149820: loss 1.4392, time 239.83ms, mfu 0.94%
model:LGT728D iter 149830: loss 1.3287, time 237.67ms, mfu 0.96%
model:LGT728D iter 149840: loss 1.3922, time 239.55ms, mfu 0.97%
------average encoder activity 0.00000
-----------average decoder density 0.0000
step 149850: train loss 1.9735, val loss 1.9690
saving checkpoint to out-novel-char_LGT728D_4d06c3ce0eb6b62233f4128fdb1c3b0f
model:LGT728D iter 149850: loss 1.4564, time 3948.58ms, mfu 0.88%
model:LGT728D iter 149860: loss 1.5091, time 180.05ms, mfu 0.94%
model:LGT728D iter 149870: loss 1.4419, time 240.10ms, mfu 0.95%
model:LGT728D iter 149880: loss 1.4433, time 247.30ms, mfu 0.96%
model:LGT728D iter 149890: loss 1.4291, time 251.13ms, mfu 0.97%
------average encoder activity 0.00000
-----------average decoder density 0.0000
step 149900: train loss 1.9827, val loss 1.9963
saving checkpoint to out-novel-char_LGT728D_4d06c3ce0eb6b62233f4128fdb1c3b0f
model:LGT728D iter 149900: loss 1.2849, time 4036.80ms, mfu 0.88%
model:LGT728D iter 149910: loss 1.4349, time 229.81ms, mfu 0.91%
model:LGT728D iter 149920: loss 1.3038, time 184.34ms, mfu 0.96%
model:LGT728D iter 149930: loss 1.3131, time 247.66ms, mfu 0.97%
model:LGT728D iter 149940: loss 1.3668, time 239.01ms, mfu 0.98%
------average encoder activity 0.00000
-----------average decoder density 0.0000
step 149950: train loss 1.9875, val loss 1.9873
saving checkpoint to out-novel-char_LGT728D_4d06c3ce0eb6b62233f4128fdb1c3b0f
model:LGT728D iter 149950: loss 1.2464, time 4030.14ms, mfu 0.89%
model:LGT728D iter 149960: loss 1.4166, time 177.26ms, mfu 0.95%
model:LGT728D iter 149970: loss 1.2921, time 184.53ms, mfu 0.99%
model:LGT728D iter 149980: loss 1.2493, time 247.91ms, mfu 1.00%
model:LGT728D iter 149990: loss 1.3884, time 249.85ms, mfu 1.01%
------average encoder activity 0.00000
-----------average decoder density 0.0000
step 150000: train loss 1.9920, val loss 1.9881
saving checkpoint to out-novel-char_LGT728D_4d06c3ce0eb6b62233f4128fdb1c3b0f
model:LGT728D iter 150000: loss 1.2979, time 4333.84ms, mfu 0.91%
model:LGT728D iter 150010: loss 1.4021, time 231.66ms, mfu 0.93%
model:LGT728D iter 150020: loss 1.4398, time 230.84ms, mfu 0.95%
model:LGT728D iter 150030: loss 1.1626, time 234.08ms, mfu 0.97%
model:LGT728D iter 150040: loss 1.4159, time 239.15ms, mfu 0.98%
------average encoder activity 0.00000
-----------average decoder density 0.0000
step 150050: train loss 1.9786, val loss 1.9732
saving checkpoint to out-novel-char_LGT728D_4d06c3ce0eb6b62233f4128fdb1c3b0f
model:LGT728D iter 150050: loss 1.2745, time 4344.68ms, mfu 0.89%
model:LGT728D iter 150060: loss 1.2078, time 173.80ms, mfu 0.95%
model:LGT728D iter 150070: loss 1.3319, time 162.38ms, mfu 1.02%
model:LGT728D iter 150080: loss 1.3244, time 172.33ms, mfu 1.07%
model:LGT728D iter 150090: loss 1.4215, time 219.67ms, mfu 1.08%
------average encoder activity 0.00000
-----------average decoder density 0.0000
step 150100: train loss 1.9809, val loss 1.9767
saving checkpoint to out-novel-char_LGT728D_4d06c3ce0eb6b62233f4128fdb1c3b0f
model:LGT728D iter 150100: loss 1.3816, time 4297.03ms, mfu 0.98%
model:LGT728D iter 150110: loss 1.3585, time 230.48ms, mfu 0.99%
model:LGT728D iter 150120: loss 1.2611, time 221.18ms, mfu 1.01%
model:LGT728D iter 150130: loss 1.4096, time 219.74ms, mfu 1.03%
model:LGT728D iter 150140: loss 1.2637, time 242.52ms, mfu 1.04%
------average encoder activity 0.00000
-----------average decoder density 0.0000
step 150150: train loss 1.9708, val loss 1.9925
saving checkpoint to out-novel-char_LGT728D_4d06c3ce0eb6b62233f4128fdb1c3b0f
model:LGT728D iter 150150: loss 1.5692, time 4275.11ms, mfu 0.94%
model:LGT728D iter 150160: loss 1.4754, time 231.87ms, mfu 0.96%
model:LGT728D iter 150170: loss 1.4046, time 220.50ms, mfu 0.98%
model:LGT728D iter 150180: loss 1.4248, time 224.12ms, mfu 1.00%
model:LGT728D iter 150190: loss 1.3507, time 202.91ms, mfu 1.03%
------average encoder activity 0.00000
-----------average decoder density 0.0000
step 150200: train loss 1.9816, val loss 1.9836
saving checkpoint to out-novel-char_LGT728D_4d06c3ce0eb6b62233f4128fdb1c3b0f
model:LGT728D iter 150200: loss 1.3513, time 3973.85ms, mfu 0.93%
model:LGT728D iter 150210: loss 1.3485, time 207.57ms, mfu 0.96%
model:LGT728D iter 150220: loss 1.2996, time 233.86ms, mfu 0.98%
model:LGT728D iter 150230: loss 1.2982, time 207.74ms, mfu 1.01%
model:LGT728D iter 150240: loss 1.1246, time 170.36ms, mfu 1.06%
------average encoder activity 0.00000
-----------average decoder density 0.0000
step 150250: train loss 2.0021, val loss 1.9785
saving checkpoint to out-novel-char_LGT728D_4d06c3ce0eb6b62233f4128fdb1c3b0f
model:LGT728D iter 150250: loss 1.3081, time 3852.18ms, mfu 0.96%
model:LGT728D iter 150260: loss 1.2984, time 202.34ms, mfu 0.99%
model:LGT728D iter 150270: loss 1.4565, time 199.50ms, mfu 1.03%
model:LGT728D iter 150280: loss 1.4043, time 198.40ms, mfu 1.06%
model:LGT728D iter 150290: loss 1.3838, time 205.71ms, mfu 1.08%
------average encoder activity 0.00000
-----------average decoder density 0.0000
step 150300: train loss 1.9869, val loss 1.9837
saving checkpoint to out-novel-char_LGT728D_4d06c3ce0eb6b62233f4128fdb1c3b0f
model:LGT728D iter 150300: loss 1.4626, time 3476.28ms, mfu 0.98%
model:LGT728D iter 150310: loss 1.2843, time 244.45ms, mfu 0.99%
model:LGT728D iter 150320: loss 1.3002, time 224.92ms, mfu 1.00%
model:LGT728D iter 150330: loss 1.4420, time 237.40ms, mfu 1.01%
model:LGT728D iter 150340: loss 1.2888, time 236.77ms, mfu 1.02%
------average encoder activity 0.00000
-----------average decoder density 0.0000
step 150350: train loss 1.9834, val loss 1.9819
saving checkpoint to out-novel-char_LGT728D_4d06c3ce0eb6b62233f4128fdb1c3b0f
model:LGT728D iter 150350: loss 1.2770, time 3576.72ms, mfu 0.93%
model:LGT728D iter 150360: loss 1.4439, time 183.59ms, mfu 0.98%
model:LGT728D iter 150370: loss 1.6180, time 222.54ms, mfu 1.00%
model:LGT728D iter 150380: loss 1.4005, time 246.34ms, mfu 1.00%
model:LGT728D iter 150390: loss 1.3782, time 230.19ms, mfu 1.02%
------average encoder activity 0.00000
-----------average decoder density 0.0000
step 150400: train loss 1.9953, val loss 1.9889
saving checkpoint to out-novel-char_LGT728D_4d06c3ce0eb6b62233f4128fdb1c3b0f
model:LGT728D iter 150400: loss 1.2079, time 3785.74ms, mfu 0.92%
model:LGT728D iter 150410: loss 1.5589, time 216.69ms, mfu 0.95%
model:LGT728D iter 150420: loss 1.3814, time 220.90ms, mfu 0.97%
model:LGT728D iter 150430: loss 1.4605, time 225.69ms, mfu 0.99%
model:LGT728D iter 150440: loss 1.2048, time 243.88ms, mfu 1.00%
------average encoder activity 0.00000
-----------average decoder density 0.0000
step 150450: train loss 1.9920, val loss 1.9956
saving checkpoint to out-novel-char_LGT728D_4d06c3ce0eb6b62233f4128fdb1c3b0f
model:LGT728D iter 150450: loss 1.3390, time 3838.75ms, mfu 0.91%
model:LGT728D iter 150460: loss 1.3101, time 216.94ms, mfu 0.94%
model:LGT728D iter 150470: loss 1.3680, time 218.10ms, mfu 0.96%
model:LGT728D iter 150480: loss 1.5801, time 216.83ms, mfu 0.99%
model:LGT728D iter 150490: loss 1.4638, time 230.70ms, mfu 1.00%
------average encoder activity 0.00000
-----------average decoder density 0.0000
step 150500: train loss 1.9784, val loss 1.9810
saving checkpoint to out-novel-char_LGT728D_4d06c3ce0eb6b62233f4128fdb1c3b0f
model:LGT728D iter 150500: loss 1.5466, time 3870.72ms, mfu 0.91%
model:LGT728D iter 150510: loss 1.4400, time 236.89ms, mfu 0.93%
model:LGT728D iter 150520: loss 1.4529, time 238.61ms, mfu 0.95%
model:LGT728D iter 150530: loss 1.2718, time 237.20ms, mfu 0.96%
model:LGT728D iter 150540: loss 1.2752, time 235.75ms, mfu 0.98%
------average encoder activity 0.00000
-----------average decoder density 0.0000
step 150550: train loss 1.9795, val loss 1.9848
saving checkpoint to out-novel-char_LGT728D_4d06c3ce0eb6b62233f4128fdb1c3b0f
model:LGT728D iter 150550: loss 1.3069, time 4314.86ms, mfu 0.88%
model:LGT728D iter 150560: loss 1.3237, time 240.16ms, mfu 0.91%
model:LGT728D iter 150570: loss 1.3064, time 231.09ms, mfu 0.93%
model:LGT728D iter 150580: loss 1.3605, time 227.75ms, mfu 0.95%
model:LGT728D iter 150590: loss 1.3849, time 242.28ms, mfu 0.96%
------average encoder activity 0.00000
-----------average decoder density 0.0000
step 150600: train loss 1.9860, val loss 1.9893
saving checkpoint to out-novel-char_LGT728D_4d06c3ce0eb6b62233f4128fdb1c3b0f
model:LGT728D iter 150600: loss 1.6506, time 4140.66ms, mfu 0.87%
model:LGT728D iter 150610: loss 1.3277, time 227.38ms, mfu 0.90%
model:LGT728D iter 150620: loss 1.3583, time 226.50ms, mfu 0.93%
model:LGT728D iter 150630: loss 1.3842, time 218.83ms, mfu 0.95%
model:LGT728D iter 150640: loss 1.3437, time 216.54ms, mfu 0.98%
------average encoder activity 0.00000
-----------average decoder density 0.0000
step 150650: train loss 1.9890, val loss 1.9797
saving checkpoint to out-novel-char_LGT728D_4d06c3ce0eb6b62233f4128fdb1c3b0f
model:LGT728D iter 150650: loss 1.3335, time 4165.87ms, mfu 0.89%
model:LGT728D iter 150660: loss 1.3191, time 184.56ms, mfu 0.94%
model:LGT728D iter 150670: loss 1.3641, time 181.33ms, mfu 0.99%
model:LGT728D iter 150680: loss 1.3447, time 194.01ms, mfu 1.03%
model:LGT728D iter 150690: loss 1.3635, time 233.87ms, mfu 1.04%
------average encoder activity 0.00000
-----------average decoder density 0.0000
step 150700: train loss 1.9768, val loss 1.9845
saving checkpoint to out-novel-char_LGT728D_4d06c3ce0eb6b62233f4128fdb1c3b0f
model:LGT728D iter 150700: loss 1.3336, time 4106.80ms, mfu 0.94%
model:LGT728D iter 150710: loss 1.3964, time 240.55ms, mfu 0.95%
model:LGT728D iter 150720: loss 1.2375, time 243.13ms, mfu 0.97%
model:LGT728D iter 150730: loss 1.2828, time 226.89ms, mfu 0.98%
model:LGT728D iter 150740: loss 1.4494, time 176.76ms, mfu 1.03%
------average encoder activity 0.00000
-----------average decoder density 0.0000
step 150750: train loss 1.9715, val loss 1.9822
saving checkpoint to out-novel-char_LGT728D_4d06c3ce0eb6b62233f4128fdb1c3b0f
model:LGT728D iter 150750: loss 1.3333, time 3556.64ms, mfu 0.94%
model:LGT728D iter 150760: loss 1.3958, time 232.95ms, mfu 0.96%
model:LGT728D iter 150770: loss 1.3731, time 229.66ms, mfu 0.97%
model:LGT728D iter 150780: loss 1.3050, time 234.37ms, mfu 0.99%
model:LGT728D iter 150790: loss 1.2538, time 231.80ms, mfu 1.00%
------average encoder activity 0.00000
-----------average decoder density 0.0000
step 150800: train loss 1.9842, val loss 2.0001
saving checkpoint to out-novel-char_LGT728D_4d06c3ce0eb6b62233f4128fdb1c3b0f
model:LGT728D iter 150800: loss 1.4010, time 3478.53ms, mfu 0.91%
model:LGT728D iter 150810: loss 1.4636, time 241.57ms, mfu 0.93%
model:LGT728D iter 150820: loss 1.4099, time 226.19ms, mfu 0.95%
model:LGT728D iter 150830: loss 1.3647, time 233.27ms, mfu 0.97%
model:LGT728D iter 150840: loss 1.1800, time 240.18ms, mfu 0.98%
------average encoder activity 0.00000
-----------average decoder density 0.0000
step 150850: train loss 1.9807, val loss 1.9937
saving checkpoint to out-novel-char_LGT728D_4d06c3ce0eb6b62233f4128fdb1c3b0f
model:LGT728D iter 150850: loss 1.3444, time 3555.29ms, mfu 0.89%
model:LGT728D iter 150860: loss 1.2366, time 182.71ms, mfu 0.94%
model:LGT728D iter 150870: loss 1.2183, time 185.91ms, mfu 0.99%
model:LGT728D iter 150880: loss 1.4529, time 179.02ms, mfu 1.04%
model:LGT728D iter 150890: loss 1.3959, time 235.99ms, mfu 1.04%
------average encoder activity 0.00000
-----------average decoder density 0.0000
step 150900: train loss 1.9708, val loss 1.9768
saving checkpoint to out-novel-char_LGT728D_4d06c3ce0eb6b62233f4128fdb1c3b0f
model:LGT728D iter 150900: loss 1.2791, time 4022.96ms, mfu 0.95%
model:LGT728D iter 150910: loss 1.3610, time 233.81ms, mfu 0.96%
model:LGT728D iter 150920: loss 1.2735, time 221.37ms, mfu 0.99%
model:LGT728D iter 150930: loss 1.3595, time 231.55ms, mfu 1.00%
model:LGT728D iter 150940: loss 1.5030, time 232.76ms, mfu 1.01%
------average encoder activity 0.00000
-----------average decoder density 0.0000
step 150950: train loss 1.9826, val loss 1.9884
saving checkpoint to out-novel-char_LGT728D_4d06c3ce0eb6b62233f4128fdb1c3b0f
model:LGT728D iter 150950: loss 1.3301, time 4027.91ms, mfu 0.92%
model:LGT728D iter 150960: loss 1.3754, time 219.72ms, mfu 0.95%
model:LGT728D iter 150970: loss 1.4992, time 222.64ms, mfu 0.97%
model:LGT728D iter 150980: loss 1.4007, time 219.34ms, mfu 0.99%
model:LGT728D iter 150990: loss 1.4489, time 194.10ms, mfu 1.03%
------average encoder activity 0.00000
-----------average decoder density 0.0000
step 151000: train loss 1.9769, val loss 1.9873
saving checkpoint to out-novel-char_LGT728D_4d06c3ce0eb6b62233f4128fdb1c3b0f
model:LGT728D iter 151000: loss 1.3028, time 4385.64ms, mfu 0.93%
model:LGT728D iter 151010: loss 1.3544, time 191.23ms, mfu 0.97%
model:LGT728D iter 151020: loss 1.4025, time 175.82ms, mfu 1.03%
model:LGT728D iter 151030: loss 1.3809, time 195.71ms, mfu 1.06%
model:LGT728D iter 151040: loss 1.2272, time 202.33ms, mfu 1.08%
------average encoder activity 0.00000
-----------average decoder density 0.0000
step 151050: train loss 1.9759, val loss 1.9720
saving checkpoint to out-novel-char_LGT728D_4d06c3ce0eb6b62233f4128fdb1c3b0f
model:LGT728D iter 151050: loss 1.3511, time 4240.58ms, mfu 0.98%
model:LGT728D iter 151060: loss 1.3620, time 188.37ms, mfu 1.02%
model:LGT728D iter 151070: loss 1.5063, time 187.42ms, mfu 1.06%
model:LGT728D iter 151080: loss 1.3163, time 185.55ms, mfu 1.09%
model:LGT728D iter 151090: loss 1.3982, time 189.44ms, mfu 1.12%
------average encoder activity 0.00000
-----------average decoder density 0.0000
step 151100: train loss 1.9632, val loss 1.9891
saving checkpoint to out-novel-char_LGT728D_4d06c3ce0eb6b62233f4128fdb1c3b0f
model:LGT728D iter 151100: loss 1.4177, time 4133.15ms, mfu 1.02%
model:LGT728D iter 151110: loss 1.5032, time 232.56ms, mfu 1.03%
model:LGT728D iter 151120: loss 1.4766, time 232.45ms, mfu 1.04%
model:LGT728D iter 151130: loss 1.2798, time 237.98ms, mfu 1.04%
model:LGT728D iter 151140: loss 1.3787, time 235.28ms, mfu 1.05%
------average encoder activity 0.00000
-----------average decoder density 0.0000
step 151150: train loss 1.9776, val loss 1.9835
saving checkpoint to out-novel-char_LGT728D_4d06c3ce0eb6b62233f4128fdb1c3b0f
model:LGT728D iter 151150: loss 1.3356, time 3696.71ms, mfu 0.95%
model:LGT728D iter 151160: loss 1.3796, time 236.57ms, mfu 0.97%
model:LGT728D iter 151170: loss 1.3399, time 239.09ms, mfu 0.98%
model:LGT728D iter 151180: loss 1.4000, time 236.83ms, mfu 0.99%
model:LGT728D iter 151190: loss 1.3775, time 241.44ms, mfu 1.00%
------average encoder activity 0.00000
-----------average decoder density 0.0000
step 151200: train loss 1.9707, val loss 1.9918
saving checkpoint to out-novel-char_LGT728D_4d06c3ce0eb6b62233f4128fdb1c3b0f
model:LGT728D iter 151200: loss 1.2800, time 3408.96ms, mfu 0.91%
model:LGT728D iter 151210: loss 1.3452, time 241.18ms, mfu 0.93%
model:LGT728D iter 151220: loss 1.6012, time 243.59ms, mfu 0.94%
model:LGT728D iter 151230: loss 1.3196, time 234.60ms, mfu 0.96%
model:LGT728D iter 151240: loss 1.2662, time 239.20ms, mfu 0.97%
------average encoder activity 0.00000
-----------average decoder density 0.0000
step 151250: train loss 1.9863, val loss 1.9852
saving checkpoint to out-novel-char_LGT728D_4d06c3ce0eb6b62233f4128fdb1c3b0f
model:LGT728D iter 151250: loss 1.3986, time 3472.06ms, mfu 0.88%
model:LGT728D iter 151260: loss 1.2759, time 244.32ms, mfu 0.90%
model:LGT728D iter 151270: loss 1.3134, time 233.91ms, mfu 0.92%
model:LGT728D iter 151280: loss 1.3386, time 231.29ms, mfu 0.94%
model:LGT728D iter 151290: loss 1.3498, time 234.37ms, mfu 0.96%
------average encoder activity 0.00000
-----------average decoder density 0.0000
step 151300: train loss 1.9824, val loss 1.9943
saving checkpoint to out-novel-char_LGT728D_4d06c3ce0eb6b62233f4128fdb1c3b0f
model:LGT728D iter 151300: loss 1.3797, time 3723.49ms, mfu 0.87%
model:LGT728D iter 151310: loss 1.4222, time 220.59ms, mfu 0.90%
model:LGT728D iter 151320: loss 1.2856, time 234.16ms, mfu 0.93%
model:LGT728D iter 151330: loss 1.3003, time 235.25ms, mfu 0.94%
model:LGT728D iter 151340: loss 1.5234, time 231.22ms, mfu 0.96%
------average encoder activity 0.00000
-----------average decoder density 0.0000
step 151350: train loss 1.9686, val loss 1.9774
saving checkpoint to out-novel-char_LGT728D_4d06c3ce0eb6b62233f4128fdb1c3b0f
model:LGT728D iter 151350: loss 1.4724, time 3787.06ms, mfu 0.87%
model:LGT728D iter 151360: loss 1.4240, time 214.98ms, mfu 0.91%
model:LGT728D iter 151370: loss 1.4469, time 226.35ms, mfu 0.93%
model:LGT728D iter 151380: loss 1.3692, time 228.62ms, mfu 0.95%
model:LGT728D iter 151390: loss 1.2661, time 233.59ms, mfu 0.97%
------average encoder activity 0.00000
-----------average decoder density 0.0000
step 151400: train loss 1.9731, val loss 1.9844
saving checkpoint to out-novel-char_LGT728D_4d06c3ce0eb6b62233f4128fdb1c3b0f
model:LGT728D iter 151400: loss 1.2450, time 3854.03ms, mfu 0.88%
model:LGT728D iter 151410: loss 1.3252, time 181.68ms, mfu 0.94%
model:LGT728D iter 151420: loss 1.3814, time 175.18ms, mfu 0.99%
model:LGT728D iter 151430: loss 1.3552, time 247.74ms, mfu 1.00%
model:LGT728D iter 151440: loss 1.4081, time 231.34ms, mfu 1.01%
------average encoder activity 0.00000
-----------average decoder density 0.0000
step 151450: train loss 1.9824, val loss 1.9797
saving checkpoint to out-novel-char_LGT728D_4d06c3ce0eb6b62233f4128fdb1c3b0f
model:LGT728D iter 151450: loss 1.4086, time 3905.83ms, mfu 0.92%
model:LGT728D iter 151460: loss 1.3836, time 232.96ms, mfu 0.94%
model:LGT728D iter 151470: loss 1.5002, time 211.15ms, mfu 0.97%
model:LGT728D iter 151480: loss 1.3491, time 217.93ms, mfu 0.99%
model:LGT728D iter 151490: loss 1.4381, time 231.91ms, mfu 1.00%
------average encoder activity 0.00000
-----------average decoder density 0.0000
step 151500: train loss 1.9733, val loss 2.0000
saving checkpoint to out-novel-char_LGT728D_4d06c3ce0eb6b62233f4128fdb1c3b0f
model:LGT728D iter 151500: loss 1.5608, time 3877.86ms, mfu 0.91%
model:LGT728D iter 151510: loss 1.3987, time 234.16ms, mfu 0.93%
model:LGT728D iter 151520: loss 1.3699, time 232.45ms, mfu 0.95%
model:LGT728D iter 151530: loss 1.4909, time 219.03ms, mfu 0.98%
model:LGT728D iter 151540: loss 1.4357, time 217.31ms, mfu 1.00%
------average encoder activity 0.00000
-----------average decoder density 0.0000
step 151550: train loss 1.9806, val loss 1.9721
saving checkpoint to out-novel-char_LGT728D_4d06c3ce0eb6b62233f4128fdb1c3b0f
model:LGT728D iter 151550: loss 1.2933, time 3905.23ms, mfu 0.91%
model:LGT728D iter 151560: loss 1.4528, time 224.83ms, mfu 0.93%
model:LGT728D iter 151570: loss 1.2320, time 234.74ms, mfu 0.95%
model:LGT728D iter 151580: loss 1.4242, time 180.72ms, mfu 1.00%
model:LGT728D iter 151590: loss 1.3693, time 183.00ms, mfu 1.04%
------average encoder activity 0.00000
-----------average decoder density 0.0000
step 151600: train loss 1.9803, val loss 1.9944
saving checkpoint to out-novel-char_LGT728D_4d06c3ce0eb6b62233f4128fdb1c3b0f
model:LGT728D iter 151600: loss 1.2948, time 3708.06ms, mfu 0.95%
model:LGT728D iter 151610: loss 1.4316, time 251.11ms, mfu 0.96%
model:LGT728D iter 151620: loss 1.2500, time 231.07ms, mfu 0.97%
model:LGT728D iter 151630: loss 1.3639, time 223.71ms, mfu 0.99%
model:LGT728D iter 151640: loss 1.2671, time 215.47ms, mfu 1.01%
------average encoder activity 0.00000
-----------average decoder density 0.0000
step 151650: train loss 1.9810, val loss 1.9911
saving checkpoint to out-novel-char_LGT728D_4d06c3ce0eb6b62233f4128fdb1c3b0f
model:LGT728D iter 151650: loss 1.4092, time 3603.61ms, mfu 0.92%
model:LGT728D iter 151660: loss 1.2708, time 241.18ms, mfu 0.94%
model:LGT728D iter 151670: loss 1.3778, time 236.59ms, mfu 0.95%
model:LGT728D iter 151680: loss 1.3682, time 231.92ms, mfu 0.97%
model:LGT728D iter 151690: loss 1.2903, time 234.54ms, mfu 0.99%
------average encoder activity 0.00000
-----------average decoder density 0.0000
step 151700: train loss 1.9802, val loss 1.9823
saving checkpoint to out-novel-char_LGT728D_4d06c3ce0eb6b62233f4128fdb1c3b0f
model:LGT728D iter 151700: loss 1.3422, time 3374.28ms, mfu 0.89%
model:LGT728D iter 151710: loss 1.3333, time 238.98ms, mfu 0.91%
model:LGT728D iter 151720: loss 1.4278, time 237.63ms, mfu 0.93%
model:LGT728D iter 151730: loss 1.4356, time 239.20ms, mfu 0.95%
model:LGT728D iter 151740: loss 1.3211, time 234.40ms, mfu 0.97%
------average encoder activity 0.00000
-----------average decoder density 0.0000
step 151750: train loss 1.9704, val loss 1.9828
saving checkpoint to out-novel-char_LGT728D_4d06c3ce0eb6b62233f4128fdb1c3b0f
model:LGT728D iter 151750: loss 1.4097, time 3434.47ms, mfu 0.88%
model:LGT728D iter 151760: loss 1.1845, time 223.57ms, mfu 0.91%
model:LGT728D iter 151770: loss 1.2174, time 233.37ms, mfu 0.93%
model:LGT728D iter 151780: loss 1.4673, time 232.00ms, mfu 0.95%
model:LGT728D iter 151790: loss 1.3857, time 241.12ms, mfu 0.96%
------average encoder activity 0.00000
-----------average decoder density 0.0000
step 151800: train loss 1.9713, val loss 1.9701
saving checkpoint to out-novel-char_LGT728D_4d06c3ce0eb6b62233f4128fdb1c3b0f
model:LGT728D iter 151800: loss 1.2667, time 3630.47ms, mfu 0.87%
model:LGT728D iter 151810: loss 1.5471, time 207.02ms, mfu 0.91%
model:LGT728D iter 151820: loss 1.3112, time 232.82ms, mfu 0.93%
model:LGT728D iter 151830: loss 1.5787, time 234.00ms, mfu 0.95%
model:LGT728D iter 151840: loss 1.3098, time 238.19ms, mfu 0.97%
------average encoder activity 0.00000
-----------average decoder density 0.0000
step 151850: train loss 1.9647, val loss 1.9982
saving checkpoint to out-novel-char_LGT728D_4d06c3ce0eb6b62233f4128fdb1c3b0f
model:LGT728D iter 151850: loss 1.5078, time 3778.50ms, mfu 0.88%
model:LGT728D iter 151860: loss 1.3643, time 214.20ms, mfu 0.91%
model:LGT728D iter 151870: loss 1.3129, time 242.09ms, mfu 0.93%
model:LGT728D iter 151880: loss 1.3648, time 229.91ms, mfu 0.95%
model:LGT728D iter 151890: loss 1.4371, time 239.74ms, mfu 0.96%
------average encoder activity 0.00000
-----------average decoder density 0.0000
step 151900: train loss 1.9666, val loss 1.9891
saving checkpoint to out-novel-char_LGT728D_4d06c3ce0eb6b62233f4128fdb1c3b0f
model:LGT728D iter 151900: loss 1.3612, time 3934.80ms, mfu 0.87%
model:LGT728D iter 151910: loss 1.3030, time 220.15ms, mfu 0.91%
model:LGT728D iter 151920: loss 1.4555, time 226.43ms, mfu 0.93%
model:LGT728D iter 151930: loss 1.3033, time 236.94ms, mfu 0.95%
model:LGT728D iter 151940: loss 1.4633, time 227.93ms, mfu 0.97%
------average encoder activity 0.00000
-----------average decoder density 0.0000
step 151950: train loss 1.9561, val loss 1.9783
saving checkpoint to out-novel-char_LGT728D_4d06c3ce0eb6b62233f4128fdb1c3b0f
model:LGT728D iter 151950: loss 1.3843, time 3959.67ms, mfu 0.88%
model:LGT728D iter 151960: loss 1.3436, time 163.78ms, mfu 0.95%
model:LGT728D iter 151970: loss 1.3360, time 159.02ms, mfu 1.02%
model:LGT728D iter 151980: loss 1.5141, time 165.54ms, mfu 1.08%
model:LGT728D iter 151990: loss 1.3893, time 235.00ms, mfu 1.08%
------average encoder activity 0.00000
-----------average decoder density 0.0000
step 152000: train loss 1.9736, val loss 1.9908
saving checkpoint to out-novel-char_LGT728D_4d06c3ce0eb6b62233f4128fdb1c3b0f
model:LGT728D iter 152000: loss 1.3191, time 3949.12ms, mfu 0.98%
model:LGT728D iter 152010: loss 1.5631, time 224.82ms, mfu 1.00%
model:LGT728D iter 152020: loss 1.2279, time 211.93ms, mfu 1.02%
model:LGT728D iter 152030: loss 1.2194, time 217.17ms, mfu 1.04%
model:LGT728D iter 152040: loss 1.3248, time 217.02ms, mfu 1.06%
------average encoder activity 0.00000
-----------average decoder density 0.0000
step 152050: train loss 1.9672, val loss 1.9884
saving checkpoint to out-novel-char_LGT728D_4d06c3ce0eb6b62233f4128fdb1c3b0f
model:LGT728D iter 152050: loss 1.4532, time 3932.66ms, mfu 0.96%
model:LGT728D iter 152060: loss 1.4175, time 237.76ms, mfu 0.97%
model:LGT728D iter 152070: loss 1.3468, time 234.58ms, mfu 0.99%
model:LGT728D iter 152080: loss 1.3673, time 221.71ms, mfu 1.01%
model:LGT728D iter 152090: loss 1.4848, time 218.73ms, mfu 1.02%
------average encoder activity 0.00000
-----------average decoder density 0.0000
step 152100: train loss 1.9582, val loss 1.9850
saving checkpoint to out-novel-char_LGT728D_4d06c3ce0eb6b62233f4128fdb1c3b0f
model:LGT728D iter 152100: loss 1.3895, time 3841.62ms, mfu 0.93%
model:LGT728D iter 152110: loss 1.3456, time 195.96ms, mfu 0.97%
model:LGT728D iter 152120: loss 1.2751, time 205.46ms, mfu 1.00%
model:LGT728D iter 152130: loss 1.4634, time 197.03ms, mfu 1.03%
model:LGT728D iter 152140: loss 1.4635, time 186.12ms, mfu 1.07%
------average encoder activity 0.00000
-----------average decoder density 0.0000
step 152150: train loss 1.9756, val loss 1.9788
saving checkpoint to out-novel-char_LGT728D_4d06c3ce0eb6b62233f4128fdb1c3b0f
model:LGT728D iter 152150: loss 1.4994, time 3636.09ms, mfu 0.97%
model:LGT728D iter 152160: loss 1.4970, time 193.41ms, mfu 1.01%
model:LGT728D iter 152170: loss 1.3984, time 209.24ms, mfu 1.03%
model:LGT728D iter 152180: loss 1.1239, time 207.04ms, mfu 1.06%
model:LGT728D iter 152190: loss 1.3129, time 189.05ms, mfu 1.09%
------average encoder activity 0.00000
-----------average decoder density 0.0000
step 152200: train loss 1.9769, val loss 1.9858
saving checkpoint to out-novel-char_LGT728D_4d06c3ce0eb6b62233f4128fdb1c3b0f
model:LGT728D iter 152200: loss 1.2709, time 3564.04ms, mfu 0.99%
model:LGT728D iter 152210: loss 1.4858, time 177.85ms, mfu 1.04%
model:LGT728D iter 152220: loss 1.3115, time 225.55ms, mfu 1.05%
model:LGT728D iter 152230: loss 1.3144, time 194.35ms, mfu 1.08%
model:LGT728D iter 152240: loss 1.4509, time 196.04ms, mfu 1.10%
------average encoder activity 0.00000
-----------average decoder density 0.0000
step 152250: train loss 1.9793, val loss 1.9827
saving checkpoint to out-novel-char_LGT728D_4d06c3ce0eb6b62233f4128fdb1c3b0f
model:LGT728D iter 152250: loss 1.3181, time 3816.32ms, mfu 1.00%
model:LGT728D iter 152260: loss 1.3452, time 237.10ms, mfu 1.01%
model:LGT728D iter 152270: loss 1.3394, time 179.25ms, mfu 1.06%
model:LGT728D iter 152280: loss 1.4234, time 176.59ms, mfu 1.10%
model:LGT728D iter 152290: loss 1.4519, time 241.10ms, mfu 1.10%
------average encoder activity 0.00000
-----------average decoder density 0.0000
step 152300: train loss 1.9770, val loss 1.9828
saving checkpoint to out-novel-char_LGT728D_4d06c3ce0eb6b62233f4128fdb1c3b0f
model:LGT728D iter 152300: loss 1.3000, time 3865.08ms, mfu 0.99%
model:LGT728D iter 152310: loss 1.2816, time 227.35ms, mfu 1.01%
model:LGT728D iter 152320: loss 1.3594, time 225.60ms, mfu 1.02%
model:LGT728D iter 152330: loss 1.4751, time 223.20ms, mfu 1.04%
model:LGT728D iter 152340: loss 1.3890, time 210.42ms, mfu 1.06%
------average encoder activity 0.00000
-----------average decoder density 0.0000
step 152350: train loss 1.9876, val loss 1.9860
saving checkpoint to out-novel-char_LGT728D_4d06c3ce0eb6b62233f4128fdb1c3b0f
model:LGT728D iter 152350: loss 1.4754, time 3893.18ms, mfu 0.96%
model:LGT728D iter 152360: loss 1.4277, time 230.04ms, mfu 0.98%
model:LGT728D iter 152370: loss 1.3311, time 234.99ms, mfu 0.99%
model:LGT728D iter 152380: loss 1.4198, time 217.91ms, mfu 1.01%
model:LGT728D iter 152390: loss 1.4691, time 217.42ms, mfu 1.03%
------average encoder activity 0.00000
-----------average decoder density 0.0000
step 152400: train loss 1.9809, val loss 1.9790
saving checkpoint to out-novel-char_LGT728D_4d06c3ce0eb6b62233f4128fdb1c3b0f
model:LGT728D iter 152400: loss 1.3878, time 3934.83ms, mfu 0.94%
model:LGT728D iter 152410: loss 1.4653, time 231.73ms, mfu 0.95%
model:LGT728D iter 152420: loss 1.5101, time 239.70ms, mfu 0.97%
model:LGT728D iter 152430: loss 1.1589, time 231.36ms, mfu 0.98%
model:LGT728D iter 152440: loss 1.2771, time 216.27ms, mfu 1.01%
------average encoder activity 0.00000
-----------average decoder density 0.0000
step 152450: train loss 1.9732, val loss 1.9745
saving checkpoint to out-novel-char_LGT728D_4d06c3ce0eb6b62233f4128fdb1c3b0f
model:LGT728D iter 152450: loss 1.4522, time 4025.44ms, mfu 0.91%
model:LGT728D iter 152460: loss 1.2230, time 231.40ms, mfu 0.93%
model:LGT728D iter 152470: loss 1.2539, time 232.39ms, mfu 0.95%
model:LGT728D iter 152480: loss 1.4290, time 221.34ms, mfu 0.98%
model:LGT728D iter 152490: loss 1.3212, time 214.82ms, mfu 1.00%
------average encoder activity 0.00000
-----------average decoder density 0.0000
step 152500: train loss 1.9773, val loss 1.9741
saving checkpoint to out-novel-char_LGT728D_4d06c3ce0eb6b62233f4128fdb1c3b0f
model:LGT728D iter 152500: loss 1.4407, time 3845.93ms, mfu 0.91%
model:LGT728D iter 152510: loss 1.3163, time 233.72ms, mfu 0.93%
model:LGT728D iter 152520: loss 1.2884, time 239.25ms, mfu 0.95%
model:LGT728D iter 152530: loss 1.5413, time 230.30ms, mfu 0.96%
model:LGT728D iter 152540: loss 1.2256, time 215.51ms, mfu 0.99%
------average encoder activity 0.00000
-----------average decoder density 0.0000
step 152550: train loss 1.9722, val loss 1.9682
saving checkpoint to out-novel-char_LGT728D_4d06c3ce0eb6b62233f4128fdb1c3b0f
model:LGT728D iter 152550: loss 1.3497, time 3760.30ms, mfu 0.90%
model:LGT728D iter 152560: loss 1.3884, time 235.70ms, mfu 0.92%
model:LGT728D iter 152570: loss 1.4420, time 227.72ms, mfu 0.94%
model:LGT728D iter 152580: loss 1.3540, time 227.77ms, mfu 0.96%
model:LGT728D iter 152590: loss 1.3960, time 223.61ms, mfu 0.98%
------average encoder activity 0.00000
-----------average decoder density 0.0000
step 152600: train loss 1.9827, val loss 1.9767
saving checkpoint to out-novel-char_LGT728D_4d06c3ce0eb6b62233f4128fdb1c3b0f
model:LGT728D iter 152600: loss 1.5123, time 3493.76ms, mfu 0.89%
model:LGT728D iter 152610: loss 1.3244, time 239.46ms, mfu 0.91%
model:LGT728D iter 152620: loss 1.2896, time 231.45ms, mfu 0.93%
model:LGT728D iter 152630: loss 1.5421, time 229.01ms, mfu 0.96%
model:LGT728D iter 152640: loss 1.5165, time 222.90ms, mfu 0.98%
------average encoder activity 0.00000
-----------average decoder density 0.0000
step 152650: train loss 1.9779, val loss 1.9919
saving checkpoint to out-novel-char_LGT728D_4d06c3ce0eb6b62233f4128fdb1c3b0f
model:LGT728D iter 152650: loss 1.4312, time 3485.62ms, mfu 0.89%
model:LGT728D iter 152660: loss 1.3483, time 230.04ms, mfu 0.91%
model:LGT728D iter 152670: loss 1.3420, time 233.50ms, mfu 0.93%
model:LGT728D iter 152680: loss 1.4066, time 232.03ms, mfu 0.95%
model:LGT728D iter 152690: loss 1.2521, time 226.71ms, mfu 0.97%
------average encoder activity 0.00000
-----------average decoder density 0.0000
step 152700: train loss 1.9690, val loss 1.9807
saving checkpoint to out-novel-char_LGT728D_4d06c3ce0eb6b62233f4128fdb1c3b0f
model:LGT728D iter 152700: loss 1.5184, time 3611.77ms, mfu 0.88%
model:LGT728D iter 152710: loss 1.4208, time 224.34ms, mfu 0.91%
model:LGT728D iter 152720: loss 1.4867, time 236.25ms, mfu 0.93%
model:LGT728D iter 152730: loss 1.2902, time 229.72ms, mfu 0.95%
model:LGT728D iter 152740: loss 1.4313, time 222.93ms, mfu 0.97%
------average encoder activity 0.00000
-----------average decoder density 0.0000
step 152750: train loss 1.9704, val loss 1.9881
saving checkpoint to out-novel-char_LGT728D_4d06c3ce0eb6b62233f4128fdb1c3b0f
model:LGT728D iter 152750: loss 1.2309, time 3791.46ms, mfu 0.88%
model:LGT728D iter 152760: loss 1.4742, time 208.53ms, mfu 0.92%
model:LGT728D iter 152770: loss 1.3468, time 226.63ms, mfu 0.94%
model:LGT728D iter 152780: loss 1.2217, time 235.79ms, mfu 0.96%
model:LGT728D iter 152790: loss 1.2307, time 227.64ms, mfu 0.98%
------average encoder activity 0.00000
-----------average decoder density 0.0000
step 152800: train loss 1.9793, val loss 1.9704
saving checkpoint to out-novel-char_LGT728D_4d06c3ce0eb6b62233f4128fdb1c3b0f
model:LGT728D iter 152800: loss 1.5155, time 3974.29ms, mfu 0.89%
model:LGT728D iter 152810: loss 1.3972, time 220.85ms, mfu 0.92%
model:LGT728D iter 152820: loss 1.5000, time 230.70ms, mfu 0.94%
model:LGT728D iter 152830: loss 1.4692, time 228.43ms, mfu 0.96%
model:LGT728D iter 152840: loss 1.3549, time 223.58ms, mfu 0.98%
------average encoder activity 0.00000
-----------average decoder density 0.0000
step 152850: train loss 1.9726, val loss 1.9581
saving checkpoint to out-novel-char_LGT728D_4d06c3ce0eb6b62233f4128fdb1c3b0f
model:LGT728D iter 152850: loss 1.6150, time 4120.53ms, mfu 0.89%
model:LGT728D iter 152860: loss 1.4334, time 163.64ms, mfu 0.96%
model:LGT728D iter 152870: loss 1.3008, time 163.80ms, mfu 1.02%
model:LGT728D iter 152880: loss 1.1793, time 234.00ms, mfu 1.03%
model:LGT728D iter 152890: loss 1.2632, time 230.35ms, mfu 1.04%
------average encoder activity 0.00000
-----------average decoder density 0.0000
step 152900: train loss 1.9587, val loss 1.9611
saving checkpoint to out-novel-char_LGT728D_4d06c3ce0eb6b62233f4128fdb1c3b0f
model:LGT728D iter 152900: loss 1.2189, time 4186.20ms, mfu 0.95%
model:LGT728D iter 152910: loss 1.4925, time 172.05ms, mfu 1.00%
model:LGT728D iter 152920: loss 1.3127, time 181.05ms, mfu 1.05%
model:LGT728D iter 152930: loss 1.3065, time 170.21ms, mfu 1.10%
model:LGT728D iter 152940: loss 1.4354, time 170.19ms, mfu 1.14%
------average encoder activity 0.00000
-----------average decoder density 0.0000
step 152950: train loss 1.9824, val loss 1.9718
saving checkpoint to out-novel-char_LGT728D_4d06c3ce0eb6b62233f4128fdb1c3b0f
model:LGT728D iter 152950: loss 1.1392, time 4190.79ms, mfu 1.03%
model:LGT728D iter 152960: loss 1.4265, time 239.40ms, mfu 1.04%
model:LGT728D iter 152970: loss 1.4326, time 209.38ms, mfu 1.06%
model:LGT728D iter 152980: loss 1.1787, time 185.07ms, mfu 1.10%
model:LGT728D iter 152990: loss 1.3676, time 179.48ms, mfu 1.13%
------average encoder activity 0.00000
-----------average decoder density 0.0000
step 153000: train loss 1.9802, val loss 1.9871
saving checkpoint to out-novel-char_LGT728D_4d06c3ce0eb6b62233f4128fdb1c3b0f
model:LGT728D iter 153000: loss 1.3800, time 4240.06ms, mfu 1.02%
model:LGT728D iter 153010: loss 1.3758, time 204.14ms, mfu 1.05%
model:LGT728D iter 153020: loss 1.5121, time 204.92ms, mfu 1.07%
model:LGT728D iter 153030: loss 1.2171, time 182.69ms, mfu 1.11%
model:LGT728D iter 153040: loss 1.3671, time 187.12ms, mfu 1.14%
------average encoder activity 0.00000
-----------average decoder density 0.0000
step 153050: train loss 1.9602, val loss 1.9811
saving checkpoint to out-novel-char_LGT728D_4d06c3ce0eb6b62233f4128fdb1c3b0f
model:LGT728D iter 153050: loss 1.4322, time 3723.87ms, mfu 1.03%
model:LGT728D iter 153060: loss 1.2971, time 205.29ms, mfu 1.06%
model:LGT728D iter 153070: loss 1.3147, time 182.42ms, mfu 1.09%
model:LGT728D iter 153080: loss 1.6266, time 189.56ms, mfu 1.12%
model:LGT728D iter 153090: loss 1.4517, time 184.55ms, mfu 1.15%
------average encoder activity 0.00000
-----------average decoder density 0.0000
step 153100: train loss 1.9716, val loss 1.9798
saving checkpoint to out-novel-char_LGT728D_4d06c3ce0eb6b62233f4128fdb1c3b0f
model:LGT728D iter 153100: loss 1.5141, time 3915.54ms, mfu 1.04%
model:LGT728D iter 153110: loss 1.5577, time 174.73ms, mfu 1.09%
model:LGT728D iter 153120: loss 1.3521, time 188.75ms, mfu 1.12%
model:LGT728D iter 153130: loss 1.2847, time 195.65ms, mfu 1.14%
model:LGT728D iter 153140: loss 1.3042, time 185.60ms, mfu 1.17%
------average encoder activity 0.00000
-----------average decoder density 0.0000
step 153150: train loss 1.9902, val loss 1.9696
saving checkpoint to out-novel-char_LGT728D_4d06c3ce0eb6b62233f4128fdb1c3b0f
model:LGT728D iter 153150: loss 1.3178, time 3998.67ms, mfu 1.06%
model:LGT728D iter 153160: loss 1.2482, time 244.52ms, mfu 1.06%
model:LGT728D iter 153170: loss 1.2957, time 213.25ms, mfu 1.08%
model:LGT728D iter 153180: loss 1.1529, time 154.48ms, mfu 1.14%
model:LGT728D iter 153190: loss 1.4081, time 195.01ms, mfu 1.16%
------average encoder activity 0.00000
-----------average decoder density 0.0000
step 153200: train loss 1.9615, val loss 1.9612
saving checkpoint to out-novel-char_LGT728D_4d06c3ce0eb6b62233f4128fdb1c3b0f
model:LGT728D iter 153200: loss 1.3817, time 3913.54ms, mfu 1.05%
model:LGT728D iter 153210: loss 1.3795, time 180.66ms, mfu 1.09%
model:LGT728D iter 153220: loss 1.2197, time 179.30ms, mfu 1.13%
model:LGT728D iter 153230: loss 1.3139, time 162.89ms, mfu 1.17%
model:LGT728D iter 153240: loss 1.4077, time 165.02ms, mfu 1.22%
------average encoder activity 0.00000
-----------average decoder density 0.0000
step 153250: train loss 1.9646, val loss 1.9778
saving checkpoint to out-novel-char_LGT728D_4d06c3ce0eb6b62233f4128fdb1c3b0f
model:LGT728D iter 153250: loss 1.2891, time 3724.88ms, mfu 1.10%
model:LGT728D iter 153260: loss 1.3901, time 206.89ms, mfu 1.12%
model:LGT728D iter 153270: loss 1.2457, time 202.48ms, mfu 1.13%
model:LGT728D iter 153280: loss 1.5042, time 176.58ms, mfu 1.17%
model:LGT728D iter 153290: loss 1.4406, time 187.86ms, mfu 1.19%
------average encoder activity 0.00000
-----------average decoder density 0.0000
step 153300: train loss 1.9620, val loss 1.9643
saving checkpoint to out-novel-char_LGT728D_4d06c3ce0eb6b62233f4128fdb1c3b0f
model:LGT728D iter 153300: loss 1.3491, time 3465.81ms, mfu 1.08%
model:LGT728D iter 153310: loss 1.1516, time 188.17ms, mfu 1.11%
model:LGT728D iter 153320: loss 1.5776, time 246.23ms, mfu 1.11%
model:LGT728D iter 153330: loss 1.4029, time 249.56ms, mfu 1.10%
model:LGT728D iter 153340: loss 1.3275, time 238.65ms, mfu 1.10%
------average encoder activity 0.00000
-----------average decoder density 0.0000
step 153350: train loss 1.9751, val loss 1.9982
saving checkpoint to out-novel-char_LGT728D_4d06c3ce0eb6b62233f4128fdb1c3b0f
model:LGT728D iter 153350: loss 1.4088, time 3848.32ms, mfu 1.00%
model:LGT728D iter 153360: loss 1.3456, time 181.96ms, mfu 1.04%
model:LGT728D iter 153370: loss 1.4026, time 241.81ms, mfu 1.05%
model:LGT728D iter 153380: loss 1.5512, time 238.98ms, mfu 1.05%
model:LGT728D iter 153390: loss 1.3301, time 191.55ms, mfu 1.08%
------average encoder activity 0.00000
-----------average decoder density 0.0000
step 153400: train loss 1.9554, val loss 1.9811
saving checkpoint to out-novel-char_LGT728D_4d06c3ce0eb6b62233f4128fdb1c3b0f
model:LGT728D iter 153400: loss 1.4648, time 3878.31ms, mfu 0.98%
model:LGT728D iter 153410: loss 1.2752, time 172.35ms, mfu 1.03%
model:LGT728D iter 153420: loss 1.2967, time 224.13ms, mfu 1.05%
model:LGT728D iter 153430: loss 1.3305, time 239.71ms, mfu 1.05%
model:LGT728D iter 153440: loss 1.2854, time 236.57ms, mfu 1.06%
------average encoder activity 0.00000
-----------average decoder density 0.0000
step 153450: train loss 1.9606, val loss 1.9793
saving checkpoint to out-novel-char_LGT728D_4d06c3ce0eb6b62233f4128fdb1c3b0f
model:LGT728D iter 153450: loss 1.3398, time 4218.21ms, mfu 0.96%
model:LGT728D iter 153460: loss 1.5225, time 222.11ms, mfu 0.98%
model:LGT728D iter 153470: loss 1.3658, time 225.82ms, mfu 1.00%
model:LGT728D iter 153480: loss 1.5310, time 236.86ms, mfu 1.01%
model:LGT728D iter 153490: loss 1.4821, time 232.83ms, mfu 1.02%
------average encoder activity 0.00000
-----------average decoder density 0.0000
step 153500: train loss 1.9730, val loss 1.9860
saving checkpoint to out-novel-char_LGT728D_4d06c3ce0eb6b62233f4128fdb1c3b0f
model:LGT728D iter 153500: loss 1.3745, time 4212.74ms, mfu 0.92%
model:LGT728D iter 153510: loss 1.5483, time 231.98ms, mfu 0.94%
model:LGT728D iter 153520: loss 1.4486, time 222.89ms, mfu 0.97%
model:LGT728D iter 153530: loss 1.3276, time 211.31ms, mfu 0.99%
model:LGT728D iter 153540: loss 1.3760, time 225.49ms, mfu 1.01%
------average encoder activity 0.00000
-----------average decoder density 0.0000
step 153550: train loss 1.9630, val loss 1.9927
saving checkpoint to out-novel-char_LGT728D_4d06c3ce0eb6b62233f4128fdb1c3b0f
model:LGT728D iter 153550: loss 1.2261, time 4676.02ms, mfu 0.92%
model:LGT728D iter 153560: loss 1.2508, time 244.70ms, mfu 0.93%
model:LGT728D iter 153570: loss 1.4318, time 197.09ms, mfu 0.97%
model:LGT728D iter 153580: loss 1.2963, time 162.99ms, mfu 1.03%
model:LGT728D iter 153590: loss 1.2136, time 174.59ms, mfu 1.08%
------average encoder activity 0.00000
-----------average decoder density 0.0000
step 153600: train loss 1.9610, val loss 1.9699
saving checkpoint to out-novel-char_LGT728D_4d06c3ce0eb6b62233f4128fdb1c3b0f
model:LGT728D iter 153600: loss 1.3413, time 4318.09ms, mfu 0.98%
model:LGT728D iter 153610: loss 1.3949, time 194.44ms, mfu 1.02%
model:LGT728D iter 153620: loss 1.3776, time 206.43ms, mfu 1.04%
model:LGT728D iter 153630: loss 1.2473, time 221.08ms, mfu 1.05%
model:LGT728D iter 153640: loss 1.2824, time 166.80ms, mfu 1.11%
------average encoder activity 0.00000
-----------average decoder density 0.0000
step 153650: train loss 1.9581, val loss 1.9694
saving checkpoint to out-novel-char_LGT728D_4d06c3ce0eb6b62233f4128fdb1c3b0f
model:LGT728D iter 153650: loss 1.4555, time 3984.26ms, mfu 1.00%
model:LGT728D iter 153660: loss 1.3133, time 237.08ms, mfu 1.01%
model:LGT728D iter 153670: loss 1.3737, time 237.13ms, mfu 1.02%
model:LGT728D iter 153680: loss 1.5493, time 236.76ms, mfu 1.03%
model:LGT728D iter 153690: loss 1.3456, time 231.42ms, mfu 1.04%
------average encoder activity 0.00000
-----------average decoder density 0.0000
step 153700: train loss 1.9752, val loss 1.9693
saving checkpoint to out-novel-char_LGT728D_4d06c3ce0eb6b62233f4128fdb1c3b0f
model:LGT728D iter 153700: loss 1.4273, time 3732.90ms, mfu 0.94%
model:LGT728D iter 153710: loss 1.3244, time 194.80ms, mfu 0.98%
model:LGT728D iter 153720: loss 1.3159, time 247.56ms, mfu 0.99%
model:LGT728D iter 153730: loss 1.4923, time 236.15ms, mfu 1.00%
model:LGT728D iter 153740: loss 1.3507, time 236.94ms, mfu 1.01%
------average encoder activity 0.00000
-----------average decoder density 0.0000
step 153750: train loss 1.9827, val loss 1.9839
saving checkpoint to out-novel-char_LGT728D_4d06c3ce0eb6b62233f4128fdb1c3b0f
model:LGT728D iter 153750: loss 1.3344, time 3491.31ms, mfu 0.92%
model:LGT728D iter 153760: loss 1.4671, time 252.34ms, mfu 0.93%
model:LGT728D iter 153770: loss 1.3749, time 223.06ms, mfu 0.95%
model:LGT728D iter 153780: loss 1.3366, time 224.33ms, mfu 0.98%
model:LGT728D iter 153790: loss 1.1794, time 230.75ms, mfu 0.99%
------average encoder activity 0.00000
-----------average decoder density 0.0000
step 153800: train loss 1.9571, val loss 1.9625
saving checkpoint to out-novel-char_LGT728D_4d06c3ce0eb6b62233f4128fdb1c3b0f
model:LGT728D iter 153800: loss 1.4410, time 3829.10ms, mfu 0.90%
model:LGT728D iter 153810: loss 1.3348, time 224.45ms, mfu 0.93%
model:LGT728D iter 153820: loss 1.4041, time 225.14ms, mfu 0.95%
model:LGT728D iter 153830: loss 1.5155, time 225.61ms, mfu 0.97%
model:LGT728D iter 153840: loss 1.3003, time 226.16ms, mfu 0.99%
------average encoder activity 0.00000
-----------average decoder density 0.0000
step 153850: train loss 1.9615, val loss 1.9701
saving checkpoint to out-novel-char_LGT728D_4d06c3ce0eb6b62233f4128fdb1c3b0f
model:LGT728D iter 153850: loss 1.3585, time 4037.72ms, mfu 0.90%
model:LGT728D iter 153860: loss 1.3631, time 176.27ms, mfu 0.96%
model:LGT728D iter 153870: loss 1.2388, time 203.39ms, mfu 0.99%
model:LGT728D iter 153880: loss 1.6180, time 204.17ms, mfu 1.02%
model:LGT728D iter 153890: loss 1.4650, time 198.96ms, mfu 1.05%
------average encoder activity 0.00000
-----------average decoder density 0.0000
step 153900: train loss 1.9645, val loss 1.9680
saving checkpoint to out-novel-char_LGT728D_4d06c3ce0eb6b62233f4128fdb1c3b0f
model:LGT728D iter 153900: loss 1.2452, time 4058.16ms, mfu 0.95%
model:LGT728D iter 153910: loss 1.2446, time 187.66ms, mfu 0.99%
model:LGT728D iter 153920: loss 1.3441, time 181.27ms, mfu 1.04%
model:LGT728D iter 153930: loss 1.4330, time 186.36ms, mfu 1.08%
model:LGT728D iter 153940: loss 1.3916, time 183.52ms, mfu 1.11%
------average encoder activity 0.00000
-----------average decoder density 0.0000
step 153950: train loss 1.9629, val loss 1.9598
saving checkpoint to out-novel-char_LGT728D_4d06c3ce0eb6b62233f4128fdb1c3b0f
model:LGT728D iter 153950: loss 1.4216, time 4222.46ms, mfu 1.01%
model:LGT728D iter 153960: loss 1.4150, time 195.15ms, mfu 1.04%
model:LGT728D iter 153970: loss 1.3796, time 247.25ms, mfu 1.04%
model:LGT728D iter 153980: loss 1.5437, time 198.98ms, mfu 1.07%
model:LGT728D iter 153990: loss 1.2726, time 159.44ms, mfu 1.13%
------average encoder activity 0.00000
-----------average decoder density 0.0000
step 154000: train loss 1.9681, val loss 1.9630
saving checkpoint to out-novel-char_LGT728D_4d06c3ce0eb6b62233f4128fdb1c3b0f
model:LGT728D iter 154000: loss 1.3616, time 3831.40ms, mfu 1.02%
model:LGT728D iter 154010: loss 1.3511, time 221.11ms, mfu 1.04%
model:LGT728D iter 154020: loss 1.4571, time 229.53ms, mfu 1.05%
model:LGT728D iter 154030: loss 1.4378, time 213.79ms, mfu 1.06%
model:LGT728D iter 154040: loss 1.3662, time 233.05ms, mfu 1.07%
------average encoder activity 0.00000
-----------average decoder density 0.0000
step 154050: train loss 1.9747, val loss 1.9853
saving checkpoint to out-novel-char_LGT728D_4d06c3ce0eb6b62233f4128fdb1c3b0f
model:LGT728D iter 154050: loss 1.3001, time 3461.23ms, mfu 0.97%
model:LGT728D iter 154060: loss 1.2955, time 225.21ms, mfu 0.99%
model:LGT728D iter 154070: loss 1.2768, time 229.33ms, mfu 1.01%
model:LGT728D iter 154080: loss 1.4137, time 229.27ms, mfu 1.02%
model:LGT728D iter 154090: loss 1.2889, time 230.65ms, mfu 1.03%
------average encoder activity 0.00000
-----------average decoder density 0.0000
step 154100: train loss 1.9667, val loss 1.9716
saving checkpoint to out-novel-char_LGT728D_4d06c3ce0eb6b62233f4128fdb1c3b0f
model:LGT728D iter 154100: loss 1.4143, time 3499.15ms, mfu 0.93%
model:LGT728D iter 154110: loss 1.2083, time 222.46ms, mfu 0.96%
model:LGT728D iter 154120: loss 1.4914, time 227.70ms, mfu 0.98%
model:LGT728D iter 154130: loss 1.3369, time 232.70ms, mfu 0.99%
model:LGT728D iter 154140: loss 1.4347, time 224.14ms, mfu 1.01%
------average encoder activity 0.00000
-----------average decoder density 0.0000
step 154150: train loss 1.9635, val loss 1.9689
saving checkpoint to out-novel-char_LGT728D_4d06c3ce0eb6b62233f4128fdb1c3b0f
model:LGT728D iter 154150: loss 1.3469, time 3916.62ms, mfu 0.92%
model:LGT728D iter 154160: loss 1.3377, time 212.21ms, mfu 0.95%
model:LGT728D iter 154170: loss 1.3046, time 224.86ms, mfu 0.97%
model:LGT728D iter 154180: loss 1.3776, time 230.33ms, mfu 0.99%
model:LGT728D iter 154190: loss 1.3520, time 229.35ms, mfu 1.00%
------average encoder activity 0.00000
-----------average decoder density 0.0000
step 154200: train loss 1.9564, val loss 1.9683
saving checkpoint to out-novel-char_LGT728D_4d06c3ce0eb6b62233f4128fdb1c3b0f
model:LGT728D iter 154200: loss 1.4325, time 4108.97ms, mfu 0.91%
model:LGT728D iter 154210: loss 1.3585, time 172.90ms, mfu 0.97%
model:LGT728D iter 154220: loss 1.2546, time 182.55ms, mfu 1.01%
model:LGT728D iter 154230: loss 1.4894, time 187.33ms, mfu 1.05%
model:LGT728D iter 154240: loss 1.2855, time 244.30ms, mfu 1.05%
------average encoder activity 0.00000
-----------average decoder density 0.0000
step 154250: train loss 1.9632, val loss 1.9736
saving checkpoint to out-novel-char_LGT728D_4d06c3ce0eb6b62233f4128fdb1c3b0f
model:LGT728D iter 154250: loss 1.3938, time 4154.62ms, mfu 0.96%
model:LGT728D iter 154260: loss 1.3696, time 232.93ms, mfu 0.97%
model:LGT728D iter 154270: loss 1.4576, time 176.68ms, mfu 1.02%
model:LGT728D iter 154280: loss 1.2876, time 179.38ms, mfu 1.07%
model:LGT728D iter 154290: loss 1.3351, time 186.12ms, mfu 1.10%
------average encoder activity 0.00000
-----------average decoder density 0.0000
step 154300: train loss 1.9698, val loss 1.9999
saving checkpoint to out-novel-char_LGT728D_4d06c3ce0eb6b62233f4128fdb1c3b0f
model:LGT728D iter 154300: loss 1.4567, time 4001.06ms, mfu 1.00%
model:LGT728D iter 154310: loss 1.4553, time 182.48ms, mfu 1.04%
model:LGT728D iter 154320: loss 1.1954, time 236.54ms, mfu 1.05%
model:LGT728D iter 154330: loss 1.3266, time 215.40ms, mfu 1.06%
model:LGT728D iter 154340: loss 1.2660, time 220.40ms, mfu 1.08%
------average encoder activity 0.00000
-----------average decoder density 0.0000
step 154350: train loss 1.9639, val loss 1.9768
saving checkpoint to out-novel-char_LGT728D_4d06c3ce0eb6b62233f4128fdb1c3b0f
model:LGT728D iter 154350: loss 1.3202, time 4138.27ms, mfu 0.98%
model:LGT728D iter 154360: loss 1.2472, time 227.75ms, mfu 0.99%
model:LGT728D iter 154370: loss 1.4237, time 236.04ms, mfu 1.00%
model:LGT728D iter 154380: loss 1.3848, time 214.29ms, mfu 1.03%
model:LGT728D iter 154390: loss 1.2345, time 218.63ms, mfu 1.04%
------average encoder activity 0.00000
-----------average decoder density 0.0000
step 154400: train loss 1.9686, val loss 1.9780
saving checkpoint to out-novel-char_LGT728D_4d06c3ce0eb6b62233f4128fdb1c3b0f
model:LGT728D iter 154400: loss 1.2063, time 4187.94ms, mfu 0.94%
model:LGT728D iter 154410: loss 1.2117, time 177.83ms, mfu 1.00%
model:LGT728D iter 154420: loss 1.4035, time 175.64ms, mfu 1.05%
model:LGT728D iter 154430: loss 1.3574, time 190.30ms, mfu 1.08%
model:LGT728D iter 154440: loss 1.3636, time 159.53ms, mfu 1.14%
------average encoder activity 0.00000
-----------average decoder density 0.0000
step 154450: train loss 1.9710, val loss 1.9837
saving checkpoint to out-novel-char_LGT728D_4d06c3ce0eb6b62233f4128fdb1c3b0f
model:LGT728D iter 154450: loss 1.3978, time 3520.29ms, mfu 1.03%
model:LGT728D iter 154460: loss 1.4200, time 210.49ms, mfu 1.05%
model:LGT728D iter 154470: loss 1.3378, time 224.40ms, mfu 1.06%
model:LGT728D iter 154480: loss 1.2415, time 220.89ms, mfu 1.07%
model:LGT728D iter 154490: loss 1.4300, time 243.82ms, mfu 1.07%
------average encoder activity 0.00000
-----------average decoder density 0.0000
step 154500: train loss 1.9721, val loss 1.9810
saving checkpoint to out-novel-char_LGT728D_4d06c3ce0eb6b62233f4128fdb1c3b0f
model:LGT728D iter 154500: loss 1.3847, time 3414.57ms, mfu 0.97%
model:LGT728D iter 154510: loss 1.3357, time 185.72ms, mfu 1.02%
model:LGT728D iter 154520: loss 1.4347, time 186.95ms, mfu 1.06%
model:LGT728D iter 154530: loss 1.4500, time 171.83ms, mfu 1.10%
model:LGT728D iter 154540: loss 1.3956, time 168.83ms, mfu 1.15%
------average encoder activity 0.00000
-----------average decoder density 0.0000
step 154550: train loss 1.9659, val loss 1.9761
saving checkpoint to out-novel-char_LGT728D_4d06c3ce0eb6b62233f4128fdb1c3b0f
model:LGT728D iter 154550: loss 1.3117, time 4114.90ms, mfu 1.04%
model:LGT728D iter 154560: loss 1.3255, time 161.29ms, mfu 1.10%
model:LGT728D iter 154570: loss 1.2696, time 161.23ms, mfu 1.15%
model:LGT728D iter 154580: loss 1.3933, time 178.98ms, mfu 1.18%
model:LGT728D iter 154590: loss 1.1910, time 173.41ms, mfu 1.21%
------average encoder activity 0.00000
-----------average decoder density 0.0000
step 154600: train loss 1.9664, val loss 1.9854
saving checkpoint to out-novel-char_LGT728D_4d06c3ce0eb6b62233f4128fdb1c3b0f
model:LGT728D iter 154600: loss 1.2348, time 4041.71ms, mfu 1.10%
model:LGT728D iter 154610: loss 1.3797, time 245.75ms, mfu 1.10%
model:LGT728D iter 154620: loss 1.3116, time 231.55ms, mfu 1.10%
model:LGT728D iter 154630: loss 1.3960, time 236.03ms, mfu 1.10%
model:LGT728D iter 154640: loss 1.3789, time 241.17ms, mfu 1.10%
------average encoder activity 0.00000
-----------average decoder density 0.0000
step 154650: train loss 1.9760, val loss 1.9806
saving checkpoint to out-novel-char_LGT728D_4d06c3ce0eb6b62233f4128fdb1c3b0f
model:LGT728D iter 154650: loss 1.4935, time 4315.75ms, mfu 0.99%
model:LGT728D iter 154660: loss 1.4001, time 242.11ms, mfu 1.00%
model:LGT728D iter 154670: loss 1.2907, time 227.53ms, mfu 1.02%
model:LGT728D iter 154680: loss 1.4406, time 224.97ms, mfu 1.03%
model:LGT728D iter 154690: loss 1.3925, time 227.53ms, mfu 1.04%
------average encoder activity 0.00000
-----------average decoder density 0.0000
step 154700: train loss 1.9614, val loss 1.9796
saving checkpoint to out-novel-char_LGT728D_4d06c3ce0eb6b62233f4128fdb1c3b0f
model:LGT728D iter 154700: loss 1.3695, time 4121.49ms, mfu 0.95%
model:LGT728D iter 154710: loss 1.4332, time 221.96ms, mfu 0.97%
model:LGT728D iter 154720: loss 1.3573, time 165.02ms, mfu 1.03%
model:LGT728D iter 154730: loss 1.3768, time 160.30ms, mfu 1.09%
model:LGT728D iter 154740: loss 1.3453, time 159.92ms, mfu 1.15%
------average encoder activity 0.00000
-----------average decoder density 0.0000
step 154750: train loss 1.9571, val loss 1.9839
saving checkpoint to out-novel-char_LGT728D_4d06c3ce0eb6b62233f4128fdb1c3b0f
model:LGT728D iter 154750: loss 1.4209, time 4098.08ms, mfu 1.04%
model:LGT728D iter 154760: loss 1.2413, time 234.17ms, mfu 1.05%
model:LGT728D iter 154770: loss 1.3274, time 236.12ms, mfu 1.05%
model:LGT728D iter 154780: loss 1.4656, time 225.96ms, mfu 1.06%
model:LGT728D iter 154790: loss 1.2472, time 214.75ms, mfu 1.08%
------average encoder activity 0.00000
-----------average decoder density 0.0000
step 154800: train loss 1.9677, val loss 1.9866
saving checkpoint to out-novel-char_LGT728D_4d06c3ce0eb6b62233f4128fdb1c3b0f
model:LGT728D iter 154800: loss 1.3115, time 3992.26ms, mfu 0.98%
model:LGT728D iter 154810: loss 1.4507, time 228.36ms, mfu 0.99%
model:LGT728D iter 154820: loss 1.2459, time 235.39ms, mfu 1.01%
model:LGT728D iter 154830: loss 1.3410, time 225.47ms, mfu 1.02%
model:LGT728D iter 154840: loss 1.4001, time 212.11ms, mfu 1.04%
------average encoder activity 0.00000
-----------average decoder density 0.0000
step 154850: train loss 1.9763, val loss 1.9718
saving checkpoint to out-novel-char_LGT728D_4d06c3ce0eb6b62233f4128fdb1c3b0f
model:LGT728D iter 154850: loss 1.2884, time 3864.43ms, mfu 0.94%
model:LGT728D iter 154860: loss 1.3677, time 227.73ms, mfu 0.97%
model:LGT728D iter 154870: loss 1.4669, time 228.81ms, mfu 0.98%
model:LGT728D iter 154880: loss 1.2945, time 166.77ms, mfu 1.04%
model:LGT728D iter 154890: loss 1.4532, time 170.93ms, mfu 1.09%
------average encoder activity 0.00000
-----------average decoder density 0.0000
step 154900: train loss 1.9675, val loss 1.9550
saving checkpoint to out-novel-char_LGT728D_4d06c3ce0eb6b62233f4128fdb1c3b0f
model:LGT728D iter 154900: loss 1.3347, time 3510.03ms, mfu 0.99%
model:LGT728D iter 154910: loss 1.4236, time 179.76ms, mfu 1.04%
model:LGT728D iter 154920: loss 1.3721, time 183.31ms, mfu 1.07%
model:LGT728D iter 154930: loss 1.5363, time 180.84ms, mfu 1.11%
model:LGT728D iter 154940: loss 1.2943, time 187.59ms, mfu 1.14%
------average encoder activity 0.00000
-----------average decoder density 0.0000
step 154950: train loss 1.9711, val loss 1.9804
saving checkpoint to out-novel-char_LGT728D_4d06c3ce0eb6b62233f4128fdb1c3b0f
model:LGT728D iter 154950: loss 1.4755, time 3775.35ms, mfu 1.03%
model:LGT728D iter 154960: loss 1.3795, time 156.06ms, mfu 1.10%
model:LGT728D iter 154970: loss 1.3436, time 160.08ms, mfu 1.15%
model:LGT728D iter 154980: loss 1.3858, time 172.93ms, mfu 1.19%
model:LGT728D iter 154990: loss 1.3332, time 227.66ms, mfu 1.18%
------average encoder activity 0.00000
-----------average decoder density 0.0000
step 155000: train loss 1.9681, val loss 1.9786
saving checkpoint to out-novel-char_LGT728D_4d06c3ce0eb6b62233f4128fdb1c3b0f
model:LGT728D iter 155000: loss 1.4652, time 3964.12ms, mfu 1.07%
model:LGT728D iter 155010: loss 1.3172, time 239.74ms, mfu 1.07%
model:LGT728D iter 155020: loss 1.1351, time 212.55ms, mfu 1.09%
model:LGT728D iter 155030: loss 1.2678, time 211.50ms, mfu 1.10%
model:LGT728D iter 155040: loss 1.2415, time 231.51ms, mfu 1.11%
------average encoder activity 0.00000
-----------average decoder density 0.0000
step 155050: train loss 1.9773, val loss 1.9830
saving checkpoint to out-novel-char_LGT728D_4d06c3ce0eb6b62233f4128fdb1c3b0f
model:LGT728D iter 155050: loss 1.3214, time 4043.72ms, mfu 1.00%
model:LGT728D iter 155060: loss 1.2792, time 239.63ms, mfu 1.01%
model:LGT728D iter 155070: loss 1.5262, time 210.19ms, mfu 1.04%
model:LGT728D iter 155080: loss 1.4927, time 214.90ms, mfu 1.05%
model:LGT728D iter 155090: loss 1.2833, time 229.96ms, mfu 1.06%
------average encoder activity 0.00000
-----------average decoder density 0.0000
step 155100: train loss 1.9617, val loss 1.9657
saving checkpoint to out-novel-char_LGT728D_4d06c3ce0eb6b62233f4128fdb1c3b0f
model:LGT728D iter 155100: loss 1.5192, time 4014.89ms, mfu 0.96%
model:LGT728D iter 155110: loss 1.3681, time 229.13ms, mfu 0.98%
model:LGT728D iter 155120: loss 1.5825, time 226.29ms, mfu 1.00%
model:LGT728D iter 155130: loss 1.4020, time 219.56ms, mfu 1.02%
model:LGT728D iter 155140: loss 1.3740, time 214.93ms, mfu 1.04%
------average encoder activity 0.00000
-----------average decoder density 0.0000
step 155150: train loss 1.9768, val loss 1.9701
saving checkpoint to out-novel-char_LGT728D_4d06c3ce0eb6b62233f4128fdb1c3b0f
model:LGT728D iter 155150: loss 1.3152, time 3819.84ms, mfu 0.94%
model:LGT728D iter 155160: loss 1.3529, time 236.09ms, mfu 0.96%
model:LGT728D iter 155170: loss 1.4543, time 231.30ms, mfu 0.97%
model:LGT728D iter 155180: loss 1.3433, time 210.69ms, mfu 1.00%
model:LGT728D iter 155190: loss 1.4526, time 222.13ms, mfu 1.02%
------average encoder activity 0.00000
-----------average decoder density 0.0000
step 155200: train loss 1.9730, val loss 1.9954
saving checkpoint to out-novel-char_LGT728D_4d06c3ce0eb6b62233f4128fdb1c3b0f
model:LGT728D iter 155200: loss 1.2844, time 3825.87ms, mfu 0.92%
model:LGT728D iter 155210: loss 1.4273, time 234.36ms, mfu 0.94%
model:LGT728D iter 155220: loss 1.4350, time 229.18ms, mfu 0.96%
model:LGT728D iter 155230: loss 1.4079, time 229.43ms, mfu 0.98%
model:LGT728D iter 155240: loss 1.4215, time 155.64ms, mfu 1.05%
------average encoder activity 0.00000
-----------average decoder density 0.0000
step 155250: train loss 1.9550, val loss 1.9527
saving checkpoint to out-novel-char_LGT728D_4d06c3ce0eb6b62233f4128fdb1c3b0f
model:LGT728D iter 155250: loss 1.1761, time 3432.63ms, mfu 0.95%
model:LGT728D iter 155260: loss 1.4646, time 164.79ms, mfu 1.02%
model:LGT728D iter 155270: loss 1.4601, time 172.16ms, mfu 1.07%
model:LGT728D iter 155280: loss 1.3231, time 168.40ms, mfu 1.12%
model:LGT728D iter 155290: loss 1.2552, time 170.33ms, mfu 1.16%
------average encoder activity 0.00000
-----------average decoder density 0.0000
step 155300: train loss 1.9642, val loss 1.9745
saving checkpoint to out-novel-char_LGT728D_4d06c3ce0eb6b62233f4128fdb1c3b0f
model:LGT728D iter 155300: loss 1.3891, time 3946.82ms, mfu 1.05%
model:LGT728D iter 155310: loss 1.4172, time 159.32ms, mfu 1.11%
model:LGT728D iter 155320: loss 1.2900, time 158.71ms, mfu 1.16%
model:LGT728D iter 155330: loss 1.3054, time 170.56ms, mfu 1.20%
model:LGT728D iter 155340: loss 1.4341, time 180.98ms, mfu 1.22%
------average encoder activity 0.00000
-----------average decoder density 0.0000
step 155350: train loss 1.9650, val loss 1.9786
saving checkpoint to out-novel-char_LGT728D_4d06c3ce0eb6b62233f4128fdb1c3b0f
model:LGT728D iter 155350: loss 1.5044, time 4198.40ms, mfu 1.11%
model:LGT728D iter 155360: loss 1.3845, time 227.26ms, mfu 1.11%
model:LGT728D iter 155370: loss 1.4585, time 215.89ms, mfu 1.12%
model:LGT728D iter 155380: loss 1.3815, time 215.56ms, mfu 1.13%
model:LGT728D iter 155390: loss 1.4072, time 226.47ms, mfu 1.13%
------average encoder activity 0.00000
-----------average decoder density 0.0000
step 155400: train loss 1.9708, val loss 1.9909
saving checkpoint to out-novel-char_LGT728D_4d06c3ce0eb6b62233f4128fdb1c3b0f
model:LGT728D iter 155400: loss 1.3615, time 4263.86ms, mfu 1.03%
model:LGT728D iter 155410: loss 1.4386, time 177.09ms, mfu 1.07%
model:LGT728D iter 155420: loss 1.3570, time 218.55ms, mfu 1.08%
model:LGT728D iter 155430: loss 1.3811, time 214.12ms, mfu 1.10%
model:LGT728D iter 155440: loss 1.3394, time 219.64ms, mfu 1.11%
------average encoder activity 0.00000
-----------average decoder density 0.0000
step 155450: train loss 1.9658, val loss 1.9814
saving checkpoint to out-novel-char_LGT728D_4d06c3ce0eb6b62233f4128fdb1c3b0f
model:LGT728D iter 155450: loss 1.3978, time 4128.56ms, mfu 1.00%
model:LGT728D iter 155460: loss 1.1998, time 171.30ms, mfu 1.06%
model:LGT728D iter 155470: loss 1.4187, time 168.47ms, mfu 1.11%
model:LGT728D iter 155480: loss 1.4550, time 180.87ms, mfu 1.14%
model:LGT728D iter 155490: loss 1.3267, time 162.03ms, mfu 1.19%
------average encoder activity 0.00000
-----------average decoder density 0.0000
step 155500: train loss 1.9704, val loss 1.9812
saving checkpoint to out-novel-char_LGT728D_4d06c3ce0eb6b62233f4128fdb1c3b0f
model:LGT728D iter 155500: loss 1.2798, time 3571.08ms, mfu 1.08%
model:LGT728D iter 155510: loss 1.2371, time 173.77ms, mfu 1.12%
model:LGT728D iter 155520: loss 1.2120, time 172.25ms, mfu 1.16%
model:LGT728D iter 155530: loss 1.3901, time 176.11ms, mfu 1.19%
model:LGT728D iter 155540: loss 1.4473, time 171.38ms, mfu 1.23%
------average encoder activity 0.00000
-----------average decoder density 0.0000
step 155550: train loss 1.9698, val loss 1.9827
saving checkpoint to out-novel-char_LGT728D_4d06c3ce0eb6b62233f4128fdb1c3b0f
model:LGT728D iter 155550: loss 1.3561, time 3919.61ms, mfu 1.11%
model:LGT728D iter 155560: loss 1.4715, time 161.84ms, mfu 1.16%
model:LGT728D iter 155570: loss 1.4198, time 150.39ms, mfu 1.22%
model:LGT728D iter 155580: loss 1.2235, time 168.85ms, mfu 1.25%
model:LGT728D iter 155590: loss 1.4037, time 172.76ms, mfu 1.28%
------average encoder activity 0.00000
-----------average decoder density 0.0000
step 155600: train loss 1.9624, val loss 1.9817
saving checkpoint to out-novel-char_LGT728D_4d06c3ce0eb6b62233f4128fdb1c3b0f
model:LGT728D iter 155600: loss 1.3091, time 3957.31ms, mfu 1.16%
model:LGT728D iter 155610: loss 1.3205, time 239.78ms, mfu 1.15%
model:LGT728D iter 155620: loss 1.5531, time 216.49ms, mfu 1.16%
model:LGT728D iter 155630: loss 1.1507, time 216.96ms, mfu 1.16%
model:LGT728D iter 155640: loss 1.3702, time 225.30ms, mfu 1.16%
------average encoder activity 0.00000
-----------average decoder density 0.0000
step 155650: train loss 1.9677, val loss 1.9765
saving checkpoint to out-novel-char_LGT728D_4d06c3ce0eb6b62233f4128fdb1c3b0f
model:LGT728D iter 155650: loss 1.1363, time 3964.49ms, mfu 1.05%
model:LGT728D iter 155660: loss 1.2803, time 237.78ms, mfu 1.06%
model:LGT728D iter 155670: loss 1.4069, time 234.32ms, mfu 1.06%
model:LGT728D iter 155680: loss 1.3735, time 215.74ms, mfu 1.08%
model:LGT728D iter 155690: loss 1.4182, time 214.20ms, mfu 1.09%
------average encoder activity 0.00000
-----------average decoder density 0.0000
step 155700: train loss 1.9643, val loss 1.9755
saving checkpoint to out-novel-char_LGT728D_4d06c3ce0eb6b62233f4128fdb1c3b0f
model:LGT728D iter 155700: loss 1.2684, time 3968.60ms, mfu 0.99%
model:LGT728D iter 155710: loss 1.2882, time 227.49ms, mfu 1.01%
model:LGT728D iter 155720: loss 1.4075, time 222.61ms, mfu 1.02%
model:LGT728D iter 155730: loss 1.3249, time 212.38ms, mfu 1.04%
model:LGT728D iter 155740: loss 1.3412, time 166.96ms, mfu 1.10%
------average encoder activity 0.00000
-----------average decoder density 0.0000
step 155750: train loss 1.9576, val loss 1.9604
saving checkpoint to out-novel-char_LGT728D_4d06c3ce0eb6b62233f4128fdb1c3b0f
model:LGT728D iter 155750: loss 1.3092, time 3871.37ms, mfu 0.99%
model:LGT728D iter 155760: loss 1.3970, time 200.97ms, mfu 1.02%
model:LGT728D iter 155770: loss 1.3968, time 201.35ms, mfu 1.05%
model:LGT728D iter 155780: loss 1.2723, time 203.30ms, mfu 1.08%
model:LGT728D iter 155790: loss 1.4677, time 200.95ms, mfu 1.10%
------average encoder activity 0.00000
-----------average decoder density 0.0000
step 155800: train loss 1.9516, val loss 1.9705
saving checkpoint to out-novel-char_LGT728D_4d06c3ce0eb6b62233f4128fdb1c3b0f
model:LGT728D iter 155800: loss 1.4613, time 3454.17ms, mfu 1.00%
model:LGT728D iter 155810: loss 1.3330, time 211.47ms, mfu 1.02%
model:LGT728D iter 155820: loss 1.3578, time 198.90ms, mfu 1.05%
model:LGT728D iter 155830: loss 1.4245, time 187.20ms, mfu 1.08%
model:LGT728D iter 155840: loss 1.4489, time 190.11ms, mfu 1.11%
------average encoder activity 0.00000
-----------average decoder density 0.0000
step 155850: train loss 1.9573, val loss 1.9782
saving checkpoint to out-novel-char_LGT728D_4d06c3ce0eb6b62233f4128fdb1c3b0f
model:LGT728D iter 155850: loss 1.3830, time 3924.54ms, mfu 1.01%
model:LGT728D iter 155860: loss 1.2599, time 179.75ms, mfu 1.05%
model:LGT728D iter 155870: loss 1.4757, time 184.50ms, mfu 1.09%
model:LGT728D iter 155880: loss 1.7111, time 250.34ms, mfu 1.09%
model:LGT728D iter 155890: loss 1.4116, time 244.24ms, mfu 1.08%
------average encoder activity 0.00000
-----------average decoder density 0.0000
step 155900: train loss 1.9657, val loss 1.9627
saving checkpoint to out-novel-char_LGT728D_4d06c3ce0eb6b62233f4128fdb1c3b0f
model:LGT728D iter 155900: loss 1.4075, time 4177.61ms, mfu 0.98%
model:LGT728D iter 155910: loss 1.3107, time 235.99ms, mfu 0.99%
model:LGT728D iter 155920: loss 1.5332, time 230.91ms, mfu 1.01%
model:LGT728D iter 155930: loss 1.3458, time 194.30ms, mfu 1.04%
model:LGT728D iter 155940: loss 1.3630, time 236.87ms, mfu 1.05%
------average encoder activity 0.00000
-----------average decoder density 0.0000
step 155950: train loss 1.9652, val loss 1.9912
saving checkpoint to out-novel-char_LGT728D_4d06c3ce0eb6b62233f4128fdb1c3b0f
model:LGT728D iter 155950: loss 1.4342, time 4283.55ms, mfu 0.95%
model:LGT728D iter 155960: loss 1.2565, time 235.77ms, mfu 0.97%
model:LGT728D iter 155970: loss 1.4014, time 182.73ms, mfu 1.01%
model:LGT728D iter 155980: loss 1.5353, time 177.43ms, mfu 1.06%
model:LGT728D iter 155990: loss 1.2943, time 181.85ms, mfu 1.10%
------average encoder activity 0.00000
-----------average decoder density 0.0000
step 156000: train loss 1.9661, val loss 1.9763
saving checkpoint to out-novel-char_LGT728D_4d06c3ce0eb6b62233f4128fdb1c3b0f
model:LGT728D iter 156000: loss 1.3015, time 4316.01ms, mfu 0.99%
model:LGT728D iter 156010: loss 1.3337, time 202.63ms, mfu 1.02%
model:LGT728D iter 156020: loss 1.5282, time 251.85ms, mfu 1.02%
model:LGT728D iter 156030: loss 1.1684, time 175.24ms, mfu 1.07%
model:LGT728D iter 156040: loss 1.3609, time 175.46ms, mfu 1.11%
------average encoder activity 0.00000
-----------average decoder density 0.0000
step 156050: train loss 1.9533, val loss 1.9744
saving checkpoint to out-novel-char_LGT728D_4d06c3ce0eb6b62233f4128fdb1c3b0f
model:LGT728D iter 156050: loss 1.4532, time 4176.62ms, mfu 1.01%
model:LGT728D iter 156060: loss 1.5222, time 242.38ms, mfu 1.02%
model:LGT728D iter 156070: loss 1.4578, time 209.76ms, mfu 1.04%
model:LGT728D iter 156080: loss 1.2753, time 230.07ms, mfu 1.05%
model:LGT728D iter 156090: loss 1.4395, time 219.46ms, mfu 1.06%
------average encoder activity 0.00000
-----------average decoder density 0.0000
step 156100: train loss 1.9685, val loss 1.9831
saving checkpoint to out-novel-char_LGT728D_4d06c3ce0eb6b62233f4128fdb1c3b0f
model:LGT728D iter 156100: loss 1.4348, time 4050.37ms, mfu 0.96%
model:LGT728D iter 156110: loss 1.1022, time 222.99ms, mfu 0.98%
model:LGT728D iter 156120: loss 1.3776, time 227.33ms, mfu 1.00%
model:LGT728D iter 156130: loss 1.3615, time 231.21ms, mfu 1.01%
model:LGT728D iter 156140: loss 1.2509, time 233.75ms, mfu 1.02%
------average encoder activity 0.00000
-----------average decoder density 0.0000
step 156150: train loss 1.9665, val loss 1.9810
saving checkpoint to out-novel-char_LGT728D_4d06c3ce0eb6b62233f4128fdb1c3b0f
model:LGT728D iter 156150: loss 1.2955, time 3754.56ms, mfu 0.93%
model:LGT728D iter 156160: loss 1.4302, time 219.98ms, mfu 0.96%
model:LGT728D iter 156170: loss 1.3238, time 232.63ms, mfu 0.97%
model:LGT728D iter 156180: loss 1.3796, time 229.11ms, mfu 0.99%
model:LGT728D iter 156190: loss 1.4319, time 233.08ms, mfu 1.00%
------average encoder activity 0.00000
-----------average decoder density 0.0000
step 156200: train loss 1.9648, val loss 1.9788
saving checkpoint to out-novel-char_LGT728D_4d06c3ce0eb6b62233f4128fdb1c3b0f
model:LGT728D iter 156200: loss 1.3766, time 3439.85ms, mfu 0.91%
model:LGT728D iter 156210: loss 1.5943, time 224.30ms, mfu 0.94%
model:LGT728D iter 156220: loss 1.2848, time 223.65ms, mfu 0.96%
model:LGT728D iter 156230: loss 1.3420, time 238.37ms, mfu 0.97%
model:LGT728D iter 156240: loss 1.2651, time 237.05ms, mfu 0.99%
------average encoder activity 0.00000
-----------average decoder density 0.0000
step 156250: train loss 1.9729, val loss 1.9751
saving checkpoint to out-novel-char_LGT728D_4d06c3ce0eb6b62233f4128fdb1c3b0f
model:LGT728D iter 156250: loss 1.2572, time 3518.27ms, mfu 0.89%
model:LGT728D iter 156260: loss 1.4626, time 227.15ms, mfu 0.92%
model:LGT728D iter 156270: loss 1.6630, time 217.70ms, mfu 0.95%
model:LGT728D iter 156280: loss 1.1914, time 234.23ms, mfu 0.97%
model:LGT728D iter 156290: loss 1.3611, time 240.77ms, mfu 0.98%
------average encoder activity 0.00000
-----------average decoder density 0.0000
step 156300: train loss 1.9494, val loss 1.9658
saving checkpoint to out-novel-char_LGT728D_4d06c3ce0eb6b62233f4128fdb1c3b0f
model:LGT728D iter 156300: loss 1.4237, time 3768.24ms, mfu 0.89%
model:LGT728D iter 156310: loss 1.3898, time 214.15ms, mfu 0.92%
model:LGT728D iter 156320: loss 1.2969, time 225.46ms, mfu 0.94%
model:LGT728D iter 156330: loss 1.4752, time 223.74ms, mfu 0.97%
model:LGT728D iter 156340: loss 1.4078, time 232.79ms, mfu 0.98%
------average encoder activity 0.00000
-----------average decoder density 0.0000
step 156350: train loss 1.9479, val loss 1.9573
saving checkpoint to out-novel-char_LGT728D_4d06c3ce0eb6b62233f4128fdb1c3b0f
model:LGT728D iter 156350: loss 1.3796, time 3964.97ms, mfu 0.89%
model:LGT728D iter 156360: loss 1.5394, time 225.45ms, mfu 0.92%
model:LGT728D iter 156370: loss 1.3889, time 242.11ms, mfu 0.93%
model:LGT728D iter 156380: loss 1.2489, time 249.50ms, mfu 0.95%
model:LGT728D iter 156390: loss 1.5060, time 249.75ms, mfu 0.96%
------average encoder activity 0.00000
-----------average decoder density 0.0000
step 156400: train loss 1.9418, val loss 1.9558
saving checkpoint to out-novel-char_LGT728D_4d06c3ce0eb6b62233f4128fdb1c3b0f
model:LGT728D iter 156400: loss 1.2556, time 4142.62ms, mfu 0.87%
model:LGT728D iter 156410: loss 1.4278, time 228.46ms, mfu 0.89%
model:LGT728D iter 156420: loss 1.3888, time 189.49ms, mfu 0.94%
model:LGT728D iter 156430: loss 1.3940, time 248.75ms, mfu 0.95%
model:LGT728D iter 156440: loss 1.1608, time 248.95ms, mfu 0.96%
------average encoder activity 0.00000
-----------average decoder density 0.0000
step 156450: train loss 1.9609, val loss 1.9787
saving checkpoint to out-novel-char_LGT728D_4d06c3ce0eb6b62233f4128fdb1c3b0f
model:LGT728D iter 156450: loss 1.3772, time 3975.99ms, mfu 0.87%
model:LGT728D iter 156460: loss 1.4886, time 174.06ms, mfu 0.94%
model:LGT728D iter 156470: loss 1.2472, time 181.06ms, mfu 0.99%
model:LGT728D iter 156480: loss 1.2993, time 189.13ms, mfu 1.03%
model:LGT728D iter 156490: loss 1.5262, time 247.83ms, mfu 1.03%
------average encoder activity 0.00000
-----------average decoder density 0.0000
step 156500: train loss 1.9689, val loss 1.9853
saving checkpoint to out-novel-char_LGT728D_4d06c3ce0eb6b62233f4128fdb1c3b0f
model:LGT728D iter 156500: loss 1.4094, time 4060.12ms, mfu 0.93%
model:LGT728D iter 156510: loss 1.4131, time 184.14ms, mfu 0.98%
model:LGT728D iter 156520: loss 1.4169, time 189.04ms, mfu 1.02%
model:LGT728D iter 156530: loss 1.3808, time 176.28ms, mfu 1.07%
model:LGT728D iter 156540: loss 1.4535, time 177.92ms, mfu 1.11%
------average encoder activity 0.00000
-----------average decoder density 0.0000
step 156550: train loss 1.9542, val loss 1.9706
saving checkpoint to out-novel-char_LGT728D_4d06c3ce0eb6b62233f4128fdb1c3b0f
model:LGT728D iter 156550: loss 1.1828, time 4187.16ms, mfu 1.00%
model:LGT728D iter 156560: loss 1.4417, time 238.71ms, mfu 1.01%
model:LGT728D iter 156570: loss 1.3065, time 233.13ms, mfu 1.02%
model:LGT728D iter 156580: loss 1.4890, time 232.02ms, mfu 1.03%
model:LGT728D iter 156590: loss 1.3165, time 235.62ms, mfu 1.04%
------average encoder activity 0.00000
-----------average decoder density 0.0000
step 156600: train loss 1.9606, val loss 1.9720
saving checkpoint to out-novel-char_LGT728D_4d06c3ce0eb6b62233f4128fdb1c3b0f
model:LGT728D iter 156600: loss 1.2865, time 4028.84ms, mfu 0.94%
model:LGT728D iter 156610: loss 1.2929, time 236.33ms, mfu 0.96%
model:LGT728D iter 156620: loss 1.3461, time 245.48ms, mfu 0.97%
model:LGT728D iter 156630: loss 1.2832, time 242.21ms, mfu 0.98%
model:LGT728D iter 156640: loss 1.2455, time 173.47ms, mfu 1.03%
------average encoder activity 0.00000
-----------average decoder density 0.0000
step 156650: train loss 1.9589, val loss 1.9763
saving checkpoint to out-novel-char_LGT728D_4d06c3ce0eb6b62233f4128fdb1c3b0f
model:LGT728D iter 156650: loss 1.2761, time 3724.61ms, mfu 0.94%
model:LGT728D iter 156660: loss 1.1233, time 245.09ms, mfu 0.95%
model:LGT728D iter 156670: loss 1.3886, time 245.95ms, mfu 0.96%
model:LGT728D iter 156680: loss 1.3259, time 239.89ms, mfu 0.98%
model:LGT728D iter 156690: loss 1.3344, time 228.69ms, mfu 0.99%
------average encoder activity 0.00000
-----------average decoder density 0.0000
step 156700: train loss 1.9759, val loss 1.9703
saving checkpoint to out-novel-char_LGT728D_4d06c3ce0eb6b62233f4128fdb1c3b0f
model:LGT728D iter 156700: loss 1.2506, time 3575.40ms, mfu 0.90%
model:LGT728D iter 156710: loss 1.3718, time 230.29ms, mfu 0.92%
model:LGT728D iter 156720: loss 1.3498, time 229.21ms, mfu 0.95%
model:LGT728D iter 156730: loss 1.5145, time 235.85ms, mfu 0.96%
model:LGT728D iter 156740: loss 1.4621, time 236.14ms, mfu 0.98%
------average encoder activity 0.00000
-----------average decoder density 0.0000
step 156750: train loss 1.9679, val loss 1.9866
saving checkpoint to out-novel-char_LGT728D_4d06c3ce0eb6b62233f4128fdb1c3b0f
model:LGT728D iter 156750: loss 1.5111, time 3413.19ms, mfu 0.89%
model:LGT728D iter 156760: loss 1.3813, time 239.85ms, mfu 0.91%
model:LGT728D iter 156770: loss 1.5419, time 239.00ms, mfu 0.93%
model:LGT728D iter 156780: loss 1.5292, time 197.82ms, mfu 0.97%
model:LGT728D iter 156790: loss 1.3550, time 227.74ms, mfu 0.98%
------average encoder activity 0.00000
-----------average decoder density 0.0000
step 156800: train loss 1.9546, val loss 1.9590
saving checkpoint to out-novel-char_LGT728D_4d06c3ce0eb6b62233f4128fdb1c3b0f
model:LGT728D iter 156800: loss 1.4233, time 3650.55ms, mfu 0.89%
model:LGT728D iter 156810: loss 1.4296, time 245.17ms, mfu 0.91%
model:LGT728D iter 156820: loss 1.3468, time 227.08ms, mfu 0.93%
model:LGT728D iter 156830: loss 1.3601, time 226.56ms, mfu 0.96%
model:LGT728D iter 156840: loss 1.3444, time 215.23ms, mfu 0.98%
------average encoder activity 0.00000
-----------average decoder density 0.0000
step 156850: train loss 1.9627, val loss 1.9814
saving checkpoint to out-novel-char_LGT728D_4d06c3ce0eb6b62233f4128fdb1c3b0f
model:LGT728D iter 156850: loss 1.4190, time 3733.29ms, mfu 0.89%
model:LGT728D iter 156860: loss 1.3292, time 214.57ms, mfu 0.92%
model:LGT728D iter 156870: loss 1.4887, time 229.91ms, mfu 0.95%
model:LGT728D iter 156880: loss 1.3674, time 183.80ms, mfu 0.99%
model:LGT728D iter 156890: loss 1.4202, time 204.36ms, mfu 1.02%
------average encoder activity 0.00000
-----------average decoder density 0.0000
step 156900: train loss 1.9771, val loss 1.9684
saving checkpoint to out-novel-char_LGT728D_4d06c3ce0eb6b62233f4128fdb1c3b0f
model:LGT728D iter 156900: loss 1.4555, time 3819.99ms, mfu 0.93%
model:LGT728D iter 156910: loss 1.3404, time 191.77ms, mfu 0.97%
model:LGT728D iter 156920: loss 1.3188, time 212.42ms, mfu 1.00%
model:LGT728D iter 156930: loss 1.4362, time 182.01ms, mfu 1.04%
model:LGT728D iter 156940: loss 1.4303, time 200.95ms, mfu 1.07%
------average encoder activity 0.00000
-----------average decoder density 0.0000
step 156950: train loss 1.9619, val loss 1.9879
saving checkpoint to out-novel-char_LGT728D_4d06c3ce0eb6b62233f4128fdb1c3b0f
model:LGT728D iter 156950: loss 1.3356, time 3787.62ms, mfu 0.97%
model:LGT728D iter 156960: loss 1.5366, time 196.17ms, mfu 1.00%
model:LGT728D iter 156970: loss 1.2897, time 203.78ms, mfu 1.03%
model:LGT728D iter 156980: loss 1.3946, time 183.10ms, mfu 1.07%
model:LGT728D iter 156990: loss 1.2414, time 186.17ms, mfu 1.11%
------average encoder activity 0.00000
-----------average decoder density 0.0000
step 157000: train loss 1.9505, val loss 1.9787
saving checkpoint to out-novel-char_LGT728D_4d06c3ce0eb6b62233f4128fdb1c3b0f
model:LGT728D iter 157000: loss 1.4607, time 3731.36ms, mfu 1.00%
model:LGT728D iter 157010: loss 1.2520, time 224.22ms, mfu 1.02%
model:LGT728D iter 157020: loss 1.3992, time 246.69ms, mfu 1.02%
model:LGT728D iter 157030: loss 1.2542, time 237.53ms, mfu 1.03%
model:LGT728D iter 157040: loss 1.3404, time 193.75ms, mfu 1.06%
------average encoder activity 0.00000
-----------average decoder density 0.0000
step 157050: train loss 1.9399, val loss 1.9731
saving checkpoint to out-novel-char_LGT728D_4d06c3ce0eb6b62233f4128fdb1c3b0f
model:LGT728D iter 157050: loss 1.3580, time 3443.16ms, mfu 0.96%
model:LGT728D iter 157060: loss 1.3365, time 241.62ms, mfu 0.98%
model:LGT728D iter 157070: loss 1.4881, time 239.76ms, mfu 0.99%
model:LGT728D iter 157080: loss 1.3781, time 238.07ms, mfu 1.00%
model:LGT728D iter 157090: loss 1.2290, time 228.85ms, mfu 1.01%
------average encoder activity 0.00000
-----------average decoder density 0.0000
step 157100: train loss 1.9741, val loss 1.9779
saving checkpoint to out-novel-char_LGT728D_4d06c3ce0eb6b62233f4128fdb1c3b0f
model:LGT728D iter 157100: loss 1.4271, time 3950.51ms, mfu 0.92%
model:LGT728D iter 157110: loss 1.2987, time 227.32ms, mfu 0.94%
model:LGT728D iter 157120: loss 1.4895, time 236.70ms, mfu 0.96%
model:LGT728D iter 157130: loss 1.3648, time 232.22ms, mfu 0.97%
model:LGT728D iter 157140: loss 1.4911, time 237.04ms, mfu 0.99%
------average encoder activity 0.00000
-----------average decoder density 0.0000
step 157150: train loss 1.9656, val loss 1.9864
saving checkpoint to out-novel-char_LGT728D_4d06c3ce0eb6b62233f4128fdb1c3b0f
model:LGT728D iter 157150: loss 1.3610, time 4294.76ms, mfu 0.90%
model:LGT728D iter 157160: loss 1.3772, time 215.72ms, mfu 0.93%
model:LGT728D iter 157170: loss 1.5075, time 236.01ms, mfu 0.95%
model:LGT728D iter 157180: loss 1.2722, time 228.77ms, mfu 0.97%
model:LGT728D iter 157190: loss 1.3551, time 239.66ms, mfu 0.98%
------average encoder activity 0.00000
-----------average decoder density 0.0000
step 157200: train loss 1.9554, val loss 1.9826
saving checkpoint to out-novel-char_LGT728D_4d06c3ce0eb6b62233f4128fdb1c3b0f
model:LGT728D iter 157200: loss 1.4127, time 4008.08ms, mfu 0.89%
model:LGT728D iter 157210: loss 1.3543, time 225.66ms, mfu 0.91%
model:LGT728D iter 157220: loss 1.2803, time 222.78ms, mfu 0.94%
model:LGT728D iter 157230: loss 1.2227, time 236.66ms, mfu 0.96%
model:LGT728D iter 157240: loss 1.4591, time 226.69ms, mfu 0.98%
------average encoder activity 0.00000
-----------average decoder density 0.0000
step 157250: train loss 1.9547, val loss 1.9811
saving checkpoint to out-novel-char_LGT728D_4d06c3ce0eb6b62233f4128fdb1c3b0f
model:LGT728D iter 157250: loss 1.3322, time 4224.20ms, mfu 0.88%
model:LGT728D iter 157260: loss 1.4573, time 215.33ms, mfu 0.92%
model:LGT728D iter 157270: loss 1.4544, time 222.34ms, mfu 0.94%
model:LGT728D iter 157280: loss 1.4012, time 226.31ms, mfu 0.97%
model:LGT728D iter 157290: loss 1.2774, time 224.86ms, mfu 0.98%
------average encoder activity 0.00000
-----------average decoder density 0.0000
step 157300: train loss 1.9707, val loss 1.9569
saving checkpoint to out-novel-char_LGT728D_4d06c3ce0eb6b62233f4128fdb1c3b0f
model:LGT728D iter 157300: loss 1.4109, time 4325.94ms, mfu 0.89%
model:LGT728D iter 157310: loss 1.3907, time 219.68ms, mfu 0.92%
model:LGT728D iter 157320: loss 1.5410, time 220.90ms, mfu 0.95%
model:LGT728D iter 157330: loss 1.3285, time 232.67ms, mfu 0.97%
model:LGT728D iter 157340: loss 1.3888, time 223.31ms, mfu 0.99%
------average encoder activity 0.00000
-----------average decoder density 0.0000
step 157350: train loss 1.9593, val loss 1.9643
saving checkpoint to out-novel-char_LGT728D_4d06c3ce0eb6b62233f4128fdb1c3b0f
model:LGT728D iter 157350: loss 1.4533, time 4255.37ms, mfu 0.89%
model:LGT728D iter 157360: loss 1.3483, time 243.08ms, mfu 0.91%
model:LGT728D iter 157370: loss 1.2460, time 238.67ms, mfu 0.93%
model:LGT728D iter 157380: loss 1.2254, time 192.40ms, mfu 0.97%
model:LGT728D iter 157390: loss 1.2905, time 188.33ms, mfu 1.02%
------average encoder activity 0.00000
-----------average decoder density 0.0000
step 157400: train loss 1.9442, val loss 1.9807
saving checkpoint to out-novel-char_LGT728D_4d06c3ce0eb6b62233f4128fdb1c3b0f
model:LGT728D iter 157400: loss 1.2932, time 4164.35ms, mfu 0.92%
model:LGT728D iter 157410: loss 1.3322, time 238.66ms, mfu 0.94%
model:LGT728D iter 157420: loss 1.4158, time 237.05ms, mfu 0.95%
model:LGT728D iter 157430: loss 1.4877, time 176.89ms, mfu 1.01%
model:LGT728D iter 157440: loss 1.2936, time 191.65ms, mfu 1.04%
------average encoder activity 0.00000
-----------average decoder density 0.0000
step 157450: train loss 1.9487, val loss 1.9812
saving checkpoint to out-novel-char_LGT728D_4d06c3ce0eb6b62233f4128fdb1c3b0f
model:LGT728D iter 157450: loss 1.4268, time 4155.49ms, mfu 0.94%
model:LGT728D iter 157460: loss 1.3815, time 194.44ms, mfu 0.98%
model:LGT728D iter 157470: loss 1.4874, time 240.48ms, mfu 1.00%
model:LGT728D iter 157480: loss 1.3830, time 178.06ms, mfu 1.04%
model:LGT728D iter 157490: loss 1.3445, time 176.86ms, mfu 1.09%
------average encoder activity 0.00000
-----------average decoder density 0.0000
step 157500: train loss 1.9435, val loss 1.9780
saving checkpoint to out-novel-char_LGT728D_4d06c3ce0eb6b62233f4128fdb1c3b0f
model:LGT728D iter 157500: loss 1.3278, time 4136.41ms, mfu 0.98%
model:LGT728D iter 157510: loss 1.2190, time 243.36ms, mfu 0.99%
model:LGT728D iter 157520: loss 1.3008, time 223.68ms, mfu 1.01%
model:LGT728D iter 157530: loss 1.3765, time 211.96ms, mfu 1.03%
model:LGT728D iter 157540: loss 1.4425, time 212.49ms, mfu 1.05%
------average encoder activity 0.00000
-----------average decoder density 0.0000
step 157550: train loss 1.9596, val loss 1.9848
saving checkpoint to out-novel-char_LGT728D_4d06c3ce0eb6b62233f4128fdb1c3b0f
model:LGT728D iter 157550: loss 1.5198, time 4124.89ms, mfu 0.95%
model:LGT728D iter 157560: loss 1.2767, time 243.86ms, mfu 0.97%
model:LGT728D iter 157570: loss 1.4352, time 238.54ms, mfu 0.98%
model:LGT728D iter 157580: loss 1.4354, time 233.43ms, mfu 0.99%
model:LGT728D iter 157590: loss 1.3636, time 172.11ms, mfu 1.05%
------average encoder activity 0.00000
-----------average decoder density 0.0000
step 157600: train loss 1.9592, val loss 1.9684
saving checkpoint to out-novel-char_LGT728D_4d06c3ce0eb6b62233f4128fdb1c3b0f
model:LGT728D iter 157600: loss 1.3787, time 4050.73ms, mfu 0.95%
model:LGT728D iter 157610: loss 1.4175, time 239.89ms, mfu 0.96%
model:LGT728D iter 157620: loss 1.3716, time 252.26ms, mfu 0.97%
model:LGT728D iter 157630: loss 1.3834, time 240.44ms, mfu 0.98%
model:LGT728D iter 157640: loss 1.3715, time 233.65ms, mfu 1.00%
------average encoder activity 0.00000
-----------average decoder density 0.0000
step 157650: train loss 1.9623, val loss 1.9605
saving checkpoint to out-novel-char_LGT728D_4d06c3ce0eb6b62233f4128fdb1c3b0f
model:LGT728D iter 157650: loss 1.4366, time 3993.67ms, mfu 0.90%
model:LGT728D iter 157660: loss 1.4554, time 246.79ms, mfu 0.92%
model:LGT728D iter 157670: loss 1.4807, time 234.48ms, mfu 0.94%
model:LGT728D iter 157680: loss 1.4180, time 239.88ms, mfu 0.95%
model:LGT728D iter 157690: loss 1.2939, time 233.43ms, mfu 0.97%
------average encoder activity 0.00000
-----------average decoder density 0.0000
step 157700: train loss 1.9534, val loss 1.9602
saving checkpoint to out-novel-char_LGT728D_4d06c3ce0eb6b62233f4128fdb1c3b0f
model:LGT728D iter 157700: loss 1.5263, time 3668.12ms, mfu 0.88%
model:LGT728D iter 157710: loss 1.3173, time 247.50ms, mfu 0.90%
model:LGT728D iter 157720: loss 1.3290, time 241.55ms, mfu 0.92%
model:LGT728D iter 157730: loss 1.3068, time 237.39ms, mfu 0.94%
model:LGT728D iter 157740: loss 1.2540, time 230.21ms, mfu 0.96%
------average encoder activity 0.00000
-----------average decoder density 0.0000
step 157750: train loss 1.9666, val loss 1.9781
saving checkpoint to out-novel-char_LGT728D_4d06c3ce0eb6b62233f4128fdb1c3b0f
model:LGT728D iter 157750: loss 1.4297, time 3445.74ms, mfu 0.87%
model:LGT728D iter 157760: loss 1.6396, time 250.86ms, mfu 0.88%
model:LGT728D iter 157770: loss 1.3627, time 186.67ms, mfu 0.94%
model:LGT728D iter 157780: loss 1.2389, time 236.27ms, mfu 0.95%
model:LGT728D iter 157790: loss 1.4176, time 247.02ms, mfu 0.96%
------average encoder activity 0.00000
-----------average decoder density 0.0000
step 157800: train loss 1.9707, val loss 1.9683
saving checkpoint to out-novel-char_LGT728D_4d06c3ce0eb6b62233f4128fdb1c3b0f
model:LGT728D iter 157800: loss 1.3867, time 3486.36ms, mfu 0.88%
model:LGT728D iter 157810: loss 1.2899, time 235.25ms, mfu 0.90%
model:LGT728D iter 157820: loss 1.4069, time 231.52ms, mfu 0.92%
model:LGT728D iter 157830: loss 1.3424, time 223.93ms, mfu 0.95%
model:LGT728D iter 157840: loss 1.3387, time 224.52ms, mfu 0.97%
------average encoder activity 0.00000
-----------average decoder density 0.0000
step 157850: train loss 1.9493, val loss 1.9675
saving checkpoint to out-novel-char_LGT728D_4d06c3ce0eb6b62233f4128fdb1c3b0f
model:LGT728D iter 157850: loss 1.4252, time 3693.52ms, mfu 0.88%
model:LGT728D iter 157860: loss 1.2160, time 231.31ms, mfu 0.90%
model:LGT728D iter 157870: loss 1.4288, time 238.53ms, mfu 0.92%
model:LGT728D iter 157880: loss 1.1520, time 229.58ms, mfu 0.95%
model:LGT728D iter 157890: loss 1.4439, time 225.46ms, mfu 0.97%
------average encoder activity 0.00000
-----------average decoder density 0.0000
step 157900: train loss 1.9531, val loss 1.9732
saving checkpoint to out-novel-char_LGT728D_4d06c3ce0eb6b62233f4128fdb1c3b0f
model:LGT728D iter 157900: loss 1.5095, time 4201.59ms, mfu 0.88%
model:LGT728D iter 157910: loss 1.5134, time 223.76ms, mfu 0.91%
model:LGT728D iter 157920: loss 1.4219, time 228.87ms, mfu 0.93%
model:LGT728D iter 157930: loss 1.3287, time 222.84ms, mfu 0.95%
model:LGT728D iter 157940: loss 1.2921, time 231.55ms, mfu 0.97%
------average encoder activity 0.00000
-----------average decoder density 0.0000
step 157950: train loss 1.9425, val loss 1.9515
saving checkpoint to out-novel-char_LGT728D_4d06c3ce0eb6b62233f4128fdb1c3b0f
model:LGT728D iter 157950: loss 1.3350, time 4508.17ms, mfu 0.88%
model:LGT728D iter 157960: loss 1.4559, time 171.83ms, mfu 0.94%
model:LGT728D iter 157970: loss 1.4069, time 173.92ms, mfu 1.00%
model:LGT728D iter 157980: loss 1.3716, time 185.43ms, mfu 1.04%
model:LGT728D iter 157990: loss 1.3290, time 182.53ms, mfu 1.08%
------average encoder activity 0.00000
-----------average decoder density 0.0000
step 158000: train loss 1.9597, val loss 1.9713
saving checkpoint to out-novel-char_LGT728D_4d06c3ce0eb6b62233f4128fdb1c3b0f
model:LGT728D iter 158000: loss 1.5153, time 4122.12ms, mfu 0.98%
model:LGT728D iter 158010: loss 1.2343, time 208.65ms, mfu 1.01%
model:LGT728D iter 158020: loss 1.3867, time 171.88ms, mfu 1.06%
model:LGT728D iter 158030: loss 1.4751, time 171.00ms, mfu 1.11%
model:LGT728D iter 158040: loss 1.4583, time 173.09ms, mfu 1.15%
------average encoder activity 0.00000
-----------average decoder density 0.0000
step 158050: train loss 1.9616, val loss 1.9612
saving checkpoint to out-novel-char_LGT728D_4d06c3ce0eb6b62233f4128fdb1c3b0f
model:LGT728D iter 158050: loss 1.3554, time 4489.22ms, mfu 1.04%
model:LGT728D iter 158060: loss 1.2854, time 187.97ms, mfu 1.07%
model:LGT728D iter 158070: loss 1.3855, time 188.29ms, mfu 1.10%
model:LGT728D iter 158080: loss 1.3253, time 183.63ms, mfu 1.14%
model:LGT728D iter 158090: loss 1.2103, time 183.87ms, mfu 1.17%
------average encoder activity 0.00000
-----------average decoder density 0.0000
step 158100: train loss 1.9641, val loss 1.9749
saving checkpoint to out-novel-char_LGT728D_4d06c3ce0eb6b62233f4128fdb1c3b0f
model:LGT728D iter 158100: loss 1.3948, time 3992.77ms, mfu 1.06%
model:LGT728D iter 158110: loss 1.3525, time 194.44ms, mfu 1.08%
model:LGT728D iter 158120: loss 1.4633, time 180.51ms, mfu 1.12%
model:LGT728D iter 158130: loss 1.4198, time 217.93ms, mfu 1.13%
model:LGT728D iter 158140: loss 1.2428, time 207.70ms, mfu 1.14%
------average encoder activity 0.00000
-----------average decoder density 0.0000
step 158150: train loss 1.9468, val loss 1.9622
saving checkpoint to out-novel-char_LGT728D_4d06c3ce0eb6b62233f4128fdb1c3b0f
model:LGT728D iter 158150: loss 1.2860, time 3950.75ms, mfu 1.03%
model:LGT728D iter 158160: loss 1.5178, time 183.87ms, mfu 1.07%
model:LGT728D iter 158170: loss 1.4682, time 189.85ms, mfu 1.10%
model:LGT728D iter 158180: loss 1.3820, time 187.95ms, mfu 1.13%
model:LGT728D iter 158190: loss 1.3018, time 241.04ms, mfu 1.13%
------average encoder activity 0.00000
-----------average decoder density 0.0000
step 158200: train loss 1.9582, val loss 1.9706
saving checkpoint to out-novel-char_LGT728D_4d06c3ce0eb6b62233f4128fdb1c3b0f
model:LGT728D iter 158200: loss 1.4035, time 4116.05ms, mfu 1.02%
model:LGT728D iter 158210: loss 1.3775, time 176.08ms, mfu 1.07%
model:LGT728D iter 158220: loss 1.2381, time 174.30ms, mfu 1.11%
model:LGT728D iter 158230: loss 1.4865, time 181.77ms, mfu 1.14%
model:LGT728D iter 158240: loss 1.3803, time 220.63ms, mfu 1.15%
------average encoder activity 0.00000
-----------average decoder density 0.0000
step 158250: train loss 1.9476, val loss 1.9763
saving checkpoint to out-novel-char_LGT728D_4d06c3ce0eb6b62233f4128fdb1c3b0f
model:LGT728D iter 158250: loss 1.1455, time 4198.99ms, mfu 1.04%
model:LGT728D iter 158260: loss 1.4608, time 231.32ms, mfu 1.05%
model:LGT728D iter 158270: loss 1.3203, time 176.25ms, mfu 1.09%
model:LGT728D iter 158280: loss 1.2600, time 181.63ms, mfu 1.13%
model:LGT728D iter 158290: loss 1.2921, time 253.89ms, mfu 1.12%
------average encoder activity 0.00000
-----------average decoder density 0.0000
step 158300: train loss 1.9649, val loss 1.9697
saving checkpoint to out-novel-char_LGT728D_4d06c3ce0eb6b62233f4128fdb1c3b0f
model:LGT728D iter 158300: loss 1.4929, time 4209.88ms, mfu 1.01%
model:LGT728D iter 158310: loss 1.5014, time 239.19ms, mfu 1.02%
model:LGT728D iter 158320: loss 1.3926, time 227.68ms, mfu 1.03%
model:LGT728D iter 158330: loss 1.2766, time 228.51ms, mfu 1.04%
model:LGT728D iter 158340: loss 1.4010, time 247.22ms, mfu 1.05%
------average encoder activity 0.00000
-----------average decoder density 0.0000
step 158350: train loss 1.9583, val loss 1.9657
saving checkpoint to out-novel-char_LGT728D_4d06c3ce0eb6b62233f4128fdb1c3b0f
model:LGT728D iter 158350: loss 1.3268, time 4009.37ms, mfu 0.95%
model:LGT728D iter 158360: loss 1.3269, time 240.65ms, mfu 0.96%
model:LGT728D iter 158370: loss 1.3848, time 228.55ms, mfu 0.98%
model:LGT728D iter 158380: loss 1.4604, time 181.50ms, mfu 1.03%
model:LGT728D iter 158390: loss 1.3791, time 191.58ms, mfu 1.06%
------average encoder activity 0.00000
-----------average decoder density 0.0000
step 158400: train loss 1.9557, val loss 1.9700
saving checkpoint to out-novel-char_LGT728D_4d06c3ce0eb6b62233f4128fdb1c3b0f
model:LGT728D iter 158400: loss 1.2997, time 4174.51ms, mfu 0.96%
model:LGT728D iter 158410: loss 1.3365, time 240.85ms, mfu 0.97%
model:LGT728D iter 158420: loss 1.3430, time 240.01ms, mfu 0.98%
model:LGT728D iter 158430: loss 1.2893, time 177.38ms, mfu 1.03%
model:LGT728D iter 158440: loss 1.3261, time 185.13ms, mfu 1.07%
------average encoder activity 0.00000
-----------average decoder density 0.0000
step 158450: train loss 1.9668, val loss 1.9707
saving checkpoint to out-novel-char_LGT728D_4d06c3ce0eb6b62233f4128fdb1c3b0f
model:LGT728D iter 158450: loss 1.3954, time 3906.36ms, mfu 0.97%
model:LGT728D iter 158460: loss 1.3837, time 241.85ms, mfu 0.98%
model:LGT728D iter 158470: loss 1.3969, time 242.43ms, mfu 0.99%
model:LGT728D iter 158480: loss 1.3694, time 242.14ms, mfu 1.00%
model:LGT728D iter 158490: loss 1.4846, time 215.90ms, mfu 1.02%
------average encoder activity 0.00000
-----------average decoder density 0.0000
step 158500: train loss 1.9587, val loss 1.9637
saving checkpoint to out-novel-char_LGT728D_4d06c3ce0eb6b62233f4128fdb1c3b0f
model:LGT728D iter 158500: loss 1.2447, time 3587.75ms, mfu 0.93%
model:LGT728D iter 158510: loss 1.4614, time 218.40ms, mfu 0.95%
model:LGT728D iter 158520: loss 1.4100, time 223.92ms, mfu 0.98%
model:LGT728D iter 158530: loss 1.5401, time 236.67ms, mfu 0.99%
model:LGT728D iter 158540: loss 1.3684, time 232.84ms, mfu 1.00%
------average encoder activity 0.00000
-----------average decoder density 0.0000
step 158550: train loss 1.9591, val loss 1.9629
saving checkpoint to out-novel-char_LGT728D_4d06c3ce0eb6b62233f4128fdb1c3b0f
model:LGT728D iter 158550: loss 1.4391, time 3424.07ms, mfu 0.91%
model:LGT728D iter 158560: loss 1.3334, time 214.73ms, mfu 0.94%
model:LGT728D iter 158570: loss 1.3900, time 218.67ms, mfu 0.97%
model:LGT728D iter 158580: loss 1.3418, time 228.49ms, mfu 0.98%
model:LGT728D iter 158590: loss 1.3442, time 237.29ms, mfu 1.00%
------average encoder activity 0.00000
-----------average decoder density 0.0000
step 158600: train loss 1.9491, val loss 1.9734
saving checkpoint to out-novel-char_LGT728D_4d06c3ce0eb6b62233f4128fdb1c3b0f
model:LGT728D iter 158600: loss 1.3819, time 3721.26ms, mfu 0.90%
model:LGT728D iter 158610: loss 1.2522, time 223.28ms, mfu 0.93%
model:LGT728D iter 158620: loss 1.4616, time 225.55ms, mfu 0.95%
model:LGT728D iter 158630: loss 1.2428, time 240.86ms, mfu 0.97%
model:LGT728D iter 158640: loss 1.5028, time 229.56ms, mfu 0.98%
------average encoder activity 0.00000
-----------average decoder density 0.0000
step 158650: train loss 1.9581, val loss 1.9670
saving checkpoint to out-novel-char_LGT728D_4d06c3ce0eb6b62233f4128fdb1c3b0f
model:LGT728D iter 158650: loss 1.3256, time 3819.32ms, mfu 0.89%
model:LGT728D iter 158660: loss 1.2231, time 208.89ms, mfu 0.93%
model:LGT728D iter 158670: loss 1.2222, time 169.54ms, mfu 0.99%
model:LGT728D iter 158680: loss 1.4856, time 224.62ms, mfu 1.01%
model:LGT728D iter 158690: loss 1.4610, time 238.72ms, mfu 1.02%
------average encoder activity 0.00000
-----------average decoder density 0.0000
step 158700: train loss 1.9491, val loss 1.9720
saving checkpoint to out-novel-char_LGT728D_4d06c3ce0eb6b62233f4128fdb1c3b0f
model:LGT728D iter 158700: loss 1.4263, time 4215.16ms, mfu 0.92%
model:LGT728D iter 158710: loss 1.2949, time 214.85ms, mfu 0.95%
model:LGT728D iter 158720: loss 1.5720, time 236.42ms, mfu 0.97%
model:LGT728D iter 158730: loss 1.3620, time 235.35ms, mfu 0.98%
model:LGT728D iter 158740: loss 1.4067, time 225.98ms, mfu 1.00%
------average encoder activity 0.00000
-----------average decoder density 0.0000
step 158750: train loss 1.9446, val loss 1.9684
saving checkpoint to out-novel-char_LGT728D_4d06c3ce0eb6b62233f4128fdb1c3b0f
model:LGT728D iter 158750: loss 1.3992, time 4162.46ms, mfu 0.91%
model:LGT728D iter 158760: loss 1.3868, time 212.53ms, mfu 0.94%
model:LGT728D iter 158770: loss 1.3859, time 221.49ms, mfu 0.96%
model:LGT728D iter 158780: loss 1.3634, time 233.39ms, mfu 0.98%
model:LGT728D iter 158790: loss 1.4814, time 231.32ms, mfu 0.99%
------average encoder activity 0.00000
-----------average decoder density 0.0000
step 158800: train loss 1.9465, val loss 1.9504
saving checkpoint to out-novel-char_LGT728D_4d06c3ce0eb6b62233f4128fdb1c3b0f
model:LGT728D iter 158800: loss 1.3686, time 4167.40ms, mfu 0.90%
model:LGT728D iter 158810: loss 1.4477, time 157.14ms, mfu 0.98%
model:LGT728D iter 158820: loss 1.2749, time 161.85ms, mfu 1.04%
model:LGT728D iter 158830: loss 1.4086, time 219.07ms, mfu 1.06%
model:LGT728D iter 158840: loss 1.3666, time 242.57ms, mfu 1.06%
------average encoder activity 0.00000
-----------average decoder density 0.0000
step 158850: train loss 1.9585, val loss 1.9764
saving checkpoint to out-novel-char_LGT728D_4d06c3ce0eb6b62233f4128fdb1c3b0f
model:LGT728D iter 158850: loss 1.4822, time 4244.20ms, mfu 0.96%
model:LGT728D iter 158860: loss 1.4640, time 222.57ms, mfu 0.98%
model:LGT728D iter 158870: loss 1.4103, time 217.42ms, mfu 1.00%
model:LGT728D iter 158880: loss 1.6492, time 214.96ms, mfu 1.02%
model:LGT728D iter 158890: loss 1.2902, time 233.28ms, mfu 1.03%
------average encoder activity 0.00000
-----------average decoder density 0.0000
step 158900: train loss 1.9409, val loss 1.9706
saving checkpoint to out-novel-char_LGT728D_4d06c3ce0eb6b62233f4128fdb1c3b0f
model:LGT728D iter 158900: loss 1.4903, time 4202.01ms, mfu 0.94%
model:LGT728D iter 158910: loss 1.1372, time 225.76ms, mfu 0.96%
model:LGT728D iter 158920: loss 1.5580, time 220.86ms, mfu 0.98%
model:LGT728D iter 158930: loss 1.3097, time 159.86ms, mfu 1.05%
model:LGT728D iter 158940: loss 1.4112, time 224.34ms, mfu 1.06%
------average encoder activity 0.00000
-----------average decoder density 0.0000
step 158950: train loss 1.9515, val loss 1.9765
saving checkpoint to out-novel-char_LGT728D_4d06c3ce0eb6b62233f4128fdb1c3b0f
model:LGT728D iter 158950: loss 1.3410, time 4231.48ms, mfu 0.96%
model:LGT728D iter 158960: loss 1.3784, time 219.02ms, mfu 0.98%
model:LGT728D iter 158970: loss 1.5706, time 223.13ms, mfu 1.00%
model:LGT728D iter 158980: loss 1.2806, time 219.20ms, mfu 1.02%
model:LGT728D iter 158990: loss 1.3799, time 222.24ms, mfu 1.04%
------average encoder activity 0.00000
-----------average decoder density 0.0000
step 159000: train loss 1.9403, val loss 1.9613
saving checkpoint to out-novel-char_LGT728D_4d06c3ce0eb6b62233f4128fdb1c3b0f
model:LGT728D iter 159000: loss 1.4615, time 4203.54ms, mfu 0.94%
model:LGT728D iter 159010: loss 1.2590, time 225.26ms, mfu 0.96%
model:LGT728D iter 159020: loss 1.4067, time 233.66ms, mfu 0.98%
model:LGT728D iter 159030: loss 1.3488, time 213.44ms, mfu 1.00%
model:LGT728D iter 159040: loss 1.5743, time 224.18ms, mfu 1.02%
------average encoder activity 0.00000
-----------average decoder density 0.0000
step 159050: train loss 1.9577, val loss 1.9732
saving checkpoint to out-novel-char_LGT728D_4d06c3ce0eb6b62233f4128fdb1c3b0f
model:LGT728D iter 159050: loss 1.3573, time 4042.14ms, mfu 0.92%
model:LGT728D iter 159060: loss 1.3158, time 227.26ms, mfu 0.95%
model:LGT728D iter 159070: loss 1.3558, time 228.22ms, mfu 0.97%
model:LGT728D iter 159080: loss 1.3735, time 217.78ms, mfu 0.99%
model:LGT728D iter 159090: loss 1.2188, time 216.09ms, mfu 1.01%
------average encoder activity 0.00000
-----------average decoder density 0.0000
step 159100: train loss 1.9578, val loss 1.9720
saving checkpoint to out-novel-char_LGT728D_4d06c3ce0eb6b62233f4128fdb1c3b0f
model:LGT728D iter 159100: loss 1.3886, time 4028.03ms, mfu 0.92%
model:LGT728D iter 159110: loss 1.3411, time 215.93ms, mfu 0.95%
model:LGT728D iter 159120: loss 1.4886, time 234.19ms, mfu 0.96%
model:LGT728D iter 159130: loss 1.4409, time 230.58ms, mfu 0.98%
model:LGT728D iter 159140: loss 1.2914, time 215.54ms, mfu 1.00%
------average encoder activity 0.00000
-----------average decoder density 0.0000
step 159150: train loss 1.9509, val loss 1.9799
saving checkpoint to out-novel-char_LGT728D_4d06c3ce0eb6b62233f4128fdb1c3b0f
model:LGT728D iter 159150: loss 1.5265, time 3515.12ms, mfu 0.91%
model:LGT728D iter 159160: loss 1.4638, time 222.75ms, mfu 0.94%
model:LGT728D iter 159170: loss 1.2855, time 236.12ms, mfu 0.95%
model:LGT728D iter 159180: loss 1.2739, time 236.20ms, mfu 0.97%
model:LGT728D iter 159190: loss 1.3414, time 233.30ms, mfu 0.99%
------average encoder activity 0.00000
-----------average decoder density 0.0000
step 159200: train loss 1.9652, val loss 1.9639
saving checkpoint to out-novel-char_LGT728D_4d06c3ce0eb6b62233f4128fdb1c3b0f
model:LGT728D iter 159200: loss 1.3925, time 3439.19ms, mfu 0.89%
model:LGT728D iter 159210: loss 1.3347, time 221.57ms, mfu 0.92%
model:LGT728D iter 159220: loss 1.4312, time 229.28ms, mfu 0.94%
model:LGT728D iter 159230: loss 1.2732, time 224.96ms, mfu 0.97%
model:LGT728D iter 159240: loss 1.5822, time 232.08ms, mfu 0.98%
------average encoder activity 0.00000
-----------average decoder density 0.0000
step 159250: train loss 1.9552, val loss 1.9672
saving checkpoint to out-novel-char_LGT728D_4d06c3ce0eb6b62233f4128fdb1c3b0f
model:LGT728D iter 159250: loss 1.3728, time 3701.71ms, mfu 0.89%
model:LGT728D iter 159260: loss 1.3527, time 214.75ms, mfu 0.92%
model:LGT728D iter 159270: loss 1.3594, time 231.35ms, mfu 0.94%
model:LGT728D iter 159280: loss 1.3190, time 229.20ms, mfu 0.96%
model:LGT728D iter 159290: loss 1.4033, time 236.06ms, mfu 0.98%
------average encoder activity 0.00000
-----------average decoder density 0.0000
step 159300: train loss 1.9505, val loss 1.9971
saving checkpoint to out-novel-char_LGT728D_4d06c3ce0eb6b62233f4128fdb1c3b0f
model:LGT728D iter 159300: loss 1.3042, time 3960.85ms, mfu 0.89%
model:LGT728D iter 159310: loss 1.2510, time 212.00ms, mfu 0.92%
model:LGT728D iter 159320: loss 1.3348, time 231.35ms, mfu 0.94%
model:LGT728D iter 159330: loss 1.2638, time 235.61ms, mfu 0.96%
model:LGT728D iter 159340: loss 1.3627, time 230.45ms, mfu 0.98%
------average encoder activity 0.00000
-----------average decoder density 0.0000
step 159350: train loss 1.9577, val loss 1.9638
saving checkpoint to out-novel-char_LGT728D_4d06c3ce0eb6b62233f4128fdb1c3b0f
model:LGT728D iter 159350: loss 1.3310, time 3953.46ms, mfu 0.89%
model:LGT728D iter 159360: loss 1.3022, time 157.47ms, mfu 0.96%
model:LGT728D iter 159370: loss 1.5001, time 162.00ms, mfu 1.03%
model:LGT728D iter 159380: loss 1.3584, time 161.90ms, mfu 1.09%
model:LGT728D iter 159390: loss 1.2188, time 179.93ms, mfu 1.12%
------average encoder activity 0.00000
-----------average decoder density 0.0000
step 159400: train loss 1.9480, val loss 1.9762
saving checkpoint to out-novel-char_LGT728D_4d06c3ce0eb6b62233f4128fdb1c3b0f
model:LGT728D iter 159400: loss 1.3065, time 4119.16ms, mfu 1.02%
model:LGT728D iter 159410: loss 1.5816, time 174.09ms, mfu 1.07%
model:LGT728D iter 159420: loss 1.2066, time 168.14ms, mfu 1.12%
model:LGT728D iter 159430: loss 1.3409, time 172.29ms, mfu 1.16%
model:LGT728D iter 159440: loss 1.5761, time 160.79ms, mfu 1.20%
------average encoder activity 0.00000
-----------average decoder density 0.0000
step 159450: train loss 1.9628, val loss 1.9795
saving checkpoint to out-novel-char_LGT728D_4d06c3ce0eb6b62233f4128fdb1c3b0f
model:LGT728D iter 159450: loss 1.3887, time 3715.32ms, mfu 1.09%
model:LGT728D iter 159460: loss 1.3074, time 172.04ms, mfu 1.13%
model:LGT728D iter 159470: loss 1.4061, time 170.04ms, mfu 1.17%
model:LGT728D iter 159480: loss 1.2863, time 169.99ms, mfu 1.21%
model:LGT728D iter 159490: loss 1.4194, time 171.21ms, mfu 1.24%
------average encoder activity 0.00000
-----------average decoder density 0.0000
step 159500: train loss 1.9535, val loss 1.9698
saving checkpoint to out-novel-char_LGT728D_4d06c3ce0eb6b62233f4128fdb1c3b0f
model:LGT728D iter 159500: loss 1.3752, time 3774.07ms, mfu 1.12%
model:LGT728D iter 159510: loss 1.5118, time 160.68ms, mfu 1.18%
model:LGT728D iter 159520: loss 1.3486, time 173.87ms, mfu 1.21%
model:LGT728D iter 159530: loss 1.2789, time 168.11ms, mfu 1.24%
model:LGT728D iter 159540: loss 1.3043, time 172.31ms, mfu 1.27%
------average encoder activity 0.00000
-----------average decoder density 0.0000
step 159550: train loss 1.9556, val loss 1.9631
saving checkpoint to out-novel-char_LGT728D_4d06c3ce0eb6b62233f4128fdb1c3b0f
model:LGT728D iter 159550: loss 1.3968, time 3853.73ms, mfu 1.15%
model:LGT728D iter 159560: loss 1.3578, time 226.29ms, mfu 1.15%
model:LGT728D iter 159570: loss 1.4114, time 213.88ms, mfu 1.16%
model:LGT728D iter 159580: loss 1.3134, time 212.85ms, mfu 1.17%
model:LGT728D iter 159590: loss 1.3704, time 223.35ms, mfu 1.17%
------average encoder activity 0.00000
-----------average decoder density 0.0000
step 159600: train loss 1.9602, val loss 2.0003
saving checkpoint to out-novel-char_LGT728D_4d06c3ce0eb6b62233f4128fdb1c3b0f
model:LGT728D iter 159600: loss 1.3875, time 3924.12ms, mfu 1.06%
model:LGT728D iter 159610: loss 1.2677, time 236.94ms, mfu 1.06%
model:LGT728D iter 159620: loss 1.2970, time 231.18ms, mfu 1.07%
model:LGT728D iter 159630: loss 1.3995, time 212.84ms, mfu 1.08%
model:LGT728D iter 159640: loss 1.2977, time 215.12ms, mfu 1.10%
------average encoder activity 0.00000
-----------average decoder density 0.0000
step 159650: train loss 1.9437, val loss 1.9749
saving checkpoint to out-novel-char_LGT728D_4d06c3ce0eb6b62233f4128fdb1c3b0f
model:LGT728D iter 159650: loss 1.3883, time 3834.56ms, mfu 0.99%
model:LGT728D iter 159660: loss 1.3567, time 229.93ms, mfu 1.01%
model:LGT728D iter 159670: loss 1.2959, time 226.86ms, mfu 1.02%
model:LGT728D iter 159680: loss 1.4482, time 233.28ms, mfu 1.03%
model:LGT728D iter 159690: loss 1.3558, time 215.33ms, mfu 1.05%
------average encoder activity 0.00000
-----------average decoder density 0.0000
step 159700: train loss 1.9559, val loss 1.9835
saving checkpoint to out-novel-char_LGT728D_4d06c3ce0eb6b62233f4128fdb1c3b0f
model:LGT728D iter 159700: loss 1.3038, time 3764.35ms, mfu 0.95%
model:LGT728D iter 159710: loss 1.3640, time 240.67ms, mfu 0.97%
model:LGT728D iter 159720: loss 1.5600, time 244.87ms, mfu 0.98%
model:LGT728D iter 159730: loss 1.3368, time 230.37ms, mfu 0.99%
model:LGT728D iter 159740: loss 1.4399, time 216.43ms, mfu 1.01%
------average encoder activity 0.00000
-----------average decoder density 0.0000
step 159750: train loss 1.9446, val loss 1.9628
saving checkpoint to out-novel-char_LGT728D_4d06c3ce0eb6b62233f4128fdb1c3b0f
model:LGT728D iter 159750: loss 1.3747, time 3602.02ms, mfu 0.92%
model:LGT728D iter 159760: loss 1.5304, time 238.78ms, mfu 0.94%
model:LGT728D iter 159770: loss 1.2783, time 225.04ms, mfu 0.96%
model:LGT728D iter 159780: loss 1.5509, time 231.94ms, mfu 0.98%
model:LGT728D iter 159790: loss 1.3617, time 233.10ms, mfu 0.99%
------average encoder activity 0.00000
-----------average decoder density 0.0000
step 159800: train loss 1.9500, val loss 1.9693
saving checkpoint to out-novel-char_LGT728D_4d06c3ce0eb6b62233f4128fdb1c3b0f
model:LGT728D iter 159800: loss 1.2013, time 3334.37ms, mfu 0.90%
model:LGT728D iter 159810: loss 1.3438, time 224.29ms, mfu 0.93%
model:LGT728D iter 159820: loss 1.3446, time 246.22ms, mfu 0.94%
model:LGT728D iter 159830: loss 1.3574, time 238.68ms, mfu 0.96%
model:LGT728D iter 159840: loss 1.2941, time 246.93ms, mfu 0.97%
------average encoder activity 0.00000
-----------average decoder density 0.0000
step 159850: train loss 1.9514, val loss 1.9749
saving checkpoint to out-novel-char_LGT728D_4d06c3ce0eb6b62233f4128fdb1c3b0f
model:LGT728D iter 159850: loss 1.2974, time 3388.07ms, mfu 0.88%
model:LGT728D iter 159860: loss 1.3166, time 241.99ms, mfu 0.90%
model:LGT728D iter 159870: loss 1.4073, time 236.73ms, mfu 0.92%
model:LGT728D iter 159880: loss 1.2177, time 248.84ms, mfu 0.93%
model:LGT728D iter 159890: loss 1.3383, time 245.08ms, mfu 0.95%
------average encoder activity 0.00000
-----------average decoder density 0.0000
step 159900: train loss 1.9437, val loss 1.9704
saving checkpoint to out-novel-char_LGT728D_4d06c3ce0eb6b62233f4128fdb1c3b0f
model:LGT728D iter 159900: loss 1.3274, time 3576.95ms, mfu 0.86%
model:LGT728D iter 159910: loss 1.4608, time 224.87ms, mfu 0.89%
model:LGT728D iter 159920: loss 1.3563, time 230.82ms, mfu 0.91%
model:LGT728D iter 159930: loss 1.2937, time 232.84ms, mfu 0.93%
model:LGT728D iter 159940: loss 1.3354, time 220.72ms, mfu 0.96%
------average encoder activity 0.00000
-----------average decoder density 0.0000
step 159950: train loss 1.9573, val loss 1.9745
saving checkpoint to out-novel-char_LGT728D_4d06c3ce0eb6b62233f4128fdb1c3b0f
model:LGT728D iter 159950: loss 1.3510, time 3895.36ms, mfu 0.87%
model:LGT728D iter 159960: loss 1.1066, time 215.36ms, mfu 0.90%
model:LGT728D iter 159970: loss 1.2791, time 229.01ms, mfu 0.93%
model:LGT728D iter 159980: loss 1.3221, time 238.55ms, mfu 0.95%
model:LGT728D iter 159990: loss 1.2211, time 223.33ms, mfu 0.97%
------average encoder activity 0.00000
-----------average decoder density 0.0000
step 160000: train loss 1.9458, val loss 1.9642
saving checkpoint to out-novel-char_LGT728D_4d06c3ce0eb6b62233f4128fdb1c3b0f
model:LGT728D iter 160000: loss 1.2391, time 4075.04ms, mfu 0.88%
model:LGT728D iter 160010: loss 1.3272, time 214.67ms, mfu 0.91%
model:LGT728D iter 160020: loss 1.3964, time 178.29ms, mfu 0.97%
model:LGT728D iter 160030: loss 1.4447, time 164.39ms, mfu 1.03%
model:LGT728D iter 160040: loss 1.4282, time 172.01ms, mfu 1.08%
------average encoder activity 0.00000
-----------average decoder density 0.0000
step 160050: train loss 1.9573, val loss 1.9735
saving checkpoint to out-novel-char_LGT728D_4d06c3ce0eb6b62233f4128fdb1c3b0f
model:LGT728D iter 160050: loss 1.4130, time 4004.67ms, mfu 0.98%
model:LGT728D iter 160060: loss 1.2624, time 231.68ms, mfu 0.99%
model:LGT728D iter 160070: loss 1.3257, time 216.70ms, mfu 1.01%
model:LGT728D iter 160080: loss 1.3017, time 218.64ms, mfu 1.03%
model:LGT728D iter 160090: loss 1.4058, time 234.70ms, mfu 1.04%
------average encoder activity 0.00000
-----------average decoder density 0.0000
step 160100: train loss 1.9487, val loss 1.9541
saving checkpoint to out-novel-char_LGT728D_4d06c3ce0eb6b62233f4128fdb1c3b0f
model:LGT728D iter 160100: loss 1.2956, time 4001.69ms, mfu 0.94%
model:LGT728D iter 160110: loss 1.2504, time 234.42ms, mfu 0.96%
model:LGT728D iter 160120: loss 1.4307, time 217.53ms, mfu 0.98%
model:LGT728D iter 160130: loss 1.2885, time 220.30ms, mfu 1.01%
model:LGT728D iter 160140: loss 1.3755, time 237.95ms, mfu 1.01%
------average encoder activity 0.00000
-----------average decoder density 0.0000
step 160150: train loss 1.9568, val loss 1.9678
saving checkpoint to out-novel-char_LGT728D_4d06c3ce0eb6b62233f4128fdb1c3b0f
model:LGT728D iter 160150: loss 1.3965, time 3977.08ms, mfu 0.92%
model:LGT728D iter 160160: loss 1.3086, time 233.38ms, mfu 0.94%
model:LGT728D iter 160170: loss 1.3124, time 227.76ms, mfu 0.96%
model:LGT728D iter 160180: loss 1.3718, time 215.65ms, mfu 0.99%
model:LGT728D iter 160190: loss 1.5063, time 216.35ms, mfu 1.01%
------average encoder activity 0.00000
-----------average decoder density 0.0000
step 160200: train loss 1.9586, val loss 1.9584
saving checkpoint to out-novel-char_LGT728D_4d06c3ce0eb6b62233f4128fdb1c3b0f
model:LGT728D iter 160200: loss 1.3331, time 3998.07ms, mfu 0.91%
model:LGT728D iter 160210: loss 1.3523, time 174.90ms, mfu 0.97%
model:LGT728D iter 160220: loss 1.3526, time 233.54ms, mfu 0.99%
model:LGT728D iter 160230: loss 1.3076, time 217.83ms, mfu 1.01%
model:LGT728D iter 160240: loss 1.2860, time 219.44ms, mfu 1.03%
------average encoder activity 0.00000
-----------average decoder density 0.0000
step 160250: train loss 1.9399, val loss 1.9716
saving checkpoint to out-novel-char_LGT728D_4d06c3ce0eb6b62233f4128fdb1c3b0f
model:LGT728D iter 160250: loss 1.3654, time 3897.27ms, mfu 0.93%
model:LGT728D iter 160260: loss 1.4381, time 221.89ms, mfu 0.96%
model:LGT728D iter 160270: loss 1.3594, time 232.61ms, mfu 0.97%
model:LGT728D iter 160280: loss 1.1925, time 243.71ms, mfu 0.98%
model:LGT728D iter 160290: loss 1.3737, time 220.11ms, mfu 1.00%
------average encoder activity 0.00000
-----------average decoder density 0.0000
step 160300: train loss 1.9546, val loss 1.9641
saving checkpoint to out-novel-char_LGT728D_4d06c3ce0eb6b62233f4128fdb1c3b0f
model:LGT728D iter 160300: loss 1.2649, time 3834.64ms, mfu 0.91%
model:LGT728D iter 160310: loss 1.3444, time 241.47ms, mfu 0.93%
model:LGT728D iter 160320: loss 1.4914, time 224.39ms, mfu 0.95%
model:LGT728D iter 160330: loss 1.2646, time 233.26ms, mfu 0.97%
model:LGT728D iter 160340: loss 1.4259, time 219.43ms, mfu 0.99%
------average encoder activity 0.00000
-----------average decoder density 0.0000
step 160350: train loss 1.9432, val loss 1.9659
saving checkpoint to out-novel-char_LGT728D_4d06c3ce0eb6b62233f4128fdb1c3b0f
model:LGT728D iter 160350: loss 1.2514, time 3731.36ms, mfu 0.90%
model:LGT728D iter 160360: loss 1.4723, time 237.10ms, mfu 0.92%
model:LGT728D iter 160370: loss 1.3972, time 239.03ms, mfu 0.94%
model:LGT728D iter 160380: loss 1.2295, time 238.58ms, mfu 0.95%
model:LGT728D iter 160390: loss 1.2297, time 224.43ms, mfu 0.97%
------average encoder activity 0.00000
-----------average decoder density 0.0000
step 160400: train loss 1.9555, val loss 1.9637
saving checkpoint to out-novel-char_LGT728D_4d06c3ce0eb6b62233f4128fdb1c3b0f
model:LGT728D iter 160400: loss 1.4946, time 3512.82ms, mfu 0.88%
model:LGT728D iter 160410: loss 1.3747, time 224.57ms, mfu 0.91%
model:LGT728D iter 160420: loss 1.4157, time 238.77ms, mfu 0.93%
model:LGT728D iter 160430: loss 1.3380, time 226.51ms, mfu 0.95%
model:LGT728D iter 160440: loss 1.3357, time 224.30ms, mfu 0.97%
------average encoder activity 0.00000
-----------average decoder density 0.0000
step 160450: train loss 1.9563, val loss 1.9693
saving checkpoint to out-novel-char_LGT728D_4d06c3ce0eb6b62233f4128fdb1c3b0f
model:LGT728D iter 160450: loss 1.5275, time 3595.13ms, mfu 0.88%
model:LGT728D iter 160460: loss 1.2998, time 236.22ms, mfu 0.91%
model:LGT728D iter 160470: loss 1.3479, time 237.63ms, mfu 0.93%
model:LGT728D iter 160480: loss 1.3251, time 234.27ms, mfu 0.95%
model:LGT728D iter 160490: loss 1.3431, time 224.80ms, mfu 0.97%
------average encoder activity 0.00000
-----------average decoder density 0.0000
step 160500: train loss 1.9454, val loss 1.9647
saving checkpoint to out-novel-char_LGT728D_4d06c3ce0eb6b62233f4128fdb1c3b0f
model:LGT728D iter 160500: loss 1.5440, time 3522.51ms, mfu 0.88%
model:LGT728D iter 160510: loss 1.3027, time 243.35ms, mfu 0.90%
model:LGT728D iter 160520: loss 1.3128, time 250.84ms, mfu 0.91%
model:LGT728D iter 160530: loss 1.2843, time 242.69ms, mfu 0.93%
model:LGT728D iter 160540: loss 1.2775, time 230.79ms, mfu 0.95%
------average encoder activity 0.00000
-----------average decoder density 0.0000
step 160550: train loss 1.9411, val loss 1.9628
saving checkpoint to out-novel-char_LGT728D_4d06c3ce0eb6b62233f4128fdb1c3b0f
model:LGT728D iter 160550: loss 1.3726, time 3606.80ms, mfu 0.86%
model:LGT728D iter 160560: loss 1.3193, time 222.08ms, mfu 0.89%
model:LGT728D iter 160570: loss 1.4402, time 232.58ms, mfu 0.92%
model:LGT728D iter 160580: loss 1.2799, time 225.99ms, mfu 0.94%
model:LGT728D iter 160590: loss 1.4050, time 222.85ms, mfu 0.96%
------average encoder activity 0.00000
-----------average decoder density 0.0000
step 160600: train loss 1.9635, val loss 1.9757
saving checkpoint to out-novel-char_LGT728D_4d06c3ce0eb6b62233f4128fdb1c3b0f
model:LGT728D iter 160600: loss 1.3988, time 3814.02ms, mfu 0.87%
model:LGT728D iter 160610: loss 1.2710, time 210.61ms, mfu 0.91%
model:LGT728D iter 160620: loss 1.3812, time 223.56ms, mfu 0.94%
model:LGT728D iter 160630: loss 1.4107, time 234.00ms, mfu 0.96%
model:LGT728D iter 160640: loss 1.3662, time 227.94ms, mfu 0.97%
------average encoder activity 0.00000
-----------average decoder density 0.0000
step 160650: train loss 1.9497, val loss 1.9539
saving checkpoint to out-novel-char_LGT728D_4d06c3ce0eb6b62233f4128fdb1c3b0f
model:LGT728D iter 160650: loss 1.4449, time 4078.38ms, mfu 0.88%
model:LGT728D iter 160660: loss 1.2773, time 220.79ms, mfu 0.91%
model:LGT728D iter 160670: loss 1.3202, time 233.50ms, mfu 0.93%
model:LGT728D iter 160680: loss 1.4155, time 227.39ms, mfu 0.96%
model:LGT728D iter 160690: loss 1.5425, time 227.43ms, mfu 0.98%
------average encoder activity 0.00000
-----------average decoder density 0.0000
step 160700: train loss 1.9432, val loss 1.9622
saving checkpoint to out-novel-char_LGT728D_4d06c3ce0eb6b62233f4128fdb1c3b0f
model:LGT728D iter 160700: loss 1.3715, time 4196.11ms, mfu 0.88%
model:LGT728D iter 160710: loss 1.4377, time 216.71ms, mfu 0.92%
model:LGT728D iter 160720: loss 1.3322, time 222.92ms, mfu 0.94%
model:LGT728D iter 160730: loss 1.4858, time 225.63ms, mfu 0.96%
model:LGT728D iter 160740: loss 1.3863, time 225.06ms, mfu 0.98%
------average encoder activity 0.00000
-----------average decoder density 0.0000
step 160750: train loss 1.9516, val loss 1.9638
saving checkpoint to out-novel-char_LGT728D_4d06c3ce0eb6b62233f4128fdb1c3b0f
model:LGT728D iter 160750: loss 1.4664, time 4181.90ms, mfu 0.89%
model:LGT728D iter 160760: loss 1.2268, time 220.68ms, mfu 0.92%
model:LGT728D iter 160770: loss 1.3924, time 220.21ms, mfu 0.95%
model:LGT728D iter 160780: loss 1.5613, time 224.72ms, mfu 0.97%
model:LGT728D iter 160790: loss 1.2664, time 234.36ms, mfu 0.98%
------average encoder activity 0.00000
-----------average decoder density 0.0000
step 160800: train loss 1.9432, val loss 1.9672
saving checkpoint to out-novel-char_LGT728D_4d06c3ce0eb6b62233f4128fdb1c3b0f
model:LGT728D iter 160800: loss 1.3834, time 4273.11ms, mfu 0.89%
model:LGT728D iter 160810: loss 1.3962, time 220.85ms, mfu 0.92%
model:LGT728D iter 160820: loss 1.2113, time 216.43ms, mfu 0.95%
model:LGT728D iter 160830: loss 1.2360, time 227.60ms, mfu 0.97%
model:LGT728D iter 160840: loss 1.3464, time 241.42ms, mfu 0.98%
------average encoder activity 0.00000
-----------average decoder density 0.0000
step 160850: train loss 1.9432, val loss 1.9558
saving checkpoint to out-novel-char_LGT728D_4d06c3ce0eb6b62233f4128fdb1c3b0f
model:LGT728D iter 160850: loss 1.2807, time 4262.09ms, mfu 0.89%
model:LGT728D iter 160860: loss 1.3431, time 238.73ms, mfu 0.91%
model:LGT728D iter 160870: loss 1.3200, time 228.42ms, mfu 0.93%
model:LGT728D iter 160880: loss 1.3026, time 242.53ms, mfu 0.95%
model:LGT728D iter 160890: loss 1.4143, time 218.63ms, mfu 0.97%
------average encoder activity 0.00000
-----------average decoder density 0.0000
step 160900: train loss 1.9384, val loss 1.9507
saving checkpoint to out-novel-char_LGT728D_4d06c3ce0eb6b62233f4128fdb1c3b0f
model:LGT728D iter 160900: loss 1.2518, time 4176.21ms, mfu 0.88%
model:LGT728D iter 160910: loss 1.4995, time 172.98ms, mfu 0.95%
model:LGT728D iter 160920: loss 1.3485, time 157.86ms, mfu 1.02%
model:LGT728D iter 160930: loss 1.4262, time 161.61ms, mfu 1.08%
model:LGT728D iter 160940: loss 1.4354, time 227.30ms, mfu 1.08%
------average encoder activity 0.00000
-----------average decoder density 0.0000
step 160950: train loss 1.9531, val loss 1.9509
saving checkpoint to out-novel-char_LGT728D_4d06c3ce0eb6b62233f4128fdb1c3b0f
model:LGT728D iter 160950: loss 1.1740, time 4157.90ms, mfu 0.98%
model:LGT728D iter 160960: loss 1.2992, time 224.71ms, mfu 1.00%
model:LGT728D iter 160970: loss 1.5324, time 214.57ms, mfu 1.02%
model:LGT728D iter 160980: loss 1.3955, time 232.25ms, mfu 1.03%
model:LGT728D iter 160990: loss 1.3112, time 219.81ms, mfu 1.05%
------average encoder activity 0.00000
-----------average decoder density 0.0000
step 161000: train loss 1.9494, val loss 1.9693
saving checkpoint to out-novel-char_LGT728D_4d06c3ce0eb6b62233f4128fdb1c3b0f
model:LGT728D iter 161000: loss 1.4305, time 4105.77ms, mfu 0.95%
model:LGT728D iter 161010: loss 1.4670, time 234.76ms, mfu 0.97%
model:LGT728D iter 161020: loss 1.6120, time 223.77ms, mfu 0.99%
model:LGT728D iter 161030: loss 1.5100, time 217.96ms, mfu 1.01%
model:LGT728D iter 161040: loss 1.4177, time 220.09ms, mfu 1.03%
------average encoder activity 0.00000
-----------average decoder density 0.0000
step 161050: train loss 1.9505, val loss 1.9599
saving checkpoint to out-novel-char_LGT728D_4d06c3ce0eb6b62233f4128fdb1c3b0f
model:LGT728D iter 161050: loss 1.4108, time 4118.10ms, mfu 0.93%
model:LGT728D iter 161060: loss 1.2878, time 171.38ms, mfu 0.99%
model:LGT728D iter 161070: loss 1.3778, time 171.09ms, mfu 1.04%
model:LGT728D iter 161080: loss 1.4358, time 212.45ms, mfu 1.06%
model:LGT728D iter 161090: loss 1.5195, time 194.84ms, mfu 1.09%
------average encoder activity 0.00000
-----------average decoder density 0.0000
step 161100: train loss 1.9315, val loss 1.9516
saving checkpoint to out-novel-char_LGT728D_4d06c3ce0eb6b62233f4128fdb1c3b0f
model:LGT728D iter 161100: loss 1.2847, time 4584.33ms, mfu 0.99%
model:LGT728D iter 161110: loss 1.5407, time 187.52ms, mfu 1.03%
model:LGT728D iter 161120: loss 1.3992, time 255.44ms, mfu 1.03%
model:LGT728D iter 161130: loss 1.3173, time 279.86ms, mfu 1.02%
model:LGT728D iter 161140: loss 1.3097, time 287.96ms, mfu 1.01%
------average encoder activity 0.00000
-----------average decoder density 0.0000
step 161150: train loss 1.9457, val loss 1.9520
saving checkpoint to out-novel-char_LGT728D_4d06c3ce0eb6b62233f4128fdb1c3b0f
model:LGT728D iter 161150: loss 1.2349, time 4413.16ms, mfu 0.91%
model:LGT728D iter 161160: loss 1.2504, time 171.61ms, mfu 0.97%
model:LGT728D iter 161170: loss 1.4836, time 178.82ms, mfu 1.02%
model:LGT728D iter 161180: loss 1.3112, time 227.84ms, mfu 1.04%
model:LGT728D iter 161190: loss 1.2939, time 189.52ms, mfu 1.07%
------average encoder activity 0.00000
-----------average decoder density 0.0000
step 161200: train loss 1.9416, val loss 1.9610
saving checkpoint to out-novel-char_LGT728D_4d06c3ce0eb6b62233f4128fdb1c3b0f
model:LGT728D iter 161200: loss 1.3189, time 4205.24ms, mfu 0.97%
model:LGT728D iter 161210: loss 1.2772, time 183.93ms, mfu 1.01%
model:LGT728D iter 161220: loss 1.4436, time 177.81ms, mfu 1.06%
model:LGT728D iter 161230: loss 1.4334, time 199.01ms, mfu 1.09%
model:LGT728D iter 161240: loss 1.2118, time 239.18ms, mfu 1.09%
------average encoder activity 0.00000
-----------average decoder density 0.0000
step 161250: train loss 1.9485, val loss 1.9580
saving checkpoint to out-novel-char_LGT728D_4d06c3ce0eb6b62233f4128fdb1c3b0f
model:LGT728D iter 161250: loss 1.4140, time 4082.62ms, mfu 0.98%
model:LGT728D iter 161260: loss 1.3063, time 218.71ms, mfu 1.01%
model:LGT728D iter 161270: loss 1.5528, time 241.21ms, mfu 1.01%
model:LGT728D iter 161280: loss 1.3728, time 251.88ms, mfu 1.02%
model:LGT728D iter 161290: loss 1.3674, time 275.43ms, mfu 1.01%
------average encoder activity 0.00000
-----------average decoder density 0.0000
step 161300: train loss 1.9461, val loss 1.9785
saving checkpoint to out-novel-char_LGT728D_4d06c3ce0eb6b62233f4128fdb1c3b0f
model:LGT728D iter 161300: loss 1.4277, time 6407.54ms, mfu 0.91%
model:LGT728D iter 161310: loss 1.2361, time 217.38ms, mfu 0.94%
model:LGT728D iter 161320: loss 1.5270, time 227.79ms, mfu 0.96%
model:LGT728D iter 161330: loss 1.3023, time 213.22ms, mfu 0.99%
model:LGT728D iter 161340: loss 1.4248, time 215.82ms, mfu 1.01%
------average encoder activity 0.00000
-----------average decoder density 0.0000
step 161350: train loss 1.9569, val loss 1.9457
saving checkpoint to out-novel-char_LGT728D_4d06c3ce0eb6b62233f4128fdb1c3b0f
model:LGT728D iter 161350: loss 1.5132, time 4236.92ms, mfu 0.92%
model:LGT728D iter 161360: loss 1.2458, time 223.26ms, mfu 0.94%
model:LGT728D iter 161370: loss 1.2806, time 241.99ms, mfu 0.96%
model:LGT728D iter 161380: loss 1.3270, time 225.33ms, mfu 0.98%
model:LGT728D iter 161390: loss 1.3734, time 215.68ms, mfu 1.00%
------average encoder activity 0.00000
-----------average decoder density 0.0000
step 161400: train loss 1.9521, val loss 1.9694
saving checkpoint to out-novel-char_LGT728D_4d06c3ce0eb6b62233f4128fdb1c3b0f
model:LGT728D iter 161400: loss 1.4420, time 4076.14ms, mfu 0.91%
model:LGT728D iter 161410: loss 1.3777, time 222.78ms, mfu 0.93%
model:LGT728D iter 161420: loss 1.4574, time 230.51ms, mfu 0.95%
model:LGT728D iter 161430: loss 1.2945, time 234.33ms, mfu 0.97%
model:LGT728D iter 161440: loss 1.2321, time 214.21ms, mfu 1.00%
------average encoder activity 0.00000
-----------average decoder density 0.0000
step 161450: train loss 1.9441, val loss 1.9669
saving checkpoint to out-novel-char_LGT728D_4d06c3ce0eb6b62233f4128fdb1c3b0f
model:LGT728D iter 161450: loss 1.4237, time 3948.97ms, mfu 0.90%
model:LGT728D iter 161460: loss 1.2530, time 225.85ms, mfu 0.93%
model:LGT728D iter 161470: loss 1.2755, time 236.26ms, mfu 0.95%
model:LGT728D iter 161480: loss 1.4583, time 231.97ms, mfu 0.96%
model:LGT728D iter 161490: loss 1.2972, time 217.84ms, mfu 0.99%
------average encoder activity 0.00000
-----------average decoder density 0.0000
step 161500: train loss 1.9580, val loss 1.9707
saving checkpoint to out-novel-char_LGT728D_4d06c3ce0eb6b62233f4128fdb1c3b0f
model:LGT728D iter 161500: loss 1.3356, time 3754.46ms, mfu 0.90%
model:LGT728D iter 161510: loss 1.3032, time 232.06ms, mfu 0.92%
model:LGT728D iter 161520: loss 1.5047, time 188.01ms, mfu 0.97%
model:LGT728D iter 161530: loss 1.2575, time 175.15ms, mfu 1.02%
model:LGT728D iter 161540: loss 1.4255, time 186.10ms, mfu 1.06%
------average encoder activity 0.00000
-----------average decoder density 0.0000
step 161550: train loss 1.9442, val loss 1.9692
saving checkpoint to out-novel-char_LGT728D_4d06c3ce0eb6b62233f4128fdb1c3b0f
model:LGT728D iter 161550: loss 1.3792, time 3678.52ms, mfu 0.96%
model:LGT728D iter 161560: loss 1.5348, time 160.32ms, mfu 1.03%
model:LGT728D iter 161570: loss 1.3586, time 181.31ms, mfu 1.07%
model:LGT728D iter 161580: loss 1.4500, time 178.52ms, mfu 1.11%
model:LGT728D iter 161590: loss 1.3915, time 177.88ms, mfu 1.14%
------average encoder activity 0.00000
-----------average decoder density 0.0000
step 161600: train loss 1.9406, val loss 1.9642
saving checkpoint to out-novel-char_LGT728D_4d06c3ce0eb6b62233f4128fdb1c3b0f
model:LGT728D iter 161600: loss 1.3940, time 4223.23ms, mfu 1.04%
model:LGT728D iter 161610: loss 1.2711, time 172.33ms, mfu 1.08%
model:LGT728D iter 161620: loss 1.3053, time 218.98ms, mfu 1.10%
model:LGT728D iter 161630: loss 1.4354, time 163.93ms, mfu 1.15%
