Overriding config with config/train_novel_char3.py:
# train a miniature character-level shakespeare model
# good for debugging and playing on macbooks and such

out_dir = 'out-novel-char3'
eval_interval = 250 # keep frequent because we'll overfit
eval_iters = 200
log_interval = 10 # don't print too too often

# we expect to overfit on this small dataset, so only save when val improves
always_save_checkpoint = False

wandb_log = False # override via command line if you like
wandb_project = 'novel'
wandb_run_name = 'novel'

dataset = 'novel_char3'
gradient_accumulation_steps = 1
# gradient_accumulation_steps = 6
gradient_accumulation_steps = 12
# gradient_accumulation_steps = 24
# gradient_accumulation_steps = 48
# batch_size = 12
batch_size = 2
# batch_size = 1
# block_size = 256 # context of up to 256 previous characters
# block_size = 256 # context of up to 256 previous characters
# block_size = 64 # context of up to 256 previous characters
block_size = 1024 # context of up to 256 previous characters

# baby GPT model :)
n_layer = 6
n_head = 6
n_embd = 384
# n_embd = 182
dropout = 0.2

# learning_rate = 1e-3 # with baby networks can afford to go a bit higher
learning_rate = 1e-4 # with baby networks can afford to go a bit higher

# max_iters = 5000
# lr_decay_iters = 5000 # make equal to max_iters usually

max_iters = 500000
lr_decay_iters = 500000 # make equal to max_iters usually

min_lr = 5e-6 # learning_rate / 10 usually
beta2 = 0.99 # make a bit bigger because number of tokens per iter is small

warmup_iters = 100 # not super necessary potentially

# on macbook also add
# device = 'cpu'  # run on cpu only
# compile = False # do not torch compile the model
# init_from ='resume'


'''
python3 -u sample.py config/train_novel.py --out_dir=out-novel-word_CCM232_c85667cd6eadbcf772d23fa97827c506 --model=CCM232
python3 -u sample.py config/train_novel.py --out_dir=out-novel-word_CCM251_4bfeb7b3e1b9c46a2542bb9406173e22 --model=CCM251
python3 -u sample.py config/train_novel.py --out_dir=out-novel-word_CCM253_01b622029bb00e0dc9206cae3b0ab559 --model=CCM253 
python3 -u sample.py config/train_novel.py --out_dir=out-novel-word_CCM276_01b622029bb00e0dc9206cae3b0ab559 --model=CCM276
python3 -u sample.py config/train_novel.py --out_dir=out-novel-word_CCM278_a97bfe077b316033e3604831d5ad371e --model=CCM278
python3 -u sample.py config/train_novel.py --out_dir=out-novel-word_CCM305_52efa1def80492f81622f536ac701226 --model=CCM305


out-novel-word_CCM276_01b622029bb00e0dc9206cae3b0ab559

'''
#### python3 -u sample.py config/train_novel.py --out_dir=out-novel-word_CCM232_c85667cd6eadbcf772d23fa97827c506 --model=CCM232
Overriding: init_from = resume
Overriding: compile = False
Overriding: model = LGT723F
Overriding: n_layer = 70
Overriding: n_head = 12
Overriding: share_layer = False
Overriding: always_save_checkpoint = True
Overriding: max_iters = 2500999
Overriding: best_val_loss_force = 10.001
Overriding: min_lr = 5e-06
Overriding: dropout = 0.15
Overriding: eval_interval = 50
Overriding: force_resave = 0
Overriding: random_seed = 3
tokens per iteration will be: 24,576
found vocab_size = 73440 (inside data/novel_char3/meta.pkl)
out_dir: out-novel-char3_LGT723F_d34f65156182c545ea648093d502a95d
Resuming training from out-novel-char3_LGT723F_d34f65156182c545ea648093d502a95d
WARNING: using slow attention. Flash Attention requires PyTorch >= 2.0
WARNING: using slow attention. Flash Attention requires PyTorch >= 2.0
WARNING: using slow attention. Flash Attention requires PyTorch >= 2.0
WARNING: using slow attention. Flash Attention requires PyTorch >= 2.0
WARNING: using slow attention. Flash Attention requires PyTorch >= 2.0
WARNING: using slow attention. Flash Attention requires PyTorch >= 2.0
WARNING: using slow attention. Flash Attention requires PyTorch >= 2.0
WARNING: using slow attention. Flash Attention requires PyTorch >= 2.0
WARNING: using slow attention. Flash Attention requires PyTorch >= 2.0
WARNING: using slow attention. Flash Attention requires PyTorch >= 2.0
WARNING: using slow attention. Flash Attention requires PyTorch >= 2.0
WARNING: using slow attention. Flash Attention requires PyTorch >= 2.0
WARNING: using slow attention. Flash Attention requires PyTorch >= 2.0
WARNING: using slow attention. Flash Attention requires PyTorch >= 2.0
WARNING: using slow attention. Flash Attention requires PyTorch >= 2.0
WARNING: using slow attention. Flash Attention requires PyTorch >= 2.0
WARNING: using slow attention. Flash Attention requires PyTorch >= 2.0
WARNING: using slow attention. Flash Attention requires PyTorch >= 2.0
WARNING: using slow attention. Flash Attention requires PyTorch >= 2.0
WARNING: using slow attention. Flash Attention requires PyTorch >= 2.0
WARNING: using slow attention. Flash Attention requires PyTorch >= 2.0
WARNING: using slow attention. Flash Attention requires PyTorch >= 2.0
WARNING: using slow attention. Flash Attention requires PyTorch >= 2.0
WARNING: using slow attention. Flash Attention requires PyTorch >= 2.0
WARNING: using slow attention. Flash Attention requires PyTorch >= 2.0
WARNING: using slow attention. Flash Attention requires PyTorch >= 2.0
WARNING: using slow attention. Flash Attention requires PyTorch >= 2.0
WARNING: using slow attention. Flash Attention requires PyTorch >= 2.0
WARNING: using slow attention. Flash Attention requires PyTorch >= 2.0
WARNING: using slow attention. Flash Attention requires PyTorch >= 2.0
WARNING: using slow attention. Flash Attention requires PyTorch >= 2.0
WARNING: using slow attention. Flash Attention requires PyTorch >= 2.0
WARNING: using slow attention. Flash Attention requires PyTorch >= 2.0
WARNING: using slow attention. Flash Attention requires PyTorch >= 2.0
WARNING: using slow attention. Flash Attention requires PyTorch >= 2.0
WARNING: using slow attention. Flash Attention requires PyTorch >= 2.0
WARNING: using slow attention. Flash Attention requires PyTorch >= 2.0
WARNING: using slow attention. Flash Attention requires PyTorch >= 2.0
WARNING: using slow attention. Flash Attention requires PyTorch >= 2.0
WARNING: using slow attention. Flash Attention requires PyTorch >= 2.0
WARNING: using slow attention. Flash Attention requires PyTorch >= 2.0
WARNING: using slow attention. Flash Attention requires PyTorch >= 2.0
WARNING: using slow attention. Flash Attention requires PyTorch >= 2.0
WARNING: using slow attention. Flash Attention requires PyTorch >= 2.0
WARNING: using slow attention. Flash Attention requires PyTorch >= 2.0
WARNING: using slow attention. Flash Attention requires PyTorch >= 2.0
WARNING: using slow attention. Flash Attention requires PyTorch >= 2.0
WARNING: using slow attention. Flash Attention requires PyTorch >= 2.0
WARNING: using slow attention. Flash Attention requires PyTorch >= 2.0
WARNING: using slow attention. Flash Attention requires PyTorch >= 2.0
WARNING: using slow attention. Flash Attention requires PyTorch >= 2.0
WARNING: using slow attention. Flash Attention requires PyTorch >= 2.0
WARNING: using slow attention. Flash Attention requires PyTorch >= 2.0
WARNING: using slow attention. Flash Attention requires PyTorch >= 2.0
WARNING: using slow attention. Flash Attention requires PyTorch >= 2.0
WARNING: using slow attention. Flash Attention requires PyTorch >= 2.0
WARNING: using slow attention. Flash Attention requires PyTorch >= 2.0
WARNING: using slow attention. Flash Attention requires PyTorch >= 2.0
WARNING: using slow attention. Flash Attention requires PyTorch >= 2.0
WARNING: using slow attention. Flash Attention requires PyTorch >= 2.0
WARNING: using slow attention. Flash Attention requires PyTorch >= 2.0
WARNING: using slow attention. Flash Attention requires PyTorch >= 2.0
WARNING: using slow attention. Flash Attention requires PyTorch >= 2.0
WARNING: using slow attention. Flash Attention requires PyTorch >= 2.0
WARNING: using slow attention. Flash Attention requires PyTorch >= 2.0
WARNING: using slow attention. Flash Attention requires PyTorch >= 2.0
WARNING: using slow attention. Flash Attention requires PyTorch >= 2.0
WARNING: using slow attention. Flash Attention requires PyTorch >= 2.0
WARNING: using slow attention. Flash Attention requires PyTorch >= 2.0
WARNING: using slow attention. Flash Attention requires PyTorch >= 2.0
num decayed parameter tensors: 353, with 194,444,544 parameters
num non-decayed parameter tensors: 214, with 41,342,593 parameters
using fused AdamW: True
------average encoder activity 0.000
-----------average decoder density 0.4282
step 50: train loss 5.0608, val loss 5.0633
saving checkpoint to out-novel-char3_LGT723F_d34f65156182c545ea648093d502a95d
done saving checkpoint to out-novel-char3_LGT723F_d34f65156182c545ea648093d502a95d
model:LGT723F iter 50: loss 5.0355, time 29846.04ms, mfu -100.00%
model:LGT723F iter 60: loss 4.8374, time 2013.12ms, mfu 6.82%
model:LGT723F iter 70: loss 4.7067, time 2016.47ms, mfu 6.82%
model:LGT723F iter 80: loss 4.5975, time 2015.36ms, mfu 6.82%
model:LGT723F iter 90: loss 4.4310, time 2010.69ms, mfu 6.82%
------average encoder activity 0.000
-----------average decoder density 0.3961
step 100: train loss 4.3207, val loss 4.3121
saving checkpoint to out-novel-char3_LGT723F_d34f65156182c545ea648093d502a95d
done saving checkpoint to out-novel-char3_LGT723F_d34f65156182c545ea648093d502a95d
model:LGT723F iter 100: loss 4.2443, time 29854.40ms, mfu 6.18%
model:LGT723F iter 110: loss 4.2398, time 2027.85ms, mfu 6.24%
model:LGT723F iter 120: loss 4.0492, time 2028.93ms, mfu 6.29%
model:LGT723F iter 130: loss 4.0062, time 2025.54ms, mfu 6.34%
model:LGT723F iter 140: loss 4.0332, time 2029.19ms, mfu 6.38%
------average encoder activity 0.000
-----------average decoder density 0.3968
step 150: train loss 3.9482, val loss 3.9125
saving checkpoint to out-novel-char3_LGT723F_d34f65156182c545ea648093d502a95d
done saving checkpoint to out-novel-char3_LGT723F_d34f65156182c545ea648093d502a95d
model:LGT723F iter 150: loss 3.7824, time 29579.62ms, mfu 5.79%
model:LGT723F iter 160: loss 3.9069, time 2017.54ms, mfu 5.89%
model:LGT723F iter 170: loss 3.9567, time 2022.72ms, mfu 5.98%
model:LGT723F iter 180: loss 3.7952, time 2024.35ms, mfu 6.06%
model:LGT723F iter 190: loss 4.0955, time 2026.95ms, mfu 6.13%
------average encoder activity 0.006
-----------average decoder density 0.4264
step 200: train loss 3.8768, val loss 3.8040
saving checkpoint to out-novel-char3_LGT723F_d34f65156182c545ea648093d502a95d
done saving checkpoint to out-novel-char3_LGT723F_d34f65156182c545ea648093d502a95d
model:LGT723F iter 200: loss 3.6784, time 29447.92ms, mfu 5.57%
model:LGT723F iter 210: loss 3.7755, time 2025.06ms, mfu 5.69%
model:LGT723F iter 220: loss 3.9081, time 2015.95ms, mfu 5.80%
model:LGT723F iter 230: loss 3.9035, time 2018.16ms, mfu 5.90%
model:LGT723F iter 240: loss 3.6272, time 2013.23ms, mfu 5.99%
------average encoder activity 0.016
-----------average decoder density 0.4527
step 250: train loss 3.7762, val loss 3.7357
saving checkpoint to out-novel-char3_LGT723F_d34f65156182c545ea648093d502a95d
done saving checkpoint to out-novel-char3_LGT723F_d34f65156182c545ea648093d502a95d
model:LGT723F iter 250: loss 3.7778, time 29547.96ms, mfu 5.44%
model:LGT723F iter 260: loss 3.7680, time 2021.10ms, mfu 5.57%
model:LGT723F iter 270: loss 3.8804, time 2020.85ms, mfu 5.70%
model:LGT723F iter 280: loss 3.8517, time 2018.82ms, mfu 5.81%
model:LGT723F iter 290: loss 3.6719, time 2017.51ms, mfu 5.91%
------average encoder activity 0.017
-----------average decoder density 0.4749
step 300: train loss 3.7438, val loss 3.6562
saving checkpoint to out-novel-char3_LGT723F_d34f65156182c545ea648093d502a95d
done saving checkpoint to out-novel-char3_LGT723F_d34f65156182c545ea648093d502a95d
model:LGT723F iter 300: loss 3.5426, time 29919.18ms, mfu 5.36%
model:LGT723F iter 310: loss 3.4668, time 2019.34ms, mfu 5.50%
model:LGT723F iter 320: loss 3.7792, time 2020.48ms, mfu 5.63%
model:LGT723F iter 330: loss 3.7420, time 2018.59ms, mfu 5.75%
model:LGT723F iter 340: loss 3.3637, time 2023.95ms, mfu 5.85%
------average encoder activity 0.018
-----------average decoder density 0.4936
step 350: train loss 3.7084, val loss 3.6426
saving checkpoint to out-novel-char3_LGT723F_d34f65156182c545ea648093d502a95d
done saving checkpoint to out-novel-char3_LGT723F_d34f65156182c545ea648093d502a95d
model:LGT723F iter 350: loss 3.6645, time 29945.66ms, mfu 5.31%
model:LGT723F iter 360: loss 3.7566, time 2020.45ms, mfu 5.46%
model:LGT723F iter 370: loss 3.6893, time 2019.25ms, mfu 5.59%
model:LGT723F iter 380: loss 3.7971, time 2020.13ms, mfu 5.71%
model:LGT723F iter 390: loss 3.8307, time 2022.17ms, mfu 5.82%
------average encoder activity 0.018
-----------average decoder density 0.5248
step 400: train loss 3.6430, val loss 3.5781
saving checkpoint to out-novel-char3_LGT723F_d34f65156182c545ea648093d502a95d
done saving checkpoint to out-novel-char3_LGT723F_d34f65156182c545ea648093d502a95d
model:LGT723F iter 400: loss 3.6717, time 29894.12ms, mfu 5.29%
model:LGT723F iter 410: loss 3.5740, time 2017.92ms, mfu 5.44%
model:LGT723F iter 420: loss 3.4412, time 2022.22ms, mfu 5.57%
model:LGT723F iter 430: loss 3.7685, time 2024.39ms, mfu 5.69%
model:LGT723F iter 440: loss 3.8457, time 2025.52ms, mfu 5.80%
------average encoder activity 0.020
-----------average decoder density 0.5495
step 450: train loss 3.6106, val loss 3.5143
saving checkpoint to out-novel-char3_LGT723F_d34f65156182c545ea648093d502a95d
done saving checkpoint to out-novel-char3_LGT723F_d34f65156182c545ea648093d502a95d
model:LGT723F iter 450: loss 3.6003, time 29986.68ms, mfu 5.27%
model:LGT723F iter 460: loss 3.4816, time 2012.80ms, mfu 5.42%
model:LGT723F iter 470: loss 3.4899, time 2015.43ms, mfu 5.56%
model:LGT723F iter 480: loss 3.7945, time 2015.57ms, mfu 5.69%
model:LGT723F iter 490: loss 3.7254, time 2023.57ms, mfu 5.80%
------average encoder activity 0.022
-----------average decoder density 0.5825
step 500: train loss 3.5737, val loss 3.5117
saving checkpoint to out-novel-char3_LGT723F_d34f65156182c545ea648093d502a95d
done saving checkpoint to out-novel-char3_LGT723F_d34f65156182c545ea648093d502a95d
model:LGT723F iter 500: loss 3.4282, time 29629.16ms, mfu 5.26%
model:LGT723F iter 510: loss 3.2819, time 2023.95ms, mfu 5.41%
model:LGT723F iter 520: loss 3.5302, time 2023.05ms, mfu 5.55%
model:LGT723F iter 530: loss 3.2250, time 2013.90ms, mfu 5.68%
model:LGT723F iter 540: loss 3.6646, time 2031.92ms, mfu 5.78%
------average encoder activity 0.026
-----------average decoder density 0.6013
step 550: train loss 3.5265, val loss 3.4921
saving checkpoint to out-novel-char3_LGT723F_d34f65156182c545ea648093d502a95d
done saving checkpoint to out-novel-char3_LGT723F_d34f65156182c545ea648093d502a95d
model:LGT723F iter 550: loss 3.7936, time 29751.84ms, mfu 5.25%
model:LGT723F iter 560: loss 3.5981, time 2022.52ms, mfu 5.41%
model:LGT723F iter 570: loss 3.3435, time 2020.93ms, mfu 5.54%
model:LGT723F iter 580: loss 3.4707, time 2026.71ms, mfu 5.67%
model:LGT723F iter 590: loss 3.5335, time 2028.94ms, mfu 5.78%
------average encoder activity 0.033
-----------average decoder density 0.6186
step 600: train loss 3.5791, val loss 3.4794
saving checkpoint to out-novel-char3_LGT723F_d34f65156182c545ea648093d502a95d
done saving checkpoint to out-novel-char3_LGT723F_d34f65156182c545ea648093d502a95d
model:LGT723F iter 600: loss 3.3156, time 29993.41ms, mfu 5.24%
model:LGT723F iter 610: loss 3.5234, time 2020.30ms, mfu 5.40%
model:LGT723F iter 620: loss 3.3806, time 2023.75ms, mfu 5.54%
model:LGT723F iter 630: loss 3.4610, time 2017.61ms, mfu 5.66%
model:LGT723F iter 640: loss 3.5484, time 2023.75ms, mfu 5.78%
------average encoder activity 0.053
-----------average decoder density 0.6175
step 650: train loss 3.4927, val loss 3.4320
saving checkpoint to out-novel-char3_LGT723F_d34f65156182c545ea648093d502a95d
done saving checkpoint to out-novel-char3_LGT723F_d34f65156182c545ea648093d502a95d
model:LGT723F iter 650: loss 3.4924, time 29635.15ms, mfu 5.24%
model:LGT723F iter 660: loss 3.5803, time 2017.54ms, mfu 5.40%
model:LGT723F iter 670: loss 3.3841, time 2015.84ms, mfu 5.54%
model:LGT723F iter 680: loss 3.4337, time 2030.87ms, mfu 5.66%
model:LGT723F iter 690: loss 3.1719, time 2017.80ms, mfu 5.78%
------average encoder activity 0.057
-----------average decoder density 0.6185
step 700: train loss 3.4463, val loss 3.3966
saving checkpoint to out-novel-char3_LGT723F_d34f65156182c545ea648093d502a95d
done saving checkpoint to out-novel-char3_LGT723F_d34f65156182c545ea648093d502a95d
model:LGT723F iter 700: loss 2.9735, time 29665.23ms, mfu 5.25%
model:LGT723F iter 710: loss 3.1179, time 2010.83ms, mfu 5.40%
model:LGT723F iter 720: loss 3.5412, time 2015.71ms, mfu 5.54%
model:LGT723F iter 730: loss 3.2512, time 2021.17ms, mfu 5.67%
model:LGT723F iter 740: loss 3.5269, time 2015.83ms, mfu 5.78%
------average encoder activity 0.058
-----------average decoder density 0.6584
step 750: train loss 3.4215, val loss 3.3898
saving checkpoint to out-novel-char3_LGT723F_d34f65156182c545ea648093d502a95d
done saving checkpoint to out-novel-char3_LGT723F_d34f65156182c545ea648093d502a95d
model:LGT723F iter 750: loss 3.7328, time 29691.71ms, mfu 5.25%
model:LGT723F iter 760: loss 3.4712, time 2012.02ms, mfu 5.41%
model:LGT723F iter 770: loss 3.4535, time 2019.44ms, mfu 5.55%
model:LGT723F iter 780: loss 3.2925, time 2021.56ms, mfu 5.67%
model:LGT723F iter 790: loss 3.4752, time 2023.66ms, mfu 5.78%
------average encoder activity 0.060
-----------average decoder density 0.6677
step 800: train loss 3.4453, val loss 3.3690
saving checkpoint to out-novel-char3_LGT723F_d34f65156182c545ea648093d502a95d
done saving checkpoint to out-novel-char3_LGT723F_d34f65156182c545ea648093d502a95d
model:LGT723F iter 800: loss 3.3014, time 29696.29ms, mfu 5.25%
model:LGT723F iter 810: loss 3.4200, time 2023.54ms, mfu 5.40%
model:LGT723F iter 820: loss 3.3690, time 2025.80ms, mfu 5.54%
model:LGT723F iter 830: loss 3.1978, time 2016.09ms, mfu 5.67%
model:LGT723F iter 840: loss 3.3865, time 2023.06ms, mfu 5.78%
------average encoder activity 0.062
-----------average decoder density 0.6763
step 850: train loss 3.3888, val loss 3.3425
saving checkpoint to out-novel-char3_LGT723F_d34f65156182c545ea648093d502a95d
done saving checkpoint to out-novel-char3_LGT723F_d34f65156182c545ea648093d502a95d
model:LGT723F iter 850: loss 3.4360, time 29791.46ms, mfu 5.25%
model:LGT723F iter 860: loss 3.6643, time 2014.19ms, mfu 5.40%
model:LGT723F iter 870: loss 3.5821, time 2020.33ms, mfu 5.54%
model:LGT723F iter 880: loss 3.1028, time 2019.54ms, mfu 5.67%
model:LGT723F iter 890: loss 3.4052, time 2024.74ms, mfu 5.78%
------average encoder activity 0.065
-----------average decoder density 0.6814
step 900: train loss 3.3782, val loss 3.3070
saving checkpoint to out-novel-char3_LGT723F_d34f65156182c545ea648093d502a95d
done saving checkpoint to out-novel-char3_LGT723F_d34f65156182c545ea648093d502a95d
model:LGT723F iter 900: loss 3.6362, time 29822.60ms, mfu 5.25%
model:LGT723F iter 910: loss 3.4986, time 2020.24ms, mfu 5.40%
model:LGT723F iter 920: loss 3.4941, time 2034.71ms, mfu 5.54%
model:LGT723F iter 930: loss 3.5996, time 2026.22ms, mfu 5.66%
model:LGT723F iter 940: loss 3.3597, time 2022.63ms, mfu 5.77%
------average encoder activity 0.067
-----------average decoder density 0.6865
step 950: train loss 3.3708, val loss 3.3282
saving checkpoint to out-novel-char3_LGT723F_d34f65156182c545ea648093d502a95d
done saving checkpoint to out-novel-char3_LGT723F_d34f65156182c545ea648093d502a95d
model:LGT723F iter 950: loss 3.3450, time 30047.19ms, mfu 5.24%
model:LGT723F iter 960: loss 3.3806, time 2023.66ms, mfu 5.39%
model:LGT723F iter 970: loss 3.3819, time 2020.94ms, mfu 5.53%
model:LGT723F iter 980: loss 3.2245, time 2023.85ms, mfu 5.66%
model:LGT723F iter 990: loss 3.2787, time 2027.83ms, mfu 5.77%
------average encoder activity 0.069
-----------average decoder density 0.6836
step 1000: train loss 3.3548, val loss 3.3063
saving checkpoint to out-novel-char3_LGT723F_d34f65156182c545ea648093d502a95d
done saving checkpoint to out-novel-char3_LGT723F_d34f65156182c545ea648093d502a95d
model:LGT723F iter 1000: loss 3.3376, time 29730.18ms, mfu 5.24%
model:LGT723F iter 1010: loss 3.1170, time 2016.84ms, mfu 5.40%
model:LGT723F iter 1020: loss 3.7013, time 2033.23ms, mfu 5.53%
model:LGT723F iter 1030: loss 3.4039, time 2018.30ms, mfu 5.66%
model:LGT723F iter 1040: loss 3.5819, time 2022.54ms, mfu 5.77%
------average encoder activity 0.070
-----------average decoder density 0.6320
step 1050: train loss 3.3320, val loss 3.2880
saving checkpoint to out-novel-char3_LGT723F_d34f65156182c545ea648093d502a95d
done saving checkpoint to out-novel-char3_LGT723F_d34f65156182c545ea648093d502a95d
model:LGT723F iter 1050: loss 2.9839, time 29791.32ms, mfu 5.24%
model:LGT723F iter 1060: loss 3.6309, time 2015.04ms, mfu 5.40%
model:LGT723F iter 1070: loss 3.5376, time 2022.79ms, mfu 5.54%
model:LGT723F iter 1080: loss 3.6495, time 2022.30ms, mfu 5.66%
model:LGT723F iter 1090: loss 3.1787, time 2026.13ms, mfu 5.77%
------average encoder activity 0.073
-----------average decoder density 0.6525
step 1100: train loss 3.3398, val loss 3.2484
saving checkpoint to out-novel-char3_LGT723F_d34f65156182c545ea648093d502a95d
done saving checkpoint to out-novel-char3_LGT723F_d34f65156182c545ea648093d502a95d
model:LGT723F iter 1100: loss 3.1268, time 29625.84ms, mfu 5.24%
model:LGT723F iter 1110: loss 3.4101, time 2022.39ms, mfu 5.40%
model:LGT723F iter 1120: loss 3.5894, time 2019.04ms, mfu 5.54%
model:LGT723F iter 1130: loss 3.2031, time 2027.61ms, mfu 5.66%
model:LGT723F iter 1140: loss 3.1533, time 2026.65ms, mfu 5.77%
------average encoder activity 0.077
-----------average decoder density 0.7102
step 1150: train loss 3.2954, val loss 3.2452
saving checkpoint to out-novel-char3_LGT723F_d34f65156182c545ea648093d502a95d
done saving checkpoint to out-novel-char3_LGT723F_d34f65156182c545ea648093d502a95d
model:LGT723F iter 1150: loss 3.1471, time 29507.52ms, mfu 5.24%
model:LGT723F iter 1160: loss 3.2471, time 2026.70ms, mfu 5.39%
model:LGT723F iter 1170: loss 3.3094, time 2016.15ms, mfu 5.53%
model:LGT723F iter 1180: loss 3.4343, time 2015.63ms, mfu 5.66%
model:LGT723F iter 1190: loss 2.8862, time 2025.49ms, mfu 5.77%
------average encoder activity 0.078
-----------average decoder density 0.6979
step 1200: train loss 3.3102, val loss 3.2463
saving checkpoint to out-novel-char3_LGT723F_d34f65156182c545ea648093d502a95d
done saving checkpoint to out-novel-char3_LGT723F_d34f65156182c545ea648093d502a95d
model:LGT723F iter 1200: loss 3.5148, time 29731.86ms, mfu 5.24%
model:LGT723F iter 1210: loss 3.3258, time 2022.74ms, mfu 5.40%
model:LGT723F iter 1220: loss 3.1208, time 2023.02ms, mfu 5.54%
model:LGT723F iter 1230: loss 2.9878, time 2018.64ms, mfu 5.66%
model:LGT723F iter 1240: loss 3.2917, time 2020.74ms, mfu 5.77%
------average encoder activity 0.082
-----------average decoder density 0.7053
step 1250: train loss 3.2920, val loss 3.2231
saving checkpoint to out-novel-char3_LGT723F_d34f65156182c545ea648093d502a95d
done saving checkpoint to out-novel-char3_LGT723F_d34f65156182c545ea648093d502a95d
model:LGT723F iter 1250: loss 3.1120, time 29849.90ms, mfu 5.24%
model:LGT723F iter 1260: loss 3.1350, time 2021.84ms, mfu 5.40%
model:LGT723F iter 1270: loss 3.3739, time 2010.17ms, mfu 5.54%
model:LGT723F iter 1280: loss 2.9643, time 2023.50ms, mfu 5.66%
model:LGT723F iter 1290: loss 3.3997, time 2012.84ms, mfu 5.78%
------average encoder activity 0.084
-----------average decoder density 0.6689
step 1300: train loss 3.2725, val loss 3.2220
saving checkpoint to out-novel-char3_LGT723F_d34f65156182c545ea648093d502a95d
done saving checkpoint to out-novel-char3_LGT723F_d34f65156182c545ea648093d502a95d
model:LGT723F iter 1300: loss 3.2536, time 29338.43ms, mfu 5.25%
model:LGT723F iter 1310: loss 2.7461, time 2022.79ms, mfu 5.40%
model:LGT723F iter 1320: loss 3.3776, time 2023.53ms, mfu 5.54%
model:LGT723F iter 1330: loss 2.8407, time 2018.98ms, mfu 5.67%
model:LGT723F iter 1340: loss 3.0768, time 2027.06ms, mfu 5.78%
------average encoder activity 0.085
-----------average decoder density 0.6690
step 1350: train loss 3.2625, val loss 3.2259
saving checkpoint to out-novel-char3_LGT723F_d34f65156182c545ea648093d502a95d
done saving checkpoint to out-novel-char3_LGT723F_d34f65156182c545ea648093d502a95d
model:LGT723F iter 1350: loss 3.2473, time 29703.71ms, mfu 5.25%
model:LGT723F iter 1360: loss 3.2737, time 2012.76ms, mfu 5.40%
model:LGT723F iter 1370: loss 3.4007, time 2018.54ms, mfu 5.54%
model:LGT723F iter 1380: loss 3.2628, time 2022.43ms, mfu 5.67%
model:LGT723F iter 1390: loss 2.9273, time 2016.57ms, mfu 5.78%
------average encoder activity 0.089
-----------average decoder density 0.6995
step 1400: train loss 3.2717, val loss 3.2320
saving checkpoint to out-novel-char3_LGT723F_d34f65156182c545ea648093d502a95d
done saving checkpoint to out-novel-char3_LGT723F_d34f65156182c545ea648093d502a95d
model:LGT723F iter 1400: loss 3.4359, time 29660.99ms, mfu 5.25%
model:LGT723F iter 1410: loss 3.6115, time 2019.24ms, mfu 5.40%
model:LGT723F iter 1420: loss 3.5434, time 2020.33ms, mfu 5.54%
model:LGT723F iter 1430: loss 3.2121, time 2022.81ms, mfu 5.67%
model:LGT723F iter 1440: loss 3.3800, time 2016.41ms, mfu 5.78%
------average encoder activity 0.090
-----------average decoder density 0.6660
step 1450: train loss 3.2534, val loss 3.2003
saving checkpoint to out-novel-char3_LGT723F_d34f65156182c545ea648093d502a95d
done saving checkpoint to out-novel-char3_LGT723F_d34f65156182c545ea648093d502a95d
model:LGT723F iter 1450: loss 3.1186, time 29521.23ms, mfu 5.25%
model:LGT723F iter 1460: loss 3.3127, time 2021.15ms, mfu 5.40%
model:LGT723F iter 1470: loss 3.2886, time 2018.49ms, mfu 5.54%
model:LGT723F iter 1480: loss 3.2471, time 2021.99ms, mfu 5.67%
model:LGT723F iter 1490: loss 3.4679, time 2021.06ms, mfu 5.78%
------average encoder activity 0.086
-----------average decoder density 0.6574
step 1500: train loss 3.2150, val loss 3.1977
saving checkpoint to out-novel-char3_LGT723F_d34f65156182c545ea648093d502a95d
done saving checkpoint to out-novel-char3_LGT723F_d34f65156182c545ea648093d502a95d
model:LGT723F iter 1500: loss 3.1313, time 29442.59ms, mfu 5.25%
model:LGT723F iter 1510: loss 3.1605, time 2033.43ms, mfu 5.40%
model:LGT723F iter 1520: loss 3.2775, time 2022.99ms, mfu 5.54%
model:LGT723F iter 1530: loss 3.3880, time 2027.33ms, mfu 5.66%
model:LGT723F iter 1540: loss 3.0717, time 2017.34ms, mfu 5.77%
------average encoder activity 0.086
-----------average decoder density 0.6736
step 1550: train loss 3.2227, val loss 3.1800
saving checkpoint to out-novel-char3_LGT723F_d34f65156182c545ea648093d502a95d
done saving checkpoint to out-novel-char3_LGT723F_d34f65156182c545ea648093d502a95d
model:LGT723F iter 1550: loss 3.3153, time 29887.14ms, mfu 5.24%
model:LGT723F iter 1560: loss 3.2072, time 2021.90ms, mfu 5.40%
model:LGT723F iter 1570: loss 3.2502, time 2027.56ms, mfu 5.53%
model:LGT723F iter 1580: loss 3.2375, time 2024.31ms, mfu 5.66%
model:LGT723F iter 1590: loss 2.6769, time 2023.95ms, mfu 5.77%
------average encoder activity 0.089
-----------average decoder density 0.7201
step 1600: train loss 3.2140, val loss 3.1723
saving checkpoint to out-novel-char3_LGT723F_d34f65156182c545ea648093d502a95d
done saving checkpoint to out-novel-char3_LGT723F_d34f65156182c545ea648093d502a95d
model:LGT723F iter 1600: loss 3.1009, time 29628.91ms, mfu 5.24%
model:LGT723F iter 1610: loss 3.1879, time 2017.63ms, mfu 5.40%
model:LGT723F iter 1620: loss 3.1199, time 2017.98ms, mfu 5.54%
model:LGT723F iter 1630: loss 3.2712, time 2023.02ms, mfu 5.66%
model:LGT723F iter 1640: loss 3.0929, time 2020.52ms, mfu 5.77%
------average encoder activity 0.090
-----------average decoder density 0.7110
step 1650: train loss 3.1854, val loss 3.1960
saving checkpoint to out-novel-char3_LGT723F_d34f65156182c545ea648093d502a95d
done saving checkpoint to out-novel-char3_LGT723F_d34f65156182c545ea648093d502a95d
model:LGT723F iter 1650: loss 3.1300, time 29745.04ms, mfu 5.24%
model:LGT723F iter 1660: loss 3.0439, time 2017.87ms, mfu 5.40%
model:LGT723F iter 1670: loss 3.0158, time 2020.98ms, mfu 5.54%
model:LGT723F iter 1680: loss 3.3613, time 2011.62ms, mfu 5.67%
model:LGT723F iter 1690: loss 3.4928, time 2020.02ms, mfu 5.78%
------average encoder activity 0.089
-----------average decoder density 0.6879
step 1700: train loss 3.1866, val loss 3.1684
saving checkpoint to out-novel-char3_LGT723F_d34f65156182c545ea648093d502a95d
done saving checkpoint to out-novel-char3_LGT723F_d34f65156182c545ea648093d502a95d
model:LGT723F iter 1700: loss 2.9534, time 29560.84ms, mfu 5.25%
model:LGT723F iter 1710: loss 3.2752, time 2019.16ms, mfu 5.40%
model:LGT723F iter 1720: loss 3.1680, time 2019.69ms, mfu 5.54%
model:LGT723F iter 1730: loss 3.3969, time 2020.55ms, mfu 5.67%
model:LGT723F iter 1740: loss 3.1995, time 2016.12ms, mfu 5.78%
------average encoder activity 0.094
-----------average decoder density 0.7050
step 1750: train loss 3.1747, val loss 3.1484
saving checkpoint to out-novel-char3_LGT723F_d34f65156182c545ea648093d502a95d
done saving checkpoint to out-novel-char3_LGT723F_d34f65156182c545ea648093d502a95d
model:LGT723F iter 1750: loss 2.7597, time 29594.47ms, mfu 5.25%
model:LGT723F iter 1760: loss 3.1312, time 2018.43ms, mfu 5.40%
model:LGT723F iter 1770: loss 3.2433, time 2020.49ms, mfu 5.54%
model:LGT723F iter 1780: loss 3.4166, time 2012.69ms, mfu 5.67%
model:LGT723F iter 1790: loss 3.1773, time 2014.55ms, mfu 5.78%
------average encoder activity 0.098
-----------average decoder density 0.7193
step 1800: train loss 3.1668, val loss 3.1171
saving checkpoint to out-novel-char3_LGT723F_d34f65156182c545ea648093d502a95d
done saving checkpoint to out-novel-char3_LGT723F_d34f65156182c545ea648093d502a95d
model:LGT723F iter 1800: loss 3.4622, time 29624.53ms, mfu 5.25%
model:LGT723F iter 1810: loss 3.1855, time 2019.52ms, mfu 5.41%
model:LGT723F iter 1820: loss 2.6427, time 2011.17ms, mfu 5.55%
model:LGT723F iter 1830: loss 3.4162, time 2018.91ms, mfu 5.67%
model:LGT723F iter 1840: loss 3.2387, time 2016.06ms, mfu 5.79%
------average encoder activity 0.101
-----------average decoder density 0.7061
step 1850: train loss 3.1891, val loss 3.1456
saving checkpoint to out-novel-char3_LGT723F_d34f65156182c545ea648093d502a95d
done saving checkpoint to out-novel-char3_LGT723F_d34f65156182c545ea648093d502a95d
model:LGT723F iter 1850: loss 3.2826, time 29740.68ms, mfu 5.25%
model:LGT723F iter 1860: loss 3.3143, time 2022.77ms, mfu 5.41%
model:LGT723F iter 1870: loss 2.9611, time 2021.73ms, mfu 5.55%
model:LGT723F iter 1880: loss 3.0090, time 2015.05ms, mfu 5.67%
model:LGT723F iter 1890: loss 3.2888, time 2012.00ms, mfu 5.79%
------average encoder activity 0.102
-----------average decoder density 0.6633
step 1900: train loss 3.1546, val loss 3.1386
saving checkpoint to out-novel-char3_LGT723F_d34f65156182c545ea648093d502a95d
done saving checkpoint to out-novel-char3_LGT723F_d34f65156182c545ea648093d502a95d
model:LGT723F iter 1900: loss 2.8674, time 29623.60ms, mfu 5.25%
model:LGT723F iter 1910: loss 3.2988, time 2025.53ms, mfu 5.41%
model:LGT723F iter 1920: loss 3.2750, time 2028.48ms, mfu 5.54%
model:LGT723F iter 1930: loss 3.0348, time 2022.08ms, mfu 5.67%
model:LGT723F iter 1940: loss 3.3092, time 2012.70ms, mfu 5.78%
------average encoder activity 0.106
-----------average decoder density 0.7003
step 1950: train loss 3.1418, val loss 3.1399
saving checkpoint to out-novel-char3_LGT723F_d34f65156182c545ea648093d502a95d
done saving checkpoint to out-novel-char3_LGT723F_d34f65156182c545ea648093d502a95d
model:LGT723F iter 1950: loss 3.1508, time 29551.93ms, mfu 5.25%
model:LGT723F iter 1960: loss 3.0850, time 2017.96ms, mfu 5.41%
model:LGT723F iter 1970: loss 3.2863, time 2022.01ms, mfu 5.54%
model:LGT723F iter 1980: loss 3.1071, time 2028.91ms, mfu 5.67%
model:LGT723F iter 1990: loss 2.9509, time 2018.05ms, mfu 5.78%
------average encoder activity 0.110
-----------average decoder density 0.6563
step 2000: train loss 3.1109, val loss 3.0979
saving checkpoint to out-novel-char3_LGT723F_d34f65156182c545ea648093d502a95d
done saving checkpoint to out-novel-char3_LGT723F_d34f65156182c545ea648093d502a95d
model:LGT723F iter 2000: loss 3.3553, time 29809.25ms, mfu 5.25%
model:LGT723F iter 2010: loss 3.0976, time 2021.24ms, mfu 5.40%
model:LGT723F iter 2020: loss 3.0249, time 2026.26ms, mfu 5.54%
model:LGT723F iter 2030: loss 3.3574, time 2022.95ms, mfu 5.66%
model:LGT723F iter 2040: loss 3.3885, time 2021.93ms, mfu 5.78%
------average encoder activity 0.111
-----------average decoder density 0.6888
step 2050: train loss 3.1412, val loss 3.1297
saving checkpoint to out-novel-char3_LGT723F_d34f65156182c545ea648093d502a95d
done saving checkpoint to out-novel-char3_LGT723F_d34f65156182c545ea648093d502a95d
model:LGT723F iter 2050: loss 3.3555, time 29290.24ms, mfu 5.25%
model:LGT723F iter 2060: loss 3.3931, time 2029.47ms, mfu 5.40%
model:LGT723F iter 2070: loss 3.2203, time 2021.18ms, mfu 5.54%
model:LGT723F iter 2080: loss 3.6055, time 2018.36ms, mfu 5.66%
model:LGT723F iter 2090: loss 3.0205, time 2015.71ms, mfu 5.78%
------average encoder activity 0.117
-----------average decoder density 0.6939
step 2100: train loss 3.1242, val loss 3.1214
saving checkpoint to out-novel-char3_LGT723F_d34f65156182c545ea648093d502a95d
done saving checkpoint to out-novel-char3_LGT723F_d34f65156182c545ea648093d502a95d
model:LGT723F iter 2100: loss 3.1274, time 29638.42ms, mfu 5.25%
model:LGT723F iter 2110: loss 3.3240, time 2016.08ms, mfu 5.40%
model:LGT723F iter 2120: loss 3.3676, time 2019.17ms, mfu 5.54%
model:LGT723F iter 2130: loss 3.3295, time 2010.47ms, mfu 5.67%
model:LGT723F iter 2140: loss 3.2520, time 2027.19ms, mfu 5.78%
------average encoder activity 0.120
-----------average decoder density 0.6867
step 2150: train loss 3.1304, val loss 3.1213
saving checkpoint to out-novel-char3_LGT723F_d34f65156182c545ea648093d502a95d
done saving checkpoint to out-novel-char3_LGT723F_d34f65156182c545ea648093d502a95d
model:LGT723F iter 2150: loss 3.3849, time 29688.31ms, mfu 5.25%
model:LGT723F iter 2160: loss 3.2714, time 2019.86ms, mfu 5.40%
model:LGT723F iter 2170: loss 2.8302, time 2021.42ms, mfu 5.54%
model:LGT723F iter 2180: loss 3.2042, time 2021.23ms, mfu 5.67%
model:LGT723F iter 2190: loss 3.2997, time 2021.76ms, mfu 5.78%
------average encoder activity 0.121
-----------average decoder density 0.6660
step 2200: train loss 3.1022, val loss 3.0759
saving checkpoint to out-novel-char3_LGT723F_d34f65156182c545ea648093d502a95d
done saving checkpoint to out-novel-char3_LGT723F_d34f65156182c545ea648093d502a95d
model:LGT723F iter 2200: loss 3.4338, time 29790.44ms, mfu 5.25%
model:LGT723F iter 2210: loss 3.0081, time 2030.28ms, mfu 5.40%
model:LGT723F iter 2220: loss 2.9869, time 2022.95ms, mfu 5.54%
model:LGT723F iter 2230: loss 3.0725, time 2018.80ms, mfu 5.66%
model:LGT723F iter 2240: loss 3.0676, time 2016.40ms, mfu 5.78%
------average encoder activity 0.121
-----------average decoder density 0.6457
step 2250: train loss 3.0981, val loss 3.1139
saving checkpoint to out-novel-char3_LGT723F_d34f65156182c545ea648093d502a95d
done saving checkpoint to out-novel-char3_LGT723F_d34f65156182c545ea648093d502a95d
model:LGT723F iter 2250: loss 2.9937, time 29426.79ms, mfu 5.25%
model:LGT723F iter 2260: loss 3.1986, time 2010.42ms, mfu 5.40%
model:LGT723F iter 2270: loss 2.8640, time 2023.12ms, mfu 5.54%
model:LGT723F iter 2280: loss 3.4595, time 2019.78ms, mfu 5.67%
model:LGT723F iter 2290: loss 3.1829, time 2028.06ms, mfu 5.78%
------average encoder activity 0.126
-----------average decoder density 0.6662
step 2300: train loss 3.0687, val loss 3.0874
saving checkpoint to out-novel-char3_LGT723F_d34f65156182c545ea648093d502a95d
done saving checkpoint to out-novel-char3_LGT723F_d34f65156182c545ea648093d502a95d
model:LGT723F iter 2300: loss 3.2716, time 29864.59ms, mfu 5.25%
model:LGT723F iter 2310: loss 3.2520, time 2021.06ms, mfu 5.40%
model:LGT723F iter 2320: loss 3.2951, time 2014.22ms, mfu 5.54%
model:LGT723F iter 2330: loss 2.8488, time 2020.91ms, mfu 5.67%
model:LGT723F iter 2340: loss 3.0948, time 2013.85ms, mfu 5.78%
------average encoder activity 0.137
-----------average decoder density 0.6817
step 2350: train loss 3.0785, val loss 3.0514
saving checkpoint to out-novel-char3_LGT723F_d34f65156182c545ea648093d502a95d
done saving checkpoint to out-novel-char3_LGT723F_d34f65156182c545ea648093d502a95d
model:LGT723F iter 2350: loss 3.1623, time 29529.49ms, mfu 5.25%
model:LGT723F iter 2360: loss 3.2151, time 2018.44ms, mfu 5.40%
model:LGT723F iter 2370: loss 3.1822, time 2028.33ms, mfu 5.54%
model:LGT723F iter 2380: loss 3.1442, time 2016.09ms, mfu 5.67%
model:LGT723F iter 2390: loss 2.9385, time 2017.86ms, mfu 5.78%
------average encoder activity 0.137
-----------average decoder density 0.6750
step 2400: train loss 3.0858, val loss 3.0599
saving checkpoint to out-novel-char3_LGT723F_d34f65156182c545ea648093d502a95d
done saving checkpoint to out-novel-char3_LGT723F_d34f65156182c545ea648093d502a95d
model:LGT723F iter 2400: loss 3.2219, time 29499.57ms, mfu 5.25%
model:LGT723F iter 2410: loss 3.3010, time 2018.08ms, mfu 5.40%
model:LGT723F iter 2420: loss 3.2529, time 2018.14ms, mfu 5.54%
model:LGT723F iter 2430: loss 2.8333, time 2021.35ms, mfu 5.67%
model:LGT723F iter 2440: loss 3.1623, time 2020.72ms, mfu 5.78%
------average encoder activity 0.143
-----------average decoder density 0.6750
step 2450: train loss 3.0678, val loss 3.0616
saving checkpoint to out-novel-char3_LGT723F_d34f65156182c545ea648093d502a95d
done saving checkpoint to out-novel-char3_LGT723F_d34f65156182c545ea648093d502a95d
model:LGT723F iter 2450: loss 2.9419, time 29918.19ms, mfu 5.25%
model:LGT723F iter 2460: loss 3.0727, time 2020.57ms, mfu 5.40%
model:LGT723F iter 2470: loss 3.3259, time 2024.35ms, mfu 5.54%
model:LGT723F iter 2480: loss 2.8726, time 2020.23ms, mfu 5.67%
model:LGT723F iter 2490: loss 3.0960, time 2021.84ms, mfu 5.78%
------average encoder activity 0.147
-----------average decoder density 0.6570
step 2500: train loss 3.0562, val loss 3.0631
saving checkpoint to out-novel-char3_LGT723F_d34f65156182c545ea648093d502a95d
done saving checkpoint to out-novel-char3_LGT723F_d34f65156182c545ea648093d502a95d
model:LGT723F iter 2500: loss 3.0636, time 29931.18ms, mfu 5.25%
model:LGT723F iter 2510: loss 2.8210, time 2020.07ms, mfu 5.40%
model:LGT723F iter 2520: loss 3.3120, time 2017.07ms, mfu 5.54%
model:LGT723F iter 2530: loss 2.9946, time 2017.26ms, mfu 5.67%
model:LGT723F iter 2540: loss 3.0330, time 2010.43ms, mfu 5.78%
------average encoder activity 0.153
-----------average decoder density 0.6437
step 2550: train loss 3.0577, val loss 3.0772
saving checkpoint to out-novel-char3_LGT723F_d34f65156182c545ea648093d502a95d
done saving checkpoint to out-novel-char3_LGT723F_d34f65156182c545ea648093d502a95d
model:LGT723F iter 2550: loss 2.8960, time 29694.48ms, mfu 5.25%
model:LGT723F iter 2560: loss 2.7853, time 2017.94ms, mfu 5.41%
model:LGT723F iter 2570: loss 2.9473, time 2022.19ms, mfu 5.54%
model:LGT723F iter 2580: loss 2.7904, time 2021.13ms, mfu 5.67%
model:LGT723F iter 2590: loss 3.0529, time 2022.26ms, mfu 5.78%
------average encoder activity 0.159
-----------average decoder density 0.6467
step 2600: train loss 3.0576, val loss 3.0500
saving checkpoint to out-novel-char3_LGT723F_d34f65156182c545ea648093d502a95d
done saving checkpoint to out-novel-char3_LGT723F_d34f65156182c545ea648093d502a95d
model:LGT723F iter 2600: loss 3.3148, time 29583.41ms, mfu 5.25%
model:LGT723F iter 2610: loss 2.9364, time 2016.16ms, mfu 5.40%
model:LGT723F iter 2620: loss 3.1045, time 2014.86ms, mfu 5.55%
model:LGT723F iter 2630: loss 3.1643, time 2025.54ms, mfu 5.67%
model:LGT723F iter 2640: loss 3.3350, time 2028.70ms, mfu 5.78%
------average encoder activity 0.160
-----------average decoder density 0.6573
step 2650: train loss 3.0485, val loss 3.0518
saving checkpoint to out-novel-char3_LGT723F_d34f65156182c545ea648093d502a95d
done saving checkpoint to out-novel-char3_LGT723F_d34f65156182c545ea648093d502a95d
model:LGT723F iter 2650: loss 3.0129, time 29671.40ms, mfu 5.25%
model:LGT723F iter 2660: loss 3.2933, time 2021.32ms, mfu 5.40%
model:LGT723F iter 2670: loss 2.8442, time 2020.32ms, mfu 5.54%
model:LGT723F iter 2680: loss 3.1376, time 2022.70ms, mfu 5.66%
model:LGT723F iter 2690: loss 3.3778, time 2018.69ms, mfu 5.78%
------average encoder activity 0.164
-----------average decoder density 0.6446
step 2700: train loss 3.0348, val loss 3.0411
saving checkpoint to out-novel-char3_LGT723F_d34f65156182c545ea648093d502a95d
done saving checkpoint to out-novel-char3_LGT723F_d34f65156182c545ea648093d502a95d
model:LGT723F iter 2700: loss 3.1242, time 29790.29ms, mfu 5.25%
model:LGT723F iter 2710: loss 2.8710, time 2029.57ms, mfu 5.40%
model:LGT723F iter 2720: loss 3.0545, time 2018.68ms, mfu 5.54%
model:LGT723F iter 2730: loss 3.0880, time 2017.28ms, mfu 5.66%
model:LGT723F iter 2740: loss 2.8141, time 2024.84ms, mfu 5.78%
------average encoder activity 0.165
-----------average decoder density 0.6427
step 2750: train loss 3.0176, val loss 3.0465
saving checkpoint to out-novel-char3_LGT723F_d34f65156182c545ea648093d502a95d
done saving checkpoint to out-novel-char3_LGT723F_d34f65156182c545ea648093d502a95d
model:LGT723F iter 2750: loss 2.8344, time 29755.70ms, mfu 5.24%
model:LGT723F iter 2760: loss 2.4517, time 2022.55ms, mfu 5.40%
model:LGT723F iter 2770: loss 2.9235, time 2018.10ms, mfu 5.54%
model:LGT723F iter 2780: loss 3.2308, time 2024.71ms, mfu 5.66%
model:LGT723F iter 2790: loss 2.9877, time 2026.47ms, mfu 5.77%
------average encoder activity 0.165
-----------average decoder density 0.6519
step 2800: train loss 3.0448, val loss 3.0120
saving checkpoint to out-novel-char3_LGT723F_d34f65156182c545ea648093d502a95d
done saving checkpoint to out-novel-char3_LGT723F_d34f65156182c545ea648093d502a95d
model:LGT723F iter 2800: loss 3.2350, time 29430.70ms, mfu 5.24%
model:LGT723F iter 2810: loss 3.3004, time 2018.82ms, mfu 5.40%
model:LGT723F iter 2820: loss 3.0388, time 2023.16ms, mfu 5.54%
model:LGT723F iter 2830: loss 3.0209, time 2024.56ms, mfu 5.66%
model:LGT723F iter 2840: loss 3.0455, time 2023.16ms, mfu 5.77%
------average encoder activity 0.181
-----------average decoder density 0.6407
step 2850: train loss 3.0016, val loss 3.0273
saving checkpoint to out-novel-char3_LGT723F_d34f65156182c545ea648093d502a95d
done saving checkpoint to out-novel-char3_LGT723F_d34f65156182c545ea648093d502a95d
model:LGT723F iter 2850: loss 2.5070, time 29491.66ms, mfu 5.24%
model:LGT723F iter 2860: loss 2.6542, time 2021.28ms, mfu 5.40%
model:LGT723F iter 2870: loss 3.1683, time 2020.29ms, mfu 5.54%
model:LGT723F iter 2880: loss 2.8681, time 2024.54ms, mfu 5.66%
model:LGT723F iter 2890: loss 3.0704, time 2019.26ms, mfu 5.77%
------average encoder activity 0.181
-----------average decoder density 0.6213
step 2900: train loss 2.9730, val loss 3.0189
saving checkpoint to out-novel-char3_LGT723F_d34f65156182c545ea648093d502a95d
done saving checkpoint to out-novel-char3_LGT723F_d34f65156182c545ea648093d502a95d
model:LGT723F iter 2900: loss 3.1429, time 29830.54ms, mfu 5.24%
model:LGT723F iter 2910: loss 2.9583, time 2023.55ms, mfu 5.40%
model:LGT723F iter 2920: loss 3.2878, time 2022.88ms, mfu 5.54%
model:LGT723F iter 2930: loss 2.9146, time 2017.03ms, mfu 5.66%
model:LGT723F iter 2940: loss 3.0124, time 2020.66ms, mfu 5.78%
------average encoder activity 0.181
-----------average decoder density 0.6383
step 2950: train loss 3.0066, val loss 3.0089
saving checkpoint to out-novel-char3_LGT723F_d34f65156182c545ea648093d502a95d
done saving checkpoint to out-novel-char3_LGT723F_d34f65156182c545ea648093d502a95d
model:LGT723F iter 2950: loss 2.9195, time 29961.02ms, mfu 5.24%
model:LGT723F iter 2960: loss 3.1175, time 2019.04ms, mfu 5.40%
model:LGT723F iter 2970: loss 3.5187, time 2021.95ms, mfu 5.54%
model:LGT723F iter 2980: loss 2.9918, time 2024.35ms, mfu 5.66%
model:LGT723F iter 2990: loss 3.2189, time 2020.12ms, mfu 5.78%
------average encoder activity 0.185
-----------average decoder density 0.6384
step 3000: train loss 3.0063, val loss 2.9735
saving checkpoint to out-novel-char3_LGT723F_d34f65156182c545ea648093d502a95d
done saving checkpoint to out-novel-char3_LGT723F_d34f65156182c545ea648093d502a95d
model:LGT723F iter 3000: loss 2.6719, time 29635.29ms, mfu 5.24%
model:LGT723F iter 3010: loss 3.1235, time 2028.14ms, mfu 5.40%
model:LGT723F iter 3020: loss 2.8531, time 2026.00ms, mfu 5.53%
model:LGT723F iter 3030: loss 3.4514, time 2027.84ms, mfu 5.66%
model:LGT723F iter 3040: loss 2.5937, time 2033.11ms, mfu 5.77%
------average encoder activity 0.191
-----------average decoder density 0.6262
step 3050: train loss 2.9887, val loss 2.9688
saving checkpoint to out-novel-char3_LGT723F_d34f65156182c545ea648093d502a95d
done saving checkpoint to out-novel-char3_LGT723F_d34f65156182c545ea648093d502a95d
model:LGT723F iter 3050: loss 3.1895, time 29732.42ms, mfu 5.24%
model:LGT723F iter 3060: loss 2.8752, time 2015.78ms, mfu 5.39%
model:LGT723F iter 3070: loss 3.1868, time 2013.62ms, mfu 5.54%
model:LGT723F iter 3080: loss 2.9813, time 2015.67ms, mfu 5.66%
model:LGT723F iter 3090: loss 3.4205, time 2022.09ms, mfu 5.78%
------average encoder activity 0.188
-----------average decoder density 0.6385
step 3100: train loss 2.9964, val loss 2.9760
saving checkpoint to out-novel-char3_LGT723F_d34f65156182c545ea648093d502a95d
done saving checkpoint to out-novel-char3_LGT723F_d34f65156182c545ea648093d502a95d
model:LGT723F iter 3100: loss 2.9879, time 29906.16ms, mfu 5.24%
model:LGT723F iter 3110: loss 3.0954, time 2022.84ms, mfu 5.40%
model:LGT723F iter 3120: loss 2.9344, time 2028.41ms, mfu 5.53%
model:LGT723F iter 3130: loss 2.6439, time 2014.49ms, mfu 5.66%
model:LGT723F iter 3140: loss 2.9445, time 2022.85ms, mfu 5.77%
------average encoder activity 0.192
-----------average decoder density 0.6108
step 3150: train loss 2.9433, val loss 2.9636
saving checkpoint to out-novel-char3_LGT723F_d34f65156182c545ea648093d502a95d
done saving checkpoint to out-novel-char3_LGT723F_d34f65156182c545ea648093d502a95d
model:LGT723F iter 3150: loss 2.8719, time 29678.40ms, mfu 5.24%
model:LGT723F iter 3160: loss 2.7823, time 2023.60ms, mfu 5.40%
model:LGT723F iter 3170: loss 2.9084, time 2023.39ms, mfu 5.54%
model:LGT723F iter 3180: loss 2.9458, time 2017.68ms, mfu 5.66%
model:LGT723F iter 3190: loss 3.0638, time 2011.18ms, mfu 5.78%
------average encoder activity 0.196
-----------average decoder density 0.6300
step 3200: train loss 2.9605, val loss 2.9693
saving checkpoint to out-novel-char3_LGT723F_d34f65156182c545ea648093d502a95d
done saving checkpoint to out-novel-char3_LGT723F_d34f65156182c545ea648093d502a95d
model:LGT723F iter 3200: loss 3.1926, time 29667.79ms, mfu 5.25%
model:LGT723F iter 3210: loss 3.0054, time 2021.31ms, mfu 5.40%
model:LGT723F iter 3220: loss 3.1942, time 2025.43ms, mfu 5.54%
model:LGT723F iter 3230: loss 3.0133, time 2027.53ms, mfu 5.66%
model:LGT723F iter 3240: loss 2.9086, time 2025.14ms, mfu 5.77%
------average encoder activity 0.202
-----------average decoder density 0.6348
step 3250: train loss 2.9837, val loss 2.9670
saving checkpoint to out-novel-char3_LGT723F_d34f65156182c545ea648093d502a95d
done saving checkpoint to out-novel-char3_LGT723F_d34f65156182c545ea648093d502a95d
model:LGT723F iter 3250: loss 2.9818, time 29751.96ms, mfu 5.24%
model:LGT723F iter 3260: loss 3.3371, time 2024.63ms, mfu 5.40%
model:LGT723F iter 3270: loss 2.9801, time 2020.34ms, mfu 5.54%
model:LGT723F iter 3280: loss 3.0540, time 2028.36ms, mfu 5.66%
model:LGT723F iter 3290: loss 2.9568, time 2030.89ms, mfu 5.77%
------average encoder activity 0.201
-----------average decoder density 0.6094
step 3300: train loss 2.9294, val loss 2.9560
saving checkpoint to out-novel-char3_LGT723F_d34f65156182c545ea648093d502a95d
done saving checkpoint to out-novel-char3_LGT723F_d34f65156182c545ea648093d502a95d
model:LGT723F iter 3300: loss 2.9394, time 29946.07ms, mfu 5.24%
model:LGT723F iter 3310: loss 2.8479, time 2024.28ms, mfu 5.39%
model:LGT723F iter 3320: loss 3.0152, time 2017.85ms, mfu 5.53%
model:LGT723F iter 3330: loss 2.8330, time 2021.89ms, mfu 5.66%
model:LGT723F iter 3340: loss 2.6165, time 2024.51ms, mfu 5.77%
------average encoder activity 0.204
-----------average decoder density 0.6134
step 3350: train loss 2.9593, val loss 2.9491
saving checkpoint to out-novel-char3_LGT723F_d34f65156182c545ea648093d502a95d
done saving checkpoint to out-novel-char3_LGT723F_d34f65156182c545ea648093d502a95d
model:LGT723F iter 3350: loss 2.6425, time 30334.62ms, mfu 5.24%
model:LGT723F iter 3360: loss 3.1035, time 2017.53ms, mfu 5.39%
model:LGT723F iter 3370: loss 2.6901, time 2019.51ms, mfu 5.53%
model:LGT723F iter 3380: loss 2.4461, time 2018.56ms, mfu 5.66%
model:LGT723F iter 3390: loss 2.7734, time 2029.67ms, mfu 5.77%
------average encoder activity 0.207
-----------average decoder density 0.6242
step 3400: train loss 2.9292, val loss 2.9300
saving checkpoint to out-novel-char3_LGT723F_d34f65156182c545ea648093d502a95d
done saving checkpoint to out-novel-char3_LGT723F_d34f65156182c545ea648093d502a95d
model:LGT723F iter 3400: loss 3.1583, time 29904.33ms, mfu 5.24%
model:LGT723F iter 3410: loss 2.8743, time 2016.00ms, mfu 5.40%
model:LGT723F iter 3420: loss 3.1780, time 2021.88ms, mfu 5.54%
model:LGT723F iter 3430: loss 2.9265, time 2016.21ms, mfu 5.66%
model:LGT723F iter 3440: loss 2.9957, time 2026.31ms, mfu 5.77%
------average encoder activity 0.205
-----------average decoder density 0.6041
step 3450: train loss 2.9343, val loss 2.9344
saving checkpoint to out-novel-char3_LGT723F_d34f65156182c545ea648093d502a95d
done saving checkpoint to out-novel-char3_LGT723F_d34f65156182c545ea648093d502a95d
model:LGT723F iter 3450: loss 3.2259, time 29968.59ms, mfu 5.24%
model:LGT723F iter 3460: loss 2.8973, time 2022.31ms, mfu 5.40%
model:LGT723F iter 3470: loss 2.8116, time 2026.01ms, mfu 5.53%
model:LGT723F iter 3480: loss 2.6658, time 2018.70ms, mfu 5.66%
model:LGT723F iter 3490: loss 3.1296, time 2021.33ms, mfu 5.77%
------average encoder activity 0.210
-----------average decoder density 0.6026
step 3500: train loss 2.9226, val loss 2.9289
saving checkpoint to out-novel-char3_LGT723F_d34f65156182c545ea648093d502a95d
done saving checkpoint to out-novel-char3_LGT723F_d34f65156182c545ea648093d502a95d
model:LGT723F iter 3500: loss 2.9025, time 29611.48ms, mfu 5.24%
model:LGT723F iter 3510: loss 3.0216, time 2021.43ms, mfu 5.40%
model:LGT723F iter 3520: loss 3.0306, time 2019.61ms, mfu 5.54%
model:LGT723F iter 3530: loss 3.0442, time 2019.40ms, mfu 5.66%
model:LGT723F iter 3540: loss 3.2228, time 2022.40ms, mfu 5.78%
------average encoder activity 0.210
-----------average decoder density 0.6123
step 3550: train loss 2.9177, val loss 2.9064
saving checkpoint to out-novel-char3_LGT723F_d34f65156182c545ea648093d502a95d
done saving checkpoint to out-novel-char3_LGT723F_d34f65156182c545ea648093d502a95d
model:LGT723F iter 3550: loss 2.7763, time 29781.08ms, mfu 5.24%
model:LGT723F iter 3560: loss 2.9128, time 2025.80ms, mfu 5.40%
model:LGT723F iter 3570: loss 2.8798, time 2010.26ms, mfu 5.54%
model:LGT723F iter 3580: loss 2.5932, time 2019.75ms, mfu 5.67%
model:LGT723F iter 3590: loss 2.7913, time 2019.20ms, mfu 5.78%
------average encoder activity 0.211
-----------average decoder density 0.6272
step 3600: train loss 2.9045, val loss 2.9359
saving checkpoint to out-novel-char3_LGT723F_d34f65156182c545ea648093d502a95d
done saving checkpoint to out-novel-char3_LGT723F_d34f65156182c545ea648093d502a95d
model:LGT723F iter 3600: loss 2.9662, time 29562.24ms, mfu 5.25%
model:LGT723F iter 3610: loss 2.7681, time 2023.39ms, mfu 5.40%
model:LGT723F iter 3620: loss 3.0815, time 2020.99ms, mfu 5.54%
model:LGT723F iter 3630: loss 3.0279, time 2021.18ms, mfu 5.66%
model:LGT723F iter 3640: loss 3.0834, time 2021.86ms, mfu 5.78%
------average encoder activity 0.212
-----------average decoder density 0.6011
step 3650: train loss 2.9217, val loss 2.9189
saving checkpoint to out-novel-char3_LGT723F_d34f65156182c545ea648093d502a95d
done saving checkpoint to out-novel-char3_LGT723F_d34f65156182c545ea648093d502a95d
model:LGT723F iter 3650: loss 2.8075, time 29458.20ms, mfu 5.25%
model:LGT723F iter 3660: loss 2.7981, time 2017.53ms, mfu 5.40%
model:LGT723F iter 3670: loss 2.6860, time 2017.04ms, mfu 5.54%
model:LGT723F iter 3680: loss 3.0002, time 2022.02ms, mfu 5.67%
model:LGT723F iter 3690: loss 2.9263, time 2021.71ms, mfu 5.78%
------average encoder activity 0.214
-----------average decoder density 0.6537
step 3700: train loss 2.8988, val loss 2.8908
saving checkpoint to out-novel-char3_LGT723F_d34f65156182c545ea648093d502a95d
done saving checkpoint to out-novel-char3_LGT723F_d34f65156182c545ea648093d502a95d
model:LGT723F iter 3700: loss 2.7644, time 29666.37ms, mfu 5.25%
model:LGT723F iter 3710: loss 2.9666, time 2024.13ms, mfu 5.40%
model:LGT723F iter 3720: loss 2.8953, time 2015.02ms, mfu 5.54%
model:LGT723F iter 3730: loss 2.9412, time 2015.74ms, mfu 5.67%
model:LGT723F iter 3740: loss 2.9320, time 2018.18ms, mfu 5.78%
------average encoder activity 0.213
-----------average decoder density 0.6268
step 3750: train loss 2.9006, val loss 2.9050
saving checkpoint to out-novel-char3_LGT723F_d34f65156182c545ea648093d502a95d
done saving checkpoint to out-novel-char3_LGT723F_d34f65156182c545ea648093d502a95d
model:LGT723F iter 3750: loss 2.9915, time 29665.35ms, mfu 5.25%
model:LGT723F iter 3760: loss 2.7708, time 2023.58ms, mfu 5.40%
model:LGT723F iter 3770: loss 2.6300, time 2020.98ms, mfu 5.54%
model:LGT723F iter 3780: loss 2.6263, time 2025.35ms, mfu 5.67%
model:LGT723F iter 3790: loss 2.9028, time 2021.43ms, mfu 5.78%
------average encoder activity 0.216
-----------average decoder density 0.5739
step 3800: train loss 2.8846, val loss 2.8695
saving checkpoint to out-novel-char3_LGT723F_d34f65156182c545ea648093d502a95d
done saving checkpoint to out-novel-char3_LGT723F_d34f65156182c545ea648093d502a95d
model:LGT723F iter 3800: loss 2.7496, time 29741.72ms, mfu 5.25%
model:LGT723F iter 3810: loss 3.0368, time 2014.96ms, mfu 5.40%
model:LGT723F iter 3820: loss 3.0307, time 2019.65ms, mfu 5.54%
model:LGT723F iter 3830: loss 2.6798, time 2018.45ms, mfu 5.67%
model:LGT723F iter 3840: loss 3.0643, time 2021.58ms, mfu 5.78%
------average encoder activity 0.222
-----------average decoder density 0.5843
step 3850: train loss 2.8870, val loss 2.8949
saving checkpoint to out-novel-char3_LGT723F_d34f65156182c545ea648093d502a95d
done saving checkpoint to out-novel-char3_LGT723F_d34f65156182c545ea648093d502a95d
model:LGT723F iter 3850: loss 2.8960, time 29931.47ms, mfu 5.25%
model:LGT723F iter 3860: loss 2.5136, time 2021.96ms, mfu 5.40%
model:LGT723F iter 3870: loss 2.5904, time 2025.36ms, mfu 5.54%
model:LGT723F iter 3880: loss 3.0676, time 2027.64ms, mfu 5.66%
model:LGT723F iter 3890: loss 3.0343, time 2024.36ms, mfu 5.77%
------average encoder activity 0.225
-----------average decoder density 0.5876
step 3900: train loss 2.8771, val loss 2.8983
saving checkpoint to out-novel-char3_LGT723F_d34f65156182c545ea648093d502a95d
done saving checkpoint to out-novel-char3_LGT723F_d34f65156182c545ea648093d502a95d
model:LGT723F iter 3900: loss 2.7379, time 29647.95ms, mfu 5.24%
model:LGT723F iter 3910: loss 3.1294, time 2024.18ms, mfu 5.40%
model:LGT723F iter 3920: loss 2.9963, time 2020.09ms, mfu 5.54%
model:LGT723F iter 3930: loss 2.8873, time 2023.73ms, mfu 5.66%
model:LGT723F iter 3940: loss 3.1892, time 2021.23ms, mfu 5.77%
------average encoder activity 0.223
-----------average decoder density 0.6221
step 3950: train loss 2.8930, val loss 2.8634
saving checkpoint to out-novel-char3_LGT723F_d34f65156182c545ea648093d502a95d
done saving checkpoint to out-novel-char3_LGT723F_d34f65156182c545ea648093d502a95d
model:LGT723F iter 3950: loss 2.8131, time 29755.02ms, mfu 5.24%
model:LGT723F iter 3960: loss 2.9839, time 2026.00ms, mfu 5.40%
model:LGT723F iter 3970: loss 2.7743, time 2023.86ms, mfu 5.53%
model:LGT723F iter 3980: loss 2.8961, time 2019.93ms, mfu 5.66%
model:LGT723F iter 3990: loss 2.9518, time 2016.17ms, mfu 5.77%
------average encoder activity 0.221
-----------average decoder density 0.6154
step 4000: train loss 2.8421, val loss 2.8846
saving checkpoint to out-novel-char3_LGT723F_d34f65156182c545ea648093d502a95d
done saving checkpoint to out-novel-char3_LGT723F_d34f65156182c545ea648093d502a95d
model:LGT723F iter 4000: loss 2.8100, time 29710.88ms, mfu 5.24%
model:LGT723F iter 4010: loss 3.0169, time 2020.23ms, mfu 5.40%
model:LGT723F iter 4020: loss 2.6817, time 2017.88ms, mfu 5.54%
model:LGT723F iter 4030: loss 3.1773, time 2029.97ms, mfu 5.66%
model:LGT723F iter 4040: loss 2.4423, time 2020.30ms, mfu 5.77%
------average encoder activity 0.221
-----------average decoder density 0.5747
step 4050: train loss 2.8491, val loss 2.8264
saving checkpoint to out-novel-char3_LGT723F_d34f65156182c545ea648093d502a95d
done saving checkpoint to out-novel-char3_LGT723F_d34f65156182c545ea648093d502a95d
model:LGT723F iter 4050: loss 2.7253, time 29995.81ms, mfu 5.24%
model:LGT723F iter 4060: loss 2.6193, time 2018.71ms, mfu 5.40%
model:LGT723F iter 4070: loss 2.4662, time 2017.48ms, mfu 5.54%
model:LGT723F iter 4080: loss 2.8314, time 2021.00ms, mfu 5.66%
model:LGT723F iter 4090: loss 2.7115, time 2015.06ms, mfu 5.78%
------average encoder activity 0.223
-----------average decoder density 0.5706
step 4100: train loss 2.8410, val loss 2.8672
saving checkpoint to out-novel-char3_LGT723F_d34f65156182c545ea648093d502a95d
done saving checkpoint to out-novel-char3_LGT723F_d34f65156182c545ea648093d502a95d
model:LGT723F iter 4100: loss 2.8919, time 29794.55ms, mfu 5.25%
model:LGT723F iter 4110: loss 2.6927, time 2017.14ms, mfu 5.40%
model:LGT723F iter 4120: loss 2.9351, time 2015.35ms, mfu 5.54%
model:LGT723F iter 4130: loss 2.9033, time 2020.60ms, mfu 5.67%
model:LGT723F iter 4140: loss 2.8864, time 2016.59ms, mfu 5.78%
------average encoder activity 0.224
-----------average decoder density 0.5736
step 4150: train loss 2.8341, val loss 2.8584
saving checkpoint to out-novel-char3_LGT723F_d34f65156182c545ea648093d502a95d
done saving checkpoint to out-novel-char3_LGT723F_d34f65156182c545ea648093d502a95d
model:LGT723F iter 4150: loss 2.9197, time 29932.37ms, mfu 5.25%
model:LGT723F iter 4160: loss 3.0362, time 2021.93ms, mfu 5.40%
model:LGT723F iter 4170: loss 3.2664, time 2030.72ms, mfu 5.54%
model:LGT723F iter 4180: loss 3.1435, time 2020.37ms, mfu 5.66%
model:LGT723F iter 4190: loss 2.6351, time 2019.85ms, mfu 5.78%
------average encoder activity 0.223
-----------average decoder density 0.5841
step 4200: train loss 2.8185, val loss 2.8383
saving checkpoint to out-novel-char3_LGT723F_d34f65156182c545ea648093d502a95d
done saving checkpoint to out-novel-char3_LGT723F_d34f65156182c545ea648093d502a95d
model:LGT723F iter 4200: loss 2.6622, time 29419.47ms, mfu 5.25%
model:LGT723F iter 4210: loss 2.7956, time 2019.71ms, mfu 5.40%
model:LGT723F iter 4220: loss 2.9924, time 2015.99ms, mfu 5.54%
model:LGT723F iter 4230: loss 3.0063, time 2024.19ms, mfu 5.67%
model:LGT723F iter 4240: loss 3.4339, time 2017.55ms, mfu 5.78%
------average encoder activity 0.220
-----------average decoder density 0.6075
step 4250: train loss 2.8406, val loss 2.8462
saving checkpoint to out-novel-char3_LGT723F_d34f65156182c545ea648093d502a95d
done saving checkpoint to out-novel-char3_LGT723F_d34f65156182c545ea648093d502a95d
model:LGT723F iter 4250: loss 2.6781, time 29816.40ms, mfu 5.25%
model:LGT723F iter 4260: loss 2.8188, time 2015.31ms, mfu 5.40%
model:LGT723F iter 4270: loss 2.9368, time 2023.60ms, mfu 5.54%
model:LGT723F iter 4280: loss 2.7228, time 2022.87ms, mfu 5.67%
model:LGT723F iter 4290: loss 2.7789, time 2021.91ms, mfu 5.78%
------average encoder activity 0.219
-----------average decoder density 0.5840
step 4300: train loss 2.8113, val loss 2.8249
saving checkpoint to out-novel-char3_LGT723F_d34f65156182c545ea648093d502a95d
done saving checkpoint to out-novel-char3_LGT723F_d34f65156182c545ea648093d502a95d
model:LGT723F iter 4300: loss 2.5843, time 29863.96ms, mfu 5.25%
model:LGT723F iter 4310: loss 3.0271, time 2021.87ms, mfu 5.40%
model:LGT723F iter 4320: loss 3.1732, time 2023.13ms, mfu 5.54%
model:LGT723F iter 4330: loss 2.8972, time 2019.69ms, mfu 5.66%
model:LGT723F iter 4340: loss 3.0702, time 2021.26ms, mfu 5.78%
------average encoder activity 0.220
-----------average decoder density 0.5950
step 4350: train loss 2.8078, val loss 2.8369
saving checkpoint to out-novel-char3_LGT723F_d34f65156182c545ea648093d502a95d
done saving checkpoint to out-novel-char3_LGT723F_d34f65156182c545ea648093d502a95d
model:LGT723F iter 4350: loss 3.0303, time 29770.63ms, mfu 5.25%
model:LGT723F iter 4360: loss 3.0283, time 2027.39ms, mfu 5.40%
model:LGT723F iter 4370: loss 3.2191, time 2023.93ms, mfu 5.54%
model:LGT723F iter 4380: loss 3.0642, time 2016.25ms, mfu 5.66%
model:LGT723F iter 4390: loss 2.7994, time 2026.47ms, mfu 5.77%
------average encoder activity 0.220
-----------average decoder density 0.5725
step 4400: train loss 2.8060, val loss 2.8373
saving checkpoint to out-novel-char3_LGT723F_d34f65156182c545ea648093d502a95d
done saving checkpoint to out-novel-char3_LGT723F_d34f65156182c545ea648093d502a95d
model:LGT723F iter 4400: loss 3.2484, time 29823.06ms, mfu 5.24%
model:LGT723F iter 4410: loss 2.7383, time 2017.06ms, mfu 5.40%
model:LGT723F iter 4420: loss 2.7502, time 2024.77ms, mfu 5.54%
model:LGT723F iter 4430: loss 2.9396, time 2025.83ms, mfu 5.66%
model:LGT723F iter 4440: loss 2.3591, time 2017.04ms, mfu 5.77%
------average encoder activity 0.221
-----------average decoder density 0.6112
step 4450: train loss 2.8230, val loss 2.8075
saving checkpoint to out-novel-char3_LGT723F_d34f65156182c545ea648093d502a95d
done saving checkpoint to out-novel-char3_LGT723F_d34f65156182c545ea648093d502a95d
model:LGT723F iter 4450: loss 2.9454, time 29834.74ms, mfu 5.24%
model:LGT723F iter 4460: loss 2.7235, time 2024.97ms, mfu 5.40%
model:LGT723F iter 4470: loss 2.8576, time 2019.83ms, mfu 5.54%
model:LGT723F iter 4480: loss 2.7418, time 2018.32ms, mfu 5.66%
model:LGT723F iter 4490: loss 3.1591, time 2022.58ms, mfu 5.78%
------average encoder activity 0.220
-----------average decoder density 0.5749
step 4500: train loss 2.7953, val loss 2.8448
saving checkpoint to out-novel-char3_LGT723F_d34f65156182c545ea648093d502a95d
done saving checkpoint to out-novel-char3_LGT723F_d34f65156182c545ea648093d502a95d
model:LGT723F iter 4500: loss 3.0448, time 29668.24ms, mfu 5.24%
model:LGT723F iter 4510: loss 2.7991, time 2027.63ms, mfu 5.40%
model:LGT723F iter 4520: loss 2.7151, time 2028.04ms, mfu 5.53%
model:LGT723F iter 4530: loss 3.0432, time 2023.88ms, mfu 5.66%
model:LGT723F iter 4540: loss 2.8008, time 2016.77ms, mfu 5.77%
------average encoder activity 0.220
-----------average decoder density 0.6063
step 4550: train loss 2.8290, val loss 2.8229
saving checkpoint to out-novel-char3_LGT723F_d34f65156182c545ea648093d502a95d
done saving checkpoint to out-novel-char3_LGT723F_d34f65156182c545ea648093d502a95d
model:LGT723F iter 4550: loss 3.2893, time 29541.15ms, mfu 5.24%
model:LGT723F iter 4560: loss 2.7797, time 2025.33ms, mfu 5.40%
model:LGT723F iter 4570: loss 2.6315, time 2023.10ms, mfu 5.53%
model:LGT723F iter 4580: loss 3.0455, time 2020.52ms, mfu 5.66%
model:LGT723F iter 4590: loss 3.1123, time 2023.91ms, mfu 5.77%
------average encoder activity 0.218
-----------average decoder density 0.5902
step 4600: train loss 2.8010, val loss 2.8302
saving checkpoint to out-novel-char3_LGT723F_d34f65156182c545ea648093d502a95d
done saving checkpoint to out-novel-char3_LGT723F_d34f65156182c545ea648093d502a95d
model:LGT723F iter 4600: loss 2.4972, time 29745.71ms, mfu 5.24%
model:LGT723F iter 4610: loss 2.7728, time 2019.89ms, mfu 5.40%
model:LGT723F iter 4620: loss 2.7850, time 2014.22ms, mfu 5.54%
model:LGT723F iter 4630: loss 2.8861, time 2018.30ms, mfu 5.66%
model:LGT723F iter 4640: loss 2.4434, time 2021.85ms, mfu 5.78%
------average encoder activity 0.215
-----------average decoder density 0.5496
step 4650: train loss 2.8035, val loss 2.7897
saving checkpoint to out-novel-char3_LGT723F_d34f65156182c545ea648093d502a95d
done saving checkpoint to out-novel-char3_LGT723F_d34f65156182c545ea648093d502a95d
model:LGT723F iter 4650: loss 3.0293, time 29807.30ms, mfu 5.25%
model:LGT723F iter 4660: loss 2.9595, time 2013.86ms, mfu 5.40%
model:LGT723F iter 4670: loss 3.1507, time 2020.63ms, mfu 5.54%
model:LGT723F iter 4680: loss 2.5512, time 2017.44ms, mfu 5.67%
model:LGT723F iter 4690: loss 2.7094, time 2022.00ms, mfu 5.78%
------average encoder activity 0.220
-----------average decoder density 0.6380
step 4700: train loss 2.7999, val loss 2.7760
saving checkpoint to out-novel-char3_LGT723F_d34f65156182c545ea648093d502a95d
done saving checkpoint to out-novel-char3_LGT723F_d34f65156182c545ea648093d502a95d
model:LGT723F iter 4700: loss 2.7007, time 29804.81ms, mfu 5.25%
model:LGT723F iter 4710: loss 2.7609, time 2027.49ms, mfu 5.40%
model:LGT723F iter 4720: loss 2.8954, time 2021.35ms, mfu 5.54%
model:LGT723F iter 4730: loss 2.5677, time 2027.08ms, mfu 5.66%
model:LGT723F iter 4740: loss 2.6344, time 2019.29ms, mfu 5.78%
------average encoder activity 0.219
-----------average decoder density 0.6041
step 4750: train loss 2.7882, val loss 2.7891
saving checkpoint to out-novel-char3_LGT723F_d34f65156182c545ea648093d502a95d
done saving checkpoint to out-novel-char3_LGT723F_d34f65156182c545ea648093d502a95d
model:LGT723F iter 4750: loss 2.9318, time 29888.70ms, mfu 5.24%
model:LGT723F iter 4760: loss 2.9072, time 2013.84ms, mfu 5.40%
model:LGT723F iter 4770: loss 3.0392, time 2022.06ms, mfu 5.54%
model:LGT723F iter 4780: loss 3.0092, time 2020.18ms, mfu 5.66%
model:LGT723F iter 4790: loss 3.0858, time 2026.77ms, mfu 5.78%
------average encoder activity 0.218
-----------average decoder density 0.6015
step 4800: train loss 2.8183, val loss 2.7587
saving checkpoint to out-novel-char3_LGT723F_d34f65156182c545ea648093d502a95d
done saving checkpoint to out-novel-char3_LGT723F_d34f65156182c545ea648093d502a95d
model:LGT723F iter 4800: loss 3.0817, time 29865.21ms, mfu 5.24%
model:LGT723F iter 4810: loss 2.7228, time 2020.50ms, mfu 5.40%
model:LGT723F iter 4820: loss 2.8968, time 2028.46ms, mfu 5.54%
model:LGT723F iter 4830: loss 3.1266, time 2019.94ms, mfu 5.66%
model:LGT723F iter 4840: loss 2.9113, time 2018.26ms, mfu 5.78%
------average encoder activity 0.218
-----------average decoder density 0.6308
step 4850: train loss 2.7743, val loss 2.7807
saving checkpoint to out-novel-char3_LGT723F_d34f65156182c545ea648093d502a95d
done saving checkpoint to out-novel-char3_LGT723F_d34f65156182c545ea648093d502a95d
model:LGT723F iter 4850: loss 2.8881, time 29670.20ms, mfu 5.24%
model:LGT723F iter 4860: loss 3.1381, time 2019.72ms, mfu 5.40%
model:LGT723F iter 4870: loss 2.9413, time 2019.16ms, mfu 5.54%
model:LGT723F iter 4880: loss 2.8704, time 2012.35ms, mfu 5.67%
model:LGT723F iter 4890: loss 2.8349, time 2015.41ms, mfu 5.78%
------average encoder activity 0.216
-----------average decoder density 0.5551
step 4900: train loss 2.7734, val loss 2.8260
saving checkpoint to out-novel-char3_LGT723F_d34f65156182c545ea648093d502a95d
done saving checkpoint to out-novel-char3_LGT723F_d34f65156182c545ea648093d502a95d
model:LGT723F iter 4900: loss 3.0750, time 29572.15ms, mfu 5.25%
model:LGT723F iter 4910: loss 2.8026, time 2022.02ms, mfu 5.40%
model:LGT723F iter 4920: loss 2.9274, time 2021.11ms, mfu 5.54%
model:LGT723F iter 4930: loss 2.8175, time 2020.13ms, mfu 5.67%
model:LGT723F iter 4940: loss 2.6468, time 2029.67ms, mfu 5.78%
------average encoder activity 0.215
-----------average decoder density 0.6028
step 4950: train loss 2.7638, val loss 2.7935
saving checkpoint to out-novel-char3_LGT723F_d34f65156182c545ea648093d502a95d
done saving checkpoint to out-novel-char3_LGT723F_d34f65156182c545ea648093d502a95d
model:LGT723F iter 4950: loss 2.5442, time 29571.96ms, mfu 5.25%
model:LGT723F iter 4960: loss 2.9733, time 2008.53ms, mfu 5.40%
model:LGT723F iter 4970: loss 2.9412, time 2018.31ms, mfu 5.54%
model:LGT723F iter 4980: loss 2.6358, time 2019.68ms, mfu 5.67%
model:LGT723F iter 4990: loss 2.3868, time 2020.44ms, mfu 5.78%
------average encoder activity 0.217
-----------average decoder density 0.5567
step 5000: train loss 2.7528, val loss 2.7400
saving checkpoint to out-novel-char3_LGT723F_d34f65156182c545ea648093d502a95d
done saving checkpoint to out-novel-char3_LGT723F_d34f65156182c545ea648093d502a95d
model:LGT723F iter 5000: loss 2.8734, time 29694.64ms, mfu 5.25%
model:LGT723F iter 5010: loss 2.8014, time 2017.30ms, mfu 5.40%
model:LGT723F iter 5020: loss 2.4363, time 2018.11ms, mfu 5.54%
model:LGT723F iter 5030: loss 2.7276, time 2007.05ms, mfu 5.67%
model:LGT723F iter 5040: loss 2.9647, time 2023.01ms, mfu 5.78%
------average encoder activity 0.218
-----------average decoder density 0.5522
step 5050: train loss 2.7510, val loss 2.7603
saving checkpoint to out-novel-char3_LGT723F_d34f65156182c545ea648093d502a95d
done saving checkpoint to out-novel-char3_LGT723F_d34f65156182c545ea648093d502a95d
model:LGT723F iter 5050: loss 2.5990, time 29837.49ms, mfu 5.25%
model:LGT723F iter 5060: loss 2.8863, time 2020.35ms, mfu 5.41%
model:LGT723F iter 5070: loss 2.4452, time 2018.85ms, mfu 5.55%
model:LGT723F iter 5080: loss 2.7039, time 2016.55ms, mfu 5.67%
model:LGT723F iter 5090: loss 2.8499, time 2025.04ms, mfu 5.78%
------average encoder activity 0.219
-----------average decoder density 0.6005
step 5100: train loss 2.7514, val loss 2.7731
saving checkpoint to out-novel-char3_LGT723F_d34f65156182c545ea648093d502a95d
done saving checkpoint to out-novel-char3_LGT723F_d34f65156182c545ea648093d502a95d
model:LGT723F iter 5100: loss 2.6448, time 29824.38ms, mfu 5.25%
model:LGT723F iter 5110: loss 2.8606, time 2019.62ms, mfu 5.40%
model:LGT723F iter 5120: loss 2.7832, time 2021.83ms, mfu 5.54%
model:LGT723F iter 5130: loss 3.0152, time 2022.58ms, mfu 5.67%
model:LGT723F iter 5140: loss 2.7235, time 2013.84ms, mfu 5.78%
------average encoder activity 0.219
-----------average decoder density 0.5590
step 5150: train loss 2.7417, val loss 2.7730
saving checkpoint to out-novel-char3_LGT723F_d34f65156182c545ea648093d502a95d
done saving checkpoint to out-novel-char3_LGT723F_d34f65156182c545ea648093d502a95d
model:LGT723F iter 5150: loss 2.6337, time 29955.45ms, mfu 5.25%
model:LGT723F iter 5160: loss 3.1045, time 2019.08ms, mfu 5.40%
model:LGT723F iter 5170: loss 2.5579, time 2025.01ms, mfu 5.54%
model:LGT723F iter 5180: loss 2.9897, time 2023.16ms, mfu 5.67%
model:LGT723F iter 5190: loss 2.7976, time 2019.44ms, mfu 5.78%
------average encoder activity 0.217
-----------average decoder density 0.5603
step 5200: train loss 2.7427, val loss 2.7377
saving checkpoint to out-novel-char3_LGT723F_d34f65156182c545ea648093d502a95d
done saving checkpoint to out-novel-char3_LGT723F_d34f65156182c545ea648093d502a95d
model:LGT723F iter 5200: loss 2.8408, time 29479.65ms, mfu 5.25%
model:LGT723F iter 5210: loss 2.6100, time 2021.72ms, mfu 5.40%
model:LGT723F iter 5220: loss 3.0579, time 2021.95ms, mfu 5.54%
model:LGT723F iter 5230: loss 2.8941, time 2019.98ms, mfu 5.67%
model:LGT723F iter 5240: loss 2.8859, time 2018.19ms, mfu 5.78%
------average encoder activity 0.219
-----------average decoder density 0.5697
step 5250: train loss 2.7384, val loss 2.7581
saving checkpoint to out-novel-char3_LGT723F_d34f65156182c545ea648093d502a95d
done saving checkpoint to out-novel-char3_LGT723F_d34f65156182c545ea648093d502a95d
model:LGT723F iter 5250: loss 2.9140, time 29661.59ms, mfu 5.25%
model:LGT723F iter 5260: loss 2.4804, time 2026.74ms, mfu 5.40%
model:LGT723F iter 5270: loss 2.9923, time 2027.20ms, mfu 5.54%
model:LGT723F iter 5280: loss 2.9109, time 2016.43ms, mfu 5.66%
model:LGT723F iter 5290: loss 2.9262, time 2019.26ms, mfu 5.78%
------average encoder activity 0.216
-----------average decoder density 0.5627
step 5300: train loss 2.7112, val loss 2.7621
saving checkpoint to out-novel-char3_LGT723F_d34f65156182c545ea648093d502a95d
done saving checkpoint to out-novel-char3_LGT723F_d34f65156182c545ea648093d502a95d
model:LGT723F iter 5300: loss 2.6346, time 29901.01ms, mfu 5.25%
model:LGT723F iter 5310: loss 2.6407, time 2029.39ms, mfu 5.40%
model:LGT723F iter 5320: loss 3.0820, time 2022.07ms, mfu 5.54%
model:LGT723F iter 5330: loss 2.8219, time 2017.27ms, mfu 5.66%
model:LGT723F iter 5340: loss 2.8809, time 2022.53ms, mfu 5.78%
------average encoder activity 0.219
-----------average decoder density 0.5558
step 5350: train loss 2.7097, val loss 2.7564
saving checkpoint to out-novel-char3_LGT723F_d34f65156182c545ea648093d502a95d
done saving checkpoint to out-novel-char3_LGT723F_d34f65156182c545ea648093d502a95d
model:LGT723F iter 5350: loss 2.5082, time 29829.71ms, mfu 5.24%
model:LGT723F iter 5360: loss 2.7492, time 2015.19ms, mfu 5.40%
model:LGT723F iter 5370: loss 2.6197, time 2024.30ms, mfu 5.54%
model:LGT723F iter 5380: loss 2.7909, time 2023.05ms, mfu 5.66%
model:LGT723F iter 5390: loss 2.7420, time 2020.75ms, mfu 5.78%
------average encoder activity 0.220
-----------average decoder density 0.5957
step 5400: train loss 2.7158, val loss 2.7515
saving checkpoint to out-novel-char3_LGT723F_d34f65156182c545ea648093d502a95d
done saving checkpoint to out-novel-char3_LGT723F_d34f65156182c545ea648093d502a95d
model:LGT723F iter 5400: loss 2.7313, time 29715.46ms, mfu 5.24%
model:LGT723F iter 5410: loss 2.7943, time 2027.34ms, mfu 5.40%
model:LGT723F iter 5420: loss 2.9637, time 2025.23ms, mfu 5.53%
model:LGT723F iter 5430: loss 3.0983, time 2021.98ms, mfu 5.66%
model:LGT723F iter 5440: loss 2.8904, time 2022.62ms, mfu 5.77%
------average encoder activity 0.222
-----------average decoder density 0.5390
step 5450: train loss 2.6978, val loss 2.7224
saving checkpoint to out-novel-char3_LGT723F_d34f65156182c545ea648093d502a95d
done saving checkpoint to out-novel-char3_LGT723F_d34f65156182c545ea648093d502a95d
model:LGT723F iter 5450: loss 2.7053, time 29751.87ms, mfu 5.24%
model:LGT723F iter 5460: loss 2.6867, time 2015.52ms, mfu 5.40%
model:LGT723F iter 5470: loss 2.7654, time 2022.01ms, mfu 5.54%
model:LGT723F iter 5480: loss 2.7054, time 2024.03ms, mfu 5.66%
model:LGT723F iter 5490: loss 2.7504, time 2023.82ms, mfu 5.77%
------average encoder activity 0.220
-----------average decoder density 0.5722
step 5500: train loss 2.7096, val loss 2.7394
saving checkpoint to out-novel-char3_LGT723F_d34f65156182c545ea648093d502a95d
done saving checkpoint to out-novel-char3_LGT723F_d34f65156182c545ea648093d502a95d
model:LGT723F iter 5500: loss 3.1370, time 29678.17ms, mfu 5.24%
model:LGT723F iter 5510: loss 2.6390, time 2019.32ms, mfu 5.40%
model:LGT723F iter 5520: loss 2.6212, time 2025.83ms, mfu 5.54%
model:LGT723F iter 5530: loss 2.7086, time 2023.20ms, mfu 5.66%
model:LGT723F iter 5540: loss 2.5226, time 2016.34ms, mfu 5.77%
------average encoder activity 0.221
-----------average decoder density 0.5623
step 5550: train loss 2.6809, val loss 2.7127
saving checkpoint to out-novel-char3_LGT723F_d34f65156182c545ea648093d502a95d
done saving checkpoint to out-novel-char3_LGT723F_d34f65156182c545ea648093d502a95d
model:LGT723F iter 5550: loss 2.5500, time 29920.91ms, mfu 5.24%
model:LGT723F iter 5560: loss 2.8249, time 2021.81ms, mfu 5.40%
model:LGT723F iter 5570: loss 2.7238, time 2019.67ms, mfu 5.54%
model:LGT723F iter 5580: loss 2.6716, time 2022.49ms, mfu 5.66%
model:LGT723F iter 5590: loss 2.5604, time 2022.48ms, mfu 5.77%
------average encoder activity 0.219
-----------average decoder density 0.5413
step 5600: train loss 2.7010, val loss 2.7286
saving checkpoint to out-novel-char3_LGT723F_d34f65156182c545ea648093d502a95d
done saving checkpoint to out-novel-char3_LGT723F_d34f65156182c545ea648093d502a95d
model:LGT723F iter 5600: loss 2.7025, time 29711.87ms, mfu 5.24%
model:LGT723F iter 5610: loss 2.6574, time 2021.28ms, mfu 5.40%
model:LGT723F iter 5620: loss 2.6751, time 2025.70ms, mfu 5.54%
model:LGT723F iter 5630: loss 2.9199, time 2020.63ms, mfu 5.66%
model:LGT723F iter 5640: loss 2.3285, time 2021.73ms, mfu 5.77%
------average encoder activity 0.222
-----------average decoder density 0.5486
step 5650: train loss 2.6946, val loss 2.7178
saving checkpoint to out-novel-char3_LGT723F_d34f65156182c545ea648093d502a95d
done saving checkpoint to out-novel-char3_LGT723F_d34f65156182c545ea648093d502a95d
model:LGT723F iter 5650: loss 2.6242, time 29590.36ms, mfu 5.24%
model:LGT723F iter 5660: loss 2.8530, time 2019.35ms, mfu 5.40%
model:LGT723F iter 5670: loss 2.6902, time 2018.20ms, mfu 5.54%
model:LGT723F iter 5680: loss 2.4429, time 2029.70ms, mfu 5.66%
model:LGT723F iter 5690: loss 2.5867, time 2019.36ms, mfu 5.77%
------average encoder activity 0.220
-----------average decoder density 0.5879
step 5700: train loss 2.6796, val loss 2.7091
saving checkpoint to out-novel-char3_LGT723F_d34f65156182c545ea648093d502a95d
done saving checkpoint to out-novel-char3_LGT723F_d34f65156182c545ea648093d502a95d
model:LGT723F iter 5700: loss 2.6293, time 29621.65ms, mfu 5.24%
model:LGT723F iter 5710: loss 2.9337, time 2019.38ms, mfu 5.40%
model:LGT723F iter 5720: loss 2.7817, time 2022.57ms, mfu 5.54%
model:LGT723F iter 5730: loss 2.7866, time 2015.95ms, mfu 5.66%
model:LGT723F iter 5740: loss 2.7190, time 2029.15ms, mfu 5.77%
------average encoder activity 0.220
-----------average decoder density 0.5466
step 5750: train loss 2.6910, val loss 2.7159
saving checkpoint to out-novel-char3_LGT723F_d34f65156182c545ea648093d502a95d
done saving checkpoint to out-novel-char3_LGT723F_d34f65156182c545ea648093d502a95d
model:LGT723F iter 5750: loss 2.3350, time 29862.10ms, mfu 5.24%
model:LGT723F iter 5760: loss 2.7236, time 2022.64ms, mfu 5.40%
model:LGT723F iter 5770: loss 2.4580, time 2022.67ms, mfu 5.54%
model:LGT723F iter 5780: loss 2.5346, time 2025.25ms, mfu 5.66%
model:LGT723F iter 5790: loss 2.9561, time 2034.50ms, mfu 5.77%
------average encoder activity 0.221
-----------average decoder density 0.5515
step 5800: train loss 2.6892, val loss 2.7101
saving checkpoint to out-novel-char3_LGT723F_d34f65156182c545ea648093d502a95d
done saving checkpoint to out-novel-char3_LGT723F_d34f65156182c545ea648093d502a95d
model:LGT723F iter 5800: loss 2.5395, time 29641.19ms, mfu 5.24%
model:LGT723F iter 5810: loss 2.5196, time 2024.66ms, mfu 5.39%
model:LGT723F iter 5820: loss 2.8897, time 2028.25ms, mfu 5.53%
model:LGT723F iter 5830: loss 2.7161, time 2027.20ms, mfu 5.65%
model:LGT723F iter 5840: loss 2.5980, time 2024.06ms, mfu 5.77%
------average encoder activity 0.221
-----------average decoder density 0.5875
step 5850: train loss 2.6757, val loss 2.7114
saving checkpoint to out-novel-char3_LGT723F_d34f65156182c545ea648093d502a95d
done saving checkpoint to out-novel-char3_LGT723F_d34f65156182c545ea648093d502a95d
model:LGT723F iter 5850: loss 2.7654, time 29391.98ms, mfu 5.24%
model:LGT723F iter 5860: loss 2.4217, time 2011.41ms, mfu 5.39%
model:LGT723F iter 5870: loss 2.4071, time 2018.49ms, mfu 5.54%
model:LGT723F iter 5880: loss 2.5319, time 2023.47ms, mfu 5.66%
model:LGT723F iter 5890: loss 2.7909, time 2013.81ms, mfu 5.78%
------average encoder activity 0.220
-----------average decoder density 0.5849
step 5900: train loss 2.6899, val loss 2.7145
saving checkpoint to out-novel-char3_LGT723F_d34f65156182c545ea648093d502a95d
done saving checkpoint to out-novel-char3_LGT723F_d34f65156182c545ea648093d502a95d
model:LGT723F iter 5900: loss 2.4080, time 29985.52ms, mfu 5.24%
model:LGT723F iter 5910: loss 2.6664, time 2027.98ms, mfu 5.40%
model:LGT723F iter 5920: loss 2.8118, time 2021.13ms, mfu 5.54%
model:LGT723F iter 5930: loss 2.6186, time 2019.26ms, mfu 5.66%
model:LGT723F iter 5940: loss 2.6619, time 2019.23ms, mfu 5.78%
------average encoder activity 0.222
-----------average decoder density 0.5323
step 5950: train loss 2.6750, val loss 2.7171
saving checkpoint to out-novel-char3_LGT723F_d34f65156182c545ea648093d502a95d
done saving checkpoint to out-novel-char3_LGT723F_d34f65156182c545ea648093d502a95d
model:LGT723F iter 5950: loss 2.6035, time 29966.56ms, mfu 5.24%
model:LGT723F iter 5960: loss 2.8354, time 2017.82ms, mfu 5.40%
model:LGT723F iter 5970: loss 2.6548, time 2026.06ms, mfu 5.54%
model:LGT723F iter 5980: loss 2.4442, time 2021.73ms, mfu 5.66%
model:LGT723F iter 5990: loss 2.9282, time 2021.98ms, mfu 5.77%
------average encoder activity 0.224
-----------average decoder density 0.5361
step 6000: train loss 2.6478, val loss 2.7051
saving checkpoint to out-novel-char3_LGT723F_d34f65156182c545ea648093d502a95d
done saving checkpoint to out-novel-char3_LGT723F_d34f65156182c545ea648093d502a95d
model:LGT723F iter 6000: loss 2.9036, time 29598.64ms, mfu 5.24%
model:LGT723F iter 6010: loss 2.7126, time 2021.89ms, mfu 5.40%
model:LGT723F iter 6020: loss 2.6988, time 2022.77ms, mfu 5.54%
model:LGT723F iter 6030: loss 2.6954, time 2016.79ms, mfu 5.66%
model:LGT723F iter 6040: loss 2.6707, time 2013.44ms, mfu 5.78%
------average encoder activity 0.222
-----------average decoder density 0.5734
step 6050: train loss 2.6503, val loss 2.6601
saving checkpoint to out-novel-char3_LGT723F_d34f65156182c545ea648093d502a95d
done saving checkpoint to out-novel-char3_LGT723F_d34f65156182c545ea648093d502a95d
model:LGT723F iter 6050: loss 2.6132, time 29847.55ms, mfu 5.25%
model:LGT723F iter 6060: loss 2.7524, time 2024.56ms, mfu 5.40%
model:LGT723F iter 6070: loss 2.9070, time 2022.09ms, mfu 5.54%
model:LGT723F iter 6080: loss 2.5895, time 2023.63ms, mfu 5.66%
model:LGT723F iter 6090: loss 2.9507, time 2023.80ms, mfu 5.77%
------average encoder activity 0.222
-----------average decoder density 0.5480
step 6100: train loss 2.6680, val loss 2.6666
saving checkpoint to out-novel-char3_LGT723F_d34f65156182c545ea648093d502a95d
done saving checkpoint to out-novel-char3_LGT723F_d34f65156182c545ea648093d502a95d
model:LGT723F iter 6100: loss 2.6772, time 29629.09ms, mfu 5.24%
model:LGT723F iter 6110: loss 2.9234, time 2018.23ms, mfu 5.40%
model:LGT723F iter 6120: loss 2.8374, time 2015.96ms, mfu 5.54%
model:LGT723F iter 6130: loss 2.6719, time 2019.24ms, mfu 5.67%
model:LGT723F iter 6140: loss 2.9294, time 2024.40ms, mfu 5.78%
------average encoder activity 0.221
-----------average decoder density 0.5942
step 6150: train loss 2.6575, val loss 2.6908
saving checkpoint to out-novel-char3_LGT723F_d34f65156182c545ea648093d502a95d
done saving checkpoint to out-novel-char3_LGT723F_d34f65156182c545ea648093d502a95d
model:LGT723F iter 6150: loss 3.0935, time 29823.90ms, mfu 5.25%
model:LGT723F iter 6160: loss 2.2933, time 2018.77ms, mfu 5.40%
model:LGT723F iter 6170: loss 2.5444, time 2012.82ms, mfu 5.54%
model:LGT723F iter 6180: loss 2.4581, time 2016.21ms, mfu 5.67%
model:LGT723F iter 6190: loss 2.3457, time 2018.78ms, mfu 5.78%
------average encoder activity 0.222
-----------average decoder density 0.5909
step 6200: train loss 2.6363, val loss 2.6861
saving checkpoint to out-novel-char3_LGT723F_d34f65156182c545ea648093d502a95d
done saving checkpoint to out-novel-char3_LGT723F_d34f65156182c545ea648093d502a95d
model:LGT723F iter 6200: loss 2.3658, time 29876.44ms, mfu 5.25%
model:LGT723F iter 6210: loss 2.7055, time 2025.56ms, mfu 5.40%
model:LGT723F iter 6220: loss 2.5075, time 2023.13ms, mfu 5.54%
model:LGT723F iter 6230: loss 2.8964, time 2016.01ms, mfu 5.67%
model:LGT723F iter 6240: loss 2.5297, time 2022.35ms, mfu 5.78%
------average encoder activity 0.221
-----------average decoder density 0.5438
step 6250: train loss 2.6533, val loss 2.6627
saving checkpoint to out-novel-char3_LGT723F_d34f65156182c545ea648093d502a95d
done saving checkpoint to out-novel-char3_LGT723F_d34f65156182c545ea648093d502a95d
model:LGT723F iter 6250: loss 2.6010, time 29323.15ms, mfu 5.25%
model:LGT723F iter 6260: loss 2.5712, time 2017.89ms, mfu 5.40%
model:LGT723F iter 6270: loss 2.8861, time 2016.65ms, mfu 5.54%
model:LGT723F iter 6280: loss 2.7167, time 2027.60ms, mfu 5.67%
model:LGT723F iter 6290: loss 2.7803, time 2021.14ms, mfu 5.78%
------average encoder activity 0.223
-----------average decoder density 0.5497
step 6300: train loss 2.6307, val loss 2.6606
saving checkpoint to out-novel-char3_LGT723F_d34f65156182c545ea648093d502a95d
done saving checkpoint to out-novel-char3_LGT723F_d34f65156182c545ea648093d502a95d
model:LGT723F iter 6300: loss 2.5899, time 29859.35ms, mfu 5.25%
model:LGT723F iter 6310: loss 2.6414, time 2023.72ms, mfu 5.40%
model:LGT723F iter 6320: loss 2.2009, time 2021.56ms, mfu 5.54%
model:LGT723F iter 6330: loss 2.7638, time 2023.10ms, mfu 5.66%
model:LGT723F iter 6340: loss 2.6517, time 2017.99ms, mfu 5.78%
------average encoder activity 0.224
-----------average decoder density 0.5422
step 6350: train loss 2.6228, val loss 2.6440
saving checkpoint to out-novel-char3_LGT723F_d34f65156182c545ea648093d502a95d
done saving checkpoint to out-novel-char3_LGT723F_d34f65156182c545ea648093d502a95d
model:LGT723F iter 6350: loss 2.7952, time 29802.43ms, mfu 5.25%
model:LGT723F iter 6360: loss 2.7361, time 2016.45ms, mfu 5.40%
model:LGT723F iter 6370: loss 2.7567, time 2022.03ms, mfu 5.54%
model:LGT723F iter 6380: loss 2.5490, time 2024.83ms, mfu 5.66%
model:LGT723F iter 6390: loss 2.5668, time 2016.57ms, mfu 5.78%
------average encoder activity 0.224
-----------average decoder density 0.5332
step 6400: train loss 2.6448, val loss 2.6415
saving checkpoint to out-novel-char3_LGT723F_d34f65156182c545ea648093d502a95d
done saving checkpoint to out-novel-char3_LGT723F_d34f65156182c545ea648093d502a95d
model:LGT723F iter 6400: loss 2.7898, time 29760.07ms, mfu 5.25%
model:LGT723F iter 6410: loss 2.1841, time 2025.90ms, mfu 5.40%
model:LGT723F iter 6420: loss 2.7654, time 2022.44ms, mfu 5.54%
model:LGT723F iter 6430: loss 2.4858, time 2019.77ms, mfu 5.66%
model:LGT723F iter 6440: loss 2.9599, time 2027.76ms, mfu 5.77%
------average encoder activity 0.224
-----------average decoder density 0.5386
step 6450: train loss 2.6452, val loss 2.6342
saving checkpoint to out-novel-char3_LGT723F_d34f65156182c545ea648093d502a95d
done saving checkpoint to out-novel-char3_LGT723F_d34f65156182c545ea648093d502a95d
model:LGT723F iter 6450: loss 2.3345, time 29463.08ms, mfu 5.24%
model:LGT723F iter 6460: loss 2.4260, time 2025.18ms, mfu 5.40%
model:LGT723F iter 6470: loss 2.6121, time 2026.94ms, mfu 5.53%
model:LGT723F iter 6480: loss 2.8876, time 2025.62ms, mfu 5.66%
model:LGT723F iter 6490: loss 2.8453, time 2015.96ms, mfu 5.77%
------average encoder activity 0.225
-----------average decoder density 0.5779
step 6500: train loss 2.6399, val loss 2.6557
saving checkpoint to out-novel-char3_LGT723F_d34f65156182c545ea648093d502a95d
done saving checkpoint to out-novel-char3_LGT723F_d34f65156182c545ea648093d502a95d
model:LGT723F iter 6500: loss 2.2226, time 29907.43ms, mfu 5.24%
model:LGT723F iter 6510: loss 2.6324, time 2016.67ms, mfu 5.40%
model:LGT723F iter 6520: loss 2.7144, time 2019.18ms, mfu 5.54%
model:LGT723F iter 6530: loss 2.2120, time 2020.13ms, mfu 5.66%
model:LGT723F iter 6540: loss 2.5189, time 2017.04ms, mfu 5.78%
------average encoder activity 0.224
-----------average decoder density 0.5768
step 6550: train loss 2.6226, val loss 2.6649
saving checkpoint to out-novel-char3_LGT723F_d34f65156182c545ea648093d502a95d
done saving checkpoint to out-novel-char3_LGT723F_d34f65156182c545ea648093d502a95d
model:LGT723F iter 6550: loss 2.9251, time 29767.15ms, mfu 5.25%
model:LGT723F iter 6560: loss 2.5152, time 2023.37ms, mfu 5.40%
model:LGT723F iter 6570: loss 2.8495, time 2020.14ms, mfu 5.54%
model:LGT723F iter 6580: loss 2.3491, time 2022.67ms, mfu 5.66%
model:LGT723F iter 6590: loss 2.8228, time 2024.20ms, mfu 5.78%
------average encoder activity 0.225
-----------average decoder density 0.5551
step 6600: train loss 2.6317, val loss 2.6700
saving checkpoint to out-novel-char3_LGT723F_d34f65156182c545ea648093d502a95d
done saving checkpoint to out-novel-char3_LGT723F_d34f65156182c545ea648093d502a95d
model:LGT723F iter 6600: loss 2.9107, time 29757.68ms, mfu 5.24%
model:LGT723F iter 6610: loss 2.8518, time 2022.56ms, mfu 5.40%
model:LGT723F iter 6620: loss 2.4138, time 2024.99ms, mfu 5.54%
model:LGT723F iter 6630: loss 2.4234, time 2020.59ms, mfu 5.66%
model:LGT723F iter 6640: loss 2.5758, time 2016.78ms, mfu 5.78%
------average encoder activity 0.226
-----------average decoder density 0.5574
step 6650: train loss 2.6260, val loss 2.6379
saving checkpoint to out-novel-char3_LGT723F_d34f65156182c545ea648093d502a95d
done saving checkpoint to out-novel-char3_LGT723F_d34f65156182c545ea648093d502a95d
model:LGT723F iter 6650: loss 2.6010, time 29709.57ms, mfu 5.24%
model:LGT723F iter 6660: loss 2.6976, time 2019.60ms, mfu 5.40%
model:LGT723F iter 6670: loss 2.6351, time 2024.68ms, mfu 5.54%
model:LGT723F iter 6680: loss 2.7437, time 2026.09ms, mfu 5.66%
model:LGT723F iter 6690: loss 2.6162, time 2019.05ms, mfu 5.77%
------average encoder activity 0.225
-----------average decoder density 0.5544
step 6700: train loss 2.6163, val loss 2.6191
saving checkpoint to out-novel-char3_LGT723F_d34f65156182c545ea648093d502a95d
done saving checkpoint to out-novel-char3_LGT723F_d34f65156182c545ea648093d502a95d
model:LGT723F iter 6700: loss 2.3111, time 29752.44ms, mfu 5.24%
model:LGT723F iter 6710: loss 2.6662, time 2023.42ms, mfu 5.40%
model:LGT723F iter 6720: loss 2.4144, time 2025.47ms, mfu 5.54%
model:LGT723F iter 6730: loss 2.5433, time 2030.00ms, mfu 5.66%
model:LGT723F iter 6740: loss 2.4499, time 2023.64ms, mfu 5.77%
------average encoder activity 0.226
-----------average decoder density 0.5564
step 6750: train loss 2.5972, val loss 2.6344
saving checkpoint to out-novel-char3_LGT723F_d34f65156182c545ea648093d502a95d
done saving checkpoint to out-novel-char3_LGT723F_d34f65156182c545ea648093d502a95d
model:LGT723F iter 6750: loss 2.6651, time 29697.66ms, mfu 5.24%
model:LGT723F iter 6760: loss 2.5339, time 2021.74ms, mfu 5.39%
model:LGT723F iter 6770: loss 2.7637, time 2020.36ms, mfu 5.53%
model:LGT723F iter 6780: loss 2.9567, time 2022.66ms, mfu 5.66%
model:LGT723F iter 6790: loss 2.5750, time 2015.89ms, mfu 5.77%
------average encoder activity 0.226
-----------average decoder density 0.5414
step 6800: train loss 2.6246, val loss 2.6639
saving checkpoint to out-novel-char3_LGT723F_d34f65156182c545ea648093d502a95d
done saving checkpoint to out-novel-char3_LGT723F_d34f65156182c545ea648093d502a95d
model:LGT723F iter 6800: loss 2.7873, time 29477.92ms, mfu 5.24%
model:LGT723F iter 6810: loss 2.5190, time 2019.93ms, mfu 5.40%
model:LGT723F iter 6820: loss 2.6923, time 2016.70ms, mfu 5.54%
model:LGT723F iter 6830: loss 2.4924, time 2023.77ms, mfu 5.66%
model:LGT723F iter 6840: loss 2.9335, time 2018.45ms, mfu 5.78%
------average encoder activity 0.225
-----------average decoder density 0.5788
step 6850: train loss 2.5894, val loss 2.6445
saving checkpoint to out-novel-char3_LGT723F_d34f65156182c545ea648093d502a95d
done saving checkpoint to out-novel-char3_LGT723F_d34f65156182c545ea648093d502a95d
model:LGT723F iter 6850: loss 2.8848, time 29619.05ms, mfu 5.25%
model:LGT723F iter 6860: loss 2.2521, time 2022.80ms, mfu 5.40%
model:LGT723F iter 6870: loss 2.6274, time 2022.71ms, mfu 5.54%
model:LGT723F iter 6880: loss 2.7338, time 2017.64ms, mfu 5.66%
model:LGT723F iter 6890: loss 2.7689, time 2023.72ms, mfu 5.78%
------average encoder activity 0.226
-----------average decoder density 0.5311
step 6900: train loss 2.6127, val loss 2.6292
saving checkpoint to out-novel-char3_LGT723F_d34f65156182c545ea648093d502a95d
done saving checkpoint to out-novel-char3_LGT723F_d34f65156182c545ea648093d502a95d
model:LGT723F iter 6900: loss 2.1996, time 29676.19ms, mfu 5.24%
model:LGT723F iter 6910: loss 2.7296, time 2011.73ms, mfu 5.40%
model:LGT723F iter 6920: loss 2.5971, time 2021.03ms, mfu 5.54%
model:LGT723F iter 6930: loss 2.7730, time 2022.64ms, mfu 5.67%
model:LGT723F iter 6940: loss 2.9096, time 2021.89ms, mfu 5.78%
------average encoder activity 0.226
-----------average decoder density 0.6155
step 6950: train loss 2.6140, val loss 2.6166
saving checkpoint to out-novel-char3_LGT723F_d34f65156182c545ea648093d502a95d
done saving checkpoint to out-novel-char3_LGT723F_d34f65156182c545ea648093d502a95d
model:LGT723F iter 6950: loss 2.6793, time 29562.10ms, mfu 5.25%
model:LGT723F iter 6960: loss 2.5600, time 2024.16ms, mfu 5.40%
model:LGT723F iter 6970: loss 2.9024, time 2028.75ms, mfu 5.54%
model:LGT723F iter 6980: loss 2.5073, time 2024.16ms, mfu 5.66%
model:LGT723F iter 6990: loss 2.3002, time 2025.22ms, mfu 5.77%
------average encoder activity 0.224
-----------average decoder density 0.5496
step 7000: train loss 2.6021, val loss 2.6230
saving checkpoint to out-novel-char3_LGT723F_d34f65156182c545ea648093d502a95d
done saving checkpoint to out-novel-char3_LGT723F_d34f65156182c545ea648093d502a95d
model:LGT723F iter 7000: loss 2.3235, time 29854.93ms, mfu 5.24%
model:LGT723F iter 7010: loss 2.8538, time 2014.05ms, mfu 5.40%
model:LGT723F iter 7020: loss 2.8694, time 2019.65ms, mfu 5.54%
model:LGT723F iter 7030: loss 2.8088, time 2018.25ms, mfu 5.66%
model:LGT723F iter 7040: loss 2.7638, time 2018.54ms, mfu 5.78%
------average encoder activity 0.224
-----------average decoder density 0.5728
step 7050: train loss 2.6064, val loss 2.6204
saving checkpoint to out-novel-char3_LGT723F_d34f65156182c545ea648093d502a95d
done saving checkpoint to out-novel-char3_LGT723F_d34f65156182c545ea648093d502a95d
model:LGT723F iter 7050: loss 2.5410, time 29564.83ms, mfu 5.25%
model:LGT723F iter 7060: loss 2.7154, time 2024.83ms, mfu 5.40%
model:LGT723F iter 7070: loss 2.5405, time 2034.99ms, mfu 5.53%
model:LGT723F iter 7080: loss 2.4754, time 2022.09ms, mfu 5.66%
model:LGT723F iter 7090: loss 2.5077, time 2029.44ms, mfu 5.77%
------average encoder activity 0.226
-----------average decoder density 0.5746
step 7100: train loss 2.5777, val loss 2.6027
saving checkpoint to out-novel-char3_LGT723F_d34f65156182c545ea648093d502a95d
done saving checkpoint to out-novel-char3_LGT723F_d34f65156182c545ea648093d502a95d
model:LGT723F iter 7100: loss 2.5415, time 29409.25ms, mfu 5.24%
model:LGT723F iter 7110: loss 2.9719, time 2022.40ms, mfu 5.39%
model:LGT723F iter 7120: loss 2.9282, time 2027.78ms, mfu 5.53%
model:LGT723F iter 7130: loss 2.9079, time 2018.09ms, mfu 5.66%
model:LGT723F iter 7140: loss 2.1971, time 2025.33ms, mfu 5.77%
------average encoder activity 0.227
-----------average decoder density 0.5841
step 7150: train loss 2.5876, val loss 2.5914
saving checkpoint to out-novel-char3_LGT723F_d34f65156182c545ea648093d502a95d
done saving checkpoint to out-novel-char3_LGT723F_d34f65156182c545ea648093d502a95d
model:LGT723F iter 7150: loss 2.6383, time 29660.95ms, mfu 5.24%
model:LGT723F iter 7160: loss 2.6288, time 2021.26ms, mfu 5.39%
model:LGT723F iter 7170: loss 2.5201, time 2020.03ms, mfu 5.53%
model:LGT723F iter 7180: loss 2.4979, time 2021.09ms, mfu 5.66%
model:LGT723F iter 7190: loss 2.5717, time 2018.56ms, mfu 5.77%
------average encoder activity 0.227
-----------average decoder density 0.5368
step 7200: train loss 2.5807, val loss 2.5939
saving checkpoint to out-novel-char3_LGT723F_d34f65156182c545ea648093d502a95d
done saving checkpoint to out-novel-char3_LGT723F_d34f65156182c545ea648093d502a95d
model:LGT723F iter 7200: loss 2.8945, time 29878.52ms, mfu 5.24%
model:LGT723F iter 7210: loss 2.4293, time 2020.41ms, mfu 5.40%
model:LGT723F iter 7220: loss 2.4546, time 2025.34ms, mfu 5.54%
model:LGT723F iter 7230: loss 2.4743, time 2016.87ms, mfu 5.66%
model:LGT723F iter 7240: loss 2.9258, time 2017.30ms, mfu 5.78%
------average encoder activity 0.226
-----------average decoder density 0.5279
step 7250: train loss 2.5719, val loss 2.6232
saving checkpoint to out-novel-char3_LGT723F_d34f65156182c545ea648093d502a95d
done saving checkpoint to out-novel-char3_LGT723F_d34f65156182c545ea648093d502a95d
model:LGT723F iter 7250: loss 2.6651, time 29582.84ms, mfu 5.25%
model:LGT723F iter 7260: loss 2.8963, time 2019.26ms, mfu 5.40%
model:LGT723F iter 7270: loss 2.5222, time 2022.73ms, mfu 5.54%
model:LGT723F iter 7280: loss 2.5381, time 2024.55ms, mfu 5.66%
model:LGT723F iter 7290: loss 2.6428, time 2021.79ms, mfu 5.78%
------average encoder activity 0.226
-----------average decoder density 0.5385
step 7300: train loss 2.5776, val loss 2.6009
saving checkpoint to out-novel-char3_LGT723F_d34f65156182c545ea648093d502a95d
done saving checkpoint to out-novel-char3_LGT723F_d34f65156182c545ea648093d502a95d
model:LGT723F iter 7300: loss 2.5688, time 29470.75ms, mfu 5.24%
model:LGT723F iter 7310: loss 3.0655, time 2026.73ms, mfu 5.40%
model:LGT723F iter 7320: loss 2.7139, time 2018.28ms, mfu 5.54%
model:LGT723F iter 7330: loss 2.5223, time 2026.30ms, mfu 5.66%
model:LGT723F iter 7340: loss 2.6251, time 2019.18ms, mfu 5.77%
------average encoder activity 0.228
-----------average decoder density 0.5797
step 7350: train loss 2.5667, val loss 2.5968
saving checkpoint to out-novel-char3_LGT723F_d34f65156182c545ea648093d502a95d
done saving checkpoint to out-novel-char3_LGT723F_d34f65156182c545ea648093d502a95d
model:LGT723F iter 7350: loss 2.5752, time 29658.49ms, mfu 5.24%
model:LGT723F iter 7360: loss 2.5212, time 2016.95ms, mfu 5.40%
model:LGT723F iter 7370: loss 2.2188, time 2017.61ms, mfu 5.54%
model:LGT723F iter 7380: loss 1.9394, time 2014.10ms, mfu 5.67%
model:LGT723F iter 7390: loss 2.7454, time 2014.79ms, mfu 5.78%
------average encoder activity 0.228
-----------average decoder density 0.5506
step 7400: train loss 2.5726, val loss 2.5761
saving checkpoint to out-novel-char3_LGT723F_d34f65156182c545ea648093d502a95d
done saving checkpoint to out-novel-char3_LGT723F_d34f65156182c545ea648093d502a95d
model:LGT723F iter 7400: loss 2.6326, time 29844.70ms, mfu 5.25%
model:LGT723F iter 7410: loss 2.7004, time 2023.38ms, mfu 5.40%
model:LGT723F iter 7420: loss 2.6810, time 2016.09ms, mfu 5.54%
model:LGT723F iter 7430: loss 2.5818, time 2016.10ms, mfu 5.67%
model:LGT723F iter 7440: loss 2.3640, time 2018.46ms, mfu 5.78%
------average encoder activity 0.230
-----------average decoder density 0.5768
step 7450: train loss 2.5429, val loss 2.6035
saving checkpoint to out-novel-char3_LGT723F_d34f65156182c545ea648093d502a95d
done saving checkpoint to out-novel-char3_LGT723F_d34f65156182c545ea648093d502a95d
model:LGT723F iter 7450: loss 2.3856, time 29648.71ms, mfu 5.25%
model:LGT723F iter 7460: loss 2.6242, time 2027.93ms, mfu 5.40%
model:LGT723F iter 7470: loss 2.4295, time 2023.83ms, mfu 5.54%
model:LGT723F iter 7480: loss 2.4219, time 2021.32ms, mfu 5.67%
model:LGT723F iter 7490: loss 2.7436, time 2018.99ms, mfu 5.78%
------average encoder activity 0.233
-----------average decoder density 0.5723
step 7500: train loss 2.5601, val loss 2.5909
saving checkpoint to out-novel-char3_LGT723F_d34f65156182c545ea648093d502a95d
done saving checkpoint to out-novel-char3_LGT723F_d34f65156182c545ea648093d502a95d
model:LGT723F iter 7500: loss 2.3160, time 29840.30ms, mfu 5.25%
model:LGT723F iter 7510: loss 2.5441, time 2019.80ms, mfu 5.40%
model:LGT723F iter 7520: loss 2.5032, time 2017.70ms, mfu 5.54%
model:LGT723F iter 7530: loss 2.6661, time 2020.17ms, mfu 5.67%
model:LGT723F iter 7540: loss 2.5428, time 2018.50ms, mfu 5.78%
------average encoder activity 0.231
-----------average decoder density 0.5867
step 7550: train loss 2.5759, val loss 2.5893
saving checkpoint to out-novel-char3_LGT723F_d34f65156182c545ea648093d502a95d
done saving checkpoint to out-novel-char3_LGT723F_d34f65156182c545ea648093d502a95d
model:LGT723F iter 7550: loss 2.1464, time 29923.09ms, mfu 5.25%
model:LGT723F iter 7560: loss 2.6741, time 2014.25ms, mfu 5.40%
model:LGT723F iter 7570: loss 2.4552, time 2018.90ms, mfu 5.54%
model:LGT723F iter 7580: loss 2.2066, time 2021.92ms, mfu 5.67%
model:LGT723F iter 7590: loss 2.1033, time 2017.08ms, mfu 5.78%
------average encoder activity 0.230
-----------average decoder density 0.5732
step 7600: train loss 2.5560, val loss 2.5805
saving checkpoint to out-novel-char3_LGT723F_d34f65156182c545ea648093d502a95d
done saving checkpoint to out-novel-char3_LGT723F_d34f65156182c545ea648093d502a95d
model:LGT723F iter 7600: loss 2.5281, time 29749.24ms, mfu 5.25%
model:LGT723F iter 7610: loss 2.8073, time 2021.22ms, mfu 5.40%
model:LGT723F iter 7620: loss 2.6392, time 2018.20ms, mfu 5.54%
model:LGT723F iter 7630: loss 2.5329, time 2024.34ms, mfu 5.67%
model:LGT723F iter 7640: loss 2.6921, time 2029.69ms, mfu 5.78%
------average encoder activity 0.230
-----------average decoder density 0.5309
step 7650: train loss 2.5365, val loss 2.5622
saving checkpoint to out-novel-char3_LGT723F_d34f65156182c545ea648093d502a95d
done saving checkpoint to out-novel-char3_LGT723F_d34f65156182c545ea648093d502a95d
model:LGT723F iter 7650: loss 2.3839, time 29475.12ms, mfu 5.25%
model:LGT723F iter 7660: loss 2.4689, time 2021.06ms, mfu 5.40%
model:LGT723F iter 7670: loss 2.5610, time 2016.15ms, mfu 5.54%
model:LGT723F iter 7680: loss 2.8413, time 2023.97ms, mfu 5.66%
model:LGT723F iter 7690: loss 2.4157, time 2014.90ms, mfu 5.78%
------average encoder activity 0.230
-----------average decoder density 0.5296
step 7700: train loss 2.5180, val loss 2.5767
saving checkpoint to out-novel-char3_LGT723F_d34f65156182c545ea648093d502a95d
done saving checkpoint to out-novel-char3_LGT723F_d34f65156182c545ea648093d502a95d
model:LGT723F iter 7700: loss 2.4723, time 29582.02ms, mfu 5.25%
model:LGT723F iter 7710: loss 2.4733, time 2014.20ms, mfu 5.40%
model:LGT723F iter 7720: loss 2.6387, time 2012.98ms, mfu 5.55%
model:LGT723F iter 7730: loss 2.4015, time 2020.64ms, mfu 5.67%
model:LGT723F iter 7740: loss 2.6200, time 2018.64ms, mfu 5.78%
------average encoder activity 0.229
-----------average decoder density 0.5662
step 7750: train loss 2.5398, val loss 2.5969
saving checkpoint to out-novel-char3_LGT723F_d34f65156182c545ea648093d502a95d
done saving checkpoint to out-novel-char3_LGT723F_d34f65156182c545ea648093d502a95d
model:LGT723F iter 7750: loss 2.7924, time 29768.36ms, mfu 5.25%
model:LGT723F iter 7760: loss 2.8183, time 2020.15ms, mfu 5.41%
model:LGT723F iter 7770: loss 2.5198, time 2016.90ms, mfu 5.55%
model:LGT723F iter 7780: loss 2.6972, time 2019.21ms, mfu 5.67%
model:LGT723F iter 7790: loss 2.5266, time 2026.67ms, mfu 5.78%
------average encoder activity 0.231
-----------average decoder density 0.5762
step 7800: train loss 2.5204, val loss 2.5782
saving checkpoint to out-novel-char3_LGT723F_d34f65156182c545ea648093d502a95d
done saving checkpoint to out-novel-char3_LGT723F_d34f65156182c545ea648093d502a95d
model:LGT723F iter 7800: loss 2.7827, time 29757.78ms, mfu 5.25%
model:LGT723F iter 7810: loss 2.2910, time 2028.22ms, mfu 5.40%
model:LGT723F iter 7820: loss 2.5770, time 2024.83ms, mfu 5.54%
model:LGT723F iter 7830: loss 2.6320, time 2026.44ms, mfu 5.66%
model:LGT723F iter 7840: loss 2.5486, time 2021.21ms, mfu 5.77%
------average encoder activity 0.231
-----------average decoder density 0.5360
step 7850: train loss 2.5561, val loss 2.5900
saving checkpoint to out-novel-char3_LGT723F_d34f65156182c545ea648093d502a95d
done saving checkpoint to out-novel-char3_LGT723F_d34f65156182c545ea648093d502a95d
model:LGT723F iter 7850: loss 2.7071, time 29715.67ms, mfu 5.24%
model:LGT723F iter 7860: loss 2.6617, time 2018.53ms, mfu 5.40%
model:LGT723F iter 7870: loss 2.7169, time 2020.20ms, mfu 5.54%
model:LGT723F iter 7880: loss 2.0896, time 2021.28ms, mfu 5.66%
model:LGT723F iter 7890: loss 2.5115, time 2021.95ms, mfu 5.78%
------average encoder activity 0.230
-----------average decoder density 0.5696
step 7900: train loss 2.5152, val loss 2.5668
saving checkpoint to out-novel-char3_LGT723F_d34f65156182c545ea648093d502a95d
done saving checkpoint to out-novel-char3_LGT723F_d34f65156182c545ea648093d502a95d
model:LGT723F iter 7900: loss 2.6772, time 29701.87ms, mfu 5.24%
model:LGT723F iter 7910: loss 2.2792, time 2021.38ms, mfu 5.40%
model:LGT723F iter 7920: loss 2.4348, time 2019.01ms, mfu 5.54%
model:LGT723F iter 7930: loss 2.3817, time 2023.83ms, mfu 5.66%
model:LGT723F iter 7940: loss 2.6696, time 2023.06ms, mfu 5.78%
------average encoder activity 0.231
-----------average decoder density 0.5715
step 7950: train loss 2.5113, val loss 2.5721
saving checkpoint to out-novel-char3_LGT723F_d34f65156182c545ea648093d502a95d
done saving checkpoint to out-novel-char3_LGT723F_d34f65156182c545ea648093d502a95d
model:LGT723F iter 7950: loss 2.4087, time 29765.66ms, mfu 5.24%
model:LGT723F iter 7960: loss 2.5039, time 2019.85ms, mfu 5.40%
model:LGT723F iter 7970: loss 2.6418, time 2012.56ms, mfu 5.54%
model:LGT723F iter 7980: loss 2.3121, time 2018.99ms, mfu 5.67%
model:LGT723F iter 7990: loss 2.2945, time 2011.38ms, mfu 5.78%
------average encoder activity 0.233
-----------average decoder density 0.6009
step 8000: train loss 2.5352, val loss 2.5504
saving checkpoint to out-novel-char3_LGT723F_d34f65156182c545ea648093d502a95d
done saving checkpoint to out-novel-char3_LGT723F_d34f65156182c545ea648093d502a95d
model:LGT723F iter 8000: loss 2.4738, time 29545.79ms, mfu 5.25%
model:LGT723F iter 8010: loss 2.5197, time 2023.93ms, mfu 5.40%
model:LGT723F iter 8020: loss 2.7708, time 2019.75ms, mfu 5.54%
model:LGT723F iter 8030: loss 2.8210, time 2017.20ms, mfu 5.67%
model:LGT723F iter 8040: loss 2.7672, time 2022.71ms, mfu 5.78%
------average encoder activity 0.231
-----------average decoder density 0.5741
step 8050: train loss 2.5223, val loss 2.5566
saving checkpoint to out-novel-char3_LGT723F_d34f65156182c545ea648093d502a95d
done saving checkpoint to out-novel-char3_LGT723F_d34f65156182c545ea648093d502a95d
model:LGT723F iter 8050: loss 2.4236, time 29697.96ms, mfu 5.25%
model:LGT723F iter 8060: loss 2.6083, time 2015.12ms, mfu 5.40%
model:LGT723F iter 8070: loss 2.0218, time 2023.37ms, mfu 5.54%
model:LGT723F iter 8080: loss 2.3380, time 2021.69ms, mfu 5.67%
model:LGT723F iter 8090: loss 2.4987, time 2026.01ms, mfu 5.78%
------average encoder activity 0.231
-----------average decoder density 0.5422
step 8100: train loss 2.5261, val loss 2.5504
saving checkpoint to out-novel-char3_LGT723F_d34f65156182c545ea648093d502a95d
done saving checkpoint to out-novel-char3_LGT723F_d34f65156182c545ea648093d502a95d
model:LGT723F iter 8100: loss 2.6072, time 29800.81ms, mfu 5.25%
model:LGT723F iter 8110: loss 2.3262, time 2020.47ms, mfu 5.40%
model:LGT723F iter 8120: loss 2.8297, time 2020.99ms, mfu 5.54%
model:LGT723F iter 8130: loss 2.3549, time 2027.22ms, mfu 5.66%
model:LGT723F iter 8140: loss 2.7975, time 2018.74ms, mfu 5.78%
------average encoder activity 0.232
-----------average decoder density 0.5726
step 8150: train loss 2.5187, val loss 2.5619
saving checkpoint to out-novel-char3_LGT723F_d34f65156182c545ea648093d502a95d
done saving checkpoint to out-novel-char3_LGT723F_d34f65156182c545ea648093d502a95d
model:LGT723F iter 8150: loss 2.5185, time 29812.94ms, mfu 5.24%
model:LGT723F iter 8160: loss 2.5800, time 2025.30ms, mfu 5.40%
model:LGT723F iter 8170: loss 2.5107, time 2022.33ms, mfu 5.54%
model:LGT723F iter 8180: loss 2.5333, time 2019.53ms, mfu 5.66%
model:LGT723F iter 8190: loss 2.7562, time 2023.79ms, mfu 5.77%
------average encoder activity 0.232
-----------average decoder density 0.5360
step 8200: train loss 2.4782, val loss 2.5557
saving checkpoint to out-novel-char3_LGT723F_d34f65156182c545ea648093d502a95d
done saving checkpoint to out-novel-char3_LGT723F_d34f65156182c545ea648093d502a95d
model:LGT723F iter 8200: loss 2.6220, time 29593.00ms, mfu 5.24%
model:LGT723F iter 8210: loss 2.3541, time 2019.40ms, mfu 5.40%
model:LGT723F iter 8220: loss 2.2018, time 2020.00ms, mfu 5.54%
model:LGT723F iter 8230: loss 2.6911, time 2014.94ms, mfu 5.67%
model:LGT723F iter 8240: loss 2.5008, time 2018.95ms, mfu 5.78%
------average encoder activity 0.232
-----------average decoder density 0.5850
step 8250: train loss 2.4698, val loss 2.5290
saving checkpoint to out-novel-char3_LGT723F_d34f65156182c545ea648093d502a95d
done saving checkpoint to out-novel-char3_LGT723F_d34f65156182c545ea648093d502a95d
model:LGT723F iter 8250: loss 2.5917, time 29582.24ms, mfu 5.25%
model:LGT723F iter 8260: loss 2.7481, time 2023.93ms, mfu 5.40%
model:LGT723F iter 8270: loss 2.6759, time 2017.63ms, mfu 5.54%
model:LGT723F iter 8280: loss 2.8182, time 2023.11ms, mfu 5.67%
model:LGT723F iter 8290: loss 2.1396, time 2019.87ms, mfu 5.78%
------average encoder activity 0.231
-----------average decoder density 0.5304
step 8300: train loss 2.5255, val loss 2.5470
saving checkpoint to out-novel-char3_LGT723F_d34f65156182c545ea648093d502a95d
done saving checkpoint to out-novel-char3_LGT723F_d34f65156182c545ea648093d502a95d
model:LGT723F iter 8300: loss 2.6139, time 29783.41ms, mfu 5.25%
model:LGT723F iter 8310: loss 2.2088, time 2024.57ms, mfu 5.40%
model:LGT723F iter 8320: loss 2.2870, time 2019.67ms, mfu 5.54%
model:LGT723F iter 8330: loss 2.5335, time 2022.51ms, mfu 5.66%
model:LGT723F iter 8340: loss 2.8015, time 2018.89ms, mfu 5.78%
------average encoder activity 0.232
-----------average decoder density 0.5400
step 8350: train loss 2.4763, val loss 2.5415
saving checkpoint to out-novel-char3_LGT723F_d34f65156182c545ea648093d502a95d
done saving checkpoint to out-novel-char3_LGT723F_d34f65156182c545ea648093d502a95d
model:LGT723F iter 8350: loss 2.5746, time 29735.39ms, mfu 5.25%
model:LGT723F iter 8360: loss 2.5311, time 2011.06ms, mfu 5.40%
model:LGT723F iter 8370: loss 2.2931, time 2020.48ms, mfu 5.54%
model:LGT723F iter 8380: loss 2.2297, time 2018.25ms, mfu 5.67%
model:LGT723F iter 8390: loss 2.3283, time 2029.93ms, mfu 5.78%
------average encoder activity 0.233
-----------average decoder density 0.5703
step 8400: train loss 2.4783, val loss 2.5626
saving checkpoint to out-novel-char3_LGT723F_d34f65156182c545ea648093d502a95d
done saving checkpoint to out-novel-char3_LGT723F_d34f65156182c545ea648093d502a95d
model:LGT723F iter 8400: loss 2.5686, time 29733.69ms, mfu 5.25%
model:LGT723F iter 8410: loss 2.4731, time 2024.14ms, mfu 5.40%
model:LGT723F iter 8420: loss 2.7765, time 2020.73ms, mfu 5.54%
model:LGT723F iter 8430: loss 2.6778, time 2018.43ms, mfu 5.66%
model:LGT723F iter 8440: loss 2.4989, time 2025.30ms, mfu 5.78%
------average encoder activity 0.232
-----------average decoder density 0.5459
step 8450: train loss 2.4910, val loss 2.5475
saving checkpoint to out-novel-char3_LGT723F_d34f65156182c545ea648093d502a95d
done saving checkpoint to out-novel-char3_LGT723F_d34f65156182c545ea648093d502a95d
model:LGT723F iter 8450: loss 2.6389, time 29688.31ms, mfu 5.24%
model:LGT723F iter 8460: loss 2.1018, time 2021.96ms, mfu 5.40%
model:LGT723F iter 8470: loss 2.8937, time 2020.56ms, mfu 5.54%
model:LGT723F iter 8480: loss 2.5110, time 2017.31ms, mfu 5.66%
model:LGT723F iter 8490: loss 2.3580, time 2022.37ms, mfu 5.78%
------average encoder activity 0.235
-----------average decoder density 0.5675
step 8500: train loss 2.4792, val loss 2.5494
saving checkpoint to out-novel-char3_LGT723F_d34f65156182c545ea648093d502a95d
done saving checkpoint to out-novel-char3_LGT723F_d34f65156182c545ea648093d502a95d
model:LGT723F iter 8500: loss 2.4151, time 29456.55ms, mfu 5.25%
model:LGT723F iter 8510: loss 2.6329, time 2048.30ms, mfu 5.39%
model:LGT723F iter 8520: loss 2.6558, time 2014.44ms, mfu 5.53%
model:LGT723F iter 8530: loss 2.6840, time 2016.69ms, mfu 5.66%
model:LGT723F iter 8540: loss 2.6030, time 2021.52ms, mfu 5.77%
------average encoder activity 0.234
-----------average decoder density 0.5504
step 8550: train loss 2.5042, val loss 2.5333
saving checkpoint to out-novel-char3_LGT723F_d34f65156182c545ea648093d502a95d
done saving checkpoint to out-novel-char3_LGT723F_d34f65156182c545ea648093d502a95d
model:LGT723F iter 8550: loss 2.5899, time 29712.30ms, mfu 5.24%
model:LGT723F iter 8560: loss 2.4087, time 2025.26ms, mfu 5.40%
model:LGT723F iter 8570: loss 2.7167, time 2017.64ms, mfu 5.54%
model:LGT723F iter 8580: loss 2.6499, time 2022.62ms, mfu 5.66%
model:LGT723F iter 8590: loss 2.2671, time 2025.86ms, mfu 5.77%
------average encoder activity 0.234
-----------average decoder density 0.5355
step 8600: train loss 2.5034, val loss 2.5139
saving checkpoint to out-novel-char3_LGT723F_d34f65156182c545ea648093d502a95d
done saving checkpoint to out-novel-char3_LGT723F_d34f65156182c545ea648093d502a95d
model:LGT723F iter 8600: loss 2.4796, time 29581.12ms, mfu 5.24%
model:LGT723F iter 8610: loss 2.4525, time 2025.11ms, mfu 5.40%
model:LGT723F iter 8620: loss 2.4778, time 2025.43ms, mfu 5.53%
model:LGT723F iter 8630: loss 2.4209, time 2019.44ms, mfu 5.66%
model:LGT723F iter 8640: loss 2.6649, time 2018.12ms, mfu 5.77%
------average encoder activity 0.235
-----------average decoder density 0.5656
step 8650: train loss 2.4974, val loss 2.5189
saving checkpoint to out-novel-char3_LGT723F_d34f65156182c545ea648093d502a95d
done saving checkpoint to out-novel-char3_LGT723F_d34f65156182c545ea648093d502a95d
model:LGT723F iter 8650: loss 2.7341, time 29407.10ms, mfu 5.24%
model:LGT723F iter 8660: loss 2.2697, time 2018.82ms, mfu 5.40%
model:LGT723F iter 8670: loss 2.4699, time 2019.70ms, mfu 5.54%
model:LGT723F iter 8680: loss 2.5720, time 2020.59ms, mfu 5.66%
model:LGT723F iter 8690: loss 2.5087, time 2019.33ms, mfu 5.78%
------average encoder activity 0.236
-----------average decoder density 0.5372
step 8700: train loss 2.4440, val loss 2.5310
saving checkpoint to out-novel-char3_LGT723F_d34f65156182c545ea648093d502a95d
done saving checkpoint to out-novel-char3_LGT723F_d34f65156182c545ea648093d502a95d
model:LGT723F iter 8700: loss 2.5985, time 29758.68ms, mfu 5.25%
model:LGT723F iter 8710: loss 2.5788, time 2022.32ms, mfu 5.40%
model:LGT723F iter 8720: loss 2.3520, time 2018.62ms, mfu 5.54%
model:LGT723F iter 8730: loss 2.4691, time 2024.99ms, mfu 5.66%
model:LGT723F iter 8740: loss 2.5671, time 2019.92ms, mfu 5.78%
------average encoder activity 0.237
-----------average decoder density 0.5374
step 8750: train loss 2.4495, val loss 2.5132
saving checkpoint to out-novel-char3_LGT723F_d34f65156182c545ea648093d502a95d
done saving checkpoint to out-novel-char3_LGT723F_d34f65156182c545ea648093d502a95d
model:LGT723F iter 8750: loss 2.5939, time 29839.78ms, mfu 5.24%
model:LGT723F iter 8760: loss 2.5333, time 2022.13ms, mfu 5.40%
model:LGT723F iter 8770: loss 2.2541, time 2018.89ms, mfu 5.54%
model:LGT723F iter 8780: loss 2.4120, time 2021.88ms, mfu 5.66%
model:LGT723F iter 8790: loss 2.4566, time 2012.47ms, mfu 5.78%
------average encoder activity 0.237
-----------average decoder density 0.5344
step 8800: train loss 2.4562, val loss 2.5295
saving checkpoint to out-novel-char3_LGT723F_d34f65156182c545ea648093d502a95d
done saving checkpoint to out-novel-char3_LGT723F_d34f65156182c545ea648093d502a95d
model:LGT723F iter 8800: loss 2.5145, time 29646.21ms, mfu 5.25%
model:LGT723F iter 8810: loss 2.5410, time 2020.99ms, mfu 5.40%
model:LGT723F iter 8820: loss 2.5865, time 2018.82ms, mfu 5.54%
model:LGT723F iter 8830: loss 2.5473, time 2020.78ms, mfu 5.67%
model:LGT723F iter 8840: loss 2.9099, time 2017.01ms, mfu 5.78%
------average encoder activity 0.239
-----------average decoder density 0.5340
step 8850: train loss 2.4496, val loss 2.4908
saving checkpoint to out-novel-char3_LGT723F_d34f65156182c545ea648093d502a95d
done saving checkpoint to out-novel-char3_LGT723F_d34f65156182c545ea648093d502a95d
model:LGT723F iter 8850: loss 2.5166, time 29543.64ms, mfu 5.25%
model:LGT723F iter 8860: loss 2.2008, time 2023.34ms, mfu 5.40%
model:LGT723F iter 8870: loss 2.5575, time 2030.03ms, mfu 5.54%
model:LGT723F iter 8880: loss 2.4418, time 2018.97ms, mfu 5.66%
model:LGT723F iter 8890: loss 2.0868, time 2025.04ms, mfu 5.78%
------average encoder activity 0.239
-----------average decoder density 0.5339
step 8900: train loss 2.4600, val loss 2.5009
saving checkpoint to out-novel-char3_LGT723F_d34f65156182c545ea648093d502a95d
done saving checkpoint to out-novel-char3_LGT723F_d34f65156182c545ea648093d502a95d
model:LGT723F iter 8900: loss 2.3573, time 29831.29ms, mfu 5.24%
model:LGT723F iter 8910: loss 2.4334, time 2027.24ms, mfu 5.40%
model:LGT723F iter 8920: loss 2.6909, time 2016.05ms, mfu 5.54%
model:LGT723F iter 8930: loss 2.6402, time 2020.36ms, mfu 5.66%
model:LGT723F iter 8940: loss 2.4803, time 2022.19ms, mfu 5.78%
------average encoder activity 0.240
-----------average decoder density 0.5450
step 8950: train loss 2.4596, val loss 2.4788
saving checkpoint to out-novel-char3_LGT723F_d34f65156182c545ea648093d502a95d
done saving checkpoint to out-novel-char3_LGT723F_d34f65156182c545ea648093d502a95d
model:LGT723F iter 8950: loss 2.2997, time 29702.38ms, mfu 5.24%
model:LGT723F iter 8960: loss 2.4945, time 2027.85ms, mfu 5.40%
model:LGT723F iter 8970: loss 2.3614, time 2019.91ms, mfu 5.54%
model:LGT723F iter 8980: loss 2.5217, time 2013.64ms, mfu 5.66%
model:LGT723F iter 8990: loss 2.6103, time 2029.62ms, mfu 5.77%
------average encoder activity 0.240
-----------average decoder density 0.5215
step 9000: train loss 2.4625, val loss 2.4761
saving checkpoint to out-novel-char3_LGT723F_d34f65156182c545ea648093d502a95d
done saving checkpoint to out-novel-char3_LGT723F_d34f65156182c545ea648093d502a95d
model:LGT723F iter 9000: loss 2.3619, time 29724.87ms, mfu 5.24%
model:LGT723F iter 9010: loss 2.4934, time 2018.44ms, mfu 5.40%
model:LGT723F iter 9020: loss 2.2054, time 2017.84ms, mfu 5.54%
model:LGT723F iter 9030: loss 2.5872, time 2021.80ms, mfu 5.66%
model:LGT723F iter 9040: loss 2.4226, time 2023.36ms, mfu 5.78%
------average encoder activity 0.240
-----------average decoder density 0.5269
step 9050: train loss 2.4598, val loss 2.5047
saving checkpoint to out-novel-char3_LGT723F_d34f65156182c545ea648093d502a95d
done saving checkpoint to out-novel-char3_LGT723F_d34f65156182c545ea648093d502a95d
model:LGT723F iter 9050: loss 2.2629, time 29658.46ms, mfu 5.24%
model:LGT723F iter 9060: loss 2.7641, time 2018.23ms, mfu 5.40%
model:LGT723F iter 9070: loss 2.2873, time 2019.03ms, mfu 5.54%
model:LGT723F iter 9080: loss 2.8101, time 2014.46ms, mfu 5.67%
model:LGT723F iter 9090: loss 2.3133, time 2023.09ms, mfu 5.78%
------average encoder activity 0.241
-----------average decoder density 0.5557
step 9100: train loss 2.4628, val loss 2.5058
saving checkpoint to out-novel-char3_LGT723F_d34f65156182c545ea648093d502a95d
done saving checkpoint to out-novel-char3_LGT723F_d34f65156182c545ea648093d502a95d
model:LGT723F iter 9100: loss 2.4447, time 29861.21ms, mfu 5.25%
model:LGT723F iter 9110: loss 2.6872, time 2018.95ms, mfu 5.40%
model:LGT723F iter 9120: loss 2.4642, time 2022.73ms, mfu 5.54%
model:LGT723F iter 9130: loss 2.5158, time 2012.59ms, mfu 5.67%
model:LGT723F iter 9140: loss 2.3358, time 2015.34ms, mfu 5.78%
------average encoder activity 0.240
-----------average decoder density 0.5244
step 9150: train loss 2.4461, val loss 2.4936
saving checkpoint to out-novel-char3_LGT723F_d34f65156182c545ea648093d502a95d
done saving checkpoint to out-novel-char3_LGT723F_d34f65156182c545ea648093d502a95d
model:LGT723F iter 9150: loss 2.3979, time 29846.42ms, mfu 5.25%
model:LGT723F iter 9160: loss 2.5134, time 2019.26ms, mfu 5.40%
model:LGT723F iter 9170: loss 2.4710, time 2012.56ms, mfu 5.55%
model:LGT723F iter 9180: loss 2.7349, time 2029.78ms, mfu 5.67%
model:LGT723F iter 9190: loss 2.6624, time 2021.57ms, mfu 5.78%
------average encoder activity 0.239
-----------average decoder density 0.5672
step 9200: train loss 2.4474, val loss 2.4992
saving checkpoint to out-novel-char3_LGT723F_d34f65156182c545ea648093d502a95d
done saving checkpoint to out-novel-char3_LGT723F_d34f65156182c545ea648093d502a95d
model:LGT723F iter 9200: loss 2.3846, time 29270.81ms, mfu 5.25%
model:LGT723F iter 9210: loss 2.7308, time 2022.98ms, mfu 5.40%
model:LGT723F iter 9220: loss 2.5457, time 2022.70ms, mfu 5.54%
model:LGT723F iter 9230: loss 2.3899, time 2016.12ms, mfu 5.67%
model:LGT723F iter 9240: loss 2.5464, time 2022.27ms, mfu 5.78%
------average encoder activity 0.241
-----------average decoder density 0.5378
step 9250: train loss 2.4529, val loss 2.5042
saving checkpoint to out-novel-char3_LGT723F_d34f65156182c545ea648093d502a95d
done saving checkpoint to out-novel-char3_LGT723F_d34f65156182c545ea648093d502a95d
model:LGT723F iter 9250: loss 2.5176, time 29643.44ms, mfu 5.25%
model:LGT723F iter 9260: loss 2.2698, time 2021.86ms, mfu 5.40%
model:LGT723F iter 9270: loss 2.0678, time 2015.89ms, mfu 5.54%
model:LGT723F iter 9280: loss 2.4315, time 2022.60ms, mfu 5.67%
model:LGT723F iter 9290: loss 2.6284, time 2019.43ms, mfu 5.78%
------average encoder activity 0.241
-----------average decoder density 0.5271
step 9300: train loss 2.4169, val loss 2.4867
saving checkpoint to out-novel-char3_LGT723F_d34f65156182c545ea648093d502a95d
done saving checkpoint to out-novel-char3_LGT723F_d34f65156182c545ea648093d502a95d
model:LGT723F iter 9300: loss 2.5572, time 29826.46ms, mfu 5.25%
model:LGT723F iter 9310: loss 2.3843, time 2017.04ms, mfu 5.40%
model:LGT723F iter 9320: loss 2.6967, time 2025.75ms, mfu 5.54%
model:LGT723F iter 9330: loss 2.6075, time 2021.79ms, mfu 5.67%
model:LGT723F iter 9340: loss 2.7625, time 2027.98ms, mfu 5.78%
------average encoder activity 0.242
-----------average decoder density 0.5241
step 9350: train loss 2.4444, val loss 2.4870
saving checkpoint to out-novel-char3_LGT723F_d34f65156182c545ea648093d502a95d
done saving checkpoint to out-novel-char3_LGT723F_d34f65156182c545ea648093d502a95d
model:LGT723F iter 9350: loss 1.9040, time 29712.48ms, mfu 5.24%
model:LGT723F iter 9360: loss 2.6621, time 2018.78ms, mfu 5.40%
model:LGT723F iter 9370: loss 2.5477, time 2020.47ms, mfu 5.54%
model:LGT723F iter 9380: loss 2.1832, time 2020.99ms, mfu 5.66%
model:LGT723F iter 9390: loss 2.1833, time 2020.78ms, mfu 5.78%
------average encoder activity 0.242
-----------average decoder density 0.5242
step 9400: train loss 2.4360, val loss 2.4745
saving checkpoint to out-novel-char3_LGT723F_d34f65156182c545ea648093d502a95d
done saving checkpoint to out-novel-char3_LGT723F_d34f65156182c545ea648093d502a95d
model:LGT723F iter 9400: loss 2.4467, time 29677.31ms, mfu 5.25%
model:LGT723F iter 9410: loss 2.3910, time 2021.05ms, mfu 5.40%
model:LGT723F iter 9420: loss 2.2983, time 2016.09ms, mfu 5.54%
model:LGT723F iter 9430: loss 2.7594, time 2020.92ms, mfu 5.67%
model:LGT723F iter 9440: loss 2.2601, time 2022.29ms, mfu 5.78%
------average encoder activity 0.242
-----------average decoder density 0.5161
step 9450: train loss 2.4303, val loss 2.4845
saving checkpoint to out-novel-char3_LGT723F_d34f65156182c545ea648093d502a95d
done saving checkpoint to out-novel-char3_LGT723F_d34f65156182c545ea648093d502a95d
model:LGT723F iter 9450: loss 2.1242, time 29681.84ms, mfu 5.25%
model:LGT723F iter 9460: loss 2.6987, time 2021.82ms, mfu 5.40%
model:LGT723F iter 9470: loss 2.5277, time 2016.81ms, mfu 5.54%
model:LGT723F iter 9480: loss 2.6247, time 2018.33ms, mfu 5.67%
model:LGT723F iter 9490: loss 2.2917, time 2024.21ms, mfu 5.78%
------average encoder activity 0.242
-----------average decoder density 0.5258
step 9500: train loss 2.4309, val loss 2.4892
saving checkpoint to out-novel-char3_LGT723F_d34f65156182c545ea648093d502a95d
done saving checkpoint to out-novel-char3_LGT723F_d34f65156182c545ea648093d502a95d
model:LGT723F iter 9500: loss 2.3912, time 29716.44ms, mfu 5.25%
model:LGT723F iter 9510: loss 2.6138, time 2025.49ms, mfu 5.40%
model:LGT723F iter 9520: loss 2.6433, time 2022.34ms, mfu 5.54%
model:LGT723F iter 9530: loss 2.5397, time 2018.44ms, mfu 5.66%
model:LGT723F iter 9540: loss 2.5456, time 2021.03ms, mfu 5.78%
------average encoder activity 0.243
-----------average decoder density 0.5261
step 9550: train loss 2.4084, val loss 2.4791
saving checkpoint to out-novel-char3_LGT723F_d34f65156182c545ea648093d502a95d
done saving checkpoint to out-novel-char3_LGT723F_d34f65156182c545ea648093d502a95d
model:LGT723F iter 9550: loss 2.4264, time 29716.76ms, mfu 5.25%
model:LGT723F iter 9560: loss 2.1012, time 2021.77ms, mfu 5.40%
model:LGT723F iter 9570: loss 2.6502, time 2027.67ms, mfu 5.54%
model:LGT723F iter 9580: loss 2.4320, time 2018.76ms, mfu 5.66%
model:LGT723F iter 9590: loss 2.7450, time 2022.36ms, mfu 5.78%
------average encoder activity 0.244
-----------average decoder density 0.5193
step 9600: train loss 2.4364, val loss 2.4627
saving checkpoint to out-novel-char3_LGT723F_d34f65156182c545ea648093d502a95d
done saving checkpoint to out-novel-char3_LGT723F_d34f65156182c545ea648093d502a95d
model:LGT723F iter 9600: loss 2.6208, time 29522.52ms, mfu 5.24%
model:LGT723F iter 9610: loss 2.5455, time 2025.81ms, mfu 5.40%
model:LGT723F iter 9620: loss 2.3696, time 2025.08ms, mfu 5.54%
model:LGT723F iter 9630: loss 2.7356, time 2020.35ms, mfu 5.66%
model:LGT723F iter 9640: loss 2.4939, time 2025.51ms, mfu 5.77%
------average encoder activity 0.245
-----------average decoder density 0.5628
step 9650: train loss 2.3990, val loss 2.4564
saving checkpoint to out-novel-char3_LGT723F_d34f65156182c545ea648093d502a95d
done saving checkpoint to out-novel-char3_LGT723F_d34f65156182c545ea648093d502a95d
model:LGT723F iter 9650: loss 2.4341, time 29633.87ms, mfu 5.24%
model:LGT723F iter 9660: loss 2.5454, time 2016.04ms, mfu 5.40%
model:LGT723F iter 9670: loss 2.1633, time 2021.22ms, mfu 5.54%
model:LGT723F iter 9680: loss 2.1399, time 2018.63ms, mfu 5.66%
model:LGT723F iter 9690: loss 2.5318, time 2022.02ms, mfu 5.78%
------average encoder activity 0.245
-----------average decoder density 0.5261
step 9700: train loss 2.4139, val loss 2.5018
saving checkpoint to out-novel-char3_LGT723F_d34f65156182c545ea648093d502a95d
done saving checkpoint to out-novel-char3_LGT723F_d34f65156182c545ea648093d502a95d
model:LGT723F iter 9700: loss 2.4479, time 29717.63ms, mfu 5.24%
model:LGT723F iter 9710: loss 2.4683, time 2013.78ms, mfu 5.40%
model:LGT723F iter 9720: loss 2.2399, time 2015.78ms, mfu 5.54%
model:LGT723F iter 9730: loss 2.2676, time 2019.10ms, mfu 5.67%
model:LGT723F iter 9740: loss 1.9579, time 2022.47ms, mfu 5.78%
------average encoder activity 0.245
-----------average decoder density 0.5164
step 9750: train loss 2.4288, val loss 2.4719
saving checkpoint to out-novel-char3_LGT723F_d34f65156182c545ea648093d502a95d
done saving checkpoint to out-novel-char3_LGT723F_d34f65156182c545ea648093d502a95d
model:LGT723F iter 9750: loss 2.3535, time 29697.60ms, mfu 5.25%
model:LGT723F iter 9760: loss 2.4267, time 2018.91ms, mfu 5.40%
model:LGT723F iter 9770: loss 2.6202, time 2016.55ms, mfu 5.54%
model:LGT723F iter 9780: loss 1.9275, time 2018.59ms, mfu 5.67%
model:LGT723F iter 9790: loss 2.2543, time 2019.25ms, mfu 5.78%
------average encoder activity 0.244
-----------average decoder density 0.5636
step 9800: train loss 2.4196, val loss 2.4752
saving checkpoint to out-novel-char3_LGT723F_d34f65156182c545ea648093d502a95d
done saving checkpoint to out-novel-char3_LGT723F_d34f65156182c545ea648093d502a95d
model:LGT723F iter 9800: loss 2.1586, time 29566.57ms, mfu 5.25%
model:LGT723F iter 9810: loss 2.6183, time 2017.45ms, mfu 5.41%
model:LGT723F iter 9820: loss 2.4297, time 2017.35ms, mfu 5.54%
model:LGT723F iter 9830: loss 2.3072, time 2022.21ms, mfu 5.67%
model:LGT723F iter 9840: loss 2.1761, time 2017.63ms, mfu 5.78%
------average encoder activity 0.245
-----------average decoder density 0.5420
step 9850: train loss 2.4049, val loss 2.4485
saving checkpoint to out-novel-char3_LGT723F_d34f65156182c545ea648093d502a95d
done saving checkpoint to out-novel-char3_LGT723F_d34f65156182c545ea648093d502a95d
model:LGT723F iter 9850: loss 2.5399, time 29677.19ms, mfu 5.25%
model:LGT723F iter 9860: loss 2.7316, time 2019.65ms, mfu 5.40%
model:LGT723F iter 9870: loss 2.5602, time 2025.24ms, mfu 5.54%
model:LGT723F iter 9880: loss 2.4120, time 2026.15ms, mfu 5.67%
model:LGT723F iter 9890: loss 2.6637, time 2017.49ms, mfu 5.78%
------average encoder activity 0.246
-----------average decoder density 0.5620
step 9900: train loss 2.4022, val loss 2.4442
saving checkpoint to out-novel-char3_LGT723F_d34f65156182c545ea648093d502a95d
done saving checkpoint to out-novel-char3_LGT723F_d34f65156182c545ea648093d502a95d
model:LGT723F iter 9900: loss 2.4590, time 29750.26ms, mfu 5.25%
model:LGT723F iter 9910: loss 2.4706, time 2018.19ms, mfu 5.40%
model:LGT723F iter 9920: loss 2.5590, time 2024.16ms, mfu 5.54%
model:LGT723F iter 9930: loss 2.7285, time 2024.85ms, mfu 5.66%
model:LGT723F iter 9940: loss 2.5223, time 2023.11ms, mfu 5.78%
------average encoder activity 0.246
-----------average decoder density 0.5621
step 9950: train loss 2.4105, val loss 2.4325
saving checkpoint to out-novel-char3_LGT723F_d34f65156182c545ea648093d502a95d
done saving checkpoint to out-novel-char3_LGT723F_d34f65156182c545ea648093d502a95d
model:LGT723F iter 9950: loss 2.8126, time 30168.84ms, mfu 5.24%
model:LGT723F iter 9960: loss 2.2700, time 2022.14ms, mfu 5.40%
model:LGT723F iter 9970: loss 2.5872, time 2021.46ms, mfu 5.54%
model:LGT723F iter 9980: loss 2.4824, time 2017.66ms, mfu 5.66%
model:LGT723F iter 9990: loss 2.4423, time 2020.27ms, mfu 5.78%
------average encoder activity 0.245
-----------average decoder density 0.5325
step 10000: train loss 2.3995, val loss 2.4396
saving checkpoint to out-novel-char3_LGT723F_d34f65156182c545ea648093d502a95d
done saving checkpoint to out-novel-char3_LGT723F_d34f65156182c545ea648093d502a95d
model:LGT723F iter 10000: loss 2.2631, time 29541.87ms, mfu 5.25%
model:LGT723F iter 10010: loss 2.3837, time 2020.42ms, mfu 5.40%
model:LGT723F iter 10020: loss 2.4706, time 2021.04ms, mfu 5.54%
model:LGT723F iter 10030: loss 2.1137, time 2023.53ms, mfu 5.66%
model:LGT723F iter 10040: loss 2.7523, time 2022.34ms, mfu 5.78%
------average encoder activity 0.247
-----------average decoder density 0.5895
step 10050: train loss 2.3622, val loss 2.4713
saving checkpoint to out-novel-char3_LGT723F_d34f65156182c545ea648093d502a95d
done saving checkpoint to out-novel-char3_LGT723F_d34f65156182c545ea648093d502a95d
model:LGT723F iter 10050: loss 2.4540, time 29643.15ms, mfu 5.24%
model:LGT723F iter 10060: loss 2.5811, time 2018.96ms, mfu 5.40%
model:LGT723F iter 10070: loss 2.2652, time 2020.35ms, mfu 5.54%
model:LGT723F iter 10080: loss 2.6647, time 2022.05ms, mfu 5.66%
model:LGT723F iter 10090: loss 2.3924, time 2019.13ms, mfu 5.78%
------average encoder activity 0.247
-----------average decoder density 0.5921
step 10100: train loss 2.3841, val loss 2.4200
saving checkpoint to out-novel-char3_LGT723F_d34f65156182c545ea648093d502a95d
done saving checkpoint to out-novel-char3_LGT723F_d34f65156182c545ea648093d502a95d
model:LGT723F iter 10100: loss 2.2989, time 29814.35ms, mfu 5.25%
model:LGT723F iter 10110: loss 2.3801, time 2021.22ms, mfu 5.40%
model:LGT723F iter 10120: loss 2.1920, time 2023.73ms, mfu 5.54%
model:LGT723F iter 10130: loss 2.5829, time 2019.02ms, mfu 5.66%
model:LGT723F iter 10140: loss 2.3430, time 2015.93ms, mfu 5.78%
------average encoder activity 0.251
-----------average decoder density 0.5499
step 10150: train loss 2.4207, val loss 2.4562
saving checkpoint to out-novel-char3_LGT723F_d34f65156182c545ea648093d502a95d
done saving checkpoint to out-novel-char3_LGT723F_d34f65156182c545ea648093d502a95d
model:LGT723F iter 10150: loss 2.3237, time 29827.28ms, mfu 5.25%
model:LGT723F iter 10160: loss 2.3559, time 2018.36ms, mfu 5.40%
model:LGT723F iter 10170: loss 2.2380, time 2025.02ms, mfu 5.54%
model:LGT723F iter 10180: loss 2.6414, time 2027.38ms, mfu 5.66%
model:LGT723F iter 10190: loss 2.4038, time 2020.85ms, mfu 5.78%
------average encoder activity 0.251
-----------average decoder density 0.5212
step 10200: train loss 2.3983, val loss 2.4285
saving checkpoint to out-novel-char3_LGT723F_d34f65156182c545ea648093d502a95d
done saving checkpoint to out-novel-char3_LGT723F_d34f65156182c545ea648093d502a95d
model:LGT723F iter 10200: loss 2.4473, time 29789.19ms, mfu 5.24%
model:LGT723F iter 10210: loss 2.3881, time 2015.30ms, mfu 5.40%
model:LGT723F iter 10220: loss 2.3525, time 2018.79ms, mfu 5.54%
model:LGT723F iter 10230: loss 2.2696, time 2022.62ms, mfu 5.66%
model:LGT723F iter 10240: loss 2.6138, time 2019.77ms, mfu 5.78%
------average encoder activity 0.251
-----------average decoder density 0.5356
step 10250: train loss 2.4080, val loss 2.4467
saving checkpoint to out-novel-char3_LGT723F_d34f65156182c545ea648093d502a95d
done saving checkpoint to out-novel-char3_LGT723F_d34f65156182c545ea648093d502a95d
model:LGT723F iter 10250: loss 2.1852, time 29668.81ms, mfu 5.25%
model:LGT723F iter 10260: loss 2.5492, time 2023.25ms, mfu 5.40%
model:LGT723F iter 10270: loss 2.4013, time 2024.66ms, mfu 5.54%
model:LGT723F iter 10280: loss 1.9820, time 2022.00ms, mfu 5.66%
model:LGT723F iter 10290: loss 2.4296, time 2020.84ms, mfu 5.78%
------average encoder activity 0.250
-----------average decoder density 0.5396
step 10300: train loss 2.3741, val loss 2.4422
saving checkpoint to out-novel-char3_LGT723F_d34f65156182c545ea648093d502a95d
done saving checkpoint to out-novel-char3_LGT723F_d34f65156182c545ea648093d502a95d
model:LGT723F iter 10300: loss 2.2545, time 29611.96ms, mfu 5.24%
model:LGT723F iter 10310: loss 2.3691, time 2021.55ms, mfu 5.40%
model:LGT723F iter 10320: loss 2.3359, time 2021.41ms, mfu 5.54%
model:LGT723F iter 10330: loss 2.4876, time 2018.21ms, mfu 5.66%
model:LGT723F iter 10340: loss 2.3666, time 2020.78ms, mfu 5.78%
------average encoder activity 0.249
-----------average decoder density 0.5342
step 10350: train loss 2.3899, val loss 2.4257
saving checkpoint to out-novel-char3_LGT723F_d34f65156182c545ea648093d502a95d
done saving checkpoint to out-novel-char3_LGT723F_d34f65156182c545ea648093d502a95d
model:LGT723F iter 10350: loss 2.2464, time 29762.76ms, mfu 5.25%
model:LGT723F iter 10360: loss 2.5538, time 2023.34ms, mfu 5.40%
model:LGT723F iter 10370: loss 2.2483, time 2019.91ms, mfu 5.54%
model:LGT723F iter 10380: loss 2.0787, time 2017.68ms, mfu 5.66%
model:LGT723F iter 10390: loss 2.5594, time 2015.84ms, mfu 5.78%
------average encoder activity 0.249
-----------average decoder density 0.5294
step 10400: train loss 2.3768, val loss 2.4500
saving checkpoint to out-novel-char3_LGT723F_d34f65156182c545ea648093d502a95d
done saving checkpoint to out-novel-char3_LGT723F_d34f65156182c545ea648093d502a95d
model:LGT723F iter 10400: loss 2.5368, time 29760.61ms, mfu 5.25%
model:LGT723F iter 10410: loss 2.4028, time 2018.48ms, mfu 5.40%
model:LGT723F iter 10420: loss 2.0936, time 2020.21ms, mfu 5.54%
model:LGT723F iter 10430: loss 2.2213, time 2019.38ms, mfu 5.67%
model:LGT723F iter 10440: loss 2.7464, time 2018.73ms, mfu 5.78%
------average encoder activity 0.250
-----------average decoder density 0.5242
step 10450: train loss 2.3744, val loss 2.4545
saving checkpoint to out-novel-char3_LGT723F_d34f65156182c545ea648093d502a95d
done saving checkpoint to out-novel-char3_LGT723F_d34f65156182c545ea648093d502a95d
model:LGT723F iter 10450: loss 2.4148, time 29682.09ms, mfu 5.25%
model:LGT723F iter 10460: loss 2.2726, time 2011.96ms, mfu 5.41%
model:LGT723F iter 10470: loss 2.7024, time 2020.84ms, mfu 5.54%
model:LGT723F iter 10480: loss 2.2722, time 2021.99ms, mfu 5.67%
model:LGT723F iter 10490: loss 2.5452, time 2025.11ms, mfu 5.78%
------average encoder activity 0.252
-----------average decoder density 0.5219
step 10500: train loss 2.3741, val loss 2.4463
saving checkpoint to out-novel-char3_LGT723F_d34f65156182c545ea648093d502a95d
done saving checkpoint to out-novel-char3_LGT723F_d34f65156182c545ea648093d502a95d
model:LGT723F iter 10500: loss 2.1908, time 29588.35ms, mfu 5.25%
model:LGT723F iter 10510: loss 2.2314, time 2026.66ms, mfu 5.40%
model:LGT723F iter 10520: loss 2.4921, time 2020.67ms, mfu 5.54%
model:LGT723F iter 10530: loss 2.4792, time 2022.35ms, mfu 5.66%
model:LGT723F iter 10540: loss 2.0666, time 2016.87ms, mfu 5.78%
------average encoder activity 0.252
-----------average decoder density 0.5683
step 10550: train loss 2.3738, val loss 2.4288
saving checkpoint to out-novel-char3_LGT723F_d34f65156182c545ea648093d502a95d
done saving checkpoint to out-novel-char3_LGT723F_d34f65156182c545ea648093d502a95d
model:LGT723F iter 10550: loss 2.3209, time 29624.39ms, mfu 5.25%
model:LGT723F iter 10560: loss 2.4354, time 2028.27ms, mfu 5.40%
model:LGT723F iter 10570: loss 2.5991, time 2020.51ms, mfu 5.54%
model:LGT723F iter 10580: loss 2.4205, time 2015.27ms, mfu 5.67%
model:LGT723F iter 10590: loss 2.2781, time 2026.59ms, mfu 5.78%
------average encoder activity 0.252
-----------average decoder density 0.5231
step 10600: train loss 2.3790, val loss 2.4164
saving checkpoint to out-novel-char3_LGT723F_d34f65156182c545ea648093d502a95d
done saving checkpoint to out-novel-char3_LGT723F_d34f65156182c545ea648093d502a95d
model:LGT723F iter 10600: loss 2.5464, time 29749.32ms, mfu 5.24%
model:LGT723F iter 10610: loss 2.1905, time 2025.15ms, mfu 5.40%
model:LGT723F iter 10620: loss 2.3352, time 2023.11ms, mfu 5.54%
model:LGT723F iter 10630: loss 2.3471, time 2029.68ms, mfu 5.66%
model:LGT723F iter 10640: loss 2.2797, time 2022.15ms, mfu 5.77%
------average encoder activity 0.253
-----------average decoder density 0.5344
step 10650: train loss 2.3570, val loss 2.4146
saving checkpoint to out-novel-char3_LGT723F_d34f65156182c545ea648093d502a95d
done saving checkpoint to out-novel-char3_LGT723F_d34f65156182c545ea648093d502a95d
model:LGT723F iter 10650: loss 2.3441, time 29622.69ms, mfu 5.24%
model:LGT723F iter 10660: loss 2.1018, time 2025.24ms, mfu 5.39%
model:LGT723F iter 10670: loss 2.4985, time 2020.24ms, mfu 5.53%
model:LGT723F iter 10680: loss 2.3146, time 2028.14ms, mfu 5.66%
model:LGT723F iter 10690: loss 2.0916, time 2022.65ms, mfu 5.77%
------average encoder activity 0.254
-----------average decoder density 0.5340
step 10700: train loss 2.3597, val loss 2.4362
saving checkpoint to out-novel-char3_LGT723F_d34f65156182c545ea648093d502a95d
done saving checkpoint to out-novel-char3_LGT723F_d34f65156182c545ea648093d502a95d
model:LGT723F iter 10700: loss 2.5467, time 29593.38ms, mfu 5.24%
model:LGT723F iter 10710: loss 2.7692, time 2020.77ms, mfu 5.39%
model:LGT723F iter 10720: loss 2.5466, time 2026.96ms, mfu 5.53%
model:LGT723F iter 10730: loss 2.5656, time 2031.62ms, mfu 5.65%
model:LGT723F iter 10740: loss 2.4141, time 2024.35ms, mfu 5.77%
------average encoder activity 0.255
-----------average decoder density 0.5240
step 10750: train loss 2.3857, val loss 2.4276
saving checkpoint to out-novel-char3_LGT723F_d34f65156182c545ea648093d502a95d
done saving checkpoint to out-novel-char3_LGT723F_d34f65156182c545ea648093d502a95d
model:LGT723F iter 10750: loss 2.3350, time 29776.87ms, mfu 5.24%
model:LGT723F iter 10760: loss 2.3288, time 2018.36ms, mfu 5.39%
model:LGT723F iter 10770: loss 2.6198, time 2018.16ms, mfu 5.53%
model:LGT723F iter 10780: loss 2.0790, time 2020.06ms, mfu 5.66%
model:LGT723F iter 10790: loss 2.0096, time 2019.61ms, mfu 5.77%
------average encoder activity 0.257
-----------average decoder density 0.5280
step 10800: train loss 2.3332, val loss 2.4181
saving checkpoint to out-novel-char3_LGT723F_d34f65156182c545ea648093d502a95d
done saving checkpoint to out-novel-char3_LGT723F_d34f65156182c545ea648093d502a95d
model:LGT723F iter 10800: loss 2.2483, time 29636.61ms, mfu 5.24%
model:LGT723F iter 10810: loss 2.5217, time 2019.31ms, mfu 5.40%
model:LGT723F iter 10820: loss 2.4771, time 2013.95ms, mfu 5.54%
model:LGT723F iter 10830: loss 2.5652, time 2017.62ms, mfu 5.67%
model:LGT723F iter 10840: loss 2.7257, time 2024.62ms, mfu 5.78%
------average encoder activity 0.256
-----------average decoder density 0.5164
step 10850: train loss 2.3371, val loss 2.4140
saving checkpoint to out-novel-char3_LGT723F_d34f65156182c545ea648093d502a95d
done saving checkpoint to out-novel-char3_LGT723F_d34f65156182c545ea648093d502a95d
model:LGT723F iter 10850: loss 2.3685, time 29592.31ms, mfu 5.25%
model:LGT723F iter 10860: loss 2.0772, time 2014.25ms, mfu 5.40%
model:LGT723F iter 10870: loss 2.5560, time 2021.39ms, mfu 5.54%
model:LGT723F iter 10880: loss 2.3629, time 2016.12ms, mfu 5.67%
model:LGT723F iter 10890: loss 2.4927, time 2019.70ms, mfu 5.78%
------average encoder activity 0.256
-----------average decoder density 0.5561
step 10900: train loss 2.3542, val loss 2.4458
saving checkpoint to out-novel-char3_LGT723F_d34f65156182c545ea648093d502a95d
done saving checkpoint to out-novel-char3_LGT723F_d34f65156182c545ea648093d502a95d
model:LGT723F iter 10900: loss 1.9252, time 29645.79ms, mfu 5.25%
model:LGT723F iter 10910: loss 2.4471, time 2026.28ms, mfu 5.40%
model:LGT723F iter 10920: loss 2.5825, time 2020.14ms, mfu 5.54%
model:LGT723F iter 10930: loss 2.5691, time 2017.09ms, mfu 5.67%
model:LGT723F iter 10940: loss 2.5995, time 2016.04ms, mfu 5.78%
------average encoder activity 0.256
-----------average decoder density 0.5319
step 10950: train loss 2.3580, val loss 2.4337
saving checkpoint to out-novel-char3_LGT723F_d34f65156182c545ea648093d502a95d
done saving checkpoint to out-novel-char3_LGT723F_d34f65156182c545ea648093d502a95d
model:LGT723F iter 10950: loss 2.5266, time 29766.13ms, mfu 5.25%
model:LGT723F iter 10960: loss 2.0916, time 2021.93ms, mfu 5.40%
model:LGT723F iter 10970: loss 2.0677, time 2021.10ms, mfu 5.54%
model:LGT723F iter 10980: loss 2.4398, time 2020.00ms, mfu 5.67%
model:LGT723F iter 10990: loss 2.2866, time 2020.75ms, mfu 5.78%
------average encoder activity 0.257
-----------average decoder density 0.5500
step 11000: train loss 2.3482, val loss 2.4353
saving checkpoint to out-novel-char3_LGT723F_d34f65156182c545ea648093d502a95d
done saving checkpoint to out-novel-char3_LGT723F_d34f65156182c545ea648093d502a95d
model:LGT723F iter 11000: loss 2.3048, time 29872.32ms, mfu 5.25%
model:LGT723F iter 11010: loss 2.4871, time 2021.92ms, mfu 5.40%
model:LGT723F iter 11020: loss 2.3897, time 2022.64ms, mfu 5.54%
model:LGT723F iter 11030: loss 2.5534, time 2020.20ms, mfu 5.67%
model:LGT723F iter 11040: loss 2.4447, time 2029.31ms, mfu 5.77%
------average encoder activity 0.256
-----------average decoder density 0.5199
step 11050: train loss 2.3551, val loss 2.3856
saving checkpoint to out-novel-char3_LGT723F_d34f65156182c545ea648093d502a95d
done saving checkpoint to out-novel-char3_LGT723F_d34f65156182c545ea648093d502a95d
model:LGT723F iter 11050: loss 2.2864, time 29527.09ms, mfu 5.24%
model:LGT723F iter 11060: loss 2.4213, time 2019.77ms, mfu 5.40%
model:LGT723F iter 11070: loss 2.2893, time 2019.01ms, mfu 5.54%
model:LGT723F iter 11080: loss 2.2243, time 2027.78ms, mfu 5.66%
model:LGT723F iter 11090: loss 2.5646, time 2024.66ms, mfu 5.77%
------average encoder activity 0.257
-----------average decoder density 0.5233
step 11100: train loss 2.3348, val loss 2.4157
saving checkpoint to out-novel-char3_LGT723F_d34f65156182c545ea648093d502a95d
done saving checkpoint to out-novel-char3_LGT723F_d34f65156182c545ea648093d502a95d
model:LGT723F iter 11100: loss 2.3928, time 29753.43ms, mfu 5.24%
model:LGT723F iter 11110: loss 2.5534, time 2022.61ms, mfu 5.40%
model:LGT723F iter 11120: loss 2.3553, time 2030.27ms, mfu 5.53%
model:LGT723F iter 11130: loss 2.5873, time 2025.60ms, mfu 5.66%
model:LGT723F iter 11140: loss 2.3867, time 2023.84ms, mfu 5.77%
------average encoder activity 0.255
-----------average decoder density 0.5322
step 11150: train loss 2.3647, val loss 2.4152
saving checkpoint to out-novel-char3_LGT723F_d34f65156182c545ea648093d502a95d
done saving checkpoint to out-novel-char3_LGT723F_d34f65156182c545ea648093d502a95d
model:LGT723F iter 11150: loss 2.2912, time 29927.00ms, mfu 5.24%
model:LGT723F iter 11160: loss 2.4594, time 2029.85ms, mfu 5.39%
model:LGT723F iter 11170: loss 2.4113, time 2029.32ms, mfu 5.53%
model:LGT723F iter 11180: loss 2.2533, time 2026.16ms, mfu 5.65%
model:LGT723F iter 11190: loss 2.3723, time 2017.85ms, mfu 5.77%
------average encoder activity 0.257
-----------average decoder density 0.5235
step 11200: train loss 2.3662, val loss 2.4088
saving checkpoint to out-novel-char3_LGT723F_d34f65156182c545ea648093d502a95d
done saving checkpoint to out-novel-char3_LGT723F_d34f65156182c545ea648093d502a95d
model:LGT723F iter 11200: loss 2.4427, time 29718.43ms, mfu 5.24%
model:LGT723F iter 11210: loss 2.6726, time 2016.66ms, mfu 5.39%
model:LGT723F iter 11220: loss 2.6502, time 2018.86ms, mfu 5.53%
model:LGT723F iter 11230: loss 2.5003, time 2016.83ms, mfu 5.66%
model:LGT723F iter 11240: loss 2.2260, time 2016.12ms, mfu 5.78%
------average encoder activity 0.257
-----------average decoder density 0.5238
step 11250: train loss 2.3448, val loss 2.4099
saving checkpoint to out-novel-char3_LGT723F_d34f65156182c545ea648093d502a95d
done saving checkpoint to out-novel-char3_LGT723F_d34f65156182c545ea648093d502a95d
model:LGT723F iter 11250: loss 3.0118, time 29527.33ms, mfu 5.24%
model:LGT723F iter 11260: loss 2.1517, time 2020.97ms, mfu 5.40%
model:LGT723F iter 11270: loss 2.2203, time 2023.19ms, mfu 5.54%
model:LGT723F iter 11280: loss 1.9123, time 2021.16ms, mfu 5.66%
model:LGT723F iter 11290: loss 2.3134, time 2029.18ms, mfu 5.77%
------average encoder activity 0.258
-----------average decoder density 0.5242
step 11300: train loss 2.3250, val loss 2.4042
saving checkpoint to out-novel-char3_LGT723F_d34f65156182c545ea648093d502a95d
done saving checkpoint to out-novel-char3_LGT723F_d34f65156182c545ea648093d502a95d
model:LGT723F iter 11300: loss 2.4932, time 29619.06ms, mfu 5.24%
model:LGT723F iter 11310: loss 2.2071, time 2017.61ms, mfu 5.40%
model:LGT723F iter 11320: loss 2.2237, time 2024.84ms, mfu 5.54%
model:LGT723F iter 11330: loss 2.1996, time 2016.38ms, mfu 5.66%
model:LGT723F iter 11340: loss 2.4962, time 2024.19ms, mfu 5.77%
------average encoder activity 0.259
-----------average decoder density 0.5918
step 11350: train loss 2.3057, val loss 2.3973
saving checkpoint to out-novel-char3_LGT723F_d34f65156182c545ea648093d502a95d
done saving checkpoint to out-novel-char3_LGT723F_d34f65156182c545ea648093d502a95d
model:LGT723F iter 11350: loss 2.4071, time 29800.74ms, mfu 5.24%
model:LGT723F iter 11360: loss 2.4203, time 2016.79ms, mfu 5.40%
model:LGT723F iter 11370: loss 2.6976, time 2021.89ms, mfu 5.54%
model:LGT723F iter 11380: loss 2.4315, time 2021.36ms, mfu 5.66%
model:LGT723F iter 11390: loss 2.6206, time 2022.73ms, mfu 5.78%
------average encoder activity 0.259
-----------average decoder density 0.5583
step 11400: train loss 2.3207, val loss 2.3982
saving checkpoint to out-novel-char3_LGT723F_d34f65156182c545ea648093d502a95d
done saving checkpoint to out-novel-char3_LGT723F_d34f65156182c545ea648093d502a95d
model:LGT723F iter 11400: loss 2.1860, time 29759.78ms, mfu 5.24%
model:LGT723F iter 11410: loss 2.2800, time 2024.04ms, mfu 5.40%
model:LGT723F iter 11420: loss 2.4397, time 2019.12ms, mfu 5.54%
model:LGT723F iter 11430: loss 2.5649, time 2017.96ms, mfu 5.66%
model:LGT723F iter 11440: loss 2.3463, time 2020.48ms, mfu 5.78%
------average encoder activity 0.259
-----------average decoder density 0.5219
step 11450: train loss 2.3238, val loss 2.4419
saving checkpoint to out-novel-char3_LGT723F_d34f65156182c545ea648093d502a95d
done saving checkpoint to out-novel-char3_LGT723F_d34f65156182c545ea648093d502a95d
model:LGT723F iter 11450: loss 2.4969, time 29744.74ms, mfu 5.25%
model:LGT723F iter 11460: loss 2.8286, time 2022.07ms, mfu 5.40%
model:LGT723F iter 11470: loss 2.4250, time 2021.31ms, mfu 5.54%
model:LGT723F iter 11480: loss 2.0623, time 2025.06ms, mfu 5.66%
model:LGT723F iter 11490: loss 2.1931, time 2021.20ms, mfu 5.78%
------average encoder activity 0.260
-----------average decoder density 0.5282
step 11500: train loss 2.3048, val loss 2.3952
saving checkpoint to out-novel-char3_LGT723F_d34f65156182c545ea648093d502a95d
done saving checkpoint to out-novel-char3_LGT723F_d34f65156182c545ea648093d502a95d
model:LGT723F iter 11500: loss 2.5763, time 29633.54ms, mfu 5.24%
model:LGT723F iter 11510: loss 2.1730, time 2025.90ms, mfu 5.40%
model:LGT723F iter 11520: loss 2.0518, time 2019.85ms, mfu 5.54%
model:LGT723F iter 11530: loss 2.4345, time 2019.74ms, mfu 5.66%
model:LGT723F iter 11540: loss 2.4327, time 2023.50ms, mfu 5.77%
------average encoder activity 0.259
-----------average decoder density 0.5279
step 11550: train loss 2.3313, val loss 2.3892
saving checkpoint to out-novel-char3_LGT723F_d34f65156182c545ea648093d502a95d
done saving checkpoint to out-novel-char3_LGT723F_d34f65156182c545ea648093d502a95d
model:LGT723F iter 11550: loss 2.5059, time 29701.96ms, mfu 5.24%
model:LGT723F iter 11560: loss 2.6943, time 2019.70ms, mfu 5.40%
model:LGT723F iter 11570: loss 2.4096, time 2022.05ms, mfu 5.54%
model:LGT723F iter 11580: loss 2.1519, time 2023.82ms, mfu 5.66%
model:LGT723F iter 11590: loss 2.3468, time 2023.05ms, mfu 5.77%
------average encoder activity 0.260
-----------average decoder density 0.5206
step 11600: train loss 2.3222, val loss 2.3897
saving checkpoint to out-novel-char3_LGT723F_d34f65156182c545ea648093d502a95d
done saving checkpoint to out-novel-char3_LGT723F_d34f65156182c545ea648093d502a95d
model:LGT723F iter 11600: loss 2.6259, time 29612.13ms, mfu 5.24%
model:LGT723F iter 11610: loss 2.5739, time 2020.64ms, mfu 5.40%
model:LGT723F iter 11620: loss 2.6799, time 2019.39ms, mfu 5.54%
model:LGT723F iter 11630: loss 2.2616, time 2027.98ms, mfu 5.66%
model:LGT723F iter 11640: loss 2.3822, time 2018.52ms, mfu 5.77%
------average encoder activity 0.262
-----------average decoder density 0.5394
step 11650: train loss 2.3313, val loss 2.4032
saving checkpoint to out-novel-char3_LGT723F_d34f65156182c545ea648093d502a95d
done saving checkpoint to out-novel-char3_LGT723F_d34f65156182c545ea648093d502a95d
model:LGT723F iter 11650: loss 2.1568, time 29535.69ms, mfu 5.24%
model:LGT723F iter 11660: loss 2.3348, time 2023.79ms, mfu 5.40%
model:LGT723F iter 11670: loss 2.3263, time 2031.35ms, mfu 5.53%
model:LGT723F iter 11680: loss 2.4754, time 2024.06ms, mfu 5.66%
model:LGT723F iter 11690: loss 2.4006, time 2019.73ms, mfu 5.77%
------average encoder activity 0.262
-----------average decoder density 0.5209
step 11700: train loss 2.3003, val loss 2.3801
saving checkpoint to out-novel-char3_LGT723F_d34f65156182c545ea648093d502a95d
done saving checkpoint to out-novel-char3_LGT723F_d34f65156182c545ea648093d502a95d
model:LGT723F iter 11700: loss 2.5671, time 29640.80ms, mfu 5.24%
model:LGT723F iter 11710: loss 2.4724, time 2018.29ms, mfu 5.40%
model:LGT723F iter 11720: loss 2.0603, time 2016.81ms, mfu 5.54%
model:LGT723F iter 11730: loss 2.9342, time 2022.75ms, mfu 5.66%
model:LGT723F iter 11740: loss 2.5132, time 2024.11ms, mfu 5.77%
------average encoder activity 0.262
-----------average decoder density 0.5358
step 11750: train loss 2.3332, val loss 2.3816
saving checkpoint to out-novel-char3_LGT723F_d34f65156182c545ea648093d502a95d
done saving checkpoint to out-novel-char3_LGT723F_d34f65156182c545ea648093d502a95d
model:LGT723F iter 11750: loss 2.4136, time 29841.76ms, mfu 5.24%
model:LGT723F iter 11760: loss 2.1413, time 2017.93ms, mfu 5.40%
model:LGT723F iter 11770: loss 2.3380, time 2019.59ms, mfu 5.54%
model:LGT723F iter 11780: loss 2.0567, time 2024.56ms, mfu 5.66%
model:LGT723F iter 11790: loss 2.4057, time 2019.92ms, mfu 5.78%
------average encoder activity 0.263
-----------average decoder density 0.5125
step 11800: train loss 2.3248, val loss 2.3735
saving checkpoint to out-novel-char3_LGT723F_d34f65156182c545ea648093d502a95d
done saving checkpoint to out-novel-char3_LGT723F_d34f65156182c545ea648093d502a95d
model:LGT723F iter 11800: loss 2.5812, time 29929.36ms, mfu 5.24%
model:LGT723F iter 11810: loss 2.1860, time 2017.74ms, mfu 5.40%
model:LGT723F iter 11820: loss 2.2169, time 2021.90ms, mfu 5.54%
model:LGT723F iter 11830: loss 2.7308, time 2025.27ms, mfu 5.66%
model:LGT723F iter 11840: loss 2.4541, time 2024.39ms, mfu 5.77%
------average encoder activity 0.265
-----------average decoder density 0.5581
step 11850: train loss 2.3206, val loss 2.3617
saving checkpoint to out-novel-char3_LGT723F_d34f65156182c545ea648093d502a95d
done saving checkpoint to out-novel-char3_LGT723F_d34f65156182c545ea648093d502a95d
model:LGT723F iter 11850: loss 2.5799, time 29906.25ms, mfu 5.24%
model:LGT723F iter 11860: loss 2.3797, time 2017.52ms, mfu 5.40%
model:LGT723F iter 11870: loss 2.3933, time 2024.93ms, mfu 5.54%
model:LGT723F iter 11880: loss 2.3079, time 2032.02ms, mfu 5.66%
model:LGT723F iter 11890: loss 2.4956, time 2016.86ms, mfu 5.77%
------average encoder activity 0.264
-----------average decoder density 0.5506
step 11900: train loss 2.2942, val loss 2.3683
saving checkpoint to out-novel-char3_LGT723F_d34f65156182c545ea648093d502a95d
done saving checkpoint to out-novel-char3_LGT723F_d34f65156182c545ea648093d502a95d
model:LGT723F iter 11900: loss 2.3628, time 29609.62ms, mfu 5.24%
model:LGT723F iter 11910: loss 2.7159, time 2023.75ms, mfu 5.40%
model:LGT723F iter 11920: loss 2.7950, time 2025.55ms, mfu 5.53%
model:LGT723F iter 11930: loss 2.2746, time 2023.32ms, mfu 5.66%
model:LGT723F iter 11940: loss 2.2945, time 2025.57ms, mfu 5.77%
------average encoder activity 0.265
-----------average decoder density 0.5259
step 11950: train loss 2.2811, val loss 2.3658
saving checkpoint to out-novel-char3_LGT723F_d34f65156182c545ea648093d502a95d
done saving checkpoint to out-novel-char3_LGT723F_d34f65156182c545ea648093d502a95d
model:LGT723F iter 11950: loss 2.3688, time 29757.63ms, mfu 5.24%
model:LGT723F iter 11960: loss 2.3623, time 2013.28ms, mfu 5.40%
model:LGT723F iter 11970: loss 2.6255, time 2026.09ms, mfu 5.53%
model:LGT723F iter 11980: loss 2.1363, time 2026.05ms, mfu 5.66%
model:LGT723F iter 11990: loss 2.4381, time 2023.18ms, mfu 5.77%
------average encoder activity 0.267
-----------average decoder density 0.5296
step 12000: train loss 2.2870, val loss 2.3767
saving checkpoint to out-novel-char3_LGT723F_d34f65156182c545ea648093d502a95d
done saving checkpoint to out-novel-char3_LGT723F_d34f65156182c545ea648093d502a95d
model:LGT723F iter 12000: loss 2.1803, time 29723.96ms, mfu 5.24%
model:LGT723F iter 12010: loss 2.5136, time 2020.32ms, mfu 5.40%
model:LGT723F iter 12020: loss 2.3657, time 2014.58ms, mfu 5.54%
model:LGT723F iter 12030: loss 2.4285, time 2024.98ms, mfu 5.66%
model:LGT723F iter 12040: loss 2.4628, time 2018.49ms, mfu 5.78%
------average encoder activity 0.268
-----------average decoder density 0.5171
step 12050: train loss 2.3048, val loss 2.3643
saving checkpoint to out-novel-char3_LGT723F_d34f65156182c545ea648093d502a95d
done saving checkpoint to out-novel-char3_LGT723F_d34f65156182c545ea648093d502a95d
model:LGT723F iter 12050: loss 2.0809, time 30001.37ms, mfu 5.24%
model:LGT723F iter 12060: loss 2.2018, time 2021.48ms, mfu 5.40%
model:LGT723F iter 12070: loss 2.3604, time 2025.30ms, mfu 5.54%
model:LGT723F iter 12080: loss 2.3430, time 2020.79ms, mfu 5.66%
model:LGT723F iter 12090: loss 2.3406, time 2019.50ms, mfu 5.77%
------average encoder activity 0.268
-----------average decoder density 0.5447
step 12100: train loss 2.3004, val loss 2.3794
saving checkpoint to out-novel-char3_LGT723F_d34f65156182c545ea648093d502a95d
done saving checkpoint to out-novel-char3_LGT723F_d34f65156182c545ea648093d502a95d
model:LGT723F iter 12100: loss 3.1846, time 29682.00ms, mfu 5.24%
model:LGT723F iter 12110: loss 2.4899, time 2018.68ms, mfu 5.40%
model:LGT723F iter 12120: loss 2.2145, time 2028.94ms, mfu 5.54%
model:LGT723F iter 12130: loss 2.5554, time 2026.77ms, mfu 5.66%
model:LGT723F iter 12140: loss 2.2595, time 2023.49ms, mfu 5.77%
------average encoder activity 0.268
-----------average decoder density 0.5557
step 12150: train loss 2.3060, val loss 2.3742
saving checkpoint to out-novel-char3_LGT723F_d34f65156182c545ea648093d502a95d
done saving checkpoint to out-novel-char3_LGT723F_d34f65156182c545ea648093d502a95d
model:LGT723F iter 12150: loss 2.2509, time 29785.79ms, mfu 5.24%
model:LGT723F iter 12160: loss 2.3768, time 2027.39ms, mfu 5.39%
model:LGT723F iter 12170: loss 2.1464, time 2023.54ms, mfu 5.53%
model:LGT723F iter 12180: loss 2.1877, time 2019.83ms, mfu 5.66%
model:LGT723F iter 12190: loss 2.0799, time 2020.21ms, mfu 5.77%
------average encoder activity 0.270
-----------average decoder density 0.5201
step 12200: train loss 2.2819, val loss 2.3621
saving checkpoint to out-novel-char3_LGT723F_d34f65156182c545ea648093d502a95d
done saving checkpoint to out-novel-char3_LGT723F_d34f65156182c545ea648093d502a95d
model:LGT723F iter 12200: loss 2.2227, time 29688.53ms, mfu 5.24%
model:LGT723F iter 12210: loss 2.2305, time 2024.85ms, mfu 5.39%
model:LGT723F iter 12220: loss 2.0503, time 2026.20ms, mfu 5.53%
model:LGT723F iter 12230: loss 2.2075, time 2019.48ms, mfu 5.66%
model:LGT723F iter 12240: loss 2.2384, time 2017.27ms, mfu 5.77%
------average encoder activity 0.271
-----------average decoder density 0.5176
step 12250: train loss 2.2900, val loss 2.3696
saving checkpoint to out-novel-char3_LGT723F_d34f65156182c545ea648093d502a95d
done saving checkpoint to out-novel-char3_LGT723F_d34f65156182c545ea648093d502a95d
model:LGT723F iter 12250: loss 2.2084, time 29605.86ms, mfu 5.24%
model:LGT723F iter 12260: loss 2.6030, time 2024.17ms, mfu 5.40%
model:LGT723F iter 12270: loss 1.8727, time 2016.85ms, mfu 5.54%
model:LGT723F iter 12280: loss 2.6922, time 2016.22ms, mfu 5.66%
model:LGT723F iter 12290: loss 2.2958, time 2022.96ms, mfu 5.78%
------average encoder activity 0.272
-----------average decoder density 0.5113
step 12300: train loss 2.2701, val loss 2.3326
saving checkpoint to out-novel-char3_LGT723F_d34f65156182c545ea648093d502a95d
done saving checkpoint to out-novel-char3_LGT723F_d34f65156182c545ea648093d502a95d
model:LGT723F iter 12300: loss 2.4897, time 29553.14ms, mfu 5.24%
model:LGT723F iter 12310: loss 2.4001, time 2017.58ms, mfu 5.40%
model:LGT723F iter 12320: loss 2.1177, time 2018.56ms, mfu 5.54%
model:LGT723F iter 12330: loss 2.3483, time 2023.63ms, mfu 5.66%
model:LGT723F iter 12340: loss 2.5258, time 2024.92ms, mfu 5.78%
------average encoder activity 0.271
-----------average decoder density 0.5213
step 12350: train loss 2.2887, val loss 2.3594
saving checkpoint to out-novel-char3_LGT723F_d34f65156182c545ea648093d502a95d
done saving checkpoint to out-novel-char3_LGT723F_d34f65156182c545ea648093d502a95d
model:LGT723F iter 12350: loss 2.2877, time 29825.08ms, mfu 5.24%
model:LGT723F iter 12360: loss 1.6195, time 2025.29ms, mfu 5.40%
model:LGT723F iter 12370: loss 2.3095, time 2024.19ms, mfu 5.54%
model:LGT723F iter 12380: loss 2.6256, time 2026.19ms, mfu 5.66%
model:LGT723F iter 12390: loss 1.8418, time 2028.31ms, mfu 5.77%
------average encoder activity 0.273
-----------average decoder density 0.5304
step 12400: train loss 2.2812, val loss 2.3610
saving checkpoint to out-novel-char3_LGT723F_d34f65156182c545ea648093d502a95d
done saving checkpoint to out-novel-char3_LGT723F_d34f65156182c545ea648093d502a95d
model:LGT723F iter 12400: loss 2.3553, time 29659.07ms, mfu 5.24%
model:LGT723F iter 12410: loss 2.2294, time 2022.03ms, mfu 5.39%
model:LGT723F iter 12420: loss 1.7973, time 2018.90ms, mfu 5.53%
model:LGT723F iter 12430: loss 2.3421, time 2018.16ms, mfu 5.66%
model:LGT723F iter 12440: loss 2.4533, time 2030.65ms, mfu 5.77%
------average encoder activity 0.276
-----------average decoder density 0.5372
step 12450: train loss 2.2887, val loss 2.3638
saving checkpoint to out-novel-char3_LGT723F_d34f65156182c545ea648093d502a95d
done saving checkpoint to out-novel-char3_LGT723F_d34f65156182c545ea648093d502a95d
model:LGT723F iter 12450: loss 2.1132, time 29863.18ms, mfu 5.24%
model:LGT723F iter 12460: loss 2.5563, time 2017.62ms, mfu 5.40%
model:LGT723F iter 12470: loss 2.3153, time 2017.16ms, mfu 5.54%
model:LGT723F iter 12480: loss 2.4487, time 2020.05ms, mfu 5.66%
model:LGT723F iter 12490: loss 2.3421, time 2018.03ms, mfu 5.78%
------average encoder activity 0.275
-----------average decoder density 0.5461
step 12500: train loss 2.2704, val loss 2.3596
saving checkpoint to out-novel-char3_LGT723F_d34f65156182c545ea648093d502a95d
done saving checkpoint to out-novel-char3_LGT723F_d34f65156182c545ea648093d502a95d
model:LGT723F iter 12500: loss 2.5882, time 29894.83ms, mfu 5.24%
model:LGT723F iter 12510: loss 2.6690, time 2017.43ms, mfu 5.40%
model:LGT723F iter 12520: loss 2.4218, time 2028.72ms, mfu 5.54%
model:LGT723F iter 12530: loss 2.3951, time 2024.59ms, mfu 5.66%
model:LGT723F iter 12540: loss 2.3226, time 2027.68ms, mfu 5.77%
------average encoder activity 0.272
-----------average decoder density 0.5254
step 12550: train loss 2.2771, val loss 2.3340
saving checkpoint to out-novel-char3_LGT723F_d34f65156182c545ea648093d502a95d
done saving checkpoint to out-novel-char3_LGT723F_d34f65156182c545ea648093d502a95d
model:LGT723F iter 12550: loss 2.6176, time 29619.92ms, mfu 5.24%
model:LGT723F iter 12560: loss 2.5080, time 2032.31ms, mfu 5.39%
model:LGT723F iter 12570: loss 2.0829, time 2016.59ms, mfu 5.53%
model:LGT723F iter 12580: loss 2.0100, time 2028.26ms, mfu 5.66%
model:LGT723F iter 12590: loss 2.1486, time 2015.14ms, mfu 5.77%
------average encoder activity 0.271
-----------average decoder density 0.5464
step 12600: train loss 2.2822, val loss 2.3340
saving checkpoint to out-novel-char3_LGT723F_d34f65156182c545ea648093d502a95d
done saving checkpoint to out-novel-char3_LGT723F_d34f65156182c545ea648093d502a95d
model:LGT723F iter 12600: loss 2.2195, time 29865.97ms, mfu 5.24%
model:LGT723F iter 12610: loss 2.3274, time 2024.83ms, mfu 5.39%
model:LGT723F iter 12620: loss 2.3834, time 2017.75ms, mfu 5.54%
model:LGT723F iter 12630: loss 2.5167, time 2028.60ms, mfu 5.66%
model:LGT723F iter 12640: loss 2.6161, time 2024.00ms, mfu 5.77%
------average encoder activity 0.271
-----------average decoder density 0.5257
step 12650: train loss 2.2937, val loss 2.3547
saving checkpoint to out-novel-char3_LGT723F_d34f65156182c545ea648093d502a95d
done saving checkpoint to out-novel-char3_LGT723F_d34f65156182c545ea648093d502a95d
model:LGT723F iter 12650: loss 2.1542, time 29737.81ms, mfu 5.24%
model:LGT723F iter 12660: loss 1.6956, time 2023.95ms, mfu 5.39%
model:LGT723F iter 12670: loss 2.1220, time 2023.40ms, mfu 5.53%
model:LGT723F iter 12680: loss 2.4305, time 2020.46ms, mfu 5.66%
model:LGT723F iter 12690: loss 2.1508, time 2021.08ms, mfu 5.77%
------average encoder activity 0.271
-----------average decoder density 0.5333
step 12700: train loss 2.2776, val loss 2.3377
saving checkpoint to out-novel-char3_LGT723F_d34f65156182c545ea648093d502a95d
done saving checkpoint to out-novel-char3_LGT723F_d34f65156182c545ea648093d502a95d
model:LGT723F iter 12700: loss 2.4445, time 29705.11ms, mfu 5.24%
model:LGT723F iter 12710: loss 2.2659, time 2014.24ms, mfu 5.40%
model:LGT723F iter 12720: loss 1.9746, time 2020.47ms, mfu 5.54%
model:LGT723F iter 12730: loss 2.2434, time 2020.21ms, mfu 5.66%
model:LGT723F iter 12740: loss 2.6622, time 2021.86ms, mfu 5.78%
------average encoder activity 0.272
-----------average decoder density 0.5561
step 12750: train loss 2.2603, val loss 2.3691
saving checkpoint to out-novel-char3_LGT723F_d34f65156182c545ea648093d502a95d
done saving checkpoint to out-novel-char3_LGT723F_d34f65156182c545ea648093d502a95d
model:LGT723F iter 12750: loss 2.0437, time 29412.39ms, mfu 5.24%
model:LGT723F iter 12760: loss 2.3973, time 2017.48ms, mfu 5.40%
model:LGT723F iter 12770: loss 2.2594, time 2023.77ms, mfu 5.54%
model:LGT723F iter 12780: loss 2.3600, time 2021.83ms, mfu 5.66%
model:LGT723F iter 12790: loss 2.3306, time 2020.83ms, mfu 5.78%
------average encoder activity 0.273
-----------average decoder density 0.5127
step 12800: train loss 2.2676, val loss 2.3412
saving checkpoint to out-novel-char3_LGT723F_d34f65156182c545ea648093d502a95d
done saving checkpoint to out-novel-char3_LGT723F_d34f65156182c545ea648093d502a95d
model:LGT723F iter 12800: loss 2.2099, time 29669.52ms, mfu 5.24%
model:LGT723F iter 12810: loss 2.6094, time 2027.43ms, mfu 5.40%
model:LGT723F iter 12820: loss 2.1364, time 2025.12ms, mfu 5.54%
model:LGT723F iter 12830: loss 2.3625, time 2023.40ms, mfu 5.66%
model:LGT723F iter 12840: loss 2.0274, time 2026.67ms, mfu 5.77%
------average encoder activity 0.274
-----------average decoder density 0.5194
step 12850: train loss 2.2716, val loss 2.3420
saving checkpoint to out-novel-char3_LGT723F_d34f65156182c545ea648093d502a95d
done saving checkpoint to out-novel-char3_LGT723F_d34f65156182c545ea648093d502a95d
model:LGT723F iter 12850: loss 2.2952, time 29757.50ms, mfu 5.24%
model:LGT723F iter 12860: loss 2.2567, time 2021.34ms, mfu 5.40%
model:LGT723F iter 12870: loss 2.2583, time 2024.72ms, mfu 5.53%
model:LGT723F iter 12880: loss 2.5737, time 2023.91ms, mfu 5.66%
model:LGT723F iter 12890: loss 2.1388, time 2023.78ms, mfu 5.77%
------average encoder activity 0.273
-----------average decoder density 0.5437
step 12900: train loss 2.2599, val loss 2.3558
saving checkpoint to out-novel-char3_LGT723F_d34f65156182c545ea648093d502a95d
done saving checkpoint to out-novel-char3_LGT723F_d34f65156182c545ea648093d502a95d
model:LGT723F iter 12900: loss 2.5575, time 30001.01ms, mfu 5.24%
model:LGT723F iter 12910: loss 2.3666, time 2017.19ms, mfu 5.40%
model:LGT723F iter 12920: loss 2.2315, time 2016.12ms, mfu 5.54%
model:LGT723F iter 12930: loss 2.4379, time 2022.54ms, mfu 5.66%
model:LGT723F iter 12940: loss 2.7298, time 2026.88ms, mfu 5.77%
------average encoder activity 0.275
-----------average decoder density 0.5515
step 12950: train loss 2.2560, val loss 2.3510
saving checkpoint to out-novel-char3_LGT723F_d34f65156182c545ea648093d502a95d
done saving checkpoint to out-novel-char3_LGT723F_d34f65156182c545ea648093d502a95d
model:LGT723F iter 12950: loss 2.3107, time 29921.37ms, mfu 5.24%
model:LGT723F iter 12960: loss 2.2278, time 2019.80ms, mfu 5.40%
model:LGT723F iter 12970: loss 2.4666, time 2022.71ms, mfu 5.54%
model:LGT723F iter 12980: loss 2.2635, time 2021.61ms, mfu 5.66%
model:LGT723F iter 12990: loss 2.3384, time 2024.01ms, mfu 5.77%
------average encoder activity 0.275
-----------average decoder density 0.5351
step 13000: train loss 2.2657, val loss 2.3527
saving checkpoint to out-novel-char3_LGT723F_d34f65156182c545ea648093d502a95d
done saving checkpoint to out-novel-char3_LGT723F_d34f65156182c545ea648093d502a95d
model:LGT723F iter 13000: loss 2.4446, time 29653.88ms, mfu 5.24%
model:LGT723F iter 13010: loss 2.3185, time 2018.19ms, mfu 5.40%
model:LGT723F iter 13020: loss 2.3949, time 2023.30ms, mfu 5.54%
model:LGT723F iter 13030: loss 2.1648, time 2018.59ms, mfu 5.66%
model:LGT723F iter 13040: loss 2.3891, time 2017.49ms, mfu 5.78%
------average encoder activity 0.275
-----------average decoder density 0.5209
step 13050: train loss 2.2402, val loss 2.3169
saving checkpoint to out-novel-char3_LGT723F_d34f65156182c545ea648093d502a95d
done saving checkpoint to out-novel-char3_LGT723F_d34f65156182c545ea648093d502a95d
model:LGT723F iter 13050: loss 2.2182, time 29633.78ms, mfu 5.25%
model:LGT723F iter 13060: loss 2.6753, time 2021.41ms, mfu 5.40%
model:LGT723F iter 13070: loss 2.4579, time 2026.90ms, mfu 5.54%
model:LGT723F iter 13080: loss 2.2481, time 2026.07ms, mfu 5.66%
model:LGT723F iter 13090: loss 2.2932, time 2023.18ms, mfu 5.77%
------average encoder activity 0.274
-----------average decoder density 0.5262
step 13100: train loss 2.2643, val loss 2.3375
saving checkpoint to out-novel-char3_LGT723F_d34f65156182c545ea648093d502a95d
done saving checkpoint to out-novel-char3_LGT723F_d34f65156182c545ea648093d502a95d
model:LGT723F iter 13100: loss 2.2230, time 29968.40ms, mfu 5.24%
model:LGT723F iter 13110: loss 2.5379, time 2016.19ms, mfu 5.40%
model:LGT723F iter 13120: loss 2.3627, time 2014.20ms, mfu 5.54%
model:LGT723F iter 13130: loss 2.3380, time 2018.72ms, mfu 5.67%
model:LGT723F iter 13140: loss 2.0884, time 2029.60ms, mfu 5.77%
------average encoder activity 0.273
-----------average decoder density 0.5585
step 13150: train loss 2.2597, val loss 2.3377
saving checkpoint to out-novel-char3_LGT723F_d34f65156182c545ea648093d502a95d
done saving checkpoint to out-novel-char3_LGT723F_d34f65156182c545ea648093d502a95d
model:LGT723F iter 13150: loss 1.9540, time 29859.56ms, mfu 5.24%
model:LGT723F iter 13160: loss 2.1874, time 2025.82ms, mfu 5.40%
model:LGT723F iter 13170: loss 2.3522, time 2023.04ms, mfu 5.54%
model:LGT723F iter 13180: loss 2.5748, time 2023.30ms, mfu 5.66%
model:LGT723F iter 13190: loss 2.2483, time 2031.88ms, mfu 5.77%
------average encoder activity 0.273
-----------average decoder density 0.5231
step 13200: train loss 2.2556, val loss 2.3267
saving checkpoint to out-novel-char3_LGT723F_d34f65156182c545ea648093d502a95d
done saving checkpoint to out-novel-char3_LGT723F_d34f65156182c545ea648093d502a95d
model:LGT723F iter 13200: loss 2.5045, time 29666.88ms, mfu 5.24%
model:LGT723F iter 13210: loss 2.3835, time 2018.96ms, mfu 5.39%
model:LGT723F iter 13220: loss 2.0050, time 2023.33ms, mfu 5.53%
model:LGT723F iter 13230: loss 2.2692, time 2026.38ms, mfu 5.66%
model:LGT723F iter 13240: loss 2.1946, time 2021.46ms, mfu 5.77%
------average encoder activity 0.274
-----------average decoder density 0.5640
step 13250: train loss 2.2451, val loss 2.3386
saving checkpoint to out-novel-char3_LGT723F_d34f65156182c545ea648093d502a95d
done saving checkpoint to out-novel-char3_LGT723F_d34f65156182c545ea648093d502a95d
model:LGT723F iter 13250: loss 2.1732, time 29721.28ms, mfu 5.24%
model:LGT723F iter 13260: loss 2.3638, time 2026.07ms, mfu 5.39%
model:LGT723F iter 13270: loss 2.3611, time 2020.82ms, mfu 5.53%
model:LGT723F iter 13280: loss 2.6959, time 2016.49ms, mfu 5.66%
model:LGT723F iter 13290: loss 2.1899, time 2022.56ms, mfu 5.77%
------average encoder activity 0.274
-----------average decoder density 0.5245
step 13300: train loss 2.2108, val loss 2.3219
saving checkpoint to out-novel-char3_LGT723F_d34f65156182c545ea648093d502a95d
done saving checkpoint to out-novel-char3_LGT723F_d34f65156182c545ea648093d502a95d
model:LGT723F iter 13300: loss 2.3124, time 29816.71ms, mfu 5.24%
model:LGT723F iter 13310: loss 2.5585, time 2018.14ms, mfu 5.40%
model:LGT723F iter 13320: loss 2.5479, time 2021.67ms, mfu 5.54%
model:LGT723F iter 13330: loss 2.1987, time 2026.00ms, mfu 5.66%
model:LGT723F iter 13340: loss 2.4911, time 2022.46ms, mfu 5.77%
------average encoder activity 0.274
-----------average decoder density 0.5549
step 13350: train loss 2.2222, val loss 2.3315
saving checkpoint to out-novel-char3_LGT723F_d34f65156182c545ea648093d502a95d
done saving checkpoint to out-novel-char3_LGT723F_d34f65156182c545ea648093d502a95d
model:LGT723F iter 13350: loss 2.3825, time 29700.08ms, mfu 5.24%
model:LGT723F iter 13360: loss 2.4058, time 2011.47ms, mfu 5.40%
model:LGT723F iter 13370: loss 2.2935, time 2024.80ms, mfu 5.54%
model:LGT723F iter 13380: loss 2.2030, time 2022.60ms, mfu 5.66%
model:LGT723F iter 13390: loss 2.1981, time 2023.66ms, mfu 5.77%
------average encoder activity 0.277
-----------average decoder density 0.5207
step 13400: train loss 2.2322, val loss 2.3262
saving checkpoint to out-novel-char3_LGT723F_d34f65156182c545ea648093d502a95d
done saving checkpoint to out-novel-char3_LGT723F_d34f65156182c545ea648093d502a95d
model:LGT723F iter 13400: loss 2.6456, time 29752.56ms, mfu 5.24%
model:LGT723F iter 13410: loss 2.1833, time 2026.77ms, mfu 5.40%
model:LGT723F iter 13420: loss 2.3698, time 2023.63ms, mfu 5.53%
model:LGT723F iter 13430: loss 2.2679, time 2030.37ms, mfu 5.66%
model:LGT723F iter 13440: loss 2.3348, time 2019.34ms, mfu 5.77%
------average encoder activity 0.278
-----------average decoder density 0.5495
step 13450: train loss 2.2420, val loss 2.3112
saving checkpoint to out-novel-char3_LGT723F_d34f65156182c545ea648093d502a95d
done saving checkpoint to out-novel-char3_LGT723F_d34f65156182c545ea648093d502a95d
model:LGT723F iter 13450: loss 2.1769, time 29655.65ms, mfu 5.24%
model:LGT723F iter 13460: loss 2.1984, time 2029.76ms, mfu 5.39%
model:LGT723F iter 13470: loss 2.4702, time 2028.08ms, mfu 5.53%
model:LGT723F iter 13480: loss 2.4106, time 2023.14ms, mfu 5.66%
model:LGT723F iter 13490: loss 2.3767, time 2019.40ms, mfu 5.77%
------average encoder activity 0.278
-----------average decoder density 0.5563
step 13500: train loss 2.2341, val loss 2.2976
saving checkpoint to out-novel-char3_LGT723F_d34f65156182c545ea648093d502a95d
done saving checkpoint to out-novel-char3_LGT723F_d34f65156182c545ea648093d502a95d
model:LGT723F iter 13500: loss 2.0764, time 30165.06ms, mfu 5.24%
model:LGT723F iter 13510: loss 2.4245, time 2024.66ms, mfu 5.39%
model:LGT723F iter 13520: loss 2.5290, time 2024.71ms, mfu 5.53%
model:LGT723F iter 13530: loss 1.8745, time 2027.27ms, mfu 5.65%
model:LGT723F iter 13540: loss 2.2981, time 2021.62ms, mfu 5.77%
------average encoder activity 0.279
-----------average decoder density 0.5188
step 13550: train loss 2.2261, val loss 2.3326
saving checkpoint to out-novel-char3_LGT723F_d34f65156182c545ea648093d502a95d
done saving checkpoint to out-novel-char3_LGT723F_d34f65156182c545ea648093d502a95d
model:LGT723F iter 13550: loss 2.2170, time 29930.02ms, mfu 5.24%
model:LGT723F iter 13560: loss 2.1833, time 2020.43ms, mfu 5.39%
model:LGT723F iter 13570: loss 1.9545, time 2021.40ms, mfu 5.53%
model:LGT723F iter 13580: loss 2.4741, time 2024.10ms, mfu 5.66%
model:LGT723F iter 13590: loss 1.9346, time 2021.41ms, mfu 5.77%
------average encoder activity 0.279
-----------average decoder density 0.5464
step 13600: train loss 2.2381, val loss 2.3482
saving checkpoint to out-novel-char3_LGT723F_d34f65156182c545ea648093d502a95d
done saving checkpoint to out-novel-char3_LGT723F_d34f65156182c545ea648093d502a95d
model:LGT723F iter 13600: loss 1.9355, time 29871.24ms, mfu 5.24%
model:LGT723F iter 13610: loss 2.5208, time 2030.08ms, mfu 5.39%
model:LGT723F iter 13620: loss 2.1532, time 2018.50ms, mfu 5.53%
model:LGT723F iter 13630: loss 2.3128, time 2024.01ms, mfu 5.66%
model:LGT723F iter 13640: loss 2.2574, time 2016.77ms, mfu 5.77%
------average encoder activity 0.282
-----------average decoder density 0.5187
step 13650: train loss 2.2319, val loss 2.3605
saving checkpoint to out-novel-char3_LGT723F_d34f65156182c545ea648093d502a95d
done saving checkpoint to out-novel-char3_LGT723F_d34f65156182c545ea648093d502a95d
model:LGT723F iter 13650: loss 2.5250, time 29690.00ms, mfu 5.24%
model:LGT723F iter 13660: loss 2.1939, time 2025.49ms, mfu 5.39%
model:LGT723F iter 13670: loss 2.0921, time 2028.54ms, mfu 5.53%
model:LGT723F iter 13680: loss 2.2671, time 2021.97ms, mfu 5.66%
model:LGT723F iter 13690: loss 2.2769, time 2014.05ms, mfu 5.77%
------average encoder activity 0.283
-----------average decoder density 0.5460
step 13700: train loss 2.2140, val loss 2.3024
saving checkpoint to out-novel-char3_LGT723F_d34f65156182c545ea648093d502a95d
done saving checkpoint to out-novel-char3_LGT723F_d34f65156182c545ea648093d502a95d
model:LGT723F iter 13700: loss 2.0587, time 29394.37ms, mfu 5.24%
model:LGT723F iter 13710: loss 2.5213, time 2025.61ms, mfu 5.40%
model:LGT723F iter 13720: loss 2.5730, time 2030.08ms, mfu 5.53%
model:LGT723F iter 13730: loss 2.0868, time 2018.05ms, mfu 5.66%
model:LGT723F iter 13740: loss 2.0624, time 2024.36ms, mfu 5.77%
------average encoder activity 0.282
-----------average decoder density 0.5141
step 13750: train loss 2.2248, val loss 2.3119
saving checkpoint to out-novel-char3_LGT723F_d34f65156182c545ea648093d502a95d
done saving checkpoint to out-novel-char3_LGT723F_d34f65156182c545ea648093d502a95d
model:LGT723F iter 13750: loss 2.1052, time 29841.20ms, mfu 5.24%
model:LGT723F iter 13760: loss 2.4314, time 2020.03ms, mfu 5.40%
model:LGT723F iter 13770: loss 2.1577, time 2020.20ms, mfu 5.54%
model:LGT723F iter 13780: loss 2.2901, time 2025.36ms, mfu 5.66%
model:LGT723F iter 13790: loss 1.9893, time 2024.87ms, mfu 5.77%
------average encoder activity 0.284
-----------average decoder density 0.5296
step 13800: train loss 2.2088, val loss 2.3192
saving checkpoint to out-novel-char3_LGT723F_d34f65156182c545ea648093d502a95d
done saving checkpoint to out-novel-char3_LGT723F_d34f65156182c545ea648093d502a95d
model:LGT723F iter 13800: loss 2.0909, time 29892.24ms, mfu 5.24%
model:LGT723F iter 13810: loss 2.1182, time 2026.34ms, mfu 5.39%
model:LGT723F iter 13820: loss 2.3127, time 2024.16ms, mfu 5.53%
model:LGT723F iter 13830: loss 2.3305, time 2023.91ms, mfu 5.66%
model:LGT723F iter 13840: loss 2.3339, time 2018.56ms, mfu 5.77%
------average encoder activity 0.284
-----------average decoder density 0.5159
step 13850: train loss 2.2077, val loss 2.3194
saving checkpoint to out-novel-char3_LGT723F_d34f65156182c545ea648093d502a95d
done saving checkpoint to out-novel-char3_LGT723F_d34f65156182c545ea648093d502a95d
model:LGT723F iter 13850: loss 2.2890, time 29841.42ms, mfu 5.24%
model:LGT723F iter 13860: loss 2.2299, time 2022.29ms, mfu 5.39%
model:LGT723F iter 13870: loss 2.1581, time 2023.76ms, mfu 5.53%
model:LGT723F iter 13880: loss 2.4676, time 2018.20ms, mfu 5.66%
model:LGT723F iter 13890: loss 2.3549, time 2020.45ms, mfu 5.77%
------average encoder activity 0.286
-----------average decoder density 0.5109
step 13900: train loss 2.2077, val loss 2.3017
saving checkpoint to out-novel-char3_LGT723F_d34f65156182c545ea648093d502a95d
done saving checkpoint to out-novel-char3_LGT723F_d34f65156182c545ea648093d502a95d
model:LGT723F iter 13900: loss 2.2005, time 29527.78ms, mfu 5.24%
model:LGT723F iter 13910: loss 2.5341, time 2024.55ms, mfu 5.40%
model:LGT723F iter 13920: loss 2.2928, time 2016.38ms, mfu 5.54%
model:LGT723F iter 13930: loss 2.2827, time 2023.21ms, mfu 5.66%
model:LGT723F iter 13940: loss 2.2269, time 2026.78ms, mfu 5.77%
------average encoder activity 0.286
-----------average decoder density 0.5452
step 13950: train loss 2.2042, val loss 2.3141
saving checkpoint to out-novel-char3_LGT723F_d34f65156182c545ea648093d502a95d
done saving checkpoint to out-novel-char3_LGT723F_d34f65156182c545ea648093d502a95d
model:LGT723F iter 13950: loss 2.0349, time 29871.35ms, mfu 5.24%
model:LGT723F iter 13960: loss 2.0970, time 2025.61ms, mfu 5.39%
model:LGT723F iter 13970: loss 2.3395, time 2017.76ms, mfu 5.54%
model:LGT723F iter 13980: loss 2.0999, time 2023.52ms, mfu 5.66%
model:LGT723F iter 13990: loss 2.3297, time 2020.78ms, mfu 5.77%
------average encoder activity 0.287
-----------average decoder density 0.5152
step 14000: train loss 2.2163, val loss 2.3179
saving checkpoint to out-novel-char3_LGT723F_d34f65156182c545ea648093d502a95d
done saving checkpoint to out-novel-char3_LGT723F_d34f65156182c545ea648093d502a95d
model:LGT723F iter 14000: loss 2.3121, time 29757.44ms, mfu 5.24%
model:LGT723F iter 14010: loss 2.0878, time 2029.07ms, mfu 5.39%
model:LGT723F iter 14020: loss 2.4420, time 2021.48ms, mfu 5.53%
model:LGT723F iter 14030: loss 2.1225, time 2027.34ms, mfu 5.66%
model:LGT723F iter 14040: loss 2.1469, time 2030.78ms, mfu 5.77%
------average encoder activity 0.288
-----------average decoder density 0.5441
step 14050: train loss 2.2135, val loss 2.3200
saving checkpoint to out-novel-char3_LGT723F_d34f65156182c545ea648093d502a95d
done saving checkpoint to out-novel-char3_LGT723F_d34f65156182c545ea648093d502a95d
model:LGT723F iter 14050: loss 2.2514, time 29895.27ms, mfu 5.24%
model:LGT723F iter 14060: loss 2.2962, time 2020.93ms, mfu 5.39%
model:LGT723F iter 14070: loss 2.2094, time 2026.46ms, mfu 5.53%
model:LGT723F iter 14080: loss 2.3167, time 2017.35ms, mfu 5.66%
model:LGT723F iter 14090: loss 2.4807, time 2021.17ms, mfu 5.77%
------average encoder activity 0.288
-----------average decoder density 0.5405
step 14100: train loss 2.2244, val loss 2.3133
saving checkpoint to out-novel-char3_LGT723F_d34f65156182c545ea648093d502a95d
done saving checkpoint to out-novel-char3_LGT723F_d34f65156182c545ea648093d502a95d
model:LGT723F iter 14100: loss 2.2013, time 29857.93ms, mfu 5.24%
model:LGT723F iter 14110: loss 1.9708, time 2028.35ms, mfu 5.39%
model:LGT723F iter 14120: loss 2.2607, time 2019.60ms, mfu 5.53%
model:LGT723F iter 14130: loss 2.2570, time 2017.26ms, mfu 5.66%
model:LGT723F iter 14140: loss 2.4826, time 2018.81ms, mfu 5.77%
------average encoder activity 0.292
-----------average decoder density 0.5244
step 14150: train loss 2.2089, val loss 2.2889
saving checkpoint to out-novel-char3_LGT723F_d34f65156182c545ea648093d502a95d
done saving checkpoint to out-novel-char3_LGT723F_d34f65156182c545ea648093d502a95d
model:LGT723F iter 14150: loss 2.1812, time 29615.89ms, mfu 5.24%
model:LGT723F iter 14160: loss 2.1484, time 2024.74ms, mfu 5.40%
model:LGT723F iter 14170: loss 2.4596, time 2025.55ms, mfu 5.53%
model:LGT723F iter 14180: loss 2.2486, time 2023.63ms, mfu 5.66%
model:LGT723F iter 14190: loss 2.1502, time 2025.18ms, mfu 5.77%
------average encoder activity 0.292
-----------average decoder density 0.5488
step 14200: train loss 2.2252, val loss 2.3175
saving checkpoint to out-novel-char3_LGT723F_d34f65156182c545ea648093d502a95d
done saving checkpoint to out-novel-char3_LGT723F_d34f65156182c545ea648093d502a95d
model:LGT723F iter 14200: loss 2.2716, time 29672.10ms, mfu 5.24%
model:LGT723F iter 14210: loss 2.2149, time 2020.76ms, mfu 5.39%
model:LGT723F iter 14220: loss 2.4823, time 2023.37ms, mfu 5.53%
model:LGT723F iter 14230: loss 2.0424, time 2020.76ms, mfu 5.66%
model:LGT723F iter 14240: loss 2.2822, time 2025.48ms, mfu 5.77%
------average encoder activity 0.290
-----------average decoder density 0.5133
step 14250: train loss 2.1973, val loss 2.2914
saving checkpoint to out-novel-char3_LGT723F_d34f65156182c545ea648093d502a95d
done saving checkpoint to out-novel-char3_LGT723F_d34f65156182c545ea648093d502a95d
model:LGT723F iter 14250: loss 2.3205, time 29735.59ms, mfu 5.24%
model:LGT723F iter 14260: loss 2.1768, time 2019.83ms, mfu 5.40%
model:LGT723F iter 14270: loss 2.4046, time 2027.71ms, mfu 5.53%
model:LGT723F iter 14280: loss 2.0874, time 2020.34ms, mfu 5.66%
model:LGT723F iter 14290: loss 2.3403, time 2016.21ms, mfu 5.77%
------average encoder activity 0.294
-----------average decoder density 0.5063
step 14300: train loss 2.1875, val loss 2.3062
saving checkpoint to out-novel-char3_LGT723F_d34f65156182c545ea648093d502a95d
done saving checkpoint to out-novel-char3_LGT723F_d34f65156182c545ea648093d502a95d
model:LGT723F iter 14300: loss 2.1637, time 29536.58ms, mfu 5.24%
model:LGT723F iter 14310: loss 2.3013, time 2013.99ms, mfu 5.40%
model:LGT723F iter 14320: loss 2.3534, time 2015.23ms, mfu 5.54%
model:LGT723F iter 14330: loss 2.3554, time 2018.00ms, mfu 5.67%
model:LGT723F iter 14340: loss 2.0596, time 2015.11ms, mfu 5.78%
------average encoder activity 0.295
-----------average decoder density 0.5534
step 14350: train loss 2.2058, val loss 2.3099
saving checkpoint to out-novel-char3_LGT723F_d34f65156182c545ea648093d502a95d
done saving checkpoint to out-novel-char3_LGT723F_d34f65156182c545ea648093d502a95d
model:LGT723F iter 14350: loss 2.5399, time 29710.23ms, mfu 5.25%
model:LGT723F iter 14360: loss 2.3032, time 2025.50ms, mfu 5.40%
model:LGT723F iter 14370: loss 2.1876, time 2026.91ms, mfu 5.54%
model:LGT723F iter 14380: loss 2.0841, time 2022.60ms, mfu 5.66%
model:LGT723F iter 14390: loss 2.0677, time 2021.17ms, mfu 5.78%
------average encoder activity 0.293
-----------average decoder density 0.5684
step 14400: train loss 2.2142, val loss 2.3150
saving checkpoint to out-novel-char3_LGT723F_d34f65156182c545ea648093d502a95d
done saving checkpoint to out-novel-char3_LGT723F_d34f65156182c545ea648093d502a95d
model:LGT723F iter 14400: loss 2.3284, time 29858.32ms, mfu 5.24%
model:LGT723F iter 14410: loss 2.2995, time 2025.53ms, mfu 5.40%
model:LGT723F iter 14420: loss 2.0935, time 2023.58ms, mfu 5.54%
model:LGT723F iter 14430: loss 2.2692, time 2020.11ms, mfu 5.66%
model:LGT723F iter 14440: loss 2.4737, time 2024.10ms, mfu 5.77%
------average encoder activity 0.296
-----------average decoder density 0.5159
step 14450: train loss 2.2006, val loss 2.2849
saving checkpoint to out-novel-char3_LGT723F_d34f65156182c545ea648093d502a95d
done saving checkpoint to out-novel-char3_LGT723F_d34f65156182c545ea648093d502a95d
model:LGT723F iter 14450: loss 2.0865, time 29907.37ms, mfu 5.24%
model:LGT723F iter 14460: loss 2.3493, time 2024.43ms, mfu 5.40%
model:LGT723F iter 14470: loss 1.9419, time 2023.92ms, mfu 5.53%
model:LGT723F iter 14480: loss 1.8568, time 2023.19ms, mfu 5.66%
model:LGT723F iter 14490: loss 2.0966, time 2020.06ms, mfu 5.77%
------average encoder activity 0.298
-----------average decoder density 0.5078
step 14500: train loss 2.2104, val loss 2.2900
saving checkpoint to out-novel-char3_LGT723F_d34f65156182c545ea648093d502a95d
done saving checkpoint to out-novel-char3_LGT723F_d34f65156182c545ea648093d502a95d
model:LGT723F iter 14500: loss 2.0409, time 29606.98ms, mfu 5.24%
model:LGT723F iter 14510: loss 2.4437, time 2020.90ms, mfu 5.40%
model:LGT723F iter 14520: loss 2.2641, time 2021.48ms, mfu 5.54%
model:LGT723F iter 14530: loss 2.0000, time 2024.29ms, mfu 5.66%
model:LGT723F iter 14540: loss 2.2784, time 2024.52ms, mfu 5.77%
------average encoder activity 0.297
-----------average decoder density 0.5176
step 14550: train loss 2.2165, val loss 2.2858
saving checkpoint to out-novel-char3_LGT723F_d34f65156182c545ea648093d502a95d
done saving checkpoint to out-novel-char3_LGT723F_d34f65156182c545ea648093d502a95d
model:LGT723F iter 14550: loss 2.4525, time 29710.66ms, mfu 5.24%
model:LGT723F iter 14560: loss 2.1191, time 2016.57ms, mfu 5.40%
model:LGT723F iter 14570: loss 2.2507, time 2028.58ms, mfu 5.53%
model:LGT723F iter 14580: loss 2.2686, time 2023.83ms, mfu 5.66%
model:LGT723F iter 14590: loss 2.1710, time 2024.50ms, mfu 5.77%
------average encoder activity 0.300
-----------average decoder density 0.5174
step 14600: train loss 2.1772, val loss 2.2814
saving checkpoint to out-novel-char3_LGT723F_d34f65156182c545ea648093d502a95d
done saving checkpoint to out-novel-char3_LGT723F_d34f65156182c545ea648093d502a95d
model:LGT723F iter 14600: loss 2.2736, time 29777.76ms, mfu 5.24%
model:LGT723F iter 14610: loss 2.1752, time 2023.67ms, mfu 5.39%
model:LGT723F iter 14620: loss 1.9066, time 2023.71ms, mfu 5.53%
model:LGT723F iter 14630: loss 2.3430, time 2022.63ms, mfu 5.66%
model:LGT723F iter 14640: loss 2.4341, time 2025.45ms, mfu 5.77%
------average encoder activity 0.299
-----------average decoder density 0.5610
step 14650: train loss 2.2057, val loss 2.2925
saving checkpoint to out-novel-char3_LGT723F_d34f65156182c545ea648093d502a95d
done saving checkpoint to out-novel-char3_LGT723F_d34f65156182c545ea648093d502a95d
model:LGT723F iter 14650: loss 2.1369, time 29870.85ms, mfu 5.24%
model:LGT723F iter 14660: loss 2.3098, time 2020.73ms, mfu 5.39%
model:LGT723F iter 14670: loss 2.4138, time 2021.32ms, mfu 5.53%
model:LGT723F iter 14680: loss 2.5074, time 2022.54ms, mfu 5.66%
model:LGT723F iter 14690: loss 2.0901, time 2018.11ms, mfu 5.77%
------average encoder activity 0.302
-----------average decoder density 0.5526
step 14700: train loss 2.2020, val loss 2.2852
saving checkpoint to out-novel-char3_LGT723F_d34f65156182c545ea648093d502a95d
done saving checkpoint to out-novel-char3_LGT723F_d34f65156182c545ea648093d502a95d
model:LGT723F iter 14700: loss 2.3231, time 29824.45ms, mfu 5.24%
model:LGT723F iter 14710: loss 2.2457, time 2018.37ms, mfu 5.40%
model:LGT723F iter 14720: loss 2.1022, time 2025.04ms, mfu 5.54%
model:LGT723F iter 14730: loss 2.2763, time 2020.73ms, mfu 5.66%
model:LGT723F iter 14740: loss 2.2191, time 2025.04ms, mfu 5.77%
------average encoder activity 0.302
-----------average decoder density 0.5456
step 14750: train loss 2.1885, val loss 2.2878
saving checkpoint to out-novel-char3_LGT723F_d34f65156182c545ea648093d502a95d
done saving checkpoint to out-novel-char3_LGT723F_d34f65156182c545ea648093d502a95d
model:LGT723F iter 14750: loss 2.1382, time 29761.92ms, mfu 5.24%
model:LGT723F iter 14760: loss 2.3228, time 2024.95ms, mfu 5.40%
model:LGT723F iter 14770: loss 2.4370, time 2018.61ms, mfu 5.54%
model:LGT723F iter 14780: loss 2.2082, time 2025.36ms, mfu 5.66%
model:LGT723F iter 14790: loss 2.2369, time 2017.35ms, mfu 5.77%
------average encoder activity 0.302
-----------average decoder density 0.5191
step 14800: train loss 2.2167, val loss 2.2815
saving checkpoint to out-novel-char3_LGT723F_d34f65156182c545ea648093d502a95d
done saving checkpoint to out-novel-char3_LGT723F_d34f65156182c545ea648093d502a95d
model:LGT723F iter 14800: loss 2.1255, time 29633.54ms, mfu 5.24%
model:LGT723F iter 14810: loss 2.1078, time 2017.35ms, mfu 5.40%
model:LGT723F iter 14820: loss 2.0680, time 2015.61ms, mfu 5.54%
model:LGT723F iter 14830: loss 2.0289, time 2018.37ms, mfu 5.67%
model:LGT723F iter 14840: loss 2.2750, time 2019.44ms, mfu 5.78%
------average encoder activity 0.303
-----------average decoder density 0.5148
step 14850: train loss 2.1711, val loss 2.2847
saving checkpoint to out-novel-char3_LGT723F_d34f65156182c545ea648093d502a95d
done saving checkpoint to out-novel-char3_LGT723F_d34f65156182c545ea648093d502a95d
model:LGT723F iter 14850: loss 2.0953, time 29647.64ms, mfu 5.25%
model:LGT723F iter 14860: loss 2.1810, time 2024.53ms, mfu 5.40%
model:LGT723F iter 14870: loss 2.4008, time 2024.76ms, mfu 5.54%
model:LGT723F iter 14880: loss 2.2827, time 2023.08ms, mfu 5.66%
model:LGT723F iter 14890: loss 2.1129, time 2023.53ms, mfu 5.77%
------average encoder activity 0.305
-----------average decoder density 0.5394
step 14900: train loss 2.1804, val loss 2.2973
saving checkpoint to out-novel-char3_LGT723F_d34f65156182c545ea648093d502a95d
done saving checkpoint to out-novel-char3_LGT723F_d34f65156182c545ea648093d502a95d
model:LGT723F iter 14900: loss 2.2632, time 30036.73ms, mfu 5.24%
model:LGT723F iter 14910: loss 2.4712, time 2022.00ms, mfu 5.40%
model:LGT723F iter 14920: loss 2.1038, time 2022.27ms, mfu 5.54%
model:LGT723F iter 14930: loss 2.3917, time 2021.49ms, mfu 5.66%
model:LGT723F iter 14940: loss 2.2390, time 2026.23ms, mfu 5.77%
------average encoder activity 0.305
-----------average decoder density 0.5543
step 14950: train loss 2.1731, val loss 2.2643
saving checkpoint to out-novel-char3_LGT723F_d34f65156182c545ea648093d502a95d
done saving checkpoint to out-novel-char3_LGT723F_d34f65156182c545ea648093d502a95d
model:LGT723F iter 14950: loss 1.9938, time 29630.47ms, mfu 5.24%
model:LGT723F iter 14960: loss 2.0681, time 2010.75ms, mfu 5.40%
model:LGT723F iter 14970: loss 2.2352, time 2027.74ms, mfu 5.54%
model:LGT723F iter 14980: loss 1.9397, time 2023.47ms, mfu 5.66%
model:LGT723F iter 14990: loss 2.4643, time 2025.23ms, mfu 5.77%
------average encoder activity 0.307
-----------average decoder density 0.5157
step 15000: train loss 2.1766, val loss 2.2790
saving checkpoint to out-novel-char3_LGT723F_d34f65156182c545ea648093d502a95d
done saving checkpoint to out-novel-char3_LGT723F_d34f65156182c545ea648093d502a95d
model:LGT723F iter 15000: loss 2.0346, time 29895.90ms, mfu 5.24%
model:LGT723F iter 15010: loss 2.6094, time 2020.24ms, mfu 5.40%
model:LGT723F iter 15020: loss 2.3709, time 2024.27ms, mfu 5.54%
model:LGT723F iter 15030: loss 2.3853, time 2027.96ms, mfu 5.66%
model:LGT723F iter 15040: loss 2.4524, time 2023.85ms, mfu 5.77%
------average encoder activity 0.308
-----------average decoder density 0.5422
step 15050: train loss 2.1569, val loss 2.2793
saving checkpoint to out-novel-char3_LGT723F_d34f65156182c545ea648093d502a95d
done saving checkpoint to out-novel-char3_LGT723F_d34f65156182c545ea648093d502a95d
model:LGT723F iter 15050: loss 2.5897, time 29457.37ms, mfu 5.24%
model:LGT723F iter 15060: loss 2.1473, time 2014.95ms, mfu 5.40%
model:LGT723F iter 15070: loss 2.2593, time 2023.29ms, mfu 5.54%
model:LGT723F iter 15080: loss 1.7957, time 2021.73ms, mfu 5.66%
model:LGT723F iter 15090: loss 2.2710, time 2019.11ms, mfu 5.77%
------average encoder activity 0.309
-----------average decoder density 0.5266
step 15100: train loss 2.1725, val loss 2.2866
saving checkpoint to out-novel-char3_LGT723F_d34f65156182c545ea648093d502a95d
done saving checkpoint to out-novel-char3_LGT723F_d34f65156182c545ea648093d502a95d
model:LGT723F iter 15100: loss 2.4053, time 29749.91ms, mfu 5.24%
model:LGT723F iter 15110: loss 2.0660, time 2022.60ms, mfu 5.40%
model:LGT723F iter 15120: loss 2.3828, time 2025.63ms, mfu 5.54%
model:LGT723F iter 15130: loss 2.0922, time 2020.35ms, mfu 5.66%
model:LGT723F iter 15140: loss 2.6705, time 2020.30ms, mfu 5.77%
------average encoder activity 0.307
-----------average decoder density 0.5211
step 15150: train loss 2.1711, val loss 2.2407
saving checkpoint to out-novel-char3_LGT723F_d34f65156182c545ea648093d502a95d
done saving checkpoint to out-novel-char3_LGT723F_d34f65156182c545ea648093d502a95d
model:LGT723F iter 15150: loss 1.9927, time 29803.78ms, mfu 5.24%
model:LGT723F iter 15160: loss 2.1473, time 2018.75ms, mfu 5.40%
model:LGT723F iter 15170: loss 2.2866, time 2021.31ms, mfu 5.54%
model:LGT723F iter 15180: loss 2.2418, time 2024.73ms, mfu 5.66%
model:LGT723F iter 15190: loss 2.1939, time 2023.33ms, mfu 5.77%
------average encoder activity 0.307
-----------average decoder density 0.5456
step 15200: train loss 2.1643, val loss 2.2761
saving checkpoint to out-novel-char3_LGT723F_d34f65156182c545ea648093d502a95d
done saving checkpoint to out-novel-char3_LGT723F_d34f65156182c545ea648093d502a95d
model:LGT723F iter 15200: loss 2.2778, time 29603.76ms, mfu 5.24%
model:LGT723F iter 15210: loss 2.1660, time 2020.77ms, mfu 5.40%
model:LGT723F iter 15220: loss 2.1983, time 2017.01ms, mfu 5.54%
model:LGT723F iter 15230: loss 1.9536, time 2019.25ms, mfu 5.66%
model:LGT723F iter 15240: loss 2.3103, time 2021.06ms, mfu 5.78%
------average encoder activity 0.310
-----------average decoder density 0.5429
step 15250: train loss 2.2043, val loss 2.2371
saving checkpoint to out-novel-char3_LGT723F_d34f65156182c545ea648093d502a95d
done saving checkpoint to out-novel-char3_LGT723F_d34f65156182c545ea648093d502a95d
model:LGT723F iter 15250: loss 2.0390, time 29673.61ms, mfu 5.25%
model:LGT723F iter 15260: loss 2.2960, time 2016.68ms, mfu 5.40%
model:LGT723F iter 15270: loss 2.1832, time 2021.03ms, mfu 5.54%
model:LGT723F iter 15280: loss 2.3120, time 2020.52ms, mfu 5.67%
model:LGT723F iter 15290: loss 2.6402, time 2023.43ms, mfu 5.78%
------average encoder activity 0.310
-----------average decoder density 0.5174
step 15300: train loss 2.1657, val loss 2.2781
saving checkpoint to out-novel-char3_LGT723F_d34f65156182c545ea648093d502a95d
done saving checkpoint to out-novel-char3_LGT723F_d34f65156182c545ea648093d502a95d
model:LGT723F iter 15300: loss 2.0020, time 29668.98ms, mfu 5.25%
model:LGT723F iter 15310: loss 2.2416, time 2024.91ms, mfu 5.40%
model:LGT723F iter 15320: loss 2.6901, time 2020.36ms, mfu 5.54%
model:LGT723F iter 15330: loss 2.1302, time 2016.10ms, mfu 5.67%
model:LGT723F iter 15340: loss 1.8850, time 2028.15ms, mfu 5.78%
------average encoder activity 0.312
-----------average decoder density 0.5282
step 15350: train loss 2.1371, val loss 2.2594
saving checkpoint to out-novel-char3_LGT723F_d34f65156182c545ea648093d502a95d
done saving checkpoint to out-novel-char3_LGT723F_d34f65156182c545ea648093d502a95d
model:LGT723F iter 15350: loss 2.3074, time 29754.21ms, mfu 5.24%
model:LGT723F iter 15360: loss 2.2582, time 2031.44ms, mfu 5.40%
model:LGT723F iter 15370: loss 2.1750, time 2031.80ms, mfu 5.53%
model:LGT723F iter 15380: loss 2.2576, time 2022.50ms, mfu 5.66%
model:LGT723F iter 15390: loss 2.3212, time 2028.88ms, mfu 5.77%
------average encoder activity 0.311
-----------average decoder density 0.5188
step 15400: train loss 2.1570, val loss 2.2485
saving checkpoint to out-novel-char3_LGT723F_d34f65156182c545ea648093d502a95d
done saving checkpoint to out-novel-char3_LGT723F_d34f65156182c545ea648093d502a95d
model:LGT723F iter 15400: loss 2.1943, time 30000.46ms, mfu 5.24%
model:LGT723F iter 15410: loss 2.1297, time 2031.00ms, mfu 5.39%
model:LGT723F iter 15420: loss 2.1178, time 2030.39ms, mfu 5.53%
model:LGT723F iter 15430: loss 2.2344, time 2026.62ms, mfu 5.65%
model:LGT723F iter 15440: loss 2.2233, time 2023.10ms, mfu 5.76%
------average encoder activity 0.310
-----------average decoder density 0.5261
step 15450: train loss 2.1534, val loss 2.2586
saving checkpoint to out-novel-char3_LGT723F_d34f65156182c545ea648093d502a95d
done saving checkpoint to out-novel-char3_LGT723F_d34f65156182c545ea648093d502a95d
model:LGT723F iter 15450: loss 2.1918, time 29752.68ms, mfu 5.23%
model:LGT723F iter 15460: loss 2.5800, time 2029.17ms, mfu 5.39%
model:LGT723F iter 15470: loss 2.1128, time 2027.16ms, mfu 5.52%
model:LGT723F iter 15480: loss 2.4397, time 2022.80ms, mfu 5.65%
model:LGT723F iter 15490: loss 2.0846, time 2027.51ms, mfu 5.76%
------average encoder activity 0.313
-----------average decoder density 0.5190
step 15500: train loss 2.1720, val loss 2.2710
saving checkpoint to out-novel-char3_LGT723F_d34f65156182c545ea648093d502a95d
done saving checkpoint to out-novel-char3_LGT723F_d34f65156182c545ea648093d502a95d
model:LGT723F iter 15500: loss 2.1554, time 29934.61ms, mfu 5.23%
model:LGT723F iter 15510: loss 2.1397, time 2016.88ms, mfu 5.39%
model:LGT723F iter 15520: loss 2.2128, time 2032.09ms, mfu 5.53%
model:LGT723F iter 15530: loss 2.1824, time 2031.02ms, mfu 5.65%
model:LGT723F iter 15540: loss 2.3250, time 2025.53ms, mfu 5.76%
------average encoder activity 0.310
-----------average decoder density 0.5198
step 15550: train loss 2.1483, val loss 2.2484
saving checkpoint to out-novel-char3_LGT723F_d34f65156182c545ea648093d502a95d
done saving checkpoint to out-novel-char3_LGT723F_d34f65156182c545ea648093d502a95d
model:LGT723F iter 15550: loss 2.3584, time 29731.61ms, mfu 5.23%
model:LGT723F iter 15560: loss 2.3547, time 2023.00ms, mfu 5.39%
model:LGT723F iter 15570: loss 2.1582, time 2021.69ms, mfu 5.53%
model:LGT723F iter 15580: loss 2.1906, time 2029.18ms, mfu 5.65%
model:LGT723F iter 15590: loss 2.3217, time 2032.08ms, mfu 5.76%
------average encoder activity 0.310
-----------average decoder density 0.5421
step 15600: train loss 2.1476, val loss 2.2743
saving checkpoint to out-novel-char3_LGT723F_d34f65156182c545ea648093d502a95d
done saving checkpoint to out-novel-char3_LGT723F_d34f65156182c545ea648093d502a95d
model:LGT723F iter 15600: loss 2.1700, time 29941.30ms, mfu 5.23%
model:LGT723F iter 15610: loss 2.3682, time 2018.24ms, mfu 5.39%
model:LGT723F iter 15620: loss 2.1377, time 2023.78ms, mfu 5.53%
model:LGT723F iter 15630: loss 2.2160, time 2023.43ms, mfu 5.65%
model:LGT723F iter 15640: loss 2.6894, time 2022.92ms, mfu 5.77%
------average encoder activity 0.311
-----------average decoder density 0.5154
step 15650: train loss 2.1632, val loss 2.2542
saving checkpoint to out-novel-char3_LGT723F_d34f65156182c545ea648093d502a95d
done saving checkpoint to out-novel-char3_LGT723F_d34f65156182c545ea648093d502a95d
model:LGT723F iter 15650: loss 2.3794, time 29835.76ms, mfu 5.24%
model:LGT723F iter 15660: loss 2.3228, time 2022.87ms, mfu 5.39%
model:LGT723F iter 15670: loss 2.1634, time 2018.40ms, mfu 5.53%
model:LGT723F iter 15680: loss 2.1299, time 2021.85ms, mfu 5.66%
model:LGT723F iter 15690: loss 1.8310, time 2022.98ms, mfu 5.77%
------average encoder activity 0.312
-----------average decoder density 0.5201
step 15700: train loss 2.1680, val loss 2.2784
saving checkpoint to out-novel-char3_LGT723F_d34f65156182c545ea648093d502a95d
done saving checkpoint to out-novel-char3_LGT723F_d34f65156182c545ea648093d502a95d
model:LGT723F iter 15700: loss 2.1962, time 29578.12ms, mfu 5.24%
model:LGT723F iter 15710: loss 1.8042, time 2024.27ms, mfu 5.39%
model:LGT723F iter 15720: loss 1.9320, time 2019.54ms, mfu 5.53%
model:LGT723F iter 15730: loss 2.2384, time 2022.01ms, mfu 5.66%
model:LGT723F iter 15740: loss 2.3145, time 2020.61ms, mfu 5.77%
------average encoder activity 0.313
-----------average decoder density 0.5195
step 15750: train loss 2.1472, val loss 2.2680
saving checkpoint to out-novel-char3_LGT723F_d34f65156182c545ea648093d502a95d
done saving checkpoint to out-novel-char3_LGT723F_d34f65156182c545ea648093d502a95d
model:LGT723F iter 15750: loss 2.5578, time 29746.78ms, mfu 5.24%
model:LGT723F iter 15760: loss 1.8365, time 2023.43ms, mfu 5.40%
model:LGT723F iter 15770: loss 2.1759, time 2018.93ms, mfu 5.54%
model:LGT723F iter 15780: loss 2.4369, time 2029.24ms, mfu 5.66%
model:LGT723F iter 15790: loss 2.3290, time 2019.75ms, mfu 5.77%
------average encoder activity 0.313
-----------average decoder density 0.5292
step 15800: train loss 2.1291, val loss 2.2677
saving checkpoint to out-novel-char3_LGT723F_d34f65156182c545ea648093d502a95d
done saving checkpoint to out-novel-char3_LGT723F_d34f65156182c545ea648093d502a95d
model:LGT723F iter 15800: loss 2.2734, time 29856.19ms, mfu 5.24%
model:LGT723F iter 15810: loss 2.1785, time 2023.38ms, mfu 5.39%
model:LGT723F iter 15820: loss 2.2500, time 2029.59ms, mfu 5.53%
model:LGT723F iter 15830: loss 2.6684, time 2019.61ms, mfu 5.66%
model:LGT723F iter 15840: loss 2.5759, time 2025.85ms, mfu 5.77%
------average encoder activity 0.314
-----------average decoder density 0.5228
step 15850: train loss 2.1292, val loss 2.2347
saving checkpoint to out-novel-char3_LGT723F_d34f65156182c545ea648093d502a95d
done saving checkpoint to out-novel-char3_LGT723F_d34f65156182c545ea648093d502a95d
model:LGT723F iter 15850: loss 2.1404, time 29822.01ms, mfu 5.24%
model:LGT723F iter 15860: loss 2.0958, time 2022.82ms, mfu 5.39%
model:LGT723F iter 15870: loss 2.2703, time 2022.25ms, mfu 5.53%
model:LGT723F iter 15880: loss 2.0568, time 2020.62ms, mfu 5.66%
model:LGT723F iter 15890: loss 2.3873, time 2021.95ms, mfu 5.77%
------average encoder activity 0.312
-----------average decoder density 0.5179
step 15900: train loss 2.1333, val loss 2.2549
saving checkpoint to out-novel-char3_LGT723F_d34f65156182c545ea648093d502a95d
done saving checkpoint to out-novel-char3_LGT723F_d34f65156182c545ea648093d502a95d
model:LGT723F iter 15900: loss 2.1399, time 29950.39ms, mfu 5.24%
model:LGT723F iter 15910: loss 2.3263, time 2024.24ms, mfu 5.39%
model:LGT723F iter 15920: loss 2.0734, time 2030.61ms, mfu 5.53%
model:LGT723F iter 15930: loss 2.0949, time 2024.27ms, mfu 5.66%
model:LGT723F iter 15940: loss 2.4843, time 2020.68ms, mfu 5.77%
------average encoder activity 0.314
-----------average decoder density 0.5170
step 15950: train loss 2.1537, val loss 2.2717
saving checkpoint to out-novel-char3_LGT723F_d34f65156182c545ea648093d502a95d
done saving checkpoint to out-novel-char3_LGT723F_d34f65156182c545ea648093d502a95d
model:LGT723F iter 15950: loss 2.3256, time 29911.73ms, mfu 5.24%
model:LGT723F iter 15960: loss 2.1835, time 2024.64ms, mfu 5.39%
model:LGT723F iter 15970: loss 2.3172, time 2025.07ms, mfu 5.53%
model:LGT723F iter 15980: loss 2.0456, time 2026.06ms, mfu 5.65%
model:LGT723F iter 15990: loss 2.2096, time 2020.56ms, mfu 5.77%
------average encoder activity 0.315
-----------average decoder density 0.5156
step 16000: train loss 2.1346, val loss 2.2535
saving checkpoint to out-novel-char3_LGT723F_d34f65156182c545ea648093d502a95d
done saving checkpoint to out-novel-char3_LGT723F_d34f65156182c545ea648093d502a95d
model:LGT723F iter 16000: loss 2.2314, time 29613.15ms, mfu 5.24%
model:LGT723F iter 16010: loss 2.4515, time 2025.97ms, mfu 5.39%
model:LGT723F iter 16020: loss 2.3056, time 2020.81ms, mfu 5.53%
model:LGT723F iter 16030: loss 2.4451, time 2026.12ms, mfu 5.66%
model:LGT723F iter 16040: loss 2.1213, time 2023.20ms, mfu 5.77%
------average encoder activity 0.317
-----------average decoder density 0.5197
step 16050: train loss 2.1655, val loss 2.2429
saving checkpoint to out-novel-char3_LGT723F_d34f65156182c545ea648093d502a95d
done saving checkpoint to out-novel-char3_LGT723F_d34f65156182c545ea648093d502a95d
model:LGT723F iter 16050: loss 2.3311, time 29512.83ms, mfu 5.24%
model:LGT723F iter 16060: loss 2.4405, time 2024.10ms, mfu 5.39%
model:LGT723F iter 16070: loss 2.0614, time 2015.54ms, mfu 5.53%
model:LGT723F iter 16080: loss 2.1616, time 2023.45ms, mfu 5.66%
model:LGT723F iter 16090: loss 1.9645, time 2023.41ms, mfu 5.77%
------average encoder activity 0.317
-----------average decoder density 0.5479
step 16100: train loss 2.1604, val loss 2.2233
saving checkpoint to out-novel-char3_LGT723F_d34f65156182c545ea648093d502a95d
done saving checkpoint to out-novel-char3_LGT723F_d34f65156182c545ea648093d502a95d
model:LGT723F iter 16100: loss 2.1524, time 29735.63ms, mfu 5.24%
model:LGT723F iter 16110: loss 2.0547, time 2025.94ms, mfu 5.39%
model:LGT723F iter 16120: loss 2.2905, time 2025.92ms, mfu 5.53%
model:LGT723F iter 16130: loss 2.1255, time 2025.49ms, mfu 5.66%
model:LGT723F iter 16140: loss 2.0012, time 2024.42ms, mfu 5.77%
------average encoder activity 0.319
-----------average decoder density 0.5412
step 16150: train loss 2.1397, val loss 2.2175
saving checkpoint to out-novel-char3_LGT723F_d34f65156182c545ea648093d502a95d
done saving checkpoint to out-novel-char3_LGT723F_d34f65156182c545ea648093d502a95d
model:LGT723F iter 16150: loss 2.3183, time 29865.09ms, mfu 5.24%
model:LGT723F iter 16160: loss 2.2123, time 2024.03ms, mfu 5.39%
model:LGT723F iter 16170: loss 2.2966, time 2021.02ms, mfu 5.53%
model:LGT723F iter 16180: loss 2.0117, time 2021.24ms, mfu 5.66%
model:LGT723F iter 16190: loss 2.0485, time 2016.64ms, mfu 5.77%
------average encoder activity 0.321
-----------average decoder density 0.5334
step 16200: train loss 2.1289, val loss 2.2554
saving checkpoint to out-novel-char3_LGT723F_d34f65156182c545ea648093d502a95d
done saving checkpoint to out-novel-char3_LGT723F_d34f65156182c545ea648093d502a95d
model:LGT723F iter 16200: loss 2.0341, time 29535.65ms, mfu 5.24%
model:LGT723F iter 16210: loss 2.0231, time 2020.26ms, mfu 5.40%
model:LGT723F iter 16220: loss 2.2521, time 2021.91ms, mfu 5.54%
model:LGT723F iter 16230: loss 2.4103, time 2024.22ms, mfu 5.66%
model:LGT723F iter 16240: loss 1.9261, time 2020.69ms, mfu 5.77%
------average encoder activity 0.320
-----------average decoder density 0.5222
step 16250: train loss 2.1454, val loss 2.2569
saving checkpoint to out-novel-char3_LGT723F_d34f65156182c545ea648093d502a95d
done saving checkpoint to out-novel-char3_LGT723F_d34f65156182c545ea648093d502a95d
model:LGT723F iter 16250: loss 2.2671, time 29948.41ms, mfu 5.24%
model:LGT723F iter 16260: loss 2.0693, time 2019.99ms, mfu 5.40%
model:LGT723F iter 16270: loss 2.0436, time 2018.23ms, mfu 5.54%
model:LGT723F iter 16280: loss 2.2536, time 2018.97ms, mfu 5.66%
model:LGT723F iter 16290: loss 1.9236, time 2020.81ms, mfu 5.78%
------average encoder activity 0.320
-----------average decoder density 0.5290
step 16300: train loss 2.1308, val loss 2.2310
saving checkpoint to out-novel-char3_LGT723F_d34f65156182c545ea648093d502a95d
done saving checkpoint to out-novel-char3_LGT723F_d34f65156182c545ea648093d502a95d
model:LGT723F iter 16300: loss 2.3290, time 29859.63ms, mfu 5.24%
model:LGT723F iter 16310: loss 2.0616, time 2019.77ms, mfu 5.40%
model:LGT723F iter 16320: loss 2.4201, time 2023.80ms, mfu 5.54%
model:LGT723F iter 16330: loss 2.1418, time 2017.93ms, mfu 5.66%
model:LGT723F iter 16340: loss 2.3654, time 2023.56ms, mfu 5.78%
------average encoder activity 0.321
-----------average decoder density 0.5428
step 16350: train loss 2.1380, val loss 2.2596
saving checkpoint to out-novel-char3_LGT723F_d34f65156182c545ea648093d502a95d
done saving checkpoint to out-novel-char3_LGT723F_d34f65156182c545ea648093d502a95d
model:LGT723F iter 16350: loss 2.3812, time 29674.20ms, mfu 5.24%
model:LGT723F iter 16360: loss 2.3780, time 2021.12ms, mfu 5.40%
model:LGT723F iter 16370: loss 2.1515, time 2019.23ms, mfu 5.54%
model:LGT723F iter 16380: loss 2.0229, time 2027.69ms, mfu 5.66%
model:LGT723F iter 16390: loss 2.0135, time 2019.30ms, mfu 5.78%
------average encoder activity 0.317
-----------average decoder density 0.5197
step 16400: train loss 2.1413, val loss 2.2186
saving checkpoint to out-novel-char3_LGT723F_d34f65156182c545ea648093d502a95d
done saving checkpoint to out-novel-char3_LGT723F_d34f65156182c545ea648093d502a95d
model:LGT723F iter 16400: loss 2.1069, time 29823.09ms, mfu 5.24%
model:LGT723F iter 16410: loss 2.1161, time 2020.91ms, mfu 5.40%
model:LGT723F iter 16420: loss 2.6074, time 2020.29ms, mfu 5.54%
model:LGT723F iter 16430: loss 1.8381, time 2018.23ms, mfu 5.66%
model:LGT723F iter 16440: loss 1.9568, time 2023.12ms, mfu 5.78%
------average encoder activity 0.317
-----------average decoder density 0.5460
step 16450: train loss 2.1570, val loss 2.2294
saving checkpoint to out-novel-char3_LGT723F_d34f65156182c545ea648093d502a95d
done saving checkpoint to out-novel-char3_LGT723F_d34f65156182c545ea648093d502a95d
model:LGT723F iter 16450: loss 1.9957, time 29725.15ms, mfu 5.24%
model:LGT723F iter 16460: loss 1.8625, time 2021.37ms, mfu 5.40%
model:LGT723F iter 16470: loss 2.4142, time 2032.07ms, mfu 5.53%
model:LGT723F iter 16480: loss 2.3553, time 2026.99ms, mfu 5.66%
model:LGT723F iter 16490: loss 2.3517, time 2025.03ms, mfu 5.77%
------average encoder activity 0.324
-----------average decoder density 0.5282
step 16500: train loss 2.1062, val loss 2.2284
saving checkpoint to out-novel-char3_LGT723F_d34f65156182c545ea648093d502a95d
done saving checkpoint to out-novel-char3_LGT723F_d34f65156182c545ea648093d502a95d
model:LGT723F iter 16500: loss 2.2565, time 29794.41ms, mfu 5.24%
model:LGT723F iter 16510: loss 1.9148, time 2023.45ms, mfu 5.39%
model:LGT723F iter 16520: loss 2.0593, time 2031.70ms, mfu 5.53%
model:LGT723F iter 16530: loss 2.1940, time 2024.28ms, mfu 5.65%
model:LGT723F iter 16540: loss 2.3735, time 2031.00ms, mfu 5.76%
------average encoder activity 0.327
-----------average decoder density 0.5730
step 16550: train loss 2.1580, val loss 2.2355
saving checkpoint to out-novel-char3_LGT723F_d34f65156182c545ea648093d502a95d
done saving checkpoint to out-novel-char3_LGT723F_d34f65156182c545ea648093d502a95d
model:LGT723F iter 16550: loss 2.2931, time 30258.56ms, mfu 5.23%
model:LGT723F iter 16560: loss 2.3430, time 2023.30ms, mfu 5.39%
model:LGT723F iter 16570: loss 2.3766, time 2034.78ms, mfu 5.52%
model:LGT723F iter 16580: loss 2.4533, time 2014.48ms, mfu 5.65%
model:LGT723F iter 16590: loss 2.1154, time 2019.75ms, mfu 5.77%
------average encoder activity 0.329
-----------average decoder density 0.5711
step 16600: train loss 2.1308, val loss 2.2239
saving checkpoint to out-novel-char3_LGT723F_d34f65156182c545ea648093d502a95d
done saving checkpoint to out-novel-char3_LGT723F_d34f65156182c545ea648093d502a95d
model:LGT723F iter 16600: loss 1.8064, time 30053.37ms, mfu 5.24%
model:LGT723F iter 16610: loss 1.6550, time 2028.64ms, mfu 5.39%
model:LGT723F iter 16620: loss 2.3534, time 2027.69ms, mfu 5.53%
model:LGT723F iter 16630: loss 2.3767, time 2031.92ms, mfu 5.65%
model:LGT723F iter 16640: loss 2.0622, time 2029.47ms, mfu 5.76%
------average encoder activity 0.331
-----------average decoder density 0.5454
step 16650: train loss 2.1338, val loss 2.2278
saving checkpoint to out-novel-char3_LGT723F_d34f65156182c545ea648093d502a95d
done saving checkpoint to out-novel-char3_LGT723F_d34f65156182c545ea648093d502a95d
model:LGT723F iter 16650: loss 2.0929, time 29838.67ms, mfu 5.23%
model:LGT723F iter 16660: loss 2.1265, time 2023.81ms, mfu 5.39%
model:LGT723F iter 16670: loss 2.4904, time 2024.41ms, mfu 5.53%
model:LGT723F iter 16680: loss 2.4518, time 2022.48ms, mfu 5.65%
model:LGT723F iter 16690: loss 2.1243, time 2029.81ms, mfu 5.76%
------average encoder activity 0.331
-----------average decoder density 0.5525
step 16700: train loss 2.1182, val loss 2.2450
saving checkpoint to out-novel-char3_LGT723F_d34f65156182c545ea648093d502a95d
done saving checkpoint to out-novel-char3_LGT723F_d34f65156182c545ea648093d502a95d
model:LGT723F iter 16700: loss 2.4328, time 29690.88ms, mfu 5.23%
model:LGT723F iter 16710: loss 2.0086, time 2022.70ms, mfu 5.39%
model:LGT723F iter 16720: loss 2.2351, time 2019.33ms, mfu 5.53%
model:LGT723F iter 16730: loss 2.3086, time 2022.68ms, mfu 5.65%
model:LGT723F iter 16740: loss 2.3218, time 2017.47ms, mfu 5.77%
------average encoder activity 0.331
-----------average decoder density 0.5351
step 16750: train loss 2.1100, val loss 2.2358
saving checkpoint to out-novel-char3_LGT723F_d34f65156182c545ea648093d502a95d
done saving checkpoint to out-novel-char3_LGT723F_d34f65156182c545ea648093d502a95d
model:LGT723F iter 16750: loss 2.0113, time 29770.89ms, mfu 5.24%
model:LGT723F iter 16760: loss 2.3962, time 2022.58ms, mfu 5.39%
model:LGT723F iter 16770: loss 2.3153, time 2017.00ms, mfu 5.53%
model:LGT723F iter 16780: loss 2.0633, time 2023.00ms, mfu 5.66%
model:LGT723F iter 16790: loss 2.4129, time 2030.99ms, mfu 5.77%
------average encoder activity 0.331
-----------average decoder density 0.5232
step 16800: train loss 2.1147, val loss 2.2300
saving checkpoint to out-novel-char3_LGT723F_d34f65156182c545ea648093d502a95d
done saving checkpoint to out-novel-char3_LGT723F_d34f65156182c545ea648093d502a95d
model:LGT723F iter 16800: loss 2.2163, time 29876.86ms, mfu 5.24%
model:LGT723F iter 16810: loss 1.9606, time 2025.10ms, mfu 5.39%
model:LGT723F iter 16820: loss 2.0541, time 2023.18ms, mfu 5.53%
model:LGT723F iter 16830: loss 1.9110, time 2020.20ms, mfu 5.66%
model:LGT723F iter 16840: loss 2.4724, time 2027.64ms, mfu 5.77%
------average encoder activity 0.330
-----------average decoder density 0.5267
step 16850: train loss 2.1273, val loss 2.2377
saving checkpoint to out-novel-char3_LGT723F_d34f65156182c545ea648093d502a95d
done saving checkpoint to out-novel-char3_LGT723F_d34f65156182c545ea648093d502a95d
model:LGT723F iter 16850: loss 1.8929, time 29855.17ms, mfu 5.24%
model:LGT723F iter 16860: loss 2.3175, time 2028.73ms, mfu 5.39%
model:LGT723F iter 16870: loss 2.3291, time 2016.40ms, mfu 5.53%
model:LGT723F iter 16880: loss 2.3975, time 2022.39ms, mfu 5.66%
model:LGT723F iter 16890: loss 1.8986, time 2021.50ms, mfu 5.77%
------average encoder activity 0.329
-----------average decoder density 0.5639
step 16900: train loss 2.1254, val loss 2.2122
saving checkpoint to out-novel-char3_LGT723F_d34f65156182c545ea648093d502a95d
done saving checkpoint to out-novel-char3_LGT723F_d34f65156182c545ea648093d502a95d
model:LGT723F iter 16900: loss 2.5046, time 29943.13ms, mfu 5.24%
model:LGT723F iter 16910: loss 1.9416, time 2025.57ms, mfu 5.39%
model:LGT723F iter 16920: loss 2.0163, time 2025.06ms, mfu 5.53%
model:LGT723F iter 16930: loss 2.1863, time 2017.57ms, mfu 5.66%
model:LGT723F iter 16940: loss 2.4144, time 2022.66ms, mfu 5.77%
------average encoder activity 0.332
-----------average decoder density 0.5154
step 16950: train loss 2.1299, val loss 2.2037
saving checkpoint to out-novel-char3_LGT723F_d34f65156182c545ea648093d502a95d
done saving checkpoint to out-novel-char3_LGT723F_d34f65156182c545ea648093d502a95d
model:LGT723F iter 16950: loss 2.1031, time 29627.53ms, mfu 5.24%
model:LGT723F iter 16960: loss 2.2181, time 2023.71ms, mfu 5.39%
model:LGT723F iter 16970: loss 2.2024, time 2022.95ms, mfu 5.53%
model:LGT723F iter 16980: loss 2.0621, time 2018.53ms, mfu 5.66%
model:LGT723F iter 16990: loss 2.0833, time 2020.66ms, mfu 5.77%
------average encoder activity 0.334
-----------average decoder density 0.5468
step 17000: train loss 2.1049, val loss 2.1939
saving checkpoint to out-novel-char3_LGT723F_d34f65156182c545ea648093d502a95d
done saving checkpoint to out-novel-char3_LGT723F_d34f65156182c545ea648093d502a95d
model:LGT723F iter 17000: loss 2.1664, time 29687.77ms, mfu 5.24%
model:LGT723F iter 17010: loss 2.1523, time 2028.39ms, mfu 5.39%
model:LGT723F iter 17020: loss 2.1508, time 2027.06ms, mfu 5.53%
model:LGT723F iter 17030: loss 2.2020, time 2021.36ms, mfu 5.66%
model:LGT723F iter 17040: loss 2.3084, time 2023.18ms, mfu 5.77%
------average encoder activity 0.335
-----------average decoder density 0.5246
step 17050: train loss 2.1059, val loss 2.2219
saving checkpoint to out-novel-char3_LGT723F_d34f65156182c545ea648093d502a95d
done saving checkpoint to out-novel-char3_LGT723F_d34f65156182c545ea648093d502a95d
model:LGT723F iter 17050: loss 2.2660, time 29594.21ms, mfu 5.24%
model:LGT723F iter 17060: loss 2.0481, time 2019.82ms, mfu 5.40%
model:LGT723F iter 17070: loss 2.1202, time 2030.19ms, mfu 5.53%
model:LGT723F iter 17080: loss 2.0711, time 2026.60ms, mfu 5.66%
model:LGT723F iter 17090: loss 2.3535, time 2025.73ms, mfu 5.77%
------average encoder activity 0.336
-----------average decoder density 0.5258
step 17100: train loss 2.1089, val loss 2.2150
saving checkpoint to out-novel-char3_LGT723F_d34f65156182c545ea648093d502a95d
done saving checkpoint to out-novel-char3_LGT723F_d34f65156182c545ea648093d502a95d
model:LGT723F iter 17100: loss 2.0266, time 29916.13ms, mfu 5.24%
model:LGT723F iter 17110: loss 2.4452, time 2016.74ms, mfu 5.39%
model:LGT723F iter 17120: loss 1.7449, time 2023.93ms, mfu 5.53%
model:LGT723F iter 17130: loss 2.2924, time 2028.88ms, mfu 5.66%
model:LGT723F iter 17140: loss 2.3417, time 2023.04ms, mfu 5.77%
------average encoder activity 0.336
-----------average decoder density 0.5189
step 17150: train loss 2.0948, val loss 2.2369
saving checkpoint to out-novel-char3_LGT723F_d34f65156182c545ea648093d502a95d
done saving checkpoint to out-novel-char3_LGT723F_d34f65156182c545ea648093d502a95d
model:LGT723F iter 17150: loss 2.0690, time 29918.91ms, mfu 5.24%
model:LGT723F iter 17160: loss 2.4224, time 2019.17ms, mfu 5.39%
model:LGT723F iter 17170: loss 2.3222, time 2020.74ms, mfu 5.53%
model:LGT723F iter 17180: loss 2.7288, time 2026.77ms, mfu 5.66%
model:LGT723F iter 17190: loss 2.0278, time 2021.85ms, mfu 5.77%
------average encoder activity 0.335
-----------average decoder density 0.5204
step 17200: train loss 2.0929, val loss 2.2029
saving checkpoint to out-novel-char3_LGT723F_d34f65156182c545ea648093d502a95d
done saving checkpoint to out-novel-char3_LGT723F_d34f65156182c545ea648093d502a95d
model:LGT723F iter 17200: loss 2.2334, time 29875.35ms, mfu 5.24%
model:LGT723F iter 17210: loss 2.5381, time 2022.04ms, mfu 5.39%
model:LGT723F iter 17220: loss 2.1386, time 2026.30ms, mfu 5.53%
model:LGT723F iter 17230: loss 2.1236, time 2027.76ms, mfu 5.66%
model:LGT723F iter 17240: loss 1.9626, time 2021.37ms, mfu 5.77%
------average encoder activity 0.335
-----------average decoder density 0.5467
step 17250: train loss 2.1328, val loss 2.2302
saving checkpoint to out-novel-char3_LGT723F_d34f65156182c545ea648093d502a95d
done saving checkpoint to out-novel-char3_LGT723F_d34f65156182c545ea648093d502a95d
model:LGT723F iter 17250: loss 2.0186, time 29755.21ms, mfu 5.24%
model:LGT723F iter 17260: loss 2.1457, time 2024.10ms, mfu 5.39%
model:LGT723F iter 17270: loss 2.3958, time 2020.35ms, mfu 5.53%
model:LGT723F iter 17280: loss 2.1000, time 2021.70ms, mfu 5.66%
model:LGT723F iter 17290: loss 1.5408, time 2017.06ms, mfu 5.77%
------average encoder activity 0.336
-----------average decoder density 0.5528
step 17300: train loss 2.0900, val loss 2.2121
saving checkpoint to out-novel-char3_LGT723F_d34f65156182c545ea648093d502a95d
done saving checkpoint to out-novel-char3_LGT723F_d34f65156182c545ea648093d502a95d
model:LGT723F iter 17300: loss 1.9518, time 29799.01ms, mfu 5.24%
model:LGT723F iter 17310: loss 2.3437, time 2020.86ms, mfu 5.40%
model:LGT723F iter 17320: loss 1.9718, time 2023.64ms, mfu 5.53%
model:LGT723F iter 17330: loss 2.1233, time 2016.95ms, mfu 5.66%
model:LGT723F iter 17340: loss 2.2564, time 2023.87ms, mfu 5.77%
------average encoder activity 0.335
-----------average decoder density 0.5225
step 17350: train loss 2.1214, val loss 2.2322
saving checkpoint to out-novel-char3_LGT723F_d34f65156182c545ea648093d502a95d
done saving checkpoint to out-novel-char3_LGT723F_d34f65156182c545ea648093d502a95d
model:LGT723F iter 17350: loss 2.3196, time 29793.95ms, mfu 5.24%
model:LGT723F iter 17360: loss 2.0435, time 2022.00ms, mfu 5.40%
model:LGT723F iter 17370: loss 1.8944, time 2025.71ms, mfu 5.53%
model:LGT723F iter 17380: loss 2.1521, time 2017.88ms, mfu 5.66%
model:LGT723F iter 17390: loss 1.9924, time 2023.83ms, mfu 5.77%
------average encoder activity 0.336
-----------average decoder density 0.5254
step 17400: train loss 2.0957, val loss 2.2140
saving checkpoint to out-novel-char3_LGT723F_d34f65156182c545ea648093d502a95d
done saving checkpoint to out-novel-char3_LGT723F_d34f65156182c545ea648093d502a95d
model:LGT723F iter 17400: loss 1.7279, time 29928.75ms, mfu 5.24%
model:LGT723F iter 17410: loss 2.3230, time 2022.49ms, mfu 5.40%
model:LGT723F iter 17420: loss 2.0697, time 2023.94ms, mfu 5.53%
model:LGT723F iter 17430: loss 1.9842, time 2026.22ms, mfu 5.66%
model:LGT723F iter 17440: loss 2.2649, time 2030.56ms, mfu 5.77%
------average encoder activity 0.338
-----------average decoder density 0.5157
step 17450: train loss 2.0777, val loss 2.2063
saving checkpoint to out-novel-char3_LGT723F_d34f65156182c545ea648093d502a95d
done saving checkpoint to out-novel-char3_LGT723F_d34f65156182c545ea648093d502a95d
model:LGT723F iter 17450: loss 2.0307, time 29770.61ms, mfu 5.24%
model:LGT723F iter 17460: loss 2.3041, time 2021.09ms, mfu 5.39%
model:LGT723F iter 17470: loss 2.1665, time 2019.69ms, mfu 5.53%
model:LGT723F iter 17480: loss 2.3937, time 2018.34ms, mfu 5.66%
model:LGT723F iter 17490: loss 2.1413, time 2021.41ms, mfu 5.77%
------average encoder activity 0.337
-----------average decoder density 0.5216
step 17500: train loss 2.0972, val loss 2.2070
saving checkpoint to out-novel-char3_LGT723F_d34f65156182c545ea648093d502a95d
done saving checkpoint to out-novel-char3_LGT723F_d34f65156182c545ea648093d502a95d
model:LGT723F iter 17500: loss 2.2971, time 29710.57ms, mfu 5.24%
model:LGT723F iter 17510: loss 2.1625, time 2023.10ms, mfu 5.40%
model:LGT723F iter 17520: loss 2.2046, time 2021.34ms, mfu 5.54%
model:LGT723F iter 17530: loss 2.2173, time 2021.78ms, mfu 5.66%
model:LGT723F iter 17540: loss 2.1050, time 2027.06ms, mfu 5.77%
------average encoder activity 0.338
-----------average decoder density 0.5471
step 17550: train loss 2.0840, val loss 2.2240
saving checkpoint to out-novel-char3_LGT723F_d34f65156182c545ea648093d502a95d
done saving checkpoint to out-novel-char3_LGT723F_d34f65156182c545ea648093d502a95d
model:LGT723F iter 17550: loss 2.2106, time 29689.76ms, mfu 5.24%
model:LGT723F iter 17560: loss 2.0978, time 2018.44ms, mfu 5.40%
model:LGT723F iter 17570: loss 2.0014, time 2023.20ms, mfu 5.54%
model:LGT723F iter 17580: loss 2.3320, time 2014.60ms, mfu 5.66%
model:LGT723F iter 17590: loss 2.2259, time 2023.04ms, mfu 5.78%
------average encoder activity 0.338
-----------average decoder density 0.5289
step 17600: train loss 2.1038, val loss 2.2081
saving checkpoint to out-novel-char3_LGT723F_d34f65156182c545ea648093d502a95d
done saving checkpoint to out-novel-char3_LGT723F_d34f65156182c545ea648093d502a95d
model:LGT723F iter 17600: loss 2.3415, time 29891.01ms, mfu 5.24%
model:LGT723F iter 17610: loss 2.3341, time 2019.21ms, mfu 5.40%
model:LGT723F iter 17620: loss 2.0449, time 2022.40ms, mfu 5.54%
model:LGT723F iter 17630: loss 2.1143, time 2019.36ms, mfu 5.66%
model:LGT723F iter 17640: loss 2.0531, time 2022.14ms, mfu 5.78%
------average encoder activity 0.341
-----------average decoder density 0.5241
step 17650: train loss 2.1113, val loss 2.1977
saving checkpoint to out-novel-char3_LGT723F_d34f65156182c545ea648093d502a95d
done saving checkpoint to out-novel-char3_LGT723F_d34f65156182c545ea648093d502a95d
model:LGT723F iter 17650: loss 2.1906, time 29748.78ms, mfu 5.24%
model:LGT723F iter 17660: loss 2.0024, time 2017.78ms, mfu 5.40%
model:LGT723F iter 17670: loss 1.8852, time 2014.17ms, mfu 5.54%
model:LGT723F iter 17680: loss 1.9576, time 2011.56ms, mfu 5.67%
model:LGT723F iter 17690: loss 2.0185, time 2023.33ms, mfu 5.78%
------average encoder activity 0.341
-----------average decoder density 0.5200
step 17700: train loss 2.0695, val loss 2.2020
saving checkpoint to out-novel-char3_LGT723F_d34f65156182c545ea648093d502a95d
done saving checkpoint to out-novel-char3_LGT723F_d34f65156182c545ea648093d502a95d
model:LGT723F iter 17700: loss 2.1502, time 29682.63ms, mfu 5.25%
model:LGT723F iter 17710: loss 2.1051, time 2022.46ms, mfu 5.40%
model:LGT723F iter 17720: loss 2.3127, time 2026.06ms, mfu 5.54%
model:LGT723F iter 17730: loss 2.2429, time 2028.00ms, mfu 5.66%
model:LGT723F iter 17740: loss 2.2491, time 2022.58ms, mfu 5.77%
------average encoder activity 0.342
-----------average decoder density 0.5175
step 17750: train loss 2.0925, val loss 2.2385
saving checkpoint to out-novel-char3_LGT723F_d34f65156182c545ea648093d502a95d
done saving checkpoint to out-novel-char3_LGT723F_d34f65156182c545ea648093d502a95d
model:LGT723F iter 17750: loss 2.2514, time 29757.14ms, mfu 5.24%
model:LGT723F iter 17760: loss 2.1224, time 2026.40ms, mfu 5.40%
model:LGT723F iter 17770: loss 2.1535, time 2023.21ms, mfu 5.54%
model:LGT723F iter 17780: loss 2.4676, time 2019.51ms, mfu 5.66%
model:LGT723F iter 17790: loss 2.1212, time 2024.08ms, mfu 5.77%
------average encoder activity 0.342
-----------average decoder density 0.5431
step 17800: train loss 2.1044, val loss 2.1929
saving checkpoint to out-novel-char3_LGT723F_d34f65156182c545ea648093d502a95d
done saving checkpoint to out-novel-char3_LGT723F_d34f65156182c545ea648093d502a95d
model:LGT723F iter 17800: loss 2.2634, time 29798.06ms, mfu 5.24%
model:LGT723F iter 17810: loss 2.0195, time 2018.76ms, mfu 5.40%
model:LGT723F iter 17820: loss 2.1310, time 2023.69ms, mfu 5.54%
model:LGT723F iter 17830: loss 2.1232, time 2021.34ms, mfu 5.66%
model:LGT723F iter 17840: loss 2.1452, time 2025.61ms, mfu 5.77%
------average encoder activity 0.342
-----------average decoder density 0.5241
step 17850: train loss 2.0985, val loss 2.1945
saving checkpoint to out-novel-char3_LGT723F_d34f65156182c545ea648093d502a95d
done saving checkpoint to out-novel-char3_LGT723F_d34f65156182c545ea648093d502a95d
model:LGT723F iter 17850: loss 1.9978, time 29820.53ms, mfu 5.24%
model:LGT723F iter 17860: loss 2.2738, time 2021.57ms, mfu 5.40%
model:LGT723F iter 17870: loss 1.8476, time 2025.65ms, mfu 5.53%
model:LGT723F iter 17880: loss 2.1084, time 2023.56ms, mfu 5.66%
model:LGT723F iter 17890: loss 2.4255, time 2020.80ms, mfu 5.77%
------average encoder activity 0.344
-----------average decoder density 0.5316
step 17900: train loss 2.0927, val loss 2.2231
saving checkpoint to out-novel-char3_LGT723F_d34f65156182c545ea648093d502a95d
done saving checkpoint to out-novel-char3_LGT723F_d34f65156182c545ea648093d502a95d
model:LGT723F iter 17900: loss 2.1519, time 29673.72ms, mfu 5.24%
model:LGT723F iter 17910: loss 2.4808, time 2017.46ms, mfu 5.40%
model:LGT723F iter 17920: loss 1.7871, time 2025.43ms, mfu 5.54%
model:LGT723F iter 17930: loss 2.0347, time 2025.40ms, mfu 5.66%
model:LGT723F iter 17940: loss 2.2234, time 2025.35ms, mfu 5.77%
------average encoder activity 0.344
-----------average decoder density 0.5438
step 17950: train loss 2.0910, val loss 2.2042
saving checkpoint to out-novel-char3_LGT723F_d34f65156182c545ea648093d502a95d
done saving checkpoint to out-novel-char3_LGT723F_d34f65156182c545ea648093d502a95d
model:LGT723F iter 17950: loss 2.1915, time 29621.93ms, mfu 5.24%
model:LGT723F iter 17960: loss 2.3574, time 2024.78ms, mfu 5.39%
model:LGT723F iter 17970: loss 2.0879, time 2022.11ms, mfu 5.53%
model:LGT723F iter 17980: loss 2.0600, time 2031.17ms, mfu 5.66%
model:LGT723F iter 17990: loss 1.7594, time 2019.12ms, mfu 5.77%
------average encoder activity 0.344
-----------average decoder density 0.5315
step 18000: train loss 2.0886, val loss 2.2115
saving checkpoint to out-novel-char3_LGT723F_d34f65156182c545ea648093d502a95d
done saving checkpoint to out-novel-char3_LGT723F_d34f65156182c545ea648093d502a95d
model:LGT723F iter 18000: loss 2.0789, time 29760.95ms, mfu 5.24%
model:LGT723F iter 18010: loss 2.3405, time 2020.95ms, mfu 5.39%
model:LGT723F iter 18020: loss 2.3195, time 2017.39ms, mfu 5.54%
model:LGT723F iter 18030: loss 2.3369, time 2015.27ms, mfu 5.66%
model:LGT723F iter 18040: loss 2.3433, time 2022.66ms, mfu 5.77%
------average encoder activity 0.344
-----------average decoder density 0.5228
step 18050: train loss 2.0868, val loss 2.1846
saving checkpoint to out-novel-char3_LGT723F_d34f65156182c545ea648093d502a95d
done saving checkpoint to out-novel-char3_LGT723F_d34f65156182c545ea648093d502a95d
model:LGT723F iter 18050: loss 2.1664, time 30017.82ms, mfu 5.24%
model:LGT723F iter 18060: loss 1.9478, time 2021.40ms, mfu 5.40%
model:LGT723F iter 18070: loss 2.5736, time 2020.41ms, mfu 5.54%
model:LGT723F iter 18080: loss 2.0024, time 2025.74ms, mfu 5.66%
model:LGT723F iter 18090: loss 2.2778, time 2024.43ms, mfu 5.77%
------average encoder activity 0.345
-----------average decoder density 0.5418
step 18100: train loss 2.0728, val loss 2.2061
saving checkpoint to out-novel-char3_LGT723F_d34f65156182c545ea648093d502a95d
done saving checkpoint to out-novel-char3_LGT723F_d34f65156182c545ea648093d502a95d
model:LGT723F iter 18100: loss 1.8288, time 29790.10ms, mfu 5.24%
model:LGT723F iter 18110: loss 2.2382, time 2016.45ms, mfu 5.40%
model:LGT723F iter 18120: loss 1.7605, time 2020.32ms, mfu 5.54%
model:LGT723F iter 18130: loss 2.2762, time 2019.09ms, mfu 5.66%
model:LGT723F iter 18140: loss 2.0924, time 2024.11ms, mfu 5.78%
------average encoder activity 0.343
-----------average decoder density 0.5169
step 18150: train loss 2.0926, val loss 2.1950
saving checkpoint to out-novel-char3_LGT723F_d34f65156182c545ea648093d502a95d
done saving checkpoint to out-novel-char3_LGT723F_d34f65156182c545ea648093d502a95d
model:LGT723F iter 18150: loss 2.3430, time 29684.96ms, mfu 5.24%
model:LGT723F iter 18160: loss 2.0895, time 2024.31ms, mfu 5.40%
model:LGT723F iter 18170: loss 2.5652, time 2022.00ms, mfu 5.54%
model:LGT723F iter 18180: loss 2.1139, time 2026.30ms, mfu 5.66%
model:LGT723F iter 18190: loss 2.3030, time 2022.92ms, mfu 5.77%
------average encoder activity 0.343
-----------average decoder density 0.5431
step 18200: train loss 2.0923, val loss 2.2106
saving checkpoint to out-novel-char3_LGT723F_d34f65156182c545ea648093d502a95d
done saving checkpoint to out-novel-char3_LGT723F_d34f65156182c545ea648093d502a95d
model:LGT723F iter 18200: loss 2.0784, time 29877.40ms, mfu 5.24%
model:LGT723F iter 18210: loss 2.2895, time 2019.58ms, mfu 5.40%
model:LGT723F iter 18220: loss 2.2908, time 2014.89ms, mfu 5.54%
model:LGT723F iter 18230: loss 2.2580, time 2020.07ms, mfu 5.66%
model:LGT723F iter 18240: loss 2.1441, time 2028.09ms, mfu 5.77%
------average encoder activity 0.342
-----------average decoder density 0.5205
step 18250: train loss 2.0658, val loss 2.1941
saving checkpoint to out-novel-char3_LGT723F_d34f65156182c545ea648093d502a95d
done saving checkpoint to out-novel-char3_LGT723F_d34f65156182c545ea648093d502a95d
model:LGT723F iter 18250: loss 2.4191, time 29917.06ms, mfu 5.24%
model:LGT723F iter 18260: loss 2.2345, time 2029.03ms, mfu 5.39%
model:LGT723F iter 18270: loss 2.3451, time 2027.94ms, mfu 5.53%
model:LGT723F iter 18280: loss 2.0994, time 2022.99ms, mfu 5.66%
model:LGT723F iter 18290: loss 2.1099, time 2030.75ms, mfu 5.77%
------average encoder activity 0.344
-----------average decoder density 0.5233
step 18300: train loss 2.0669, val loss 2.2047
saving checkpoint to out-novel-char3_LGT723F_d34f65156182c545ea648093d502a95d
done saving checkpoint to out-novel-char3_LGT723F_d34f65156182c545ea648093d502a95d
model:LGT723F iter 18300: loss 2.1391, time 29755.82ms, mfu 5.24%
model:LGT723F iter 18310: loss 2.0177, time 2020.73ms, mfu 5.39%
model:LGT723F iter 18320: loss 2.0422, time 2021.24ms, mfu 5.53%
model:LGT723F iter 18330: loss 1.8639, time 2022.53ms, mfu 5.66%
model:LGT723F iter 18340: loss 2.1833, time 2024.67ms, mfu 5.77%
------average encoder activity 0.343
-----------average decoder density 0.5173
step 18350: train loss 2.0652, val loss 2.1805
saving checkpoint to out-novel-char3_LGT723F_d34f65156182c545ea648093d502a95d
done saving checkpoint to out-novel-char3_LGT723F_d34f65156182c545ea648093d502a95d
model:LGT723F iter 18350: loss 1.9934, time 29655.75ms, mfu 5.24%
model:LGT723F iter 18360: loss 2.1094, time 2023.74ms, mfu 5.39%
model:LGT723F iter 18370: loss 2.0109, time 2022.94ms, mfu 5.53%
model:LGT723F iter 18380: loss 2.1898, time 2024.44ms, mfu 5.66%
model:LGT723F iter 18390: loss 2.0300, time 2024.18ms, mfu 5.77%
------average encoder activity 0.344
-----------average decoder density 0.5463
step 18400: train loss 2.0772, val loss 2.1706
saving checkpoint to out-novel-char3_LGT723F_d34f65156182c545ea648093d502a95d
done saving checkpoint to out-novel-char3_LGT723F_d34f65156182c545ea648093d502a95d
model:LGT723F iter 18400: loss 1.9506, time 29605.75ms, mfu 5.24%
model:LGT723F iter 18410: loss 2.1044, time 2019.79ms, mfu 5.39%
model:LGT723F iter 18420: loss 2.2172, time 2025.37ms, mfu 5.53%
model:LGT723F iter 18430: loss 2.1707, time 2024.25ms, mfu 5.66%
model:LGT723F iter 18440: loss 2.1766, time 2018.64ms, mfu 5.77%
------average encoder activity 0.343
-----------average decoder density 0.5362
step 18450: train loss 2.0483, val loss 2.2028
saving checkpoint to out-novel-char3_LGT723F_d34f65156182c545ea648093d502a95d
done saving checkpoint to out-novel-char3_LGT723F_d34f65156182c545ea648093d502a95d
model:LGT723F iter 18450: loss 2.1275, time 29863.70ms, mfu 5.24%
model:LGT723F iter 18460: loss 2.2752, time 2024.37ms, mfu 5.39%
model:LGT723F iter 18470: loss 1.9380, time 2023.60ms, mfu 5.53%
model:LGT723F iter 18480: loss 2.2504, time 2028.83ms, mfu 5.66%
model:LGT723F iter 18490: loss 2.2327, time 2027.32ms, mfu 5.77%
------average encoder activity 0.342
-----------average decoder density 0.5490
step 18500: train loss 2.0747, val loss 2.1757
saving checkpoint to out-novel-char3_LGT723F_d34f65156182c545ea648093d502a95d
done saving checkpoint to out-novel-char3_LGT723F_d34f65156182c545ea648093d502a95d
model:LGT723F iter 18500: loss 2.0190, time 29754.87ms, mfu 5.24%
model:LGT723F iter 18510: loss 2.5000, time 2026.51ms, mfu 5.39%
model:LGT723F iter 18520: loss 2.0581, time 2022.08ms, mfu 5.53%
model:LGT723F iter 18530: loss 2.3210, time 2025.80ms, mfu 5.65%
model:LGT723F iter 18540: loss 1.9829, time 2021.03ms, mfu 5.77%
------average encoder activity 0.342
-----------average decoder density 0.5154
step 18550: train loss 2.0776, val loss 2.1843
saving checkpoint to out-novel-char3_LGT723F_d34f65156182c545ea648093d502a95d
done saving checkpoint to out-novel-char3_LGT723F_d34f65156182c545ea648093d502a95d
model:LGT723F iter 18550: loss 2.3308, time 29792.49ms, mfu 5.24%
model:LGT723F iter 18560: loss 2.1320, time 2025.04ms, mfu 5.39%
model:LGT723F iter 18570: loss 2.3577, time 2028.26ms, mfu 5.53%
model:LGT723F iter 18580: loss 2.0901, time 2028.69ms, mfu 5.65%
model:LGT723F iter 18590: loss 2.0507, time 2021.01ms, mfu 5.77%
------average encoder activity 0.347
-----------average decoder density 0.5388
step 18600: train loss 2.0652, val loss 2.1779
saving checkpoint to out-novel-char3_LGT723F_d34f65156182c545ea648093d502a95d
done saving checkpoint to out-novel-char3_LGT723F_d34f65156182c545ea648093d502a95d
model:LGT723F iter 18600: loss 2.0006, time 29457.20ms, mfu 5.24%
model:LGT723F iter 18610: loss 2.3216, time 2023.90ms, mfu 5.39%
model:LGT723F iter 18620: loss 1.7986, time 2018.94ms, mfu 5.53%
model:LGT723F iter 18630: loss 2.3265, time 2021.91ms, mfu 5.66%
model:LGT723F iter 18640: loss 2.3826, time 2025.74ms, mfu 5.77%
------average encoder activity 0.346
-----------average decoder density 0.5312
step 18650: train loss 2.0547, val loss 2.1559
saving checkpoint to out-novel-char3_LGT723F_d34f65156182c545ea648093d502a95d
done saving checkpoint to out-novel-char3_LGT723F_d34f65156182c545ea648093d502a95d
model:LGT723F iter 18650: loss 2.3155, time 29561.64ms, mfu 5.24%
model:LGT723F iter 18660: loss 1.9741, time 2021.75ms, mfu 5.39%
model:LGT723F iter 18670: loss 1.9760, time 2016.73ms, mfu 5.53%
model:LGT723F iter 18680: loss 2.2593, time 2024.97ms, mfu 5.66%
model:LGT723F iter 18690: loss 1.7928, time 2023.32ms, mfu 5.77%
------average encoder activity 0.348
-----------average decoder density 0.5317
step 18700: train loss 2.0598, val loss 2.1677
saving checkpoint to out-novel-char3_LGT723F_d34f65156182c545ea648093d502a95d
done saving checkpoint to out-novel-char3_LGT723F_d34f65156182c545ea648093d502a95d
model:LGT723F iter 18700: loss 2.2802, time 29759.80ms, mfu 5.24%
model:LGT723F iter 18710: loss 2.2084, time 2021.46ms, mfu 5.40%
model:LGT723F iter 18720: loss 2.4244, time 2024.05ms, mfu 5.53%
model:LGT723F iter 18730: loss 2.1558, time 2028.22ms, mfu 5.66%
model:LGT723F iter 18740: loss 2.1758, time 2017.00ms, mfu 5.77%
------average encoder activity 0.347
-----------average decoder density 0.5324
step 18750: train loss 2.0933, val loss 2.1905
saving checkpoint to out-novel-char3_LGT723F_d34f65156182c545ea648093d502a95d
done saving checkpoint to out-novel-char3_LGT723F_d34f65156182c545ea648093d502a95d
model:LGT723F iter 18750: loss 1.9616, time 29720.73ms, mfu 5.24%
model:LGT723F iter 18760: loss 2.1206, time 2020.03ms, mfu 5.40%
model:LGT723F iter 18770: loss 2.1215, time 2023.39ms, mfu 5.53%
model:LGT723F iter 18780: loss 2.2171, time 2025.77ms, mfu 5.66%
model:LGT723F iter 18790: loss 2.1233, time 2020.60ms, mfu 5.77%
------average encoder activity 0.345
-----------average decoder density 0.5266
step 18800: train loss 2.0732, val loss 2.1694
saving checkpoint to out-novel-char3_LGT723F_d34f65156182c545ea648093d502a95d
done saving checkpoint to out-novel-char3_LGT723F_d34f65156182c545ea648093d502a95d
model:LGT723F iter 18800: loss 2.0209, time 29674.33ms, mfu 5.24%
model:LGT723F iter 18810: loss 2.3133, time 2026.26ms, mfu 5.39%
model:LGT723F iter 18820: loss 1.8460, time 2028.18ms, mfu 5.53%
model:LGT723F iter 18830: loss 2.2778, time 2025.88ms, mfu 5.66%
model:LGT723F iter 18840: loss 2.0460, time 2020.97ms, mfu 5.77%
------average encoder activity 0.347
-----------average decoder density 0.5315
step 18850: train loss 2.0415, val loss 2.1796
saving checkpoint to out-novel-char3_LGT723F_d34f65156182c545ea648093d502a95d
done saving checkpoint to out-novel-char3_LGT723F_d34f65156182c545ea648093d502a95d
model:LGT723F iter 18850: loss 2.1898, time 29862.11ms, mfu 5.24%
model:LGT723F iter 18860: loss 2.2197, time 2023.01ms, mfu 5.39%
model:LGT723F iter 18870: loss 2.2417, time 2024.33ms, mfu 5.53%
model:LGT723F iter 18880: loss 2.2482, time 2023.39ms, mfu 5.66%
model:LGT723F iter 18890: loss 2.3439, time 2014.81ms, mfu 5.77%
------average encoder activity 0.347
-----------average decoder density 0.5249
step 18900: train loss 2.0549, val loss 2.1907
saving checkpoint to out-novel-char3_LGT723F_d34f65156182c545ea648093d502a95d
done saving checkpoint to out-novel-char3_LGT723F_d34f65156182c545ea648093d502a95d
model:LGT723F iter 18900: loss 1.9535, time 29775.38ms, mfu 5.24%
model:LGT723F iter 18910: loss 2.0004, time 2014.48ms, mfu 5.40%
model:LGT723F iter 18920: loss 1.9472, time 2023.55ms, mfu 5.54%
model:LGT723F iter 18930: loss 1.8196, time 2025.70ms, mfu 5.66%
model:LGT723F iter 18940: loss 2.1833, time 2022.52ms, mfu 5.77%
------average encoder activity 0.346
-----------average decoder density 0.5409
step 18950: train loss 2.0561, val loss 2.1565
saving checkpoint to out-novel-char3_LGT723F_d34f65156182c545ea648093d502a95d
done saving checkpoint to out-novel-char3_LGT723F_d34f65156182c545ea648093d502a95d
model:LGT723F iter 18950: loss 2.5418, time 29778.22ms, mfu 5.24%
model:LGT723F iter 18960: loss 2.2881, time 2026.19ms, mfu 5.39%
model:LGT723F iter 18970: loss 2.2192, time 2023.68ms, mfu 5.53%
model:LGT723F iter 18980: loss 1.9692, time 2019.18ms, mfu 5.66%
model:LGT723F iter 18990: loss 2.1965, time 2023.72ms, mfu 5.77%
------average encoder activity 0.348
-----------average decoder density 0.5448
step 19000: train loss 2.0436, val loss 2.1922
saving checkpoint to out-novel-char3_LGT723F_d34f65156182c545ea648093d502a95d
done saving checkpoint to out-novel-char3_LGT723F_d34f65156182c545ea648093d502a95d
model:LGT723F iter 19000: loss 1.8782, time 29723.40ms, mfu 5.24%
model:LGT723F iter 19010: loss 2.1744, time 2025.17ms, mfu 5.39%
model:LGT723F iter 19020: loss 2.0714, time 2015.70ms, mfu 5.54%
model:LGT723F iter 19030: loss 2.4690, time 2018.74ms, mfu 5.66%
model:LGT723F iter 19040: loss 1.9579, time 2019.77ms, mfu 5.78%
------average encoder activity 0.348
-----------average decoder density 0.5436
step 19050: train loss 2.0464, val loss 2.1572
saving checkpoint to out-novel-char3_LGT723F_d34f65156182c545ea648093d502a95d
