Overriding config with config/train_novel_char3.py:
# train a miniature character-level shakespeare model
# good for debugging and playing on macbooks and such

out_dir = 'out-novel-char3'
eval_interval = 250 # keep frequent because we'll overfit
eval_iters = 200
log_interval = 10 # don't print too too often

# we expect to overfit on this small dataset, so only save when val improves
always_save_checkpoint = False

wandb_log = False # override via command line if you like
wandb_project = 'novel'
wandb_run_name = 'novel'

dataset = 'novel_char3'
gradient_accumulation_steps = 1
# gradient_accumulation_steps = 6
gradient_accumulation_steps = 12
# gradient_accumulation_steps = 24
# gradient_accumulation_steps = 48
# batch_size = 12
batch_size = 2
# batch_size = 1
# block_size = 256 # context of up to 256 previous characters
# block_size = 256 # context of up to 256 previous characters
# block_size = 64 # context of up to 256 previous characters
block_size = 1024 # context of up to 256 previous characters

# baby GPT model :)
n_layer = 6
n_head = 6
n_embd = 384
# n_embd = 182
dropout = 0.2

# learning_rate = 1e-3 # with baby networks can afford to go a bit higher
learning_rate = 1e-4 # with baby networks can afford to go a bit higher

# max_iters = 5000
# lr_decay_iters = 5000 # make equal to max_iters usually

max_iters = 500000
lr_decay_iters = 500000 # make equal to max_iters usually

min_lr = 5e-6 # learning_rate / 10 usually
beta2 = 0.99 # make a bit bigger because number of tokens per iter is small

warmup_iters = 100 # not super necessary potentially

# on macbook also add
# device = 'cpu'  # run on cpu only
# compile = False # do not torch compile the model
# init_from ='resume'


'''
python3 -u sample.py config/train_novel.py --out_dir=out-novel-word_CCM232_c85667cd6eadbcf772d23fa97827c506 --model=CCM232
python3 -u sample.py config/train_novel.py --out_dir=out-novel-word_CCM251_4bfeb7b3e1b9c46a2542bb9406173e22 --model=CCM251
python3 -u sample.py config/train_novel.py --out_dir=out-novel-word_CCM253_01b622029bb00e0dc9206cae3b0ab559 --model=CCM253 
python3 -u sample.py config/train_novel.py --out_dir=out-novel-word_CCM276_01b622029bb00e0dc9206cae3b0ab559 --model=CCM276
python3 -u sample.py config/train_novel.py --out_dir=out-novel-word_CCM278_a97bfe077b316033e3604831d5ad371e --model=CCM278
python3 -u sample.py config/train_novel.py --out_dir=out-novel-word_CCM305_52efa1def80492f81622f536ac701226 --model=CCM305


out-novel-word_CCM276_01b622029bb00e0dc9206cae3b0ab559

'''
#### python3 -u sample.py config/train_novel.py --out_dir=out-novel-word_CCM232_c85667cd6eadbcf772d23fa97827c506 --model=CCM232
Overriding: init_from = scratch
Overriding: compile = False
Overriding: model = LGT723F
Overriding: n_layer = 70
Overriding: n_head = 12
Overriding: share_layer = False
Overriding: always_save_checkpoint = True
Overriding: max_iters = 2500999
Overriding: best_val_loss_force = 10.001
Overriding: min_lr = 5e-06
Overriding: dropout = 0.0
Overriding: eval_interval = 50
Overriding: force_resave = 0
Overriding: random_seed = 3
tokens per iteration will be: 24,576
found vocab_size = 73440 (inside data/novel_char3/meta.pkl)
out_dir: out-novel-char3_LGT723F_3d25ede0cfd080d9e35756b051dcef65
Initializing a new model from scratch
WARNING: using slow attention. Flash Attention requires PyTorch >= 2.0
WARNING: using slow attention. Flash Attention requires PyTorch >= 2.0
WARNING: using slow attention. Flash Attention requires PyTorch >= 2.0
WARNING: using slow attention. Flash Attention requires PyTorch >= 2.0
WARNING: using slow attention. Flash Attention requires PyTorch >= 2.0
WARNING: using slow attention. Flash Attention requires PyTorch >= 2.0
WARNING: using slow attention. Flash Attention requires PyTorch >= 2.0
WARNING: using slow attention. Flash Attention requires PyTorch >= 2.0
WARNING: using slow attention. Flash Attention requires PyTorch >= 2.0
WARNING: using slow attention. Flash Attention requires PyTorch >= 2.0
WARNING: using slow attention. Flash Attention requires PyTorch >= 2.0
WARNING: using slow attention. Flash Attention requires PyTorch >= 2.0
WARNING: using slow attention. Flash Attention requires PyTorch >= 2.0
WARNING: using slow attention. Flash Attention requires PyTorch >= 2.0
WARNING: using slow attention. Flash Attention requires PyTorch >= 2.0
WARNING: using slow attention. Flash Attention requires PyTorch >= 2.0
WARNING: using slow attention. Flash Attention requires PyTorch >= 2.0
WARNING: using slow attention. Flash Attention requires PyTorch >= 2.0
WARNING: using slow attention. Flash Attention requires PyTorch >= 2.0
WARNING: using slow attention. Flash Attention requires PyTorch >= 2.0
WARNING: using slow attention. Flash Attention requires PyTorch >= 2.0
WARNING: using slow attention. Flash Attention requires PyTorch >= 2.0
WARNING: using slow attention. Flash Attention requires PyTorch >= 2.0
WARNING: using slow attention. Flash Attention requires PyTorch >= 2.0
WARNING: using slow attention. Flash Attention requires PyTorch >= 2.0
WARNING: using slow attention. Flash Attention requires PyTorch >= 2.0
WARNING: using slow attention. Flash Attention requires PyTorch >= 2.0
WARNING: using slow attention. Flash Attention requires PyTorch >= 2.0
WARNING: using slow attention. Flash Attention requires PyTorch >= 2.0
WARNING: using slow attention. Flash Attention requires PyTorch >= 2.0
WARNING: using slow attention. Flash Attention requires PyTorch >= 2.0
WARNING: using slow attention. Flash Attention requires PyTorch >= 2.0
WARNING: using slow attention. Flash Attention requires PyTorch >= 2.0
WARNING: using slow attention. Flash Attention requires PyTorch >= 2.0
WARNING: using slow attention. Flash Attention requires PyTorch >= 2.0
WARNING: using slow attention. Flash Attention requires PyTorch >= 2.0
WARNING: using slow attention. Flash Attention requires PyTorch >= 2.0
WARNING: using slow attention. Flash Attention requires PyTorch >= 2.0
WARNING: using slow attention. Flash Attention requires PyTorch >= 2.0
WARNING: using slow attention. Flash Attention requires PyTorch >= 2.0
WARNING: using slow attention. Flash Attention requires PyTorch >= 2.0
WARNING: using slow attention. Flash Attention requires PyTorch >= 2.0
WARNING: using slow attention. Flash Attention requires PyTorch >= 2.0
WARNING: using slow attention. Flash Attention requires PyTorch >= 2.0
WARNING: using slow attention. Flash Attention requires PyTorch >= 2.0
WARNING: using slow attention. Flash Attention requires PyTorch >= 2.0
WARNING: using slow attention. Flash Attention requires PyTorch >= 2.0
WARNING: using slow attention. Flash Attention requires PyTorch >= 2.0
WARNING: using slow attention. Flash Attention requires PyTorch >= 2.0
WARNING: using slow attention. Flash Attention requires PyTorch >= 2.0
WARNING: using slow attention. Flash Attention requires PyTorch >= 2.0
WARNING: using slow attention. Flash Attention requires PyTorch >= 2.0
WARNING: using slow attention. Flash Attention requires PyTorch >= 2.0
WARNING: using slow attention. Flash Attention requires PyTorch >= 2.0
WARNING: using slow attention. Flash Attention requires PyTorch >= 2.0
WARNING: using slow attention. Flash Attention requires PyTorch >= 2.0
WARNING: using slow attention. Flash Attention requires PyTorch >= 2.0
WARNING: using slow attention. Flash Attention requires PyTorch >= 2.0
WARNING: using slow attention. Flash Attention requires PyTorch >= 2.0
WARNING: using slow attention. Flash Attention requires PyTorch >= 2.0
WARNING: using slow attention. Flash Attention requires PyTorch >= 2.0
WARNING: using slow attention. Flash Attention requires PyTorch >= 2.0
WARNING: using slow attention. Flash Attention requires PyTorch >= 2.0
WARNING: using slow attention. Flash Attention requires PyTorch >= 2.0
WARNING: using slow attention. Flash Attention requires PyTorch >= 2.0
WARNING: using slow attention. Flash Attention requires PyTorch >= 2.0
WARNING: using slow attention. Flash Attention requires PyTorch >= 2.0
WARNING: using slow attention. Flash Attention requires PyTorch >= 2.0
WARNING: using slow attention. Flash Attention requires PyTorch >= 2.0
WARNING: using slow attention. Flash Attention requires PyTorch >= 2.0
num decayed parameter tensors: 353, with 194,444,544 parameters
num non-decayed parameter tensors: 214, with 41,342,593 parameters
using fused AdamW: True
------average encoder activity 0.000
-----------average decoder density 0.0000
step 0: train loss 5.6530, val loss 5.6590
model:LGT723F iter 0: loss 5.6452, time 26545.11ms, mfu -100.00%
model:LGT723F iter 10: loss 5.3326, time 1738.37ms, mfu 7.89%
model:LGT723F iter 20: loss 5.2827, time 1738.48ms, mfu 7.89%
model:LGT723F iter 30: loss 5.2690, time 1739.80ms, mfu 7.89%
model:LGT723F iter 40: loss 5.1503, time 1741.07ms, mfu 7.89%
------average encoder activity 0.000
-----------average decoder density 0.4075
step 50: train loss 5.0878, val loss 5.0684
saving checkpoint to out-novel-char3_LGT723F_3d25ede0cfd080d9e35756b051dcef65
model:LGT723F iter 50: loss 5.0464, time 28353.53ms, mfu 7.15%
model:LGT723F iter 60: loss 4.9696, time 1740.28ms, mfu 7.23%
model:LGT723F iter 70: loss 4.7667, time 1740.14ms, mfu 7.29%
model:LGT723F iter 80: loss 4.5825, time 1740.51ms, mfu 7.35%
model:LGT723F iter 90: loss 4.4417, time 1740.56ms, mfu 7.40%
------average encoder activity 0.000
-----------average decoder density 0.3786
step 100: train loss 4.3109, val loss 4.3130
saving checkpoint to out-novel-char3_LGT723F_3d25ede0cfd080d9e35756b051dcef65
model:LGT723F iter 100: loss 4.2259, time 28661.10ms, mfu 6.71%
model:LGT723F iter 110: loss 4.1831, time 1740.61ms, mfu 6.83%
model:LGT723F iter 120: loss 4.1215, time 1740.29ms, mfu 6.93%
model:LGT723F iter 130: loss 3.9446, time 1741.92ms, mfu 7.03%
model:LGT723F iter 140: loss 4.1517, time 1740.62ms, mfu 7.11%
------average encoder activity 0.000
-----------average decoder density 0.3375
step 150: train loss 3.9567, val loss 3.9001
saving checkpoint to out-novel-char3_LGT723F_3d25ede0cfd080d9e35756b051dcef65
model:LGT723F iter 150: loss 3.7847, time 28651.33ms, mfu 6.45%
model:LGT723F iter 160: loss 3.8330, time 1740.31ms, mfu 6.59%
model:LGT723F iter 170: loss 3.9526, time 1737.92ms, mfu 6.72%
model:LGT723F iter 180: loss 3.9416, time 1737.91ms, mfu 6.84%
model:LGT723F iter 190: loss 3.6600, time 1737.90ms, mfu 6.95%
------average encoder activity 0.000
-----------average decoder density 0.3250
step 200: train loss 3.8155, val loss 3.7882
saving checkpoint to out-novel-char3_LGT723F_3d25ede0cfd080d9e35756b051dcef65
model:LGT723F iter 200: loss 3.8002, time 28663.14ms, mfu 6.30%
model:LGT723F iter 210: loss 3.7878, time 1737.85ms, mfu 6.46%
model:LGT723F iter 220: loss 3.8962, time 1738.20ms, mfu 6.60%
model:LGT723F iter 230: loss 3.8853, time 1738.21ms, mfu 6.73%
model:LGT723F iter 240: loss 3.7028, time 1737.95ms, mfu 6.85%
------average encoder activity 0.000
-----------average decoder density 0.3487
step 250: train loss 3.7672, val loss 3.6895
saving checkpoint to out-novel-char3_LGT723F_3d25ede0cfd080d9e35756b051dcef65
model:LGT723F iter 250: loss 3.5660, time 28725.90ms, mfu 6.21%
model:LGT723F iter 260: loss 3.5021, time 1741.07ms, mfu 6.38%
model:LGT723F iter 270: loss 3.8045, time 1741.54ms, mfu 6.53%
model:LGT723F iter 280: loss 3.7621, time 1741.25ms, mfu 6.66%
model:LGT723F iter 290: loss 3.3761, time 1741.58ms, mfu 6.79%
------average encoder activity 0.000
-----------average decoder density 0.3343
step 300: train loss 3.7303, val loss 3.6667
saving checkpoint to out-novel-char3_LGT723F_3d25ede0cfd080d9e35756b051dcef65
model:LGT723F iter 300: loss 3.6882, time 28757.28ms, mfu 6.16%
model:LGT723F iter 310: loss 3.7713, time 1739.13ms, mfu 6.33%
model:LGT723F iter 320: loss 3.6975, time 1737.77ms, mfu 6.49%
model:LGT723F iter 330: loss 3.8169, time 1737.86ms, mfu 6.63%
model:LGT723F iter 340: loss 3.8444, time 1738.43ms, mfu 6.75%
------average encoder activity 0.001
-----------average decoder density 0.3325
step 350: train loss 3.6580, val loss 3.5955
saving checkpoint to out-novel-char3_LGT723F_3d25ede0cfd080d9e35756b051dcef65
model:LGT723F iter 350: loss 3.6848, time 28682.91ms, mfu 6.13%
model:LGT723F iter 360: loss 3.5882, time 1740.85ms, mfu 6.30%
model:LGT723F iter 370: loss 3.4580, time 1741.47ms, mfu 6.46%
model:LGT723F iter 380: loss 3.7806, time 1740.57ms, mfu 6.60%
model:LGT723F iter 390: loss 3.8451, time 1740.06ms, mfu 6.73%
------average encoder activity 0.002
-----------average decoder density 0.3544
step 400: train loss 3.6128, val loss 3.5319
saving checkpoint to out-novel-char3_LGT723F_3d25ede0cfd080d9e35756b051dcef65
model:LGT723F iter 400: loss 3.6147, time 28676.70ms, mfu 6.11%
model:LGT723F iter 410: loss 3.4718, time 1738.93ms, mfu 6.28%
model:LGT723F iter 420: loss 3.4843, time 1741.15ms, mfu 6.44%
model:LGT723F iter 430: loss 3.7981, time 1742.17ms, mfu 6.59%
model:LGT723F iter 440: loss 3.7267, time 1741.07ms, mfu 6.72%
------average encoder activity 0.002
-----------average decoder density 0.3328
step 450: train loss 3.5718, val loss 3.5073
saving checkpoint to out-novel-char3_LGT723F_3d25ede0cfd080d9e35756b051dcef65
model:LGT723F iter 450: loss 3.3976, time 28676.08ms, mfu 6.09%
model:LGT723F iter 460: loss 3.2645, time 1741.09ms, mfu 6.27%
model:LGT723F iter 470: loss 3.5176, time 1741.09ms, mfu 6.43%
model:LGT723F iter 480: loss 3.2167, time 1740.77ms, mfu 6.58%
model:LGT723F iter 490: loss 3.6444, time 1741.20ms, mfu 6.71%
------average encoder activity 0.006
-----------average decoder density 0.3444
step 500: train loss 3.5157, val loss 3.4924
saving checkpoint to out-novel-char3_LGT723F_3d25ede0cfd080d9e35756b051dcef65
model:LGT723F iter 500: loss 3.7919, time 28790.63ms, mfu 6.09%
model:LGT723F iter 510: loss 3.5889, time 1740.98ms, mfu 6.27%
model:LGT723F iter 520: loss 3.3338, time 1742.51ms, mfu 6.43%
model:LGT723F iter 530: loss 3.4723, time 1741.49ms, mfu 6.57%
model:LGT723F iter 540: loss 3.5078, time 1741.43ms, mfu 6.70%
------average encoder activity 0.009
-----------average decoder density 0.3340
step 550: train loss 3.5131, val loss 3.4649
saving checkpoint to out-novel-char3_LGT723F_3d25ede0cfd080d9e35756b051dcef65
model:LGT723F iter 550: loss 3.3048, time 28827.41ms, mfu 6.08%
model:LGT723F iter 560: loss 3.4944, time 1740.44ms, mfu 6.26%
model:LGT723F iter 570: loss 3.3515, time 1740.61ms, mfu 6.42%
model:LGT723F iter 580: loss 3.4315, time 1740.61ms, mfu 6.57%
model:LGT723F iter 590: loss 3.5012, time 1740.37ms, mfu 6.70%
------average encoder activity 0.066
-----------average decoder density 0.3648
step 600: train loss 3.4788, val loss 3.4210
saving checkpoint to out-novel-char3_LGT723F_3d25ede0cfd080d9e35756b051dcef65
model:LGT723F iter 600: loss 3.4647, time 28737.21ms, mfu 6.08%
model:LGT723F iter 610: loss 3.5595, time 1741.18ms, mfu 6.26%
model:LGT723F iter 620: loss 3.3462, time 1741.11ms, mfu 6.42%
model:LGT723F iter 630: loss 3.3996, time 1741.78ms, mfu 6.57%
model:LGT723F iter 640: loss 3.1414, time 1742.83ms, mfu 6.70%
------average encoder activity 0.085
-----------average decoder density 0.3665
step 650: train loss 3.4302, val loss 3.3844
saving checkpoint to out-novel-char3_LGT723F_3d25ede0cfd080d9e35756b051dcef65
model:LGT723F iter 650: loss 2.9469, time 28857.56ms, mfu 6.08%
model:LGT723F iter 660: loss 3.0989, time 1736.14ms, mfu 6.26%
model:LGT723F iter 670: loss 3.5144, time 1735.91ms, mfu 6.42%
model:LGT723F iter 680: loss 3.2231, time 1736.99ms, mfu 6.57%
model:LGT723F iter 690: loss 3.5380, time 1737.64ms, mfu 6.70%
------average encoder activity 0.085
-----------average decoder density 0.3603
step 700: train loss 3.4023, val loss 3.3764
saving checkpoint to out-novel-char3_LGT723F_3d25ede0cfd080d9e35756b051dcef65
model:LGT723F iter 700: loss 3.7216, time 28780.97ms, mfu 6.08%
model:LGT723F iter 710: loss 3.4506, time 1740.69ms, mfu 6.26%
model:LGT723F iter 720: loss 3.4470, time 1739.24ms, mfu 6.42%
model:LGT723F iter 730: loss 3.2526, time 1740.20ms, mfu 6.57%
model:LGT723F iter 740: loss 3.4506, time 1739.57ms, mfu 6.70%
------average encoder activity 0.087
-----------average decoder density 0.3644
step 750: train loss 3.4197, val loss 3.3493
saving checkpoint to out-novel-char3_LGT723F_3d25ede0cfd080d9e35756b051dcef65
model:LGT723F iter 750: loss 3.2626, time 28851.31ms, mfu 6.08%
model:LGT723F iter 760: loss 3.3840, time 1738.12ms, mfu 6.26%
model:LGT723F iter 770: loss 3.3363, time 1738.69ms, mfu 6.42%
model:LGT723F iter 780: loss 3.1632, time 1738.60ms, mfu 6.57%
model:LGT723F iter 790: loss 3.3521, time 1737.13ms, mfu 6.70%
------average encoder activity 0.093
-----------average decoder density 0.3672
step 800: train loss 3.3671, val loss 3.3276
saving checkpoint to out-novel-char3_LGT723F_3d25ede0cfd080d9e35756b051dcef65
model:LGT723F iter 800: loss 3.3813, time 28831.65ms, mfu 6.08%
model:LGT723F iter 810: loss 3.6385, time 1741.77ms, mfu 6.26%
model:LGT723F iter 820: loss 3.5479, time 1741.72ms, mfu 6.42%
model:LGT723F iter 830: loss 3.0600, time 1741.92ms, mfu 6.57%
model:LGT723F iter 840: loss 3.3688, time 1743.81ms, mfu 6.70%
------average encoder activity 0.097
-----------average decoder density 0.3781
step 850: train loss 3.3538, val loss 3.2918
saving checkpoint to out-novel-char3_LGT723F_3d25ede0cfd080d9e35756b051dcef65
model:LGT723F iter 850: loss 3.6244, time 28831.09ms, mfu 6.08%
model:LGT723F iter 860: loss 3.4775, time 1741.45ms, mfu 6.26%
model:LGT723F iter 870: loss 3.4704, time 1742.76ms, mfu 6.42%
model:LGT723F iter 880: loss 3.5718, time 1741.39ms, mfu 6.57%
model:LGT723F iter 890: loss 3.3214, time 1741.73ms, mfu 6.70%
------average encoder activity 0.098
-----------average decoder density 0.3832
step 900: train loss 3.3464, val loss 3.3054
saving checkpoint to out-novel-char3_LGT723F_3d25ede0cfd080d9e35756b051dcef65
model:LGT723F iter 900: loss 3.3274, time 28826.33ms, mfu 6.07%
model:LGT723F iter 910: loss 3.3521, time 1741.89ms, mfu 6.25%
model:LGT723F iter 920: loss 3.3485, time 1743.16ms, mfu 6.42%
model:LGT723F iter 930: loss 3.1840, time 1739.42ms, mfu 6.56%
model:LGT723F iter 940: loss 3.2378, time 1738.82ms, mfu 6.70%
------average encoder activity 0.184
-----------average decoder density 0.3879
step 950: train loss 3.3303, val loss 3.2876
saving checkpoint to out-novel-char3_LGT723F_3d25ede0cfd080d9e35756b051dcef65
model:LGT723F iter 950: loss 3.3075, time 28805.65ms, mfu 6.07%
model:LGT723F iter 960: loss 3.0999, time 1740.87ms, mfu 6.26%
model:LGT723F iter 970: loss 3.6685, time 1741.11ms, mfu 6.42%
model:LGT723F iter 980: loss 3.3797, time 1740.62ms, mfu 6.57%
model:LGT723F iter 990: loss 3.5401, time 1740.54ms, mfu 6.70%
------average encoder activity 0.245
-----------average decoder density 0.4071
step 1000: train loss 3.3030, val loss 3.2644
saving checkpoint to out-novel-char3_LGT723F_3d25ede0cfd080d9e35756b051dcef65
model:LGT723F iter 1000: loss 2.9399, time 28836.38ms, mfu 6.07%
model:LGT723F iter 1010: loss 3.6042, time 1740.69ms, mfu 6.26%
model:LGT723F iter 1020: loss 3.5447, time 1740.53ms, mfu 6.42%
model:LGT723F iter 1030: loss 3.6011, time 1740.69ms, mfu 6.57%
model:LGT723F iter 1040: loss 3.1584, time 1740.74ms, mfu 6.70%
------average encoder activity 0.244
-----------average decoder density 0.4201
step 1050: train loss 3.3145, val loss 3.2249
saving checkpoint to out-novel-char3_LGT723F_3d25ede0cfd080d9e35756b051dcef65
model:LGT723F iter 1050: loss 3.1032, time 28792.72ms, mfu 6.08%
model:LGT723F iter 1060: loss 3.3644, time 1740.46ms, mfu 6.26%
model:LGT723F iter 1070: loss 3.5323, time 1740.44ms, mfu 6.42%
model:LGT723F iter 1080: loss 3.1705, time 1740.95ms, mfu 6.57%
model:LGT723F iter 1090: loss 3.1374, time 1741.96ms, mfu 6.70%
------average encoder activity 0.246
-----------average decoder density 0.4174
step 1100: train loss 3.2677, val loss 3.2218
saving checkpoint to out-novel-char3_LGT723F_3d25ede0cfd080d9e35756b051dcef65
model:LGT723F iter 1100: loss 3.1384, time 28878.66ms, mfu 6.07%
model:LGT723F iter 1110: loss 3.2250, time 1741.41ms, mfu 6.26%
model:LGT723F iter 1120: loss 3.2851, time 1741.66ms, mfu 6.42%
model:LGT723F iter 1130: loss 3.3974, time 1742.93ms, mfu 6.56%
model:LGT723F iter 1140: loss 2.8340, time 1741.36ms, mfu 6.70%
------average encoder activity 0.247
-----------average decoder density 0.4150
step 1150: train loss 3.2812, val loss 3.2172
saving checkpoint to out-novel-char3_LGT723F_3d25ede0cfd080d9e35756b051dcef65
model:LGT723F iter 1150: loss 3.4576, time 28830.21ms, mfu 6.07%
model:LGT723F iter 1160: loss 3.2897, time 1746.09ms, mfu 6.25%
model:LGT723F iter 1170: loss 3.0854, time 1741.20ms, mfu 6.41%
model:LGT723F iter 1180: loss 2.9557, time 1741.47ms, mfu 6.56%
model:LGT723F iter 1190: loss 3.2643, time 1741.13ms, mfu 6.69%
------average encoder activity 0.247
-----------average decoder density 0.4146
step 1200: train loss 3.2622, val loss 3.1980
saving checkpoint to out-novel-char3_LGT723F_3d25ede0cfd080d9e35756b051dcef65
model:LGT723F iter 1200: loss 3.0859, time 28811.46ms, mfu 6.07%
model:LGT723F iter 1210: loss 3.1100, time 1739.88ms, mfu 6.25%
model:LGT723F iter 1220: loss 3.3287, time 1739.29ms, mfu 6.42%
model:LGT723F iter 1230: loss 2.9233, time 1739.35ms, mfu 6.56%
model:LGT723F iter 1240: loss 3.3683, time 1739.42ms, mfu 6.70%
------average encoder activity 0.248
-----------average decoder density 0.4366
step 1250: train loss 3.2452, val loss 3.1974
saving checkpoint to out-novel-char3_LGT723F_3d25ede0cfd080d9e35756b051dcef65
model:LGT723F iter 1250: loss 3.1804, time 28807.05ms, mfu 6.08%
model:LGT723F iter 1260: loss 2.7086, time 1739.76ms, mfu 6.26%
model:LGT723F iter 1270: loss 3.3423, time 1740.48ms, mfu 6.42%
model:LGT723F iter 1280: loss 2.7987, time 1740.07ms, mfu 6.57%
model:LGT723F iter 1290: loss 3.0371, time 1739.74ms, mfu 6.70%
------average encoder activity 0.251
-----------average decoder density 0.4444
step 1300: train loss 3.2312, val loss 3.1987
saving checkpoint to out-novel-char3_LGT723F_3d25ede0cfd080d9e35756b051dcef65
model:LGT723F iter 1300: loss 3.1979, time 28796.64ms, mfu 6.08%
model:LGT723F iter 1310: loss 3.2333, time 1740.85ms, mfu 6.26%
model:LGT723F iter 1320: loss 3.3722, time 1739.41ms, mfu 6.42%
model:LGT723F iter 1330: loss 3.2339, time 1740.76ms, mfu 6.57%
model:LGT723F iter 1340: loss 2.8923, time 1740.38ms, mfu 6.70%
------average encoder activity 0.250
-----------average decoder density 0.4280
step 1350: train loss 3.2411, val loss 3.2061
saving checkpoint to out-novel-char3_LGT723F_3d25ede0cfd080d9e35756b051dcef65
model:LGT723F iter 1350: loss 3.3668, time 28790.46ms, mfu 6.08%
model:LGT723F iter 1360: loss 3.5809, time 1740.00ms, mfu 6.26%
model:LGT723F iter 1370: loss 3.5188, time 1742.15ms, mfu 6.42%
model:LGT723F iter 1380: loss 3.1919, time 1739.91ms, mfu 6.57%
model:LGT723F iter 1390: loss 3.3417, time 1740.10ms, mfu 6.70%
------average encoder activity 0.252
-----------average decoder density 0.4553
step 1400: train loss 3.2269, val loss 3.1750
saving checkpoint to out-novel-char3_LGT723F_3d25ede0cfd080d9e35756b051dcef65
model:LGT723F iter 1400: loss 3.0905, time 28917.77ms, mfu 6.08%
model:LGT723F iter 1410: loss 3.3041, time 1740.07ms, mfu 6.26%
model:LGT723F iter 1420: loss 3.2571, time 1740.27ms, mfu 6.42%
model:LGT723F iter 1430: loss 3.2032, time 1740.93ms, mfu 6.57%
model:LGT723F iter 1440: loss 3.4439, time 1740.46ms, mfu 6.70%
------average encoder activity 0.249
-----------average decoder density 0.4574
step 1450: train loss 3.1880, val loss 3.1751
saving checkpoint to out-novel-char3_LGT723F_3d25ede0cfd080d9e35756b051dcef65
model:LGT723F iter 1450: loss 3.0716, time 28754.47ms, mfu 6.08%
model:LGT723F iter 1460: loss 3.1186, time 1739.83ms, mfu 6.26%
model:LGT723F iter 1470: loss 3.2542, time 1740.28ms, mfu 6.42%
model:LGT723F iter 1480: loss 3.3730, time 1740.25ms, mfu 6.57%
model:LGT723F iter 1490: loss 3.0269, time 1740.83ms, mfu 6.70%
------average encoder activity 0.253
-----------average decoder density 0.4634
step 1500: train loss 3.1946, val loss 3.1620
saving checkpoint to out-novel-char3_LGT723F_3d25ede0cfd080d9e35756b051dcef65
model:LGT723F iter 1500: loss 3.2977, time 28760.37ms, mfu 6.08%
model:LGT723F iter 1510: loss 3.1668, time 1740.30ms, mfu 6.26%
model:LGT723F iter 1520: loss 3.2029, time 1740.18ms, mfu 6.42%
model:LGT723F iter 1530: loss 3.1684, time 1739.98ms, mfu 6.57%
model:LGT723F iter 1540: loss 2.6452, time 1741.28ms, mfu 6.70%
------average encoder activity 0.250
-----------average decoder density 0.4599
step 1550: train loss 3.1870, val loss 3.1487
saving checkpoint to out-novel-char3_LGT723F_3d25ede0cfd080d9e35756b051dcef65
model:LGT723F iter 1550: loss 3.0599, time 28752.06ms, mfu 6.08%
model:LGT723F iter 1560: loss 3.1414, time 1739.90ms, mfu 6.26%
model:LGT723F iter 1570: loss 3.0861, time 1739.76ms, mfu 6.42%
model:LGT723F iter 1580: loss 3.2376, time 1739.66ms, mfu 6.57%
model:LGT723F iter 1590: loss 3.0586, time 1740.79ms, mfu 6.70%
------average encoder activity 0.250
-----------average decoder density 0.4381
step 1600: train loss 3.1594, val loss 3.1722
saving checkpoint to out-novel-char3_LGT723F_3d25ede0cfd080d9e35756b051dcef65
model:LGT723F iter 1600: loss 3.0839, time 28784.84ms, mfu 6.08%
model:LGT723F iter 1610: loss 3.0082, time 1742.33ms, mfu 6.26%
model:LGT723F iter 1620: loss 2.9882, time 1740.44ms, mfu 6.42%
model:LGT723F iter 1630: loss 3.3214, time 1739.90ms, mfu 6.57%
model:LGT723F iter 1640: loss 3.4606, time 1740.23ms, mfu 6.70%
------average encoder activity 0.249
-----------average decoder density 0.4466
step 1650: train loss 3.1585, val loss 3.1406
saving checkpoint to out-novel-char3_LGT723F_3d25ede0cfd080d9e35756b051dcef65
model:LGT723F iter 1650: loss 2.8987, time 28811.64ms, mfu 6.08%
model:LGT723F iter 1660: loss 3.2338, time 1740.08ms, mfu 6.26%
model:LGT723F iter 1670: loss 3.0878, time 1741.14ms, mfu 6.42%
model:LGT723F iter 1680: loss 3.3527, time 1741.19ms, mfu 6.57%
model:LGT723F iter 1690: loss 3.1556, time 1740.56ms, mfu 6.70%
------average encoder activity 0.248
-----------average decoder density 0.4274
step 1700: train loss 3.1433, val loss 3.1183
saving checkpoint to out-novel-char3_LGT723F_3d25ede0cfd080d9e35756b051dcef65
model:LGT723F iter 1700: loss 2.7222, time 28901.29ms, mfu 6.08%
model:LGT723F iter 1710: loss 3.0928, time 1740.89ms, mfu 6.26%
model:LGT723F iter 1720: loss 3.1945, time 1740.28ms, mfu 6.42%
model:LGT723F iter 1730: loss 3.3766, time 1740.02ms, mfu 6.57%
model:LGT723F iter 1740: loss 3.1322, time 1739.61ms, mfu 6.70%
------average encoder activity 0.246
-----------average decoder density 0.4424
step 1750: train loss 3.1319, val loss 3.0830
saving checkpoint to out-novel-char3_LGT723F_3d25ede0cfd080d9e35756b051dcef65
model:LGT723F iter 1750: loss 3.4070, time 28827.63ms, mfu 6.08%
model:LGT723F iter 1760: loss 3.1488, time 1740.65ms, mfu 6.26%
model:LGT723F iter 1770: loss 2.5766, time 1739.58ms, mfu 6.42%
model:LGT723F iter 1780: loss 3.3974, time 1739.02ms, mfu 6.57%
model:LGT723F iter 1790: loss 3.1918, time 1740.00ms, mfu 6.70%
------average encoder activity 0.249
-----------average decoder density 0.4214
step 1800: train loss 3.1613, val loss 3.1162
saving checkpoint to out-novel-char3_LGT723F_3d25ede0cfd080d9e35756b051dcef65
model:LGT723F iter 1800: loss 3.2439, time 28767.98ms, mfu 6.08%
model:LGT723F iter 1810: loss 3.2858, time 1740.45ms, mfu 6.26%
model:LGT723F iter 1820: loss 2.9044, time 1739.58ms, mfu 6.42%
model:LGT723F iter 1830: loss 2.9739, time 1739.62ms, mfu 6.57%
model:LGT723F iter 1840: loss 3.2567, time 1739.51ms, mfu 6.70%
------average encoder activity 0.244
-----------average decoder density 0.4384
step 1850: train loss 3.1244, val loss 3.1074
saving checkpoint to out-novel-char3_LGT723F_3d25ede0cfd080d9e35756b051dcef65
model:LGT723F iter 1850: loss 2.8369, time 28807.18ms, mfu 6.08%
model:LGT723F iter 1860: loss 3.2612, time 1741.19ms, mfu 6.26%
model:LGT723F iter 1870: loss 3.2310, time 1740.27ms, mfu 6.42%
model:LGT723F iter 1880: loss 2.9869, time 1740.10ms, mfu 6.57%
model:LGT723F iter 1890: loss 3.2940, time 1740.73ms, mfu 6.70%
------average encoder activity 0.240
-----------average decoder density 0.4189
step 1900: train loss 3.1102, val loss 3.1030
saving checkpoint to out-novel-char3_LGT723F_3d25ede0cfd080d9e35756b051dcef65
model:LGT723F iter 1900: loss 3.1122, time 28839.12ms, mfu 6.08%
model:LGT723F iter 1910: loss 3.0455, time 1740.49ms, mfu 6.26%
model:LGT723F iter 1920: loss 3.2474, time 1744.61ms, mfu 6.42%
model:LGT723F iter 1930: loss 3.0708, time 1741.05ms, mfu 6.57%
model:LGT723F iter 1940: loss 2.9202, time 1736.86ms, mfu 6.70%
------average encoder activity 0.237
-----------average decoder density 0.4514
step 1950: train loss 3.0833, val loss 3.0672
saving checkpoint to out-novel-char3_LGT723F_3d25ede0cfd080d9e35756b051dcef65
model:LGT723F iter 1950: loss 3.3299, time 28777.46ms, mfu 6.08%
model:LGT723F iter 1960: loss 3.0331, time 1742.13ms, mfu 6.26%
model:LGT723F iter 1970: loss 2.9864, time 1740.53ms, mfu 6.42%
model:LGT723F iter 1980: loss 3.3005, time 1739.86ms, mfu 6.57%
model:LGT723F iter 1990: loss 3.3543, time 1739.97ms, mfu 6.70%
------average encoder activity 0.234
-----------average decoder density 0.4511
step 2000: train loss 3.1036, val loss 3.0916
saving checkpoint to out-novel-char3_LGT723F_3d25ede0cfd080d9e35756b051dcef65
model:LGT723F iter 2000: loss 3.3221, time 28851.41ms, mfu 6.08%
model:LGT723F iter 2010: loss 3.3573, time 1740.73ms, mfu 6.26%
model:LGT723F iter 2020: loss 3.1626, time 1740.69ms, mfu 6.42%
model:LGT723F iter 2030: loss 3.5401, time 1741.02ms, mfu 6.57%
model:LGT723F iter 2040: loss 2.9782, time 1740.85ms, mfu 6.70%
------average encoder activity 0.233
-----------average decoder density 0.4541
step 2050: train loss 3.0912, val loss 3.0856
saving checkpoint to out-novel-char3_LGT723F_3d25ede0cfd080d9e35756b051dcef65
model:LGT723F iter 2050: loss 3.0854, time 28844.17ms, mfu 6.08%
model:LGT723F iter 2060: loss 3.2891, time 1741.91ms, mfu 6.26%
model:LGT723F iter 2070: loss 3.3253, time 1741.14ms, mfu 6.42%
model:LGT723F iter 2080: loss 3.2843, time 1740.94ms, mfu 6.57%
model:LGT723F iter 2090: loss 3.1987, time 1741.54ms, mfu 6.70%
------average encoder activity 0.233
-----------average decoder density 0.4194
step 2100: train loss 3.0921, val loss 3.0818
saving checkpoint to out-novel-char3_LGT723F_3d25ede0cfd080d9e35756b051dcef65
model:LGT723F iter 2100: loss 3.3308, time 28832.97ms, mfu 6.07%
model:LGT723F iter 2110: loss 3.2288, time 1741.49ms, mfu 6.26%
model:LGT723F iter 2120: loss 2.7895, time 1741.65ms, mfu 6.42%
model:LGT723F iter 2130: loss 3.1892, time 1742.26ms, mfu 6.56%
model:LGT723F iter 2140: loss 3.2482, time 1741.59ms, mfu 6.70%
------average encoder activity 0.229
-----------average decoder density 0.4563
step 2150: train loss 3.0699, val loss 3.0369
saving checkpoint to out-novel-char3_LGT723F_3d25ede0cfd080d9e35756b051dcef65
model:LGT723F iter 2150: loss 3.4178, time 28798.39ms, mfu 6.07%
model:LGT723F iter 2160: loss 2.9502, time 1742.11ms, mfu 6.25%
model:LGT723F iter 2170: loss 2.9669, time 1741.01ms, mfu 6.42%
model:LGT723F iter 2180: loss 3.0105, time 1741.37ms, mfu 6.56%
model:LGT723F iter 2190: loss 3.0159, time 1741.22ms, mfu 6.70%
------average encoder activity 0.224
-----------average decoder density 0.4736
step 2200: train loss 3.0616, val loss 3.0696
saving checkpoint to out-novel-char3_LGT723F_3d25ede0cfd080d9e35756b051dcef65
model:LGT723F iter 2200: loss 2.9695, time 28821.48ms, mfu 6.07%
model:LGT723F iter 2210: loss 3.1227, time 1737.99ms, mfu 6.26%
model:LGT723F iter 2220: loss 2.7847, time 1738.09ms, mfu 6.42%
model:LGT723F iter 2230: loss 3.4497, time 1738.68ms, mfu 6.57%
model:LGT723F iter 2240: loss 3.1383, time 1737.85ms, mfu 6.70%
------average encoder activity 0.220
-----------average decoder density 0.4153
step 2250: train loss 3.0335, val loss 3.0501
saving checkpoint to out-novel-char3_LGT723F_3d25ede0cfd080d9e35756b051dcef65
model:LGT723F iter 2250: loss 3.2282, time 28802.25ms, mfu 6.08%
model:LGT723F iter 2260: loss 3.1989, time 1739.04ms, mfu 6.26%
model:LGT723F iter 2270: loss 3.2289, time 1739.21ms, mfu 6.42%
model:LGT723F iter 2280: loss 2.8072, time 1738.70ms, mfu 6.57%
model:LGT723F iter 2290: loss 3.0556, time 1738.94ms, mfu 6.70%
------average encoder activity 0.215
-----------average decoder density 0.4225
step 2300: train loss 3.0410, val loss 3.0082
saving checkpoint to out-novel-char3_LGT723F_3d25ede0cfd080d9e35756b051dcef65
model:LGT723F iter 2300: loss 3.0855, time 28898.35ms, mfu 6.08%
model:LGT723F iter 2310: loss 3.1646, time 1742.54ms, mfu 6.26%
Overriding config with config/train_novel_char3.py:
# train a miniature character-level shakespeare model
# good for debugging and playing on macbooks and such

out_dir = 'out-novel-char3'
eval_interval = 250 # keep frequent because we'll overfit
eval_iters = 200
log_interval = 10 # don't print too too often

# we expect to overfit on this small dataset, so only save when val improves
always_save_checkpoint = False

wandb_log = False # override via command line if you like
wandb_project = 'novel'
wandb_run_name = 'novel'

dataset = 'novel_char3'
gradient_accumulation_steps = 1
# gradient_accumulation_steps = 6
gradient_accumulation_steps = 12
# gradient_accumulation_steps = 24
# gradient_accumulation_steps = 48
# batch_size = 12
batch_size = 2
# batch_size = 1
# block_size = 256 # context of up to 256 previous characters
# block_size = 256 # context of up to 256 previous characters
# block_size = 64 # context of up to 256 previous characters
block_size = 1024 # context of up to 256 previous characters

# baby GPT model :)
n_layer = 6
n_head = 6
n_embd = 384
# n_embd = 182
dropout = 0.2

# learning_rate = 1e-3 # with baby networks can afford to go a bit higher
learning_rate = 1e-4 # with baby networks can afford to go a bit higher

# max_iters = 5000
# lr_decay_iters = 5000 # make equal to max_iters usually

max_iters = 500000
lr_decay_iters = 500000 # make equal to max_iters usually

min_lr = 5e-6 # learning_rate / 10 usually
beta2 = 0.99 # make a bit bigger because number of tokens per iter is small

warmup_iters = 100 # not super necessary potentially

# on macbook also add
# device = 'cpu'  # run on cpu only
# compile = False # do not torch compile the model
# init_from ='resume'


'''
python3 -u sample.py config/train_novel.py --out_dir=out-novel-word_CCM232_c85667cd6eadbcf772d23fa97827c506 --model=CCM232
python3 -u sample.py config/train_novel.py --out_dir=out-novel-word_CCM251_4bfeb7b3e1b9c46a2542bb9406173e22 --model=CCM251
python3 -u sample.py config/train_novel.py --out_dir=out-novel-word_CCM253_01b622029bb00e0dc9206cae3b0ab559 --model=CCM253 
python3 -u sample.py config/train_novel.py --out_dir=out-novel-word_CCM276_01b622029bb00e0dc9206cae3b0ab559 --model=CCM276
python3 -u sample.py config/train_novel.py --out_dir=out-novel-word_CCM278_a97bfe077b316033e3604831d5ad371e --model=CCM278
python3 -u sample.py config/train_novel.py --out_dir=out-novel-word_CCM305_52efa1def80492f81622f536ac701226 --model=CCM305


out-novel-word_CCM276_01b622029bb00e0dc9206cae3b0ab559

'''
#### python3 -u sample.py config/train_novel.py --out_dir=out-novel-word_CCM232_c85667cd6eadbcf772d23fa97827c506 --model=CCM232
Overriding: init_from = scratch
Overriding: compile = False
Overriding: model = LGT723F
Overriding: n_layer = 70
Overriding: n_head = 12
Overriding: share_layer = False
Overriding: always_save_checkpoint = True
Overriding: max_iters = 2500999
Overriding: best_val_loss_force = 10.001
Overriding: min_lr = 5e-06
Overriding: dropout = 0.0
Overriding: eval_interval = 50
Overriding: force_resave = 0
Overriding: random_seed = 3
tokens per iteration will be: 24,576
found vocab_size = 73440 (inside data/novel_char3/meta.pkl)
out_dir: out-novel-char3_LGT723F_3d25ede0cfd080d9e35756b051dcef65
Initializing a new model from scratch
WARNING: using slow attention. Flash Attention requires PyTorch >= 2.0
WARNING: using slow attention. Flash Attention requires PyTorch >= 2.0
WARNING: using slow attention. Flash Attention requires PyTorch >= 2.0
WARNING: using slow attention. Flash Attention requires PyTorch >= 2.0
WARNING: using slow attention. Flash Attention requires PyTorch >= 2.0
WARNING: using slow attention. Flash Attention requires PyTorch >= 2.0
WARNING: using slow attention. Flash Attention requires PyTorch >= 2.0
WARNING: using slow attention. Flash Attention requires PyTorch >= 2.0
WARNING: using slow attention. Flash Attention requires PyTorch >= 2.0
WARNING: using slow attention. Flash Attention requires PyTorch >= 2.0
WARNING: using slow attention. Flash Attention requires PyTorch >= 2.0
WARNING: using slow attention. Flash Attention requires PyTorch >= 2.0
WARNING: using slow attention. Flash Attention requires PyTorch >= 2.0
WARNING: using slow attention. Flash Attention requires PyTorch >= 2.0
WARNING: using slow attention. Flash Attention requires PyTorch >= 2.0
WARNING: using slow attention. Flash Attention requires PyTorch >= 2.0
WARNING: using slow attention. Flash Attention requires PyTorch >= 2.0
WARNING: using slow attention. Flash Attention requires PyTorch >= 2.0
WARNING: using slow attention. Flash Attention requires PyTorch >= 2.0
WARNING: using slow attention. Flash Attention requires PyTorch >= 2.0
WARNING: using slow attention. Flash Attention requires PyTorch >= 2.0
WARNING: using slow attention. Flash Attention requires PyTorch >= 2.0
WARNING: using slow attention. Flash Attention requires PyTorch >= 2.0
WARNING: using slow attention. Flash Attention requires PyTorch >= 2.0
WARNING: using slow attention. Flash Attention requires PyTorch >= 2.0
WARNING: using slow attention. Flash Attention requires PyTorch >= 2.0
WARNING: using slow attention. Flash Attention requires PyTorch >= 2.0
WARNING: using slow attention. Flash Attention requires PyTorch >= 2.0
WARNING: using slow attention. Flash Attention requires PyTorch >= 2.0
WARNING: using slow attention. Flash Attention requires PyTorch >= 2.0
WARNING: using slow attention. Flash Attention requires PyTorch >= 2.0
WARNING: using slow attention. Flash Attention requires PyTorch >= 2.0
WARNING: using slow attention. Flash Attention requires PyTorch >= 2.0
WARNING: using slow attention. Flash Attention requires PyTorch >= 2.0
WARNING: using slow attention. Flash Attention requires PyTorch >= 2.0
WARNING: using slow attention. Flash Attention requires PyTorch >= 2.0
WARNING: using slow attention. Flash Attention requires PyTorch >= 2.0
WARNING: using slow attention. Flash Attention requires PyTorch >= 2.0
WARNING: using slow attention. Flash Attention requires PyTorch >= 2.0
WARNING: using slow attention. Flash Attention requires PyTorch >= 2.0
WARNING: using slow attention. Flash Attention requires PyTorch >= 2.0
WARNING: using slow attention. Flash Attention requires PyTorch >= 2.0
WARNING: using slow attention. Flash Attention requires PyTorch >= 2.0
WARNING: using slow attention. Flash Attention requires PyTorch >= 2.0
WARNING: using slow attention. Flash Attention requires PyTorch >= 2.0
WARNING: using slow attention. Flash Attention requires PyTorch >= 2.0
WARNING: using slow attention. Flash Attention requires PyTorch >= 2.0
WARNING: using slow attention. Flash Attention requires PyTorch >= 2.0
WARNING: using slow attention. Flash Attention requires PyTorch >= 2.0
WARNING: using slow attention. Flash Attention requires PyTorch >= 2.0
WARNING: using slow attention. Flash Attention requires PyTorch >= 2.0
WARNING: using slow attention. Flash Attention requires PyTorch >= 2.0
WARNING: using slow attention. Flash Attention requires PyTorch >= 2.0
WARNING: using slow attention. Flash Attention requires PyTorch >= 2.0
WARNING: using slow attention. Flash Attention requires PyTorch >= 2.0
WARNING: using slow attention. Flash Attention requires PyTorch >= 2.0
WARNING: using slow attention. Flash Attention requires PyTorch >= 2.0
WARNING: using slow attention. Flash Attention requires PyTorch >= 2.0
WARNING: using slow attention. Flash Attention requires PyTorch >= 2.0
WARNING: using slow attention. Flash Attention requires PyTorch >= 2.0
WARNING: using slow attention. Flash Attention requires PyTorch >= 2.0
WARNING: using slow attention. Flash Attention requires PyTorch >= 2.0
WARNING: using slow attention. Flash Attention requires PyTorch >= 2.0
WARNING: using slow attention. Flash Attention requires PyTorch >= 2.0
WARNING: using slow attention. Flash Attention requires PyTorch >= 2.0
WARNING: using slow attention. Flash Attention requires PyTorch >= 2.0
WARNING: using slow attention. Flash Attention requires PyTorch >= 2.0
WARNING: using slow attention. Flash Attention requires PyTorch >= 2.0
WARNING: using slow attention. Flash Attention requires PyTorch >= 2.0
WARNING: using slow attention. Flash Attention requires PyTorch >= 2.0
num decayed parameter tensors: 353, with 194,444,544 parameters
num non-decayed parameter tensors: 214, with 41,342,593 parameters
using fused AdamW: True
------average encoder activity 0.000
-----------average decoder density 0.0000
step 0: train loss 5.6530, val loss 5.6590
model:LGT723F iter 0: loss 5.6452, time 26602.99ms, mfu -100.00%
model:LGT723F iter 10: loss 5.3326, time 1739.15ms, mfu 7.89%
model:LGT723F iter 20: loss 5.2827, time 1740.10ms, mfu 7.89%
model:LGT723F iter 30: loss 5.2690, time 1740.26ms, mfu 7.89%
Overriding config with config/train_novel_char3.py:
# train a miniature character-level shakespeare model
# good for debugging and playing on macbooks and such

out_dir = 'out-novel-char3'
eval_interval = 250 # keep frequent because we'll overfit
eval_iters = 200
log_interval = 10 # don't print too too often

# we expect to overfit on this small dataset, so only save when val improves
always_save_checkpoint = False

wandb_log = False # override via command line if you like
wandb_project = 'novel'
wandb_run_name = 'novel'

dataset = 'novel_char3'
gradient_accumulation_steps = 1
# gradient_accumulation_steps = 6
gradient_accumulation_steps = 12
# gradient_accumulation_steps = 24
# gradient_accumulation_steps = 48
# batch_size = 12
batch_size = 2
# batch_size = 1
# block_size = 256 # context of up to 256 previous characters
# block_size = 256 # context of up to 256 previous characters
# block_size = 64 # context of up to 256 previous characters
block_size = 1024 # context of up to 256 previous characters

# baby GPT model :)
n_layer = 6
n_head = 6
n_embd = 384
# n_embd = 182
dropout = 0.2

# learning_rate = 1e-3 # with baby networks can afford to go a bit higher
learning_rate = 1e-4 # with baby networks can afford to go a bit higher

# max_iters = 5000
# lr_decay_iters = 5000 # make equal to max_iters usually

max_iters = 500000
lr_decay_iters = 500000 # make equal to max_iters usually

min_lr = 5e-6 # learning_rate / 10 usually
beta2 = 0.99 # make a bit bigger because number of tokens per iter is small

warmup_iters = 100 # not super necessary potentially

# on macbook also add
# device = 'cpu'  # run on cpu only
# compile = False # do not torch compile the model
# init_from ='resume'


'''
python3 -u sample.py config/train_novel.py --out_dir=out-novel-word_CCM232_c85667cd6eadbcf772d23fa97827c506 --model=CCM232
python3 -u sample.py config/train_novel.py --out_dir=out-novel-word_CCM251_4bfeb7b3e1b9c46a2542bb9406173e22 --model=CCM251
python3 -u sample.py config/train_novel.py --out_dir=out-novel-word_CCM253_01b622029bb00e0dc9206cae3b0ab559 --model=CCM253 
python3 -u sample.py config/train_novel.py --out_dir=out-novel-word_CCM276_01b622029bb00e0dc9206cae3b0ab559 --model=CCM276
python3 -u sample.py config/train_novel.py --out_dir=out-novel-word_CCM278_a97bfe077b316033e3604831d5ad371e --model=CCM278
python3 -u sample.py config/train_novel.py --out_dir=out-novel-word_CCM305_52efa1def80492f81622f536ac701226 --model=CCM305


out-novel-word_CCM276_01b622029bb00e0dc9206cae3b0ab559

'''
#### python3 -u sample.py config/train_novel.py --out_dir=out-novel-word_CCM232_c85667cd6eadbcf772d23fa97827c506 --model=CCM232
Overriding: init_from = resume
Overriding: compile = False
Overriding: model = LGT723F
Overriding: n_layer = 70
Overriding: n_head = 12
Overriding: share_layer = False
Overriding: always_save_checkpoint = True
Overriding: max_iters = 2500999
Overriding: best_val_loss_force = 10.001
Overriding: min_lr = 5e-06
Overriding: dropout = 0.0
Overriding: eval_interval = 50
Overriding: force_resave = 0
Overriding: random_seed = 3
tokens per iteration will be: 24,576
found vocab_size = 73440 (inside data/novel_char3/meta.pkl)
out_dir: out-novel-char3_LGT723F_3d25ede0cfd080d9e35756b051dcef65
Resuming training from out-novel-char3_LGT723F_3d25ede0cfd080d9e35756b051dcef65
WARNING: using slow attention. Flash Attention requires PyTorch >= 2.0
WARNING: using slow attention. Flash Attention requires PyTorch >= 2.0
WARNING: using slow attention. Flash Attention requires PyTorch >= 2.0
WARNING: using slow attention. Flash Attention requires PyTorch >= 2.0
WARNING: using slow attention. Flash Attention requires PyTorch >= 2.0
WARNING: using slow attention. Flash Attention requires PyTorch >= 2.0
WARNING: using slow attention. Flash Attention requires PyTorch >= 2.0
WARNING: using slow attention. Flash Attention requires PyTorch >= 2.0
WARNING: using slow attention. Flash Attention requires PyTorch >= 2.0
WARNING: using slow attention. Flash Attention requires PyTorch >= 2.0
WARNING: using slow attention. Flash Attention requires PyTorch >= 2.0
WARNING: using slow attention. Flash Attention requires PyTorch >= 2.0
WARNING: using slow attention. Flash Attention requires PyTorch >= 2.0
WARNING: using slow attention. Flash Attention requires PyTorch >= 2.0
WARNING: using slow attention. Flash Attention requires PyTorch >= 2.0
WARNING: using slow attention. Flash Attention requires PyTorch >= 2.0
WARNING: using slow attention. Flash Attention requires PyTorch >= 2.0
WARNING: using slow attention. Flash Attention requires PyTorch >= 2.0
WARNING: using slow attention. Flash Attention requires PyTorch >= 2.0
WARNING: using slow attention. Flash Attention requires PyTorch >= 2.0
WARNING: using slow attention. Flash Attention requires PyTorch >= 2.0
WARNING: using slow attention. Flash Attention requires PyTorch >= 2.0
WARNING: using slow attention. Flash Attention requires PyTorch >= 2.0
WARNING: using slow attention. Flash Attention requires PyTorch >= 2.0
WARNING: using slow attention. Flash Attention requires PyTorch >= 2.0
WARNING: using slow attention. Flash Attention requires PyTorch >= 2.0
WARNING: using slow attention. Flash Attention requires PyTorch >= 2.0
WARNING: using slow attention. Flash Attention requires PyTorch >= 2.0
WARNING: using slow attention. Flash Attention requires PyTorch >= 2.0
WARNING: using slow attention. Flash Attention requires PyTorch >= 2.0
WARNING: using slow attention. Flash Attention requires PyTorch >= 2.0
WARNING: using slow attention. Flash Attention requires PyTorch >= 2.0
WARNING: using slow attention. Flash Attention requires PyTorch >= 2.0
WARNING: using slow attention. Flash Attention requires PyTorch >= 2.0
WARNING: using slow attention. Flash Attention requires PyTorch >= 2.0
WARNING: using slow attention. Flash Attention requires PyTorch >= 2.0
WARNING: using slow attention. Flash Attention requires PyTorch >= 2.0
WARNING: using slow attention. Flash Attention requires PyTorch >= 2.0
WARNING: using slow attention. Flash Attention requires PyTorch >= 2.0
WARNING: using slow attention. Flash Attention requires PyTorch >= 2.0
WARNING: using slow attention. Flash Attention requires PyTorch >= 2.0
WARNING: using slow attention. Flash Attention requires PyTorch >= 2.0
WARNING: using slow attention. Flash Attention requires PyTorch >= 2.0
WARNING: using slow attention. Flash Attention requires PyTorch >= 2.0
WARNING: using slow attention. Flash Attention requires PyTorch >= 2.0
WARNING: using slow attention. Flash Attention requires PyTorch >= 2.0
WARNING: using slow attention. Flash Attention requires PyTorch >= 2.0
WARNING: using slow attention. Flash Attention requires PyTorch >= 2.0
WARNING: using slow attention. Flash Attention requires PyTorch >= 2.0
WARNING: using slow attention. Flash Attention requires PyTorch >= 2.0
WARNING: using slow attention. Flash Attention requires PyTorch >= 2.0
WARNING: using slow attention. Flash Attention requires PyTorch >= 2.0
WARNING: using slow attention. Flash Attention requires PyTorch >= 2.0
WARNING: using slow attention. Flash Attention requires PyTorch >= 2.0
WARNING: using slow attention. Flash Attention requires PyTorch >= 2.0
WARNING: using slow attention. Flash Attention requires PyTorch >= 2.0
WARNING: using slow attention. Flash Attention requires PyTorch >= 2.0
WARNING: using slow attention. Flash Attention requires PyTorch >= 2.0
WARNING: using slow attention. Flash Attention requires PyTorch >= 2.0
WARNING: using slow attention. Flash Attention requires PyTorch >= 2.0
WARNING: using slow attention. Flash Attention requires PyTorch >= 2.0
WARNING: using slow attention. Flash Attention requires PyTorch >= 2.0
WARNING: using slow attention. Flash Attention requires PyTorch >= 2.0
WARNING: using slow attention. Flash Attention requires PyTorch >= 2.0
WARNING: using slow attention. Flash Attention requires PyTorch >= 2.0
WARNING: using slow attention. Flash Attention requires PyTorch >= 2.0
WARNING: using slow attention. Flash Attention requires PyTorch >= 2.0
WARNING: using slow attention. Flash Attention requires PyTorch >= 2.0
WARNING: using slow attention. Flash Attention requires PyTorch >= 2.0
WARNING: using slow attention. Flash Attention requires PyTorch >= 2.0
num decayed parameter tensors: 353, with 194,444,544 parameters
num non-decayed parameter tensors: 214, with 41,342,593 parameters
using fused AdamW: True
------average encoder activity 0.215
-----------average decoder density 0.4159
Overriding config with config/train_novel_char3.py:
# train a miniature character-level shakespeare model
# good for debugging and playing on macbooks and such

out_dir = 'out-novel-char3'
eval_interval = 250 # keep frequent because we'll overfit
eval_iters = 200
log_interval = 10 # don't print too too often

# we expect to overfit on this small dataset, so only save when val improves
always_save_checkpoint = False

wandb_log = False # override via command line if you like
wandb_project = 'novel'
wandb_run_name = 'novel'

dataset = 'novel_char3'
gradient_accumulation_steps = 1
# gradient_accumulation_steps = 6
gradient_accumulation_steps = 12
# gradient_accumulation_steps = 24
# gradient_accumulation_steps = 48
# batch_size = 12
batch_size = 2
# batch_size = 1
# block_size = 256 # context of up to 256 previous characters
# block_size = 256 # context of up to 256 previous characters
# block_size = 64 # context of up to 256 previous characters
block_size = 1024 # context of up to 256 previous characters

# baby GPT model :)
n_layer = 6
n_head = 6
n_embd = 384
# n_embd = 182
dropout = 0.2

# learning_rate = 1e-3 # with baby networks can afford to go a bit higher
learning_rate = 1e-4 # with baby networks can afford to go a bit higher

# max_iters = 5000
# lr_decay_iters = 5000 # make equal to max_iters usually

max_iters = 500000
lr_decay_iters = 500000 # make equal to max_iters usually

min_lr = 5e-6 # learning_rate / 10 usually
beta2 = 0.99 # make a bit bigger because number of tokens per iter is small

warmup_iters = 100 # not super necessary potentially

# on macbook also add
# device = 'cpu'  # run on cpu only
# compile = False # do not torch compile the model
# init_from ='resume'


'''
python3 -u sample.py config/train_novel.py --out_dir=out-novel-word_CCM232_c85667cd6eadbcf772d23fa97827c506 --model=CCM232
python3 -u sample.py config/train_novel.py --out_dir=out-novel-word_CCM251_4bfeb7b3e1b9c46a2542bb9406173e22 --model=CCM251
python3 -u sample.py config/train_novel.py --out_dir=out-novel-word_CCM253_01b622029bb00e0dc9206cae3b0ab559 --model=CCM253 
python3 -u sample.py config/train_novel.py --out_dir=out-novel-word_CCM276_01b622029bb00e0dc9206cae3b0ab559 --model=CCM276
python3 -u sample.py config/train_novel.py --out_dir=out-novel-word_CCM278_a97bfe077b316033e3604831d5ad371e --model=CCM278
python3 -u sample.py config/train_novel.py --out_dir=out-novel-word_CCM305_52efa1def80492f81622f536ac701226 --model=CCM305


out-novel-word_CCM276_01b622029bb00e0dc9206cae3b0ab559

'''
#### python3 -u sample.py config/train_novel.py --out_dir=out-novel-word_CCM232_c85667cd6eadbcf772d23fa97827c506 --model=CCM232
Overriding: init_from = resume
Overriding: compile = False
Overriding: model = LGT723F
Overriding: n_layer = 70
Overriding: n_head = 12
Overriding: share_layer = False
Overriding: always_save_checkpoint = True
Overriding: max_iters = 2500999
Overriding: best_val_loss_force = 10.001
Overriding: min_lr = 5e-06
Overriding: dropout = 0.0
Overriding: eval_interval = 50
Overriding: force_resave = 0
Overriding: random_seed = 3
tokens per iteration will be: 24,576
found vocab_size = 73440 (inside data/novel_char3/meta.pkl)
out_dir: out-novel-char3_LGT723F_3d25ede0cfd080d9e35756b051dcef65
Resuming training from out-novel-char3_LGT723F_3d25ede0cfd080d9e35756b051dcef65
WARNING: using slow attention. Flash Attention requires PyTorch >= 2.0
WARNING: using slow attention. Flash Attention requires PyTorch >= 2.0
WARNING: using slow attention. Flash Attention requires PyTorch >= 2.0
WARNING: using slow attention. Flash Attention requires PyTorch >= 2.0
WARNING: using slow attention. Flash Attention requires PyTorch >= 2.0
WARNING: using slow attention. Flash Attention requires PyTorch >= 2.0
WARNING: using slow attention. Flash Attention requires PyTorch >= 2.0
WARNING: using slow attention. Flash Attention requires PyTorch >= 2.0
WARNING: using slow attention. Flash Attention requires PyTorch >= 2.0
WARNING: using slow attention. Flash Attention requires PyTorch >= 2.0
WARNING: using slow attention. Flash Attention requires PyTorch >= 2.0
WARNING: using slow attention. Flash Attention requires PyTorch >= 2.0
WARNING: using slow attention. Flash Attention requires PyTorch >= 2.0
WARNING: using slow attention. Flash Attention requires PyTorch >= 2.0
WARNING: using slow attention. Flash Attention requires PyTorch >= 2.0
WARNING: using slow attention. Flash Attention requires PyTorch >= 2.0
WARNING: using slow attention. Flash Attention requires PyTorch >= 2.0
WARNING: using slow attention. Flash Attention requires PyTorch >= 2.0
WARNING: using slow attention. Flash Attention requires PyTorch >= 2.0
WARNING: using slow attention. Flash Attention requires PyTorch >= 2.0
WARNING: using slow attention. Flash Attention requires PyTorch >= 2.0
WARNING: using slow attention. Flash Attention requires PyTorch >= 2.0
WARNING: using slow attention. Flash Attention requires PyTorch >= 2.0
WARNING: using slow attention. Flash Attention requires PyTorch >= 2.0
WARNING: using slow attention. Flash Attention requires PyTorch >= 2.0
WARNING: using slow attention. Flash Attention requires PyTorch >= 2.0
WARNING: using slow attention. Flash Attention requires PyTorch >= 2.0
WARNING: using slow attention. Flash Attention requires PyTorch >= 2.0
WARNING: using slow attention. Flash Attention requires PyTorch >= 2.0
WARNING: using slow attention. Flash Attention requires PyTorch >= 2.0
WARNING: using slow attention. Flash Attention requires PyTorch >= 2.0
WARNING: using slow attention. Flash Attention requires PyTorch >= 2.0
WARNING: using slow attention. Flash Attention requires PyTorch >= 2.0
WARNING: using slow attention. Flash Attention requires PyTorch >= 2.0
WARNING: using slow attention. Flash Attention requires PyTorch >= 2.0
WARNING: using slow attention. Flash Attention requires PyTorch >= 2.0
WARNING: using slow attention. Flash Attention requires PyTorch >= 2.0
WARNING: using slow attention. Flash Attention requires PyTorch >= 2.0
WARNING: using slow attention. Flash Attention requires PyTorch >= 2.0
WARNING: using slow attention. Flash Attention requires PyTorch >= 2.0
WARNING: using slow attention. Flash Attention requires PyTorch >= 2.0
WARNING: using slow attention. Flash Attention requires PyTorch >= 2.0
WARNING: using slow attention. Flash Attention requires PyTorch >= 2.0
WARNING: using slow attention. Flash Attention requires PyTorch >= 2.0
WARNING: using slow attention. Flash Attention requires PyTorch >= 2.0
WARNING: using slow attention. Flash Attention requires PyTorch >= 2.0
WARNING: using slow attention. Flash Attention requires PyTorch >= 2.0
WARNING: using slow attention. Flash Attention requires PyTorch >= 2.0
WARNING: using slow attention. Flash Attention requires PyTorch >= 2.0
WARNING: using slow attention. Flash Attention requires PyTorch >= 2.0
WARNING: using slow attention. Flash Attention requires PyTorch >= 2.0
WARNING: using slow attention. Flash Attention requires PyTorch >= 2.0
WARNING: using slow attention. Flash Attention requires PyTorch >= 2.0
WARNING: using slow attention. Flash Attention requires PyTorch >= 2.0
WARNING: using slow attention. Flash Attention requires PyTorch >= 2.0
WARNING: using slow attention. Flash Attention requires PyTorch >= 2.0
WARNING: using slow attention. Flash Attention requires PyTorch >= 2.0
WARNING: using slow attention. Flash Attention requires PyTorch >= 2.0
WARNING: using slow attention. Flash Attention requires PyTorch >= 2.0
WARNING: using slow attention. Flash Attention requires PyTorch >= 2.0
WARNING: using slow attention. Flash Attention requires PyTorch >= 2.0
WARNING: using slow attention. Flash Attention requires PyTorch >= 2.0
WARNING: using slow attention. Flash Attention requires PyTorch >= 2.0
WARNING: using slow attention. Flash Attention requires PyTorch >= 2.0
WARNING: using slow attention. Flash Attention requires PyTorch >= 2.0
WARNING: using slow attention. Flash Attention requires PyTorch >= 2.0
WARNING: using slow attention. Flash Attention requires PyTorch >= 2.0
WARNING: using slow attention. Flash Attention requires PyTorch >= 2.0
WARNING: using slow attention. Flash Attention requires PyTorch >= 2.0
WARNING: using slow attention. Flash Attention requires PyTorch >= 2.0
num decayed parameter tensors: 353, with 194,444,544 parameters
num non-decayed parameter tensors: 214, with 41,342,593 parameters
using fused AdamW: True
------average encoder activity 0.215
-----------average decoder density 0.4159
step 2300: train loss 3.0611, val loss 3.0087
saving checkpoint to out-novel-char3_LGT723F_3d25ede0cfd080d9e35756b051dcef65
model:LGT723F iter 2300: loss 2.9790, time 28737.71ms, mfu -100.00%
model:LGT723F iter 2310: loss 2.6050, time 1741.71ms, mfu 7.88%
model:LGT723F iter 2320: loss 3.0239, time 1740.91ms, mfu 7.88%
model:LGT723F iter 2330: loss 3.2245, time 1741.34ms, mfu 7.88%
model:LGT723F iter 2340: loss 3.0308, time 1740.54ms, mfu 7.88%
------average encoder activity 0.212
-----------average decoder density 0.4260
step 2350: train loss 3.0541, val loss 3.0365
saving checkpoint to out-novel-char3_LGT723F_3d25ede0cfd080d9e35756b051dcef65
model:LGT723F iter 2350: loss 2.9873, time 28821.96ms, mfu 7.14%
model:LGT723F iter 2360: loss 3.3036, time 1740.22ms, mfu 7.21%
model:LGT723F iter 2370: loss 2.9698, time 1741.36ms, mfu 7.28%
model:LGT723F iter 2380: loss 2.9368, time 1740.71ms, mfu 7.34%
model:LGT723F iter 2390: loss 3.1284, time 1740.33ms, mfu 7.40%
------average encoder activity 0.207
-----------average decoder density 0.4416
step 2400: train loss 3.0136, val loss 3.0223
saving checkpoint to out-novel-char3_LGT723F_3d25ede0cfd080d9e35756b051dcef65
model:LGT723F iter 2400: loss 2.7122, time 28837.51ms, mfu 6.70%
model:LGT723F iter 2410: loss 3.0212, time 1741.15ms, mfu 6.82%
model:LGT723F iter 2420: loss 2.9962, time 1740.16ms, mfu 6.93%
model:LGT723F iter 2430: loss 2.9167, time 1740.42ms, mfu 7.02%
model:LGT723F iter 2440: loss 3.3802, time 1739.47ms, mfu 7.11%
------average encoder activity 0.201
-----------average decoder density 0.4252
step 2450: train loss 3.0321, val loss 3.0212
saving checkpoint to out-novel-char3_LGT723F_3d25ede0cfd080d9e35756b051dcef65
model:LGT723F iter 2450: loss 2.8124, time 28770.51ms, mfu 6.45%
model:LGT723F iter 2460: loss 2.9589, time 1740.42ms, mfu 6.59%
model:LGT723F iter 2470: loss 3.1448, time 1740.88ms, mfu 6.72%
model:LGT723F iter 2480: loss 3.1938, time 1740.48ms, mfu 6.84%
model:LGT723F iter 2490: loss 2.7737, time 1740.65ms, mfu 6.94%
------average encoder activity 0.203
-----------average decoder density 0.4107
step 2500: train loss 2.9978, val loss 3.0152
saving checkpoint to out-novel-char3_LGT723F_3d25ede0cfd080d9e35756b051dcef65
model:LGT723F iter 2500: loss 3.0393, time 28803.60ms, mfu 6.30%
model:LGT723F iter 2510: loss 2.9465, time 1741.55ms, mfu 6.45%
model:LGT723F iter 2520: loss 3.1488, time 1741.72ms, mfu 6.60%
model:LGT723F iter 2530: loss 3.2859, time 1741.07ms, mfu 6.72%
model:LGT723F iter 2540: loss 2.9053, time 1740.06ms, mfu 6.84%
------average encoder activity 0.195
-----------average decoder density 0.4584
step 2550: train loss 3.0157, val loss 2.9832
saving checkpoint to out-novel-char3_LGT723F_3d25ede0cfd080d9e35756b051dcef65
model:LGT723F iter 2550: loss 2.7300, time 28808.00ms, mfu 6.20%
model:LGT723F iter 2560: loss 2.6239, time 1740.32ms, mfu 6.37%
model:LGT723F iter 2570: loss 2.9509, time 1740.34ms, mfu 6.52%
model:LGT723F iter 2580: loss 2.9635, time 1740.52ms, mfu 6.66%
model:LGT723F iter 2590: loss 2.6222, time 1741.20ms, mfu 6.78%
------average encoder activity 0.197
-----------average decoder density 0.4155
step 2600: train loss 3.0121, val loss 3.0303
saving checkpoint to out-novel-char3_LGT723F_3d25ede0cfd080d9e35756b051dcef65
model:LGT723F iter 2600: loss 2.9012, time 28816.77ms, mfu 6.15%
model:LGT723F iter 2610: loss 3.0327, time 1741.01ms, mfu 6.32%
model:LGT723F iter 2620: loss 3.0220, time 1740.25ms, mfu 6.48%
model:LGT723F iter 2630: loss 3.1997, time 1740.55ms, mfu 6.62%
model:LGT723F iter 2640: loss 3.1528, time 1740.64ms, mfu 6.75%
------average encoder activity 0.192
-----------average decoder density 0.4286
step 2650: train loss 2.9933, val loss 2.9858
saving checkpoint to out-novel-char3_LGT723F_3d25ede0cfd080d9e35756b051dcef65
Overriding config with config/train_novel_char3.py:
# train a miniature character-level shakespeare model
# good for debugging and playing on macbooks and such

out_dir = 'out-novel-char3'
eval_interval = 250 # keep frequent because we'll overfit
eval_iters = 200
log_interval = 10 # don't print too too often

# we expect to overfit on this small dataset, so only save when val improves
always_save_checkpoint = False

wandb_log = False # override via command line if you like
wandb_project = 'novel'
wandb_run_name = 'novel'

dataset = 'novel_char3'
gradient_accumulation_steps = 1
# gradient_accumulation_steps = 6
gradient_accumulation_steps = 12
# gradient_accumulation_steps = 24
# gradient_accumulation_steps = 48
# batch_size = 12
batch_size = 2
# batch_size = 1
# block_size = 256 # context of up to 256 previous characters
# block_size = 256 # context of up to 256 previous characters
# block_size = 64 # context of up to 256 previous characters
block_size = 1024 # context of up to 256 previous characters

# baby GPT model :)
n_layer = 6
n_head = 6
n_embd = 384
# n_embd = 182
dropout = 0.2

# learning_rate = 1e-3 # with baby networks can afford to go a bit higher
learning_rate = 1e-4 # with baby networks can afford to go a bit higher

# max_iters = 5000
# lr_decay_iters = 5000 # make equal to max_iters usually

max_iters = 500000
lr_decay_iters = 500000 # make equal to max_iters usually

min_lr = 5e-6 # learning_rate / 10 usually
beta2 = 0.99 # make a bit bigger because number of tokens per iter is small

warmup_iters = 100 # not super necessary potentially

# on macbook also add
# device = 'cpu'  # run on cpu only
# compile = False # do not torch compile the model
# init_from ='resume'


'''
python3 -u sample.py config/train_novel.py --out_dir=out-novel-word_CCM232_c85667cd6eadbcf772d23fa97827c506 --model=CCM232
python3 -u sample.py config/train_novel.py --out_dir=out-novel-word_CCM251_4bfeb7b3e1b9c46a2542bb9406173e22 --model=CCM251
python3 -u sample.py config/train_novel.py --out_dir=out-novel-word_CCM253_01b622029bb00e0dc9206cae3b0ab559 --model=CCM253 
python3 -u sample.py config/train_novel.py --out_dir=out-novel-word_CCM276_01b622029bb00e0dc9206cae3b0ab559 --model=CCM276
python3 -u sample.py config/train_novel.py --out_dir=out-novel-word_CCM278_a97bfe077b316033e3604831d5ad371e --model=CCM278
python3 -u sample.py config/train_novel.py --out_dir=out-novel-word_CCM305_52efa1def80492f81622f536ac701226 --model=CCM305


out-novel-word_CCM276_01b622029bb00e0dc9206cae3b0ab559

'''
#### python3 -u sample.py config/train_novel.py --out_dir=out-novel-word_CCM232_c85667cd6eadbcf772d23fa97827c506 --model=CCM232
Overriding: init_from = resume
Overriding: compile = False
Overriding: model = LGT723F
Overriding: n_layer = 70
Overriding: n_head = 12
Overriding: share_layer = False
Overriding: always_save_checkpoint = True
Overriding: max_iters = 2500999
Overriding: best_val_loss_force = 10.001
Overriding: min_lr = 5e-06
Overriding: dropout = 0.0
Overriding: eval_interval = 50
Overriding: force_resave = 0
Overriding: random_seed = 3
tokens per iteration will be: 24,576
found vocab_size = 73440 (inside data/novel_char3/meta.pkl)
out_dir: out-novel-char3_LGT723F_3d25ede0cfd080d9e35756b051dcef65
Resuming training from out-novel-char3_LGT723F_3d25ede0cfd080d9e35756b051dcef65
Traceback (most recent call last):
  File "train.py", line 181, in <module>
    checkpoint = torch.load(ckpt_path, map_location=device)
  File "/root/miniconda3/lib/python3.8/site-packages/torch/serialization.py", line 809, in load
    return _load(opened_zipfile, map_location, pickle_module, **pickle_load_args)
  File "/root/miniconda3/lib/python3.8/site-packages/torch/serialization.py", line 1172, in _load
    result = unpickler.load()
  File "/root/miniconda3/lib/python3.8/site-packages/torch/serialization.py", line 1142, in persistent_load
    typed_storage = load_tensor(dtype, nbytes, key, _maybe_decode_ascii(location))
  File "/root/miniconda3/lib/python3.8/site-packages/torch/serialization.py", line 1112, in load_tensor
    storage = zip_file.get_storage_from_record(name, numel, torch.UntypedStorage)._typed_storage()._untyped_storage
RuntimeError: PytorchStreamReader failed locating file data/9: file not found
Overriding config with config/train_novel_char3.py:
# train a miniature character-level shakespeare model
# good for debugging and playing on macbooks and such

out_dir = 'out-novel-char3'
eval_interval = 250 # keep frequent because we'll overfit
eval_iters = 200
log_interval = 10 # don't print too too often

# we expect to overfit on this small dataset, so only save when val improves
always_save_checkpoint = False

wandb_log = False # override via command line if you like
wandb_project = 'novel'
wandb_run_name = 'novel'

dataset = 'novel_char3'
gradient_accumulation_steps = 1
# gradient_accumulation_steps = 6
gradient_accumulation_steps = 12
# gradient_accumulation_steps = 24
# gradient_accumulation_steps = 48
# batch_size = 12
batch_size = 2
# batch_size = 1
# block_size = 256 # context of up to 256 previous characters
# block_size = 256 # context of up to 256 previous characters
# block_size = 64 # context of up to 256 previous characters
block_size = 1024 # context of up to 256 previous characters

# baby GPT model :)
n_layer = 6
n_head = 6
n_embd = 384
# n_embd = 182
dropout = 0.2

# learning_rate = 1e-3 # with baby networks can afford to go a bit higher
learning_rate = 1e-4 # with baby networks can afford to go a bit higher

# max_iters = 5000
# lr_decay_iters = 5000 # make equal to max_iters usually

max_iters = 500000
lr_decay_iters = 500000 # make equal to max_iters usually

min_lr = 5e-6 # learning_rate / 10 usually
beta2 = 0.99 # make a bit bigger because number of tokens per iter is small

warmup_iters = 100 # not super necessary potentially

# on macbook also add
# device = 'cpu'  # run on cpu only
# compile = False # do not torch compile the model
# init_from ='resume'


'''
python3 -u sample.py config/train_novel.py --out_dir=out-novel-word_CCM232_c85667cd6eadbcf772d23fa97827c506 --model=CCM232
python3 -u sample.py config/train_novel.py --out_dir=out-novel-word_CCM251_4bfeb7b3e1b9c46a2542bb9406173e22 --model=CCM251
python3 -u sample.py config/train_novel.py --out_dir=out-novel-word_CCM253_01b622029bb00e0dc9206cae3b0ab559 --model=CCM253 
python3 -u sample.py config/train_novel.py --out_dir=out-novel-word_CCM276_01b622029bb00e0dc9206cae3b0ab559 --model=CCM276
python3 -u sample.py config/train_novel.py --out_dir=out-novel-word_CCM278_a97bfe077b316033e3604831d5ad371e --model=CCM278
python3 -u sample.py config/train_novel.py --out_dir=out-novel-word_CCM305_52efa1def80492f81622f536ac701226 --model=CCM305


out-novel-word_CCM276_01b622029bb00e0dc9206cae3b0ab559

'''
#### python3 -u sample.py config/train_novel.py --out_dir=out-novel-word_CCM232_c85667cd6eadbcf772d23fa97827c506 --model=CCM232
Overriding: init_from = scratch
Overriding: compile = False
Overriding: model = LGT723F
Overriding: n_layer = 70
Overriding: n_head = 12
Overriding: share_layer = False
Overriding: always_save_checkpoint = True
Overriding: max_iters = 2500999
Overriding: best_val_loss_force = 10.001
Overriding: min_lr = 5e-06
Overriding: dropout = 0.0
Overriding: eval_interval = 50
Overriding: force_resave = 0
Overriding: random_seed = 3
tokens per iteration will be: 24,576
found vocab_size = 73440 (inside data/novel_char3/meta.pkl)
out_dir: out-novel-char3_LGT723F_3d25ede0cfd080d9e35756b051dcef65
Initializing a new model from scratch
WARNING: using slow attention. Flash Attention requires PyTorch >= 2.0
WARNING: using slow attention. Flash Attention requires PyTorch >= 2.0
WARNING: using slow attention. Flash Attention requires PyTorch >= 2.0
WARNING: using slow attention. Flash Attention requires PyTorch >= 2.0
WARNING: using slow attention. Flash Attention requires PyTorch >= 2.0
WARNING: using slow attention. Flash Attention requires PyTorch >= 2.0
WARNING: using slow attention. Flash Attention requires PyTorch >= 2.0
WARNING: using slow attention. Flash Attention requires PyTorch >= 2.0
WARNING: using slow attention. Flash Attention requires PyTorch >= 2.0
WARNING: using slow attention. Flash Attention requires PyTorch >= 2.0
WARNING: using slow attention. Flash Attention requires PyTorch >= 2.0
WARNING: using slow attention. Flash Attention requires PyTorch >= 2.0
WARNING: using slow attention. Flash Attention requires PyTorch >= 2.0
WARNING: using slow attention. Flash Attention requires PyTorch >= 2.0
WARNING: using slow attention. Flash Attention requires PyTorch >= 2.0
WARNING: using slow attention. Flash Attention requires PyTorch >= 2.0
WARNING: using slow attention. Flash Attention requires PyTorch >= 2.0
WARNING: using slow attention. Flash Attention requires PyTorch >= 2.0
WARNING: using slow attention. Flash Attention requires PyTorch >= 2.0
WARNING: using slow attention. Flash Attention requires PyTorch >= 2.0
WARNING: using slow attention. Flash Attention requires PyTorch >= 2.0
WARNING: using slow attention. Flash Attention requires PyTorch >= 2.0
WARNING: using slow attention. Flash Attention requires PyTorch >= 2.0
WARNING: using slow attention. Flash Attention requires PyTorch >= 2.0
WARNING: using slow attention. Flash Attention requires PyTorch >= 2.0
WARNING: using slow attention. Flash Attention requires PyTorch >= 2.0
WARNING: using slow attention. Flash Attention requires PyTorch >= 2.0
WARNING: using slow attention. Flash Attention requires PyTorch >= 2.0
WARNING: using slow attention. Flash Attention requires PyTorch >= 2.0
WARNING: using slow attention. Flash Attention requires PyTorch >= 2.0
WARNING: using slow attention. Flash Attention requires PyTorch >= 2.0
WARNING: using slow attention. Flash Attention requires PyTorch >= 2.0
WARNING: using slow attention. Flash Attention requires PyTorch >= 2.0
WARNING: using slow attention. Flash Attention requires PyTorch >= 2.0
WARNING: using slow attention. Flash Attention requires PyTorch >= 2.0
WARNING: using slow attention. Flash Attention requires PyTorch >= 2.0
WARNING: using slow attention. Flash Attention requires PyTorch >= 2.0
WARNING: using slow attention. Flash Attention requires PyTorch >= 2.0
WARNING: using slow attention. Flash Attention requires PyTorch >= 2.0
WARNING: using slow attention. Flash Attention requires PyTorch >= 2.0
WARNING: using slow attention. Flash Attention requires PyTorch >= 2.0
WARNING: using slow attention. Flash Attention requires PyTorch >= 2.0
WARNING: using slow attention. Flash Attention requires PyTorch >= 2.0
WARNING: using slow attention. Flash Attention requires PyTorch >= 2.0
WARNING: using slow attention. Flash Attention requires PyTorch >= 2.0
WARNING: using slow attention. Flash Attention requires PyTorch >= 2.0
WARNING: using slow attention. Flash Attention requires PyTorch >= 2.0
WARNING: using slow attention. Flash Attention requires PyTorch >= 2.0
WARNING: using slow attention. Flash Attention requires PyTorch >= 2.0
WARNING: using slow attention. Flash Attention requires PyTorch >= 2.0
WARNING: using slow attention. Flash Attention requires PyTorch >= 2.0
WARNING: using slow attention. Flash Attention requires PyTorch >= 2.0
WARNING: using slow attention. Flash Attention requires PyTorch >= 2.0
WARNING: using slow attention. Flash Attention requires PyTorch >= 2.0
WARNING: using slow attention. Flash Attention requires PyTorch >= 2.0
WARNING: using slow attention. Flash Attention requires PyTorch >= 2.0
WARNING: using slow attention. Flash Attention requires PyTorch >= 2.0
WARNING: using slow attention. Flash Attention requires PyTorch >= 2.0
WARNING: using slow attention. Flash Attention requires PyTorch >= 2.0
WARNING: using slow attention. Flash Attention requires PyTorch >= 2.0
WARNING: using slow attention. Flash Attention requires PyTorch >= 2.0
WARNING: using slow attention. Flash Attention requires PyTorch >= 2.0
WARNING: using slow attention. Flash Attention requires PyTorch >= 2.0
WARNING: using slow attention. Flash Attention requires PyTorch >= 2.0
WARNING: using slow attention. Flash Attention requires PyTorch >= 2.0
WARNING: using slow attention. Flash Attention requires PyTorch >= 2.0
WARNING: using slow attention. Flash Attention requires PyTorch >= 2.0
WARNING: using slow attention. Flash Attention requires PyTorch >= 2.0
WARNING: using slow attention. Flash Attention requires PyTorch >= 2.0
WARNING: using slow attention. Flash Attention requires PyTorch >= 2.0
num decayed parameter tensors: 353, with 194,444,544 parameters
num non-decayed parameter tensors: 214, with 41,342,593 parameters
using fused AdamW: True
------average encoder activity 0.000
-----------average decoder density 0.0000
step 0: train loss 5.6530, val loss 5.6590
model:LGT723F iter 0: loss 5.6452, time 26586.04ms, mfu -100.00%
model:LGT723F iter 10: loss 5.3326, time 1737.69ms, mfu 7.90%
model:LGT723F iter 20: loss 5.2827, time 1739.67ms, mfu 7.90%
model:LGT723F iter 30: loss 5.2690, time 1739.67ms, mfu 7.90%
model:LGT723F iter 40: loss 5.1503, time 1739.57ms, mfu 7.90%
------average encoder activity 0.000
-----------average decoder density 0.4075
step 50: train loss 5.0878, val loss 5.0684
saving checkpoint to out-novel-char3_LGT723F_3d25ede0cfd080d9e35756b051dcef65
model:LGT723F iter 50: loss 5.0464, time 28819.05ms, mfu 7.15%
model:LGT723F iter 60: loss 4.9696, time 1740.54ms, mfu 7.23%
model:LGT723F iter 70: loss 4.7667, time 1741.14ms, mfu 7.29%
model:LGT723F iter 80: loss 4.5825, time 1743.42ms, mfu 7.35%
model:LGT723F iter 90: loss 4.4417, time 1740.17ms, mfu 7.40%
------average encoder activity 0.000
-----------average decoder density 0.3786
step 100: train loss 4.3109, val loss 4.3130
saving checkpoint to out-novel-char3_LGT723F_3d25ede0cfd080d9e35756b051dcef65
model:LGT723F iter 100: loss 4.2259, time 28828.98ms, mfu 6.71%
model:LGT723F iter 110: loss 4.1831, time 1739.90ms, mfu 6.83%
model:LGT723F iter 120: loss 4.1215, time 1740.25ms, mfu 6.93%
model:LGT723F iter 130: loss 3.9446, time 1740.10ms, mfu 7.03%
model:LGT723F iter 140: loss 4.1517, time 1739.63ms, mfu 7.12%
------average encoder activity 0.000
-----------average decoder density 0.3375
step 150: train loss 3.9567, val loss 3.9001
saving checkpoint to out-novel-char3_LGT723F_3d25ede0cfd080d9e35756b051dcef65
model:LGT723F iter 150: loss 3.7847, time 28803.82ms, mfu 6.45%
model:LGT723F iter 160: loss 3.8330, time 1739.40ms, mfu 6.60%
model:LGT723F iter 170: loss 3.9526, time 1740.29ms, mfu 6.72%
model:LGT723F iter 180: loss 3.9416, time 1740.39ms, mfu 6.84%
model:LGT723F iter 190: loss 3.6600, time 1740.22ms, mfu 6.95%
------average encoder activity 0.000
-----------average decoder density 0.3250
step 200: train loss 3.8155, val loss 3.7882
saving checkpoint to out-novel-char3_LGT723F_3d25ede0cfd080d9e35756b051dcef65
model:LGT723F iter 200: loss 3.8002, time 28826.29ms, mfu 6.30%
model:LGT723F iter 210: loss 3.7878, time 1739.80ms, mfu 6.46%
model:LGT723F iter 220: loss 3.8962, time 1741.62ms, mfu 6.60%
model:LGT723F iter 230: loss 3.8853, time 1740.23ms, mfu 6.73%
model:LGT723F iter 240: loss 3.7028, time 1739.77ms, mfu 6.84%
------average encoder activity 0.000
-----------average decoder density 0.3487
step 250: train loss 3.7672, val loss 3.6895
saving checkpoint to out-novel-char3_LGT723F_3d25ede0cfd080d9e35756b051dcef65
model:LGT723F iter 250: loss 3.5660, time 28836.00ms, mfu 6.21%
model:LGT723F iter 260: loss 3.5021, time 1738.03ms, mfu 6.38%
model:LGT723F iter 270: loss 3.8045, time 1738.14ms, mfu 6.53%
model:LGT723F iter 280: loss 3.7621, time 1740.80ms, mfu 6.66%
model:LGT723F iter 290: loss 3.3761, time 1740.16ms, mfu 6.79%
------average encoder activity 0.000
-----------average decoder density 0.3343
step 300: train loss 3.7303, val loss 3.6667
saving checkpoint to out-novel-char3_LGT723F_3d25ede0cfd080d9e35756b051dcef65
model:LGT723F iter 300: loss 3.6882, time 28828.79ms, mfu 6.16%
model:LGT723F iter 310: loss 3.7713, time 1740.50ms, mfu 6.33%
model:LGT723F iter 320: loss 3.6975, time 1740.28ms, mfu 6.48%
model:LGT723F iter 330: loss 3.8169, time 1740.30ms, mfu 6.62%
model:LGT723F iter 340: loss 3.8444, time 1740.49ms, mfu 6.75%
------average encoder activity 0.001
-----------average decoder density 0.3325
step 350: train loss 3.6580, val loss 3.5955
saving checkpoint to out-novel-char3_LGT723F_3d25ede0cfd080d9e35756b051dcef65
model:LGT723F iter 350: loss 3.6848, time 28849.81ms, mfu 6.12%
model:LGT723F iter 360: loss 3.5882, time 1740.54ms, mfu 6.30%
model:LGT723F iter 370: loss 3.4580, time 1739.89ms, mfu 6.46%
model:LGT723F iter 380: loss 3.7806, time 1740.28ms, mfu 6.60%
model:LGT723F iter 390: loss 3.8451, time 1740.05ms, mfu 6.73%
------average encoder activity 0.002
-----------average decoder density 0.3544
step 400: train loss 3.6128, val loss 3.5319
saving checkpoint to out-novel-char3_LGT723F_3d25ede0cfd080d9e35756b051dcef65
model:LGT723F iter 400: loss 3.6147, time 28826.48ms, mfu 6.10%
model:LGT723F iter 410: loss 3.4718, time 1740.44ms, mfu 6.28%
model:LGT723F iter 420: loss 3.4843, time 1739.53ms, mfu 6.44%
model:LGT723F iter 430: loss 3.7981, time 1740.11ms, mfu 6.59%
model:LGT723F iter 440: loss 3.7267, time 1739.78ms, mfu 6.72%
------average encoder activity 0.002
-----------average decoder density 0.3328
step 450: train loss 3.5718, val loss 3.5073
saving checkpoint to out-novel-char3_LGT723F_3d25ede0cfd080d9e35756b051dcef65
model:LGT723F iter 450: loss 3.3976, time 28862.29ms, mfu 6.09%
model:LGT723F iter 460: loss 3.2645, time 1740.02ms, mfu 6.27%
model:LGT723F iter 470: loss 3.5176, time 1739.95ms, mfu 6.43%
model:LGT723F iter 480: loss 3.2167, time 1739.98ms, mfu 6.58%
model:LGT723F iter 490: loss 3.6444, time 1739.97ms, mfu 6.71%
------average encoder activity 0.006
-----------average decoder density 0.3444
step 500: train loss 3.5157, val loss 3.4924
saving checkpoint to out-novel-char3_LGT723F_3d25ede0cfd080d9e35756b051dcef65
model:LGT723F iter 500: loss 3.7919, time 28805.09ms, mfu 6.09%
model:LGT723F iter 510: loss 3.5889, time 1739.59ms, mfu 6.27%
model:LGT723F iter 520: loss 3.3338, time 1739.35ms, mfu 6.43%
model:LGT723F iter 530: loss 3.4723, time 1739.49ms, mfu 6.58%
model:LGT723F iter 540: loss 3.5078, time 1740.62ms, mfu 6.71%
------average encoder activity 0.009
-----------average decoder density 0.3340
step 550: train loss 3.5131, val loss 3.4649
saving checkpoint to out-novel-char3_LGT723F_3d25ede0cfd080d9e35756b051dcef65
model:LGT723F iter 550: loss 3.3048, time 28821.09ms, mfu 6.08%
model:LGT723F iter 560: loss 3.4944, time 1740.05ms, mfu 6.26%
model:LGT723F iter 570: loss 3.3515, time 1739.72ms, mfu 6.43%
model:LGT723F iter 580: loss 3.4315, time 1739.49ms, mfu 6.57%
model:LGT723F iter 590: loss 3.5012, time 1739.53ms, mfu 6.70%
------average encoder activity 0.066
-----------average decoder density 0.3648
step 600: train loss 3.4788, val loss 3.4210
saving checkpoint to out-novel-char3_LGT723F_3d25ede0cfd080d9e35756b051dcef65
model:LGT723F iter 600: loss 3.4647, time 28819.48ms, mfu 6.08%
model:LGT723F iter 610: loss 3.5595, time 1740.31ms, mfu 6.26%
model:LGT723F iter 620: loss 3.3462, time 1740.66ms, mfu 6.42%
model:LGT723F iter 630: loss 3.3996, time 1740.47ms, mfu 6.57%
model:LGT723F iter 640: loss 3.1414, time 1741.32ms, mfu 6.70%
------average encoder activity 0.085
-----------average decoder density 0.3665
step 650: train loss 3.4302, val loss 3.3844
saving checkpoint to out-novel-char3_LGT723F_3d25ede0cfd080d9e35756b051dcef65
model:LGT723F iter 650: loss 2.9469, time 28868.98ms, mfu 6.08%
model:LGT723F iter 660: loss 3.0989, time 1739.34ms, mfu 6.26%
model:LGT723F iter 670: loss 3.5144, time 1740.36ms, mfu 6.42%
model:LGT723F iter 680: loss 3.2231, time 1739.84ms, mfu 6.57%
model:LGT723F iter 690: loss 3.5380, time 1740.13ms, mfu 6.70%
------average encoder activity 0.085
-----------average decoder density 0.3603
step 700: train loss 3.4023, val loss 3.3764
saving checkpoint to out-novel-char3_LGT723F_3d25ede0cfd080d9e35756b051dcef65
model:LGT723F iter 700: loss 3.7216, time 28804.13ms, mfu 6.08%
model:LGT723F iter 710: loss 3.4506, time 1740.19ms, mfu 6.26%
model:LGT723F iter 720: loss 3.4470, time 1739.74ms, mfu 6.42%
model:LGT723F iter 730: loss 3.2526, time 1739.71ms, mfu 6.57%
model:LGT723F iter 740: loss 3.4506, time 1741.16ms, mfu 6.70%
------average encoder activity 0.087
-----------average decoder density 0.3644
step 750: train loss 3.4197, val loss 3.3493
saving checkpoint to out-novel-char3_LGT723F_3d25ede0cfd080d9e35756b051dcef65
model:LGT723F iter 750: loss 3.2626, time 28796.27ms, mfu 6.08%
model:LGT723F iter 760: loss 3.3840, time 1741.18ms, mfu 6.26%
model:LGT723F iter 770: loss 3.3363, time 1741.90ms, mfu 6.42%
model:LGT723F iter 780: loss 3.1632, time 1741.56ms, mfu 6.57%
model:LGT723F iter 790: loss 3.3521, time 1741.34ms, mfu 6.70%
------average encoder activity 0.093
-----------average decoder density 0.3672
step 800: train loss 3.3671, val loss 3.3276
saving checkpoint to out-novel-char3_LGT723F_3d25ede0cfd080d9e35756b051dcef65
model:LGT723F iter 800: loss 3.3813, time 28837.58ms, mfu 6.08%
model:LGT723F iter 810: loss 3.6385, time 1740.07ms, mfu 6.26%
model:LGT723F iter 820: loss 3.5479, time 1739.15ms, mfu 6.42%
model:LGT723F iter 830: loss 3.0600, time 1739.96ms, mfu 6.57%
model:LGT723F iter 840: loss 3.3688, time 1739.96ms, mfu 6.70%
------average encoder activity 0.097
-----------average decoder density 0.3781
step 850: train loss 3.3538, val loss 3.2918
saving checkpoint to out-novel-char3_LGT723F_3d25ede0cfd080d9e35756b051dcef65
model:LGT723F iter 850: loss 3.6244, time 28812.47ms, mfu 6.08%
model:LGT723F iter 860: loss 3.4775, time 1740.90ms, mfu 6.26%
model:LGT723F iter 870: loss 3.4704, time 1741.41ms, mfu 6.42%
model:LGT723F iter 880: loss 3.5718, time 1741.28ms, mfu 6.57%
model:LGT723F iter 890: loss 3.3214, time 1740.83ms, mfu 6.70%
------average encoder activity 0.098
-----------average decoder density 0.3832
step 900: train loss 3.3464, val loss 3.3054
saving checkpoint to out-novel-char3_LGT723F_3d25ede0cfd080d9e35756b051dcef65
model:LGT723F iter 900: loss 3.3274, time 28824.58ms, mfu 6.08%
model:LGT723F iter 910: loss 3.3521, time 1740.89ms, mfu 6.26%
model:LGT723F iter 920: loss 3.3485, time 1740.92ms, mfu 6.42%
model:LGT723F iter 930: loss 3.1840, time 1741.41ms, mfu 6.57%
model:LGT723F iter 940: loss 3.2378, time 1740.97ms, mfu 6.70%
------average encoder activity 0.184
-----------average decoder density 0.3879
step 950: train loss 3.3303, val loss 3.2876
saving checkpoint to out-novel-char3_LGT723F_3d25ede0cfd080d9e35756b051dcef65
model:LGT723F iter 950: loss 3.3075, time 28896.02ms, mfu 6.07%
model:LGT723F iter 960: loss 3.0999, time 1742.49ms, mfu 6.25%
model:LGT723F iter 970: loss 3.6685, time 1741.40ms, mfu 6.42%
model:LGT723F iter 980: loss 3.3797, time 1742.03ms, mfu 6.56%
model:LGT723F iter 990: loss 3.5401, time 1741.42ms, mfu 6.70%
------average encoder activity 0.245
-----------average decoder density 0.4071
step 1000: train loss 3.3030, val loss 3.2644
saving checkpoint to out-novel-char3_LGT723F_3d25ede0cfd080d9e35756b051dcef65
model:LGT723F iter 1000: loss 2.9399, time 28871.94ms, mfu 6.07%
model:LGT723F iter 1010: loss 3.6042, time 1741.35ms, mfu 6.25%
model:LGT723F iter 1020: loss 3.5447, time 1741.01ms, mfu 6.42%
model:LGT723F iter 1030: loss 3.6011, time 1741.08ms, mfu 6.56%
model:LGT723F iter 1040: loss 3.1584, time 1741.76ms, mfu 6.70%
------average encoder activity 0.244
-----------average decoder density 0.4201
step 1050: train loss 3.3145, val loss 3.2249
saving checkpoint to out-novel-char3_LGT723F_3d25ede0cfd080d9e35756b051dcef65
model:LGT723F iter 1050: loss 3.1032, time 28860.44ms, mfu 6.07%
model:LGT723F iter 1060: loss 3.3644, time 1741.23ms, mfu 6.25%
model:LGT723F iter 1070: loss 3.5323, time 1742.03ms, mfu 6.42%
model:LGT723F iter 1080: loss 3.1705, time 1741.17ms, mfu 6.56%
model:LGT723F iter 1090: loss 3.1374, time 1741.72ms, mfu 6.69%
------average encoder activity 0.246
-----------average decoder density 0.4174
step 1100: train loss 3.2677, val loss 3.2218
saving checkpoint to out-novel-char3_LGT723F_3d25ede0cfd080d9e35756b051dcef65
model:LGT723F iter 1100: loss 3.1384, time 28843.36ms, mfu 6.07%
model:LGT723F iter 1110: loss 3.2250, time 1737.99ms, mfu 6.26%
model:LGT723F iter 1120: loss 3.2851, time 1739.70ms, mfu 6.42%
model:LGT723F iter 1130: loss 3.3974, time 1740.40ms, mfu 6.57%
model:LGT723F iter 1140: loss 2.8340, time 1740.71ms, mfu 6.70%
------average encoder activity 0.247
-----------average decoder density 0.4150
step 1150: train loss 3.2812, val loss 3.2172
saving checkpoint to out-novel-char3_LGT723F_3d25ede0cfd080d9e35756b051dcef65
model:LGT723F iter 1150: loss 3.4576, time 28805.07ms, mfu 6.08%
model:LGT723F iter 1160: loss 3.2897, time 1739.58ms, mfu 6.26%
model:LGT723F iter 1170: loss 3.0854, time 1740.88ms, mfu 6.42%
model:LGT723F iter 1180: loss 2.9557, time 1741.11ms, mfu 6.57%
model:LGT723F iter 1190: loss 3.2643, time 1740.64ms, mfu 6.70%
------average encoder activity 0.247
-----------average decoder density 0.4146
step 1200: train loss 3.2622, val loss 3.1980
saving checkpoint to out-novel-char3_LGT723F_3d25ede0cfd080d9e35756b051dcef65
model:LGT723F iter 1200: loss 3.0859, time 28816.80ms, mfu 6.08%
model:LGT723F iter 1210: loss 3.1100, time 1739.12ms, mfu 6.26%
model:LGT723F iter 1220: loss 3.3287, time 1739.11ms, mfu 6.42%
model:LGT723F iter 1230: loss 2.9233, time 1737.88ms, mfu 6.57%
model:LGT723F iter 1240: loss 3.3683, time 1737.59ms, mfu 6.70%
------average encoder activity 0.248
-----------average decoder density 0.4366
step 1250: train loss 3.2452, val loss 3.1974
saving checkpoint to out-novel-char3_LGT723F_3d25ede0cfd080d9e35756b051dcef65
model:LGT723F iter 1250: loss 3.1804, time 28855.08ms, mfu 6.08%
model:LGT723F iter 1260: loss 2.7086, time 1736.19ms, mfu 6.26%
model:LGT723F iter 1270: loss 3.3423, time 1736.34ms, mfu 6.43%
model:LGT723F iter 1280: loss 2.7987, time 1736.60ms, mfu 6.57%
model:LGT723F iter 1290: loss 3.0371, time 1736.41ms, mfu 6.71%
------average encoder activity 0.251
-----------average decoder density 0.4444
step 1300: train loss 3.2312, val loss 3.1987
saving checkpoint to out-novel-char3_LGT723F_3d25ede0cfd080d9e35756b051dcef65
model:LGT723F iter 1300: loss 3.1979, time 28782.10ms, mfu 6.08%
model:LGT723F iter 1310: loss 3.2333, time 1736.87ms, mfu 6.27%
model:LGT723F iter 1320: loss 3.3722, time 1736.18ms, mfu 6.43%
model:LGT723F iter 1330: loss 3.2339, time 1736.28ms, mfu 6.58%
model:LGT723F iter 1340: loss 2.8923, time 1737.15ms, mfu 6.71%
------average encoder activity 0.250
-----------average decoder density 0.4280
step 1350: train loss 3.2411, val loss 3.2061
saving checkpoint to out-novel-char3_LGT723F_3d25ede0cfd080d9e35756b051dcef65
model:LGT723F iter 1350: loss 3.3668, time 28805.19ms, mfu 6.09%
model:LGT723F iter 1360: loss 3.5809, time 1736.68ms, mfu 6.27%
model:LGT723F iter 1370: loss 3.5188, time 1736.92ms, mfu 6.43%
model:LGT723F iter 1380: loss 3.1919, time 1738.69ms, mfu 6.58%
model:LGT723F iter 1390: loss 3.3417, time 1739.13ms, mfu 6.71%
------average encoder activity 0.252
-----------average decoder density 0.4553
step 1400: train loss 3.2269, val loss 3.1750
saving checkpoint to out-novel-char3_LGT723F_3d25ede0cfd080d9e35756b051dcef65
model:LGT723F iter 1400: loss 3.0905, time 28797.53ms, mfu 6.09%
model:LGT723F iter 1410: loss 3.3041, time 1740.72ms, mfu 6.27%
model:LGT723F iter 1420: loss 3.2571, time 1741.40ms, mfu 6.43%
model:LGT723F iter 1430: loss 3.2032, time 1741.44ms, mfu 6.57%
model:LGT723F iter 1440: loss 3.4439, time 1740.74ms, mfu 6.70%
------average encoder activity 0.249
-----------average decoder density 0.4574
step 1450: train loss 3.1880, val loss 3.1751
saving checkpoint to out-novel-char3_LGT723F_3d25ede0cfd080d9e35756b051dcef65
model:LGT723F iter 1450: loss 3.0716, time 28820.57ms, mfu 6.08%
model:LGT723F iter 1460: loss 3.1186, time 1736.41ms, mfu 6.26%
model:LGT723F iter 1470: loss 3.2542, time 1736.78ms, mfu 6.43%
model:LGT723F iter 1480: loss 3.3730, time 1739.82ms, mfu 6.57%
model:LGT723F iter 1490: loss 3.0269, time 1739.30ms, mfu 6.70%
------average encoder activity 0.253
-----------average decoder density 0.4634
step 1500: train loss 3.1946, val loss 3.1620
saving checkpoint to out-novel-char3_LGT723F_3d25ede0cfd080d9e35756b051dcef65
model:LGT723F iter 1500: loss 3.2977, time 28827.94ms, mfu 6.08%
model:LGT723F iter 1510: loss 3.1668, time 1739.20ms, mfu 6.26%
model:LGT723F iter 1520: loss 3.2029, time 1739.51ms, mfu 6.43%
model:LGT723F iter 1530: loss 3.1684, time 1739.37ms, mfu 6.57%
model:LGT723F iter 1540: loss 2.6452, time 1740.98ms, mfu 6.70%
------average encoder activity 0.250
-----------average decoder density 0.4599
step 1550: train loss 3.1870, val loss 3.1487
saving checkpoint to out-novel-char3_LGT723F_3d25ede0cfd080d9e35756b051dcef65
model:LGT723F iter 1550: loss 3.0599, time 28918.23ms, mfu 6.08%
model:LGT723F iter 1560: loss 3.1414, time 1737.95ms, mfu 6.26%
model:LGT723F iter 1570: loss 3.0861, time 1738.12ms, mfu 6.43%
model:LGT723F iter 1580: loss 3.2376, time 1738.28ms, mfu 6.57%
model:LGT723F iter 1590: loss 3.0586, time 1738.30ms, mfu 6.70%
------average encoder activity 0.250
-----------average decoder density 0.4381
step 1600: train loss 3.1594, val loss 3.1722
saving checkpoint to out-novel-char3_LGT723F_3d25ede0cfd080d9e35756b051dcef65
model:LGT723F iter 1600: loss 3.0839, time 28839.08ms, mfu 6.08%
model:LGT723F iter 1610: loss 3.0082, time 1738.49ms, mfu 6.26%
model:LGT723F iter 1620: loss 2.9882, time 1738.19ms, mfu 6.43%
model:LGT723F iter 1630: loss 3.3214, time 1738.59ms, mfu 6.57%
model:LGT723F iter 1640: loss 3.4606, time 1738.20ms, mfu 6.71%
------average encoder activity 0.249
-----------average decoder density 0.4466
step 1650: train loss 3.1585, val loss 3.1406
saving checkpoint to out-novel-char3_LGT723F_3d25ede0cfd080d9e35756b051dcef65
model:LGT723F iter 1650: loss 2.8987, time 28834.86ms, mfu 6.08%
model:LGT723F iter 1660: loss 3.2338, time 1736.82ms, mfu 6.26%
model:LGT723F iter 1670: loss 3.0878, time 1737.96ms, mfu 6.43%
model:LGT723F iter 1680: loss 3.3527, time 1738.38ms, mfu 6.57%
model:LGT723F iter 1690: loss 3.1556, time 1738.93ms, mfu 6.71%
------average encoder activity 0.248
-----------average decoder density 0.4274
step 1700: train loss 3.1433, val loss 3.1183
saving checkpoint to out-novel-char3_LGT723F_3d25ede0cfd080d9e35756b051dcef65
model:LGT723F iter 1700: loss 2.7222, time 28842.37ms, mfu 6.08%
model:LGT723F iter 1710: loss 3.0928, time 1737.05ms, mfu 6.26%
model:LGT723F iter 1720: loss 3.1945, time 1737.03ms, mfu 6.43%
model:LGT723F iter 1730: loss 3.3766, time 1737.36ms, mfu 6.58%
model:LGT723F iter 1740: loss 3.1322, time 1737.48ms, mfu 6.71%
------average encoder activity 0.246
-----------average decoder density 0.4424
step 1750: train loss 3.1319, val loss 3.0830
saving checkpoint to out-novel-char3_LGT723F_3d25ede0cfd080d9e35756b051dcef65
model:LGT723F iter 1750: loss 3.4070, time 28835.77ms, mfu 6.08%
model:LGT723F iter 1760: loss 3.1488, time 1740.31ms, mfu 6.26%
model:LGT723F iter 1770: loss 2.5766, time 1741.24ms, mfu 6.43%
model:LGT723F iter 1780: loss 3.3974, time 1740.21ms, mfu 6.57%
model:LGT723F iter 1790: loss 3.1918, time 1740.36ms, mfu 6.70%
------average encoder activity 0.249
-----------average decoder density 0.4214
step 1800: train loss 3.1613, val loss 3.1162
saving checkpoint to out-novel-char3_LGT723F_3d25ede0cfd080d9e35756b051dcef65
model:LGT723F iter 1800: loss 3.2439, time 28846.24ms, mfu 6.08%
model:LGT723F iter 1810: loss 3.2858, time 1740.79ms, mfu 6.26%
model:LGT723F iter 1820: loss 2.9044, time 1740.28ms, mfu 6.42%
model:LGT723F iter 1830: loss 2.9739, time 1740.24ms, mfu 6.57%
model:LGT723F iter 1840: loss 3.2567, time 1740.03ms, mfu 6.70%
------average encoder activity 0.244
-----------average decoder density 0.4384
step 1850: train loss 3.1244, val loss 3.1074
saving checkpoint to out-novel-char3_LGT723F_3d25ede0cfd080d9e35756b051dcef65
model:LGT723F iter 1850: loss 2.8369, time 28863.51ms, mfu 6.08%
model:LGT723F iter 1860: loss 3.2612, time 1740.13ms, mfu 6.26%
model:LGT723F iter 1870: loss 3.2310, time 1740.41ms, mfu 6.42%
model:LGT723F iter 1880: loss 2.9869, time 1740.62ms, mfu 6.57%
model:LGT723F iter 1890: loss 3.2940, time 1740.87ms, mfu 6.70%
------average encoder activity 0.240
-----------average decoder density 0.4189
step 1900: train loss 3.1102, val loss 3.1030
saving checkpoint to out-novel-char3_LGT723F_3d25ede0cfd080d9e35756b051dcef65
model:LGT723F iter 1900: loss 3.1122, time 28846.45ms, mfu 6.08%
model:LGT723F iter 1910: loss 3.0455, time 1740.41ms, mfu 6.26%
model:LGT723F iter 1920: loss 3.2474, time 1740.60ms, mfu 6.42%
model:LGT723F iter 1930: loss 3.0708, time 1740.81ms, mfu 6.57%
model:LGT723F iter 1940: loss 2.9202, time 1740.60ms, mfu 6.70%
------average encoder activity 0.237
-----------average decoder density 0.4514
step 1950: train loss 3.0833, val loss 3.0672
saving checkpoint to out-novel-char3_LGT723F_3d25ede0cfd080d9e35756b051dcef65
model:LGT723F iter 1950: loss 3.3299, time 28835.37ms, mfu 6.08%
model:LGT723F iter 1960: loss 3.0331, time 1743.83ms, mfu 6.26%
model:LGT723F iter 1970: loss 2.9864, time 1746.06ms, mfu 6.42%
model:LGT723F iter 1980: loss 3.3005, time 1743.73ms, mfu 6.56%
model:LGT723F iter 1990: loss 3.3543, time 1741.13ms, mfu 6.69%
------average encoder activity 0.234
-----------average decoder density 0.4511
step 2000: train loss 3.1036, val loss 3.0916
saving checkpoint to out-novel-char3_LGT723F_3d25ede0cfd080d9e35756b051dcef65
model:LGT723F iter 2000: loss 3.3221, time 28872.52ms, mfu 6.07%
model:LGT723F iter 2010: loss 3.3573, time 1740.04ms, mfu 6.25%
model:LGT723F iter 2020: loss 3.1626, time 1740.91ms, mfu 6.42%
model:LGT723F iter 2030: loss 3.5401, time 1740.01ms, mfu 6.56%
model:LGT723F iter 2040: loss 2.9782, time 1740.25ms, mfu 6.70%
------average encoder activity 0.233
-----------average decoder density 0.4541
step 2050: train loss 3.0912, val loss 3.0856
saving checkpoint to out-novel-char3_LGT723F_3d25ede0cfd080d9e35756b051dcef65
model:LGT723F iter 2050: loss 3.0854, time 28810.33ms, mfu 6.07%
model:LGT723F iter 2060: loss 3.2891, time 1739.94ms, mfu 6.26%
model:LGT723F iter 2070: loss 3.3253, time 1739.63ms, mfu 6.42%
model:LGT723F iter 2080: loss 3.2843, time 1740.25ms, mfu 6.57%
model:LGT723F iter 2090: loss 3.1987, time 1739.66ms, mfu 6.70%
------average encoder activity 0.233
-----------average decoder density 0.4194
step 2100: train loss 3.0921, val loss 3.0818
saving checkpoint to out-novel-char3_LGT723F_3d25ede0cfd080d9e35756b051dcef65
model:LGT723F iter 2100: loss 3.3308, time 28823.82ms, mfu 6.08%
model:LGT723F iter 2110: loss 3.2288, time 1740.42ms, mfu 6.26%
model:LGT723F iter 2120: loss 2.7895, time 1739.93ms, mfu 6.42%
model:LGT723F iter 2130: loss 3.1892, time 1739.97ms, mfu 6.57%
model:LGT723F iter 2140: loss 3.2482, time 1740.04ms, mfu 6.70%
------average encoder activity 0.229
-----------average decoder density 0.4563
step 2150: train loss 3.0699, val loss 3.0369
saving checkpoint to out-novel-char3_LGT723F_3d25ede0cfd080d9e35756b051dcef65
model:LGT723F iter 2150: loss 3.4178, time 28899.77ms, mfu 6.08%
model:LGT723F iter 2160: loss 2.9502, time 1741.36ms, mfu 6.26%
model:LGT723F iter 2170: loss 2.9669, time 1741.78ms, mfu 6.42%
model:LGT723F iter 2180: loss 3.0105, time 1740.85ms, mfu 6.57%
model:LGT723F iter 2190: loss 3.0159, time 1741.56ms, mfu 6.70%
------average encoder activity 0.224
-----------average decoder density 0.4736
step 2200: train loss 3.0616, val loss 3.0696
saving checkpoint to out-novel-char3_LGT723F_3d25ede0cfd080d9e35756b051dcef65
model:LGT723F iter 2200: loss 2.9695, time 28871.42ms, mfu 6.07%
model:LGT723F iter 2210: loss 3.1227, time 1741.54ms, mfu 6.26%
model:LGT723F iter 2220: loss 2.7847, time 1741.49ms, mfu 6.42%
model:LGT723F iter 2230: loss 3.4497, time 1741.40ms, mfu 6.56%
model:LGT723F iter 2240: loss 3.1383, time 1741.73ms, mfu 6.70%
------average encoder activity 0.220
-----------average decoder density 0.4153
step 2250: train loss 3.0335, val loss 3.0501
saving checkpoint to out-novel-char3_LGT723F_3d25ede0cfd080d9e35756b051dcef65
model:LGT723F iter 2250: loss 3.2282, time 28975.01ms, mfu 6.07%
model:LGT723F iter 2260: loss 3.1989, time 1741.20ms, mfu 6.25%
model:LGT723F iter 2270: loss 3.2289, time 1741.18ms, mfu 6.42%
model:LGT723F iter 2280: loss 2.8072, time 1741.24ms, mfu 6.56%
model:LGT723F iter 2290: loss 3.0556, time 1740.71ms, mfu 6.70%
------average encoder activity 0.215
-----------average decoder density 0.4225
step 2300: train loss 3.0410, val loss 3.0082
saving checkpoint to out-novel-char3_LGT723F_3d25ede0cfd080d9e35756b051dcef65
model:LGT723F iter 2300: loss 3.0855, time 28831.60ms, mfu 6.07%
model:LGT723F iter 2310: loss 3.1646, time 1740.70ms, mfu 6.25%
model:LGT723F iter 2320: loss 3.1345, time 1740.15ms, mfu 6.42%
model:LGT723F iter 2330: loss 3.1125, time 1740.10ms, mfu 6.56%
model:LGT723F iter 2340: loss 2.8668, time 1740.18ms, mfu 6.70%
------average encoder activity 0.214
-----------average decoder density 0.4277
step 2350: train loss 3.0471, val loss 3.0142
saving checkpoint to out-novel-char3_LGT723F_3d25ede0cfd080d9e35756b051dcef65
model:LGT723F iter 2350: loss 3.2069, time 28836.71ms, mfu 6.07%
model:LGT723F iter 2360: loss 3.2320, time 1740.95ms, mfu 6.26%
model:LGT723F iter 2370: loss 3.2271, time 1740.43ms, mfu 6.42%
model:LGT723F iter 2380: loss 2.7686, time 1740.51ms, mfu 6.57%
model:LGT723F iter 2390: loss 3.1288, time 1740.62ms, mfu 6.70%
------average encoder activity 0.212
-----------average decoder density 0.4265
step 2400: train loss 3.0288, val loss 3.0242
saving checkpoint to out-novel-char3_LGT723F_3d25ede0cfd080d9e35756b051dcef65
model:LGT723F iter 2400: loss 2.9042, time 28850.72ms, mfu 6.08%
model:LGT723F iter 2410: loss 3.0324, time 1738.04ms, mfu 6.26%
model:LGT723F iter 2420: loss 3.3065, time 1737.80ms, mfu 6.42%
model:LGT723F iter 2430: loss 2.8131, time 1737.96ms, mfu 6.57%
model:LGT723F iter 2440: loss 3.0579, time 1738.12ms, mfu 6.70%
------average encoder activity 0.208
-----------average decoder density 0.4476
step 2450: train loss 3.0236, val loss 3.0221
saving checkpoint to out-novel-char3_LGT723F_3d25ede0cfd080d9e35756b051dcef65
model:LGT723F iter 2450: loss 2.9908, time 28898.60ms, mfu 6.08%
model:LGT723F iter 2460: loss 2.7703, time 1736.89ms, mfu 6.26%
model:LGT723F iter 2470: loss 3.2524, time 1743.78ms, mfu 6.42%
model:LGT723F iter 2480: loss 2.9205, time 1750.10ms, mfu 6.56%
model:LGT723F iter 2490: loss 2.9886, time 1740.29ms, mfu 6.70%
------average encoder activity 0.204
-----------average decoder density 0.4788
step 2500: train loss 3.0184, val loss 3.0345
saving checkpoint to out-novel-char3_LGT723F_3d25ede0cfd080d9e35756b051dcef65
model:LGT723F iter 2500: loss 2.8279, time 28878.06ms, mfu 6.07%
model:LGT723F iter 2510: loss 2.7578, time 1741.43ms, mfu 6.25%
model:LGT723F iter 2520: loss 2.9088, time 1741.18ms, mfu 6.42%
model:LGT723F iter 2530: loss 2.7692, time 1740.81ms, mfu 6.56%
model:LGT723F iter 2540: loss 2.9941, time 1741.11ms, mfu 6.70%
------average encoder activity 0.201
-----------average decoder density 0.4543
step 2550: train loss 3.0192, val loss 3.0080
saving checkpoint to out-novel-char3_LGT723F_3d25ede0cfd080d9e35756b051dcef65
model:LGT723F iter 2550: loss 3.2438, time 28835.31ms, mfu 6.07%
model:LGT723F iter 2560: loss 2.8950, time 1740.91ms, mfu 6.25%
model:LGT723F iter 2570: loss 3.0412, time 1741.40ms, mfu 6.42%
model:LGT723F iter 2580: loss 3.1165, time 1747.61ms, mfu 6.56%
model:LGT723F iter 2590: loss 3.2831, time 1740.67ms, mfu 6.69%
------average encoder activity 0.199
-----------average decoder density 0.4478
step 2600: train loss 3.0076, val loss 3.0079
saving checkpoint to out-novel-char3_LGT723F_3d25ede0cfd080d9e35756b051dcef65
model:LGT723F iter 2600: loss 2.9637, time 28954.43ms, mfu 6.07%
model:LGT723F iter 2610: loss 3.2551, time 1767.76ms, mfu 6.24%
model:LGT723F iter 2620: loss 2.8072, time 1741.26ms, mfu 6.40%
model:LGT723F iter 2630: loss 3.1261, time 1741.29ms, mfu 6.55%
model:LGT723F iter 2640: loss 3.2920, time 1741.86ms, mfu 6.69%
------average encoder activity 0.195
-----------average decoder density 0.4458
step 2650: train loss 2.9987, val loss 3.0055
saving checkpoint to out-novel-char3_LGT723F_3d25ede0cfd080d9e35756b051dcef65
model:LGT723F iter 2650: loss 3.0772, time 28850.54ms, mfu 6.06%
model:LGT723F iter 2660: loss 2.8180, time 1742.39ms, mfu 6.25%
model:LGT723F iter 2670: loss 2.9756, time 1742.52ms, mfu 6.41%
model:LGT723F iter 2680: loss 3.0409, time 1740.96ms, mfu 6.56%
model:LGT723F iter 2690: loss 2.7588, time 1741.56ms, mfu 6.69%
------average encoder activity 0.190
-----------average decoder density 0.4128
step 2700: train loss 2.9855, val loss 3.0056
saving checkpoint to out-novel-char3_LGT723F_3d25ede0cfd080d9e35756b051dcef65
model:LGT723F iter 2700: loss 2.7567, time 28857.70ms, mfu 6.07%
model:LGT723F iter 2710: loss 2.4149, time 1742.04ms, mfu 6.25%
model:LGT723F iter 2720: loss 2.8879, time 1742.27ms, mfu 6.41%
model:LGT723F iter 2730: loss 3.1013, time 1741.69ms, mfu 6.56%
model:LGT723F iter 2740: loss 2.9471, time 1741.86ms, mfu 6.69%
------average encoder activity 0.193
-----------average decoder density 0.4254
step 2750: train loss 3.0023, val loss 2.9642
saving checkpoint to out-novel-char3_LGT723F_3d25ede0cfd080d9e35756b051dcef65
model:LGT723F iter 2750: loss 3.1740, time 28943.91ms, mfu 6.07%
model:LGT723F iter 2760: loss 3.2615, time 1741.64ms, mfu 6.25%
model:LGT723F iter 2770: loss 3.0044, time 1741.50ms, mfu 6.41%
model:LGT723F iter 2780: loss 2.9240, time 1741.71ms, mfu 6.56%
model:LGT723F iter 2790: loss 3.0034, time 1742.20ms, mfu 6.69%
------average encoder activity 0.191
-----------average decoder density 0.4298
step 2800: train loss 2.9620, val loss 2.9852
saving checkpoint to out-novel-char3_LGT723F_3d25ede0cfd080d9e35756b051dcef65
model:LGT723F iter 2800: loss 2.4534, time 28843.48ms, mfu 6.07%
model:LGT723F iter 2810: loss 2.6002, time 1741.26ms, mfu 6.25%
model:LGT723F iter 2820: loss 3.1018, time 1740.73ms, mfu 6.41%
model:LGT723F iter 2830: loss 2.8159, time 1741.69ms, mfu 6.56%
model:LGT723F iter 2840: loss 2.9931, time 1742.09ms, mfu 6.69%
------average encoder activity 0.190
-----------average decoder density 0.4167
step 2850: train loss 2.9380, val loss 2.9792
saving checkpoint to out-novel-char3_LGT723F_3d25ede0cfd080d9e35756b051dcef65
model:LGT723F iter 2850: loss 3.0758, time 28840.56ms, mfu 6.07%
model:LGT723F iter 2860: loss 2.8793, time 1742.07ms, mfu 6.25%
model:LGT723F iter 2870: loss 3.2149, time 1741.81ms, mfu 6.41%
model:LGT723F iter 2880: loss 2.8600, time 1741.83ms, mfu 6.56%
model:LGT723F iter 2890: loss 2.9733, time 1742.15ms, mfu 6.69%
------average encoder activity 0.187
-----------average decoder density 0.4194
step 2900: train loss 2.9718, val loss 2.9716
saving checkpoint to out-novel-char3_LGT723F_3d25ede0cfd080d9e35756b051dcef65
model:LGT723F iter 2900: loss 2.8446, time 29157.71ms, mfu 6.07%
model:LGT723F iter 2910: loss 3.0628, time 1740.74ms, mfu 6.25%
model:LGT723F iter 2920: loss 3.4875, time 1740.90ms, mfu 6.41%
model:LGT723F iter 2930: loss 2.9180, time 1741.22ms, mfu 6.56%
model:LGT723F iter 2940: loss 3.1665, time 1742.04ms, mfu 6.69%
------average encoder activity 0.183
-----------average decoder density 0.4464
step 2950: train loss 2.9676, val loss 2.9288
saving checkpoint to out-novel-char3_LGT723F_3d25ede0cfd080d9e35756b051dcef65
model:LGT723F iter 2950: loss 2.6240, time 28813.58ms, mfu 6.07%
model:LGT723F iter 2960: loss 3.0919, time 1738.93ms, mfu 6.25%
model:LGT723F iter 2970: loss 2.8011, time 1739.44ms, mfu 6.42%
model:LGT723F iter 2980: loss 3.3972, time 1738.79ms, mfu 6.56%
model:LGT723F iter 2990: loss 2.5354, time 1740.27ms, mfu 6.70%
------average encoder activity 0.181
-----------average decoder density 0.4083
step 3000: train loss 2.9524, val loss 2.9355
saving checkpoint to out-novel-char3_LGT723F_3d25ede0cfd080d9e35756b051dcef65
model:LGT723F iter 3000: loss 3.1469, time 28850.47ms, mfu 6.07%
model:LGT723F iter 3010: loss 2.8338, time 1750.99ms, mfu 6.25%
model:LGT723F iter 3020: loss 3.1331, time 1737.07ms, mfu 6.42%
model:LGT723F iter 3030: loss 2.9215, time 1737.05ms, mfu 6.56%
model:LGT723F iter 3040: loss 3.3997, time 1736.94ms, mfu 6.70%
------average encoder activity 0.179
-----------average decoder density 0.4461
step 3050: train loss 2.9531, val loss 2.9338
saving checkpoint to out-novel-char3_LGT723F_3d25ede0cfd080d9e35756b051dcef65
model:LGT723F iter 3050: loss 2.9502, time 28863.10ms, mfu 6.08%
model:LGT723F iter 3060: loss 3.0223, time 1743.35ms, mfu 6.26%
model:LGT723F iter 3070: loss 2.8910, time 1748.44ms, mfu 6.42%
model:LGT723F iter 3080: loss 2.5778, time 1742.86ms, mfu 6.56%
model:LGT723F iter 3090: loss 2.8945, time 1741.30ms, mfu 6.69%
------average encoder activity 0.179
-----------average decoder density 0.4110
step 3100: train loss 2.9053, val loss 2.9239
saving checkpoint to out-novel-char3_LGT723F_3d25ede0cfd080d9e35756b051dcef65
model:LGT723F iter 3100: loss 2.8000, time 28843.51ms, mfu 6.07%
model:LGT723F iter 3110: loss 2.7629, time 1739.75ms, mfu 6.25%
model:LGT723F iter 3120: loss 2.8623, time 1740.48ms, mfu 6.42%
model:LGT723F iter 3130: loss 2.9136, time 1739.14ms, mfu 6.56%
model:LGT723F iter 3140: loss 3.0029, time 1739.23ms, mfu 6.70%
------average encoder activity 0.174
-----------average decoder density 0.4497
step 3150: train loss 2.9227, val loss 2.9302
saving checkpoint to out-novel-char3_LGT723F_3d25ede0cfd080d9e35756b051dcef65
Overriding config with config/train_novel_char3.py:
# train a miniature character-level shakespeare model
# good for debugging and playing on macbooks and such

out_dir = 'out-novel-char3'
eval_interval = 250 # keep frequent because we'll overfit
eval_iters = 200
log_interval = 10 # don't print too too often

# we expect to overfit on this small dataset, so only save when val improves
always_save_checkpoint = False

wandb_log = False # override via command line if you like
wandb_project = 'novel'
wandb_run_name = 'novel'

dataset = 'novel_char3'
gradient_accumulation_steps = 1
# gradient_accumulation_steps = 6
gradient_accumulation_steps = 12
# gradient_accumulation_steps = 24
# gradient_accumulation_steps = 48
# batch_size = 12
batch_size = 2
# batch_size = 1
# block_size = 256 # context of up to 256 previous characters
# block_size = 256 # context of up to 256 previous characters
# block_size = 64 # context of up to 256 previous characters
block_size = 1024 # context of up to 256 previous characters

# baby GPT model :)
n_layer = 6
n_head = 6
n_embd = 384
# n_embd = 182
dropout = 0.2

# learning_rate = 1e-3 # with baby networks can afford to go a bit higher
learning_rate = 1e-4 # with baby networks can afford to go a bit higher

# max_iters = 5000
# lr_decay_iters = 5000 # make equal to max_iters usually

max_iters = 500000
lr_decay_iters = 500000 # make equal to max_iters usually

min_lr = 5e-6 # learning_rate / 10 usually
beta2 = 0.99 # make a bit bigger because number of tokens per iter is small

warmup_iters = 100 # not super necessary potentially

# on macbook also add
# device = 'cpu'  # run on cpu only
# compile = False # do not torch compile the model
# init_from ='resume'


'''
python3 -u sample.py config/train_novel.py --out_dir=out-novel-word_CCM232_c85667cd6eadbcf772d23fa97827c506 --model=CCM232
python3 -u sample.py config/train_novel.py --out_dir=out-novel-word_CCM251_4bfeb7b3e1b9c46a2542bb9406173e22 --model=CCM251
python3 -u sample.py config/train_novel.py --out_dir=out-novel-word_CCM253_01b622029bb00e0dc9206cae3b0ab559 --model=CCM253 
python3 -u sample.py config/train_novel.py --out_dir=out-novel-word_CCM276_01b622029bb00e0dc9206cae3b0ab559 --model=CCM276
python3 -u sample.py config/train_novel.py --out_dir=out-novel-word_CCM278_a97bfe077b316033e3604831d5ad371e --model=CCM278
python3 -u sample.py config/train_novel.py --out_dir=out-novel-word_CCM305_52efa1def80492f81622f536ac701226 --model=CCM305


out-novel-word_CCM276_01b622029bb00e0dc9206cae3b0ab559

'''
#### python3 -u sample.py config/train_novel.py --out_dir=out-novel-word_CCM232_c85667cd6eadbcf772d23fa97827c506 --model=CCM232
Overriding: init_from = resume
Overriding: compile = False
Overriding: model = LGT723F
Overriding: n_layer = 70
Overriding: n_head = 12
Overriding: share_layer = False
Overriding: always_save_checkpoint = True
Overriding: max_iters = 2500999
Overriding: best_val_loss_force = 10.001
Overriding: min_lr = 5e-06
Overriding: dropout = 0.0
Overriding: eval_interval = 50
Overriding: force_resave = 0
Overriding: random_seed = 3
tokens per iteration will be: 24,576
found vocab_size = 73440 (inside data/novel_char3/meta.pkl)
out_dir: out-novel-char3_LGT723F_3d25ede0cfd080d9e35756b051dcef65
Resuming training from out-novel-char3_LGT723F_3d25ede0cfd080d9e35756b051dcef65
WARNING: using slow attention. Flash Attention requires PyTorch >= 2.0
WARNING: using slow attention. Flash Attention requires PyTorch >= 2.0
WARNING: using slow attention. Flash Attention requires PyTorch >= 2.0
WARNING: using slow attention. Flash Attention requires PyTorch >= 2.0
WARNING: using slow attention. Flash Attention requires PyTorch >= 2.0
WARNING: using slow attention. Flash Attention requires PyTorch >= 2.0
WARNING: using slow attention. Flash Attention requires PyTorch >= 2.0
WARNING: using slow attention. Flash Attention requires PyTorch >= 2.0
WARNING: using slow attention. Flash Attention requires PyTorch >= 2.0
WARNING: using slow attention. Flash Attention requires PyTorch >= 2.0
WARNING: using slow attention. Flash Attention requires PyTorch >= 2.0
WARNING: using slow attention. Flash Attention requires PyTorch >= 2.0
WARNING: using slow attention. Flash Attention requires PyTorch >= 2.0
WARNING: using slow attention. Flash Attention requires PyTorch >= 2.0
WARNING: using slow attention. Flash Attention requires PyTorch >= 2.0
WARNING: using slow attention. Flash Attention requires PyTorch >= 2.0
WARNING: using slow attention. Flash Attention requires PyTorch >= 2.0
WARNING: using slow attention. Flash Attention requires PyTorch >= 2.0
WARNING: using slow attention. Flash Attention requires PyTorch >= 2.0
WARNING: using slow attention. Flash Attention requires PyTorch >= 2.0
WARNING: using slow attention. Flash Attention requires PyTorch >= 2.0
WARNING: using slow attention. Flash Attention requires PyTorch >= 2.0
WARNING: using slow attention. Flash Attention requires PyTorch >= 2.0
WARNING: using slow attention. Flash Attention requires PyTorch >= 2.0
WARNING: using slow attention. Flash Attention requires PyTorch >= 2.0
WARNING: using slow attention. Flash Attention requires PyTorch >= 2.0
WARNING: using slow attention. Flash Attention requires PyTorch >= 2.0
WARNING: using slow attention. Flash Attention requires PyTorch >= 2.0
WARNING: using slow attention. Flash Attention requires PyTorch >= 2.0
WARNING: using slow attention. Flash Attention requires PyTorch >= 2.0
WARNING: using slow attention. Flash Attention requires PyTorch >= 2.0
WARNING: using slow attention. Flash Attention requires PyTorch >= 2.0
WARNING: using slow attention. Flash Attention requires PyTorch >= 2.0
WARNING: using slow attention. Flash Attention requires PyTorch >= 2.0
WARNING: using slow attention. Flash Attention requires PyTorch >= 2.0
WARNING: using slow attention. Flash Attention requires PyTorch >= 2.0
WARNING: using slow attention. Flash Attention requires PyTorch >= 2.0
WARNING: using slow attention. Flash Attention requires PyTorch >= 2.0
WARNING: using slow attention. Flash Attention requires PyTorch >= 2.0
WARNING: using slow attention. Flash Attention requires PyTorch >= 2.0
WARNING: using slow attention. Flash Attention requires PyTorch >= 2.0
WARNING: using slow attention. Flash Attention requires PyTorch >= 2.0
WARNING: using slow attention. Flash Attention requires PyTorch >= 2.0
WARNING: using slow attention. Flash Attention requires PyTorch >= 2.0
WARNING: using slow attention. Flash Attention requires PyTorch >= 2.0
WARNING: using slow attention. Flash Attention requires PyTorch >= 2.0
WARNING: using slow attention. Flash Attention requires PyTorch >= 2.0
WARNING: using slow attention. Flash Attention requires PyTorch >= 2.0
WARNING: using slow attention. Flash Attention requires PyTorch >= 2.0
WARNING: using slow attention. Flash Attention requires PyTorch >= 2.0
WARNING: using slow attention. Flash Attention requires PyTorch >= 2.0
WARNING: using slow attention. Flash Attention requires PyTorch >= 2.0
WARNING: using slow attention. Flash Attention requires PyTorch >= 2.0
WARNING: using slow attention. Flash Attention requires PyTorch >= 2.0
WARNING: using slow attention. Flash Attention requires PyTorch >= 2.0
WARNING: using slow attention. Flash Attention requires PyTorch >= 2.0
WARNING: using slow attention. Flash Attention requires PyTorch >= 2.0
WARNING: using slow attention. Flash Attention requires PyTorch >= 2.0
WARNING: using slow attention. Flash Attention requires PyTorch >= 2.0
WARNING: using slow attention. Flash Attention requires PyTorch >= 2.0
WARNING: using slow attention. Flash Attention requires PyTorch >= 2.0
WARNING: using slow attention. Flash Attention requires PyTorch >= 2.0
WARNING: using slow attention. Flash Attention requires PyTorch >= 2.0
WARNING: using slow attention. Flash Attention requires PyTorch >= 2.0
WARNING: using slow attention. Flash Attention requires PyTorch >= 2.0
WARNING: using slow attention. Flash Attention requires PyTorch >= 2.0
WARNING: using slow attention. Flash Attention requires PyTorch >= 2.0
WARNING: using slow attention. Flash Attention requires PyTorch >= 2.0
WARNING: using slow attention. Flash Attention requires PyTorch >= 2.0
WARNING: using slow attention. Flash Attention requires PyTorch >= 2.0
num decayed parameter tensors: 353, with 194,444,544 parameters
num non-decayed parameter tensors: 214, with 41,342,593 parameters
using fused AdamW: True
------average encoder activity 0.174
-----------average decoder density 0.4107
step 3150: train loss 2.9539, val loss 2.9175
saving checkpoint to out-novel-char3_LGT723F_3d25ede0cfd080d9e35756b051dcef65
done saving checkpoint to out-novel-char3_LGT723F_3d25ede0cfd080d9e35756b051dcef65
model:LGT723F iter 3150: loss 2.8903, time 28820.83ms, mfu -100.00%
model:LGT723F iter 3160: loss 2.5099, time 1740.26ms, mfu 7.89%
model:LGT723F iter 3170: loss 2.9050, time 1740.15ms, mfu 7.89%
model:LGT723F iter 3180: loss 3.0982, time 1739.85ms, mfu 7.89%
model:LGT723F iter 3190: loss 2.9255, time 1739.53ms, mfu 7.89%
------average encoder activity 0.175
-----------average decoder density 0.4194
step 3200: train loss 2.9364, val loss 2.9336
saving checkpoint to out-novel-char3_LGT723F_3d25ede0cfd080d9e35756b051dcef65
done saving checkpoint to out-novel-char3_LGT723F_3d25ede0cfd080d9e35756b051dcef65
model:LGT723F iter 3200: loss 2.8825, time 29258.93ms, mfu 7.15%
model:LGT723F iter 3210: loss 3.1432, time 1742.12ms, mfu 7.22%
model:LGT723F iter 3220: loss 2.8741, time 1741.11ms, mfu 7.28%
model:LGT723F iter 3230: loss 2.8436, time 1740.78ms, mfu 7.34%
model:LGT723F iter 3240: loss 2.9942, time 1740.60ms, mfu 7.40%
------average encoder activity 0.172
-----------average decoder density 0.4388
step 3250: train loss 2.9010, val loss 2.9183
saving checkpoint to out-novel-char3_LGT723F_3d25ede0cfd080d9e35756b051dcef65
done saving checkpoint to out-novel-char3_LGT723F_3d25ede0cfd080d9e35756b051dcef65
model:LGT723F iter 3250: loss 2.5870, time 28675.27ms, mfu 6.71%
model:LGT723F iter 3260: loss 2.9290, time 1738.19ms, mfu 6.83%
model:LGT723F iter 3270: loss 2.8687, time 1738.10ms, mfu 6.93%
model:LGT723F iter 3280: loss 2.7940, time 1737.89ms, mfu 7.03%
model:LGT723F iter 3290: loss 3.2486, time 1738.32ms, mfu 7.12%
------average encoder activity 0.169
-----------average decoder density 0.4253
step 3300: train loss 2.9167, val loss 2.9154
saving checkpoint to out-novel-char3_LGT723F_3d25ede0cfd080d9e35756b051dcef65
done saving checkpoint to out-novel-char3_LGT723F_3d25ede0cfd080d9e35756b051dcef65
model:LGT723F iter 3300: loss 2.6920, time 28918.88ms, mfu 6.45%
model:LGT723F iter 3310: loss 2.8370, time 1745.07ms, mfu 6.59%
model:LGT723F iter 3320: loss 3.0034, time 1744.52ms, mfu 6.72%
model:LGT723F iter 3330: loss 3.0860, time 1748.26ms, mfu 6.83%
model:LGT723F iter 3340: loss 2.6686, time 1743.06ms, mfu 6.94%
------average encoder activity 0.172
-----------average decoder density 0.4090
step 3350: train loss 2.8860, val loss 2.9194
saving checkpoint to out-novel-char3_LGT723F_3d25ede0cfd080d9e35756b051dcef65
done saving checkpoint to out-novel-char3_LGT723F_3d25ede0cfd080d9e35756b051dcef65
model:LGT723F iter 3350: loss 2.9463, time 28926.83ms, mfu 6.29%
model:LGT723F iter 3360: loss 2.8500, time 1740.02ms, mfu 6.45%
model:LGT723F iter 3370: loss 3.0806, time 1739.46ms, mfu 6.59%
model:LGT723F iter 3380: loss 3.1813, time 1738.84ms, mfu 6.72%
model:LGT723F iter 3390: loss 2.7708, time 1739.06ms, mfu 6.84%
------average encoder activity 0.168
-----------average decoder density 0.4538
step 3400: train loss 2.9097, val loss 2.8932
saving checkpoint to out-novel-char3_LGT723F_3d25ede0cfd080d9e35756b051dcef65
done saving checkpoint to out-novel-char3_LGT723F_3d25ede0cfd080d9e35756b051dcef65
model:LGT723F iter 3400: loss 2.6434, time 28983.12ms, mfu 6.20%
model:LGT723F iter 3410: loss 2.5131, time 1763.17ms, mfu 6.36%
model:LGT723F iter 3420: loss 2.8453, time 1740.04ms, mfu 6.51%
model:LGT723F iter 3430: loss 2.8475, time 1742.97ms, mfu 6.65%
model:LGT723F iter 3440: loss 2.4909, time 1739.65ms, mfu 6.77%
------average encoder activity 0.166
-----------average decoder density 0.4268
step 3450: train loss 2.8986, val loss 2.9306
saving checkpoint to out-novel-char3_LGT723F_3d25ede0cfd080d9e35756b051dcef65
done saving checkpoint to out-novel-char3_LGT723F_3d25ede0cfd080d9e35756b051dcef65
model:LGT723F iter 3450: loss 2.7870, time 28857.52ms, mfu 6.14%
model:LGT723F iter 3460: loss 2.8942, time 1743.96ms, mfu 6.32%
model:LGT723F iter 3470: loss 2.8957, time 1744.37ms, mfu 6.47%
model:LGT723F iter 3480: loss 3.0904, time 1742.98ms, mfu 6.61%
model:LGT723F iter 3490: loss 3.0357, time 1744.20ms, mfu 6.74%
------average encoder activity 0.166
-----------average decoder density 0.4312
step 3500: train loss 2.8873, val loss 2.8839
saving checkpoint to out-novel-char3_LGT723F_3d25ede0cfd080d9e35756b051dcef65
done saving checkpoint to out-novel-char3_LGT723F_3d25ede0cfd080d9e35756b051dcef65
model:LGT723F iter 3500: loss 2.9343, time 28867.14ms, mfu 6.11%
model:LGT723F iter 3510: loss 2.8015, time 1741.42ms, mfu 6.29%
model:LGT723F iter 3520: loss 2.7015, time 1742.45ms, mfu 6.45%
model:LGT723F iter 3530: loss 2.9633, time 1742.94ms, mfu 6.59%
model:LGT723F iter 3540: loss 3.0576, time 1743.77ms, mfu 6.72%
------average encoder activity 0.162
-----------average decoder density 0.4446
step 3550: train loss 2.8858, val loss 2.8643
saving checkpoint to out-novel-char3_LGT723F_3d25ede0cfd080d9e35756b051dcef65
done saving checkpoint to out-novel-char3_LGT723F_3d25ede0cfd080d9e35756b051dcef65
model:LGT723F iter 3550: loss 2.9633, time 28930.55ms, mfu 6.09%
model:LGT723F iter 3560: loss 2.6896, time 1740.92ms, mfu 6.27%
model:LGT723F iter 3570: loss 2.8123, time 1740.11ms, mfu 6.43%
model:LGT723F iter 3580: loss 3.1769, time 1740.17ms, mfu 6.58%
model:LGT723F iter 3590: loss 3.1575, time 1742.07ms, mfu 6.71%
------average encoder activity 0.162
-----------average decoder density 0.4049
step 3600: train loss 2.8833, val loss 2.8750
saving checkpoint to out-novel-char3_LGT723F_3d25ede0cfd080d9e35756b051dcef65
done saving checkpoint to out-novel-char3_LGT723F_3d25ede0cfd080d9e35756b051dcef65
model:LGT723F iter 3600: loss 2.7176, time 28833.14ms, mfu 6.09%
model:LGT723F iter 3610: loss 2.5814, time 1740.68ms, mfu 6.27%
model:LGT723F iter 3620: loss 2.7797, time 1741.12ms, mfu 6.43%
model:LGT723F iter 3630: loss 2.5174, time 1741.26ms, mfu 6.57%
model:LGT723F iter 3640: loss 2.9554, time 1740.73ms, mfu 6.70%
------average encoder activity 0.161
-----------average decoder density 0.4096
step 3650: train loss 2.8573, val loss 2.8738
saving checkpoint to out-novel-char3_LGT723F_3d25ede0cfd080d9e35756b051dcef65
done saving checkpoint to out-novel-char3_LGT723F_3d25ede0cfd080d9e35756b051dcef65
model:LGT723F iter 3650: loss 2.9631, time 28806.40ms, mfu 6.08%
Overriding config with config/train_novel_char3.py:
# train a miniature character-level shakespeare model
# good for debugging and playing on macbooks and such

out_dir = 'out-novel-char3'
eval_interval = 250 # keep frequent because we'll overfit
eval_iters = 200
log_interval = 10 # don't print too too often

# we expect to overfit on this small dataset, so only save when val improves
always_save_checkpoint = False

wandb_log = False # override via command line if you like
wandb_project = 'novel'
wandb_run_name = 'novel'

dataset = 'novel_char3'
gradient_accumulation_steps = 1
# gradient_accumulation_steps = 6
gradient_accumulation_steps = 12
# gradient_accumulation_steps = 24
# gradient_accumulation_steps = 48
# batch_size = 12
batch_size = 2
# batch_size = 1
# block_size = 256 # context of up to 256 previous characters
# block_size = 256 # context of up to 256 previous characters
# block_size = 64 # context of up to 256 previous characters
block_size = 1024 # context of up to 256 previous characters

# baby GPT model :)
n_layer = 6
n_head = 6
n_embd = 384
# n_embd = 182
dropout = 0.2

# learning_rate = 1e-3 # with baby networks can afford to go a bit higher
learning_rate = 1e-4 # with baby networks can afford to go a bit higher

# max_iters = 5000
# lr_decay_iters = 5000 # make equal to max_iters usually

max_iters = 500000
lr_decay_iters = 500000 # make equal to max_iters usually

min_lr = 5e-6 # learning_rate / 10 usually
beta2 = 0.99 # make a bit bigger because number of tokens per iter is small

warmup_iters = 100 # not super necessary potentially

# on macbook also add
# device = 'cpu'  # run on cpu only
# compile = False # do not torch compile the model
# init_from ='resume'


'''
python3 -u sample.py config/train_novel.py --out_dir=out-novel-word_CCM232_c85667cd6eadbcf772d23fa97827c506 --model=CCM232
python3 -u sample.py config/train_novel.py --out_dir=out-novel-word_CCM251_4bfeb7b3e1b9c46a2542bb9406173e22 --model=CCM251
python3 -u sample.py config/train_novel.py --out_dir=out-novel-word_CCM253_01b622029bb00e0dc9206cae3b0ab559 --model=CCM253 
python3 -u sample.py config/train_novel.py --out_dir=out-novel-word_CCM276_01b622029bb00e0dc9206cae3b0ab559 --model=CCM276
python3 -u sample.py config/train_novel.py --out_dir=out-novel-word_CCM278_a97bfe077b316033e3604831d5ad371e --model=CCM278
python3 -u sample.py config/train_novel.py --out_dir=out-novel-word_CCM305_52efa1def80492f81622f536ac701226 --model=CCM305


out-novel-word_CCM276_01b622029bb00e0dc9206cae3b0ab559

'''
#### python3 -u sample.py config/train_novel.py --out_dir=out-novel-word_CCM232_c85667cd6eadbcf772d23fa97827c506 --model=CCM232
Overriding: init_from = resume
Overriding: compile = False
Overriding: model = LGT723F
Overriding: n_layer = 70
Overriding: n_head = 12
Overriding: share_layer = False
Overriding: always_save_checkpoint = True
Overriding: max_iters = 2500999
Overriding: best_val_loss_force = 10.001
Overriding: min_lr = 5e-06
Overriding: dropout = 0.0
Overriding: eval_interval = 50
Overriding: force_resave = 0
Overriding: random_seed = 3
tokens per iteration will be: 24,576
found vocab_size = 73440 (inside data/novel_char3/meta.pkl)
out_dir: out-novel-char3_LGT723F_3d25ede0cfd080d9e35756b051dcef65
Resuming training from out-novel-char3_LGT723F_3d25ede0cfd080d9e35756b051dcef65
WARNING: using slow attention. Flash Attention requires PyTorch >= 2.0
WARNING: using slow attention. Flash Attention requires PyTorch >= 2.0
WARNING: using slow attention. Flash Attention requires PyTorch >= 2.0
WARNING: using slow attention. Flash Attention requires PyTorch >= 2.0
WARNING: using slow attention. Flash Attention requires PyTorch >= 2.0
WARNING: using slow attention. Flash Attention requires PyTorch >= 2.0
WARNING: using slow attention. Flash Attention requires PyTorch >= 2.0
WARNING: using slow attention. Flash Attention requires PyTorch >= 2.0
WARNING: using slow attention. Flash Attention requires PyTorch >= 2.0
WARNING: using slow attention. Flash Attention requires PyTorch >= 2.0
WARNING: using slow attention. Flash Attention requires PyTorch >= 2.0
WARNING: using slow attention. Flash Attention requires PyTorch >= 2.0
WARNING: using slow attention. Flash Attention requires PyTorch >= 2.0
WARNING: using slow attention. Flash Attention requires PyTorch >= 2.0
WARNING: using slow attention. Flash Attention requires PyTorch >= 2.0
WARNING: using slow attention. Flash Attention requires PyTorch >= 2.0
WARNING: using slow attention. Flash Attention requires PyTorch >= 2.0
WARNING: using slow attention. Flash Attention requires PyTorch >= 2.0
WARNING: using slow attention. Flash Attention requires PyTorch >= 2.0
WARNING: using slow attention. Flash Attention requires PyTorch >= 2.0
WARNING: using slow attention. Flash Attention requires PyTorch >= 2.0
WARNING: using slow attention. Flash Attention requires PyTorch >= 2.0
WARNING: using slow attention. Flash Attention requires PyTorch >= 2.0
WARNING: using slow attention. Flash Attention requires PyTorch >= 2.0
WARNING: using slow attention. Flash Attention requires PyTorch >= 2.0
WARNING: using slow attention. Flash Attention requires PyTorch >= 2.0
WARNING: using slow attention. Flash Attention requires PyTorch >= 2.0
WARNING: using slow attention. Flash Attention requires PyTorch >= 2.0
WARNING: using slow attention. Flash Attention requires PyTorch >= 2.0
WARNING: using slow attention. Flash Attention requires PyTorch >= 2.0
WARNING: using slow attention. Flash Attention requires PyTorch >= 2.0
WARNING: using slow attention. Flash Attention requires PyTorch >= 2.0
WARNING: using slow attention. Flash Attention requires PyTorch >= 2.0
WARNING: using slow attention. Flash Attention requires PyTorch >= 2.0
WARNING: using slow attention. Flash Attention requires PyTorch >= 2.0
WARNING: using slow attention. Flash Attention requires PyTorch >= 2.0
WARNING: using slow attention. Flash Attention requires PyTorch >= 2.0
WARNING: using slow attention. Flash Attention requires PyTorch >= 2.0
WARNING: using slow attention. Flash Attention requires PyTorch >= 2.0
WARNING: using slow attention. Flash Attention requires PyTorch >= 2.0
WARNING: using slow attention. Flash Attention requires PyTorch >= 2.0
WARNING: using slow attention. Flash Attention requires PyTorch >= 2.0
WARNING: using slow attention. Flash Attention requires PyTorch >= 2.0
WARNING: using slow attention. Flash Attention requires PyTorch >= 2.0
WARNING: using slow attention. Flash Attention requires PyTorch >= 2.0
WARNING: using slow attention. Flash Attention requires PyTorch >= 2.0
WARNING: using slow attention. Flash Attention requires PyTorch >= 2.0
WARNING: using slow attention. Flash Attention requires PyTorch >= 2.0
WARNING: using slow attention. Flash Attention requires PyTorch >= 2.0
WARNING: using slow attention. Flash Attention requires PyTorch >= 2.0
WARNING: using slow attention. Flash Attention requires PyTorch >= 2.0
WARNING: using slow attention. Flash Attention requires PyTorch >= 2.0
WARNING: using slow attention. Flash Attention requires PyTorch >= 2.0
WARNING: using slow attention. Flash Attention requires PyTorch >= 2.0
WARNING: using slow attention. Flash Attention requires PyTorch >= 2.0
WARNING: using slow attention. Flash Attention requires PyTorch >= 2.0
WARNING: using slow attention. Flash Attention requires PyTorch >= 2.0
WARNING: using slow attention. Flash Attention requires PyTorch >= 2.0
WARNING: using slow attention. Flash Attention requires PyTorch >= 2.0
WARNING: using slow attention. Flash Attention requires PyTorch >= 2.0
WARNING: using slow attention. Flash Attention requires PyTorch >= 2.0
WARNING: using slow attention. Flash Attention requires PyTorch >= 2.0
WARNING: using slow attention. Flash Attention requires PyTorch >= 2.0
WARNING: using slow attention. Flash Attention requires PyTorch >= 2.0
WARNING: using slow attention. Flash Attention requires PyTorch >= 2.0
WARNING: using slow attention. Flash Attention requires PyTorch >= 2.0
WARNING: using slow attention. Flash Attention requires PyTorch >= 2.0
WARNING: using slow attention. Flash Attention requires PyTorch >= 2.0
WARNING: using slow attention. Flash Attention requires PyTorch >= 2.0
WARNING: using slow attention. Flash Attention requires PyTorch >= 2.0
num decayed parameter tensors: 353, with 194,444,544 parameters
num non-decayed parameter tensors: 214, with 41,342,593 parameters
using fused AdamW: True
------average encoder activity 0.161
-----------average decoder density 0.4078
step 3650: train loss 2.8839, val loss 2.8509
saving checkpoint to out-novel-char3_LGT723F_3d25ede0cfd080d9e35756b051dcef65
done saving checkpoint to out-novel-char3_LGT723F_3d25ede0cfd080d9e35756b051dcef65
model:LGT723F iter 3650: loss 2.8026, time 28778.62ms, mfu -100.00%
model:LGT723F iter 3660: loss 2.4309, time 1740.10ms, mfu 7.89%
model:LGT723F iter 3670: loss 2.8071, time 1739.90ms, mfu 7.89%
model:LGT723F iter 3680: loss 2.9858, time 1739.64ms, mfu 7.89%
model:LGT723F iter 3690: loss 2.8373, time 1739.91ms, mfu 7.89%
------average encoder activity 0.160
-----------average decoder density 0.4153
step 3700: train loss 2.8770, val loss 2.8718
saving checkpoint to out-novel-char3_LGT723F_3d25ede0cfd080d9e35756b051dcef65
done saving checkpoint to out-novel-char3_LGT723F_3d25ede0cfd080d9e35756b051dcef65
model:LGT723F iter 3700: loss 2.7991, time 28879.94ms, mfu 7.15%
model:LGT723F iter 3710: loss 3.0524, time 1741.59ms, mfu 7.22%
model:LGT723F iter 3720: loss 2.8010, time 1741.39ms, mfu 7.29%
model:LGT723F iter 3730: loss 2.7714, time 1742.05ms, mfu 7.34%
model:LGT723F iter 3740: loss 2.9239, time 1741.70ms, mfu 7.40%
------average encoder activity 0.158
-----------average decoder density 0.4290
step 3750: train loss 2.8442, val loss 2.8611
saving checkpoint to out-novel-char3_LGT723F_3d25ede0cfd080d9e35756b051dcef65
done saving checkpoint to out-novel-char3_LGT723F_3d25ede0cfd080d9e35756b051dcef65
model:LGT723F iter 3750: loss 2.5079, time 29259.10ms, mfu 6.71%
model:LGT723F iter 3760: loss 2.8354, time 1741.90ms, mfu 6.82%
model:LGT723F iter 3770: loss 2.7739, time 1744.82ms, mfu 6.93%
model:LGT723F iter 3780: loss 2.7081, time 1738.29ms, mfu 7.02%
model:LGT723F iter 3790: loss 3.1702, time 1738.06ms, mfu 7.11%
------average encoder activity 0.155
-----------average decoder density 0.4048
step 3800: train loss 2.8648, val loss 2.8625
saving checkpoint to out-novel-char3_LGT723F_3d25ede0cfd080d9e35756b051dcef65
done saving checkpoint to out-novel-char3_LGT723F_3d25ede0cfd080d9e35756b051dcef65
model:LGT723F iter 3800: loss 2.6187, time 28892.03ms, mfu 6.45%
model:LGT723F iter 3810: loss 2.7432, time 1738.04ms, mfu 6.59%
model:LGT723F iter 3820: loss 2.9411, time 1737.36ms, mfu 6.72%
model:LGT723F iter 3830: loss 2.9972, time 1737.59ms, mfu 6.84%
model:LGT723F iter 3840: loss 2.6168, time 1737.36ms, mfu 6.95%
------average encoder activity 0.153
-----------average decoder density 0.3924
step 3850: train loss 2.8318, val loss 2.8671
saving checkpoint to out-novel-char3_LGT723F_3d25ede0cfd080d9e35756b051dcef65
done saving checkpoint to out-novel-char3_LGT723F_3d25ede0cfd080d9e35756b051dcef65
model:LGT723F iter 3850: loss 2.8545, time 28890.43ms, mfu 6.30%
model:LGT723F iter 3860: loss 2.7478, time 1737.57ms, mfu 6.46%
model:LGT723F iter 3870: loss 3.0164, time 1740.79ms, mfu 6.60%
model:LGT723F iter 3880: loss 3.1110, time 1740.69ms, mfu 6.73%
Overriding config with config/train_novel_char3.py:
# train a miniature character-level shakespeare model
# good for debugging and playing on macbooks and such

out_dir = 'out-novel-char3'
eval_interval = 250 # keep frequent because we'll overfit
eval_iters = 200
log_interval = 10 # don't print too too often

# we expect to overfit on this small dataset, so only save when val improves
always_save_checkpoint = False

wandb_log = False # override via command line if you like
wandb_project = 'novel'
wandb_run_name = 'novel'

dataset = 'novel_char3'
gradient_accumulation_steps = 1
# gradient_accumulation_steps = 6
gradient_accumulation_steps = 12
# gradient_accumulation_steps = 24
# gradient_accumulation_steps = 48
# batch_size = 12
batch_size = 2
# batch_size = 1
# block_size = 256 # context of up to 256 previous characters
# block_size = 256 # context of up to 256 previous characters
# block_size = 64 # context of up to 256 previous characters
block_size = 1024 # context of up to 256 previous characters

# baby GPT model :)
n_layer = 6
n_head = 6
n_embd = 384
# n_embd = 182
dropout = 0.2

# learning_rate = 1e-3 # with baby networks can afford to go a bit higher
learning_rate = 1e-4 # with baby networks can afford to go a bit higher

# max_iters = 5000
# lr_decay_iters = 5000 # make equal to max_iters usually

max_iters = 500000
lr_decay_iters = 500000 # make equal to max_iters usually

min_lr = 5e-6 # learning_rate / 10 usually
beta2 = 0.99 # make a bit bigger because number of tokens per iter is small

warmup_iters = 100 # not super necessary potentially

# on macbook also add
# device = 'cpu'  # run on cpu only
# compile = False # do not torch compile the model
# init_from ='resume'


'''
python3 -u sample.py config/train_novel.py --out_dir=out-novel-word_CCM232_c85667cd6eadbcf772d23fa97827c506 --model=CCM232
python3 -u sample.py config/train_novel.py --out_dir=out-novel-word_CCM251_4bfeb7b3e1b9c46a2542bb9406173e22 --model=CCM251
python3 -u sample.py config/train_novel.py --out_dir=out-novel-word_CCM253_01b622029bb00e0dc9206cae3b0ab559 --model=CCM253 
python3 -u sample.py config/train_novel.py --out_dir=out-novel-word_CCM276_01b622029bb00e0dc9206cae3b0ab559 --model=CCM276
python3 -u sample.py config/train_novel.py --out_dir=out-novel-word_CCM278_a97bfe077b316033e3604831d5ad371e --model=CCM278
python3 -u sample.py config/train_novel.py --out_dir=out-novel-word_CCM305_52efa1def80492f81622f536ac701226 --model=CCM305


out-novel-word_CCM276_01b622029bb00e0dc9206cae3b0ab559

'''
#### python3 -u sample.py config/train_novel.py --out_dir=out-novel-word_CCM232_c85667cd6eadbcf772d23fa97827c506 --model=CCM232
Overriding: init_from = resume
Overriding: compile = False
Overriding: model = LGT723F
Overriding: n_layer = 70
Overriding: n_head = 12
Overriding: share_layer = False
Overriding: always_save_checkpoint = True
Overriding: max_iters = 2500999
Overriding: best_val_loss_force = 10.001
Overriding: min_lr = 5e-06
Overriding: dropout = 0.0
Overriding: eval_interval = 50
Overriding: force_resave = 0
Overriding: random_seed = 3
tokens per iteration will be: 24,576
found vocab_size = 73440 (inside data/novel_char3/meta.pkl)
out_dir: out-novel-char3_LGT723F_3d25ede0cfd080d9e35756b051dcef65
Resuming training from out-novel-char3_LGT723F_3d25ede0cfd080d9e35756b051dcef65
WARNING: using slow attention. Flash Attention requires PyTorch >= 2.0
WARNING: using slow attention. Flash Attention requires PyTorch >= 2.0
WARNING: using slow attention. Flash Attention requires PyTorch >= 2.0
WARNING: using slow attention. Flash Attention requires PyTorch >= 2.0
WARNING: using slow attention. Flash Attention requires PyTorch >= 2.0
WARNING: using slow attention. Flash Attention requires PyTorch >= 2.0
WARNING: using slow attention. Flash Attention requires PyTorch >= 2.0
WARNING: using slow attention. Flash Attention requires PyTorch >= 2.0
WARNING: using slow attention. Flash Attention requires PyTorch >= 2.0
WARNING: using slow attention. Flash Attention requires PyTorch >= 2.0
WARNING: using slow attention. Flash Attention requires PyTorch >= 2.0
WARNING: using slow attention. Flash Attention requires PyTorch >= 2.0
WARNING: using slow attention. Flash Attention requires PyTorch >= 2.0
WARNING: using slow attention. Flash Attention requires PyTorch >= 2.0
WARNING: using slow attention. Flash Attention requires PyTorch >= 2.0
WARNING: using slow attention. Flash Attention requires PyTorch >= 2.0
WARNING: using slow attention. Flash Attention requires PyTorch >= 2.0
WARNING: using slow attention. Flash Attention requires PyTorch >= 2.0
WARNING: using slow attention. Flash Attention requires PyTorch >= 2.0
WARNING: using slow attention. Flash Attention requires PyTorch >= 2.0
WARNING: using slow attention. Flash Attention requires PyTorch >= 2.0
WARNING: using slow attention. Flash Attention requires PyTorch >= 2.0
WARNING: using slow attention. Flash Attention requires PyTorch >= 2.0
WARNING: using slow attention. Flash Attention requires PyTorch >= 2.0
WARNING: using slow attention. Flash Attention requires PyTorch >= 2.0
WARNING: using slow attention. Flash Attention requires PyTorch >= 2.0
WARNING: using slow attention. Flash Attention requires PyTorch >= 2.0
WARNING: using slow attention. Flash Attention requires PyTorch >= 2.0
WARNING: using slow attention. Flash Attention requires PyTorch >= 2.0
WARNING: using slow attention. Flash Attention requires PyTorch >= 2.0
WARNING: using slow attention. Flash Attention requires PyTorch >= 2.0
WARNING: using slow attention. Flash Attention requires PyTorch >= 2.0
WARNING: using slow attention. Flash Attention requires PyTorch >= 2.0
WARNING: using slow attention. Flash Attention requires PyTorch >= 2.0
WARNING: using slow attention. Flash Attention requires PyTorch >= 2.0
WARNING: using slow attention. Flash Attention requires PyTorch >= 2.0
WARNING: using slow attention. Flash Attention requires PyTorch >= 2.0
WARNING: using slow attention. Flash Attention requires PyTorch >= 2.0
WARNING: using slow attention. Flash Attention requires PyTorch >= 2.0
WARNING: using slow attention. Flash Attention requires PyTorch >= 2.0
WARNING: using slow attention. Flash Attention requires PyTorch >= 2.0
WARNING: using slow attention. Flash Attention requires PyTorch >= 2.0
WARNING: using slow attention. Flash Attention requires PyTorch >= 2.0
WARNING: using slow attention. Flash Attention requires PyTorch >= 2.0
WARNING: using slow attention. Flash Attention requires PyTorch >= 2.0
WARNING: using slow attention. Flash Attention requires PyTorch >= 2.0
WARNING: using slow attention. Flash Attention requires PyTorch >= 2.0
WARNING: using slow attention. Flash Attention requires PyTorch >= 2.0
WARNING: using slow attention. Flash Attention requires PyTorch >= 2.0
WARNING: using slow attention. Flash Attention requires PyTorch >= 2.0
WARNING: using slow attention. Flash Attention requires PyTorch >= 2.0
WARNING: using slow attention. Flash Attention requires PyTorch >= 2.0
WARNING: using slow attention. Flash Attention requires PyTorch >= 2.0
WARNING: using slow attention. Flash Attention requires PyTorch >= 2.0
WARNING: using slow attention. Flash Attention requires PyTorch >= 2.0
WARNING: using slow attention. Flash Attention requires PyTorch >= 2.0
WARNING: using slow attention. Flash Attention requires PyTorch >= 2.0
WARNING: using slow attention. Flash Attention requires PyTorch >= 2.0
WARNING: using slow attention. Flash Attention requires PyTorch >= 2.0
WARNING: using slow attention. Flash Attention requires PyTorch >= 2.0
WARNING: using slow attention. Flash Attention requires PyTorch >= 2.0
WARNING: using slow attention. Flash Attention requires PyTorch >= 2.0
WARNING: using slow attention. Flash Attention requires PyTorch >= 2.0
WARNING: using slow attention. Flash Attention requires PyTorch >= 2.0
WARNING: using slow attention. Flash Attention requires PyTorch >= 2.0
WARNING: using slow attention. Flash Attention requires PyTorch >= 2.0
WARNING: using slow attention. Flash Attention requires PyTorch >= 2.0
WARNING: using slow attention. Flash Attention requires PyTorch >= 2.0
WARNING: using slow attention. Flash Attention requires PyTorch >= 2.0
WARNING: using slow attention. Flash Attention requires PyTorch >= 2.0
num decayed parameter tensors: 353, with 194,444,544 parameters
num non-decayed parameter tensors: 214, with 41,342,593 parameters
using fused AdamW: True
------average encoder activity 0.153
-----------average decoder density 0.3923
step 3850: train loss 2.8654, val loss 2.8303
saving checkpoint to out-novel-char3_LGT723F_3d25ede0cfd080d9e35756b051dcef65
done saving checkpoint to out-novel-char3_LGT723F_3d25ede0cfd080d9e35756b051dcef65
model:LGT723F iter 3850: loss 2.7615, time 29036.69ms, mfu -100.00%
model:LGT723F iter 3860: loss 2.3746, time 1744.58ms, mfu 7.87%
model:LGT723F iter 3870: loss 2.7516, time 1742.23ms, mfu 7.87%
model:LGT723F iter 3880: loss 2.9140, time 1745.92ms, mfu 7.87%
model:LGT723F iter 3890: loss 2.8003, time 1744.36ms, mfu 7.87%
------average encoder activity 0.151
-----------average decoder density 0.3878
step 3900: train loss 2.8633, val loss 2.8618
saving checkpoint to out-novel-char3_LGT723F_3d25ede0cfd080d9e35756b051dcef65
done saving checkpoint to out-novel-char3_LGT723F_3d25ede0cfd080d9e35756b051dcef65
model:LGT723F iter 3900: loss 2.7562, time 29001.03ms, mfu 7.13%
model:LGT723F iter 3910: loss 2.9538, time 1743.02ms, mfu 7.20%
model:LGT723F iter 3920: loss 2.7478, time 1746.80ms, mfu 7.27%
model:LGT723F iter 3930: loss 2.7286, time 1746.33ms, mfu 7.33%
model:LGT723F iter 3940: loss 2.8759, time 1745.43ms, mfu 7.38%
------average encoder activity 0.150
-----------average decoder density 0.3997
step 3950: train loss 2.8358, val loss 2.8561
saving checkpoint to out-novel-char3_LGT723F_3d25ede0cfd080d9e35756b051dcef65
done saving checkpoint to out-novel-char3_LGT723F_3d25ede0cfd080d9e35756b051dcef65
model:LGT723F iter 3950: loss 2.4695, time 28983.32ms, mfu 6.69%
model:LGT723F iter 3960: loss 2.8001, time 1745.64ms, mfu 6.81%
model:LGT723F iter 3970: loss 2.7168, time 1746.74ms, mfu 6.91%
model:LGT723F iter 3980: loss 2.6361, time 1745.21ms, mfu 7.01%
model:LGT723F iter 3990: loss 3.1143, time 1745.78ms, mfu 7.09%
------average encoder activity 0.143
-----------average decoder density 0.3794
step 4000: train loss 2.8637, val loss 2.8549
saving checkpoint to out-novel-char3_LGT723F_3d25ede0cfd080d9e35756b051dcef65
done saving checkpoint to out-novel-char3_LGT723F_3d25ede0cfd080d9e35756b051dcef65
model:LGT723F iter 4000: loss 2.5534, time 28964.20ms, mfu 6.43%
model:LGT723F iter 4010: loss 2.6933, time 1745.82ms, mfu 6.57%
model:LGT723F iter 4020: loss 2.8761, time 1750.20ms, mfu 6.70%
model:LGT723F iter 4030: loss 2.9635, time 1744.43ms, mfu 6.82%
model:LGT723F iter 4040: loss 2.5725, time 1744.89ms, mfu 6.92%
------average encoder activity 0.146
-----------average decoder density 0.3582
step 4050: train loss 2.8243, val loss 2.8679
saving checkpoint to out-novel-char3_LGT723F_3d25ede0cfd080d9e35756b051dcef65
done saving checkpoint to out-novel-char3_LGT723F_3d25ede0cfd080d9e35756b051dcef65
model:LGT723F iter 4050: loss 2.8523, time 29088.56ms, mfu 6.28%
model:LGT723F iter 4060: loss 2.7519, time 1745.49ms, mfu 6.44%
model:LGT723F iter 4070: loss 3.0205, time 1745.35ms, mfu 6.58%
model:LGT723F iter 4080: loss 3.1080, time 1743.91ms, mfu 6.71%
model:LGT723F iter 4090: loss 2.6567, time 1745.11ms, mfu 6.82%
------average encoder activity 0.142
-----------average decoder density 0.4069
step 4100: train loss 2.8438, val loss 2.8372
saving checkpoint to out-novel-char3_LGT723F_3d25ede0cfd080d9e35756b051dcef65
done saving checkpoint to out-novel-char3_LGT723F_3d25ede0cfd080d9e35756b051dcef65
model:LGT723F iter 4100: loss 2.5543, time 28939.75ms, mfu 6.19%
model:LGT723F iter 4110: loss 2.4127, time 1743.67ms, mfu 6.36%
model:LGT723F iter 4120: loss 2.7639, time 1744.75ms, mfu 6.51%
model:LGT723F iter 4130: loss 2.7368, time 1753.83ms, mfu 6.64%
model:LGT723F iter 4140: loss 2.3573, time 1750.60ms, mfu 6.76%
------average encoder activity 0.143
-----------average decoder density 0.3696
step 4150: train loss 2.8310, val loss 2.8683
saving checkpoint to out-novel-char3_LGT723F_3d25ede0cfd080d9e35756b051dcef65
done saving checkpoint to out-novel-char3_LGT723F_3d25ede0cfd080d9e35756b051dcef65
model:LGT723F iter 4150: loss 2.6826, time 28795.70ms, mfu 6.13%
Overriding config with config/train_novel_char3.py:
# train a miniature character-level shakespeare model
# good for debugging and playing on macbooks and such

out_dir = 'out-novel-char3'
eval_interval = 250 # keep frequent because we'll overfit
eval_iters = 200
log_interval = 10 # don't print too too often

# we expect to overfit on this small dataset, so only save when val improves
always_save_checkpoint = False

wandb_log = False # override via command line if you like
wandb_project = 'novel'
wandb_run_name = 'novel'

dataset = 'novel_char3'
gradient_accumulation_steps = 1
# gradient_accumulation_steps = 6
gradient_accumulation_steps = 12
# gradient_accumulation_steps = 24
# gradient_accumulation_steps = 48
# batch_size = 12
batch_size = 2
# batch_size = 1
# block_size = 256 # context of up to 256 previous characters
# block_size = 256 # context of up to 256 previous characters
# block_size = 64 # context of up to 256 previous characters
block_size = 1024 # context of up to 256 previous characters

# baby GPT model :)
n_layer = 6
n_head = 6
n_embd = 384
# n_embd = 182
dropout = 0.2

# learning_rate = 1e-3 # with baby networks can afford to go a bit higher
learning_rate = 1e-4 # with baby networks can afford to go a bit higher

# max_iters = 5000
# lr_decay_iters = 5000 # make equal to max_iters usually

max_iters = 500000
lr_decay_iters = 500000 # make equal to max_iters usually

min_lr = 5e-6 # learning_rate / 10 usually
beta2 = 0.99 # make a bit bigger because number of tokens per iter is small

warmup_iters = 100 # not super necessary potentially

# on macbook also add
# device = 'cpu'  # run on cpu only
# compile = False # do not torch compile the model
# init_from ='resume'


'''
python3 -u sample.py config/train_novel.py --out_dir=out-novel-word_CCM232_c85667cd6eadbcf772d23fa97827c506 --model=CCM232
python3 -u sample.py config/train_novel.py --out_dir=out-novel-word_CCM251_4bfeb7b3e1b9c46a2542bb9406173e22 --model=CCM251
python3 -u sample.py config/train_novel.py --out_dir=out-novel-word_CCM253_01b622029bb00e0dc9206cae3b0ab559 --model=CCM253 
python3 -u sample.py config/train_novel.py --out_dir=out-novel-word_CCM276_01b622029bb00e0dc9206cae3b0ab559 --model=CCM276
python3 -u sample.py config/train_novel.py --out_dir=out-novel-word_CCM278_a97bfe077b316033e3604831d5ad371e --model=CCM278
python3 -u sample.py config/train_novel.py --out_dir=out-novel-word_CCM305_52efa1def80492f81622f536ac701226 --model=CCM305


out-novel-word_CCM276_01b622029bb00e0dc9206cae3b0ab559

'''
#### python3 -u sample.py config/train_novel.py --out_dir=out-novel-word_CCM232_c85667cd6eadbcf772d23fa97827c506 --model=CCM232
Overriding: init_from = resume
Overriding: compile = False
Overriding: model = LGT723F
Overriding: n_layer = 70
Overriding: n_head = 12
Overriding: share_layer = False
Overriding: always_save_checkpoint = True
Overriding: max_iters = 2500999
Overriding: best_val_loss_force = 10.001
Overriding: min_lr = 5e-06
Overriding: dropout = 0.0
Overriding: eval_interval = 50
Overriding: force_resave = 0
Overriding: random_seed = 3
tokens per iteration will be: 24,576
found vocab_size = 73440 (inside data/novel_char3/meta.pkl)
out_dir: out-novel-char3_LGT723F_3d25ede0cfd080d9e35756b051dcef65
Resuming training from out-novel-char3_LGT723F_3d25ede0cfd080d9e35756b051dcef65
WARNING: using slow attention. Flash Attention requires PyTorch >= 2.0
WARNING: using slow attention. Flash Attention requires PyTorch >= 2.0
WARNING: using slow attention. Flash Attention requires PyTorch >= 2.0
WARNING: using slow attention. Flash Attention requires PyTorch >= 2.0
WARNING: using slow attention. Flash Attention requires PyTorch >= 2.0
WARNING: using slow attention. Flash Attention requires PyTorch >= 2.0
WARNING: using slow attention. Flash Attention requires PyTorch >= 2.0
WARNING: using slow attention. Flash Attention requires PyTorch >= 2.0
WARNING: using slow attention. Flash Attention requires PyTorch >= 2.0
WARNING: using slow attention. Flash Attention requires PyTorch >= 2.0
WARNING: using slow attention. Flash Attention requires PyTorch >= 2.0
WARNING: using slow attention. Flash Attention requires PyTorch >= 2.0
WARNING: using slow attention. Flash Attention requires PyTorch >= 2.0
WARNING: using slow attention. Flash Attention requires PyTorch >= 2.0
WARNING: using slow attention. Flash Attention requires PyTorch >= 2.0
WARNING: using slow attention. Flash Attention requires PyTorch >= 2.0
WARNING: using slow attention. Flash Attention requires PyTorch >= 2.0
WARNING: using slow attention. Flash Attention requires PyTorch >= 2.0
WARNING: using slow attention. Flash Attention requires PyTorch >= 2.0
WARNING: using slow attention. Flash Attention requires PyTorch >= 2.0
WARNING: using slow attention. Flash Attention requires PyTorch >= 2.0
WARNING: using slow attention. Flash Attention requires PyTorch >= 2.0
WARNING: using slow attention. Flash Attention requires PyTorch >= 2.0
WARNING: using slow attention. Flash Attention requires PyTorch >= 2.0
WARNING: using slow attention. Flash Attention requires PyTorch >= 2.0
WARNING: using slow attention. Flash Attention requires PyTorch >= 2.0
WARNING: using slow attention. Flash Attention requires PyTorch >= 2.0
WARNING: using slow attention. Flash Attention requires PyTorch >= 2.0
WARNING: using slow attention. Flash Attention requires PyTorch >= 2.0
WARNING: using slow attention. Flash Attention requires PyTorch >= 2.0
WARNING: using slow attention. Flash Attention requires PyTorch >= 2.0
WARNING: using slow attention. Flash Attention requires PyTorch >= 2.0
WARNING: using slow attention. Flash Attention requires PyTorch >= 2.0
WARNING: using slow attention. Flash Attention requires PyTorch >= 2.0
WARNING: using slow attention. Flash Attention requires PyTorch >= 2.0
WARNING: using slow attention. Flash Attention requires PyTorch >= 2.0
WARNING: using slow attention. Flash Attention requires PyTorch >= 2.0
WARNING: using slow attention. Flash Attention requires PyTorch >= 2.0
WARNING: using slow attention. Flash Attention requires PyTorch >= 2.0
WARNING: using slow attention. Flash Attention requires PyTorch >= 2.0
WARNING: using slow attention. Flash Attention requires PyTorch >= 2.0
WARNING: using slow attention. Flash Attention requires PyTorch >= 2.0
WARNING: using slow attention. Flash Attention requires PyTorch >= 2.0
WARNING: using slow attention. Flash Attention requires PyTorch >= 2.0
WARNING: using slow attention. Flash Attention requires PyTorch >= 2.0
WARNING: using slow attention. Flash Attention requires PyTorch >= 2.0
WARNING: using slow attention. Flash Attention requires PyTorch >= 2.0
WARNING: using slow attention. Flash Attention requires PyTorch >= 2.0
WARNING: using slow attention. Flash Attention requires PyTorch >= 2.0
WARNING: using slow attention. Flash Attention requires PyTorch >= 2.0
WARNING: using slow attention. Flash Attention requires PyTorch >= 2.0
WARNING: using slow attention. Flash Attention requires PyTorch >= 2.0
WARNING: using slow attention. Flash Attention requires PyTorch >= 2.0
WARNING: using slow attention. Flash Attention requires PyTorch >= 2.0
WARNING: using slow attention. Flash Attention requires PyTorch >= 2.0
WARNING: using slow attention. Flash Attention requires PyTorch >= 2.0
WARNING: using slow attention. Flash Attention requires PyTorch >= 2.0
WARNING: using slow attention. Flash Attention requires PyTorch >= 2.0
WARNING: using slow attention. Flash Attention requires PyTorch >= 2.0
WARNING: using slow attention. Flash Attention requires PyTorch >= 2.0
WARNING: using slow attention. Flash Attention requires PyTorch >= 2.0
WARNING: using slow attention. Flash Attention requires PyTorch >= 2.0
WARNING: using slow attention. Flash Attention requires PyTorch >= 2.0
WARNING: using slow attention. Flash Attention requires PyTorch >= 2.0
WARNING: using slow attention. Flash Attention requires PyTorch >= 2.0
WARNING: using slow attention. Flash Attention requires PyTorch >= 2.0
WARNING: using slow attention. Flash Attention requires PyTorch >= 2.0
WARNING: using slow attention. Flash Attention requires PyTorch >= 2.0
WARNING: using slow attention. Flash Attention requires PyTorch >= 2.0
WARNING: using slow attention. Flash Attention requires PyTorch >= 2.0
num decayed parameter tensors: 353, with 194,444,544 parameters
num non-decayed parameter tensors: 214, with 41,342,593 parameters
using fused AdamW: True
------average encoder activity 0.143
-----------average decoder density 0.3570
step 4150: train loss 2.8456, val loss 2.8201
saving checkpoint to out-novel-char3_LGT723F_3d25ede0cfd080d9e35756b051dcef65
done saving checkpoint to out-novel-char3_LGT723F_3d25ede0cfd080d9e35756b051dcef65
model:LGT723F iter 4150: loss 2.7220, time 28593.35ms, mfu -100.00%
model:LGT723F iter 4160: loss 2.3394, time 1741.32ms, mfu 7.88%
model:LGT723F iter 4170: loss 2.7113, time 1741.96ms, mfu 7.88%
model:LGT723F iter 4180: loss 2.8581, time 1741.63ms, mfu 7.88%
model:LGT723F iter 4190: loss 2.7609, time 1751.56ms, mfu 7.88%
------average encoder activity 0.140
-----------average decoder density 0.3489
step 4200: train loss 2.8439, val loss 2.8491
saving checkpoint to out-novel-char3_LGT723F_3d25ede0cfd080d9e35756b051dcef65
done saving checkpoint to out-novel-char3_LGT723F_3d25ede0cfd080d9e35756b051dcef65
model:LGT723F iter 4200: loss 2.7204, time 28706.76ms, mfu 7.14%
model:LGT723F iter 4210: loss 2.8769, time 1741.79ms, mfu 7.21%
model:LGT723F iter 4220: loss 2.6952, time 1739.37ms, mfu 7.28%
model:LGT723F iter 4230: loss 2.6809, time 1737.92ms, mfu 7.34%
model:LGT723F iter 4240: loss 2.8509, time 1738.36ms, mfu 7.40%
------average encoder activity 0.139
-----------average decoder density 0.3635
step 4250: train loss 2.8247, val loss 2.8569
saving checkpoint to out-novel-char3_LGT723F_3d25ede0cfd080d9e35756b051dcef65
done saving checkpoint to out-novel-char3_LGT723F_3d25ede0cfd080d9e35756b051dcef65
model:LGT723F iter 4250: loss 2.4502, time 28642.71ms, mfu 6.70%
model:LGT723F iter 4260: loss 2.7692, time 1739.12ms, mfu 6.82%
model:LGT723F iter 4270: loss 2.6771, time 1740.63ms, mfu 6.93%
model:LGT723F iter 4280: loss 2.5783, time 1740.31ms, mfu 7.02%
model:LGT723F iter 4290: loss 3.0726, time 1739.29ms, mfu 7.11%
------average encoder activity 0.135
-----------average decoder density 0.3421
step 4300: train loss 2.8458, val loss 2.8452
saving checkpoint to out-novel-char3_LGT723F_3d25ede0cfd080d9e35756b051dcef65
done saving checkpoint to out-novel-char3_LGT723F_3d25ede0cfd080d9e35756b051dcef65
model:LGT723F iter 4300: loss 2.5033, time 28635.39ms, mfu 6.45%
model:LGT723F iter 4310: loss 2.6657, time 1741.57ms, mfu 6.59%
model:LGT723F iter 4320: loss 2.8308, time 1741.61ms, mfu 6.72%
model:LGT723F iter 4330: loss 2.9272, time 1740.75ms, mfu 6.84%
model:LGT723F iter 4340: loss 2.5413, time 1741.10ms, mfu 6.94%
------average encoder activity 0.131
-----------average decoder density 0.3228
step 4350: train loss 2.8194, val loss 2.8655
saving checkpoint to out-novel-char3_LGT723F_3d25ede0cfd080d9e35756b051dcef65
done saving checkpoint to out-novel-char3_LGT723F_3d25ede0cfd080d9e35756b051dcef65
model:LGT723F iter 4350: loss 2.7687, time 28672.00ms, mfu 6.30%
model:LGT723F iter 4360: loss 2.6554, time 1742.80ms, mfu 6.45%
model:LGT723F iter 4370: loss 2.9775, time 1741.76ms, mfu 6.60%
model:LGT723F iter 4380: loss 3.0518, time 1742.02ms, mfu 6.72%
model:LGT723F iter 4390: loss 2.6038, time 1741.50ms, mfu 6.84%
------average encoder activity 0.132
-----------average decoder density 0.3670
step 4400: train loss 2.8243, val loss 2.8186
saving checkpoint to out-novel-char3_LGT723F_3d25ede0cfd080d9e35756b051dcef65
done saving checkpoint to out-novel-char3_LGT723F_3d25ede0cfd080d9e35756b051dcef65
model:LGT723F iter 4400: loss 2.5010, time 28792.30ms, mfu 6.20%
model:LGT723F iter 4410: loss 2.3762, time 1741.16ms, mfu 6.37%
model:LGT723F iter 4420: loss 2.7056, time 1740.50ms, mfu 6.52%
model:LGT723F iter 4430: loss 2.6745, time 1739.54ms, mfu 6.66%
model:LGT723F iter 4440: loss 2.2944, time 1738.00ms, mfu 6.78%
------average encoder activity 0.129
-----------average decoder density 0.3223
step 4450: train loss 2.8215, val loss 2.8657
saving checkpoint to out-novel-char3_LGT723F_3d25ede0cfd080d9e35756b051dcef65
done saving checkpoint to out-novel-char3_LGT723F_3d25ede0cfd080d9e35756b051dcef65
model:LGT723F iter 4450: loss 2.6605, time 28631.01ms, mfu 6.15%
Overriding config with config/train_novel_char3.py:
# train a miniature character-level shakespeare model
# good for debugging and playing on macbooks and such

out_dir = 'out-novel-char3'
eval_interval = 250 # keep frequent because we'll overfit
eval_iters = 200
log_interval = 10 # don't print too too often

# we expect to overfit on this small dataset, so only save when val improves
always_save_checkpoint = False

wandb_log = False # override via command line if you like
wandb_project = 'novel'
wandb_run_name = 'novel'

dataset = 'novel_char3'
gradient_accumulation_steps = 1
# gradient_accumulation_steps = 6
gradient_accumulation_steps = 12
# gradient_accumulation_steps = 24
# gradient_accumulation_steps = 48
# batch_size = 12
batch_size = 2
# batch_size = 1
# block_size = 256 # context of up to 256 previous characters
# block_size = 256 # context of up to 256 previous characters
# block_size = 64 # context of up to 256 previous characters
block_size = 1024 # context of up to 256 previous characters

# baby GPT model :)
n_layer = 6
n_head = 6
n_embd = 384
# n_embd = 182
dropout = 0.2

# learning_rate = 1e-3 # with baby networks can afford to go a bit higher
learning_rate = 1e-4 # with baby networks can afford to go a bit higher

# max_iters = 5000
# lr_decay_iters = 5000 # make equal to max_iters usually

max_iters = 500000
lr_decay_iters = 500000 # make equal to max_iters usually

min_lr = 5e-6 # learning_rate / 10 usually
beta2 = 0.99 # make a bit bigger because number of tokens per iter is small

warmup_iters = 100 # not super necessary potentially

# on macbook also add
# device = 'cpu'  # run on cpu only
# compile = False # do not torch compile the model
# init_from ='resume'


'''
python3 -u sample.py config/train_novel.py --out_dir=out-novel-word_CCM232_c85667cd6eadbcf772d23fa97827c506 --model=CCM232
python3 -u sample.py config/train_novel.py --out_dir=out-novel-word_CCM251_4bfeb7b3e1b9c46a2542bb9406173e22 --model=CCM251
python3 -u sample.py config/train_novel.py --out_dir=out-novel-word_CCM253_01b622029bb00e0dc9206cae3b0ab559 --model=CCM253 
python3 -u sample.py config/train_novel.py --out_dir=out-novel-word_CCM276_01b622029bb00e0dc9206cae3b0ab559 --model=CCM276
python3 -u sample.py config/train_novel.py --out_dir=out-novel-word_CCM278_a97bfe077b316033e3604831d5ad371e --model=CCM278
python3 -u sample.py config/train_novel.py --out_dir=out-novel-word_CCM305_52efa1def80492f81622f536ac701226 --model=CCM305


out-novel-word_CCM276_01b622029bb00e0dc9206cae3b0ab559

'''
#### python3 -u sample.py config/train_novel.py --out_dir=out-novel-word_CCM232_c85667cd6eadbcf772d23fa97827c506 --model=CCM232
Overriding: init_from = resume
Overriding: compile = False
Overriding: model = LGT723F
Overriding: n_layer = 70
Overriding: n_head = 12
Overriding: share_layer = False
Overriding: always_save_checkpoint = True
Overriding: max_iters = 2500999
Overriding: best_val_loss_force = 10.001
Overriding: min_lr = 5e-06
Overriding: dropout = 0.0
Overriding: eval_interval = 50
Overriding: force_resave = 0
Overriding: random_seed = 3
tokens per iteration will be: 24,576
found vocab_size = 73440 (inside data/novel_char3/meta.pkl)
out_dir: out-novel-char3_LGT723F_3d25ede0cfd080d9e35756b051dcef65
Resuming training from out-novel-char3_LGT723F_3d25ede0cfd080d9e35756b051dcef65
WARNING: using slow attention. Flash Attention requires PyTorch >= 2.0
WARNING: using slow attention. Flash Attention requires PyTorch >= 2.0
WARNING: using slow attention. Flash Attention requires PyTorch >= 2.0
WARNING: using slow attention. Flash Attention requires PyTorch >= 2.0
WARNING: using slow attention. Flash Attention requires PyTorch >= 2.0
WARNING: using slow attention. Flash Attention requires PyTorch >= 2.0
WARNING: using slow attention. Flash Attention requires PyTorch >= 2.0
WARNING: using slow attention. Flash Attention requires PyTorch >= 2.0
WARNING: using slow attention. Flash Attention requires PyTorch >= 2.0
WARNING: using slow attention. Flash Attention requires PyTorch >= 2.0
WARNING: using slow attention. Flash Attention requires PyTorch >= 2.0
WARNING: using slow attention. Flash Attention requires PyTorch >= 2.0
WARNING: using slow attention. Flash Attention requires PyTorch >= 2.0
WARNING: using slow attention. Flash Attention requires PyTorch >= 2.0
WARNING: using slow attention. Flash Attention requires PyTorch >= 2.0
WARNING: using slow attention. Flash Attention requires PyTorch >= 2.0
WARNING: using slow attention. Flash Attention requires PyTorch >= 2.0
WARNING: using slow attention. Flash Attention requires PyTorch >= 2.0
WARNING: using slow attention. Flash Attention requires PyTorch >= 2.0
WARNING: using slow attention. Flash Attention requires PyTorch >= 2.0
WARNING: using slow attention. Flash Attention requires PyTorch >= 2.0
WARNING: using slow attention. Flash Attention requires PyTorch >= 2.0
WARNING: using slow attention. Flash Attention requires PyTorch >= 2.0
WARNING: using slow attention. Flash Attention requires PyTorch >= 2.0
WARNING: using slow attention. Flash Attention requires PyTorch >= 2.0
WARNING: using slow attention. Flash Attention requires PyTorch >= 2.0
WARNING: using slow attention. Flash Attention requires PyTorch >= 2.0
WARNING: using slow attention. Flash Attention requires PyTorch >= 2.0
WARNING: using slow attention. Flash Attention requires PyTorch >= 2.0
WARNING: using slow attention. Flash Attention requires PyTorch >= 2.0
WARNING: using slow attention. Flash Attention requires PyTorch >= 2.0
WARNING: using slow attention. Flash Attention requires PyTorch >= 2.0
WARNING: using slow attention. Flash Attention requires PyTorch >= 2.0
WARNING: using slow attention. Flash Attention requires PyTorch >= 2.0
WARNING: using slow attention. Flash Attention requires PyTorch >= 2.0
WARNING: using slow attention. Flash Attention requires PyTorch >= 2.0
WARNING: using slow attention. Flash Attention requires PyTorch >= 2.0
WARNING: using slow attention. Flash Attention requires PyTorch >= 2.0
WARNING: using slow attention. Flash Attention requires PyTorch >= 2.0
WARNING: using slow attention. Flash Attention requires PyTorch >= 2.0
WARNING: using slow attention. Flash Attention requires PyTorch >= 2.0
WARNING: using slow attention. Flash Attention requires PyTorch >= 2.0
WARNING: using slow attention. Flash Attention requires PyTorch >= 2.0
WARNING: using slow attention. Flash Attention requires PyTorch >= 2.0
WARNING: using slow attention. Flash Attention requires PyTorch >= 2.0
WARNING: using slow attention. Flash Attention requires PyTorch >= 2.0
WARNING: using slow attention. Flash Attention requires PyTorch >= 2.0
WARNING: using slow attention. Flash Attention requires PyTorch >= 2.0
WARNING: using slow attention. Flash Attention requires PyTorch >= 2.0
WARNING: using slow attention. Flash Attention requires PyTorch >= 2.0
WARNING: using slow attention. Flash Attention requires PyTorch >= 2.0
WARNING: using slow attention. Flash Attention requires PyTorch >= 2.0
WARNING: using slow attention. Flash Attention requires PyTorch >= 2.0
WARNING: using slow attention. Flash Attention requires PyTorch >= 2.0
WARNING: using slow attention. Flash Attention requires PyTorch >= 2.0
WARNING: using slow attention. Flash Attention requires PyTorch >= 2.0
WARNING: using slow attention. Flash Attention requires PyTorch >= 2.0
WARNING: using slow attention. Flash Attention requires PyTorch >= 2.0
WARNING: using slow attention. Flash Attention requires PyTorch >= 2.0
WARNING: using slow attention. Flash Attention requires PyTorch >= 2.0
WARNING: using slow attention. Flash Attention requires PyTorch >= 2.0
WARNING: using slow attention. Flash Attention requires PyTorch >= 2.0
WARNING: using slow attention. Flash Attention requires PyTorch >= 2.0
WARNING: using slow attention. Flash Attention requires PyTorch >= 2.0
WARNING: using slow attention. Flash Attention requires PyTorch >= 2.0
WARNING: using slow attention. Flash Attention requires PyTorch >= 2.0
WARNING: using slow attention. Flash Attention requires PyTorch >= 2.0
WARNING: using slow attention. Flash Attention requires PyTorch >= 2.0
WARNING: using slow attention. Flash Attention requires PyTorch >= 2.0
WARNING: using slow attention. Flash Attention requires PyTorch >= 2.0
num decayed parameter tensors: 353, with 194,444,544 parameters
num non-decayed parameter tensors: 214, with 41,342,593 parameters
using fused AdamW: True
------average encoder activity 0.129
-----------average decoder density 0.3167
step 4450: train loss 2.8360, val loss 2.8167
saving checkpoint to out-novel-char3_LGT723F_3d25ede0cfd080d9e35756b051dcef65
done saving checkpoint to out-novel-char3_LGT723F_3d25ede0cfd080d9e35756b051dcef65
model:LGT723F iter 4450: loss 2.6846, time 28597.53ms, mfu -100.00%
model:LGT723F iter 4460: loss 2.2887, time 1740.62ms, mfu 7.88%
model:LGT723F iter 4470: loss 2.6781, time 1740.76ms, mfu 7.88%
model:LGT723F iter 4480: loss 2.7891, time 1739.34ms, mfu 7.89%
model:LGT723F iter 4490: loss 2.7220, time 1739.56ms, mfu 7.89%
------average encoder activity 0.131
-----------average decoder density 0.3066
step 4500: train loss 2.8316, val loss 2.8444
saving checkpoint to out-novel-char3_LGT723F_3d25ede0cfd080d9e35756b051dcef65
done saving checkpoint to out-novel-char3_LGT723F_3d25ede0cfd080d9e35756b051dcef65
model:LGT723F iter 4500: loss 2.6853, time 28478.12ms, mfu 7.15%
model:LGT723F iter 4510: loss 2.8165, time 1741.44ms, mfu 7.22%
model:LGT723F iter 4520: loss 2.6530, time 1742.03ms, mfu 7.28%
model:LGT723F iter 4530: loss 2.6512, time 1743.44ms, mfu 7.34%
model:LGT723F iter 4540: loss 2.8154, time 1741.79ms, mfu 7.40%
------average encoder activity 0.128
-----------average decoder density 0.3250
step 4550: train loss 2.8179, val loss 2.8525
saving checkpoint to out-novel-char3_LGT723F_3d25ede0cfd080d9e35756b051dcef65
done saving checkpoint to out-novel-char3_LGT723F_3d25ede0cfd080d9e35756b051dcef65
model:LGT723F iter 4550: loss 2.4069, time 28494.64ms, mfu 6.71%
model:LGT723F iter 4560: loss 2.7032, time 1741.55ms, mfu 6.82%
model:LGT723F iter 4570: loss 2.6237, time 1741.54ms, mfu 6.93%
model:LGT723F iter 4580: loss 2.5304, time 1741.76ms, mfu 7.02%
model:LGT723F iter 4590: loss 3.0762, time 1741.07ms, mfu 7.11%
------average encoder activity 0.127
-----------average decoder density 0.3066
step 4600: train loss 2.8433, val loss 2.8525
saving checkpoint to out-novel-char3_LGT723F_3d25ede0cfd080d9e35756b051dcef65
done saving checkpoint to out-novel-char3_LGT723F_3d25ede0cfd080d9e35756b051dcef65
model:LGT723F iter 4600: loss 2.4670, time 28668.05ms, mfu 6.45%
model:LGT723F iter 4610: loss 2.6329, time 1742.25ms, mfu 6.59%
model:LGT723F iter 4620: loss 2.7372, time 1743.31ms, mfu 6.72%
model:LGT723F iter 4630: loss 2.8803, time 1742.43ms, mfu 6.83%
model:LGT723F iter 4640: loss 2.5148, time 1741.67ms, mfu 6.94%
------average encoder activity 0.124
-----------average decoder density 0.2797
step 4650: train loss 2.8207, val loss 2.8758
saving checkpoint to out-novel-char3_LGT723F_3d25ede0cfd080d9e35756b051dcef65
done saving checkpoint to out-novel-char3_LGT723F_3d25ede0cfd080d9e35756b051dcef65
model:LGT723F iter 4650: loss 2.7223, time 28664.94ms, mfu 6.29%
model:LGT723F iter 4660: loss 2.5995, time 1740.44ms, mfu 6.45%
model:LGT723F iter 4670: loss 2.9327, time 1743.80ms, mfu 6.59%
model:LGT723F iter 4680: loss 3.0029, time 1739.75ms, mfu 6.72%
model:LGT723F iter 4690: loss 2.5607, time 1739.30ms, mfu 6.84%
------average encoder activity 0.124
-----------average decoder density 0.3309
step 4700: train loss 2.8171, val loss 2.8156
saving checkpoint to out-novel-char3_LGT723F_3d25ede0cfd080d9e35756b051dcef65
done saving checkpoint to out-novel-char3_LGT723F_3d25ede0cfd080d9e35756b051dcef65
model:LGT723F iter 4700: loss 2.4664, time 28978.15ms, mfu 6.20%
model:LGT723F iter 4710: loss 2.3318, time 1742.29ms, mfu 6.37%
model:LGT723F iter 4720: loss 2.6497, time 1742.58ms, mfu 6.52%
model:LGT723F iter 4730: loss 2.6082, time 1741.58ms, mfu 6.66%
model:LGT723F iter 4740: loss 2.2499, time 1742.27ms, mfu 6.78%
------average encoder activity 0.123
-----------average decoder density 0.2748
step 4750: train loss 2.8067, val loss 2.8528
saving checkpoint to out-novel-char3_LGT723F_3d25ede0cfd080d9e35756b051dcef65
done saving checkpoint to out-novel-char3_LGT723F_3d25ede0cfd080d9e35756b051dcef65
model:LGT723F iter 4750: loss 2.6345, time 28549.57ms, mfu 6.15%
model:LGT723F iter 4760: loss 2.7040, time 1741.58ms, mfu 6.32%
model:LGT723F iter 4770: loss 2.7610, time 1741.37ms, mfu 6.48%
model:LGT723F iter 4780: loss 2.9708, time 1741.73ms, mfu 6.62%
model:LGT723F iter 4790: loss 2.8186, time 1742.03ms, mfu 6.74%
------average encoder activity 0.124
-----------average decoder density 0.2984
step 4800: train loss 2.7870, val loss 2.7977
saving checkpoint to out-novel-char3_LGT723F_3d25ede0cfd080d9e35756b051dcef65
done saving checkpoint to out-novel-char3_LGT723F_3d25ede0cfd080d9e35756b051dcef65
model:LGT723F iter 4800: loss 2.7437, time 28844.04ms, mfu 6.12%
model:LGT723F iter 4810: loss 2.6886, time 1744.24ms, mfu 6.29%
model:LGT723F iter 4820: loss 2.5761, time 1741.74ms, mfu 6.45%
model:LGT723F iter 4830: loss 2.8082, time 1742.59ms, mfu 6.59%
model:LGT723F iter 4840: loss 2.8936, time 1740.41ms, mfu 6.72%
------average encoder activity 0.124
-----------average decoder density 0.3204
step 4850: train loss 2.7803, val loss 2.7749
saving checkpoint to out-novel-char3_LGT723F_3d25ede0cfd080d9e35756b051dcef65
done saving checkpoint to out-novel-char3_LGT723F_3d25ede0cfd080d9e35756b051dcef65
model:LGT723F iter 4850: loss 2.8047, time 28708.16ms, mfu 6.10%
model:LGT723F iter 4860: loss 2.5651, time 1742.07ms, mfu 6.28%
model:LGT723F iter 4870: loss 2.7207, time 1741.55ms, mfu 6.44%
model:LGT723F iter 4880: loss 3.0553, time 1740.32ms, mfu 6.58%
model:LGT723F iter 4890: loss 3.0023, time 1741.53ms, mfu 6.71%
------average encoder activity 0.123
-----------average decoder density 0.2801
step 4900: train loss 2.7766, val loss 2.7832
saving checkpoint to out-novel-char3_LGT723F_3d25ede0cfd080d9e35756b051dcef65
done saving checkpoint to out-novel-char3_LGT723F_3d25ede0cfd080d9e35756b051dcef65
Overriding config with config/train_novel_char3.py:
# train a miniature character-level shakespeare model
# good for debugging and playing on macbooks and such

out_dir = 'out-novel-char3'
eval_interval = 250 # keep frequent because we'll overfit
eval_iters = 200
log_interval = 10 # don't print too too often

# we expect to overfit on this small dataset, so only save when val improves
always_save_checkpoint = False

wandb_log = False # override via command line if you like
wandb_project = 'novel'
wandb_run_name = 'novel'

dataset = 'novel_char3'
gradient_accumulation_steps = 1
# gradient_accumulation_steps = 6
gradient_accumulation_steps = 12
# gradient_accumulation_steps = 24
# gradient_accumulation_steps = 48
# batch_size = 12
batch_size = 2
# batch_size = 1
# block_size = 256 # context of up to 256 previous characters
# block_size = 256 # context of up to 256 previous characters
# block_size = 64 # context of up to 256 previous characters
block_size = 1024 # context of up to 256 previous characters

# baby GPT model :)
n_layer = 6
n_head = 6
n_embd = 384
# n_embd = 182
dropout = 0.2

# learning_rate = 1e-3 # with baby networks can afford to go a bit higher
learning_rate = 1e-4 # with baby networks can afford to go a bit higher

# max_iters = 5000
# lr_decay_iters = 5000 # make equal to max_iters usually

max_iters = 500000
lr_decay_iters = 500000 # make equal to max_iters usually

min_lr = 5e-6 # learning_rate / 10 usually
beta2 = 0.99 # make a bit bigger because number of tokens per iter is small

warmup_iters = 100 # not super necessary potentially

# on macbook also add
# device = 'cpu'  # run on cpu only
# compile = False # do not torch compile the model
# init_from ='resume'


'''
python3 -u sample.py config/train_novel.py --out_dir=out-novel-word_CCM232_c85667cd6eadbcf772d23fa97827c506 --model=CCM232
python3 -u sample.py config/train_novel.py --out_dir=out-novel-word_CCM251_4bfeb7b3e1b9c46a2542bb9406173e22 --model=CCM251
python3 -u sample.py config/train_novel.py --out_dir=out-novel-word_CCM253_01b622029bb00e0dc9206cae3b0ab559 --model=CCM253 
python3 -u sample.py config/train_novel.py --out_dir=out-novel-word_CCM276_01b622029bb00e0dc9206cae3b0ab559 --model=CCM276
python3 -u sample.py config/train_novel.py --out_dir=out-novel-word_CCM278_a97bfe077b316033e3604831d5ad371e --model=CCM278
python3 -u sample.py config/train_novel.py --out_dir=out-novel-word_CCM305_52efa1def80492f81622f536ac701226 --model=CCM305


out-novel-word_CCM276_01b622029bb00e0dc9206cae3b0ab559

'''
#### python3 -u sample.py config/train_novel.py --out_dir=out-novel-word_CCM232_c85667cd6eadbcf772d23fa97827c506 --model=CCM232
Overriding: init_from = resume
Overriding: compile = False
Overriding: model = LGT723F
Overriding: n_layer = 70
Overriding: n_head = 12
Overriding: share_layer = False
Overriding: always_save_checkpoint = True
Overriding: max_iters = 2500999
Overriding: best_val_loss_force = 10.001
Overriding: min_lr = 5e-06
Overriding: dropout = 0.0
Overriding: eval_interval = 50
Overriding: force_resave = 0
Overriding: random_seed = 3
tokens per iteration will be: 24,576
found vocab_size = 73440 (inside data/novel_char3/meta.pkl)
out_dir: out-novel-char3_LGT723F_3d25ede0cfd080d9e35756b051dcef65
Resuming training from out-novel-char3_LGT723F_3d25ede0cfd080d9e35756b051dcef65
WARNING: using slow attention. Flash Attention requires PyTorch >= 2.0
WARNING: using slow attention. Flash Attention requires PyTorch >= 2.0
WARNING: using slow attention. Flash Attention requires PyTorch >= 2.0
WARNING: using slow attention. Flash Attention requires PyTorch >= 2.0
WARNING: using slow attention. Flash Attention requires PyTorch >= 2.0
WARNING: using slow attention. Flash Attention requires PyTorch >= 2.0
WARNING: using slow attention. Flash Attention requires PyTorch >= 2.0
WARNING: using slow attention. Flash Attention requires PyTorch >= 2.0
WARNING: using slow attention. Flash Attention requires PyTorch >= 2.0
WARNING: using slow attention. Flash Attention requires PyTorch >= 2.0
WARNING: using slow attention. Flash Attention requires PyTorch >= 2.0
WARNING: using slow attention. Flash Attention requires PyTorch >= 2.0
WARNING: using slow attention. Flash Attention requires PyTorch >= 2.0
WARNING: using slow attention. Flash Attention requires PyTorch >= 2.0
WARNING: using slow attention. Flash Attention requires PyTorch >= 2.0
WARNING: using slow attention. Flash Attention requires PyTorch >= 2.0
WARNING: using slow attention. Flash Attention requires PyTorch >= 2.0
WARNING: using slow attention. Flash Attention requires PyTorch >= 2.0
WARNING: using slow attention. Flash Attention requires PyTorch >= 2.0
WARNING: using slow attention. Flash Attention requires PyTorch >= 2.0
WARNING: using slow attention. Flash Attention requires PyTorch >= 2.0
WARNING: using slow attention. Flash Attention requires PyTorch >= 2.0
WARNING: using slow attention. Flash Attention requires PyTorch >= 2.0
WARNING: using slow attention. Flash Attention requires PyTorch >= 2.0
WARNING: using slow attention. Flash Attention requires PyTorch >= 2.0
WARNING: using slow attention. Flash Attention requires PyTorch >= 2.0
WARNING: using slow attention. Flash Attention requires PyTorch >= 2.0
WARNING: using slow attention. Flash Attention requires PyTorch >= 2.0
WARNING: using slow attention. Flash Attention requires PyTorch >= 2.0
WARNING: using slow attention. Flash Attention requires PyTorch >= 2.0
WARNING: using slow attention. Flash Attention requires PyTorch >= 2.0
WARNING: using slow attention. Flash Attention requires PyTorch >= 2.0
WARNING: using slow attention. Flash Attention requires PyTorch >= 2.0
WARNING: using slow attention. Flash Attention requires PyTorch >= 2.0
WARNING: using slow attention. Flash Attention requires PyTorch >= 2.0
WARNING: using slow attention. Flash Attention requires PyTorch >= 2.0
WARNING: using slow attention. Flash Attention requires PyTorch >= 2.0
WARNING: using slow attention. Flash Attention requires PyTorch >= 2.0
WARNING: using slow attention. Flash Attention requires PyTorch >= 2.0
WARNING: using slow attention. Flash Attention requires PyTorch >= 2.0
WARNING: using slow attention. Flash Attention requires PyTorch >= 2.0
WARNING: using slow attention. Flash Attention requires PyTorch >= 2.0
WARNING: using slow attention. Flash Attention requires PyTorch >= 2.0
WARNING: using slow attention. Flash Attention requires PyTorch >= 2.0
WARNING: using slow attention. Flash Attention requires PyTorch >= 2.0
WARNING: using slow attention. Flash Attention requires PyTorch >= 2.0
WARNING: using slow attention. Flash Attention requires PyTorch >= 2.0
WARNING: using slow attention. Flash Attention requires PyTorch >= 2.0
WARNING: using slow attention. Flash Attention requires PyTorch >= 2.0
WARNING: using slow attention. Flash Attention requires PyTorch >= 2.0
WARNING: using slow attention. Flash Attention requires PyTorch >= 2.0
WARNING: using slow attention. Flash Attention requires PyTorch >= 2.0
WARNING: using slow attention. Flash Attention requires PyTorch >= 2.0
WARNING: using slow attention. Flash Attention requires PyTorch >= 2.0
WARNING: using slow attention. Flash Attention requires PyTorch >= 2.0
WARNING: using slow attention. Flash Attention requires PyTorch >= 2.0
WARNING: using slow attention. Flash Attention requires PyTorch >= 2.0
WARNING: using slow attention. Flash Attention requires PyTorch >= 2.0
WARNING: using slow attention. Flash Attention requires PyTorch >= 2.0
WARNING: using slow attention. Flash Attention requires PyTorch >= 2.0
WARNING: using slow attention. Flash Attention requires PyTorch >= 2.0
WARNING: using slow attention. Flash Attention requires PyTorch >= 2.0
WARNING: using slow attention. Flash Attention requires PyTorch >= 2.0
WARNING: using slow attention. Flash Attention requires PyTorch >= 2.0
WARNING: using slow attention. Flash Attention requires PyTorch >= 2.0
WARNING: using slow attention. Flash Attention requires PyTorch >= 2.0
WARNING: using slow attention. Flash Attention requires PyTorch >= 2.0
WARNING: using slow attention. Flash Attention requires PyTorch >= 2.0
WARNING: using slow attention. Flash Attention requires PyTorch >= 2.0
WARNING: using slow attention. Flash Attention requires PyTorch >= 2.0
num decayed parameter tensors: 353, with 194,444,544 parameters
num non-decayed parameter tensors: 214, with 41,342,593 parameters
using fused AdamW: True
------average encoder activity 0.123
-----------average decoder density 0.2930
step 4900: train loss 2.7847, val loss 2.7637
saving checkpoint to out-novel-char3_LGT723F_3d25ede0cfd080d9e35756b051dcef65
done saving checkpoint to out-novel-char3_LGT723F_3d25ede0cfd080d9e35756b051dcef65
model:LGT723F iter 4900: loss 2.6452, time 28642.08ms, mfu -100.00%
model:LGT723F iter 4910: loss 2.2380, time 1741.12ms, mfu 7.88%
model:LGT723F iter 4920: loss 2.6265, time 1737.31ms, mfu 7.88%
model:LGT723F iter 4930: loss 2.7307, time 1738.39ms, mfu 7.89%
model:LGT723F iter 4940: loss 2.6743, time 1744.62ms, mfu 7.88%
------average encoder activity 0.124
-----------average decoder density 0.2807
step 4950: train loss 2.7897, val loss 2.8117
saving checkpoint to out-novel-char3_LGT723F_3d25ede0cfd080d9e35756b051dcef65
done saving checkpoint to out-novel-char3_LGT723F_3d25ede0cfd080d9e35756b051dcef65
model:LGT723F iter 4950: loss 2.6407, time 28860.58ms, mfu 7.14%
model:LGT723F iter 4960: loss 2.7428, time 1748.25ms, mfu 7.21%
model:LGT723F iter 4970: loss 2.5868, time 1740.65ms, mfu 7.28%
model:LGT723F iter 4980: loss 2.6089, time 1741.15ms, mfu 7.34%
model:LGT723F iter 4990: loss 2.7659, time 1741.15ms, mfu 7.39%
------average encoder activity 0.121
-----------average decoder density 0.2932
step 5000: train loss 2.7769, val loss 2.8083
saving checkpoint to out-novel-char3_LGT723F_3d25ede0cfd080d9e35756b051dcef65
done saving checkpoint to out-novel-char3_LGT723F_3d25ede0cfd080d9e35756b051dcef65
model:LGT723F iter 5000: loss 2.3536, time 28971.51ms, mfu 6.70%
model:LGT723F iter 5010: loss 2.6465, time 1737.45ms, mfu 6.82%
model:LGT723F iter 5020: loss 2.5464, time 1737.19ms, mfu 6.93%
model:LGT723F iter 5030: loss 2.4772, time 1740.81ms, mfu 7.03%
model:LGT723F iter 5040: loss 3.0265, time 1741.96ms, mfu 7.11%
------average encoder activity 0.120
-----------average decoder density 0.2768
step 5050: train loss 2.8023, val loss 2.8196
saving checkpoint to out-novel-char3_LGT723F_3d25ede0cfd080d9e35756b051dcef65
done saving checkpoint to out-novel-char3_LGT723F_3d25ede0cfd080d9e35756b051dcef65
model:LGT723F iter 5050: loss 2.4257, time 28875.74ms, mfu 6.45%
model:LGT723F iter 5060: loss 2.5591, time 1742.54ms, mfu 6.59%
model:LGT723F iter 5070: loss 2.6759, time 1740.64ms, mfu 6.72%
model:LGT723F iter 5080: loss 2.8345, time 1740.11ms, mfu 6.84%
model:LGT723F iter 5090: loss 2.4827, time 1740.23ms, mfu 6.94%
------average encoder activity 0.118
-----------average decoder density 0.2515
step 5100: train loss 2.7854, val loss 2.8472
saving checkpoint to out-novel-char3_LGT723F_3d25ede0cfd080d9e35756b051dcef65
done saving checkpoint to out-novel-char3_LGT723F_3d25ede0cfd080d9e35756b051dcef65
model:LGT723F iter 5100: loss 2.6373, time 28505.20ms, mfu 6.30%
model:LGT723F iter 5110: loss 2.5204, time 1742.82ms, mfu 6.45%
model:LGT723F iter 5120: loss 2.8948, time 1738.03ms, mfu 6.60%
model:LGT723F iter 5130: loss 2.9520, time 1740.76ms, mfu 6.73%
model:LGT723F iter 5140: loss 2.4925, time 1746.98ms, mfu 6.84%
------average encoder activity 0.119
-----------average decoder density 0.2938
step 5150: train loss 2.7929, val loss 2.7908
saving checkpoint to out-novel-char3_LGT723F_3d25ede0cfd080d9e35756b051dcef65
done saving checkpoint to out-novel-char3_LGT723F_3d25ede0cfd080d9e35756b051dcef65
model:LGT723F iter 5150: loss 2.4049, time 28809.81ms, mfu 6.20%
model:LGT723F iter 5160: loss 2.2674, time 1740.96ms, mfu 6.37%
model:LGT723F iter 5170: loss 2.5928, time 1740.20ms, mfu 6.52%
model:LGT723F iter 5180: loss 2.5549, time 1740.09ms, mfu 6.66%
model:LGT723F iter 5190: loss 2.1739, time 1740.68ms, mfu 6.78%
------average encoder activity 0.117
-----------average decoder density 0.2496
step 5200: train loss 2.7821, val loss 2.8384
saving checkpoint to out-novel-char3_LGT723F_3d25ede0cfd080d9e35756b051dcef65
done saving checkpoint to out-novel-char3_LGT723F_3d25ede0cfd080d9e35756b051dcef65
model:LGT723F iter 5200: loss 2.5808, time 28712.19ms, mfu 6.15%
model:LGT723F iter 5210: loss 2.6045, time 1740.35ms, mfu 6.32%
model:LGT723F iter 5220: loss 2.6649, time 1740.61ms, mfu 6.48%
model:LGT723F iter 5230: loss 2.8604, time 1740.86ms, mfu 6.62%
model:LGT723F iter 5240: loss 2.7131, time 1748.00ms, mfu 6.74%
------average encoder activity 0.117
-----------average decoder density 0.2595
step 5250: train loss 2.7658, val loss 2.7843
saving checkpoint to out-novel-char3_LGT723F_3d25ede0cfd080d9e35756b051dcef65
done saving checkpoint to out-novel-char3_LGT723F_3d25ede0cfd080d9e35756b051dcef65
model:LGT723F iter 5250: loss 2.6543, time 29008.57ms, mfu 6.12%
model:LGT723F iter 5260: loss 2.6070, time 1744.09ms, mfu 6.29%
model:LGT723F iter 5270: loss 2.4981, time 1742.00ms, mfu 6.45%
model:LGT723F iter 5280: loss 2.6510, time 1741.66ms, mfu 6.59%
model:LGT723F iter 5290: loss 2.8125, time 1740.84ms, mfu 6.72%
------average encoder activity 0.117
-----------average decoder density 0.2798
step 5300: train loss 2.7620, val loss 2.7627
saving checkpoint to out-novel-char3_LGT723F_3d25ede0cfd080d9e35756b051dcef65
done saving checkpoint to out-novel-char3_LGT723F_3d25ede0cfd080d9e35756b051dcef65
model:LGT723F iter 5300: loss 2.7340, time 28685.26ms, mfu 6.10%
model:LGT723F iter 5310: loss 2.5073, time 1740.73ms, mfu 6.28%
model:LGT723F iter 5320: loss 2.6634, time 1740.74ms, mfu 6.44%
model:LGT723F iter 5330: loss 2.9749, time 1741.73ms, mfu 6.58%
model:LGT723F iter 5340: loss 2.9260, time 1753.55ms, mfu 6.71%
------average encoder activity 0.118
-----------average decoder density 0.2439
step 5350: train loss 2.7612, val loss 2.7775
saving checkpoint to out-novel-char3_LGT723F_3d25ede0cfd080d9e35756b051dcef65
done saving checkpoint to out-novel-char3_LGT723F_3d25ede0cfd080d9e35756b051dcef65
model:LGT723F iter 5350: loss 2.5904, time 28908.14ms, mfu 6.08%
model:LGT723F iter 5360: loss 2.4368, time 1740.45ms, mfu 6.26%
model:LGT723F iter 5370: loss 2.6203, time 1740.70ms, mfu 6.43%
model:LGT723F iter 5380: loss 2.3887, time 1740.60ms, mfu 6.57%
model:LGT723F iter 5390: loss 2.7923, time 1740.92ms, mfu 6.70%
------average encoder activity 0.117
-----------average decoder density 0.2542
step 5400: train loss 2.7331, val loss 2.7665
saving checkpoint to out-novel-char3_LGT723F_3d25ede0cfd080d9e35756b051dcef65
done saving checkpoint to out-novel-char3_LGT723F_3d25ede0cfd080d9e35756b051dcef65
Overriding config with config/train_novel_char3.py:
# train a miniature character-level shakespeare model
# good for debugging and playing on macbooks and such

out_dir = 'out-novel-char3'
eval_interval = 250 # keep frequent because we'll overfit
eval_iters = 200
log_interval = 10 # don't print too too often

# we expect to overfit on this small dataset, so only save when val improves
always_save_checkpoint = False

wandb_log = False # override via command line if you like
wandb_project = 'novel'
wandb_run_name = 'novel'

dataset = 'novel_char3'
gradient_accumulation_steps = 1
# gradient_accumulation_steps = 6
gradient_accumulation_steps = 12
# gradient_accumulation_steps = 24
# gradient_accumulation_steps = 48
# batch_size = 12
batch_size = 2
# batch_size = 1
# block_size = 256 # context of up to 256 previous characters
# block_size = 256 # context of up to 256 previous characters
# block_size = 64 # context of up to 256 previous characters
block_size = 1024 # context of up to 256 previous characters

# baby GPT model :)
n_layer = 6
n_head = 6
n_embd = 384
# n_embd = 182
dropout = 0.2

# learning_rate = 1e-3 # with baby networks can afford to go a bit higher
learning_rate = 1e-4 # with baby networks can afford to go a bit higher

# max_iters = 5000
# lr_decay_iters = 5000 # make equal to max_iters usually

max_iters = 500000
lr_decay_iters = 500000 # make equal to max_iters usually

min_lr = 5e-6 # learning_rate / 10 usually
beta2 = 0.99 # make a bit bigger because number of tokens per iter is small

warmup_iters = 100 # not super necessary potentially

# on macbook also add
# device = 'cpu'  # run on cpu only
# compile = False # do not torch compile the model
# init_from ='resume'


'''
python3 -u sample.py config/train_novel.py --out_dir=out-novel-word_CCM232_c85667cd6eadbcf772d23fa97827c506 --model=CCM232
python3 -u sample.py config/train_novel.py --out_dir=out-novel-word_CCM251_4bfeb7b3e1b9c46a2542bb9406173e22 --model=CCM251
python3 -u sample.py config/train_novel.py --out_dir=out-novel-word_CCM253_01b622029bb00e0dc9206cae3b0ab559 --model=CCM253 
python3 -u sample.py config/train_novel.py --out_dir=out-novel-word_CCM276_01b622029bb00e0dc9206cae3b0ab559 --model=CCM276
python3 -u sample.py config/train_novel.py --out_dir=out-novel-word_CCM278_a97bfe077b316033e3604831d5ad371e --model=CCM278
python3 -u sample.py config/train_novel.py --out_dir=out-novel-word_CCM305_52efa1def80492f81622f536ac701226 --model=CCM305


out-novel-word_CCM276_01b622029bb00e0dc9206cae3b0ab559

'''
#### python3 -u sample.py config/train_novel.py --out_dir=out-novel-word_CCM232_c85667cd6eadbcf772d23fa97827c506 --model=CCM232
Overriding: init_from = resume
Overriding: compile = False
Overriding: model = LGT723F
Overriding: n_layer = 70
Overriding: n_head = 12
Overriding: share_layer = False
Overriding: always_save_checkpoint = True
Overriding: max_iters = 2500999
Overriding: best_val_loss_force = 10.001
Overriding: min_lr = 5e-06
Overriding: dropout = 0.0
Overriding: eval_interval = 50
Overriding: force_resave = 0
Overriding: random_seed = 3
tokens per iteration will be: 24,576
found vocab_size = 73440 (inside data/novel_char3/meta.pkl)
out_dir: out-novel-char3_LGT723F_3d25ede0cfd080d9e35756b051dcef65
Resuming training from out-novel-char3_LGT723F_3d25ede0cfd080d9e35756b051dcef65
WARNING: using slow attention. Flash Attention requires PyTorch >= 2.0
WARNING: using slow attention. Flash Attention requires PyTorch >= 2.0
WARNING: using slow attention. Flash Attention requires PyTorch >= 2.0
WARNING: using slow attention. Flash Attention requires PyTorch >= 2.0
WARNING: using slow attention. Flash Attention requires PyTorch >= 2.0
WARNING: using slow attention. Flash Attention requires PyTorch >= 2.0
WARNING: using slow attention. Flash Attention requires PyTorch >= 2.0
WARNING: using slow attention. Flash Attention requires PyTorch >= 2.0
WARNING: using slow attention. Flash Attention requires PyTorch >= 2.0
WARNING: using slow attention. Flash Attention requires PyTorch >= 2.0
WARNING: using slow attention. Flash Attention requires PyTorch >= 2.0
WARNING: using slow attention. Flash Attention requires PyTorch >= 2.0
WARNING: using slow attention. Flash Attention requires PyTorch >= 2.0
WARNING: using slow attention. Flash Attention requires PyTorch >= 2.0
WARNING: using slow attention. Flash Attention requires PyTorch >= 2.0
WARNING: using slow attention. Flash Attention requires PyTorch >= 2.0
WARNING: using slow attention. Flash Attention requires PyTorch >= 2.0
WARNING: using slow attention. Flash Attention requires PyTorch >= 2.0
WARNING: using slow attention. Flash Attention requires PyTorch >= 2.0
WARNING: using slow attention. Flash Attention requires PyTorch >= 2.0
WARNING: using slow attention. Flash Attention requires PyTorch >= 2.0
WARNING: using slow attention. Flash Attention requires PyTorch >= 2.0
WARNING: using slow attention. Flash Attention requires PyTorch >= 2.0
WARNING: using slow attention. Flash Attention requires PyTorch >= 2.0
WARNING: using slow attention. Flash Attention requires PyTorch >= 2.0
WARNING: using slow attention. Flash Attention requires PyTorch >= 2.0
WARNING: using slow attention. Flash Attention requires PyTorch >= 2.0
WARNING: using slow attention. Flash Attention requires PyTorch >= 2.0
WARNING: using slow attention. Flash Attention requires PyTorch >= 2.0
WARNING: using slow attention. Flash Attention requires PyTorch >= 2.0
WARNING: using slow attention. Flash Attention requires PyTorch >= 2.0
WARNING: using slow attention. Flash Attention requires PyTorch >= 2.0
WARNING: using slow attention. Flash Attention requires PyTorch >= 2.0
WARNING: using slow attention. Flash Attention requires PyTorch >= 2.0
WARNING: using slow attention. Flash Attention requires PyTorch >= 2.0
WARNING: using slow attention. Flash Attention requires PyTorch >= 2.0
WARNING: using slow attention. Flash Attention requires PyTorch >= 2.0
WARNING: using slow attention. Flash Attention requires PyTorch >= 2.0
WARNING: using slow attention. Flash Attention requires PyTorch >= 2.0
WARNING: using slow attention. Flash Attention requires PyTorch >= 2.0
WARNING: using slow attention. Flash Attention requires PyTorch >= 2.0
WARNING: using slow attention. Flash Attention requires PyTorch >= 2.0
WARNING: using slow attention. Flash Attention requires PyTorch >= 2.0
WARNING: using slow attention. Flash Attention requires PyTorch >= 2.0
WARNING: using slow attention. Flash Attention requires PyTorch >= 2.0
WARNING: using slow attention. Flash Attention requires PyTorch >= 2.0
WARNING: using slow attention. Flash Attention requires PyTorch >= 2.0
WARNING: using slow attention. Flash Attention requires PyTorch >= 2.0
WARNING: using slow attention. Flash Attention requires PyTorch >= 2.0
WARNING: using slow attention. Flash Attention requires PyTorch >= 2.0
WARNING: using slow attention. Flash Attention requires PyTorch >= 2.0
WARNING: using slow attention. Flash Attention requires PyTorch >= 2.0
WARNING: using slow attention. Flash Attention requires PyTorch >= 2.0
WARNING: using slow attention. Flash Attention requires PyTorch >= 2.0
WARNING: using slow attention. Flash Attention requires PyTorch >= 2.0
WARNING: using slow attention. Flash Attention requires PyTorch >= 2.0
WARNING: using slow attention. Flash Attention requires PyTorch >= 2.0
WARNING: using slow attention. Flash Attention requires PyTorch >= 2.0
WARNING: using slow attention. Flash Attention requires PyTorch >= 2.0
WARNING: using slow attention. Flash Attention requires PyTorch >= 2.0
WARNING: using slow attention. Flash Attention requires PyTorch >= 2.0
WARNING: using slow attention. Flash Attention requires PyTorch >= 2.0
WARNING: using slow attention. Flash Attention requires PyTorch >= 2.0
WARNING: using slow attention. Flash Attention requires PyTorch >= 2.0
WARNING: using slow attention. Flash Attention requires PyTorch >= 2.0
WARNING: using slow attention. Flash Attention requires PyTorch >= 2.0
WARNING: using slow attention. Flash Attention requires PyTorch >= 2.0
WARNING: using slow attention. Flash Attention requires PyTorch >= 2.0
WARNING: using slow attention. Flash Attention requires PyTorch >= 2.0
WARNING: using slow attention. Flash Attention requires PyTorch >= 2.0
num decayed parameter tensors: 353, with 194,444,544 parameters
num non-decayed parameter tensors: 214, with 41,342,593 parameters
using fused AdamW: True
------average encoder activity 0.117
-----------average decoder density 0.2613
step 5400: train loss 2.7560, val loss 2.7459
saving checkpoint to out-novel-char3_LGT723F_3d25ede0cfd080d9e35756b051dcef65
done saving checkpoint to out-novel-char3_LGT723F_3d25ede0cfd080d9e35756b051dcef65
model:LGT723F iter 5400: loss 2.6004, time 28720.34ms, mfu -100.00%
model:LGT723F iter 5410: loss 2.2029, time 1741.32ms, mfu 7.88%
model:LGT723F iter 5420: loss 2.5656, time 1740.05ms, mfu 7.88%
model:LGT723F iter 5430: loss 2.6660, time 1740.76ms, mfu 7.88%
model:LGT723F iter 5440: loss 2.6190, time 1739.03ms, mfu 7.88%
------average encoder activity 0.117
-----------average decoder density 0.2536
step 5450: train loss 2.7594, val loss 2.7853
saving checkpoint to out-novel-char3_LGT723F_3d25ede0cfd080d9e35756b051dcef65
done saving checkpoint to out-novel-char3_LGT723F_3d25ede0cfd080d9e35756b051dcef65
model:LGT723F iter 5450: loss 2.5990, time 28693.11ms, mfu 7.14%
model:LGT723F iter 5460: loss 2.6717, time 1741.03ms, mfu 7.22%
model:LGT723F iter 5470: loss 2.5416, time 1740.38ms, mfu 7.28%
model:LGT723F iter 5480: loss 2.5760, time 1741.45ms, mfu 7.34%
model:LGT723F iter 5490: loss 2.7318, time 1747.43ms, mfu 7.39%
------average encoder activity 0.115
-----------average decoder density 0.2635
step 5500: train loss 2.7446, val loss 2.7847
saving checkpoint to out-novel-char3_LGT723F_3d25ede0cfd080d9e35756b051dcef65
done saving checkpoint to out-novel-char3_LGT723F_3d25ede0cfd080d9e35756b051dcef65
model:LGT723F iter 5500: loss 2.3074, time 28815.38ms, mfu 6.70%
model:LGT723F iter 5510: loss 2.6034, time 1738.86ms, mfu 6.82%
model:LGT723F iter 5520: loss 2.4787, time 1738.31ms, mfu 6.93%
model:LGT723F iter 5530: loss 2.4169, time 1738.43ms, mfu 7.03%
model:LGT723F iter 5540: loss 2.9330, time 1738.83ms, mfu 7.11%
------average encoder activity 0.114
-----------average decoder density 0.2524
step 5550: train loss 2.7653, val loss 2.7906
saving checkpoint to out-novel-char3_LGT723F_3d25ede0cfd080d9e35756b051dcef65
done saving checkpoint to out-novel-char3_LGT723F_3d25ede0cfd080d9e35756b051dcef65
model:LGT723F iter 5550: loss 2.3873, time 28660.85ms, mfu 6.45%
model:LGT723F iter 5560: loss 2.4902, time 1741.43ms, mfu 6.59%
model:LGT723F iter 5570: loss 2.6282, time 1740.19ms, mfu 6.72%
model:LGT723F iter 5580: loss 2.7847, time 1737.10ms, mfu 6.84%
model:LGT723F iter 5590: loss 2.4421, time 1745.68ms, mfu 6.94%
------average encoder activity 0.115
-----------average decoder density 0.2312
step 5600: train loss 2.7420, val loss 2.7993
saving checkpoint to out-novel-char3_LGT723F_3d25ede0cfd080d9e35756b051dcef65
done saving checkpoint to out-novel-char3_LGT723F_3d25ede0cfd080d9e35756b051dcef65
model:LGT723F iter 5600: loss 2.5718, time 28765.58ms, mfu 6.30%
model:LGT723F iter 5610: loss 2.4453, time 1744.13ms, mfu 6.45%
model:LGT723F iter 5620: loss 2.8519, time 1741.54ms, mfu 6.60%
model:LGT723F iter 5630: loss 2.8992, time 1743.19ms, mfu 6.72%
model:LGT723F iter 5640: loss 2.4135, time 1738.01ms, mfu 6.84%
------average encoder activity 0.112
-----------average decoder density 0.2652
step 5650: train loss 2.7518, val loss 2.7558
saving checkpoint to out-novel-char3_LGT723F_3d25ede0cfd080d9e35756b051dcef65
done saving checkpoint to out-novel-char3_LGT723F_3d25ede0cfd080d9e35756b051dcef65
model:LGT723F iter 5650: loss 2.3509, time 28696.83ms, mfu 6.20%
model:LGT723F iter 5660: loss 2.2206, time 1740.19ms, mfu 6.37%
model:LGT723F iter 5670: loss 2.5289, time 1740.26ms, mfu 6.52%
model:LGT723F iter 5680: loss 2.4846, time 1740.53ms, mfu 6.66%
model:LGT723F iter 5690: loss 2.1154, time 1740.34ms, mfu 6.78%
------average encoder activity 0.112
-----------average decoder density 0.2311
step 5700: train loss 2.7541, val loss 2.8064
saving checkpoint to out-novel-char3_LGT723F_3d25ede0cfd080d9e35756b051dcef65
done saving checkpoint to out-novel-char3_LGT723F_3d25ede0cfd080d9e35756b051dcef65
model:LGT723F iter 5700: loss 2.5017, time 28714.63ms, mfu 6.15%
model:LGT723F iter 5710: loss 2.5239, time 1742.48ms, mfu 6.32%
model:LGT723F iter 5720: loss 2.5750, time 1742.61ms, mfu 6.48%
model:LGT723F iter 5730: loss 2.7584, time 1742.30ms, mfu 6.62%
model:LGT723F iter 5740: loss 2.6128, time 1742.10ms, mfu 6.75%
------average encoder activity 0.112
-----------average decoder density 0.2322
step 5750: train loss 2.7491, val loss 2.7685
saving checkpoint to out-novel-char3_LGT723F_3d25ede0cfd080d9e35756b051dcef65
done saving checkpoint to out-novel-char3_LGT723F_3d25ede0cfd080d9e35756b051dcef65
model:LGT723F iter 5750: loss 2.5507, time 28710.07ms, mfu 6.12%
model:LGT723F iter 5760: loss 2.5523, time 1743.09ms, mfu 6.29%
model:LGT723F iter 5770: loss 2.4254, time 1755.62ms, mfu 6.45%
model:LGT723F iter 5780: loss 2.4996, time 1742.16ms, mfu 6.59%
model:LGT723F iter 5790: loss 2.7399, time 1742.79ms, mfu 6.72%
------average encoder activity 0.112
-----------average decoder density 0.2513
step 5800: train loss 2.7337, val loss 2.7486
saving checkpoint to out-novel-char3_LGT723F_3d25ede0cfd080d9e35756b051dcef65
done saving checkpoint to out-novel-char3_LGT723F_3d25ede0cfd080d9e35756b051dcef65
model:LGT723F iter 5800: loss 2.6536, time 28699.75ms, mfu 6.09%
model:LGT723F iter 5810: loss 2.4391, time 1741.94ms, mfu 6.27%
model:LGT723F iter 5820: loss 2.6143, time 1743.57ms, mfu 6.43%
model:LGT723F iter 5830: loss 2.8858, time 1742.87ms, mfu 6.58%
model:LGT723F iter 5840: loss 2.8409, time 1743.55ms, mfu 6.71%
------average encoder activity 0.113
-----------average decoder density 0.2199
step 5850: train loss 2.7329, val loss 2.7484
saving checkpoint to out-novel-char3_LGT723F_3d25ede0cfd080d9e35756b051dcef65
done saving checkpoint to out-novel-char3_LGT723F_3d25ede0cfd080d9e35756b051dcef65
model:LGT723F iter 5850: loss 2.5357, time 28710.71ms, mfu 6.08%
model:LGT723F iter 5860: loss 2.3850, time 1746.63ms, mfu 6.26%
model:LGT723F iter 5870: loss 2.5414, time 1740.98ms, mfu 6.42%
model:LGT723F iter 5880: loss 2.2994, time 1743.26ms, mfu 6.57%
model:LGT723F iter 5890: loss 2.6925, time 1744.86ms, mfu 6.70%
------average encoder activity 0.113
-----------average decoder density 0.2258
step 5900: train loss 2.7074, val loss 2.7456
saving checkpoint to out-novel-char3_LGT723F_3d25ede0cfd080d9e35756b051dcef65
done saving checkpoint to out-novel-char3_LGT723F_3d25ede0cfd080d9e35756b051dcef65
model:LGT723F iter 5900: loss 2.8344, time 28711.50ms, mfu 6.08%
model:LGT723F iter 5910: loss 2.6984, time 1741.47ms, mfu 6.26%
model:LGT723F iter 5920: loss 2.4123, time 1742.03ms, mfu 6.42%
model:LGT723F iter 5930: loss 2.7045, time 1741.27ms, mfu 6.56%
model:LGT723F iter 5940: loss 2.5709, time 1741.21ms, mfu 6.70%
------average encoder activity 0.114
-----------average decoder density 0.2418
step 5950: train loss 2.6968, val loss 2.7452
saving checkpoint to out-novel-char3_LGT723F_3d25ede0cfd080d9e35756b051dcef65
done saving checkpoint to out-novel-char3_LGT723F_3d25ede0cfd080d9e35756b051dcef65
model:LGT723F iter 5950: loss 2.3800, time 28924.12ms, mfu 6.07%
model:LGT723F iter 5960: loss 2.7210, time 1743.27ms, mfu 6.25%
model:LGT723F iter 5970: loss 2.5612, time 1747.48ms, mfu 6.41%
Overriding config with config/train_novel_char3.py:
# train a miniature character-level shakespeare model
# good for debugging and playing on macbooks and such

out_dir = 'out-novel-char3'
eval_interval = 250 # keep frequent because we'll overfit
eval_iters = 200
log_interval = 10 # don't print too too often

# we expect to overfit on this small dataset, so only save when val improves
always_save_checkpoint = False

wandb_log = False # override via command line if you like
wandb_project = 'novel'
wandb_run_name = 'novel'

dataset = 'novel_char3'
gradient_accumulation_steps = 1
# gradient_accumulation_steps = 6
gradient_accumulation_steps = 12
# gradient_accumulation_steps = 24
# gradient_accumulation_steps = 48
# batch_size = 12
batch_size = 2
# batch_size = 1
# block_size = 256 # context of up to 256 previous characters
# block_size = 256 # context of up to 256 previous characters
# block_size = 64 # context of up to 256 previous characters
block_size = 1024 # context of up to 256 previous characters

# baby GPT model :)
n_layer = 6
n_head = 6
n_embd = 384
# n_embd = 182
dropout = 0.2

# learning_rate = 1e-3 # with baby networks can afford to go a bit higher
learning_rate = 1e-4 # with baby networks can afford to go a bit higher

# max_iters = 5000
# lr_decay_iters = 5000 # make equal to max_iters usually

max_iters = 500000
lr_decay_iters = 500000 # make equal to max_iters usually

min_lr = 5e-6 # learning_rate / 10 usually
beta2 = 0.99 # make a bit bigger because number of tokens per iter is small

warmup_iters = 100 # not super necessary potentially

# on macbook also add
# device = 'cpu'  # run on cpu only
# compile = False # do not torch compile the model
# init_from ='resume'


'''
python3 -u sample.py config/train_novel.py --out_dir=out-novel-word_CCM232_c85667cd6eadbcf772d23fa97827c506 --model=CCM232
python3 -u sample.py config/train_novel.py --out_dir=out-novel-word_CCM251_4bfeb7b3e1b9c46a2542bb9406173e22 --model=CCM251
python3 -u sample.py config/train_novel.py --out_dir=out-novel-word_CCM253_01b622029bb00e0dc9206cae3b0ab559 --model=CCM253 
python3 -u sample.py config/train_novel.py --out_dir=out-novel-word_CCM276_01b622029bb00e0dc9206cae3b0ab559 --model=CCM276
python3 -u sample.py config/train_novel.py --out_dir=out-novel-word_CCM278_a97bfe077b316033e3604831d5ad371e --model=CCM278
python3 -u sample.py config/train_novel.py --out_dir=out-novel-word_CCM305_52efa1def80492f81622f536ac701226 --model=CCM305


out-novel-word_CCM276_01b622029bb00e0dc9206cae3b0ab559

'''
#### python3 -u sample.py config/train_novel.py --out_dir=out-novel-word_CCM232_c85667cd6eadbcf772d23fa97827c506 --model=CCM232
Overriding: init_from = resume
Overriding: compile = False
Overriding: model = LGT723F
Overriding: n_layer = 70
Overriding: n_head = 12
Overriding: share_layer = False
Overriding: always_save_checkpoint = True
Overriding: max_iters = 2500999
Overriding: best_val_loss_force = 10.001
Overriding: min_lr = 5e-06
Overriding: dropout = 0.0
Overriding: eval_interval = 50
Overriding: force_resave = 0
Overriding: random_seed = 3
tokens per iteration will be: 24,576
found vocab_size = 73440 (inside data/novel_char3/meta.pkl)
out_dir: out-novel-char3_LGT723F_3d25ede0cfd080d9e35756b051dcef65
Resuming training from out-novel-char3_LGT723F_3d25ede0cfd080d9e35756b051dcef65
WARNING: using slow attention. Flash Attention requires PyTorch >= 2.0
WARNING: using slow attention. Flash Attention requires PyTorch >= 2.0
WARNING: using slow attention. Flash Attention requires PyTorch >= 2.0
WARNING: using slow attention. Flash Attention requires PyTorch >= 2.0
WARNING: using slow attention. Flash Attention requires PyTorch >= 2.0
WARNING: using slow attention. Flash Attention requires PyTorch >= 2.0
WARNING: using slow attention. Flash Attention requires PyTorch >= 2.0
WARNING: using slow attention. Flash Attention requires PyTorch >= 2.0
WARNING: using slow attention. Flash Attention requires PyTorch >= 2.0
WARNING: using slow attention. Flash Attention requires PyTorch >= 2.0
WARNING: using slow attention. Flash Attention requires PyTorch >= 2.0
WARNING: using slow attention. Flash Attention requires PyTorch >= 2.0
WARNING: using slow attention. Flash Attention requires PyTorch >= 2.0
WARNING: using slow attention. Flash Attention requires PyTorch >= 2.0
WARNING: using slow attention. Flash Attention requires PyTorch >= 2.0
WARNING: using slow attention. Flash Attention requires PyTorch >= 2.0
WARNING: using slow attention. Flash Attention requires PyTorch >= 2.0
WARNING: using slow attention. Flash Attention requires PyTorch >= 2.0
WARNING: using slow attention. Flash Attention requires PyTorch >= 2.0
WARNING: using slow attention. Flash Attention requires PyTorch >= 2.0
WARNING: using slow attention. Flash Attention requires PyTorch >= 2.0
WARNING: using slow attention. Flash Attention requires PyTorch >= 2.0
WARNING: using slow attention. Flash Attention requires PyTorch >= 2.0
WARNING: using slow attention. Flash Attention requires PyTorch >= 2.0
WARNING: using slow attention. Flash Attention requires PyTorch >= 2.0
WARNING: using slow attention. Flash Attention requires PyTorch >= 2.0
WARNING: using slow attention. Flash Attention requires PyTorch >= 2.0
WARNING: using slow attention. Flash Attention requires PyTorch >= 2.0
WARNING: using slow attention. Flash Attention requires PyTorch >= 2.0
WARNING: using slow attention. Flash Attention requires PyTorch >= 2.0
WARNING: using slow attention. Flash Attention requires PyTorch >= 2.0
WARNING: using slow attention. Flash Attention requires PyTorch >= 2.0
WARNING: using slow attention. Flash Attention requires PyTorch >= 2.0
WARNING: using slow attention. Flash Attention requires PyTorch >= 2.0
WARNING: using slow attention. Flash Attention requires PyTorch >= 2.0
WARNING: using slow attention. Flash Attention requires PyTorch >= 2.0
WARNING: using slow attention. Flash Attention requires PyTorch >= 2.0
WARNING: using slow attention. Flash Attention requires PyTorch >= 2.0
WARNING: using slow attention. Flash Attention requires PyTorch >= 2.0
WARNING: using slow attention. Flash Attention requires PyTorch >= 2.0
WARNING: using slow attention. Flash Attention requires PyTorch >= 2.0
WARNING: using slow attention. Flash Attention requires PyTorch >= 2.0
WARNING: using slow attention. Flash Attention requires PyTorch >= 2.0
WARNING: using slow attention. Flash Attention requires PyTorch >= 2.0
WARNING: using slow attention. Flash Attention requires PyTorch >= 2.0
WARNING: using slow attention. Flash Attention requires PyTorch >= 2.0
WARNING: using slow attention. Flash Attention requires PyTorch >= 2.0
WARNING: using slow attention. Flash Attention requires PyTorch >= 2.0
WARNING: using slow attention. Flash Attention requires PyTorch >= 2.0
WARNING: using slow attention. Flash Attention requires PyTorch >= 2.0
WARNING: using slow attention. Flash Attention requires PyTorch >= 2.0
WARNING: using slow attention. Flash Attention requires PyTorch >= 2.0
WARNING: using slow attention. Flash Attention requires PyTorch >= 2.0
WARNING: using slow attention. Flash Attention requires PyTorch >= 2.0
WARNING: using slow attention. Flash Attention requires PyTorch >= 2.0
WARNING: using slow attention. Flash Attention requires PyTorch >= 2.0
WARNING: using slow attention. Flash Attention requires PyTorch >= 2.0
WARNING: using slow attention. Flash Attention requires PyTorch >= 2.0
WARNING: using slow attention. Flash Attention requires PyTorch >= 2.0
WARNING: using slow attention. Flash Attention requires PyTorch >= 2.0
WARNING: using slow attention. Flash Attention requires PyTorch >= 2.0
WARNING: using slow attention. Flash Attention requires PyTorch >= 2.0
WARNING: using slow attention. Flash Attention requires PyTorch >= 2.0
WARNING: using slow attention. Flash Attention requires PyTorch >= 2.0
WARNING: using slow attention. Flash Attention requires PyTorch >= 2.0
WARNING: using slow attention. Flash Attention requires PyTorch >= 2.0
WARNING: using slow attention. Flash Attention requires PyTorch >= 2.0
WARNING: using slow attention. Flash Attention requires PyTorch >= 2.0
WARNING: using slow attention. Flash Attention requires PyTorch >= 2.0
WARNING: using slow attention. Flash Attention requires PyTorch >= 2.0
num decayed parameter tensors: 353, with 194,444,544 parameters
num non-decayed parameter tensors: 214, with 41,342,593 parameters
using fused AdamW: True
------average encoder activity 0.114
-----------average decoder density 0.2443
step 5950: train loss 2.7139, val loss 2.7043
saving checkpoint to out-novel-char3_LGT723F_3d25ede0cfd080d9e35756b051dcef65
done saving checkpoint to out-novel-char3_LGT723F_3d25ede0cfd080d9e35756b051dcef65
model:LGT723F iter 5950: loss 2.5590, time 28683.62ms, mfu -100.00%
model:LGT723F iter 5960: loss 2.1689, time 1739.85ms, mfu 7.89%
model:LGT723F iter 5970: loss 2.5088, time 1740.10ms, mfu 7.89%
model:LGT723F iter 5980: loss 2.5832, time 1740.04ms, mfu 7.89%
model:LGT723F iter 5990: loss 2.5652, time 1739.59ms, mfu 7.89%
------average encoder activity 0.115
-----------average decoder density 0.2347
step 6000: train loss 2.7176, val loss 2.7342
saving checkpoint to out-novel-char3_LGT723F_3d25ede0cfd080d9e35756b051dcef65
done saving checkpoint to out-novel-char3_LGT723F_3d25ede0cfd080d9e35756b051dcef65
model:LGT723F iter 6000: loss 2.5429, time 29152.32ms, mfu 7.15%
model:LGT723F iter 6010: loss 2.5913, time 1742.49ms, mfu 7.22%
model:LGT723F iter 6020: loss 2.4829, time 1742.40ms, mfu 7.29%
model:LGT723F iter 6030: loss 2.5308, time 1740.57ms, mfu 7.35%
model:LGT723F iter 6040: loss 2.6927, time 1739.83ms, mfu 7.40%
------average encoder activity 0.115
-----------average decoder density 0.2452
step 6050: train loss 2.7026, val loss 2.7459
saving checkpoint to out-novel-char3_LGT723F_3d25ede0cfd080d9e35756b051dcef65
done saving checkpoint to out-novel-char3_LGT723F_3d25ede0cfd080d9e35756b051dcef65
model:LGT723F iter 6050: loss 2.2556, time 28888.96ms, mfu 6.71%
model:LGT723F iter 6060: loss 2.5435, time 1740.44ms, mfu 6.82%
model:LGT723F iter 6070: loss 2.4236, time 1740.52ms, mfu 6.93%
model:LGT723F iter 6080: loss 2.3482, time 1739.85ms, mfu 7.03%
model:LGT723F iter 6090: loss 2.8514, time 1740.90ms, mfu 7.11%
------average encoder activity 0.114
-----------average decoder density 0.2330
step 6100: train loss 2.8157, val loss 2.7854
saving checkpoint to out-novel-char3_LGT723F_3d25ede0cfd080d9e35756b051dcef65
done saving checkpoint to out-novel-char3_LGT723F_3d25ede0cfd080d9e35756b051dcef65
model:LGT723F iter 6100: loss 2.3250, time 28983.99ms, mfu 6.45%
model:LGT723F iter 6110: loss 2.4217, time 1743.34ms, mfu 6.59%
model:LGT723F iter 6120: loss 2.5599, time 1743.19ms, mfu 6.72%
model:LGT723F iter 6130: loss 2.7177, time 1740.44ms, mfu 6.84%
model:LGT723F iter 6140: loss 2.4082, time 1741.06ms, mfu 6.94%
------average encoder activity 0.115
-----------average decoder density 0.2153
step 6150: train loss 2.7051, val loss 2.7756
saving checkpoint to out-novel-char3_LGT723F_3d25ede0cfd080d9e35756b051dcef65
done saving checkpoint to out-novel-char3_LGT723F_3d25ede0cfd080d9e35756b051dcef65
model:LGT723F iter 6150: loss 2.4913, time 28805.94ms, mfu 6.29%
model:LGT723F iter 6160: loss 2.3652, time 1740.07ms, mfu 6.45%
model:LGT723F iter 6170: loss 2.7841, time 1740.03ms, mfu 6.60%
model:LGT723F iter 6180: loss 2.8267, time 1740.09ms, mfu 6.73%
model:LGT723F iter 6190: loss 2.3402, time 1739.80ms, mfu 6.84%
------average encoder activity 0.115
-----------average decoder density 0.2411
step 6200: train loss 2.7234, val loss 2.7381
saving checkpoint to out-novel-char3_LGT723F_3d25ede0cfd080d9e35756b051dcef65
done saving checkpoint to out-novel-char3_LGT723F_3d25ede0cfd080d9e35756b051dcef65
model:LGT723F iter 6200: loss 2.3078, time 29058.04ms, mfu 6.21%
Overriding config with config/train_novel_char3.py:
# train a miniature character-level shakespeare model
# good for debugging and playing on macbooks and such

out_dir = 'out-novel-char3'
eval_interval = 250 # keep frequent because we'll overfit
eval_iters = 200
log_interval = 10 # don't print too too often

# we expect to overfit on this small dataset, so only save when val improves
always_save_checkpoint = False

wandb_log = False # override via command line if you like
wandb_project = 'novel'
wandb_run_name = 'novel'

dataset = 'novel_char3'
gradient_accumulation_steps = 1
# gradient_accumulation_steps = 6
gradient_accumulation_steps = 12
# gradient_accumulation_steps = 24
# gradient_accumulation_steps = 48
# batch_size = 12
batch_size = 2
# batch_size = 1
# block_size = 256 # context of up to 256 previous characters
# block_size = 256 # context of up to 256 previous characters
# block_size = 64 # context of up to 256 previous characters
block_size = 1024 # context of up to 256 previous characters

# baby GPT model :)
n_layer = 6
n_head = 6
n_embd = 384
# n_embd = 182
dropout = 0.2

# learning_rate = 1e-3 # with baby networks can afford to go a bit higher
learning_rate = 1e-4 # with baby networks can afford to go a bit higher

# max_iters = 5000
# lr_decay_iters = 5000 # make equal to max_iters usually

max_iters = 500000
lr_decay_iters = 500000 # make equal to max_iters usually

min_lr = 5e-6 # learning_rate / 10 usually
beta2 = 0.99 # make a bit bigger because number of tokens per iter is small

warmup_iters = 100 # not super necessary potentially

# on macbook also add
# device = 'cpu'  # run on cpu only
# compile = False # do not torch compile the model
# init_from ='resume'


'''
python3 -u sample.py config/train_novel.py --out_dir=out-novel-word_CCM232_c85667cd6eadbcf772d23fa97827c506 --model=CCM232
python3 -u sample.py config/train_novel.py --out_dir=out-novel-word_CCM251_4bfeb7b3e1b9c46a2542bb9406173e22 --model=CCM251
python3 -u sample.py config/train_novel.py --out_dir=out-novel-word_CCM253_01b622029bb00e0dc9206cae3b0ab559 --model=CCM253 
python3 -u sample.py config/train_novel.py --out_dir=out-novel-word_CCM276_01b622029bb00e0dc9206cae3b0ab559 --model=CCM276
python3 -u sample.py config/train_novel.py --out_dir=out-novel-word_CCM278_a97bfe077b316033e3604831d5ad371e --model=CCM278
python3 -u sample.py config/train_novel.py --out_dir=out-novel-word_CCM305_52efa1def80492f81622f536ac701226 --model=CCM305


out-novel-word_CCM276_01b622029bb00e0dc9206cae3b0ab559

'''
#### python3 -u sample.py config/train_novel.py --out_dir=out-novel-word_CCM232_c85667cd6eadbcf772d23fa97827c506 --model=CCM232
Overriding: init_from = resume
Overriding: compile = False
Overriding: model = LGT723F
Overriding: n_layer = 70
Overriding: n_head = 12
Overriding: share_layer = False
Overriding: always_save_checkpoint = True
Overriding: max_iters = 2500999
Overriding: best_val_loss_force = 10.001
Overriding: min_lr = 5e-06
Overriding: dropout = 0.0
Overriding: eval_interval = 50
Overriding: force_resave = 0
Overriding: random_seed = 3
tokens per iteration will be: 24,576
found vocab_size = 73440 (inside data/novel_char3/meta.pkl)
out_dir: out-novel-char3_LGT723F_3d25ede0cfd080d9e35756b051dcef65
Resuming training from out-novel-char3_LGT723F_3d25ede0cfd080d9e35756b051dcef65
WARNING: using slow attention. Flash Attention requires PyTorch >= 2.0
WARNING: using slow attention. Flash Attention requires PyTorch >= 2.0
WARNING: using slow attention. Flash Attention requires PyTorch >= 2.0
WARNING: using slow attention. Flash Attention requires PyTorch >= 2.0
WARNING: using slow attention. Flash Attention requires PyTorch >= 2.0
WARNING: using slow attention. Flash Attention requires PyTorch >= 2.0
WARNING: using slow attention. Flash Attention requires PyTorch >= 2.0
WARNING: using slow attention. Flash Attention requires PyTorch >= 2.0
WARNING: using slow attention. Flash Attention requires PyTorch >= 2.0
WARNING: using slow attention. Flash Attention requires PyTorch >= 2.0
WARNING: using slow attention. Flash Attention requires PyTorch >= 2.0
WARNING: using slow attention. Flash Attention requires PyTorch >= 2.0
WARNING: using slow attention. Flash Attention requires PyTorch >= 2.0
WARNING: using slow attention. Flash Attention requires PyTorch >= 2.0
WARNING: using slow attention. Flash Attention requires PyTorch >= 2.0
WARNING: using slow attention. Flash Attention requires PyTorch >= 2.0
WARNING: using slow attention. Flash Attention requires PyTorch >= 2.0
WARNING: using slow attention. Flash Attention requires PyTorch >= 2.0
WARNING: using slow attention. Flash Attention requires PyTorch >= 2.0
WARNING: using slow attention. Flash Attention requires PyTorch >= 2.0
WARNING: using slow attention. Flash Attention requires PyTorch >= 2.0
WARNING: using slow attention. Flash Attention requires PyTorch >= 2.0
WARNING: using slow attention. Flash Attention requires PyTorch >= 2.0
WARNING: using slow attention. Flash Attention requires PyTorch >= 2.0
WARNING: using slow attention. Flash Attention requires PyTorch >= 2.0
WARNING: using slow attention. Flash Attention requires PyTorch >= 2.0
WARNING: using slow attention. Flash Attention requires PyTorch >= 2.0
WARNING: using slow attention. Flash Attention requires PyTorch >= 2.0
WARNING: using slow attention. Flash Attention requires PyTorch >= 2.0
WARNING: using slow attention. Flash Attention requires PyTorch >= 2.0
WARNING: using slow attention. Flash Attention requires PyTorch >= 2.0
WARNING: using slow attention. Flash Attention requires PyTorch >= 2.0
WARNING: using slow attention. Flash Attention requires PyTorch >= 2.0
WARNING: using slow attention. Flash Attention requires PyTorch >= 2.0
WARNING: using slow attention. Flash Attention requires PyTorch >= 2.0
WARNING: using slow attention. Flash Attention requires PyTorch >= 2.0
WARNING: using slow attention. Flash Attention requires PyTorch >= 2.0
WARNING: using slow attention. Flash Attention requires PyTorch >= 2.0
WARNING: using slow attention. Flash Attention requires PyTorch >= 2.0
WARNING: using slow attention. Flash Attention requires PyTorch >= 2.0
WARNING: using slow attention. Flash Attention requires PyTorch >= 2.0
WARNING: using slow attention. Flash Attention requires PyTorch >= 2.0
WARNING: using slow attention. Flash Attention requires PyTorch >= 2.0
WARNING: using slow attention. Flash Attention requires PyTorch >= 2.0
WARNING: using slow attention. Flash Attention requires PyTorch >= 2.0
WARNING: using slow attention. Flash Attention requires PyTorch >= 2.0
WARNING: using slow attention. Flash Attention requires PyTorch >= 2.0
WARNING: using slow attention. Flash Attention requires PyTorch >= 2.0
WARNING: using slow attention. Flash Attention requires PyTorch >= 2.0
WARNING: using slow attention. Flash Attention requires PyTorch >= 2.0
WARNING: using slow attention. Flash Attention requires PyTorch >= 2.0
WARNING: using slow attention. Flash Attention requires PyTorch >= 2.0
WARNING: using slow attention. Flash Attention requires PyTorch >= 2.0
WARNING: using slow attention. Flash Attention requires PyTorch >= 2.0
WARNING: using slow attention. Flash Attention requires PyTorch >= 2.0
WARNING: using slow attention. Flash Attention requires PyTorch >= 2.0
WARNING: using slow attention. Flash Attention requires PyTorch >= 2.0
WARNING: using slow attention. Flash Attention requires PyTorch >= 2.0
WARNING: using slow attention. Flash Attention requires PyTorch >= 2.0
WARNING: using slow attention. Flash Attention requires PyTorch >= 2.0
WARNING: using slow attention. Flash Attention requires PyTorch >= 2.0
WARNING: using slow attention. Flash Attention requires PyTorch >= 2.0
WARNING: using slow attention. Flash Attention requires PyTorch >= 2.0
WARNING: using slow attention. Flash Attention requires PyTorch >= 2.0
WARNING: using slow attention. Flash Attention requires PyTorch >= 2.0
WARNING: using slow attention. Flash Attention requires PyTorch >= 2.0
WARNING: using slow attention. Flash Attention requires PyTorch >= 2.0
WARNING: using slow attention. Flash Attention requires PyTorch >= 2.0
WARNING: using slow attention. Flash Attention requires PyTorch >= 2.0
WARNING: using slow attention. Flash Attention requires PyTorch >= 2.0
num decayed parameter tensors: 353, with 194,444,544 parameters
num non-decayed parameter tensors: 214, with 41,342,593 parameters
using fused AdamW: True
------average encoder activity 0.115
-----------average decoder density 0.2134
step 6200: train loss 2.7293, val loss 2.7292
saving checkpoint to out-novel-char3_LGT723F_3d25ede0cfd080d9e35756b051dcef65
done saving checkpoint to out-novel-char3_LGT723F_3d25ede0cfd080d9e35756b051dcef65
model:LGT723F iter 6200: loss 2.5151, time 28714.34ms, mfu -100.00%
model:LGT723F iter 6210: loss 2.1262, time 1739.80ms, mfu 7.89%
model:LGT723F iter 6220: loss 2.4609, time 1739.70ms, mfu 7.89%
model:LGT723F iter 6230: loss 2.5145, time 1742.06ms, mfu 7.89%
model:LGT723F iter 6240: loss 2.5049, time 1740.71ms, mfu 7.89%
------average encoder activity 0.115
-----------average decoder density 0.2114
step 6250: train loss 2.7348, val loss 2.7530
saving checkpoint to out-novel-char3_LGT723F_3d25ede0cfd080d9e35756b051dcef65
done saving checkpoint to out-novel-char3_LGT723F_3d25ede0cfd080d9e35756b051dcef65
model:LGT723F iter 6250: loss 2.5021, time 29096.84ms, mfu 7.15%
model:LGT723F iter 6260: loss 2.5143, time 1739.74ms, mfu 7.22%
model:LGT723F iter 6270: loss 2.4051, time 1740.92ms, mfu 7.29%
model:LGT723F iter 6280: loss 2.4904, time 1739.88ms, mfu 7.35%
model:LGT723F iter 6290: loss 2.6461, time 1740.12ms, mfu 7.40%
------average encoder activity 0.116
-----------average decoder density 0.2218
step 6300: train loss 2.7011, val loss 2.7499
saving checkpoint to out-novel-char3_LGT723F_3d25ede0cfd080d9e35756b051dcef65
done saving checkpoint to out-novel-char3_LGT723F_3d25ede0cfd080d9e35756b051dcef65
model:LGT723F iter 6300: loss 2.2277, time 28579.86ms, mfu 6.71%
model:LGT723F iter 6310: loss 2.4638, time 1740.26ms, mfu 6.83%
model:LGT723F iter 6320: loss 2.3596, time 1740.50ms, mfu 6.93%
model:LGT723F iter 6330: loss 2.3057, time 1740.37ms, mfu 7.03%
model:LGT723F iter 6340: loss 2.8042, time 1740.89ms, mfu 7.11%
------average encoder activity 0.115
-----------average decoder density 0.2113
step 6350: train loss 2.7398, val loss 2.7713
saving checkpoint to out-novel-char3_LGT723F_3d25ede0cfd080d9e35756b051dcef65
done saving checkpoint to out-novel-char3_LGT723F_3d25ede0cfd080d9e35756b051dcef65
model:LGT723F iter 6350: loss 2.2850, time 28960.77ms, mfu 6.45%
model:LGT723F iter 6360: loss 2.3686, time 1742.81ms, mfu 6.59%
model:LGT723F iter 6370: loss 2.4730, time 1743.43ms, mfu 6.72%
model:LGT723F iter 6380: loss 2.6546, time 1740.62ms, mfu 6.84%
model:LGT723F iter 6390: loss 2.3655, time 1739.43ms, mfu 6.94%
------average encoder activity 0.115
-----------average decoder density 0.2004
step 6400: train loss 2.7141, val loss 2.7929
saving checkpoint to out-novel-char3_LGT723F_3d25ede0cfd080d9e35756b051dcef65
done saving checkpoint to out-novel-char3_LGT723F_3d25ede0cfd080d9e35756b051dcef65
model:LGT723F iter 6400: loss 2.4562, time 28747.02ms, mfu 6.30%
model:LGT723F iter 6410: loss 2.2949, time 1739.68ms, mfu 6.45%
model:LGT723F iter 6420: loss 2.7364, time 1739.37ms, mfu 6.60%
model:LGT723F iter 6430: loss 2.7631, time 1739.49ms, mfu 6.73%
model:LGT723F iter 6440: loss 2.2914, time 1739.71ms, mfu 6.84%
------average encoder activity 0.116
-----------average decoder density 0.2199
step 6450: train loss 2.7345, val loss 2.7532
saving checkpoint to out-novel-char3_LGT723F_3d25ede0cfd080d9e35756b051dcef65
done saving checkpoint to out-novel-char3_LGT723F_3d25ede0cfd080d9e35756b051dcef65
model:LGT723F iter 6450: loss 2.3293, time 29115.53ms, mfu 6.21%
model:LGT723F iter 6460: loss 2.1791, time 1737.28ms, mfu 6.38%
model:LGT723F iter 6470: loss 2.4810, time 1737.78ms, mfu 6.53%
model:LGT723F iter 6480: loss 2.4042, time 1739.45ms, mfu 6.66%
model:LGT723F iter 6490: loss 2.0585, time 1738.57ms, mfu 6.79%
------average encoder activity 0.115
-----------average decoder density 0.2018
step 6500: train loss 2.7179, val loss 2.7728
saving checkpoint to out-novel-char3_LGT723F_3d25ede0cfd080d9e35756b051dcef65
done saving checkpoint to out-novel-char3_LGT723F_3d25ede0cfd080d9e35756b051dcef65
model:LGT723F iter 6500: loss 2.4310, time 28706.78ms, mfu 6.16%
model:LGT723F iter 6510: loss 2.4316, time 1739.54ms, mfu 6.33%
model:LGT723F iter 6520: loss 2.5013, time 1739.65ms, mfu 6.49%
model:LGT723F iter 6530: loss 2.6681, time 1739.92ms, mfu 6.63%
model:LGT723F iter 6540: loss 2.5035, time 1739.86ms, mfu 6.75%
------average encoder activity 0.115
-----------average decoder density 0.2057
step 6550: train loss 2.7106, val loss 2.7383
saving checkpoint to out-novel-char3_LGT723F_3d25ede0cfd080d9e35756b051dcef65
done saving checkpoint to out-novel-char3_LGT723F_3d25ede0cfd080d9e35756b051dcef65
model:LGT723F iter 6550: loss 2.4713, time 29253.16ms, mfu 6.12%
model:LGT723F iter 6560: loss 2.5003, time 1740.44ms, mfu 6.30%
model:LGT723F iter 6570: loss 2.3757, time 1739.10ms, mfu 6.46%
model:LGT723F iter 6580: loss 2.3795, time 1737.86ms, mfu 6.60%
model:LGT723F iter 6590: loss 2.6566, time 1737.39ms, mfu 6.73%
------average encoder activity 0.115
-----------average decoder density 0.2182
step 6600: train loss 2.6941, val loss 2.7140
saving checkpoint to out-novel-char3_LGT723F_3d25ede0cfd080d9e35756b051dcef65
done saving checkpoint to out-novel-char3_LGT723F_3d25ede0cfd080d9e35756b051dcef65
model:LGT723F iter 6600: loss 2.5760, time 28635.73ms, mfu 6.11%
model:LGT723F iter 6610: loss 2.3879, time 1740.51ms, mfu 6.28%
model:LGT723F iter 6620: loss 2.5686, time 1741.24ms, mfu 6.44%
Overriding config with config/train_novel_char3.py:
# train a miniature character-level shakespeare model
# good for debugging and playing on macbooks and such

out_dir = 'out-novel-char3'
eval_interval = 250 # keep frequent because we'll overfit
eval_iters = 200
log_interval = 10 # don't print too too often

# we expect to overfit on this small dataset, so only save when val improves
always_save_checkpoint = False

wandb_log = False # override via command line if you like
wandb_project = 'novel'
wandb_run_name = 'novel'

dataset = 'novel_char3'
gradient_accumulation_steps = 1
# gradient_accumulation_steps = 6
gradient_accumulation_steps = 12
# gradient_accumulation_steps = 24
# gradient_accumulation_steps = 48
# batch_size = 12
batch_size = 2
# batch_size = 1
# block_size = 256 # context of up to 256 previous characters
# block_size = 256 # context of up to 256 previous characters
# block_size = 64 # context of up to 256 previous characters
block_size = 1024 # context of up to 256 previous characters

# baby GPT model :)
n_layer = 6
n_head = 6
n_embd = 384
# n_embd = 182
dropout = 0.2

# learning_rate = 1e-3 # with baby networks can afford to go a bit higher
learning_rate = 1e-4 # with baby networks can afford to go a bit higher

# max_iters = 5000
# lr_decay_iters = 5000 # make equal to max_iters usually

max_iters = 500000
lr_decay_iters = 500000 # make equal to max_iters usually

min_lr = 5e-6 # learning_rate / 10 usually
beta2 = 0.99 # make a bit bigger because number of tokens per iter is small

warmup_iters = 100 # not super necessary potentially

# on macbook also add
# device = 'cpu'  # run on cpu only
# compile = False # do not torch compile the model
# init_from ='resume'


'''
python3 -u sample.py config/train_novel.py --out_dir=out-novel-word_CCM232_c85667cd6eadbcf772d23fa97827c506 --model=CCM232
python3 -u sample.py config/train_novel.py --out_dir=out-novel-word_CCM251_4bfeb7b3e1b9c46a2542bb9406173e22 --model=CCM251
python3 -u sample.py config/train_novel.py --out_dir=out-novel-word_CCM253_01b622029bb00e0dc9206cae3b0ab559 --model=CCM253 
python3 -u sample.py config/train_novel.py --out_dir=out-novel-word_CCM276_01b622029bb00e0dc9206cae3b0ab559 --model=CCM276
python3 -u sample.py config/train_novel.py --out_dir=out-novel-word_CCM278_a97bfe077b316033e3604831d5ad371e --model=CCM278
python3 -u sample.py config/train_novel.py --out_dir=out-novel-word_CCM305_52efa1def80492f81622f536ac701226 --model=CCM305


out-novel-word_CCM276_01b622029bb00e0dc9206cae3b0ab559

'''
#### python3 -u sample.py config/train_novel.py --out_dir=out-novel-word_CCM232_c85667cd6eadbcf772d23fa97827c506 --model=CCM232
Overriding: init_from = resume
Overriding: compile = False
Overriding: model = LGT723F
Overriding: n_layer = 70
Overriding: n_head = 12
Overriding: share_layer = False
Overriding: always_save_checkpoint = True
Overriding: max_iters = 2500999
Overriding: best_val_loss_force = 10.001
Overriding: min_lr = 5e-06
Overriding: dropout = 0.0
Overriding: eval_interval = 50
Overriding: force_resave = 0
Overriding: random_seed = 3
tokens per iteration will be: 24,576
found vocab_size = 73440 (inside data/novel_char3/meta.pkl)
out_dir: out-novel-char3_LGT723F_3d25ede0cfd080d9e35756b051dcef65
Resuming training from out-novel-char3_LGT723F_3d25ede0cfd080d9e35756b051dcef65
WARNING: using slow attention. Flash Attention requires PyTorch >= 2.0
WARNING: using slow attention. Flash Attention requires PyTorch >= 2.0
WARNING: using slow attention. Flash Attention requires PyTorch >= 2.0
WARNING: using slow attention. Flash Attention requires PyTorch >= 2.0
WARNING: using slow attention. Flash Attention requires PyTorch >= 2.0
WARNING: using slow attention. Flash Attention requires PyTorch >= 2.0
WARNING: using slow attention. Flash Attention requires PyTorch >= 2.0
WARNING: using slow attention. Flash Attention requires PyTorch >= 2.0
WARNING: using slow attention. Flash Attention requires PyTorch >= 2.0
WARNING: using slow attention. Flash Attention requires PyTorch >= 2.0
WARNING: using slow attention. Flash Attention requires PyTorch >= 2.0
WARNING: using slow attention. Flash Attention requires PyTorch >= 2.0
WARNING: using slow attention. Flash Attention requires PyTorch >= 2.0
WARNING: using slow attention. Flash Attention requires PyTorch >= 2.0
WARNING: using slow attention. Flash Attention requires PyTorch >= 2.0
WARNING: using slow attention. Flash Attention requires PyTorch >= 2.0
WARNING: using slow attention. Flash Attention requires PyTorch >= 2.0
WARNING: using slow attention. Flash Attention requires PyTorch >= 2.0
WARNING: using slow attention. Flash Attention requires PyTorch >= 2.0
WARNING: using slow attention. Flash Attention requires PyTorch >= 2.0
WARNING: using slow attention. Flash Attention requires PyTorch >= 2.0
WARNING: using slow attention. Flash Attention requires PyTorch >= 2.0
WARNING: using slow attention. Flash Attention requires PyTorch >= 2.0
WARNING: using slow attention. Flash Attention requires PyTorch >= 2.0
WARNING: using slow attention. Flash Attention requires PyTorch >= 2.0
WARNING: using slow attention. Flash Attention requires PyTorch >= 2.0
WARNING: using slow attention. Flash Attention requires PyTorch >= 2.0
WARNING: using slow attention. Flash Attention requires PyTorch >= 2.0
WARNING: using slow attention. Flash Attention requires PyTorch >= 2.0
WARNING: using slow attention. Flash Attention requires PyTorch >= 2.0
WARNING: using slow attention. Flash Attention requires PyTorch >= 2.0
WARNING: using slow attention. Flash Attention requires PyTorch >= 2.0
WARNING: using slow attention. Flash Attention requires PyTorch >= 2.0
WARNING: using slow attention. Flash Attention requires PyTorch >= 2.0
WARNING: using slow attention. Flash Attention requires PyTorch >= 2.0
WARNING: using slow attention. Flash Attention requires PyTorch >= 2.0
WARNING: using slow attention. Flash Attention requires PyTorch >= 2.0
WARNING: using slow attention. Flash Attention requires PyTorch >= 2.0
WARNING: using slow attention. Flash Attention requires PyTorch >= 2.0
WARNING: using slow attention. Flash Attention requires PyTorch >= 2.0
WARNING: using slow attention. Flash Attention requires PyTorch >= 2.0
WARNING: using slow attention. Flash Attention requires PyTorch >= 2.0
WARNING: using slow attention. Flash Attention requires PyTorch >= 2.0
WARNING: using slow attention. Flash Attention requires PyTorch >= 2.0
WARNING: using slow attention. Flash Attention requires PyTorch >= 2.0
WARNING: using slow attention. Flash Attention requires PyTorch >= 2.0
WARNING: using slow attention. Flash Attention requires PyTorch >= 2.0
WARNING: using slow attention. Flash Attention requires PyTorch >= 2.0
WARNING: using slow attention. Flash Attention requires PyTorch >= 2.0
WARNING: using slow attention. Flash Attention requires PyTorch >= 2.0
WARNING: using slow attention. Flash Attention requires PyTorch >= 2.0
WARNING: using slow attention. Flash Attention requires PyTorch >= 2.0
WARNING: using slow attention. Flash Attention requires PyTorch >= 2.0
WARNING: using slow attention. Flash Attention requires PyTorch >= 2.0
WARNING: using slow attention. Flash Attention requires PyTorch >= 2.0
WARNING: using slow attention. Flash Attention requires PyTorch >= 2.0
WARNING: using slow attention. Flash Attention requires PyTorch >= 2.0
WARNING: using slow attention. Flash Attention requires PyTorch >= 2.0
WARNING: using slow attention. Flash Attention requires PyTorch >= 2.0
WARNING: using slow attention. Flash Attention requires PyTorch >= 2.0
WARNING: using slow attention. Flash Attention requires PyTorch >= 2.0
WARNING: using slow attention. Flash Attention requires PyTorch >= 2.0
WARNING: using slow attention. Flash Attention requires PyTorch >= 2.0
WARNING: using slow attention. Flash Attention requires PyTorch >= 2.0
WARNING: using slow attention. Flash Attention requires PyTorch >= 2.0
WARNING: using slow attention. Flash Attention requires PyTorch >= 2.0
WARNING: using slow attention. Flash Attention requires PyTorch >= 2.0
WARNING: using slow attention. Flash Attention requires PyTorch >= 2.0
WARNING: using slow attention. Flash Attention requires PyTorch >= 2.0
WARNING: using slow attention. Flash Attention requires PyTorch >= 2.0
num decayed parameter tensors: 353, with 194,444,544 parameters
num non-decayed parameter tensors: 214, with 41,342,593 parameters
using fused AdamW: True
------average encoder activity 0.115
-----------average decoder density 0.2016
step 6600: train loss 2.7038, val loss 2.7118
saving checkpoint to out-novel-char3_LGT723F_3d25ede0cfd080d9e35756b051dcef65
done saving checkpoint to out-novel-char3_LGT723F_3d25ede0cfd080d9e35756b051dcef65
model:LGT723F iter 6600: loss 2.4833, time 28976.59ms, mfu -100.00%
model:LGT723F iter 6610: loss 2.0866, time 1746.38ms, mfu 7.86%
model:LGT723F iter 6620: loss 2.3938, time 1740.18ms, mfu 7.86%
model:LGT723F iter 6630: loss 2.4789, time 1739.72ms, mfu 7.86%
model:LGT723F iter 6640: loss 2.4792, time 1740.23ms, mfu 7.87%
------average encoder activity 0.114
-----------average decoder density 0.1995
step 6650: train loss 2.7155, val loss 2.7396
saving checkpoint to out-novel-char3_LGT723F_3d25ede0cfd080d9e35756b051dcef65
done saving checkpoint to out-novel-char3_LGT723F_3d25ede0cfd080d9e35756b051dcef65
model:LGT723F iter 6650: loss 2.4663, time 28769.58ms, mfu 7.13%
model:LGT723F iter 6660: loss 2.4482, time 1740.59ms, mfu 7.20%
model:LGT723F iter 6670: loss 2.3539, time 1741.22ms, mfu 7.27%
model:LGT723F iter 6680: loss 2.4457, time 1740.74ms, mfu 7.33%
model:LGT723F iter 6690: loss 2.5947, time 1740.25ms, mfu 7.39%
------average encoder activity 0.116
-----------average decoder density 0.2054
step 6700: train loss 2.6916, val loss 2.7482
saving checkpoint to out-novel-char3_LGT723F_3d25ede0cfd080d9e35756b051dcef65
done saving checkpoint to out-novel-char3_LGT723F_3d25ede0cfd080d9e35756b051dcef65
model:LGT723F iter 6700: loss 2.1821, time 29166.77ms, mfu 6.70%
model:LGT723F iter 6710: loss 2.4036, time 1741.22ms, mfu 6.81%
model:LGT723F iter 6720: loss 2.2705, time 1740.58ms, mfu 6.92%
model:LGT723F iter 6730: loss 2.2383, time 1739.76ms, mfu 7.02%
model:LGT723F iter 6740: loss 2.7609, time 1736.67ms, mfu 7.11%
------average encoder activity 0.116
-----------average decoder density 0.1960
step 6750: train loss 2.7295, val loss 2.7660
saving checkpoint to out-novel-char3_LGT723F_3d25ede0cfd080d9e35756b051dcef65
done saving checkpoint to out-novel-char3_LGT723F_3d25ede0cfd080d9e35756b051dcef65
model:LGT723F iter 6750: loss 2.2397, time 28730.09ms, mfu 6.44%
model:LGT723F iter 6760: loss 2.2906, time 1738.31ms, mfu 6.59%
model:LGT723F iter 6770: loss 2.4012, time 1737.12ms, mfu 6.72%
model:LGT723F iter 6780: loss 2.6052, time 1737.78ms, mfu 6.84%
model:LGT723F iter 6790: loss 2.3375, time 1738.73ms, mfu 6.94%
------average encoder activity 0.115
-----------average decoder density 0.1890
step 6800: train loss 2.6883, val loss 2.7630
saving checkpoint to out-novel-char3_LGT723F_3d25ede0cfd080d9e35756b051dcef65
done saving checkpoint to out-novel-char3_LGT723F_3d25ede0cfd080d9e35756b051dcef65
model:LGT723F iter 6800: loss 2.3883, time 28794.32ms, mfu 6.30%
model:LGT723F iter 6810: loss 2.2278, time 1737.61ms, mfu 6.46%
model:LGT723F iter 6820: loss 2.7028, time 1738.06ms, mfu 6.60%
model:LGT723F iter 6830: loss 2.7148, time 1737.61ms, mfu 6.73%
model:LGT723F iter 6840: loss 2.2345, time 1738.68ms, mfu 6.85%
------average encoder activity 0.117
-----------average decoder density 0.2051
step 6850: train loss 2.7349, val loss 2.7591
saving checkpoint to out-novel-char3_LGT723F_3d25ede0cfd080d9e35756b051dcef65
done saving checkpoint to out-novel-char3_LGT723F_3d25ede0cfd080d9e35756b051dcef65
model:LGT723F iter 6850: loss 2.2434, time 28787.64ms, mfu 6.21%
model:LGT723F iter 6860: loss 2.1308, time 1737.80ms, mfu 6.38%
model:LGT723F iter 6870: loss 2.4164, time 1740.35ms, mfu 6.53%
model:LGT723F iter 6880: loss 2.3367, time 1739.09ms, mfu 6.67%
model:LGT723F iter 6890: loss 1.9822, time 1738.76ms, mfu 6.79%
------average encoder activity 0.116
-----------average decoder density 0.1863
step 6900: train loss 2.7004, val loss 2.7733
saving checkpoint to out-novel-char3_LGT723F_3d25ede0cfd080d9e35756b051dcef65
done saving checkpoint to out-novel-char3_LGT723F_3d25ede0cfd080d9e35756b051dcef65
model:LGT723F iter 6900: loss 2.3698, time 28760.24ms, mfu 6.16%
model:LGT723F iter 6910: loss 2.3426, time 1737.26ms, mfu 6.33%
model:LGT723F iter 6920: loss 2.4163, time 1737.50ms, mfu 6.49%
model:LGT723F iter 6930: loss 2.5882, time 1740.93ms, mfu 6.63%
model:LGT723F iter 6940: loss 2.4144, time 1741.75ms, mfu 6.75%
------average encoder activity 0.117
-----------average decoder density 0.1938
step 6950: train loss 2.6913, val loss 2.7224
saving checkpoint to out-novel-char3_LGT723F_3d25ede0cfd080d9e35756b051dcef65
done saving checkpoint to out-novel-char3_LGT723F_3d25ede0cfd080d9e35756b051dcef65
model:LGT723F iter 6950: loss 2.3952, time 29056.25ms, mfu 6.12%
model:LGT723F iter 6960: loss 2.4248, time 1740.75ms, mfu 6.30%
model:LGT723F iter 6970: loss 2.3060, time 1740.59ms, mfu 6.46%
model:LGT723F iter 6980: loss 2.2510, time 1740.79ms, mfu 6.60%
model:LGT723F iter 6990: loss 2.5574, time 1740.96ms, mfu 6.73%
------average encoder activity 0.116
-----------average decoder density 0.2023
step 7000: train loss 2.6850, val loss 2.7051
saving checkpoint to out-novel-char3_LGT723F_3d25ede0cfd080d9e35756b051dcef65
done saving checkpoint to out-novel-char3_LGT723F_3d25ede0cfd080d9e35756b051dcef65
model:LGT723F iter 7000: loss 2.5910, time 28712.27ms, mfu 6.10%
Overriding config with config/train_novel_char3.py:
# train a miniature character-level shakespeare model
# good for debugging and playing on macbooks and such

out_dir = 'out-novel-char3'
eval_interval = 250 # keep frequent because we'll overfit
eval_iters = 200
log_interval = 10 # don't print too too often

# we expect to overfit on this small dataset, so only save when val improves
always_save_checkpoint = False

wandb_log = False # override via command line if you like
wandb_project = 'novel'
wandb_run_name = 'novel'

dataset = 'novel_char3'
gradient_accumulation_steps = 1
# gradient_accumulation_steps = 6
gradient_accumulation_steps = 12
# gradient_accumulation_steps = 24
# gradient_accumulation_steps = 48
# batch_size = 12
batch_size = 2
# batch_size = 1
# block_size = 256 # context of up to 256 previous characters
# block_size = 256 # context of up to 256 previous characters
# block_size = 64 # context of up to 256 previous characters
block_size = 1024 # context of up to 256 previous characters

# baby GPT model :)
n_layer = 6
n_head = 6
n_embd = 384
# n_embd = 182
dropout = 0.2

# learning_rate = 1e-3 # with baby networks can afford to go a bit higher
learning_rate = 1e-4 # with baby networks can afford to go a bit higher

# max_iters = 5000
# lr_decay_iters = 5000 # make equal to max_iters usually

max_iters = 500000
lr_decay_iters = 500000 # make equal to max_iters usually

min_lr = 5e-6 # learning_rate / 10 usually
beta2 = 0.99 # make a bit bigger because number of tokens per iter is small

warmup_iters = 100 # not super necessary potentially

# on macbook also add
# device = 'cpu'  # run on cpu only
# compile = False # do not torch compile the model
# init_from ='resume'


'''
python3 -u sample.py config/train_novel.py --out_dir=out-novel-word_CCM232_c85667cd6eadbcf772d23fa97827c506 --model=CCM232
python3 -u sample.py config/train_novel.py --out_dir=out-novel-word_CCM251_4bfeb7b3e1b9c46a2542bb9406173e22 --model=CCM251
python3 -u sample.py config/train_novel.py --out_dir=out-novel-word_CCM253_01b622029bb00e0dc9206cae3b0ab559 --model=CCM253 
python3 -u sample.py config/train_novel.py --out_dir=out-novel-word_CCM276_01b622029bb00e0dc9206cae3b0ab559 --model=CCM276
python3 -u sample.py config/train_novel.py --out_dir=out-novel-word_CCM278_a97bfe077b316033e3604831d5ad371e --model=CCM278
python3 -u sample.py config/train_novel.py --out_dir=out-novel-word_CCM305_52efa1def80492f81622f536ac701226 --model=CCM305


out-novel-word_CCM276_01b622029bb00e0dc9206cae3b0ab559

'''
#### python3 -u sample.py config/train_novel.py --out_dir=out-novel-word_CCM232_c85667cd6eadbcf772d23fa97827c506 --model=CCM232
Overriding: init_from = resume
Overriding: compile = False
Overriding: model = LGT723F
Overriding: n_layer = 70
Overriding: n_head = 12
Overriding: share_layer = False
Overriding: always_save_checkpoint = True
Overriding: max_iters = 2500999
Overriding: best_val_loss_force = 10.001
Overriding: min_lr = 5e-06
Overriding: dropout = 0.0
Overriding: eval_interval = 50
Overriding: force_resave = 0
Overriding: random_seed = 3
tokens per iteration will be: 24,576
found vocab_size = 73440 (inside data/novel_char3/meta.pkl)
out_dir: out-novel-char3_LGT723F_3d25ede0cfd080d9e35756b051dcef65
Resuming training from out-novel-char3_LGT723F_3d25ede0cfd080d9e35756b051dcef65
WARNING: using slow attention. Flash Attention requires PyTorch >= 2.0
WARNING: using slow attention. Flash Attention requires PyTorch >= 2.0
WARNING: using slow attention. Flash Attention requires PyTorch >= 2.0
WARNING: using slow attention. Flash Attention requires PyTorch >= 2.0
WARNING: using slow attention. Flash Attention requires PyTorch >= 2.0
WARNING: using slow attention. Flash Attention requires PyTorch >= 2.0
WARNING: using slow attention. Flash Attention requires PyTorch >= 2.0
WARNING: using slow attention. Flash Attention requires PyTorch >= 2.0
WARNING: using slow attention. Flash Attention requires PyTorch >= 2.0
WARNING: using slow attention. Flash Attention requires PyTorch >= 2.0
WARNING: using slow attention. Flash Attention requires PyTorch >= 2.0
WARNING: using slow attention. Flash Attention requires PyTorch >= 2.0
WARNING: using slow attention. Flash Attention requires PyTorch >= 2.0
WARNING: using slow attention. Flash Attention requires PyTorch >= 2.0
WARNING: using slow attention. Flash Attention requires PyTorch >= 2.0
WARNING: using slow attention. Flash Attention requires PyTorch >= 2.0
WARNING: using slow attention. Flash Attention requires PyTorch >= 2.0
WARNING: using slow attention. Flash Attention requires PyTorch >= 2.0
WARNING: using slow attention. Flash Attention requires PyTorch >= 2.0
WARNING: using slow attention. Flash Attention requires PyTorch >= 2.0
WARNING: using slow attention. Flash Attention requires PyTorch >= 2.0
WARNING: using slow attention. Flash Attention requires PyTorch >= 2.0
WARNING: using slow attention. Flash Attention requires PyTorch >= 2.0
WARNING: using slow attention. Flash Attention requires PyTorch >= 2.0
WARNING: using slow attention. Flash Attention requires PyTorch >= 2.0
WARNING: using slow attention. Flash Attention requires PyTorch >= 2.0
WARNING: using slow attention. Flash Attention requires PyTorch >= 2.0
WARNING: using slow attention. Flash Attention requires PyTorch >= 2.0
WARNING: using slow attention. Flash Attention requires PyTorch >= 2.0
WARNING: using slow attention. Flash Attention requires PyTorch >= 2.0
WARNING: using slow attention. Flash Attention requires PyTorch >= 2.0
WARNING: using slow attention. Flash Attention requires PyTorch >= 2.0
WARNING: using slow attention. Flash Attention requires PyTorch >= 2.0
WARNING: using slow attention. Flash Attention requires PyTorch >= 2.0
WARNING: using slow attention. Flash Attention requires PyTorch >= 2.0
WARNING: using slow attention. Flash Attention requires PyTorch >= 2.0
WARNING: using slow attention. Flash Attention requires PyTorch >= 2.0
WARNING: using slow attention. Flash Attention requires PyTorch >= 2.0
WARNING: using slow attention. Flash Attention requires PyTorch >= 2.0
WARNING: using slow attention. Flash Attention requires PyTorch >= 2.0
WARNING: using slow attention. Flash Attention requires PyTorch >= 2.0
WARNING: using slow attention. Flash Attention requires PyTorch >= 2.0
WARNING: using slow attention. Flash Attention requires PyTorch >= 2.0
WARNING: using slow attention. Flash Attention requires PyTorch >= 2.0
WARNING: using slow attention. Flash Attention requires PyTorch >= 2.0
WARNING: using slow attention. Flash Attention requires PyTorch >= 2.0
WARNING: using slow attention. Flash Attention requires PyTorch >= 2.0
WARNING: using slow attention. Flash Attention requires PyTorch >= 2.0
WARNING: using slow attention. Flash Attention requires PyTorch >= 2.0
WARNING: using slow attention. Flash Attention requires PyTorch >= 2.0
WARNING: using slow attention. Flash Attention requires PyTorch >= 2.0
WARNING: using slow attention. Flash Attention requires PyTorch >= 2.0
WARNING: using slow attention. Flash Attention requires PyTorch >= 2.0
WARNING: using slow attention. Flash Attention requires PyTorch >= 2.0
WARNING: using slow attention. Flash Attention requires PyTorch >= 2.0
WARNING: using slow attention. Flash Attention requires PyTorch >= 2.0
WARNING: using slow attention. Flash Attention requires PyTorch >= 2.0
WARNING: using slow attention. Flash Attention requires PyTorch >= 2.0
WARNING: using slow attention. Flash Attention requires PyTorch >= 2.0
WARNING: using slow attention. Flash Attention requires PyTorch >= 2.0
WARNING: using slow attention. Flash Attention requires PyTorch >= 2.0
WARNING: using slow attention. Flash Attention requires PyTorch >= 2.0
WARNING: using slow attention. Flash Attention requires PyTorch >= 2.0
WARNING: using slow attention. Flash Attention requires PyTorch >= 2.0
WARNING: using slow attention. Flash Attention requires PyTorch >= 2.0
WARNING: using slow attention. Flash Attention requires PyTorch >= 2.0
WARNING: using slow attention. Flash Attention requires PyTorch >= 2.0
WARNING: using slow attention. Flash Attention requires PyTorch >= 2.0
WARNING: using slow attention. Flash Attention requires PyTorch >= 2.0
WARNING: using slow attention. Flash Attention requires PyTorch >= 2.0
num decayed parameter tensors: 353, with 194,444,544 parameters
num non-decayed parameter tensors: 214, with 41,342,593 parameters
using fused AdamW: True
------average encoder activity 0.116
-----------average decoder density 0.1880
step 7000: train loss 2.6959, val loss 2.7021
saving checkpoint to out-novel-char3_LGT723F_3d25ede0cfd080d9e35756b051dcef65
done saving checkpoint to out-novel-char3_LGT723F_3d25ede0cfd080d9e35756b051dcef65
model:LGT723F iter 7000: loss 2.4246, time 28614.56ms, mfu -100.00%
model:LGT723F iter 7010: loss 2.0459, time 1745.50ms, mfu 7.86%
model:LGT723F iter 7020: loss 2.3454, time 1746.46ms, mfu 7.86%
model:LGT723F iter 7030: loss 2.4231, time 1747.94ms, mfu 7.86%
model:LGT723F iter 7040: loss 2.4428, time 1748.80ms, mfu 7.86%
------average encoder activity 0.116
-----------average decoder density 0.1850
step 7050: train loss 2.7036, val loss 2.7396
saving checkpoint to out-novel-char3_LGT723F_3d25ede0cfd080d9e35756b051dcef65
done saving checkpoint to out-novel-char3_LGT723F_3d25ede0cfd080d9e35756b051dcef65
model:LGT723F iter 7050: loss 2.4106, time 28720.96ms, mfu 7.12%
model:LGT723F iter 7060: loss 2.3841, time 1745.69ms, mfu 7.20%
model:LGT723F iter 7070: loss 2.3054, time 1745.92ms, mfu 7.26%
model:LGT723F iter 7080: loss 2.4060, time 1745.26ms, mfu 7.32%
model:LGT723F iter 7090: loss 2.5655, time 1745.56ms, mfu 7.38%
------average encoder activity 0.117
-----------average decoder density 0.1938
step 7100: train loss 2.6900, val loss 2.7501
saving checkpoint to out-novel-char3_LGT723F_3d25ede0cfd080d9e35756b051dcef65
done saving checkpoint to out-novel-char3_LGT723F_3d25ede0cfd080d9e35756b051dcef65
model:LGT723F iter 7100: loss 2.1406, time 28690.80ms, mfu 6.69%
model:LGT723F iter 7110: loss 2.3631, time 1745.01ms, mfu 6.80%
model:LGT723F iter 7120: loss 2.2187, time 1745.61ms, mfu 6.91%
model:LGT723F iter 7130: loss 2.2014, time 1754.02ms, mfu 7.00%
model:LGT723F iter 7140: loss 2.7306, time 1750.48ms, mfu 7.09%
------average encoder activity 0.117
-----------average decoder density 0.1860
step 7150: train loss 2.7039, val loss 2.7380
saving checkpoint to out-novel-char3_LGT723F_3d25ede0cfd080d9e35756b051dcef65
done saving checkpoint to out-novel-char3_LGT723F_3d25ede0cfd080d9e35756b051dcef65
model:LGT723F iter 7150: loss 2.1720, time 28983.09ms, mfu 6.42%
model:LGT723F iter 7160: loss 2.2358, time 1745.38ms, mfu 6.57%
model:LGT723F iter 7170: loss 2.3491, time 1745.05ms, mfu 6.70%
model:LGT723F iter 7180: loss 2.5555, time 1743.10ms, mfu 6.82%
model:LGT723F iter 7190: loss 2.2979, time 1745.24ms, mfu 6.92%
------average encoder activity 0.117
-----------average decoder density 0.1780
step 7200: train loss 2.6665, val loss 2.7381
saving checkpoint to out-novel-char3_LGT723F_3d25ede0cfd080d9e35756b051dcef65
done saving checkpoint to out-novel-char3_LGT723F_3d25ede0cfd080d9e35756b051dcef65
model:LGT723F iter 7200: loss 2.3144, time 28868.62ms, mfu 6.28%
model:LGT723F iter 7210: loss 2.1894, time 1745.83ms, mfu 6.43%
model:LGT723F iter 7220: loss 2.6523, time 1746.37ms, mfu 6.58%
model:LGT723F iter 7230: loss 2.6615, time 1752.71ms, mfu 6.70%
model:LGT723F iter 7240: loss 2.1869, time 1751.71ms, mfu 6.82%
------average encoder activity 0.116
-----------average decoder density 0.1915
step 7250: train loss 2.7187, val loss 2.7453
saving checkpoint to out-novel-char3_LGT723F_3d25ede0cfd080d9e35756b051dcef65
done saving checkpoint to out-novel-char3_LGT723F_3d25ede0cfd080d9e35756b051dcef65
model:LGT723F iter 7250: loss 2.2041, time 28885.29ms, mfu 6.18%
model:LGT723F iter 7260: loss 2.0898, time 1743.26ms, mfu 6.35%
model:LGT723F iter 7270: loss 2.3332, time 1742.63ms, mfu 6.50%
model:LGT723F iter 7280: loss 2.2705, time 1743.17ms, mfu 6.64%
model:LGT723F iter 7290: loss 1.9181, time 1742.67ms, mfu 6.76%
------average encoder activity 0.116
-----------average decoder density 0.1761
step 7300: train loss 2.7125, val loss 2.7656
saving checkpoint to out-novel-char3_LGT723F_3d25ede0cfd080d9e35756b051dcef65
done saving checkpoint to out-novel-char3_LGT723F_3d25ede0cfd080d9e35756b051dcef65
model:LGT723F iter 7300: loss 2.2998, time 28861.02ms, mfu 6.13%
model:LGT723F iter 7310: loss 2.2683, time 1746.14ms, mfu 6.31%
model:LGT723F iter 7320: loss 2.3491, time 1754.18ms, mfu 6.46%
model:LGT723F iter 7330: loss 2.4967, time 1747.12ms, mfu 6.60%
model:LGT723F iter 7340: loss 2.3477, time 1746.74ms, mfu 6.72%
------average encoder activity 0.116
-----------average decoder density 0.1835
step 7350: train loss 2.6782, val loss 2.7118
saving checkpoint to out-novel-char3_LGT723F_3d25ede0cfd080d9e35756b051dcef65
done saving checkpoint to out-novel-char3_LGT723F_3d25ede0cfd080d9e35756b051dcef65
model:LGT723F iter 7350: loss 2.3020, time 28917.42ms, mfu 6.10%
model:LGT723F iter 7360: loss 2.3571, time 1745.30ms, mfu 6.28%
model:LGT723F iter 7370: loss 2.2292, time 1744.89ms, mfu 6.43%
model:LGT723F iter 7380: loss 2.1623, time 1745.13ms, mfu 6.58%
model:LGT723F iter 7390: loss 2.4968, time 1745.71ms, mfu 6.71%
------average encoder activity 0.116
-----------average decoder density 0.1873
step 7400: train loss 2.6779, val loss 2.7005
saving checkpoint to out-novel-char3_LGT723F_3d25ede0cfd080d9e35756b051dcef65
done saving checkpoint to out-novel-char3_LGT723F_3d25ede0cfd080d9e35756b051dcef65
model:LGT723F iter 7400: loss 2.5871, time 28908.00ms, mfu 6.08%
model:LGT723F iter 7410: loss 2.3637, time 1746.11ms, mfu 6.26%
model:LGT723F iter 7420: loss 2.5888, time 1745.72ms, mfu 6.42%
Overriding config with config/train_novel_char3.py:
# train a miniature character-level shakespeare model
# good for debugging and playing on macbooks and such

out_dir = 'out-novel-char3'
eval_interval = 250 # keep frequent because we'll overfit
eval_iters = 200
log_interval = 10 # don't print too too often

# we expect to overfit on this small dataset, so only save when val improves
always_save_checkpoint = False

wandb_log = False # override via command line if you like
wandb_project = 'novel'
wandb_run_name = 'novel'

dataset = 'novel_char3'
gradient_accumulation_steps = 1
# gradient_accumulation_steps = 6
gradient_accumulation_steps = 12
# gradient_accumulation_steps = 24
# gradient_accumulation_steps = 48
# batch_size = 12
batch_size = 2
# batch_size = 1
# block_size = 256 # context of up to 256 previous characters
# block_size = 256 # context of up to 256 previous characters
# block_size = 64 # context of up to 256 previous characters
block_size = 1024 # context of up to 256 previous characters

# baby GPT model :)
n_layer = 6
n_head = 6
n_embd = 384
# n_embd = 182
dropout = 0.2

# learning_rate = 1e-3 # with baby networks can afford to go a bit higher
learning_rate = 1e-4 # with baby networks can afford to go a bit higher

# max_iters = 5000
# lr_decay_iters = 5000 # make equal to max_iters usually

max_iters = 500000
lr_decay_iters = 500000 # make equal to max_iters usually

min_lr = 5e-6 # learning_rate / 10 usually
beta2 = 0.99 # make a bit bigger because number of tokens per iter is small

warmup_iters = 100 # not super necessary potentially

# on macbook also add
# device = 'cpu'  # run on cpu only
# compile = False # do not torch compile the model
# init_from ='resume'


'''
python3 -u sample.py config/train_novel.py --out_dir=out-novel-word_CCM232_c85667cd6eadbcf772d23fa97827c506 --model=CCM232
python3 -u sample.py config/train_novel.py --out_dir=out-novel-word_CCM251_4bfeb7b3e1b9c46a2542bb9406173e22 --model=CCM251
python3 -u sample.py config/train_novel.py --out_dir=out-novel-word_CCM253_01b622029bb00e0dc9206cae3b0ab559 --model=CCM253 
python3 -u sample.py config/train_novel.py --out_dir=out-novel-word_CCM276_01b622029bb00e0dc9206cae3b0ab559 --model=CCM276
python3 -u sample.py config/train_novel.py --out_dir=out-novel-word_CCM278_a97bfe077b316033e3604831d5ad371e --model=CCM278
python3 -u sample.py config/train_novel.py --out_dir=out-novel-word_CCM305_52efa1def80492f81622f536ac701226 --model=CCM305


out-novel-word_CCM276_01b622029bb00e0dc9206cae3b0ab559

'''
#### python3 -u sample.py config/train_novel.py --out_dir=out-novel-word_CCM232_c85667cd6eadbcf772d23fa97827c506 --model=CCM232
Overriding: init_from = resume
Overriding: compile = False
Overriding: model = LGT723F
Overriding: n_layer = 70
Overriding: n_head = 12
Overriding: share_layer = False
Overriding: always_save_checkpoint = True
Overriding: max_iters = 2500999
Overriding: best_val_loss_force = 10.001
Overriding: min_lr = 5e-06
Overriding: dropout = 0.0
Overriding: eval_interval = 50
Overriding: force_resave = 0
Overriding: random_seed = 3
tokens per iteration will be: 24,576
found vocab_size = 73440 (inside data/novel_char3/meta.pkl)
out_dir: out-novel-char3_LGT723F_3d25ede0cfd080d9e35756b051dcef65
Resuming training from out-novel-char3_LGT723F_3d25ede0cfd080d9e35756b051dcef65
WARNING: using slow attention. Flash Attention requires PyTorch >= 2.0
WARNING: using slow attention. Flash Attention requires PyTorch >= 2.0
WARNING: using slow attention. Flash Attention requires PyTorch >= 2.0
WARNING: using slow attention. Flash Attention requires PyTorch >= 2.0
WARNING: using slow attention. Flash Attention requires PyTorch >= 2.0
WARNING: using slow attention. Flash Attention requires PyTorch >= 2.0
WARNING: using slow attention. Flash Attention requires PyTorch >= 2.0
WARNING: using slow attention. Flash Attention requires PyTorch >= 2.0
WARNING: using slow attention. Flash Attention requires PyTorch >= 2.0
WARNING: using slow attention. Flash Attention requires PyTorch >= 2.0
WARNING: using slow attention. Flash Attention requires PyTorch >= 2.0
WARNING: using slow attention. Flash Attention requires PyTorch >= 2.0
WARNING: using slow attention. Flash Attention requires PyTorch >= 2.0
WARNING: using slow attention. Flash Attention requires PyTorch >= 2.0
WARNING: using slow attention. Flash Attention requires PyTorch >= 2.0
WARNING: using slow attention. Flash Attention requires PyTorch >= 2.0
WARNING: using slow attention. Flash Attention requires PyTorch >= 2.0
WARNING: using slow attention. Flash Attention requires PyTorch >= 2.0
WARNING: using slow attention. Flash Attention requires PyTorch >= 2.0
WARNING: using slow attention. Flash Attention requires PyTorch >= 2.0
WARNING: using slow attention. Flash Attention requires PyTorch >= 2.0
WARNING: using slow attention. Flash Attention requires PyTorch >= 2.0
WARNING: using slow attention. Flash Attention requires PyTorch >= 2.0
WARNING: using slow attention. Flash Attention requires PyTorch >= 2.0
WARNING: using slow attention. Flash Attention requires PyTorch >= 2.0
WARNING: using slow attention. Flash Attention requires PyTorch >= 2.0
WARNING: using slow attention. Flash Attention requires PyTorch >= 2.0
WARNING: using slow attention. Flash Attention requires PyTorch >= 2.0
WARNING: using slow attention. Flash Attention requires PyTorch >= 2.0
WARNING: using slow attention. Flash Attention requires PyTorch >= 2.0
WARNING: using slow attention. Flash Attention requires PyTorch >= 2.0
WARNING: using slow attention. Flash Attention requires PyTorch >= 2.0
WARNING: using slow attention. Flash Attention requires PyTorch >= 2.0
WARNING: using slow attention. Flash Attention requires PyTorch >= 2.0
WARNING: using slow attention. Flash Attention requires PyTorch >= 2.0
WARNING: using slow attention. Flash Attention requires PyTorch >= 2.0
WARNING: using slow attention. Flash Attention requires PyTorch >= 2.0
WARNING: using slow attention. Flash Attention requires PyTorch >= 2.0
WARNING: using slow attention. Flash Attention requires PyTorch >= 2.0
WARNING: using slow attention. Flash Attention requires PyTorch >= 2.0
WARNING: using slow attention. Flash Attention requires PyTorch >= 2.0
WARNING: using slow attention. Flash Attention requires PyTorch >= 2.0
WARNING: using slow attention. Flash Attention requires PyTorch >= 2.0
WARNING: using slow attention. Flash Attention requires PyTorch >= 2.0
WARNING: using slow attention. Flash Attention requires PyTorch >= 2.0
WARNING: using slow attention. Flash Attention requires PyTorch >= 2.0
WARNING: using slow attention. Flash Attention requires PyTorch >= 2.0
WARNING: using slow attention. Flash Attention requires PyTorch >= 2.0
WARNING: using slow attention. Flash Attention requires PyTorch >= 2.0
WARNING: using slow attention. Flash Attention requires PyTorch >= 2.0
WARNING: using slow attention. Flash Attention requires PyTorch >= 2.0
WARNING: using slow attention. Flash Attention requires PyTorch >= 2.0
WARNING: using slow attention. Flash Attention requires PyTorch >= 2.0
WARNING: using slow attention. Flash Attention requires PyTorch >= 2.0
WARNING: using slow attention. Flash Attention requires PyTorch >= 2.0
WARNING: using slow attention. Flash Attention requires PyTorch >= 2.0
WARNING: using slow attention. Flash Attention requires PyTorch >= 2.0
WARNING: using slow attention. Flash Attention requires PyTorch >= 2.0
WARNING: using slow attention. Flash Attention requires PyTorch >= 2.0
WARNING: using slow attention. Flash Attention requires PyTorch >= 2.0
WARNING: using slow attention. Flash Attention requires PyTorch >= 2.0
WARNING: using slow attention. Flash Attention requires PyTorch >= 2.0
WARNING: using slow attention. Flash Attention requires PyTorch >= 2.0
WARNING: using slow attention. Flash Attention requires PyTorch >= 2.0
WARNING: using slow attention. Flash Attention requires PyTorch >= 2.0
WARNING: using slow attention. Flash Attention requires PyTorch >= 2.0
WARNING: using slow attention. Flash Attention requires PyTorch >= 2.0
WARNING: using slow attention. Flash Attention requires PyTorch >= 2.0
WARNING: using slow attention. Flash Attention requires PyTorch >= 2.0
WARNING: using slow attention. Flash Attention requires PyTorch >= 2.0
num decayed parameter tensors: 353, with 194,444,544 parameters
num non-decayed parameter tensors: 214, with 41,342,593 parameters
using fused AdamW: True
------average encoder activity 0.116
-----------average decoder density 0.1774
step 7400: train loss 2.6886, val loss 2.6951
saving checkpoint to out-novel-char3_LGT723F_3d25ede0cfd080d9e35756b051dcef65
done saving checkpoint to out-novel-char3_LGT723F_3d25ede0cfd080d9e35756b051dcef65
model:LGT723F iter 7400: loss 2.3781, time 28747.10ms, mfu -100.00%
model:LGT723F iter 7410: loss 2.0088, time 1741.52ms, mfu 7.88%
model:LGT723F iter 7420: loss 2.2917, time 1749.31ms, mfu 7.88%
model:LGT723F iter 7430: loss 2.3560, time 1741.63ms, mfu 7.88%
model:LGT723F iter 7440: loss 2.4147, time 1741.64ms, mfu 7.88%
------average encoder activity 0.116
-----------average decoder density 0.1751
step 7450: train loss 2.6978, val loss 2.7385
saving checkpoint to out-novel-char3_LGT723F_3d25ede0cfd080d9e35756b051dcef65
done saving checkpoint to out-novel-char3_LGT723F_3d25ede0cfd080d9e35756b051dcef65
model:LGT723F iter 7450: loss 2.3661, time 28861.52ms, mfu 7.14%
model:LGT723F iter 7460: loss 2.3196, time 1742.28ms, mfu 7.21%
model:LGT723F iter 7470: loss 2.2342, time 1999.29ms, mfu 7.18%
model:LGT723F iter 7480: loss 2.3655, time 1740.66ms, mfu 7.25%
model:LGT723F iter 7490: loss 2.4976, time 1737.77ms, mfu 7.31%
------average encoder activity 0.116
-----------average decoder density 0.1829
step 7500: train loss 2.6806, val loss 2.7419
saving checkpoint to out-novel-char3_LGT723F_3d25ede0cfd080d9e35756b051dcef65
done saving checkpoint to out-novel-char3_LGT723F_3d25ede0cfd080d9e35756b051dcef65
model:LGT723F iter 7500: loss 2.0916, time 28807.25ms, mfu 6.63%
model:LGT723F iter 7510: loss 2.3343, time 1748.68ms, mfu 6.75%
model:LGT723F iter 7520: loss 2.1535, time 1747.73ms, mfu 6.86%
model:LGT723F iter 7530: loss 2.1412, time 1743.20ms, mfu 6.96%
model:LGT723F iter 7540: loss 2.6562, time 1741.41ms, mfu 7.05%
------average encoder activity 0.116
-----------average decoder density 0.1769
step 7550: train loss 2.6946, val loss 2.7376
saving checkpoint to out-novel-char3_LGT723F_3d25ede0cfd080d9e35756b051dcef65
done saving checkpoint to out-novel-char3_LGT723F_3d25ede0cfd080d9e35756b051dcef65
model:LGT723F iter 7550: loss 2.1039, time 28785.27ms, mfu 6.40%
model:LGT723F iter 7560: loss 2.1977, time 1741.33ms, mfu 6.54%
model:LGT723F iter 7570: loss 2.2700, time 1742.48ms, mfu 6.68%
model:LGT723F iter 7580: loss 2.5318, time 1764.85ms, mfu 6.79%
model:LGT723F iter 7590: loss 2.2682, time 1742.08ms, mfu 6.90%
------average encoder activity 0.116
-----------average decoder density 0.1692
step 7600: train loss 2.6683, val loss 2.7477
saving checkpoint to out-novel-char3_LGT723F_3d25ede0cfd080d9e35756b051dcef65
done saving checkpoint to out-novel-char3_LGT723F_3d25ede0cfd080d9e35756b051dcef65
model:LGT723F iter 7600: loss 2.2683, time 28970.77ms, mfu 6.25%
model:LGT723F iter 7610: loss 2.1343, time 1743.62ms, mfu 6.42%
model:LGT723F iter 7620: loss 2.6038, time 1740.93ms, mfu 6.56%
model:LGT723F iter 7630: loss 2.5979, time 1740.59ms, mfu 6.70%
model:LGT723F iter 7640: loss 2.1397, time 1740.25ms, mfu 6.81%
------average encoder activity 0.117
-----------average decoder density 0.1820
step 7650: train loss 2.7033, val loss 2.7417
saving checkpoint to out-novel-char3_LGT723F_3d25ede0cfd080d9e35756b051dcef65
done saving checkpoint to out-novel-char3_LGT723F_3d25ede0cfd080d9e35756b051dcef65
model:LGT723F iter 7650: loss 2.1612, time 28903.60ms, mfu 6.18%
model:LGT723F iter 7660: loss 2.0203, time 1748.75ms, mfu 6.35%
model:LGT723F iter 7670: loss 2.2736, time 1740.06ms, mfu 6.50%
model:LGT723F iter 7680: loss 2.2231, time 1740.95ms, mfu 6.64%
model:LGT723F iter 7690: loss 1.8662, time 1741.36ms, mfu 6.76%
------average encoder activity 0.117
-----------average decoder density 0.1673
step 7700: train loss 2.6691, val loss 2.7536
saving checkpoint to out-novel-char3_LGT723F_3d25ede0cfd080d9e35756b051dcef65
done saving checkpoint to out-novel-char3_LGT723F_3d25ede0cfd080d9e35756b051dcef65
model:LGT723F iter 7700: loss 2.2185, time 28620.50ms, mfu 6.14%
model:LGT723F iter 7710: loss 2.1928, time 1740.94ms, mfu 6.31%
model:LGT723F iter 7720: loss 2.2776, time 1740.63ms, mfu 6.47%
model:LGT723F iter 7730: loss 2.4248, time 1740.62ms, mfu 6.61%
model:LGT723F iter 7740: loss 2.2513, time 1740.85ms, mfu 6.74%
------average encoder activity 0.116
-----------average decoder density 0.1739
step 7750: train loss 2.6758, val loss 2.7116
saving checkpoint to out-novel-char3_LGT723F_3d25ede0cfd080d9e35756b051dcef65
done saving checkpoint to out-novel-char3_LGT723F_3d25ede0cfd080d9e35756b051dcef65
model:LGT723F iter 7750: loss 2.2385, time 28687.16ms, mfu 6.11%
model:LGT723F iter 7760: loss 2.3048, time 1741.37ms, mfu 6.29%
model:LGT723F iter 7770: loss 2.1812, time 1740.96ms, mfu 6.45%
model:LGT723F iter 7780: loss 2.0883, time 1744.70ms, mfu 6.59%
model:LGT723F iter 7790: loss 2.4326, time 1741.26ms, mfu 6.72%
------average encoder activity 0.116
-----------average decoder density 0.1761
step 7800: train loss 2.6629, val loss 2.6852
saving checkpoint to out-novel-char3_LGT723F_3d25ede0cfd080d9e35756b051dcef65
done saving checkpoint to out-novel-char3_LGT723F_3d25ede0cfd080d9e35756b051dcef65
model:LGT723F iter 7800: loss 2.5971, time 28889.02ms, mfu 6.09%
model:LGT723F iter 7810: loss 2.3832, time 1744.39ms, mfu 6.27%
model:LGT723F iter 7820: loss 2.6016, time 1745.09ms, mfu 6.43%
model:LGT723F iter 7830: loss 2.8230, time 1744.58ms, mfu 6.57%
model:LGT723F iter 7840: loss 2.7703, time 1746.09ms, mfu 6.70%
------average encoder activity 0.116
-----------average decoder density 0.1709
step 7850: train loss 2.6497, val loss 2.6765
saving checkpoint to out-novel-char3_LGT723F_3d25ede0cfd080d9e35756b051dcef65
done saving checkpoint to out-novel-char3_LGT723F_3d25ede0cfd080d9e35756b051dcef65
model:LGT723F iter 7850: loss 2.4862, time 28907.72ms, mfu 6.08%
model:LGT723F iter 7860: loss 2.3004, time 1740.89ms, mfu 6.26%
model:LGT723F iter 7870: loss 2.4908, time 1740.38ms, mfu 6.42%
model:LGT723F iter 7880: loss 2.2535, time 1740.43ms, mfu 6.57%
model:LGT723F iter 7890: loss 2.5577, time 1740.80ms, mfu 6.70%
------average encoder activity 0.116
-----------average decoder density 0.1776
step 7900: train loss 2.6061, val loss 2.6555
saving checkpoint to out-novel-char3_LGT723F_3d25ede0cfd080d9e35756b051dcef65
done saving checkpoint to out-novel-char3_LGT723F_3d25ede0cfd080d9e35756b051dcef65
model:LGT723F iter 7900: loss 2.6671, time 29090.57ms, mfu 6.08%
model:LGT723F iter 7910: loss 2.5756, time 1738.11ms, mfu 6.26%
model:LGT723F iter 7920: loss 2.2689, time 1739.23ms, mfu 6.42%
model:LGT723F iter 7930: loss 2.6049, time 1746.42ms, mfu 6.57%
model:LGT723F iter 7940: loss 2.4439, time 1749.07ms, mfu 6.69%
------average encoder activity 0.118
-----------average decoder density 0.1924
step 7950: train loss 2.6043, val loss 2.6703
saving checkpoint to out-novel-char3_LGT723F_3d25ede0cfd080d9e35756b051dcef65
done saving checkpoint to out-novel-char3_LGT723F_3d25ede0cfd080d9e35756b051dcef65
model:LGT723F iter 7950: loss 2.2813, time 28799.81ms, mfu 6.07%
model:LGT723F iter 7960: loss 2.6315, time 1740.01ms, mfu 6.25%
model:LGT723F iter 7970: loss 2.4723, time 1740.37ms, mfu 6.42%
model:LGT723F iter 7980: loss 2.7218, time 1780.80ms, mfu 6.55%
model:LGT723F iter 7990: loss 2.6848, time 1738.27ms, mfu 6.68%
------average encoder activity 0.117
-----------average decoder density 0.2247
step 8000: train loss 2.5964, val loss 2.6333
saving checkpoint to out-novel-char3_LGT723F_3d25ede0cfd080d9e35756b051dcef65
done saving checkpoint to out-novel-char3_LGT723F_3d25ede0cfd080d9e35756b051dcef65
model:LGT723F iter 8000: loss 2.7085, time 28853.45ms, mfu 6.06%
model:LGT723F iter 8010: loss 2.7764, time 1740.96ms, mfu 6.24%
model:LGT723F iter 8020: loss 2.5751, time 1740.44ms, mfu 6.41%
model:LGT723F iter 8030: loss 2.4661, time 1739.93ms, mfu 6.56%
model:LGT723F iter 8040: loss 2.1495, time 1739.84ms, mfu 6.69%
------average encoder activity 0.117
-----------average decoder density 0.2331
step 8050: train loss 2.5825, val loss 2.6227
saving checkpoint to out-novel-char3_LGT723F_3d25ede0cfd080d9e35756b051dcef65
done saving checkpoint to out-novel-char3_LGT723F_3d25ede0cfd080d9e35756b051dcef65
model:LGT723F iter 8050: loss 2.1829, time 28690.47ms, mfu 6.07%
model:LGT723F iter 8060: loss 2.1981, time 1741.25ms, mfu 6.25%
model:LGT723F iter 8070: loss 2.4658, time 1740.89ms, mfu 6.41%
model:LGT723F iter 8080: loss 2.5130, time 1737.72ms, mfu 6.56%
model:LGT723F iter 8090: loss 2.5800, time 1737.54ms, mfu 6.69%
------average encoder activity 0.117
-----------average decoder density 0.2272
step 8100: train loss 2.5727, val loss 2.6271
saving checkpoint to out-novel-char3_LGT723F_3d25ede0cfd080d9e35756b051dcef65
done saving checkpoint to out-novel-char3_LGT723F_3d25ede0cfd080d9e35756b051dcef65
model:LGT723F iter 8100: loss 2.6600, time 28762.15ms, mfu 6.07%
model:LGT723F iter 8110: loss 2.6311, time 1737.93ms, mfu 6.26%
model:LGT723F iter 8120: loss 2.7289, time 1738.07ms, mfu 6.42%
model:LGT723F iter 8130: loss 2.3778, time 1738.02ms, mfu 6.57%
model:LGT723F iter 8140: loss 2.8083, time 1739.80ms, mfu 6.70%
------average encoder activity 0.119
-----------average decoder density 0.2261
step 8150: train loss 2.5803, val loss 2.6150
saving checkpoint to out-novel-char3_LGT723F_3d25ede0cfd080d9e35756b051dcef65
done saving checkpoint to out-novel-char3_LGT723F_3d25ede0cfd080d9e35756b051dcef65
model:LGT723F iter 8150: loss 2.2907, time 28793.29ms, mfu 6.08%
model:LGT723F iter 8160: loss 2.3575, time 1741.87ms, mfu 6.26%
model:LGT723F iter 8170: loss 2.5980, time 1742.54ms, mfu 6.42%
model:LGT723F iter 8180: loss 2.3787, time 1751.23ms, mfu 6.56%
model:LGT723F iter 8190: loss 2.3420, time 1742.36ms, mfu 6.69%
------average encoder activity 0.118
-----------average decoder density 0.2239
step 8200: train loss 2.5457, val loss 2.5972
saving checkpoint to out-novel-char3_LGT723F_3d25ede0cfd080d9e35756b051dcef65
done saving checkpoint to out-novel-char3_LGT723F_3d25ede0cfd080d9e35756b051dcef65
model:LGT723F iter 8200: loss 2.3342, time 28810.15ms, mfu 6.07%
model:LGT723F iter 8210: loss 2.8972, time 1741.62ms, mfu 6.25%
model:LGT723F iter 8220: loss 2.6930, time 1748.78ms, mfu 6.41%
model:LGT723F iter 8230: loss 2.3421, time 1741.68ms, mfu 6.56%
model:LGT723F iter 8240: loss 2.5982, time 1741.76ms, mfu 6.69%
------average encoder activity 0.119
-----------average decoder density 0.2275
step 8250: train loss 2.5605, val loss 2.5687
saving checkpoint to out-novel-char3_LGT723F_3d25ede0cfd080d9e35756b051dcef65
done saving checkpoint to out-novel-char3_LGT723F_3d25ede0cfd080d9e35756b051dcef65
model:LGT723F iter 8250: loss 2.3584, time 28803.23ms, mfu 6.07%
model:LGT723F iter 8260: loss 2.4980, time 1743.76ms, mfu 6.25%
model:LGT723F iter 8270: loss 2.7764, time 1742.31ms, mfu 6.41%
model:LGT723F iter 8280: loss 2.6841, time 1741.56ms, mfu 6.56%
model:LGT723F iter 8290: loss 2.4049, time 1741.71ms, mfu 6.69%
------average encoder activity 0.120
-----------average decoder density 0.2210
step 8300: train loss 2.5548, val loss 2.6141
saving checkpoint to out-novel-char3_LGT723F_3d25ede0cfd080d9e35756b051dcef65
done saving checkpoint to out-novel-char3_LGT723F_3d25ede0cfd080d9e35756b051dcef65
model:LGT723F iter 8300: loss 2.6030, time 28671.43ms, mfu 6.07%
model:LGT723F iter 8310: loss 2.6136, time 1744.48ms, mfu 6.25%
model:LGT723F iter 8320: loss 2.5405, time 1741.66ms, mfu 6.41%
model:LGT723F iter 8330: loss 2.2911, time 1757.80ms, mfu 6.55%
model:LGT723F iter 8340: loss 2.4742, time 1750.10ms, mfu 6.68%
------average encoder activity 0.121
-----------average decoder density 0.2399
step 8350: train loss 2.5499, val loss 2.5973
saving checkpoint to out-novel-char3_LGT723F_3d25ede0cfd080d9e35756b051dcef65
done saving checkpoint to out-novel-char3_LGT723F_3d25ede0cfd080d9e35756b051dcef65
model:LGT723F iter 8350: loss 2.5709, time 28680.43ms, mfu 6.06%
model:LGT723F iter 8360: loss 2.3763, time 1743.63ms, mfu 6.24%
model:LGT723F iter 8370: loss 2.8062, time 1742.49ms, mfu 6.41%
model:LGT723F iter 8380: loss 2.5830, time 1742.51ms, mfu 6.55%
model:LGT723F iter 8390: loss 2.7647, time 1741.84ms, mfu 6.68%
------average encoder activity 0.121
-----------average decoder density 0.2589
step 8400: train loss 2.5427, val loss 2.5795
saving checkpoint to out-novel-char3_LGT723F_3d25ede0cfd080d9e35756b051dcef65
done saving checkpoint to out-novel-char3_LGT723F_3d25ede0cfd080d9e35756b051dcef65
model:LGT723F iter 8400: loss 2.1721, time 28861.63ms, mfu 6.06%
model:LGT723F iter 8410: loss 2.9294, time 1742.63ms, mfu 6.25%
model:LGT723F iter 8420: loss 2.8247, time 1745.62ms, mfu 6.41%
model:LGT723F iter 8430: loss 2.8460, time 1741.58ms, mfu 6.55%
model:LGT723F iter 8440: loss 2.3518, time 1745.63ms, mfu 6.69%
------average encoder activity 0.121
-----------average decoder density 0.2581
step 8450: train loss 2.5655, val loss 2.5582
saving checkpoint to out-novel-char3_LGT723F_3d25ede0cfd080d9e35756b051dcef65
done saving checkpoint to out-novel-char3_LGT723F_3d25ede0cfd080d9e35756b051dcef65
model:LGT723F iter 8450: loss 2.2890, time 28797.15ms, mfu 6.06%
model:LGT723F iter 8460: loss 2.5549, time 1741.94ms, mfu 6.25%
model:LGT723F iter 8470: loss 2.5905, time 1741.69ms, mfu 6.41%
model:LGT723F iter 8480: loss 2.4216, time 1744.50ms, mfu 6.55%
model:LGT723F iter 8490: loss 2.4833, time 1740.89ms, mfu 6.69%
------average encoder activity 0.122
-----------average decoder density 0.2505
step 8500: train loss 2.5233, val loss 2.5633
saving checkpoint to out-novel-char3_LGT723F_3d25ede0cfd080d9e35756b051dcef65
done saving checkpoint to out-novel-char3_LGT723F_3d25ede0cfd080d9e35756b051dcef65
model:LGT723F iter 8500: loss 2.4712, time 28858.26ms, mfu 6.07%
model:LGT723F iter 8510: loss 2.4048, time 1742.56ms, mfu 6.25%
model:LGT723F iter 8520: loss 2.5834, time 1742.13ms, mfu 6.41%
model:LGT723F iter 8530: loss 2.5484, time 1742.96ms, mfu 6.56%
model:LGT723F iter 8540: loss 2.1886, time 1742.68ms, mfu 6.69%
------average encoder activity 0.123
-----------average decoder density 0.2525
step 8550: train loss 2.5313, val loss 2.5609
saving checkpoint to out-novel-char3_LGT723F_3d25ede0cfd080d9e35756b051dcef65
done saving checkpoint to out-novel-char3_LGT723F_3d25ede0cfd080d9e35756b051dcef65
model:LGT723F iter 8550: loss 2.6557, time 28795.75ms, mfu 6.07%
model:LGT723F iter 8560: loss 2.5822, time 1739.94ms, mfu 6.25%
model:LGT723F iter 8570: loss 2.4815, time 1741.35ms, mfu 6.41%
model:LGT723F iter 8580: loss 2.2304, time 1742.87ms, mfu 6.56%
model:LGT723F iter 8590: loss 2.6164, time 1742.72ms, mfu 6.69%
------average encoder activity 0.123
-----------average decoder density 0.2396
step 8600: train loss 2.5255, val loss 2.5372
saving checkpoint to out-novel-char3_LGT723F_3d25ede0cfd080d9e35756b051dcef65
done saving checkpoint to out-novel-char3_LGT723F_3d25ede0cfd080d9e35756b051dcef65
model:LGT723F iter 8600: loss 2.3795, time 28898.32ms, mfu 6.07%
model:LGT723F iter 8610: loss 2.4811, time 1740.79ms, mfu 6.25%
model:LGT723F iter 8620: loss 2.4972, time 1751.98ms, mfu 6.41%
model:LGT723F iter 8630: loss 2.1962, time 1741.89ms, mfu 6.56%
model:LGT723F iter 8640: loss 2.6446, time 1742.52ms, mfu 6.69%
------average encoder activity 0.124
-----------average decoder density 0.2735
step 8650: train loss 2.5160, val loss 2.5472
saving checkpoint to out-novel-char3_LGT723F_3d25ede0cfd080d9e35756b051dcef65
done saving checkpoint to out-novel-char3_LGT723F_3d25ede0cfd080d9e35756b051dcef65
model:LGT723F iter 8650: loss 2.4350, time 28699.81ms, mfu 6.07%
model:LGT723F iter 8660: loss 2.1186, time 1740.45ms, mfu 6.25%
model:LGT723F iter 8670: loss 2.6053, time 1742.41ms, mfu 6.41%
model:LGT723F iter 8680: loss 2.0390, time 1743.37ms, mfu 6.56%
model:LGT723F iter 8690: loss 2.2170, time 1741.79ms, mfu 6.69%
------average encoder activity 0.124
-----------average decoder density 0.2784
step 8700: train loss 2.5057, val loss 2.5590
saving checkpoint to out-novel-char3_LGT723F_3d25ede0cfd080d9e35756b051dcef65
done saving checkpoint to out-novel-char3_LGT723F_3d25ede0cfd080d9e35756b051dcef65
model:LGT723F iter 8700: loss 2.4266, time 28642.62ms, mfu 6.07%
model:LGT723F iter 8710: loss 2.5176, time 1742.56ms, mfu 6.25%
model:LGT723F iter 8720: loss 2.6390, time 1743.61ms, mfu 6.41%
model:LGT723F iter 8730: loss 2.5682, time 1743.75ms, mfu 6.56%
model:LGT723F iter 8740: loss 2.2542, time 1743.45ms, mfu 6.69%
------average encoder activity 0.125
-----------average decoder density 0.2633
step 8750: train loss 2.5286, val loss 2.5681
saving checkpoint to out-novel-char3_LGT723F_3d25ede0cfd080d9e35756b051dcef65
done saving checkpoint to out-novel-char3_LGT723F_3d25ede0cfd080d9e35756b051dcef65
model:LGT723F iter 8750: loss 2.5254, time 28854.90ms, mfu 6.07%
model:LGT723F iter 8760: loss 2.9912, time 1742.73ms, mfu 6.25%
model:LGT723F iter 8770: loss 2.7841, time 1742.37ms, mfu 6.41%
model:LGT723F iter 8780: loss 2.4424, time 1741.75ms, mfu 6.56%
model:LGT723F iter 8790: loss 2.5151, time 1743.35ms, mfu 6.69%
------average encoder activity 0.126
-----------average decoder density 0.2961
step 8800: train loss 2.5162, val loss 2.5465
saving checkpoint to out-novel-char3_LGT723F_3d25ede0cfd080d9e35756b051dcef65
done saving checkpoint to out-novel-char3_LGT723F_3d25ede0cfd080d9e35756b051dcef65
model:LGT723F iter 8800: loss 2.4452, time 28858.64ms, mfu 6.07%
model:LGT723F iter 8810: loss 2.5511, time 1739.98ms, mfu 6.25%
model:LGT723F iter 8820: loss 2.5290, time 1740.02ms, mfu 6.41%
model:LGT723F iter 8830: loss 2.5091, time 1743.20ms, mfu 6.56%
model:LGT723F iter 8840: loss 2.6765, time 1740.97ms, mfu 6.69%
------average encoder activity 0.126
-----------average decoder density 0.2984
step 8850: train loss 2.4863, val loss 2.5572
saving checkpoint to out-novel-char3_LGT723F_3d25ede0cfd080d9e35756b051dcef65
done saving checkpoint to out-novel-char3_LGT723F_3d25ede0cfd080d9e35756b051dcef65
model:LGT723F iter 8850: loss 2.2078, time 28824.01ms, mfu 6.07%
model:LGT723F iter 8860: loss 2.3951, time 1739.72ms, mfu 6.25%
model:LGT723F iter 8870: loss 2.4784, time 1738.76ms, mfu 6.42%
model:LGT723F iter 8880: loss 2.4784, time 1742.89ms, mfu 6.56%
model:LGT723F iter 8890: loss 2.2283, time 1742.27ms, mfu 6.69%
------average encoder activity 0.127
-----------average decoder density 0.3067
step 8900: train loss 2.4941, val loss 2.5354
saving checkpoint to out-novel-char3_LGT723F_3d25ede0cfd080d9e35756b051dcef65
done saving checkpoint to out-novel-char3_LGT723F_3d25ede0cfd080d9e35756b051dcef65
model:LGT723F iter 8900: loss 2.5453, time 28961.57ms, mfu 6.07%
model:LGT723F iter 8910: loss 2.4464, time 1743.33ms, mfu 6.25%
model:LGT723F iter 8920: loss 2.3830, time 1743.23ms, mfu 6.41%
model:LGT723F iter 8930: loss 2.3095, time 1747.10ms, mfu 6.56%
model:LGT723F iter 8940: loss 1.9745, time 1748.66ms, mfu 6.69%
------average encoder activity 0.126
-----------average decoder density 0.3075
step 8950: train loss 2.4958, val loss 2.5369
saving checkpoint to out-novel-char3_LGT723F_3d25ede0cfd080d9e35756b051dcef65
done saving checkpoint to out-novel-char3_LGT723F_3d25ede0cfd080d9e35756b051dcef65
model:LGT723F iter 8950: loss 2.4037, time 28686.85ms, mfu 6.07%
model:LGT723F iter 8960: loss 2.4367, time 1739.79ms, mfu 6.25%
model:LGT723F iter 8970: loss 2.5198, time 1740.93ms, mfu 6.41%
model:LGT723F iter 8980: loss 2.5173, time 1741.29ms, mfu 6.56%
model:LGT723F iter 8990: loss 2.4135, time 1741.93ms, mfu 6.69%
------average encoder activity 0.127
-----------average decoder density 0.2729
step 9000: train loss 2.4742, val loss 2.5660
saving checkpoint to out-novel-char3_LGT723F_3d25ede0cfd080d9e35756b051dcef65
done saving checkpoint to out-novel-char3_LGT723F_3d25ede0cfd080d9e35756b051dcef65
model:LGT723F iter 9000: loss 2.3432, time 28766.92ms, mfu 6.07%
model:LGT723F iter 9010: loss 2.4016, time 1742.56ms, mfu 6.25%
model:LGT723F iter 9020: loss 2.3337, time 1742.42ms, mfu 6.41%
model:LGT723F iter 9030: loss 2.6454, time 1743.07ms, mfu 6.56%
model:LGT723F iter 9040: loss 2.6540, time 1742.87ms, mfu 6.69%
------average encoder activity 0.128
-----------average decoder density 0.2955
step 9050: train loss 2.4657, val loss 2.5316
saving checkpoint to out-novel-char3_LGT723F_3d25ede0cfd080d9e35756b051dcef65
done saving checkpoint to out-novel-char3_LGT723F_3d25ede0cfd080d9e35756b051dcef65
model:LGT723F iter 9050: loss 2.3011, time 29134.39ms, mfu 6.07%
model:LGT723F iter 9060: loss 2.3746, time 1744.97ms, mfu 6.25%
model:LGT723F iter 9070: loss 2.4282, time 1742.96ms, mfu 6.41%
model:LGT723F iter 9080: loss 2.6150, time 1743.00ms, mfu 6.56%
model:LGT723F iter 9090: loss 2.2787, time 1743.08ms, mfu 6.69%
------average encoder activity 0.128
-----------average decoder density 0.2731
step 9100: train loss 2.4703, val loss 2.5177
saving checkpoint to out-novel-char3_LGT723F_3d25ede0cfd080d9e35756b051dcef65
done saving checkpoint to out-novel-char3_LGT723F_3d25ede0cfd080d9e35756b051dcef65
model:LGT723F iter 9100: loss 2.0358, time 28777.91ms, mfu 6.07%
model:LGT723F iter 9110: loss 2.3784, time 1740.68ms, mfu 6.25%
model:LGT723F iter 9120: loss 2.5315, time 1740.10ms, mfu 6.41%
model:LGT723F iter 9130: loss 2.5950, time 1740.72ms, mfu 6.56%
model:LGT723F iter 9140: loss 2.3104, time 1740.27ms, mfu 6.69%
------average encoder activity 0.129
-----------average decoder density 0.2915
step 9150: train loss 2.4724, val loss 2.4861
saving checkpoint to out-novel-char3_LGT723F_3d25ede0cfd080d9e35756b051dcef65
done saving checkpoint to out-novel-char3_LGT723F_3d25ede0cfd080d9e35756b051dcef65
model:LGT723F iter 9150: loss 2.6738, time 28804.44ms, mfu 6.07%
model:LGT723F iter 9160: loss 2.5494, time 1744.02ms, mfu 6.25%
model:LGT723F iter 9170: loss 1.9903, time 1744.12ms, mfu 6.41%
model:LGT723F iter 9180: loss 2.8211, time 1747.77ms, mfu 6.56%
model:LGT723F iter 9190: loss 2.3532, time 1743.77ms, mfu 6.69%
------average encoder activity 0.129
-----------average decoder density 0.2711
step 9200: train loss 2.5043, val loss 2.5267
saving checkpoint to out-novel-char3_LGT723F_3d25ede0cfd080d9e35756b051dcef65
done saving checkpoint to out-novel-char3_LGT723F_3d25ede0cfd080d9e35756b051dcef65
model:LGT723F iter 9200: loss 2.5206, time 28856.40ms, mfu 6.07%
model:LGT723F iter 9210: loss 2.5740, time 1740.53ms, mfu 6.25%
model:LGT723F iter 9220: loss 2.3320, time 1742.38ms, mfu 6.41%
model:LGT723F iter 9230: loss 2.3385, time 1741.88ms, mfu 6.56%
model:LGT723F iter 9240: loss 2.6248, time 1741.87ms, mfu 6.69%
------average encoder activity 0.130
-----------average decoder density 0.2971
step 9250: train loss 2.4654, val loss 2.5235
saving checkpoint to out-novel-char3_LGT723F_3d25ede0cfd080d9e35756b051dcef65
done saving checkpoint to out-novel-char3_LGT723F_3d25ede0cfd080d9e35756b051dcef65
model:LGT723F iter 9250: loss 2.2604, time 28602.50ms, mfu 6.07%
model:LGT723F iter 9260: loss 2.5765, time 1740.14ms, mfu 6.25%
model:LGT723F iter 9270: loss 2.6613, time 1740.34ms, mfu 6.41%
model:LGT723F iter 9280: loss 2.2627, time 1740.77ms, mfu 6.56%
model:LGT723F iter 9290: loss 2.5672, time 1740.21ms, mfu 6.69%
------average encoder activity 0.128
-----------average decoder density 0.2766
step 9300: train loss 2.4542, val loss 2.5214
saving checkpoint to out-novel-char3_LGT723F_3d25ede0cfd080d9e35756b051dcef65
done saving checkpoint to out-novel-char3_LGT723F_3d25ede0cfd080d9e35756b051dcef65
model:LGT723F iter 9300: loss 2.4319, time 28691.09ms, mfu 6.07%
model:LGT723F iter 9310: loss 2.3896, time 1741.73ms, mfu 6.25%
model:LGT723F iter 9320: loss 2.5899, time 1740.25ms, mfu 6.42%
model:LGT723F iter 9330: loss 2.4679, time 1741.22ms, mfu 6.56%
model:LGT723F iter 9340: loss 2.3527, time 1741.58ms, mfu 6.69%
------average encoder activity 0.129
-----------average decoder density 0.3264
step 9350: train loss 2.4435, val loss 2.4785
saving checkpoint to out-novel-char3_LGT723F_3d25ede0cfd080d9e35756b051dcef65
done saving checkpoint to out-novel-char3_LGT723F_3d25ede0cfd080d9e35756b051dcef65
model:LGT723F iter 9350: loss 2.5501, time 28825.55ms, mfu 6.07%
model:LGT723F iter 9360: loss 2.3449, time 1740.13ms, mfu 6.25%
model:LGT723F iter 9370: loss 2.4433, time 1741.48ms, mfu 6.42%
model:LGT723F iter 9380: loss 2.6373, time 1741.33ms, mfu 6.56%
model:LGT723F iter 9390: loss 2.7521, time 1740.18ms, mfu 6.70%
------average encoder activity 0.130
-----------average decoder density 0.3023
step 9400: train loss 2.4472, val loss 2.5170
saving checkpoint to out-novel-char3_LGT723F_3d25ede0cfd080d9e35756b051dcef65
done saving checkpoint to out-novel-char3_LGT723F_3d25ede0cfd080d9e35756b051dcef65
model:LGT723F iter 9400: loss 2.6585, time 28770.95ms, mfu 6.07%
model:LGT723F iter 9410: loss 2.6265, time 1741.81ms, mfu 6.25%
Overriding config with config/train_novel_char3.py:
# train a miniature character-level shakespeare model
# good for debugging and playing on macbooks and such

out_dir = 'out-novel-char3'
eval_interval = 250 # keep frequent because we'll overfit
eval_iters = 200
log_interval = 10 # don't print too too often

# we expect to overfit on this small dataset, so only save when val improves
always_save_checkpoint = False

wandb_log = False # override via command line if you like
wandb_project = 'novel'
wandb_run_name = 'novel'

dataset = 'novel_char3'
gradient_accumulation_steps = 1
# gradient_accumulation_steps = 6
gradient_accumulation_steps = 12
# gradient_accumulation_steps = 24
# gradient_accumulation_steps = 48
# batch_size = 12
batch_size = 2
# batch_size = 1
# block_size = 256 # context of up to 256 previous characters
# block_size = 256 # context of up to 256 previous characters
# block_size = 64 # context of up to 256 previous characters
block_size = 1024 # context of up to 256 previous characters

# baby GPT model :)
n_layer = 6
n_head = 6
n_embd = 384
# n_embd = 182
dropout = 0.2

# learning_rate = 1e-3 # with baby networks can afford to go a bit higher
learning_rate = 1e-4 # with baby networks can afford to go a bit higher

# max_iters = 5000
# lr_decay_iters = 5000 # make equal to max_iters usually

max_iters = 500000
lr_decay_iters = 500000 # make equal to max_iters usually

min_lr = 5e-6 # learning_rate / 10 usually
beta2 = 0.99 # make a bit bigger because number of tokens per iter is small

warmup_iters = 100 # not super necessary potentially

# on macbook also add
# device = 'cpu'  # run on cpu only
# compile = False # do not torch compile the model
# init_from ='resume'


'''
python3 -u sample.py config/train_novel.py --out_dir=out-novel-word_CCM232_c85667cd6eadbcf772d23fa97827c506 --model=CCM232
python3 -u sample.py config/train_novel.py --out_dir=out-novel-word_CCM251_4bfeb7b3e1b9c46a2542bb9406173e22 --model=CCM251
python3 -u sample.py config/train_novel.py --out_dir=out-novel-word_CCM253_01b622029bb00e0dc9206cae3b0ab559 --model=CCM253 
python3 -u sample.py config/train_novel.py --out_dir=out-novel-word_CCM276_01b622029bb00e0dc9206cae3b0ab559 --model=CCM276
python3 -u sample.py config/train_novel.py --out_dir=out-novel-word_CCM278_a97bfe077b316033e3604831d5ad371e --model=CCM278
python3 -u sample.py config/train_novel.py --out_dir=out-novel-word_CCM305_52efa1def80492f81622f536ac701226 --model=CCM305


out-novel-word_CCM276_01b622029bb00e0dc9206cae3b0ab559

'''
#### python3 -u sample.py config/train_novel.py --out_dir=out-novel-word_CCM232_c85667cd6eadbcf772d23fa97827c506 --model=CCM232
Overriding: init_from = resume
Overriding: compile = False
Overriding: model = LGT723F
Overriding: n_layer = 70
Overriding: n_head = 12
Overriding: share_layer = False
Overriding: always_save_checkpoint = True
Overriding: max_iters = 2500999
Overriding: best_val_loss_force = 10.001
Overriding: min_lr = 5e-06
Overriding: dropout = 0.0
Overriding: eval_interval = 50
Overriding: force_resave = 0
Overriding: random_seed = 3
tokens per iteration will be: 24,576
found vocab_size = 73440 (inside data/novel_char3/meta.pkl)
out_dir: out-novel-char3_LGT723F_3d25ede0cfd080d9e35756b051dcef65
Resuming training from out-novel-char3_LGT723F_3d25ede0cfd080d9e35756b051dcef65
WARNING: using slow attention. Flash Attention requires PyTorch >= 2.0
WARNING: using slow attention. Flash Attention requires PyTorch >= 2.0
WARNING: using slow attention. Flash Attention requires PyTorch >= 2.0
WARNING: using slow attention. Flash Attention requires PyTorch >= 2.0
WARNING: using slow attention. Flash Attention requires PyTorch >= 2.0
WARNING: using slow attention. Flash Attention requires PyTorch >= 2.0
WARNING: using slow attention. Flash Attention requires PyTorch >= 2.0
WARNING: using slow attention. Flash Attention requires PyTorch >= 2.0
WARNING: using slow attention. Flash Attention requires PyTorch >= 2.0
WARNING: using slow attention. Flash Attention requires PyTorch >= 2.0
WARNING: using slow attention. Flash Attention requires PyTorch >= 2.0
WARNING: using slow attention. Flash Attention requires PyTorch >= 2.0
WARNING: using slow attention. Flash Attention requires PyTorch >= 2.0
WARNING: using slow attention. Flash Attention requires PyTorch >= 2.0
WARNING: using slow attention. Flash Attention requires PyTorch >= 2.0
WARNING: using slow attention. Flash Attention requires PyTorch >= 2.0
WARNING: using slow attention. Flash Attention requires PyTorch >= 2.0
WARNING: using slow attention. Flash Attention requires PyTorch >= 2.0
WARNING: using slow attention. Flash Attention requires PyTorch >= 2.0
WARNING: using slow attention. Flash Attention requires PyTorch >= 2.0
WARNING: using slow attention. Flash Attention requires PyTorch >= 2.0
WARNING: using slow attention. Flash Attention requires PyTorch >= 2.0
WARNING: using slow attention. Flash Attention requires PyTorch >= 2.0
WARNING: using slow attention. Flash Attention requires PyTorch >= 2.0
WARNING: using slow attention. Flash Attention requires PyTorch >= 2.0
WARNING: using slow attention. Flash Attention requires PyTorch >= 2.0
WARNING: using slow attention. Flash Attention requires PyTorch >= 2.0
WARNING: using slow attention. Flash Attention requires PyTorch >= 2.0
WARNING: using slow attention. Flash Attention requires PyTorch >= 2.0
WARNING: using slow attention. Flash Attention requires PyTorch >= 2.0
WARNING: using slow attention. Flash Attention requires PyTorch >= 2.0
WARNING: using slow attention. Flash Attention requires PyTorch >= 2.0
WARNING: using slow attention. Flash Attention requires PyTorch >= 2.0
WARNING: using slow attention. Flash Attention requires PyTorch >= 2.0
WARNING: using slow attention. Flash Attention requires PyTorch >= 2.0
WARNING: using slow attention. Flash Attention requires PyTorch >= 2.0
WARNING: using slow attention. Flash Attention requires PyTorch >= 2.0
WARNING: using slow attention. Flash Attention requires PyTorch >= 2.0
WARNING: using slow attention. Flash Attention requires PyTorch >= 2.0
WARNING: using slow attention. Flash Attention requires PyTorch >= 2.0
WARNING: using slow attention. Flash Attention requires PyTorch >= 2.0
WARNING: using slow attention. Flash Attention requires PyTorch >= 2.0
WARNING: using slow attention. Flash Attention requires PyTorch >= 2.0
WARNING: using slow attention. Flash Attention requires PyTorch >= 2.0
WARNING: using slow attention. Flash Attention requires PyTorch >= 2.0
WARNING: using slow attention. Flash Attention requires PyTorch >= 2.0
WARNING: using slow attention. Flash Attention requires PyTorch >= 2.0
WARNING: using slow attention. Flash Attention requires PyTorch >= 2.0
WARNING: using slow attention. Flash Attention requires PyTorch >= 2.0
WARNING: using slow attention. Flash Attention requires PyTorch >= 2.0
WARNING: using slow attention. Flash Attention requires PyTorch >= 2.0
WARNING: using slow attention. Flash Attention requires PyTorch >= 2.0
WARNING: using slow attention. Flash Attention requires PyTorch >= 2.0
WARNING: using slow attention. Flash Attention requires PyTorch >= 2.0
WARNING: using slow attention. Flash Attention requires PyTorch >= 2.0
WARNING: using slow attention. Flash Attention requires PyTorch >= 2.0
WARNING: using slow attention. Flash Attention requires PyTorch >= 2.0
WARNING: using slow attention. Flash Attention requires PyTorch >= 2.0
WARNING: using slow attention. Flash Attention requires PyTorch >= 2.0
WARNING: using slow attention. Flash Attention requires PyTorch >= 2.0
WARNING: using slow attention. Flash Attention requires PyTorch >= 2.0
WARNING: using slow attention. Flash Attention requires PyTorch >= 2.0
WARNING: using slow attention. Flash Attention requires PyTorch >= 2.0
WARNING: using slow attention. Flash Attention requires PyTorch >= 2.0
WARNING: using slow attention. Flash Attention requires PyTorch >= 2.0
WARNING: using slow attention. Flash Attention requires PyTorch >= 2.0
WARNING: using slow attention. Flash Attention requires PyTorch >= 2.0
WARNING: using slow attention. Flash Attention requires PyTorch >= 2.0
WARNING: using slow attention. Flash Attention requires PyTorch >= 2.0
WARNING: using slow attention. Flash Attention requires PyTorch >= 2.0
num decayed parameter tensors: 353, with 194,444,544 parameters
num non-decayed parameter tensors: 214, with 41,342,593 parameters
using fused AdamW: True
------average encoder activity 0.130
-----------average decoder density 0.2903
step 9400: train loss 2.4572, val loss 2.4888
saving checkpoint to out-novel-char3_LGT723F_3d25ede0cfd080d9e35756b051dcef65
done saving checkpoint to out-novel-char3_LGT723F_3d25ede0cfd080d9e35756b051dcef65
model:LGT723F iter 9400: loss 2.3511, time 28600.51ms, mfu -100.00%
model:LGT723F iter 9410: loss 2.0052, time 1741.48ms, mfu 7.88%
Overriding config with config/train_novel_char3.py:
# train a miniature character-level shakespeare model
# good for debugging and playing on macbooks and such

out_dir = 'out-novel-char3'
eval_interval = 250 # keep frequent because we'll overfit
eval_iters = 200
log_interval = 10 # don't print too too often

# we expect to overfit on this small dataset, so only save when val improves
always_save_checkpoint = False

wandb_log = False # override via command line if you like
wandb_project = 'novel'
wandb_run_name = 'novel'

dataset = 'novel_char3'
gradient_accumulation_steps = 1
# gradient_accumulation_steps = 6
gradient_accumulation_steps = 12
# gradient_accumulation_steps = 24
# gradient_accumulation_steps = 48
# batch_size = 12
batch_size = 2
# batch_size = 1
# block_size = 256 # context of up to 256 previous characters
# block_size = 256 # context of up to 256 previous characters
# block_size = 64 # context of up to 256 previous characters
block_size = 1024 # context of up to 256 previous characters

# baby GPT model :)
n_layer = 6
n_head = 6
n_embd = 384
# n_embd = 182
dropout = 0.2

# learning_rate = 1e-3 # with baby networks can afford to go a bit higher
learning_rate = 1e-4 # with baby networks can afford to go a bit higher

# max_iters = 5000
# lr_decay_iters = 5000 # make equal to max_iters usually

max_iters = 500000
lr_decay_iters = 500000 # make equal to max_iters usually

min_lr = 5e-6 # learning_rate / 10 usually
beta2 = 0.99 # make a bit bigger because number of tokens per iter is small

warmup_iters = 100 # not super necessary potentially

# on macbook also add
# device = 'cpu'  # run on cpu only
# compile = False # do not torch compile the model
# init_from ='resume'


'''
python3 -u sample.py config/train_novel.py --out_dir=out-novel-word_CCM232_c85667cd6eadbcf772d23fa97827c506 --model=CCM232
python3 -u sample.py config/train_novel.py --out_dir=out-novel-word_CCM251_4bfeb7b3e1b9c46a2542bb9406173e22 --model=CCM251
python3 -u sample.py config/train_novel.py --out_dir=out-novel-word_CCM253_01b622029bb00e0dc9206cae3b0ab559 --model=CCM253 
python3 -u sample.py config/train_novel.py --out_dir=out-novel-word_CCM276_01b622029bb00e0dc9206cae3b0ab559 --model=CCM276
python3 -u sample.py config/train_novel.py --out_dir=out-novel-word_CCM278_a97bfe077b316033e3604831d5ad371e --model=CCM278
python3 -u sample.py config/train_novel.py --out_dir=out-novel-word_CCM305_52efa1def80492f81622f536ac701226 --model=CCM305


out-novel-word_CCM276_01b622029bb00e0dc9206cae3b0ab559

'''
#### python3 -u sample.py config/train_novel.py --out_dir=out-novel-word_CCM232_c85667cd6eadbcf772d23fa97827c506 --model=CCM232
Overriding: init_from = resume
Overriding: compile = False
Overriding: model = LGT723F
Overriding: n_layer = 70
Overriding: n_head = 12
Overriding: share_layer = False
Overriding: always_save_checkpoint = True
Overriding: max_iters = 2500999
Overriding: best_val_loss_force = 10.001
Overriding: min_lr = 5e-06
Overriding: dropout = 0.0
Overriding: eval_interval = 50
Overriding: force_resave = 0
Overriding: random_seed = 3
tokens per iteration will be: 24,576
found vocab_size = 73440 (inside data/novel_char3/meta.pkl)
out_dir: out-novel-char3_LGT723F_3d25ede0cfd080d9e35756b051dcef65
Resuming training from out-novel-char3_LGT723F_3d25ede0cfd080d9e35756b051dcef65
WARNING: using slow attention. Flash Attention requires PyTorch >= 2.0
WARNING: using slow attention. Flash Attention requires PyTorch >= 2.0
WARNING: using slow attention. Flash Attention requires PyTorch >= 2.0
WARNING: using slow attention. Flash Attention requires PyTorch >= 2.0
WARNING: using slow attention. Flash Attention requires PyTorch >= 2.0
WARNING: using slow attention. Flash Attention requires PyTorch >= 2.0
WARNING: using slow attention. Flash Attention requires PyTorch >= 2.0
WARNING: using slow attention. Flash Attention requires PyTorch >= 2.0
WARNING: using slow attention. Flash Attention requires PyTorch >= 2.0
WARNING: using slow attention. Flash Attention requires PyTorch >= 2.0
WARNING: using slow attention. Flash Attention requires PyTorch >= 2.0
WARNING: using slow attention. Flash Attention requires PyTorch >= 2.0
WARNING: using slow attention. Flash Attention requires PyTorch >= 2.0
WARNING: using slow attention. Flash Attention requires PyTorch >= 2.0
WARNING: using slow attention. Flash Attention requires PyTorch >= 2.0
WARNING: using slow attention. Flash Attention requires PyTorch >= 2.0
WARNING: using slow attention. Flash Attention requires PyTorch >= 2.0
WARNING: using slow attention. Flash Attention requires PyTorch >= 2.0
WARNING: using slow attention. Flash Attention requires PyTorch >= 2.0
WARNING: using slow attention. Flash Attention requires PyTorch >= 2.0
WARNING: using slow attention. Flash Attention requires PyTorch >= 2.0
WARNING: using slow attention. Flash Attention requires PyTorch >= 2.0
WARNING: using slow attention. Flash Attention requires PyTorch >= 2.0
WARNING: using slow attention. Flash Attention requires PyTorch >= 2.0
WARNING: using slow attention. Flash Attention requires PyTorch >= 2.0
WARNING: using slow attention. Flash Attention requires PyTorch >= 2.0
WARNING: using slow attention. Flash Attention requires PyTorch >= 2.0
WARNING: using slow attention. Flash Attention requires PyTorch >= 2.0
WARNING: using slow attention. Flash Attention requires PyTorch >= 2.0
WARNING: using slow attention. Flash Attention requires PyTorch >= 2.0
WARNING: using slow attention. Flash Attention requires PyTorch >= 2.0
WARNING: using slow attention. Flash Attention requires PyTorch >= 2.0
WARNING: using slow attention. Flash Attention requires PyTorch >= 2.0
WARNING: using slow attention. Flash Attention requires PyTorch >= 2.0
WARNING: using slow attention. Flash Attention requires PyTorch >= 2.0
WARNING: using slow attention. Flash Attention requires PyTorch >= 2.0
WARNING: using slow attention. Flash Attention requires PyTorch >= 2.0
WARNING: using slow attention. Flash Attention requires PyTorch >= 2.0
WARNING: using slow attention. Flash Attention requires PyTorch >= 2.0
WARNING: using slow attention. Flash Attention requires PyTorch >= 2.0
WARNING: using slow attention. Flash Attention requires PyTorch >= 2.0
WARNING: using slow attention. Flash Attention requires PyTorch >= 2.0
WARNING: using slow attention. Flash Attention requires PyTorch >= 2.0
WARNING: using slow attention. Flash Attention requires PyTorch >= 2.0
WARNING: using slow attention. Flash Attention requires PyTorch >= 2.0
WARNING: using slow attention. Flash Attention requires PyTorch >= 2.0
WARNING: using slow attention. Flash Attention requires PyTorch >= 2.0
WARNING: using slow attention. Flash Attention requires PyTorch >= 2.0
WARNING: using slow attention. Flash Attention requires PyTorch >= 2.0
WARNING: using slow attention. Flash Attention requires PyTorch >= 2.0
WARNING: using slow attention. Flash Attention requires PyTorch >= 2.0
WARNING: using slow attention. Flash Attention requires PyTorch >= 2.0
WARNING: using slow attention. Flash Attention requires PyTorch >= 2.0
WARNING: using slow attention. Flash Attention requires PyTorch >= 2.0
WARNING: using slow attention. Flash Attention requires PyTorch >= 2.0
WARNING: using slow attention. Flash Attention requires PyTorch >= 2.0
WARNING: using slow attention. Flash Attention requires PyTorch >= 2.0
WARNING: using slow attention. Flash Attention requires PyTorch >= 2.0
WARNING: using slow attention. Flash Attention requires PyTorch >= 2.0
WARNING: using slow attention. Flash Attention requires PyTorch >= 2.0
WARNING: using slow attention. Flash Attention requires PyTorch >= 2.0
WARNING: using slow attention. Flash Attention requires PyTorch >= 2.0
WARNING: using slow attention. Flash Attention requires PyTorch >= 2.0
WARNING: using slow attention. Flash Attention requires PyTorch >= 2.0
WARNING: using slow attention. Flash Attention requires PyTorch >= 2.0
WARNING: using slow attention. Flash Attention requires PyTorch >= 2.0
WARNING: using slow attention. Flash Attention requires PyTorch >= 2.0
WARNING: using slow attention. Flash Attention requires PyTorch >= 2.0
WARNING: using slow attention. Flash Attention requires PyTorch >= 2.0
WARNING: using slow attention. Flash Attention requires PyTorch >= 2.0
num decayed parameter tensors: 353, with 194,444,544 parameters
num non-decayed parameter tensors: 214, with 41,342,593 parameters
using fused AdamW: True
------average encoder activity 0.130
-----------average decoder density 0.2903
step 9400: train loss 2.4572, val loss 2.4888
saving checkpoint to out-novel-char3_LGT723F_3d25ede0cfd080d9e35756b051dcef65
done saving checkpoint to out-novel-char3_LGT723F_3d25ede0cfd080d9e35756b051dcef65
model:LGT723F iter 9400: loss 2.3511, time 28876.21ms, mfu -100.00%
model:LGT723F iter 9410: loss 2.0052, time 1738.24ms, mfu 7.90%
model:LGT723F iter 9420: loss 2.3248, time 1738.17ms, mfu 7.90%
model:LGT723F iter 9430: loss 2.3474, time 1738.75ms, mfu 7.90%
model:LGT723F iter 9440: loss 2.3639, time 1742.65ms, mfu 7.89%
------average encoder activity 0.130
-----------average decoder density 0.2603
step 9450: train loss 2.4557, val loss 2.5206
saving checkpoint to out-novel-char3_LGT723F_3d25ede0cfd080d9e35756b051dcef65
done saving checkpoint to out-novel-char3_LGT723F_3d25ede0cfd080d9e35756b051dcef65
model:LGT723F iter 9450: loss 2.3294, time 28954.27ms, mfu 7.15%
model:LGT723F iter 9460: loss 2.3372, time 1741.63ms, mfu 7.22%
model:LGT723F iter 9470: loss 2.2612, time 1741.64ms, mfu 7.29%
model:LGT723F iter 9480: loss 2.2971, time 1742.22ms, mfu 7.35%
model:LGT723F iter 9490: loss 2.4732, time 1741.80ms, mfu 7.40%
------average encoder activity 0.130
-----------average decoder density 0.2595
step 9500: train loss 2.4425, val loss 2.5262
saving checkpoint to out-novel-char3_LGT723F_3d25ede0cfd080d9e35756b051dcef65
done saving checkpoint to out-novel-char3_LGT723F_3d25ede0cfd080d9e35756b051dcef65
model:LGT723F iter 9500: loss 2.0573, time 28976.41ms, mfu 6.71%
model:LGT723F iter 9510: loss 2.2278, time 1742.77ms, mfu 6.83%
model:LGT723F iter 9520: loss 2.0977, time 1752.64ms, mfu 6.93%
model:LGT723F iter 9530: loss 2.0869, time 1741.67ms, mfu 7.02%
model:LGT723F iter 9540: loss 2.6102, time 1741.47ms, mfu 7.11%
------average encoder activity 0.131
-----------average decoder density 0.2197
step 9550: train loss 2.4773, val loss 2.5464
saving checkpoint to out-novel-char3_LGT723F_3d25ede0cfd080d9e35756b051dcef65
done saving checkpoint to out-novel-char3_LGT723F_3d25ede0cfd080d9e35756b051dcef65
model:LGT723F iter 9550: loss 2.0196, time 28918.65ms, mfu 6.44%
model:LGT723F iter 9560: loss 2.1790, time 1742.31ms, mfu 6.59%
model:LGT723F iter 9570: loss 2.2735, time 1739.45ms, mfu 6.72%
model:LGT723F iter 9580: loss 2.4358, time 1741.76ms, mfu 6.83%
model:LGT723F iter 9590: loss 2.2272, time 1741.80ms, mfu 6.94%
------average encoder activity 0.131
-----------average decoder density 0.2032
step 9600: train loss 2.4575, val loss 2.5676
saving checkpoint to out-novel-char3_LGT723F_3d25ede0cfd080d9e35756b051dcef65
done saving checkpoint to out-novel-char3_LGT723F_3d25ede0cfd080d9e35756b051dcef65
model:LGT723F iter 9600: loss 2.2027, time 28779.79ms, mfu 6.29%
model:LGT723F iter 9610: loss 2.0875, time 1739.07ms, mfu 6.45%
model:LGT723F iter 9620: loss 2.4884, time 1740.06ms, mfu 6.60%
model:LGT723F iter 9630: loss 2.5486, time 1739.42ms, mfu 6.73%
model:LGT723F iter 9640: loss 2.0474, time 1738.97ms, mfu 6.84%
------average encoder activity 0.131
-----------average decoder density 0.2226
step 9650: train loss 2.4966, val loss 2.5536
saving checkpoint to out-novel-char3_LGT723F_3d25ede0cfd080d9e35756b051dcef65
done saving checkpoint to out-novel-char3_LGT723F_3d25ede0cfd080d9e35756b051dcef65
model:LGT723F iter 9650: loss 2.0766, time 28870.18ms, mfu 6.21%
model:LGT723F iter 9660: loss 1.9236, time 1737.35ms, mfu 6.37%
model:LGT723F iter 9670: loss 2.2054, time 1737.63ms, mfu 6.53%
model:LGT723F iter 9680: loss 2.1582, time 1737.61ms, mfu 6.66%
model:LGT723F iter 9690: loss 1.7841, time 1737.50ms, mfu 6.79%
------average encoder activity 0.131
-----------average decoder density 0.1927
step 9700: train loss 2.4707, val loss 2.5745
saving checkpoint to out-novel-char3_LGT723F_3d25ede0cfd080d9e35756b051dcef65
done saving checkpoint to out-novel-char3_LGT723F_3d25ede0cfd080d9e35756b051dcef65
model:LGT723F iter 9700: loss 2.1058, time 29122.74ms, mfu 6.16%
model:LGT723F iter 9710: loss 2.1139, time 1737.16ms, mfu 6.33%
model:LGT723F iter 9720: loss 2.1931, time 1739.28ms, mfu 6.49%
model:LGT723F iter 9730: loss 2.3760, time 1737.37ms, mfu 6.63%
model:LGT723F iter 9740: loss 2.1945, time 1737.60ms, mfu 6.75%
------average encoder activity 0.131
-----------average decoder density 0.1955
step 9750: train loss 2.4847, val loss 2.5427
saving checkpoint to out-novel-char3_LGT723F_3d25ede0cfd080d9e35756b051dcef65
done saving checkpoint to out-novel-char3_LGT723F_3d25ede0cfd080d9e35756b051dcef65
model:LGT723F iter 9750: loss 2.1451, time 28929.90ms, mfu 6.13%
model:LGT723F iter 9760: loss 2.1786, time 1738.53ms, mfu 6.30%
model:LGT723F iter 9770: loss 2.0899, time 1741.58ms, mfu 6.46%
model:LGT723F iter 9780: loss 2.0010, time 3270.29ms, mfu 6.23%
model:LGT723F iter 9790: loss 2.3413, time 1742.65ms, mfu 6.40%
------average encoder activity 0.131
-----------average decoder density 0.2054
step 9800: train loss 2.4784, val loss 2.5321
saving checkpoint to out-novel-char3_LGT723F_3d25ede0cfd080d9e35756b051dcef65
done saving checkpoint to out-novel-char3_LGT723F_3d25ede0cfd080d9e35756b051dcef65
model:LGT723F iter 9800: loss 2.4101, time 28968.14ms, mfu 5.81%
model:LGT723F iter 9810: loss 2.2050, time 1746.59ms, mfu 6.01%
model:LGT723F iter 9820: loss 2.4246, time 1746.30ms, mfu 6.20%
model:LGT723F iter 9830: loss 2.5873, time 1748.70ms, mfu 6.36%
model:LGT723F iter 9840: loss 2.5690, time 1740.14ms, mfu 6.51%
------average encoder activity 0.130
-----------average decoder density 0.2055
step 9850: train loss 2.4644, val loss 2.5213
saving checkpoint to out-novel-char3_LGT723F_3d25ede0cfd080d9e35756b051dcef65
done saving checkpoint to out-novel-char3_LGT723F_3d25ede0cfd080d9e35756b051dcef65
model:LGT723F iter 9850: loss 2.3685, time 28928.63ms, mfu 5.91%
model:LGT723F iter 9860: loss 2.1714, time 1741.21ms, mfu 6.11%
model:LGT723F iter 9870: loss 2.3178, time 1742.46ms, mfu 6.28%
model:LGT723F iter 9880: loss 2.0759, time 1743.35ms, mfu 6.44%
model:LGT723F iter 9890: loss 2.4067, time 1742.52ms, mfu 6.59%
------average encoder activity 0.130
-----------average decoder density 0.2104
step 9900: train loss 2.4386, val loss 2.5141
saving checkpoint to out-novel-char3_LGT723F_3d25ede0cfd080d9e35756b051dcef65
done saving checkpoint to out-novel-char3_LGT723F_3d25ede0cfd080d9e35756b051dcef65
model:LGT723F iter 9900: loss 2.4179, time 29013.55ms, mfu 5.97%
model:LGT723F iter 9910: loss 2.2894, time 1744.52ms, mfu 6.16%
model:LGT723F iter 9920: loss 2.0522, time 1745.50ms, mfu 6.33%
model:LGT723F iter 9930: loss 2.4439, time 1744.72ms, mfu 6.49%
model:LGT723F iter 9940: loss 2.2788, time 1741.77ms, mfu 6.63%
------average encoder activity 0.129
-----------average decoder density 0.2243
step 9950: train loss 2.4348, val loss 2.5266
saving checkpoint to out-novel-char3_LGT723F_3d25ede0cfd080d9e35756b051dcef65
done saving checkpoint to out-novel-char3_LGT723F_3d25ede0cfd080d9e35756b051dcef65
model:LGT723F iter 9950: loss 2.1207, time 28996.66ms, mfu 6.01%
model:LGT723F iter 9960: loss 2.4348, time 1740.37ms, mfu 6.20%
model:LGT723F iter 9970: loss 2.2868, time 1740.32ms, mfu 6.37%
model:LGT723F iter 9980: loss 2.5431, time 1739.59ms, mfu 6.52%
model:LGT723F iter 9990: loss 2.5337, time 1740.09ms, mfu 6.66%
------average encoder activity 0.128
-----------average decoder density 0.2591
step 10000: train loss 2.4340, val loss 2.5032
saving checkpoint to out-novel-char3_LGT723F_3d25ede0cfd080d9e35756b051dcef65
done saving checkpoint to out-novel-char3_LGT723F_3d25ede0cfd080d9e35756b051dcef65
model:LGT723F iter 10000: loss 2.5242, time 28937.00ms, mfu 6.04%
model:LGT723F iter 10010: loss 2.5715, time 1742.25ms, mfu 6.22%
model:LGT723F iter 10020: loss 2.3677, time 1742.16ms, mfu 6.39%
model:LGT723F iter 10030: loss 2.2328, time 1742.35ms, mfu 6.54%
model:LGT723F iter 10040: loss 2.0078, time 1743.17ms, mfu 6.67%
------average encoder activity 0.128
-----------average decoder density 0.2694
step 10050: train loss 2.4215, val loss 2.4844
saving checkpoint to out-novel-char3_LGT723F_3d25ede0cfd080d9e35756b051dcef65
done saving checkpoint to out-novel-char3_LGT723F_3d25ede0cfd080d9e35756b051dcef65
model:LGT723F iter 10050: loss 2.0527, time 28746.55ms, mfu 6.05%
model:LGT723F iter 10060: loss 2.0698, time 1740.51ms, mfu 6.23%
model:LGT723F iter 10070: loss 2.2662, time 1742.10ms, mfu 6.40%
model:LGT723F iter 10080: loss 2.3434, time 1739.91ms, mfu 6.55%
model:LGT723F iter 10090: loss 2.3698, time 1739.90ms, mfu 6.68%
------average encoder activity 0.127
-----------average decoder density 0.2548
step 10100: train loss 2.4191, val loss 2.5014
saving checkpoint to out-novel-char3_LGT723F_3d25ede0cfd080d9e35756b051dcef65
done saving checkpoint to out-novel-char3_LGT723F_3d25ede0cfd080d9e35756b051dcef65
model:LGT723F iter 10100: loss 2.3028, time 28851.39ms, mfu 6.06%
model:LGT723F iter 10110: loss 2.4389, time 1739.63ms, mfu 6.24%
model:LGT723F iter 10120: loss 2.5344, time 1739.36ms, mfu 6.41%
model:LGT723F iter 10130: loss 2.1729, time 1740.86ms, mfu 6.56%
model:LGT723F iter 10140: loss 2.6106, time 1740.02ms, mfu 6.69%
------average encoder activity 0.127
-----------average decoder density 0.2578
step 10150: train loss 2.4243, val loss 2.4894
saving checkpoint to out-novel-char3_LGT723F_3d25ede0cfd080d9e35756b051dcef65
done saving checkpoint to out-novel-char3_LGT723F_3d25ede0cfd080d9e35756b051dcef65
model:LGT723F iter 10150: loss 2.0893, time 28992.52ms, mfu 6.07%
model:LGT723F iter 10160: loss 2.1866, time 1743.24ms, mfu 6.25%
model:LGT723F iter 10170: loss 2.4354, time 1741.97ms, mfu 6.41%
model:LGT723F iter 10180: loss 2.2251, time 1743.22ms, mfu 6.56%
model:LGT723F iter 10190: loss 2.1559, time 1744.75ms, mfu 6.69%
------average encoder activity 0.128
-----------average decoder density 0.2507
step 10200: train loss 2.3975, val loss 2.4803
saving checkpoint to out-novel-char3_LGT723F_3d25ede0cfd080d9e35756b051dcef65
done saving checkpoint to out-novel-char3_LGT723F_3d25ede0cfd080d9e35756b051dcef65
model:LGT723F iter 10200: loss 2.1487, time 29039.29ms, mfu 6.07%
model:LGT723F iter 10210: loss 2.6813, time 1744.53ms, mfu 6.25%
model:LGT723F iter 10220: loss 2.5213, time 1745.32ms, mfu 6.41%
model:LGT723F iter 10230: loss 2.2132, time 1742.93ms, mfu 6.55%
model:LGT723F iter 10240: loss 2.4529, time 1741.51ms, mfu 6.69%
------average encoder activity 0.128
-----------average decoder density 0.2527
step 10250: train loss 2.4206, val loss 2.4512
saving checkpoint to out-novel-char3_LGT723F_3d25ede0cfd080d9e35756b051dcef65
done saving checkpoint to out-novel-char3_LGT723F_3d25ede0cfd080d9e35756b051dcef65
model:LGT723F iter 10250: loss 2.1385, time 29258.66ms, mfu 6.07%
model:LGT723F iter 10260: loss 2.3021, time 1744.27ms, mfu 6.25%
model:LGT723F iter 10270: loss 2.6047, time 1742.94ms, mfu 6.41%
model:LGT723F iter 10280: loss 2.4931, time 1741.93ms, mfu 6.56%
model:LGT723F iter 10290: loss 2.2314, time 1742.42ms, mfu 6.69%
------average encoder activity 0.128
-----------average decoder density 0.2463
step 10300: train loss 2.4123, val loss 2.4997
saving checkpoint to out-novel-char3_LGT723F_3d25ede0cfd080d9e35756b051dcef65
done saving checkpoint to out-novel-char3_LGT723F_3d25ede0cfd080d9e35756b051dcef65
model:LGT723F iter 10300: loss 2.4207, time 29055.73ms, mfu 6.07%
model:LGT723F iter 10310: loss 2.4305, time 1742.33ms, mfu 6.25%
model:LGT723F iter 10320: loss 2.3740, time 1742.04ms, mfu 6.41%
model:LGT723F iter 10330: loss 2.1453, time 1746.26ms, mfu 6.56%
model:LGT723F iter 10340: loss 2.3015, time 1742.66ms, mfu 6.69%
------average encoder activity 0.128
-----------average decoder density 0.2621
step 10350: train loss 2.4113, val loss 2.4853
saving checkpoint to out-novel-char3_LGT723F_3d25ede0cfd080d9e35756b051dcef65
done saving checkpoint to out-novel-char3_LGT723F_3d25ede0cfd080d9e35756b051dcef65
model:LGT723F iter 10350: loss 2.3765, time 28969.06ms, mfu 6.07%
model:LGT723F iter 10360: loss 2.1850, time 1740.17ms, mfu 6.25%
model:LGT723F iter 10370: loss 2.5641, time 1740.02ms, mfu 6.41%
model:LGT723F iter 10380: loss 2.3966, time 1740.47ms, mfu 6.56%
model:LGT723F iter 10390: loss 2.5893, time 1740.83ms, mfu 6.69%
------average encoder activity 0.128
-----------average decoder density 0.2799
step 10400: train loss 2.4062, val loss 2.4695
saving checkpoint to out-novel-char3_LGT723F_3d25ede0cfd080d9e35756b051dcef65
done saving checkpoint to out-novel-char3_LGT723F_3d25ede0cfd080d9e35756b051dcef65
model:LGT723F iter 10400: loss 2.0344, time 28641.73ms, mfu 6.07%
model:LGT723F iter 10410: loss 2.7535, time 1738.44ms, mfu 6.25%
model:LGT723F iter 10420: loss 2.5649, time 1739.74ms, mfu 6.42%
model:LGT723F iter 10430: loss 2.6282, time 1739.67ms, mfu 6.56%
model:LGT723F iter 10440: loss 2.1743, time 1739.97ms, mfu 6.70%
------average encoder activity 0.127
-----------average decoder density 0.2735
step 10450: train loss 2.4331, val loss 2.4522
saving checkpoint to out-novel-char3_LGT723F_3d25ede0cfd080d9e35756b051dcef65
done saving checkpoint to out-novel-char3_LGT723F_3d25ede0cfd080d9e35756b051dcef65
model:LGT723F iter 10450: loss 2.1325, time 28945.66ms, mfu 6.07%
model:LGT723F iter 10460: loss 2.3887, time 1744.15ms, mfu 6.25%
model:LGT723F iter 10470: loss 2.3567, time 1743.81ms, mfu 6.42%
model:LGT723F iter 10480: loss 2.2339, time 1745.97ms, mfu 6.56%
model:LGT723F iter 10490: loss 2.3058, time 1744.27ms, mfu 6.69%
------average encoder activity 0.127
-----------average decoder density 0.2674
step 10500: train loss 2.3937, val loss 2.4589
saving checkpoint to out-novel-char3_LGT723F_3d25ede0cfd080d9e35756b051dcef65
done saving checkpoint to out-novel-char3_LGT723F_3d25ede0cfd080d9e35756b051dcef65
model:LGT723F iter 10500: loss 2.3275, time 29114.17ms, mfu 6.07%
model:LGT723F iter 10510: loss 2.2144, time 1741.83ms, mfu 6.25%
model:LGT723F iter 10520: loss 2.3897, time 1741.47ms, mfu 6.41%
model:LGT723F iter 10530: loss 2.3515, time 1741.74ms, mfu 6.56%
model:LGT723F iter 10540: loss 2.0586, time 1741.92ms, mfu 6.69%
------average encoder activity 0.128
-----------average decoder density 0.2668
step 10550: train loss 2.3998, val loss 2.4557
saving checkpoint to out-novel-char3_LGT723F_3d25ede0cfd080d9e35756b051dcef65
done saving checkpoint to out-novel-char3_LGT723F_3d25ede0cfd080d9e35756b051dcef65
model:LGT723F iter 10550: loss 2.4401, time 28962.28ms, mfu 6.07%
model:LGT723F iter 10560: loss 2.4167, time 1742.80ms, mfu 6.25%
model:LGT723F iter 10570: loss 2.3537, time 1741.91ms, mfu 6.41%
model:LGT723F iter 10580: loss 2.0867, time 1740.54ms, mfu 6.56%
model:LGT723F iter 10590: loss 2.4540, time 1740.97ms, mfu 6.69%
------average encoder activity 0.128
-----------average decoder density 0.2582
step 10600: train loss 2.3962, val loss 2.4366
saving checkpoint to out-novel-char3_LGT723F_3d25ede0cfd080d9e35756b051dcef65
done saving checkpoint to out-novel-char3_LGT723F_3d25ede0cfd080d9e35756b051dcef65
model:LGT723F iter 10600: loss 2.2103, time 28930.34ms, mfu 6.07%
model:LGT723F iter 10610: loss 2.3519, time 1742.05ms, mfu 6.25%
model:LGT723F iter 10620: loss 2.3196, time 1764.38ms, mfu 6.40%
model:LGT723F iter 10630: loss 2.0410, time 1742.71ms, mfu 6.55%
model:LGT723F iter 10640: loss 2.4811, time 1743.22ms, mfu 6.68%
------average encoder activity 0.128
-----------average decoder density 0.2818
step 10650: train loss 2.3884, val loss 2.4465
saving checkpoint to out-novel-char3_LGT723F_3d25ede0cfd080d9e35756b051dcef65
done saving checkpoint to out-novel-char3_LGT723F_3d25ede0cfd080d9e35756b051dcef65
model:LGT723F iter 10650: loss 2.1943, time 28983.27ms, mfu 6.06%
model:LGT723F iter 10660: loss 1.9777, time 1741.66ms, mfu 6.24%
model:LGT723F iter 10670: loss 2.4137, time 1740.56ms, mfu 6.41%
model:LGT723F iter 10680: loss 1.9195, time 1744.22ms, mfu 6.55%
model:LGT723F iter 10690: loss 2.0311, time 1742.45ms, mfu 6.69%
------average encoder activity 0.128
-----------average decoder density 0.2882
step 10700: train loss 2.3768, val loss 2.4581
saving checkpoint to out-novel-char3_LGT723F_3d25ede0cfd080d9e35756b051dcef65
done saving checkpoint to out-novel-char3_LGT723F_3d25ede0cfd080d9e35756b051dcef65
model:LGT723F iter 10700: loss 2.2483, time 29029.21ms, mfu 6.07%
model:LGT723F iter 10710: loss 2.3538, time 1741.83ms, mfu 6.25%
model:LGT723F iter 10720: loss 2.4857, time 1742.61ms, mfu 6.41%
model:LGT723F iter 10730: loss 2.4129, time 1741.05ms, mfu 6.56%
model:LGT723F iter 10740: loss 2.0860, time 1741.07ms, mfu 6.69%
------average encoder activity 0.128
-----------average decoder density 0.2750
step 10750: train loss 2.4035, val loss 2.4727
saving checkpoint to out-novel-char3_LGT723F_3d25ede0cfd080d9e35756b051dcef65
done saving checkpoint to out-novel-char3_LGT723F_3d25ede0cfd080d9e35756b051dcef65
model:LGT723F iter 10750: loss 2.3443, time 28974.32ms, mfu 6.07%
model:LGT723F iter 10760: loss 2.7966, time 1741.77ms, mfu 6.25%
model:LGT723F iter 10770: loss 2.5863, time 1741.53ms, mfu 6.41%
model:LGT723F iter 10780: loss 2.2878, time 1741.18ms, mfu 6.56%
model:LGT723F iter 10790: loss 2.3110, time 1742.07ms, mfu 6.69%
------average encoder activity 0.128
-----------average decoder density 0.3138
step 10800: train loss 2.3943, val loss 2.4537
saving checkpoint to out-novel-char3_LGT723F_3d25ede0cfd080d9e35756b051dcef65
done saving checkpoint to out-novel-char3_LGT723F_3d25ede0cfd080d9e35756b051dcef65
model:LGT723F iter 10800: loss 2.3025, time 28823.58ms, mfu 6.07%
model:LGT723F iter 10810: loss 2.3913, time 1740.61ms, mfu 6.25%
model:LGT723F iter 10820: loss 2.3739, time 1737.58ms, mfu 6.42%
model:LGT723F iter 10830: loss 2.3487, time 1737.82ms, mfu 6.56%
model:LGT723F iter 10840: loss 2.5051, time 1739.93ms, mfu 6.70%
------average encoder activity 0.128
-----------average decoder density 0.3074
step 10850: train loss 2.3659, val loss 2.4616
saving checkpoint to out-novel-char3_LGT723F_3d25ede0cfd080d9e35756b051dcef65
done saving checkpoint to out-novel-char3_LGT723F_3d25ede0cfd080d9e35756b051dcef65
model:LGT723F iter 10850: loss 2.0633, time 28830.13ms, mfu 6.07%
model:LGT723F iter 10860: loss 2.2115, time 1741.67ms, mfu 6.25%
model:LGT723F iter 10870: loss 2.3226, time 1741.59ms, mfu 6.42%
model:LGT723F iter 10880: loss 2.3195, time 1742.78ms, mfu 6.56%
model:LGT723F iter 10890: loss 2.1021, time 1741.76ms, mfu 6.69%
------average encoder activity 0.128
-----------average decoder density 0.3166
step 10900: train loss 2.3746, val loss 2.4445
saving checkpoint to out-novel-char3_LGT723F_3d25ede0cfd080d9e35756b051dcef65
done saving checkpoint to out-novel-char3_LGT723F_3d25ede0cfd080d9e35756b051dcef65
model:LGT723F iter 10900: loss 2.3776, time 29042.55ms, mfu 6.07%
model:LGT723F iter 10910: loss 2.2977, time 1737.55ms, mfu 6.26%
model:LGT723F iter 10920: loss 2.1954, time 1737.61ms, mfu 6.42%
model:LGT723F iter 10930: loss 2.1051, time 1737.54ms, mfu 6.57%
model:LGT723F iter 10940: loss 1.8517, time 1737.58ms, mfu 6.70%
------average encoder activity 0.127
-----------average decoder density 0.3302
step 10950: train loss 2.3808, val loss 2.4468
saving checkpoint to out-novel-char3_LGT723F_3d25ede0cfd080d9e35756b051dcef65
done saving checkpoint to out-novel-char3_LGT723F_3d25ede0cfd080d9e35756b051dcef65
model:LGT723F iter 10950: loss 2.2680, time 29086.05ms, mfu 6.08%
model:LGT723F iter 10960: loss 2.2820, time 1738.02ms, mfu 6.26%
model:LGT723F iter 10970: loss 2.3859, time 1737.83ms, mfu 6.42%
model:LGT723F iter 10980: loss 2.3427, time 1738.40ms, mfu 6.57%
model:LGT723F iter 10990: loss 2.2824, time 1738.39ms, mfu 6.70%
------average encoder activity 0.128
-----------average decoder density 0.2810
step 11000: train loss 2.3538, val loss 2.4734
saving checkpoint to out-novel-char3_LGT723F_3d25ede0cfd080d9e35756b051dcef65
done saving checkpoint to out-novel-char3_LGT723F_3d25ede0cfd080d9e35756b051dcef65
model:LGT723F iter 11000: loss 2.2159, time 28970.95ms, mfu 6.08%
model:LGT723F iter 11010: loss 2.2753, time 1741.44ms, mfu 6.26%
model:LGT723F iter 11020: loss 2.1886, time 1741.04ms, mfu 6.42%
model:LGT723F iter 11030: loss 2.4850, time 1738.51ms, mfu 6.57%
model:LGT723F iter 11040: loss 2.4326, time 1737.92ms, mfu 6.70%
------average encoder activity 0.128
-----------average decoder density 0.3116
step 11050: train loss 2.3462, val loss 2.4425
saving checkpoint to out-novel-char3_LGT723F_3d25ede0cfd080d9e35756b051dcef65
done saving checkpoint to out-novel-char3_LGT723F_3d25ede0cfd080d9e35756b051dcef65
model:LGT723F iter 11050: loss 2.1773, time 28984.04ms, mfu 6.08%
model:LGT723F iter 11060: loss 2.2103, time 1737.94ms, mfu 6.26%
model:LGT723F iter 11070: loss 2.2669, time 1738.66ms, mfu 6.42%
model:LGT723F iter 11080: loss 2.4748, time 1738.86ms, mfu 6.57%
model:LGT723F iter 11090: loss 2.0610, time 1739.00ms, mfu 6.70%
------average encoder activity 0.128
-----------average decoder density 0.2760
step 11100: train loss 2.3549, val loss 2.4285
saving checkpoint to out-novel-char3_LGT723F_3d25ede0cfd080d9e35756b051dcef65
done saving checkpoint to out-novel-char3_LGT723F_3d25ede0cfd080d9e35756b051dcef65
model:LGT723F iter 11100: loss 1.8777, time 28830.44ms, mfu 6.08%
model:LGT723F iter 11110: loss 2.1832, time 1741.42ms, mfu 6.26%
model:LGT723F iter 11120: loss 2.3637, time 1741.40ms, mfu 6.42%
model:LGT723F iter 11130: loss 2.4543, time 1740.69ms, mfu 6.57%
model:LGT723F iter 11140: loss 2.0859, time 1741.45ms, mfu 6.70%
------average encoder activity 0.128
-----------average decoder density 0.2990
step 11150: train loss 2.3634, val loss 2.4018
saving checkpoint to out-novel-char3_LGT723F_3d25ede0cfd080d9e35756b051dcef65
done saving checkpoint to out-novel-char3_LGT723F_3d25ede0cfd080d9e35756b051dcef65
model:LGT723F iter 11150: loss 2.4770, time 28834.96ms, mfu 6.08%
model:LGT723F iter 11160: loss 2.3959, time 1739.30ms, mfu 6.26%
model:LGT723F iter 11170: loss 1.8798, time 1738.83ms, mfu 6.42%
model:LGT723F iter 11180: loss 2.6847, time 1739.26ms, mfu 6.57%
model:LGT723F iter 11190: loss 2.1712, time 1740.51ms, mfu 6.70%
------average encoder activity 0.128
-----------average decoder density 0.2717
step 11200: train loss 2.3968, val loss 2.4444
saving checkpoint to out-novel-char3_LGT723F_3d25ede0cfd080d9e35756b051dcef65
done saving checkpoint to out-novel-char3_LGT723F_3d25ede0cfd080d9e35756b051dcef65
model:LGT723F iter 11200: loss 2.3628, time 29079.32ms, mfu 6.08%
model:LGT723F iter 11210: loss 2.4251, time 1740.57ms, mfu 6.26%
model:LGT723F iter 11220: loss 2.1998, time 1741.61ms, mfu 6.42%
model:LGT723F iter 11230: loss 2.2057, time 1740.80ms, mfu 6.57%
model:LGT723F iter 11240: loss 2.4783, time 1740.49ms, mfu 6.70%
------average encoder activity 0.128
-----------average decoder density 0.2991
step 11250: train loss 2.3554, val loss 2.4426
saving checkpoint to out-novel-char3_LGT723F_3d25ede0cfd080d9e35756b051dcef65
done saving checkpoint to out-novel-char3_LGT723F_3d25ede0cfd080d9e35756b051dcef65
model:LGT723F iter 11250: loss 2.1317, time 28996.22ms, mfu 6.08%
model:LGT723F iter 11260: loss 2.3981, time 1737.80ms, mfu 6.26%
model:LGT723F iter 11270: loss 2.4661, time 1742.85ms, mfu 6.42%
model:LGT723F iter 11280: loss 2.1095, time 1738.42ms, mfu 6.57%
model:LGT723F iter 11290: loss 2.3893, time 1738.42ms, mfu 6.70%
------average encoder activity 0.128
-----------average decoder density 0.2774
step 11300: train loss 2.3512, val loss 2.4384
saving checkpoint to out-novel-char3_LGT723F_3d25ede0cfd080d9e35756b051dcef65
done saving checkpoint to out-novel-char3_LGT723F_3d25ede0cfd080d9e35756b051dcef65
model:LGT723F iter 11300: loss 2.2829, time 28957.91ms, mfu 6.08%
model:LGT723F iter 11310: loss 2.2385, time 1737.90ms, mfu 6.26%
model:LGT723F iter 11320: loss 2.4458, time 1737.34ms, mfu 6.42%
model:LGT723F iter 11330: loss 2.3448, time 1737.61ms, mfu 6.57%
model:LGT723F iter 11340: loss 2.2019, time 1737.66ms, mfu 6.70%
------average encoder activity 0.128
-----------average decoder density 0.3254
step 11350: train loss 2.3772, val loss 2.4066
saving checkpoint to out-novel-char3_LGT723F_3d25ede0cfd080d9e35756b051dcef65
done saving checkpoint to out-novel-char3_LGT723F_3d25ede0cfd080d9e35756b051dcef65
model:LGT723F iter 11350: loss 2.3307, time 28986.43ms, mfu 6.08%
model:LGT723F iter 11360: loss 2.1996, time 1742.39ms, mfu 6.26%
model:LGT723F iter 11370: loss 2.3173, time 1740.62ms, mfu 6.42%
model:LGT723F iter 11380: loss 2.4271, time 1742.10ms, mfu 6.57%
model:LGT723F iter 11390: loss 2.6381, time 1743.51ms, mfu 6.70%
------average encoder activity 0.128
-----------average decoder density 0.3014
step 11400: train loss 2.3374, val loss 2.4384
saving checkpoint to out-novel-char3_LGT723F_3d25ede0cfd080d9e35756b051dcef65
done saving checkpoint to out-novel-char3_LGT723F_3d25ede0cfd080d9e35756b051dcef65
model:LGT723F iter 11400: loss 2.5507, time 28987.69ms, mfu 6.08%
model:LGT723F iter 11410: loss 2.5272, time 1742.43ms, mfu 6.26%
model:LGT723F iter 11420: loss 2.3267, time 1742.26ms, mfu 6.42%
model:LGT723F iter 11430: loss 2.6086, time 1742.69ms, mfu 6.56%
model:LGT723F iter 11440: loss 2.2012, time 1743.12ms, mfu 6.69%
------average encoder activity 0.129
-----------average decoder density 0.3108
step 11450: train loss 2.3523, val loss 2.4408
saving checkpoint to out-novel-char3_LGT723F_3d25ede0cfd080d9e35756b051dcef65
done saving checkpoint to out-novel-char3_LGT723F_3d25ede0cfd080d9e35756b051dcef65
model:LGT723F iter 11450: loss 2.2542, time 28865.98ms, mfu 6.07%
model:LGT723F iter 11460: loss 2.4869, time 1740.70ms, mfu 6.25%
model:LGT723F iter 11470: loss 2.4907, time 1738.65ms, mfu 6.42%
model:LGT723F iter 11480: loss 2.4023, time 1737.81ms, mfu 6.57%
model:LGT723F iter 11490: loss 2.4130, time 1737.45ms, mfu 6.70%
------average encoder activity 0.129
-----------average decoder density 0.2987
step 11500: train loss 2.4265, val loss 2.4414
saving checkpoint to out-novel-char3_LGT723F_3d25ede0cfd080d9e35756b051dcef65
done saving checkpoint to out-novel-char3_LGT723F_3d25ede0cfd080d9e35756b051dcef65
model:LGT723F iter 11500: loss 2.5090, time 28877.11ms, mfu 6.08%
model:LGT723F iter 11510: loss 2.4275, time 1738.15ms, mfu 6.26%
model:LGT723F iter 11520: loss 2.2053, time 1737.38ms, mfu 6.42%
model:LGT723F iter 11530: loss 2.3611, time 1739.10ms, mfu 6.57%
model:LGT723F iter 11540: loss 2.5816, time 1737.51ms, mfu 6.70%
------average encoder activity 0.128
-----------average decoder density 0.3422
step 11550: train loss 2.3239, val loss 2.4025
saving checkpoint to out-novel-char3_LGT723F_3d25ede0cfd080d9e35756b051dcef65
done saving checkpoint to out-novel-char3_LGT723F_3d25ede0cfd080d9e35756b051dcef65
model:LGT723F iter 11550: loss 2.6363, time 28965.18ms, mfu 6.08%
model:LGT723F iter 11560: loss 2.1061, time 1737.59ms, mfu 6.26%
model:LGT723F iter 11570: loss 2.0697, time 1737.81ms, mfu 6.43%
model:LGT723F iter 11580: loss 2.3504, time 1737.72ms, mfu 6.57%
model:LGT723F iter 11590: loss 2.3654, time 1737.70ms, mfu 6.71%
------average encoder activity 0.129
-----------average decoder density 0.3692
step 11600: train loss 2.3289, val loss 2.4473
saving checkpoint to out-novel-char3_LGT723F_3d25ede0cfd080d9e35756b051dcef65
done saving checkpoint to out-novel-char3_LGT723F_3d25ede0cfd080d9e35756b051dcef65
model:LGT723F iter 11600: loss 2.3459, time 28957.52ms, mfu 6.08%
model:LGT723F iter 11610: loss 2.2487, time 1738.32ms, mfu 6.26%
model:LGT723F iter 11620: loss 2.1253, time 1738.68ms, mfu 6.43%
model:LGT723F iter 11630: loss 2.5327, time 1737.99ms, mfu 6.57%
model:LGT723F iter 11640: loss 2.3009, time 1737.64ms, mfu 6.71%
------average encoder activity 0.128
-----------average decoder density 0.2904
step 11650: train loss 2.3071, val loss 2.4270
saving checkpoint to out-novel-char3_LGT723F_3d25ede0cfd080d9e35756b051dcef65
done saving checkpoint to out-novel-char3_LGT723F_3d25ede0cfd080d9e35756b051dcef65
model:LGT723F iter 11650: loss 2.4031, time 29021.62ms, mfu 6.08%
model:LGT723F iter 11660: loss 2.3383, time 1741.03ms, mfu 6.26%
model:LGT723F iter 11670: loss 2.4848, time 1743.24ms, mfu 6.42%
model:LGT723F iter 11680: loss 2.0344, time 1741.46ms, mfu 6.57%
model:LGT723F iter 11690: loss 2.3140, time 1745.82ms, mfu 6.70%
------average encoder activity 0.129
-----------average decoder density 0.3077
step 11700: train loss 2.3205, val loss 2.3930
saving checkpoint to out-novel-char3_LGT723F_3d25ede0cfd080d9e35756b051dcef65
done saving checkpoint to out-novel-char3_LGT723F_3d25ede0cfd080d9e35756b051dcef65
model:LGT723F iter 11700: loss 2.3812, time 29093.21ms, mfu 6.08%
model:LGT723F iter 11710: loss 2.2599, time 1741.96ms, mfu 6.26%
model:LGT723F iter 11720: loss 2.3663, time 1741.78ms, mfu 6.42%
model:LGT723F iter 11730: loss 2.3259, time 1745.15ms, mfu 6.56%
model:LGT723F iter 11740: loss 2.0346, time 1739.18ms, mfu 6.70%
------average encoder activity 0.129
-----------average decoder density 0.3022
step 11750: train loss 2.3322, val loss 2.3937
saving checkpoint to out-novel-char3_LGT723F_3d25ede0cfd080d9e35756b051dcef65
done saving checkpoint to out-novel-char3_LGT723F_3d25ede0cfd080d9e35756b051dcef65
model:LGT723F iter 11750: loss 2.5488, time 29254.21ms, mfu 6.07%
model:LGT723F iter 11760: loss 2.4126, time 1739.35ms, mfu 6.25%
model:LGT723F iter 11770: loss 2.5163, time 1740.39ms, mfu 6.42%
model:LGT723F iter 11780: loss 2.1246, time 1740.45ms, mfu 6.56%
model:LGT723F iter 11790: loss 2.0518, time 1755.38ms, mfu 6.69%
------average encoder activity 0.130
-----------average decoder density 0.3159
step 11800: train loss 2.3068, val loss 2.4060
saving checkpoint to out-novel-char3_LGT723F_3d25ede0cfd080d9e35756b051dcef65
done saving checkpoint to out-novel-char3_LGT723F_3d25ede0cfd080d9e35756b051dcef65
model:LGT723F iter 11800: loss 2.2869, time 28869.18ms, mfu 6.07%
model:LGT723F iter 11810: loss 2.2771, time 1741.77ms, mfu 6.25%
model:LGT723F iter 11820: loss 2.5744, time 1741.03ms, mfu 6.41%
model:LGT723F iter 11830: loss 2.2310, time 1741.19ms, mfu 6.56%
model:LGT723F iter 11840: loss 2.4527, time 1740.54ms, mfu 6.69%
------average encoder activity 0.130
-----------average decoder density 0.3510
step 11850: train loss 2.3199, val loss 2.3998
saving checkpoint to out-novel-char3_LGT723F_3d25ede0cfd080d9e35756b051dcef65
done saving checkpoint to out-novel-char3_LGT723F_3d25ede0cfd080d9e35756b051dcef65
model:LGT723F iter 11850: loss 2.0852, time 28818.63ms, mfu 6.07%
model:LGT723F iter 11860: loss 2.1381, time 1745.59ms, mfu 6.25%
model:LGT723F iter 11870: loss 2.5955, time 1742.58ms, mfu 6.41%
model:LGT723F iter 11880: loss 2.1961, time 1744.28ms, mfu 6.56%
model:LGT723F iter 11890: loss 2.2321, time 1742.63ms, mfu 6.69%
------average encoder activity 0.131
-----------average decoder density 0.3934
step 11900: train loss 2.3130, val loss 2.4199
saving checkpoint to out-novel-char3_LGT723F_3d25ede0cfd080d9e35756b051dcef65
done saving checkpoint to out-novel-char3_LGT723F_3d25ede0cfd080d9e35756b051dcef65
model:LGT723F iter 11900: loss 2.1023, time 28871.47ms, mfu 6.07%
model:LGT723F iter 11910: loss 2.2724, time 1738.31ms, mfu 6.25%
model:LGT723F iter 11920: loss 2.1745, time 1741.33ms, mfu 6.41%
model:LGT723F iter 11930: loss 2.2070, time 1741.96ms, mfu 6.56%
model:LGT723F iter 11940: loss 2.1115, time 1742.00ms, mfu 6.69%
------average encoder activity 0.132
-----------average decoder density 0.3662
step 11950: train loss 2.3122, val loss 2.4107
saving checkpoint to out-novel-char3_LGT723F_3d25ede0cfd080d9e35756b051dcef65
done saving checkpoint to out-novel-char3_LGT723F_3d25ede0cfd080d9e35756b051dcef65
model:LGT723F iter 11950: loss 2.4261, time 28969.03ms, mfu 6.07%
model:LGT723F iter 11960: loss 2.1471, time 1738.97ms, mfu 6.25%
model:LGT723F iter 11970: loss 2.3108, time 1740.67ms, mfu 6.42%
model:LGT723F iter 11980: loss 2.3828, time 1739.43ms, mfu 6.56%
model:LGT723F iter 11990: loss 2.4518, time 1740.44ms, mfu 6.70%
------average encoder activity 0.132
-----------average decoder density 0.3221
step 12000: train loss 2.3192, val loss 2.4141
saving checkpoint to out-novel-char3_LGT723F_3d25ede0cfd080d9e35756b051dcef65
done saving checkpoint to out-novel-char3_LGT723F_3d25ede0cfd080d9e35756b051dcef65
model:LGT723F iter 12000: loss 2.3458, time 29008.54ms, mfu 6.07%
model:LGT723F iter 12010: loss 2.5874, time 1741.89ms, mfu 6.25%
model:LGT723F iter 12020: loss 2.2334, time 1742.41ms, mfu 6.42%
model:LGT723F iter 12030: loss 2.5376, time 1740.26ms, mfu 6.56%
model:LGT723F iter 12040: loss 2.4463, time 1740.47ms, mfu 6.70%
------average encoder activity 0.132
-----------average decoder density 0.3442
step 12050: train loss 2.3009, val loss 2.4059
saving checkpoint to out-novel-char3_LGT723F_3d25ede0cfd080d9e35756b051dcef65
done saving checkpoint to out-novel-char3_LGT723F_3d25ede0cfd080d9e35756b051dcef65
model:LGT723F iter 12050: loss 2.3488, time 28982.29ms, mfu 6.07%
model:LGT723F iter 12060: loss 2.2133, time 1737.94ms, mfu 6.26%
model:LGT723F iter 12070: loss 2.3115, time 1748.15ms, mfu 6.42%
model:LGT723F iter 12080: loss 2.3455, time 1741.68ms, mfu 6.56%
model:LGT723F iter 12090: loss 2.1026, time 1741.05ms, mfu 6.69%
------average encoder activity 0.132
-----------average decoder density 0.3081
step 12100: train loss 2.2972, val loss 2.4152
saving checkpoint to out-novel-char3_LGT723F_3d25ede0cfd080d9e35756b051dcef65
done saving checkpoint to out-novel-char3_LGT723F_3d25ede0cfd080d9e35756b051dcef65
model:LGT723F iter 12100: loss 1.9080, time 28997.59ms, mfu 6.07%
model:LGT723F iter 12110: loss 1.9371, time 1740.26ms, mfu 6.25%
model:LGT723F iter 12120: loss 2.1459, time 1741.11ms, mfu 6.42%
model:LGT723F iter 12130: loss 2.3487, time 1738.21ms, mfu 6.56%
model:LGT723F iter 12140: loss 2.2310, time 1741.41ms, mfu 6.70%
------average encoder activity 0.133
-----------average decoder density 0.3355
step 12150: train loss 2.3140, val loss 2.3798
saving checkpoint to out-novel-char3_LGT723F_3d25ede0cfd080d9e35756b051dcef65
done saving checkpoint to out-novel-char3_LGT723F_3d25ede0cfd080d9e35756b051dcef65
model:LGT723F iter 12150: loss 2.5393, time 28825.55ms, mfu 6.07%
model:LGT723F iter 12160: loss 2.5717, time 1740.52ms, mfu 6.25%
model:LGT723F iter 12170: loss 2.2895, time 1738.07ms, mfu 6.42%
model:LGT723F iter 12180: loss 2.1369, time 1737.40ms, mfu 6.57%
model:LGT723F iter 12190: loss 2.4317, time 1738.22ms, mfu 6.70%
------average encoder activity 0.133
-----------average decoder density 0.3258
step 12200: train loss 2.2831, val loss 2.4056
saving checkpoint to out-novel-char3_LGT723F_3d25ede0cfd080d9e35756b051dcef65
done saving checkpoint to out-novel-char3_LGT723F_3d25ede0cfd080d9e35756b051dcef65
model:LGT723F iter 12200: loss 1.8051, time 28853.91ms, mfu 6.08%
model:LGT723F iter 12210: loss 1.9708, time 1739.47ms, mfu 6.26%
model:LGT723F iter 12220: loss 2.4106, time 1738.50ms, mfu 6.42%
model:LGT723F iter 12230: loss 2.1521, time 1738.27ms, mfu 6.57%
model:LGT723F iter 12240: loss 2.3717, time 1738.22ms, mfu 6.70%
------average encoder activity 0.132
-----------average decoder density 0.3047
step 12250: train loss 2.2754, val loss 2.3972
saving checkpoint to out-novel-char3_LGT723F_3d25ede0cfd080d9e35756b051dcef65
done saving checkpoint to out-novel-char3_LGT723F_3d25ede0cfd080d9e35756b051dcef65
model:LGT723F iter 12250: loss 2.2737, time 28982.88ms, mfu 6.08%
model:LGT723F iter 12260: loss 2.1850, time 1739.39ms, mfu 6.26%
model:LGT723F iter 12270: loss 2.5928, time 1739.78ms, mfu 6.42%
model:LGT723F iter 12280: loss 2.1787, time 1741.32ms, mfu 6.57%
model:LGT723F iter 12290: loss 2.4768, time 1738.61ms, mfu 6.70%
------average encoder activity 0.133
-----------average decoder density 0.3196
step 12300: train loss 2.2989, val loss 2.3943
saving checkpoint to out-novel-char3_LGT723F_3d25ede0cfd080d9e35756b051dcef65
done saving checkpoint to out-novel-char3_LGT723F_3d25ede0cfd080d9e35756b051dcef65
model:LGT723F iter 12300: loss 2.1824, time 28970.76ms, mfu 6.08%
model:LGT723F iter 12310: loss 2.1820, time 1738.11ms, mfu 6.26%
model:LGT723F iter 12320: loss 2.7695, time 1739.04ms, mfu 6.42%
model:LGT723F iter 12330: loss 2.1531, time 1738.70ms, mfu 6.57%
model:LGT723F iter 12340: loss 2.4574, time 1738.08ms, mfu 6.70%
------average encoder activity 0.133
-----------average decoder density 0.3519
step 12350: train loss 2.2937, val loss 2.3584
saving checkpoint to out-novel-char3_LGT723F_3d25ede0cfd080d9e35756b051dcef65
done saving checkpoint to out-novel-char3_LGT723F_3d25ede0cfd080d9e35756b051dcef65
model:LGT723F iter 12350: loss 1.9790, time 28972.35ms, mfu 6.08%
model:LGT723F iter 12360: loss 2.3824, time 1739.15ms, mfu 6.26%
model:LGT723F iter 12370: loss 2.2569, time 1738.45ms, mfu 6.42%
model:LGT723F iter 12380: loss 2.7446, time 1739.30ms, mfu 6.57%
model:LGT723F iter 12390: loss 1.8694, time 1738.87ms, mfu 6.70%
------average encoder activity 0.133
-----------average decoder density 0.3145
step 12400: train loss 2.2825, val loss 2.3634
saving checkpoint to out-novel-char3_LGT723F_3d25ede0cfd080d9e35756b051dcef65
done saving checkpoint to out-novel-char3_LGT723F_3d25ede0cfd080d9e35756b051dcef65
model:LGT723F iter 12400: loss 2.4445, time 29003.66ms, mfu 6.08%
model:LGT723F iter 12410: loss 2.1907, time 1740.30ms, mfu 6.26%
model:LGT723F iter 12420: loss 2.5055, time 1741.03ms, mfu 6.42%
model:LGT723F iter 12430: loss 2.1989, time 1741.01ms, mfu 6.57%
model:LGT723F iter 12440: loss 2.7189, time 1754.42ms, mfu 6.69%
------average encoder activity 0.133
-----------average decoder density 0.3519
step 12450: train loss 2.2955, val loss 2.3619
saving checkpoint to out-novel-char3_LGT723F_3d25ede0cfd080d9e35756b051dcef65
done saving checkpoint to out-novel-char3_LGT723F_3d25ede0cfd080d9e35756b051dcef65
model:LGT723F iter 12450: loss 2.2399, time 29007.09ms, mfu 6.07%
model:LGT723F iter 12460: loss 2.3795, time 1741.72ms, mfu 6.25%
model:LGT723F iter 12470: loss 2.2647, time 1740.29ms, mfu 6.42%
model:LGT723F iter 12480: loss 1.8486, time 1741.52ms, mfu 6.56%
model:LGT723F iter 12490: loss 2.3714, time 1739.79ms, mfu 6.70%
------average encoder activity 0.134
-----------average decoder density 0.3233
step 12500: train loss 2.2512, val loss 2.3628
saving checkpoint to out-novel-char3_LGT723F_3d25ede0cfd080d9e35756b051dcef65
done saving checkpoint to out-novel-char3_LGT723F_3d25ede0cfd080d9e35756b051dcef65
model:LGT723F iter 12500: loss 2.1727, time 28821.45ms, mfu 6.07%
model:LGT723F iter 12510: loss 2.1714, time 1738.73ms, mfu 6.26%
model:LGT723F iter 12520: loss 2.1608, time 1740.69ms, mfu 6.42%
model:LGT723F iter 12530: loss 2.3201, time 1738.27ms, mfu 6.57%
model:LGT723F iter 12540: loss 2.2463, time 1741.76ms, mfu 6.70%
------average encoder activity 0.135
-----------average decoder density 0.3563
step 12550: train loss 2.2613, val loss 2.3587
saving checkpoint to out-novel-char3_LGT723F_3d25ede0cfd080d9e35756b051dcef65
done saving checkpoint to out-novel-char3_LGT723F_3d25ede0cfd080d9e35756b051dcef65
model:LGT723F iter 12550: loss 2.5318, time 28851.48ms, mfu 6.08%
model:LGT723F iter 12560: loss 2.2242, time 1738.00ms, mfu 6.26%
model:LGT723F iter 12570: loss 2.5040, time 1737.50ms, mfu 6.42%
model:LGT723F iter 12580: loss 2.3371, time 1738.11ms, mfu 6.57%
model:LGT723F iter 12590: loss 2.0830, time 1737.73ms, mfu 6.70%
------average encoder activity 0.135
-----------average decoder density 0.3592
step 12600: train loss 2.3140, val loss 2.3752
saving checkpoint to out-novel-char3_LGT723F_3d25ede0cfd080d9e35756b051dcef65
done saving checkpoint to out-novel-char3_LGT723F_3d25ede0cfd080d9e35756b051dcef65
model:LGT723F iter 12600: loss 2.2789, time 28947.52ms, mfu 6.08%
model:LGT723F iter 12610: loss 2.5805, time 1741.23ms, mfu 6.26%
model:LGT723F iter 12620: loss 2.1898, time 1747.18ms, mfu 6.42%
model:LGT723F iter 12630: loss 2.4160, time 1739.05ms, mfu 6.57%
model:LGT723F iter 12640: loss 2.3659, time 1737.86ms, mfu 6.70%
------average encoder activity 0.135
-----------average decoder density 0.3360
step 12650: train loss 2.2574, val loss 2.3733
saving checkpoint to out-novel-char3_LGT723F_3d25ede0cfd080d9e35756b051dcef65
done saving checkpoint to out-novel-char3_LGT723F_3d25ede0cfd080d9e35756b051dcef65
model:LGT723F iter 12650: loss 2.2143, time 28947.18ms, mfu 6.08%
model:LGT723F iter 12660: loss 2.1554, time 1738.16ms, mfu 6.26%
model:LGT723F iter 12670: loss 2.2314, time 1738.17ms, mfu 6.42%
model:LGT723F iter 12680: loss 2.2015, time 1737.38ms, mfu 6.57%
model:LGT723F iter 12690: loss 1.9757, time 1738.32ms, mfu 6.70%
------average encoder activity 0.135
-----------average decoder density 0.3130
step 12700: train loss 2.2790, val loss 2.3639
saving checkpoint to out-novel-char3_LGT723F_3d25ede0cfd080d9e35756b051dcef65
done saving checkpoint to out-novel-char3_LGT723F_3d25ede0cfd080d9e35756b051dcef65
model:LGT723F iter 12700: loss 1.9991, time 29000.08ms, mfu 6.08%
model:LGT723F iter 12710: loss 2.2366, time 1738.09ms, mfu 6.26%
model:LGT723F iter 12720: loss 2.1967, time 1737.61ms, mfu 6.43%
model:LGT723F iter 12730: loss 1.9360, time 1737.45ms, mfu 6.57%
model:LGT723F iter 12740: loss 2.2241, time 1737.65ms, mfu 6.70%
------average encoder activity 0.136
-----------average decoder density 0.3688
step 12750: train loss 2.2628, val loss 2.3493
saving checkpoint to out-novel-char3_LGT723F_3d25ede0cfd080d9e35756b051dcef65
done saving checkpoint to out-novel-char3_LGT723F_3d25ede0cfd080d9e35756b051dcef65
model:LGT723F iter 12750: loss 2.3836, time 28967.63ms, mfu 6.08%
model:LGT723F iter 12760: loss 2.2173, time 1738.23ms, mfu 6.26%
model:LGT723F iter 12770: loss 2.5814, time 1738.78ms, mfu 6.43%
model:LGT723F iter 12780: loss 2.4008, time 1738.07ms, mfu 6.57%
model:LGT723F iter 12790: loss 2.4200, time 1737.68ms, mfu 6.71%
------average encoder activity 0.137
-----------average decoder density 0.3201
step 12800: train loss 2.2771, val loss 2.3656
saving checkpoint to out-novel-char3_LGT723F_3d25ede0cfd080d9e35756b051dcef65
done saving checkpoint to out-novel-char3_LGT723F_3d25ede0cfd080d9e35756b051dcef65
model:LGT723F iter 12800: loss 2.5792, time 28842.21ms, mfu 6.08%
model:LGT723F iter 12810: loss 2.1959, time 1738.88ms, mfu 6.26%
model:LGT723F iter 12820: loss 2.2561, time 1743.90ms, mfu 6.42%
model:LGT723F iter 12830: loss 2.0121, time 1742.55ms, mfu 6.57%
model:LGT723F iter 12840: loss 2.3789, time 1737.52ms, mfu 6.70%
------average encoder activity 0.137
-----------average decoder density 0.3226
step 12850: train loss 2.2674, val loss 2.3638
saving checkpoint to out-novel-char3_LGT723F_3d25ede0cfd080d9e35756b051dcef65
done saving checkpoint to out-novel-char3_LGT723F_3d25ede0cfd080d9e35756b051dcef65
model:LGT723F iter 12850: loss 2.2489, time 28804.57ms, mfu 6.08%
model:LGT723F iter 12860: loss 2.2389, time 1738.28ms, mfu 6.26%
model:LGT723F iter 12870: loss 2.3864, time 1738.09ms, mfu 6.42%
model:LGT723F iter 12880: loss 2.2658, time 1738.05ms, mfu 6.57%
model:LGT723F iter 12890: loss 2.4919, time 1741.36ms, mfu 6.70%
------average encoder activity 0.137
-----------average decoder density 0.3489
step 12900: train loss 2.2537, val loss 2.3481
saving checkpoint to out-novel-char3_LGT723F_3d25ede0cfd080d9e35756b051dcef65
done saving checkpoint to out-novel-char3_LGT723F_3d25ede0cfd080d9e35756b051dcef65
model:LGT723F iter 12900: loss 1.9569, time 28955.53ms, mfu 6.08%
model:LGT723F iter 12910: loss 2.3013, time 1739.91ms, mfu 6.26%
model:LGT723F iter 12920: loss 2.1902, time 1740.54ms, mfu 6.42%
model:LGT723F iter 12930: loss 1.8915, time 1740.23ms, mfu 6.57%
model:LGT723F iter 12940: loss 2.2391, time 1741.74ms, mfu 6.70%
------average encoder activity 0.138
-----------average decoder density 0.3796
step 12950: train loss 2.2605, val loss 2.3691
saving checkpoint to out-novel-char3_LGT723F_3d25ede0cfd080d9e35756b051dcef65
done saving checkpoint to out-novel-char3_LGT723F_3d25ede0cfd080d9e35756b051dcef65
model:LGT723F iter 12950: loss 2.0874, time 29120.22ms, mfu 6.08%
model:LGT723F iter 12960: loss 2.1896, time 1737.84ms, mfu 6.26%
model:LGT723F iter 12970: loss 2.5636, time 1738.45ms, mfu 6.42%
model:LGT723F iter 12980: loss 2.3677, time 1738.55ms, mfu 6.57%
model:LGT723F iter 12990: loss 2.3225, time 1739.30ms, mfu 6.70%
------average encoder activity 0.138
-----------average decoder density 0.3219
step 13000: train loss 2.2619, val loss 2.3611
saving checkpoint to out-novel-char3_LGT723F_3d25ede0cfd080d9e35756b051dcef65
done saving checkpoint to out-novel-char3_LGT723F_3d25ede0cfd080d9e35756b051dcef65
model:LGT723F iter 13000: loss 2.1383, time 29056.91ms, mfu 6.08%
model:LGT723F iter 13010: loss 2.3314, time 1738.35ms, mfu 6.26%
model:LGT723F iter 13020: loss 2.0539, time 1738.85ms, mfu 6.42%
model:LGT723F iter 13030: loss 2.4435, time 1738.86ms, mfu 6.57%
model:LGT723F iter 13040: loss 2.2981, time 1738.73ms, mfu 6.70%
------average encoder activity 0.138
-----------average decoder density 0.4301
step 13050: train loss 2.2476, val loss 2.3288
saving checkpoint to out-novel-char3_LGT723F_3d25ede0cfd080d9e35756b051dcef65
done saving checkpoint to out-novel-char3_LGT723F_3d25ede0cfd080d9e35756b051dcef65
model:LGT723F iter 13050: loss 2.1314, time 29017.45ms, mfu 6.08%
model:LGT723F iter 13060: loss 2.2136, time 1738.17ms, mfu 6.26%
model:LGT723F iter 13070: loss 2.2347, time 1737.80ms, mfu 6.43%
model:LGT723F iter 13080: loss 2.3480, time 1741.86ms, mfu 6.57%
model:LGT723F iter 13090: loss 2.2851, time 1740.11ms, mfu 6.70%
------average encoder activity 0.138
-----------average decoder density 0.3883
step 13100: train loss 2.2495, val loss 2.3518
saving checkpoint to out-novel-char3_LGT723F_3d25ede0cfd080d9e35756b051dcef65
done saving checkpoint to out-novel-char3_LGT723F_3d25ede0cfd080d9e35756b051dcef65
model:LGT723F iter 13100: loss 2.2797, time 28801.32ms, mfu 6.08%
model:LGT723F iter 13110: loss 2.1705, time 1741.84ms, mfu 6.26%
model:LGT723F iter 13120: loss 2.0445, time 1743.95ms, mfu 6.42%
model:LGT723F iter 13130: loss 2.0005, time 1740.17ms, mfu 6.57%
model:LGT723F iter 13140: loss 2.4046, time 1743.94ms, mfu 6.70%
------average encoder activity 0.139
-----------average decoder density 0.3140
step 13150: train loss 2.2528, val loss 2.3371
saving checkpoint to out-novel-char3_LGT723F_3d25ede0cfd080d9e35756b051dcef65
done saving checkpoint to out-novel-char3_LGT723F_3d25ede0cfd080d9e35756b051dcef65
model:LGT723F iter 13150: loss 2.1143, time 28855.09ms, mfu 6.08%
model:LGT723F iter 13160: loss 2.3482, time 1742.32ms, mfu 6.26%
model:LGT723F iter 13170: loss 2.3781, time 1742.48ms, mfu 6.42%
model:LGT723F iter 13180: loss 1.9420, time 1742.49ms, mfu 6.56%
model:LGT723F iter 13190: loss 2.2980, time 1743.14ms, mfu 6.69%
------average encoder activity 0.139
-----------average decoder density 0.3218
step 13200: train loss 2.2624, val loss 2.3508
saving checkpoint to out-novel-char3_LGT723F_3d25ede0cfd080d9e35756b051dcef65
done saving checkpoint to out-novel-char3_LGT723F_3d25ede0cfd080d9e35756b051dcef65
model:LGT723F iter 13200: loss 2.2704, time 29005.83ms, mfu 6.07%
model:LGT723F iter 13210: loss 1.9910, time 1737.75ms, mfu 6.25%
model:LGT723F iter 13220: loss 2.0122, time 1738.16ms, mfu 6.42%
model:LGT723F iter 13230: loss 2.5305, time 1738.26ms, mfu 6.57%
model:LGT723F iter 13240: loss 2.2592, time 1741.18ms, mfu 6.70%
------average encoder activity 0.139
-----------average decoder density 0.3566
step 13250: train loss 2.2451, val loss 2.3540
saving checkpoint to out-novel-char3_LGT723F_3d25ede0cfd080d9e35756b051dcef65
done saving checkpoint to out-novel-char3_LGT723F_3d25ede0cfd080d9e35756b051dcef65
model:LGT723F iter 13250: loss 2.2565, time 28995.24ms, mfu 6.08%
model:LGT723F iter 13260: loss 2.5902, time 1741.22ms, mfu 6.26%
model:LGT723F iter 13270: loss 2.3240, time 1740.62ms, mfu 6.42%
model:LGT723F iter 13280: loss 2.2178, time 1741.53ms, mfu 6.57%
model:LGT723F iter 13290: loss 2.5841, time 1742.10ms, mfu 6.70%
------average encoder activity 0.138
-----------average decoder density 0.3885
step 13300: train loss 2.2601, val loss 2.3317
saving checkpoint to out-novel-char3_LGT723F_3d25ede0cfd080d9e35756b051dcef65
done saving checkpoint to out-novel-char3_LGT723F_3d25ede0cfd080d9e35756b051dcef65
model:LGT723F iter 13300: loss 2.0921, time 29092.39ms, mfu 6.07%
model:LGT723F iter 13310: loss 2.4558, time 1741.68ms, mfu 6.25%
model:LGT723F iter 13320: loss 2.1579, time 1741.19ms, mfu 6.42%
model:LGT723F iter 13330: loss 2.3448, time 1741.31ms, mfu 6.56%
model:LGT723F iter 13340: loss 2.4391, time 1742.99ms, mfu 6.69%
------average encoder activity 0.139
-----------average decoder density 0.3607
step 13350: train loss 2.2167, val loss 2.3537
saving checkpoint to out-novel-char3_LGT723F_3d25ede0cfd080d9e35756b051dcef65
done saving checkpoint to out-novel-char3_LGT723F_3d25ede0cfd080d9e35756b051dcef65
model:LGT723F iter 13350: loss 2.1300, time 28953.59ms, mfu 6.07%
model:LGT723F iter 13360: loss 2.2285, time 1738.60ms, mfu 6.25%
model:LGT723F iter 13370: loss 2.0697, time 1738.11ms, mfu 6.42%
model:LGT723F iter 13380: loss 2.5932, time 1738.24ms, mfu 6.57%
model:LGT723F iter 13390: loss 1.7682, time 1737.64ms, mfu 6.70%
------average encoder activity 0.139
-----------average decoder density 0.3200
step 13400: train loss 2.2374, val loss 2.3077
saving checkpoint to out-novel-char3_LGT723F_3d25ede0cfd080d9e35756b051dcef65
done saving checkpoint to out-novel-char3_LGT723F_3d25ede0cfd080d9e35756b051dcef65
model:LGT723F iter 13400: loss 2.2622, time 28953.98ms, mfu 6.08%
model:LGT723F iter 13410: loss 2.0011, time 1737.53ms, mfu 6.26%
model:LGT723F iter 13420: loss 1.9790, time 1740.77ms, mfu 6.42%
model:LGT723F iter 13430: loss 2.0686, time 1740.60ms, mfu 6.57%
model:LGT723F iter 13440: loss 2.1417, time 1740.78ms, mfu 6.70%
------average encoder activity 0.139
-----------average decoder density 0.3360
step 13450: train loss 2.2233, val loss 2.3497
saving checkpoint to out-novel-char3_LGT723F_3d25ede0cfd080d9e35756b051dcef65
done saving checkpoint to out-novel-char3_LGT723F_3d25ede0cfd080d9e35756b051dcef65
model:LGT723F iter 13450: loss 2.2424, time 28812.70ms, mfu 6.08%
model:LGT723F iter 13460: loss 2.0436, time 1741.23ms, mfu 6.26%
model:LGT723F iter 13470: loss 2.3409, time 1739.92ms, mfu 6.42%
model:LGT723F iter 13480: loss 2.2362, time 1740.46ms, mfu 6.57%
model:LGT723F iter 13490: loss 2.2549, time 1741.40ms, mfu 6.70%
------average encoder activity 0.139
-----------average decoder density 0.3163
step 13500: train loss 2.2168, val loss 2.3410
saving checkpoint to out-novel-char3_LGT723F_3d25ede0cfd080d9e35756b051dcef65
done saving checkpoint to out-novel-char3_LGT723F_3d25ede0cfd080d9e35756b051dcef65
model:LGT723F iter 13500: loss 2.3089, time 28833.65ms, mfu 6.08%
model:LGT723F iter 13510: loss 2.3404, time 1741.31ms, mfu 6.26%
model:LGT723F iter 13520: loss 2.6708, time 1738.04ms, mfu 6.42%
model:LGT723F iter 13530: loss 2.4277, time 1738.26ms, mfu 6.57%
model:LGT723F iter 13540: loss 1.9762, time 1740.66ms, mfu 6.70%
------average encoder activity 0.139
-----------average decoder density 0.3365
step 13550: train loss 2.2207, val loss 2.3258
saving checkpoint to out-novel-char3_LGT723F_3d25ede0cfd080d9e35756b051dcef65
done saving checkpoint to out-novel-char3_LGT723F_3d25ede0cfd080d9e35756b051dcef65
model:LGT723F iter 13550: loss 2.1114, time 28979.92ms, mfu 6.08%
model:LGT723F iter 13560: loss 2.2967, time 1741.31ms, mfu 6.26%
model:LGT723F iter 13570: loss 2.2723, time 1740.90ms, mfu 6.42%
model:LGT723F iter 13580: loss 2.2734, time 1740.97ms, mfu 6.57%
model:LGT723F iter 13590: loss 2.4867, time 1740.94ms, mfu 6.70%
------average encoder activity 0.139
-----------average decoder density 0.3954
step 13600: train loss 2.2344, val loss 2.3357
saving checkpoint to out-novel-char3_LGT723F_3d25ede0cfd080d9e35756b051dcef65
done saving checkpoint to out-novel-char3_LGT723F_3d25ede0cfd080d9e35756b051dcef65
model:LGT723F iter 13600: loss 2.0881, time 29007.31ms, mfu 6.08%
model:LGT723F iter 13610: loss 2.1122, time 1738.29ms, mfu 6.26%
model:LGT723F iter 13620: loss 2.2426, time 1739.86ms, mfu 6.42%
model:LGT723F iter 13630: loss 2.2104, time 1739.82ms, mfu 6.57%
model:LGT723F iter 13640: loss 2.2331, time 1739.02ms, mfu 6.70%
------average encoder activity 0.139
-----------average decoder density 0.3449
step 13650: train loss 2.2105, val loss 2.3200
saving checkpoint to out-novel-char3_LGT723F_3d25ede0cfd080d9e35756b051dcef65
done saving checkpoint to out-novel-char3_LGT723F_3d25ede0cfd080d9e35756b051dcef65
model:LGT723F iter 13650: loss 2.0978, time 28975.16ms, mfu 6.08%
model:LGT723F iter 13660: loss 2.3380, time 1738.75ms, mfu 6.26%
model:LGT723F iter 13670: loss 2.4504, time 1738.11ms, mfu 6.42%
model:LGT723F iter 13680: loss 2.1578, time 1738.10ms, mfu 6.57%
model:LGT723F iter 13690: loss 2.5001, time 1738.62ms, mfu 6.70%
------average encoder activity 0.139
-----------average decoder density 0.3708
step 13700: train loss 2.2091, val loss 2.3420
saving checkpoint to out-novel-char3_LGT723F_3d25ede0cfd080d9e35756b051dcef65
done saving checkpoint to out-novel-char3_LGT723F_3d25ede0cfd080d9e35756b051dcef65
model:LGT723F iter 13700: loss 2.3926, time 29004.09ms, mfu 6.08%
model:LGT723F iter 13710: loss 2.4055, time 1740.90ms, mfu 6.26%
model:LGT723F iter 13720: loss 2.7324, time 1741.20ms, mfu 6.42%
model:LGT723F iter 13730: loss 2.4034, time 1740.77ms, mfu 6.57%
model:LGT723F iter 13740: loss 2.2891, time 1742.17ms, mfu 6.70%
------average encoder activity 0.139
-----------average decoder density 0.3427
step 13750: train loss 2.2124, val loss 2.3401
saving checkpoint to out-novel-char3_LGT723F_3d25ede0cfd080d9e35756b051dcef65
done saving checkpoint to out-novel-char3_LGT723F_3d25ede0cfd080d9e35756b051dcef65
model:LGT723F iter 13750: loss 2.6701, time 28820.76ms, mfu 6.08%
model:LGT723F iter 13760: loss 2.0244, time 1742.07ms, mfu 6.26%
model:LGT723F iter 13770: loss 2.2010, time 1742.70ms, mfu 6.42%
model:LGT723F iter 13780: loss 2.2901, time 1743.15ms, mfu 6.56%
model:LGT723F iter 13790: loss 1.8028, time 1742.91ms, mfu 6.70%
------average encoder activity 0.139
-----------average decoder density 0.3808
step 13800: train loss 2.2405, val loss 2.3139
saving checkpoint to out-novel-char3_LGT723F_3d25ede0cfd080d9e35756b051dcef65
done saving checkpoint to out-novel-char3_LGT723F_3d25ede0cfd080d9e35756b051dcef65
model:LGT723F iter 13800: loss 2.2215, time 28811.32ms, mfu 6.07%
model:LGT723F iter 13810: loss 2.1370, time 1743.18ms, mfu 6.25%
model:LGT723F iter 13820: loss 2.2878, time 1738.94ms, mfu 6.42%
model:LGT723F iter 13830: loss 2.0717, time 1741.73ms, mfu 6.56%
model:LGT723F iter 13840: loss 2.3200, time 1741.09ms, mfu 6.70%
------average encoder activity 0.139
-----------average decoder density 0.3492
step 13850: train loss 2.2135, val loss 2.3622
saving checkpoint to out-novel-char3_LGT723F_3d25ede0cfd080d9e35756b051dcef65
done saving checkpoint to out-novel-char3_LGT723F_3d25ede0cfd080d9e35756b051dcef65
model:LGT723F iter 13850: loss 2.4036, time 29035.79ms, mfu 6.07%
model:LGT723F iter 13860: loss 2.0443, time 1743.58ms, mfu 6.25%
model:LGT723F iter 13870: loss 2.0872, time 1743.08ms, mfu 6.41%
model:LGT723F iter 13880: loss 2.4028, time 1742.31ms, mfu 6.56%
model:LGT723F iter 13890: loss 2.1765, time 1741.12ms, mfu 6.69%
------average encoder activity 0.140
-----------average decoder density 0.3801
step 13900: train loss 2.2502, val loss 2.3238
saving checkpoint to out-novel-char3_LGT723F_3d25ede0cfd080d9e35756b051dcef65
done saving checkpoint to out-novel-char3_LGT723F_3d25ede0cfd080d9e35756b051dcef65
model:LGT723F iter 13900: loss 2.7300, time 29002.91ms, mfu 6.07%
model:LGT723F iter 13910: loss 2.1517, time 1741.25ms, mfu 6.25%
model:LGT723F iter 13920: loss 1.9852, time 1759.57ms, mfu 6.41%
model:LGT723F iter 13930: loss 2.5042, time 1741.16ms, mfu 6.55%
model:LGT723F iter 13940: loss 2.5870, time 1741.36ms, mfu 6.69%
------average encoder activity 0.139
-----------average decoder density 0.3627
step 13950: train loss 2.2196, val loss 2.3387
saving checkpoint to out-novel-char3_LGT723F_3d25ede0cfd080d9e35756b051dcef65
done saving checkpoint to out-novel-char3_LGT723F_3d25ede0cfd080d9e35756b051dcef65
model:LGT723F iter 13950: loss 2.0834, time 28940.36ms, mfu 6.07%
model:LGT723F iter 13960: loss 2.0961, time 1741.86ms, mfu 6.25%
model:LGT723F iter 13970: loss 2.2050, time 1741.66ms, mfu 6.41%
model:LGT723F iter 13980: loss 2.1873, time 1741.41ms, mfu 6.56%
model:LGT723F iter 13990: loss 1.9561, time 1742.68ms, mfu 6.69%
------average encoder activity 0.140
-----------average decoder density 0.3232
step 14000: train loss 2.2055, val loss 2.3032
saving checkpoint to out-novel-char3_LGT723F_3d25ede0cfd080d9e35756b051dcef65
done saving checkpoint to out-novel-char3_LGT723F_3d25ede0cfd080d9e35756b051dcef65
model:LGT723F iter 14000: loss 2.4005, time 28931.52ms, mfu 6.07%
model:LGT723F iter 14010: loss 2.2677, time 1741.71ms, mfu 6.25%
model:LGT723F iter 14020: loss 2.5285, time 1741.20ms, mfu 6.41%
model:LGT723F iter 14030: loss 2.0506, time 1740.44ms, mfu 6.56%
model:LGT723F iter 14040: loss 2.0883, time 1741.40ms, mfu 6.69%
------average encoder activity 0.139
-----------average decoder density 0.4194
step 14050: train loss 2.2140, val loss 2.3047
saving checkpoint to out-novel-char3_LGT723F_3d25ede0cfd080d9e35756b051dcef65
done saving checkpoint to out-novel-char3_LGT723F_3d25ede0cfd080d9e35756b051dcef65
model:LGT723F iter 14050: loss 2.0340, time 28968.28ms, mfu 6.07%
model:LGT723F iter 14060: loss 2.2202, time 1739.62ms, mfu 6.25%
model:LGT723F iter 14070: loss 2.3339, time 1743.17ms, mfu 6.41%
model:LGT723F iter 14080: loss 2.0740, time 1739.39ms, mfu 6.56%
model:LGT723F iter 14090: loss 2.0909, time 1737.24ms, mfu 6.70%
------average encoder activity 0.140
-----------average decoder density 0.3832
step 14100: train loss 2.2081, val loss 2.3179
saving checkpoint to out-novel-char3_LGT723F_3d25ede0cfd080d9e35756b051dcef65
done saving checkpoint to out-novel-char3_LGT723F_3d25ede0cfd080d9e35756b051dcef65
model:LGT723F iter 14100: loss 2.2520, time 28812.85ms, mfu 6.07%
model:LGT723F iter 14110: loss 2.2407, time 1741.62ms, mfu 6.25%
model:LGT723F iter 14120: loss 2.3296, time 1739.31ms, mfu 6.42%
model:LGT723F iter 14130: loss 2.4743, time 1747.68ms, mfu 6.56%
model:LGT723F iter 14140: loss 2.4713, time 1741.96ms, mfu 6.69%
------average encoder activity 0.140
-----------average decoder density 0.3844
step 14150: train loss 2.2463, val loss 2.2855
saving checkpoint to out-novel-char3_LGT723F_3d25ede0cfd080d9e35756b051dcef65
done saving checkpoint to out-novel-char3_LGT723F_3d25ede0cfd080d9e35756b051dcef65
model:LGT723F iter 14150: loss 2.4399, time 28859.71ms, mfu 6.07%
model:LGT723F iter 14160: loss 2.1865, time 1741.41ms, mfu 6.25%
model:LGT723F iter 14170: loss 2.2689, time 1742.03ms, mfu 6.41%
model:LGT723F iter 14180: loss 2.5252, time 1741.20ms, mfu 6.56%
model:LGT723F iter 14190: loss 2.1315, time 1741.30ms, mfu 6.69%
------average encoder activity 0.140
-----------average decoder density 0.4270
step 14200: train loss 2.2066, val loss 2.3152
saving checkpoint to out-novel-char3_LGT723F_3d25ede0cfd080d9e35756b051dcef65
done saving checkpoint to out-novel-char3_LGT723F_3d25ede0cfd080d9e35756b051dcef65
model:LGT723F iter 14200: loss 2.2922, time 28858.58ms, mfu 6.07%
model:LGT723F iter 14210: loss 2.5087, time 1744.41ms, mfu 6.25%
model:LGT723F iter 14220: loss 2.4052, time 1741.07ms, mfu 6.41%
model:LGT723F iter 14230: loss 2.1432, time 1738.64ms, mfu 6.56%
model:LGT723F iter 14240: loss 2.3121, time 1741.25ms, mfu 6.69%
------average encoder activity 0.141
-----------average decoder density 0.3316
step 14250: train loss 2.2067, val loss 2.3578
saving checkpoint to out-novel-char3_LGT723F_3d25ede0cfd080d9e35756b051dcef65
done saving checkpoint to out-novel-char3_LGT723F_3d25ede0cfd080d9e35756b051dcef65
model:LGT723F iter 14250: loss 2.4445, time 28975.00ms, mfu 6.07%
model:LGT723F iter 14260: loss 2.1833, time 1739.11ms, mfu 6.25%
model:LGT723F iter 14270: loss 2.1900, time 1739.41ms, mfu 6.42%
model:LGT723F iter 14280: loss 2.2684, time 1738.91ms, mfu 6.57%
model:LGT723F iter 14290: loss 2.0540, time 1739.56ms, mfu 6.70%
------average encoder activity 0.140
-----------average decoder density 0.3624
step 14300: train loss 2.1996, val loss 2.3279
saving checkpoint to out-novel-char3_LGT723F_3d25ede0cfd080d9e35756b051dcef65
done saving checkpoint to out-novel-char3_LGT723F_3d25ede0cfd080d9e35756b051dcef65
model:LGT723F iter 14300: loss 2.0675, time 29168.87ms, mfu 6.07%
model:LGT723F iter 14310: loss 2.3067, time 1737.46ms, mfu 6.26%
model:LGT723F iter 14320: loss 2.3394, time 1736.51ms, mfu 6.42%
model:LGT723F iter 14330: loss 1.9301, time 1736.26ms, mfu 6.57%
model:LGT723F iter 14340: loss 1.8935, time 1736.34ms, mfu 6.70%
------average encoder activity 0.140
-----------average decoder density 0.3425
step 14350: train loss 2.1857, val loss 2.2869
saving checkpoint to out-novel-char3_LGT723F_3d25ede0cfd080d9e35756b051dcef65
done saving checkpoint to out-novel-char3_LGT723F_3d25ede0cfd080d9e35756b051dcef65
model:LGT723F iter 14350: loss 2.3667, time 28958.72ms, mfu 6.08%
model:LGT723F iter 14360: loss 2.2756, time 1737.25ms, mfu 6.26%
model:LGT723F iter 14370: loss 1.9464, time 1737.65ms, mfu 6.43%
model:LGT723F iter 14380: loss 2.2785, time 1737.59ms, mfu 6.57%
model:LGT723F iter 14390: loss 2.4395, time 1737.73ms, mfu 6.71%
------average encoder activity 0.140
-----------average decoder density 0.3284
step 14400: train loss 2.1856, val loss 2.3065
saving checkpoint to out-novel-char3_LGT723F_3d25ede0cfd080d9e35756b051dcef65
done saving checkpoint to out-novel-char3_LGT723F_3d25ede0cfd080d9e35756b051dcef65
model:LGT723F iter 14400: loss 2.1028, time 28950.44ms, mfu 6.08%
model:LGT723F iter 14410: loss 2.2701, time 1742.76ms, mfu 6.26%
model:LGT723F iter 14420: loss 1.8762, time 1742.66ms, mfu 6.42%
model:LGT723F iter 14430: loss 2.1526, time 1743.32ms, mfu 6.57%
model:LGT723F iter 14440: loss 2.2287, time 1741.18ms, mfu 6.70%
------average encoder activity 0.141
-----------average decoder density 0.3942
step 14450: train loss 2.2010, val loss 2.3109
saving checkpoint to out-novel-char3_LGT723F_3d25ede0cfd080d9e35756b051dcef65
done saving checkpoint to out-novel-char3_LGT723F_3d25ede0cfd080d9e35756b051dcef65
model:LGT723F iter 14450: loss 2.1370, time 28824.95ms, mfu 6.08%
model:LGT723F iter 14460: loss 2.2878, time 1741.94ms, mfu 6.26%
model:LGT723F iter 14470: loss 2.2324, time 1743.56ms, mfu 6.42%
model:LGT723F iter 14480: loss 2.3393, time 1743.16ms, mfu 6.56%
model:LGT723F iter 14490: loss 2.1304, time 1742.79ms, mfu 6.70%
------average encoder activity 0.140
-----------average decoder density 0.3437
step 14500: train loss 2.1900, val loss 2.3136
saving checkpoint to out-novel-char3_LGT723F_3d25ede0cfd080d9e35756b051dcef65
done saving checkpoint to out-novel-char3_LGT723F_3d25ede0cfd080d9e35756b051dcef65
model:LGT723F iter 14500: loss 2.0563, time 29040.98ms, mfu 6.07%
model:LGT723F iter 14510: loss 2.6269, time 1740.77ms, mfu 6.25%
model:LGT723F iter 14520: loss 2.0330, time 1739.87ms, mfu 6.42%
model:LGT723F iter 14530: loss 2.3560, time 1740.46ms, mfu 6.56%
model:LGT723F iter 14540: loss 2.2974, time 1740.63ms, mfu 6.70%
------average encoder activity 0.140
-----------average decoder density 0.3449
step 14550: train loss 2.2003, val loss 2.2869
saving checkpoint to out-novel-char3_LGT723F_3d25ede0cfd080d9e35756b051dcef65
done saving checkpoint to out-novel-char3_LGT723F_3d25ede0cfd080d9e35756b051dcef65
model:LGT723F iter 14550: loss 2.1904, time 29003.35ms, mfu 6.07%
model:LGT723F iter 14560: loss 2.1006, time 1738.87ms, mfu 6.26%
model:LGT723F iter 14570: loss 2.3523, time 1738.65ms, mfu 6.42%
model:LGT723F iter 14580: loss 2.3141, time 1739.48ms, mfu 6.57%
model:LGT723F iter 14590: loss 2.3045, time 1738.66ms, mfu 6.70%
------average encoder activity 0.141
-----------average decoder density 0.3605
step 14600: train loss 2.1876, val loss 2.3117
saving checkpoint to out-novel-char3_LGT723F_3d25ede0cfd080d9e35756b051dcef65
done saving checkpoint to out-novel-char3_LGT723F_3d25ede0cfd080d9e35756b051dcef65
model:LGT723F iter 14600: loss 2.2493, time 28908.38ms, mfu 6.08%
model:LGT723F iter 14610: loss 2.0355, time 1738.55ms, mfu 6.26%
model:LGT723F iter 14620: loss 2.5504, time 1738.42ms, mfu 6.42%
model:LGT723F iter 14630: loss 2.4405, time 1741.52ms, mfu 6.57%
model:LGT723F iter 14640: loss 2.3978, time 1739.53ms, mfu 6.70%
------average encoder activity 0.141
-----------average decoder density 0.3387
step 14650: train loss 2.1760, val loss 2.3088
saving checkpoint to out-novel-char3_LGT723F_3d25ede0cfd080d9e35756b051dcef65
done saving checkpoint to out-novel-char3_LGT723F_3d25ede0cfd080d9e35756b051dcef65
model:LGT723F iter 14650: loss 2.1105, time 28983.77ms, mfu 6.08%
model:LGT723F iter 14660: loss 2.1863, time 1738.23ms, mfu 6.26%
model:LGT723F iter 14670: loss 2.5377, time 1739.50ms, mfu 6.42%
model:LGT723F iter 14680: loss 2.2354, time 1739.19ms, mfu 6.57%
model:LGT723F iter 14690: loss 2.2540, time 1739.31ms, mfu 6.70%
------average encoder activity 0.142
-----------average decoder density 0.3505
step 14700: train loss 2.1698, val loss 2.3126
saving checkpoint to out-novel-char3_LGT723F_3d25ede0cfd080d9e35756b051dcef65
done saving checkpoint to out-novel-char3_LGT723F_3d25ede0cfd080d9e35756b051dcef65
model:LGT723F iter 14700: loss 1.9708, time 28955.98ms, mfu 6.08%
model:LGT723F iter 14710: loss 2.0499, time 1738.00ms, mfu 6.26%
model:LGT723F iter 14720: loss 2.1611, time 1739.45ms, mfu 6.42%
model:LGT723F iter 14730: loss 2.1594, time 1739.40ms, mfu 6.57%
model:LGT723F iter 14740: loss 2.1021, time 1739.46ms, mfu 6.70%
------average encoder activity 0.142
-----------average decoder density 0.3806
step 14750: train loss 2.1754, val loss 2.3103
saving checkpoint to out-novel-char3_LGT723F_3d25ede0cfd080d9e35756b051dcef65
done saving checkpoint to out-novel-char3_LGT723F_3d25ede0cfd080d9e35756b051dcef65
model:LGT723F iter 14750: loss 2.1702, time 28801.67ms, mfu 6.08%
model:LGT723F iter 14760: loss 2.2056, time 1741.77ms, mfu 6.26%
model:LGT723F iter 14770: loss 2.3539, time 1742.28ms, mfu 6.42%
model:LGT723F iter 14780: loss 2.5767, time 1742.00ms, mfu 6.57%
model:LGT723F iter 14790: loss 2.3042, time 1741.53ms, mfu 6.70%
------average encoder activity 0.143
-----------average decoder density 0.3394
step 14800: train loss 2.1787, val loss 2.2929
saving checkpoint to out-novel-char3_LGT723F_3d25ede0cfd080d9e35756b051dcef65
done saving checkpoint to out-novel-char3_LGT723F_3d25ede0cfd080d9e35756b051dcef65
model:LGT723F iter 14800: loss 2.0950, time 28894.84ms, mfu 6.08%
model:LGT723F iter 14810: loss 2.1912, time 1739.58ms, mfu 6.26%
model:LGT723F iter 14820: loss 2.2288, time 1739.68ms, mfu 6.42%
model:LGT723F iter 14830: loss 2.1179, time 1739.70ms, mfu 6.57%
model:LGT723F iter 14840: loss 2.1800, time 1736.92ms, mfu 6.70%
------average encoder activity 0.143
-----------average decoder density 0.3741
step 14850: train loss 2.1840, val loss 2.3056
saving checkpoint to out-novel-char3_LGT723F_3d25ede0cfd080d9e35756b051dcef65
done saving checkpoint to out-novel-char3_LGT723F_3d25ede0cfd080d9e35756b051dcef65
model:LGT723F iter 14850: loss 2.5511, time 29009.83ms, mfu 6.08%
model:LGT723F iter 14860: loss 2.1336, time 1740.81ms, mfu 6.26%
model:LGT723F iter 14870: loss 2.1044, time 1740.78ms, mfu 6.42%
model:LGT723F iter 14880: loss 2.1040, time 1741.01ms, mfu 6.57%
model:LGT723F iter 14890: loss 1.9568, time 1740.75ms, mfu 6.70%
------average encoder activity 0.143
-----------average decoder density 0.3674
step 14900: train loss 2.1573, val loss 2.2815
saving checkpoint to out-novel-char3_LGT723F_3d25ede0cfd080d9e35756b051dcef65
done saving checkpoint to out-novel-char3_LGT723F_3d25ede0cfd080d9e35756b051dcef65
model:LGT723F iter 14900: loss 2.0618, time 28918.72ms, mfu 6.08%
model:LGT723F iter 14910: loss 2.3090, time 1737.48ms, mfu 6.26%
model:LGT723F iter 14920: loss 2.1307, time 1738.23ms, mfu 6.42%
model:LGT723F iter 14930: loss 2.1239, time 1741.00ms, mfu 6.57%
model:LGT723F iter 14940: loss 1.8964, time 1741.97ms, mfu 6.70%
------average encoder activity 0.143
-----------average decoder density 0.3248
step 14950: train loss 2.1724, val loss 2.2992
saving checkpoint to out-novel-char3_LGT723F_3d25ede0cfd080d9e35756b051dcef65
done saving checkpoint to out-novel-char3_LGT723F_3d25ede0cfd080d9e35756b051dcef65
model:LGT723F iter 14950: loss 2.1857, time 28979.18ms, mfu 6.08%
model:LGT723F iter 14960: loss 2.1527, time 1741.15ms, mfu 6.26%
model:LGT723F iter 14970: loss 2.0778, time 1741.33ms, mfu 6.42%
model:LGT723F iter 14980: loss 2.3810, time 1742.13ms, mfu 6.57%
model:LGT723F iter 14990: loss 1.9500, time 1741.30ms, mfu 6.70%
------average encoder activity 0.143
-----------average decoder density 0.3440
step 15000: train loss 2.1610, val loss 2.2889
saving checkpoint to out-novel-char3_LGT723F_3d25ede0cfd080d9e35756b051dcef65
done saving checkpoint to out-novel-char3_LGT723F_3d25ede0cfd080d9e35756b051dcef65
model:LGT723F iter 15000: loss 1.9467, time 28979.46ms, mfu 6.07%
model:LGT723F iter 15010: loss 2.2621, time 1741.24ms, mfu 6.26%
model:LGT723F iter 15020: loss 2.1578, time 1740.31ms, mfu 6.42%
model:LGT723F iter 15030: loss 1.9890, time 1740.19ms, mfu 6.57%
model:LGT723F iter 15040: loss 2.0482, time 1740.44ms, mfu 6.70%
------average encoder activity 0.144
-----------average decoder density 0.3912
step 15050: train loss 2.1542, val loss 2.2840
saving checkpoint to out-novel-char3_LGT723F_3d25ede0cfd080d9e35756b051dcef65
done saving checkpoint to out-novel-char3_LGT723F_3d25ede0cfd080d9e35756b051dcef65
model:LGT723F iter 15050: loss 2.1652, time 28927.50ms, mfu 6.08%
model:LGT723F iter 15060: loss 2.2562, time 1741.12ms, mfu 6.26%
model:LGT723F iter 15070: loss 2.2217, time 1742.71ms, mfu 6.42%
model:LGT723F iter 15080: loss 2.2762, time 1740.97ms, mfu 6.56%
model:LGT723F iter 15090: loss 2.1273, time 1741.07ms, mfu 6.70%
------average encoder activity 0.144
-----------average decoder density 0.3392
step 15100: train loss 2.1692, val loss 2.2961
saving checkpoint to out-novel-char3_LGT723F_3d25ede0cfd080d9e35756b051dcef65
done saving checkpoint to out-novel-char3_LGT723F_3d25ede0cfd080d9e35756b051dcef65
model:LGT723F iter 15100: loss 1.6924, time 28852.22ms, mfu 6.07%
model:LGT723F iter 15110: loss 2.1865, time 1739.31ms, mfu 6.26%
model:LGT723F iter 15120: loss 1.9698, time 1739.02ms, mfu 6.42%
model:LGT723F iter 15130: loss 1.9857, time 1739.49ms, mfu 6.57%
model:LGT723F iter 15140: loss 2.2867, time 1742.50ms, mfu 6.70%
------average encoder activity 0.144
-----------average decoder density 0.3566
step 15150: train loss 2.1774, val loss 2.2869
saving checkpoint to out-novel-char3_LGT723F_3d25ede0cfd080d9e35756b051dcef65
done saving checkpoint to out-novel-char3_LGT723F_3d25ede0cfd080d9e35756b051dcef65
model:LGT723F iter 15150: loss 2.0482, time 28977.65ms, mfu 6.08%
model:LGT723F iter 15160: loss 1.9875, time 1740.00ms, mfu 6.26%
model:LGT723F iter 15170: loss 2.2195, time 1739.60ms, mfu 6.42%
model:LGT723F iter 15180: loss 2.1759, time 1740.61ms, mfu 6.57%
model:LGT723F iter 15190: loss 2.0064, time 1740.23ms, mfu 6.70%
------average encoder activity 0.144
-----------average decoder density 0.3859
step 15200: train loss 2.1581, val loss 2.2914
saving checkpoint to out-novel-char3_LGT723F_3d25ede0cfd080d9e35756b051dcef65
done saving checkpoint to out-novel-char3_LGT723F_3d25ede0cfd080d9e35756b051dcef65
model:LGT723F iter 15200: loss 2.3846, time 28992.52ms, mfu 6.08%
model:LGT723F iter 15210: loss 1.8978, time 1741.22ms, mfu 6.26%
model:LGT723F iter 15220: loss 1.8586, time 1740.40ms, mfu 6.42%
model:LGT723F iter 15230: loss 1.9773, time 1740.50ms, mfu 6.57%
model:LGT723F iter 15240: loss 2.2336, time 1741.61ms, mfu 6.70%
------average encoder activity 0.144
-----------average decoder density 0.4012
step 15250: train loss 2.1687, val loss 2.2976
saving checkpoint to out-novel-char3_LGT723F_3d25ede0cfd080d9e35756b051dcef65
done saving checkpoint to out-novel-char3_LGT723F_3d25ede0cfd080d9e35756b051dcef65
model:LGT723F iter 15250: loss 1.9184, time 28960.19ms, mfu 6.07%
model:LGT723F iter 15260: loss 2.1492, time 1741.02ms, mfu 6.26%
model:LGT723F iter 15270: loss 2.1545, time 1741.34ms, mfu 6.42%
model:LGT723F iter 15280: loss 2.1676, time 1740.61ms, mfu 6.56%
model:LGT723F iter 15290: loss 2.0775, time 1748.64ms, mfu 6.69%
------average encoder activity 0.144
-----------average decoder density 0.3189
step 15300: train loss 2.1695, val loss 2.3072
saving checkpoint to out-novel-char3_LGT723F_3d25ede0cfd080d9e35756b051dcef65
done saving checkpoint to out-novel-char3_LGT723F_3d25ede0cfd080d9e35756b051dcef65
model:LGT723F iter 15300: loss 2.0204, time 28966.33ms, mfu 6.07%
model:LGT723F iter 15310: loss 2.3185, time 1741.88ms, mfu 6.25%
model:LGT723F iter 15320: loss 2.1233, time 1740.74ms, mfu 6.42%
model:LGT723F iter 15330: loss 1.9538, time 1741.04ms, mfu 6.56%
model:LGT723F iter 15340: loss 2.2504, time 1741.44ms, mfu 6.69%
------average encoder activity 0.144
-----------average decoder density 0.3369
step 15350: train loss 2.1480, val loss 2.2936
saving checkpoint to out-novel-char3_LGT723F_3d25ede0cfd080d9e35756b051dcef65
done saving checkpoint to out-novel-char3_LGT723F_3d25ede0cfd080d9e35756b051dcef65
model:LGT723F iter 15350: loss 2.3308, time 29001.56ms, mfu 6.07%
model:LGT723F iter 15360: loss 2.1686, time 1742.56ms, mfu 6.25%
model:LGT723F iter 15370: loss 2.1724, time 1741.76ms, mfu 6.41%
model:LGT723F iter 15380: loss 2.1206, time 1741.75ms, mfu 6.56%
model:LGT723F iter 15390: loss 1.9952, time 1738.86ms, mfu 6.69%
------average encoder activity 0.145
-----------average decoder density 0.3566
step 15400: train loss 2.1495, val loss 2.2631
saving checkpoint to out-novel-char3_LGT723F_3d25ede0cfd080d9e35756b051dcef65
done saving checkpoint to out-novel-char3_LGT723F_3d25ede0cfd080d9e35756b051dcef65
model:LGT723F iter 15400: loss 2.1571, time 28956.92ms, mfu 6.07%
model:LGT723F iter 15410: loss 2.2756, time 1741.02ms, mfu 6.25%
model:LGT723F iter 15420: loss 2.2983, time 1740.94ms, mfu 6.42%
model:LGT723F iter 15430: loss 1.9860, time 1741.12ms, mfu 6.56%
model:LGT723F iter 15440: loss 2.3310, time 1741.56ms, mfu 6.69%
------average encoder activity 0.145
-----------average decoder density 0.3436
step 15450: train loss 2.1669, val loss 2.2635
saving checkpoint to out-novel-char3_LGT723F_3d25ede0cfd080d9e35756b051dcef65
done saving checkpoint to out-novel-char3_LGT723F_3d25ede0cfd080d9e35756b051dcef65
model:LGT723F iter 15450: loss 2.2147, time 28740.85ms, mfu 6.07%
model:LGT723F iter 15460: loss 2.4079, time 1741.69ms, mfu 6.25%
model:LGT723F iter 15470: loss 2.1775, time 1742.75ms, mfu 6.42%
model:LGT723F iter 15480: loss 2.1810, time 1744.35ms, mfu 6.56%
model:LGT723F iter 15490: loss 2.4169, time 1741.32ms, mfu 6.69%
------average encoder activity 0.145
-----------average decoder density 0.4022
step 15500: train loss 2.1628, val loss 2.2880
saving checkpoint to out-novel-char3_LGT723F_3d25ede0cfd080d9e35756b051dcef65
done saving checkpoint to out-novel-char3_LGT723F_3d25ede0cfd080d9e35756b051dcef65
model:LGT723F iter 15500: loss 2.6088, time 28961.41ms, mfu 6.07%
model:LGT723F iter 15510: loss 1.9114, time 1742.57ms, mfu 6.25%
model:LGT723F iter 15520: loss 2.0285, time 1741.12ms, mfu 6.41%
model:LGT723F iter 15530: loss 2.0210, time 1745.70ms, mfu 6.56%
model:LGT723F iter 15540: loss 1.9583, time 1740.05ms, mfu 6.69%
------average encoder activity 0.145
-----------average decoder density 0.4051
step 15550: train loss 2.1278, val loss 2.2821
saving checkpoint to out-novel-char3_LGT723F_3d25ede0cfd080d9e35756b051dcef65
done saving checkpoint to out-novel-char3_LGT723F_3d25ede0cfd080d9e35756b051dcef65
model:LGT723F iter 15550: loss 1.8813, time 28856.65ms, mfu 6.07%
model:LGT723F iter 15560: loss 2.1750, time 1738.76ms, mfu 6.25%
model:LGT723F iter 15570: loss 2.0106, time 1738.40ms, mfu 6.42%
model:LGT723F iter 15580: loss 2.2916, time 1742.68ms, mfu 6.56%
model:LGT723F iter 15590: loss 1.9547, time 1742.81ms, mfu 6.69%
------average encoder activity 0.145
-----------average decoder density 0.3490
step 15600: train loss 2.1537, val loss 2.2693
saving checkpoint to out-novel-char3_LGT723F_3d25ede0cfd080d9e35756b051dcef65
done saving checkpoint to out-novel-char3_LGT723F_3d25ede0cfd080d9e35756b051dcef65
model:LGT723F iter 15600: loss 2.0022, time 28914.58ms, mfu 6.07%
model:LGT723F iter 15610: loss 2.1490, time 1743.08ms, mfu 6.25%
model:LGT723F iter 15620: loss 2.3597, time 1740.94ms, mfu 6.42%
model:LGT723F iter 15630: loss 2.2690, time 1741.02ms, mfu 6.56%
model:LGT723F iter 15640: loss 2.2877, time 1741.60ms, mfu 6.69%
------average encoder activity 0.146
-----------average decoder density 0.3461
step 15650: train loss 2.1229, val loss 2.2747
saving checkpoint to out-novel-char3_LGT723F_3d25ede0cfd080d9e35756b051dcef65
done saving checkpoint to out-novel-char3_LGT723F_3d25ede0cfd080d9e35756b051dcef65
model:LGT723F iter 15650: loss 2.1154, time 28899.27ms, mfu 6.07%
model:LGT723F iter 15660: loss 2.0304, time 1741.70ms, mfu 6.25%
model:LGT723F iter 15670: loss 1.7702, time 1741.67ms, mfu 6.42%
model:LGT723F iter 15680: loss 2.3626, time 1742.14ms, mfu 6.56%
model:LGT723F iter 15690: loss 2.2217, time 1741.94ms, mfu 6.69%
------average encoder activity 0.145
-----------average decoder density 0.3350
step 15700: train loss 2.1291, val loss 2.2527
saving checkpoint to out-novel-char3_LGT723F_3d25ede0cfd080d9e35756b051dcef65
done saving checkpoint to out-novel-char3_LGT723F_3d25ede0cfd080d9e35756b051dcef65
model:LGT723F iter 15700: loss 2.3934, time 28941.98ms, mfu 6.07%
model:LGT723F iter 15710: loss 2.2745, time 1739.22ms, mfu 6.25%
model:LGT723F iter 15720: loss 2.2175, time 1742.83ms, mfu 6.42%
model:LGT723F iter 15730: loss 1.8874, time 1741.98ms, mfu 6.56%
model:LGT723F iter 15740: loss 2.0752, time 1741.88ms, mfu 6.69%
------average encoder activity 0.146
-----------average decoder density 0.3386
step 15750: train loss 2.1534, val loss 2.2507
saving checkpoint to out-novel-char3_LGT723F_3d25ede0cfd080d9e35756b051dcef65
done saving checkpoint to out-novel-char3_LGT723F_3d25ede0cfd080d9e35756b051dcef65
model:LGT723F iter 15750: loss 2.2255, time 28909.28ms, mfu 6.07%
model:LGT723F iter 15760: loss 1.6966, time 1740.23ms, mfu 6.25%
model:LGT723F iter 15770: loss 2.2814, time 1739.94ms, mfu 6.42%
model:LGT723F iter 15780: loss 1.9640, time 1739.17ms, mfu 6.56%
model:LGT723F iter 15790: loss 2.4277, time 1739.14ms, mfu 6.70%
------average encoder activity 0.147
-----------average decoder density 0.3320
step 15800: train loss 2.1516, val loss 2.2486
saving checkpoint to out-novel-char3_LGT723F_3d25ede0cfd080d9e35756b051dcef65
done saving checkpoint to out-novel-char3_LGT723F_3d25ede0cfd080d9e35756b051dcef65
model:LGT723F iter 15800: loss 1.7698, time 28815.51ms, mfu 6.07%
model:LGT723F iter 15810: loss 1.9965, time 1739.95ms, mfu 6.26%
model:LGT723F iter 15820: loss 2.1851, time 1738.75ms, mfu 6.42%
model:LGT723F iter 15830: loss 2.1900, time 1739.58ms, mfu 6.57%
model:LGT723F iter 15840: loss 2.4353, time 1737.58ms, mfu 6.70%
------average encoder activity 0.147
-----------average decoder density 0.3928
step 15850: train loss 2.1564, val loss 2.2673
saving checkpoint to out-novel-char3_LGT723F_3d25ede0cfd080d9e35756b051dcef65
done saving checkpoint to out-novel-char3_LGT723F_3d25ede0cfd080d9e35756b051dcef65
model:LGT723F iter 15850: loss 1.8067, time 28805.86ms, mfu 6.08%
model:LGT723F iter 15860: loss 2.1607, time 1740.54ms, mfu 6.26%
model:LGT723F iter 15870: loss 2.1550, time 1740.58ms, mfu 6.42%
model:LGT723F iter 15880: loss 1.7403, time 1741.02ms, mfu 6.57%
model:LGT723F iter 15890: loss 1.9967, time 1740.32ms, mfu 6.70%
------average encoder activity 0.146
-----------average decoder density 0.3726
step 15900: train loss 2.1425, val loss 2.2816
saving checkpoint to out-novel-char3_LGT723F_3d25ede0cfd080d9e35756b051dcef65
done saving checkpoint to out-novel-char3_LGT723F_3d25ede0cfd080d9e35756b051dcef65
model:LGT723F iter 15900: loss 2.2726, time 29003.83ms, mfu 6.08%
model:LGT723F iter 15910: loss 2.0629, time 1740.18ms, mfu 6.26%
model:LGT723F iter 15920: loss 2.3128, time 1741.07ms, mfu 6.42%
model:LGT723F iter 15930: loss 1.9824, time 1739.00ms, mfu 6.57%
model:LGT723F iter 15940: loss 2.3391, time 1739.68ms, mfu 6.70%
------average encoder activity 0.147
-----------average decoder density 0.3498
step 15950: train loss 2.1432, val loss 2.2827
saving checkpoint to out-novel-char3_LGT723F_3d25ede0cfd080d9e35756b051dcef65
done saving checkpoint to out-novel-char3_LGT723F_3d25ede0cfd080d9e35756b051dcef65
model:LGT723F iter 15950: loss 2.4890, time 28929.53ms, mfu 6.08%
model:LGT723F iter 15960: loss 2.3320, time 1737.91ms, mfu 6.26%
model:LGT723F iter 15970: loss 1.9192, time 1737.94ms, mfu 6.42%
model:LGT723F iter 15980: loss 1.9175, time 1738.81ms, mfu 6.57%
model:LGT723F iter 15990: loss 2.0258, time 1737.81ms, mfu 6.70%
------average encoder activity 0.148
-----------average decoder density 0.3836
step 16000: train loss 2.1442, val loss 2.2556
saving checkpoint to out-novel-char3_LGT723F_3d25ede0cfd080d9e35756b051dcef65
done saving checkpoint to out-novel-char3_LGT723F_3d25ede0cfd080d9e35756b051dcef65
model:LGT723F iter 16000: loss 2.2273, time 28984.42ms, mfu 6.08%
model:LGT723F iter 16010: loss 2.1500, time 1736.83ms, mfu 6.26%
model:LGT723F iter 16020: loss 2.2308, time 1738.39ms, mfu 6.43%
model:LGT723F iter 16030: loss 2.2269, time 1738.69ms, mfu 6.57%
model:LGT723F iter 16040: loss 2.1351, time 1738.80ms, mfu 6.70%
------average encoder activity 0.147
-----------average decoder density 0.3637
step 16050: train loss 2.1358, val loss 2.2453
saving checkpoint to out-novel-char3_LGT723F_3d25ede0cfd080d9e35756b051dcef65
done saving checkpoint to out-novel-char3_LGT723F_3d25ede0cfd080d9e35756b051dcef65
model:LGT723F iter 16050: loss 1.8803, time 28930.88ms, mfu 6.08%
model:LGT723F iter 16060: loss 2.1133, time 1738.41ms, mfu 6.26%
model:LGT723F iter 16070: loss 1.9384, time 1738.52ms, mfu 6.43%
model:LGT723F iter 16080: loss 1.9721, time 1737.89ms, mfu 6.57%
model:LGT723F iter 16090: loss 2.0766, time 1738.65ms, mfu 6.70%
------average encoder activity 0.148
-----------average decoder density 0.3407
step 16100: train loss 2.1212, val loss 2.2536
saving checkpoint to out-novel-char3_LGT723F_3d25ede0cfd080d9e35756b051dcef65
done saving checkpoint to out-novel-char3_LGT723F_3d25ede0cfd080d9e35756b051dcef65
model:LGT723F iter 16100: loss 1.8823, time 28814.89ms, mfu 6.08%
model:LGT723F iter 16110: loss 2.1086, time 1739.30ms, mfu 6.26%
model:LGT723F iter 16120: loss 2.2294, time 1738.76ms, mfu 6.43%
model:LGT723F iter 16130: loss 2.4249, time 1738.50ms, mfu 6.57%
model:LGT723F iter 16140: loss 2.0448, time 1738.53ms, mfu 6.70%
------average encoder activity 0.148
-----------average decoder density 0.3498
step 16150: train loss 2.1488, val loss 2.2859
saving checkpoint to out-novel-char3_LGT723F_3d25ede0cfd080d9e35756b051dcef65
done saving checkpoint to out-novel-char3_LGT723F_3d25ede0cfd080d9e35756b051dcef65
model:LGT723F iter 16150: loss 2.3482, time 28803.64ms, mfu 6.08%
model:LGT723F iter 16160: loss 2.1270, time 1739.20ms, mfu 6.26%
model:LGT723F iter 16170: loss 2.1443, time 1739.24ms, mfu 6.43%
model:LGT723F iter 16180: loss 2.0410, time 1739.06ms, mfu 6.57%
model:LGT723F iter 16190: loss 2.4846, time 1739.66ms, mfu 6.70%
------average encoder activity 0.149
-----------average decoder density 0.3880
step 16200: train loss 2.1159, val loss 2.2727
saving checkpoint to out-novel-char3_LGT723F_3d25ede0cfd080d9e35756b051dcef65
done saving checkpoint to out-novel-char3_LGT723F_3d25ede0cfd080d9e35756b051dcef65
model:LGT723F iter 16200: loss 2.3276, time 29001.36ms, mfu 6.08%
model:LGT723F iter 16210: loss 1.7753, time 1737.71ms, mfu 6.26%
model:LGT723F iter 16220: loss 2.2042, time 1737.74ms, mfu 6.43%
model:LGT723F iter 16230: loss 2.2528, time 1738.51ms, mfu 6.57%
model:LGT723F iter 16240: loss 2.3701, time 1737.94ms, mfu 6.71%
------average encoder activity 0.148
-----------average decoder density 0.3349
step 16250: train loss 2.1469, val loss 2.2604
saving checkpoint to out-novel-char3_LGT723F_3d25ede0cfd080d9e35756b051dcef65
done saving checkpoint to out-novel-char3_LGT723F_3d25ede0cfd080d9e35756b051dcef65
model:LGT723F iter 16250: loss 1.7432, time 28942.46ms, mfu 6.08%
model:LGT723F iter 16260: loss 2.2692, time 1738.52ms, mfu 6.26%
model:LGT723F iter 16270: loss 2.0224, time 1738.09ms, mfu 6.43%
model:LGT723F iter 16280: loss 2.3562, time 1738.22ms, mfu 6.57%
model:LGT723F iter 16290: loss 2.3725, time 1738.48ms, mfu 6.71%
------average encoder activity 0.149
-----------average decoder density 0.4427
step 16300: train loss 2.1420, val loss 2.2435
saving checkpoint to out-novel-char3_LGT723F_3d25ede0cfd080d9e35756b051dcef65
done saving checkpoint to out-novel-char3_LGT723F_3d25ede0cfd080d9e35756b051dcef65
model:LGT723F iter 16300: loss 2.1873, time 29286.33ms, mfu 6.08%
model:LGT723F iter 16310: loss 2.0426, time 1740.63ms, mfu 6.26%
model:LGT723F iter 16320: loss 2.3090, time 1741.06ms, mfu 6.42%
model:LGT723F iter 16330: loss 2.1248, time 1739.87ms, mfu 6.57%
model:LGT723F iter 16340: loss 1.8902, time 1740.79ms, mfu 6.70%
------average encoder activity 0.149
-----------average decoder density 0.3692
step 16350: train loss 2.1403, val loss 2.2630
saving checkpoint to out-novel-char3_LGT723F_3d25ede0cfd080d9e35756b051dcef65
done saving checkpoint to out-novel-char3_LGT723F_3d25ede0cfd080d9e35756b051dcef65
model:LGT723F iter 16350: loss 1.8824, time 28979.56ms, mfu 6.08%
model:LGT723F iter 16360: loss 2.2971, time 1740.06ms, mfu 6.26%
model:LGT723F iter 16370: loss 2.3141, time 1742.01ms, mfu 6.42%
model:LGT723F iter 16380: loss 2.4299, time 1741.70ms, mfu 6.57%
model:LGT723F iter 16390: loss 2.2979, time 1742.91ms, mfu 6.70%
------average encoder activity 0.149
-----------average decoder density 0.3806
step 16400: train loss 2.1326, val loss 2.2498
saving checkpoint to out-novel-char3_LGT723F_3d25ede0cfd080d9e35756b051dcef65
done saving checkpoint to out-novel-char3_LGT723F_3d25ede0cfd080d9e35756b051dcef65
model:LGT723F iter 16400: loss 1.9855, time 28808.42ms, mfu 6.08%
model:LGT723F iter 16410: loss 2.3110, time 1740.94ms, mfu 6.26%
model:LGT723F iter 16420: loss 2.0535, time 1741.04ms, mfu 6.42%
model:LGT723F iter 16430: loss 2.0203, time 1742.27ms, mfu 6.57%
model:LGT723F iter 16440: loss 2.0878, time 1738.35ms, mfu 6.70%
------average encoder activity 0.149
-----------average decoder density 0.3909
step 16450: train loss 2.1144, val loss 2.2464
saving checkpoint to out-novel-char3_LGT723F_3d25ede0cfd080d9e35756b051dcef65
done saving checkpoint to out-novel-char3_LGT723F_3d25ede0cfd080d9e35756b051dcef65
model:LGT723F iter 16450: loss 2.0815, time 28842.47ms, mfu 6.08%
model:LGT723F iter 16460: loss 2.3002, time 1737.58ms, mfu 6.26%
model:LGT723F iter 16470: loss 2.4192, time 1736.95ms, mfu 6.42%
model:LGT723F iter 16480: loss 2.4936, time 1738.50ms, mfu 6.57%
model:LGT723F iter 16490: loss 1.8596, time 1737.42ms, mfu 6.70%
------average encoder activity 0.149
-----------average decoder density 0.4137
step 16500: train loss 2.1299, val loss 2.2341
saving checkpoint to out-novel-char3_LGT723F_3d25ede0cfd080d9e35756b051dcef65
done saving checkpoint to out-novel-char3_LGT723F_3d25ede0cfd080d9e35756b051dcef65
model:LGT723F iter 16500: loss 2.2164, time 28978.11ms, mfu 6.08%
model:LGT723F iter 16510: loss 2.2419, time 1736.77ms, mfu 6.26%
model:LGT723F iter 16520: loss 2.0556, time 1736.84ms, mfu 6.43%
model:LGT723F iter 16530: loss 2.1150, time 1737.01ms, mfu 6.57%
model:LGT723F iter 16540: loss 2.0485, time 1740.20ms, mfu 6.70%
------average encoder activity 0.150
-----------average decoder density 0.3446
step 16550: train loss 2.1270, val loss 2.2390
saving checkpoint to out-novel-char3_LGT723F_3d25ede0cfd080d9e35756b051dcef65
done saving checkpoint to out-novel-char3_LGT723F_3d25ede0cfd080d9e35756b051dcef65
model:LGT723F iter 16550: loss 2.4170, time 29007.57ms, mfu 6.08%
model:LGT723F iter 16560: loss 1.8210, time 1741.75ms, mfu 6.26%
model:LGT723F iter 16570: loss 1.9343, time 1741.95ms, mfu 6.42%
model:LGT723F iter 16580: loss 2.0565, time 1742.43ms, mfu 6.57%
model:LGT723F iter 16590: loss 2.4475, time 1742.36ms, mfu 6.70%
------average encoder activity 0.150
-----------average decoder density 0.3524
step 16600: train loss 2.1156, val loss 2.2572
saving checkpoint to out-novel-char3_LGT723F_3d25ede0cfd080d9e35756b051dcef65
done saving checkpoint to out-novel-char3_LGT723F_3d25ede0cfd080d9e35756b051dcef65
model:LGT723F iter 16600: loss 2.1016, time 28978.39ms, mfu 6.08%
model:LGT723F iter 16610: loss 2.4661, time 1742.08ms, mfu 6.26%
model:LGT723F iter 16620: loss 1.9379, time 1741.05ms, mfu 6.42%
model:LGT723F iter 16630: loss 2.1337, time 1743.11ms, mfu 6.56%
model:LGT723F iter 16640: loss 2.1951, time 1744.05ms, mfu 6.70%
------average encoder activity 0.151
-----------average decoder density 0.3485
step 16650: train loss 2.1230, val loss 2.2442
saving checkpoint to out-novel-char3_LGT723F_3d25ede0cfd080d9e35756b051dcef65
done saving checkpoint to out-novel-char3_LGT723F_3d25ede0cfd080d9e35756b051dcef65
model:LGT723F iter 16650: loss 2.0397, time 28887.49ms, mfu 6.07%
model:LGT723F iter 16660: loss 2.6826, time 1742.33ms, mfu 6.25%
model:LGT723F iter 16670: loss 2.0737, time 1743.45ms, mfu 6.42%
model:LGT723F iter 16680: loss 1.9809, time 1745.22ms, mfu 6.56%
model:LGT723F iter 16690: loss 2.0793, time 1742.90ms, mfu 6.69%
------average encoder activity 0.150
-----------average decoder density 0.4157
step 16700: train loss 2.1131, val loss 2.2447
saving checkpoint to out-novel-char3_LGT723F_3d25ede0cfd080d9e35756b051dcef65
done saving checkpoint to out-novel-char3_LGT723F_3d25ede0cfd080d9e35756b051dcef65
model:LGT723F iter 16700: loss 2.1086, time 28824.09ms, mfu 6.07%
model:LGT723F iter 16710: loss 2.1999, time 1743.20ms, mfu 6.25%
model:LGT723F iter 16720: loss 1.8761, time 1742.32ms, mfu 6.41%
model:LGT723F iter 16730: loss 1.5543, time 1741.05ms, mfu 6.56%
model:LGT723F iter 16740: loss 2.2750, time 1739.37ms, mfu 6.69%
------average encoder activity 0.150
-----------average decoder density 0.3843
step 16750: train loss 2.1160, val loss 2.2287
saving checkpoint to out-novel-char3_LGT723F_3d25ede0cfd080d9e35756b051dcef65
done saving checkpoint to out-novel-char3_LGT723F_3d25ede0cfd080d9e35756b051dcef65
model:LGT723F iter 16750: loss 2.1609, time 28986.77ms, mfu 6.07%
model:LGT723F iter 16760: loss 2.2349, time 1738.91ms, mfu 6.25%
model:LGT723F iter 16770: loss 2.3017, time 1739.88ms, mfu 6.42%
model:LGT723F iter 16780: loss 1.9785, time 1741.00ms, mfu 6.56%
model:LGT723F iter 16790: loss 2.0424, time 1741.46ms, mfu 6.70%
------average encoder activity 0.151
-----------average decoder density 0.4192
step 16800: train loss 2.0927, val loss 2.2554
saving checkpoint to out-novel-char3_LGT723F_3d25ede0cfd080d9e35756b051dcef65
done saving checkpoint to out-novel-char3_LGT723F_3d25ede0cfd080d9e35756b051dcef65
model:LGT723F iter 16800: loss 1.8609, time 28867.91ms, mfu 6.07%
model:LGT723F iter 16810: loss 2.1062, time 1741.25ms, mfu 6.25%
model:LGT723F iter 16820: loss 2.0522, time 1741.50ms, mfu 6.42%
model:LGT723F iter 16830: loss 1.9693, time 1738.52ms, mfu 6.56%
model:LGT723F iter 16840: loss 2.2581, time 1738.33ms, mfu 6.70%
------average encoder activity 0.151
-----------average decoder density 0.3707
step 16850: train loss 2.1145, val loss 2.2452
saving checkpoint to out-novel-char3_LGT723F_3d25ede0cfd080d9e35756b051dcef65
done saving checkpoint to out-novel-char3_LGT723F_3d25ede0cfd080d9e35756b051dcef65
model:LGT723F iter 16850: loss 1.9117, time 28958.02ms, mfu 6.08%
model:LGT723F iter 16860: loss 2.0924, time 1738.36ms, mfu 6.26%
model:LGT723F iter 16870: loss 2.0333, time 1738.06ms, mfu 6.42%
model:LGT723F iter 16880: loss 2.1940, time 1738.26ms, mfu 6.57%
model:LGT723F iter 16890: loss 2.0327, time 1738.34ms, mfu 6.70%
------average encoder activity 0.151
-----------average decoder density 0.4098
step 16900: train loss 2.1270, val loss 2.2358
saving checkpoint to out-novel-char3_LGT723F_3d25ede0cfd080d9e35756b051dcef65
done saving checkpoint to out-novel-char3_LGT723F_3d25ede0cfd080d9e35756b051dcef65
model:LGT723F iter 16900: loss 1.7314, time 28905.93ms, mfu 6.08%
model:LGT723F iter 16910: loss 2.1508, time 1736.23ms, mfu 6.26%
model:LGT723F iter 16920: loss 1.9329, time 1736.29ms, mfu 6.43%
model:LGT723F iter 16930: loss 1.7885, time 1736.18ms, mfu 6.57%
model:LGT723F iter 16940: loss 1.6997, time 1740.37ms, mfu 6.70%
------average encoder activity 0.152
-----------average decoder density 0.4136
step 16950: train loss 2.1128, val loss 2.2417
saving checkpoint to out-novel-char3_LGT723F_3d25ede0cfd080d9e35756b051dcef65
done saving checkpoint to out-novel-char3_LGT723F_3d25ede0cfd080d9e35756b051dcef65
model:LGT723F iter 16950: loss 1.9909, time 29004.92ms, mfu 6.08%
model:LGT723F iter 16960: loss 2.2558, time 1737.06ms, mfu 6.26%
model:LGT723F iter 16970: loss 2.1377, time 1736.98ms, mfu 6.43%
model:LGT723F iter 16980: loss 2.1144, time 1736.72ms, mfu 6.57%
model:LGT723F iter 16990: loss 2.2724, time 1736.94ms, mfu 6.71%
------average encoder activity 0.152
-----------average decoder density 0.3511
step 17000: train loss 2.0893, val loss 2.2225
saving checkpoint to out-novel-char3_LGT723F_3d25ede0cfd080d9e35756b051dcef65
done saving checkpoint to out-novel-char3_LGT723F_3d25ede0cfd080d9e35756b051dcef65
model:LGT723F iter 17000: loss 1.9759, time 28973.52ms, mfu 6.08%
model:LGT723F iter 17010: loss 2.0440, time 1736.21ms, mfu 6.27%
model:LGT723F iter 17020: loss 2.0784, time 1739.58ms, mfu 6.43%
model:LGT723F iter 17030: loss 2.3565, time 1739.59ms, mfu 6.57%
model:LGT723F iter 17040: loss 2.0291, time 1739.20ms, mfu 6.71%
------average encoder activity 0.152
-----------average decoder density 0.3608
step 17050: train loss 2.0890, val loss 2.2414
saving checkpoint to out-novel-char3_LGT723F_3d25ede0cfd080d9e35756b051dcef65
done saving checkpoint to out-novel-char3_LGT723F_3d25ede0cfd080d9e35756b051dcef65
model:LGT723F iter 17050: loss 1.9731, time 28717.60ms, mfu 6.08%
model:LGT723F iter 17060: loss 2.0438, time 1740.62ms, mfu 6.26%
model:LGT723F iter 17070: loss 2.1510, time 1740.59ms, mfu 6.43%
model:LGT723F iter 17080: loss 2.0172, time 1740.36ms, mfu 6.57%
model:LGT723F iter 17090: loss 2.0760, time 1745.42ms, mfu 6.70%
------average encoder activity 0.154
-----------average decoder density 0.3897
step 17100: train loss 2.0971, val loss 2.2596
saving checkpoint to out-novel-char3_LGT723F_3d25ede0cfd080d9e35756b051dcef65
done saving checkpoint to out-novel-char3_LGT723F_3d25ede0cfd080d9e35756b051dcef65
model:LGT723F iter 17100: loss 2.2769, time 29045.16ms, mfu 6.08%
model:LGT723F iter 17110: loss 2.4090, time 1740.17ms, mfu 6.26%
model:LGT723F iter 17120: loss 2.0047, time 1739.87ms, mfu 6.42%
model:LGT723F iter 17130: loss 2.3122, time 1740.51ms, mfu 6.57%
model:LGT723F iter 17140: loss 2.1794, time 1739.53ms, mfu 6.70%
------average encoder activity 0.153
-----------average decoder density 0.4006
step 17150: train loss 2.0783, val loss 2.2392
saving checkpoint to out-novel-char3_LGT723F_3d25ede0cfd080d9e35756b051dcef65
done saving checkpoint to out-novel-char3_LGT723F_3d25ede0cfd080d9e35756b051dcef65
model:LGT723F iter 17150: loss 2.3135, time 28986.83ms, mfu 6.08%
model:LGT723F iter 17160: loss 1.9343, time 1739.14ms, mfu 6.26%
model:LGT723F iter 17170: loss 2.0596, time 1738.69ms, mfu 6.42%
model:LGT723F iter 17180: loss 2.1869, time 1738.90ms, mfu 6.57%
model:LGT723F iter 17190: loss 1.9961, time 1740.87ms, mfu 6.70%
------average encoder activity 0.153
-----------average decoder density 0.3581
step 17200: train loss 2.1212, val loss 2.2532
saving checkpoint to out-novel-char3_LGT723F_3d25ede0cfd080d9e35756b051dcef65
done saving checkpoint to out-novel-char3_LGT723F_3d25ede0cfd080d9e35756b051dcef65
model:LGT723F iter 17200: loss 2.1946, time 29063.48ms, mfu 6.08%
model:LGT723F iter 17210: loss 2.1962, time 1739.18ms, mfu 6.26%
model:LGT723F iter 17220: loss 2.3190, time 1740.93ms, mfu 6.42%
model:LGT723F iter 17230: loss 1.6880, time 1740.49ms, mfu 6.57%
model:LGT723F iter 17240: loss 2.1031, time 1739.91ms, mfu 6.70%
------average encoder activity 0.154
-----------average decoder density 0.4073
step 17250: train loss 2.0832, val loss 2.2304
saving checkpoint to out-novel-char3_LGT723F_3d25ede0cfd080d9e35756b051dcef65
done saving checkpoint to out-novel-char3_LGT723F_3d25ede0cfd080d9e35756b051dcef65
model:LGT723F iter 17250: loss 2.2634, time 28959.16ms, mfu 6.08%
model:LGT723F iter 17260: loss 1.8870, time 1739.10ms, mfu 6.26%
model:LGT723F iter 17270: loss 2.0196, time 1739.26ms, mfu 6.42%
model:LGT723F iter 17280: loss 1.9618, time 1739.64ms, mfu 6.57%
model:LGT723F iter 17290: loss 2.2662, time 1739.34ms, mfu 6.70%
------average encoder activity 0.154
-----------average decoder density 0.4038
step 17300: train loss 2.0730, val loss 2.2390
saving checkpoint to out-novel-char3_LGT723F_3d25ede0cfd080d9e35756b051dcef65
done saving checkpoint to out-novel-char3_LGT723F_3d25ede0cfd080d9e35756b051dcef65
model:LGT723F iter 17300: loss 1.9422, time 28980.41ms, mfu 6.08%
model:LGT723F iter 17310: loss 2.0103, time 1740.54ms, mfu 6.26%
model:LGT723F iter 17320: loss 2.0700, time 1740.69ms, mfu 6.42%
model:LGT723F iter 17330: loss 1.9574, time 1740.59ms, mfu 6.57%
model:LGT723F iter 17340: loss 1.8573, time 1740.64ms, mfu 6.70%
------average encoder activity 0.154
-----------average decoder density 0.4405
step 17350: train loss 2.1099, val loss 2.2221
saving checkpoint to out-novel-char3_LGT723F_3d25ede0cfd080d9e35756b051dcef65
done saving checkpoint to out-novel-char3_LGT723F_3d25ede0cfd080d9e35756b051dcef65
model:LGT723F iter 17350: loss 2.0171, time 28808.63ms, mfu 6.08%
model:LGT723F iter 17360: loss 2.1227, time 1739.34ms, mfu 6.26%
model:LGT723F iter 17370: loss 2.2581, time 1739.28ms, mfu 6.42%
model:LGT723F iter 17380: loss 2.4857, time 1738.98ms, mfu 6.57%
model:LGT723F iter 17390: loss 2.1893, time 1738.65ms, mfu 6.70%
------average encoder activity 0.154
-----------average decoder density 0.4137
step 17400: train loss 2.0872, val loss 2.2246
saving checkpoint to out-novel-char3_LGT723F_3d25ede0cfd080d9e35756b051dcef65
done saving checkpoint to out-novel-char3_LGT723F_3d25ede0cfd080d9e35756b051dcef65
model:LGT723F iter 17400: loss 2.0200, time 28827.21ms, mfu 6.08%
model:LGT723F iter 17410: loss 2.0257, time 1739.98ms, mfu 6.26%
model:LGT723F iter 17420: loss 1.7839, time 1740.20ms, mfu 6.42%
model:LGT723F iter 17430: loss 1.8492, time 1741.13ms, mfu 6.57%
model:LGT723F iter 17440: loss 2.0160, time 1738.44ms, mfu 6.70%
------average encoder activity 0.154
-----------average decoder density 0.3469
step 17450: train loss 2.0987, val loss 2.2205
saving checkpoint to out-novel-char3_LGT723F_3d25ede0cfd080d9e35756b051dcef65
done saving checkpoint to out-novel-char3_LGT723F_3d25ede0cfd080d9e35756b051dcef65
model:LGT723F iter 17450: loss 2.1419, time 28944.14ms, mfu 6.08%
model:LGT723F iter 17460: loss 1.8074, time 1738.20ms, mfu 6.26%
model:LGT723F iter 17470: loss 2.3434, time 1739.53ms, mfu 6.42%
model:LGT723F iter 17480: loss 1.9110, time 1737.97ms, mfu 6.57%
model:LGT723F iter 17490: loss 2.3044, time 1738.02ms, mfu 6.70%
------average encoder activity 0.155
-----------average decoder density 0.3983
step 17500: train loss 2.0933, val loss 2.2339
saving checkpoint to out-novel-char3_LGT723F_3d25ede0cfd080d9e35756b051dcef65
done saving checkpoint to out-novel-char3_LGT723F_3d25ede0cfd080d9e35756b051dcef65
model:LGT723F iter 17500: loss 1.9648, time 29038.52ms, mfu 6.08%
model:LGT723F iter 17510: loss 2.1111, time 1737.62ms, mfu 6.26%
model:LGT723F iter 17520: loss 2.1210, time 1738.06ms, mfu 6.43%
model:LGT723F iter 17530: loss 2.1390, time 1739.04ms, mfu 6.57%
model:LGT723F iter 17540: loss 2.4058, time 1737.72ms, mfu 6.70%
------average encoder activity 0.156
-----------average decoder density 0.3471
step 17550: train loss 2.0508, val loss 2.2239
saving checkpoint to out-novel-char3_LGT723F_3d25ede0cfd080d9e35756b051dcef65
done saving checkpoint to out-novel-char3_LGT723F_3d25ede0cfd080d9e35756b051dcef65
model:LGT723F iter 17550: loss 2.1273, time 28975.35ms, mfu 6.08%
model:LGT723F iter 17560: loss 1.9845, time 1740.54ms, mfu 6.26%
model:LGT723F iter 17570: loss 1.8342, time 1742.04ms, mfu 6.42%
model:LGT723F iter 17580: loss 2.1914, time 1741.14ms, mfu 6.57%
model:LGT723F iter 17590: loss 2.0896, time 1740.97ms, mfu 6.70%
------average encoder activity 0.156
-----------average decoder density 0.4324
step 17600: train loss 2.0462, val loss 2.2033
saving checkpoint to out-novel-char3_LGT723F_3d25ede0cfd080d9e35756b051dcef65
done saving checkpoint to out-novel-char3_LGT723F_3d25ede0cfd080d9e35756b051dcef65
model:LGT723F iter 17600: loss 2.1377, time 29025.95ms, mfu 6.08%
model:LGT723F iter 17610: loss 2.1844, time 1741.26ms, mfu 6.26%
model:LGT723F iter 17620: loss 2.2198, time 1743.84ms, mfu 6.42%
model:LGT723F iter 17630: loss 2.3919, time 1740.80ms, mfu 6.57%
model:LGT723F iter 17640: loss 1.6194, time 1740.51ms, mfu 6.70%
------average encoder activity 0.156
-----------average decoder density 0.3565
step 17650: train loss 2.1003, val loss 2.2210
saving checkpoint to out-novel-char3_LGT723F_3d25ede0cfd080d9e35756b051dcef65
done saving checkpoint to out-novel-char3_LGT723F_3d25ede0cfd080d9e35756b051dcef65
model:LGT723F iter 17650: loss 2.1898, time 28786.50ms, mfu 6.08%
model:LGT723F iter 17660: loss 1.7987, time 1741.72ms, mfu 6.26%
model:LGT723F iter 17670: loss 1.8697, time 1742.00ms, mfu 6.42%
model:LGT723F iter 17680: loss 2.0679, time 1742.90ms, mfu 6.56%
model:LGT723F iter 17690: loss 2.2823, time 1742.07ms, mfu 6.70%
------average encoder activity 0.156
-----------average decoder density 0.3821
step 17700: train loss 2.0634, val loss 2.2236
saving checkpoint to out-novel-char3_LGT723F_3d25ede0cfd080d9e35756b051dcef65
done saving checkpoint to out-novel-char3_LGT723F_3d25ede0cfd080d9e35756b051dcef65
model:LGT723F iter 17700: loss 2.1312, time 28743.91ms, mfu 6.07%
model:LGT723F iter 17710: loss 2.0665, time 1738.76ms, mfu 6.26%
model:LGT723F iter 17720: loss 1.8278, time 1738.74ms, mfu 6.42%
model:LGT723F iter 17730: loss 1.7743, time 1737.99ms, mfu 6.57%
model:LGT723F iter 17740: loss 1.9213, time 1738.52ms, mfu 6.70%
------average encoder activity 0.156
-----------average decoder density 0.4148
step 17750: train loss 2.0562, val loss 2.2359
saving checkpoint to out-novel-char3_LGT723F_3d25ede0cfd080d9e35756b051dcef65
done saving checkpoint to out-novel-char3_LGT723F_3d25ede0cfd080d9e35756b051dcef65
model:LGT723F iter 17750: loss 2.0873, time 28966.26ms, mfu 6.08%
model:LGT723F iter 17760: loss 2.0650, time 1740.17ms, mfu 6.26%
model:LGT723F iter 17770: loss 2.3681, time 1740.36ms, mfu 6.42%
model:LGT723F iter 17780: loss 2.0740, time 1741.56ms, mfu 6.57%
model:LGT723F iter 17790: loss 1.8762, time 1740.52ms, mfu 6.70%
------average encoder activity 0.156
-----------average decoder density 0.3736
step 17800: train loss 2.0831, val loss 2.2343
saving checkpoint to out-novel-char3_LGT723F_3d25ede0cfd080d9e35756b051dcef65
done saving checkpoint to out-novel-char3_LGT723F_3d25ede0cfd080d9e35756b051dcef65
model:LGT723F iter 17800: loss 2.2516, time 29000.06ms, mfu 6.08%
model:LGT723F iter 17810: loss 1.5625, time 1738.31ms, mfu 6.26%
model:LGT723F iter 17820: loss 2.4843, time 1738.26ms, mfu 6.42%
model:LGT723F iter 17830: loss 2.0552, time 1741.25ms, mfu 6.57%
model:LGT723F iter 17840: loss 1.9778, time 1740.82ms, mfu 6.70%
------average encoder activity 0.156
-----------average decoder density 0.4171
step 17850: train loss 2.0642, val loss 2.2356
saving checkpoint to out-novel-char3_LGT723F_3d25ede0cfd080d9e35756b051dcef65
done saving checkpoint to out-novel-char3_LGT723F_3d25ede0cfd080d9e35756b051dcef65
model:LGT723F iter 17850: loss 1.8561, time 28941.87ms, mfu 6.08%
model:LGT723F iter 17860: loss 2.1824, time 1741.66ms, mfu 6.26%
model:LGT723F iter 17870: loss 2.2010, time 1742.16ms, mfu 6.42%
model:LGT723F iter 17880: loss 2.1899, time 1741.32ms, mfu 6.57%
model:LGT723F iter 17890: loss 2.2175, time 1740.64ms, mfu 6.70%
------average encoder activity 0.157
-----------average decoder density 0.4379
step 17900: train loss 2.0985, val loss 2.2179
saving checkpoint to out-novel-char3_LGT723F_3d25ede0cfd080d9e35756b051dcef65
done saving checkpoint to out-novel-char3_LGT723F_3d25ede0cfd080d9e35756b051dcef65
model:LGT723F iter 17900: loss 2.0900, time 28987.51ms, mfu 6.07%
model:LGT723F iter 17910: loss 1.9138, time 1740.83ms, mfu 6.26%
model:LGT723F iter 17920: loss 2.2311, time 1740.78ms, mfu 6.42%
model:LGT723F iter 17930: loss 2.2080, time 1741.38ms, mfu 6.56%
model:LGT723F iter 17940: loss 1.8590, time 1741.30ms, mfu 6.70%
------average encoder activity 0.158
-----------average decoder density 0.3585
step 17950: train loss 2.0851, val loss 2.2039
saving checkpoint to out-novel-char3_LGT723F_3d25ede0cfd080d9e35756b051dcef65
done saving checkpoint to out-novel-char3_LGT723F_3d25ede0cfd080d9e35756b051dcef65
model:LGT723F iter 17950: loss 1.9267, time 28945.15ms, mfu 6.07%
model:LGT723F iter 17960: loss 1.9758, time 1740.69ms, mfu 6.26%
model:LGT723F iter 17970: loss 2.1065, time 1738.44ms, mfu 6.42%
model:LGT723F iter 17980: loss 1.9886, time 1737.91ms, mfu 6.57%
model:LGT723F iter 17990: loss 2.1463, time 1738.50ms, mfu 6.70%
------average encoder activity 0.159
-----------average decoder density 0.4119
step 18000: train loss 2.0906, val loss 2.2140
saving checkpoint to out-novel-char3_LGT723F_3d25ede0cfd080d9e35756b051dcef65
done saving checkpoint to out-novel-char3_LGT723F_3d25ede0cfd080d9e35756b051dcef65
model:LGT723F iter 18000: loss 2.2918, time 28807.26ms, mfu 6.08%
model:LGT723F iter 18010: loss 1.9201, time 1738.43ms, mfu 6.26%
model:LGT723F iter 18020: loss 2.0117, time 1738.49ms, mfu 6.42%
model:LGT723F iter 18030: loss 2.0651, time 1738.68ms, mfu 6.57%
model:LGT723F iter 18040: loss 2.0652, time 1740.63ms, mfu 6.70%
------average encoder activity 0.159
-----------average decoder density 0.3604
step 18050: train loss 2.0473, val loss 2.2232
saving checkpoint to out-novel-char3_LGT723F_3d25ede0cfd080d9e35756b051dcef65
done saving checkpoint to out-novel-char3_LGT723F_3d25ede0cfd080d9e35756b051dcef65
model:LGT723F iter 18050: loss 2.1776, time 28784.91ms, mfu 6.08%
model:LGT723F iter 18060: loss 2.2147, time 1741.13ms, mfu 6.26%
model:LGT723F iter 18070: loss 1.9666, time 1741.26ms, mfu 6.42%
model:LGT723F iter 18080: loss 2.0233, time 1743.15ms, mfu 6.57%
model:LGT723F iter 18090: loss 2.2025, time 1741.29ms, mfu 6.70%
------average encoder activity 0.158
-----------average decoder density 0.3677
step 18100: train loss 2.0498, val loss 2.2087
saving checkpoint to out-novel-char3_LGT723F_3d25ede0cfd080d9e35756b051dcef65
done saving checkpoint to out-novel-char3_LGT723F_3d25ede0cfd080d9e35756b051dcef65
model:LGT723F iter 18100: loss 2.2250, time 29073.18ms, mfu 6.08%
model:LGT723F iter 18110: loss 2.0500, time 1740.27ms, mfu 6.26%
model:LGT723F iter 18120: loss 1.8247, time 1741.89ms, mfu 6.42%
model:LGT723F iter 18130: loss 2.1162, time 1741.09ms, mfu 6.57%
model:LGT723F iter 18140: loss 1.9117, time 1741.38ms, mfu 6.70%
------average encoder activity 0.158
-----------average decoder density 0.3767
step 18150: train loss 2.0515, val loss 2.2265
saving checkpoint to out-novel-char3_LGT723F_3d25ede0cfd080d9e35756b051dcef65
done saving checkpoint to out-novel-char3_LGT723F_3d25ede0cfd080d9e35756b051dcef65
model:LGT723F iter 18150: loss 2.0258, time 28951.57ms, mfu 6.07%
model:LGT723F iter 18160: loss 2.2039, time 1740.88ms, mfu 6.26%
model:LGT723F iter 18170: loss 2.1516, time 1743.32ms, mfu 6.42%
model:LGT723F iter 18180: loss 2.1608, time 1740.92ms, mfu 6.56%
model:LGT723F iter 18190: loss 2.4503, time 1740.06ms, mfu 6.70%
------average encoder activity 0.158
-----------average decoder density 0.3642
step 18200: train loss 2.0511, val loss 2.1928
saving checkpoint to out-novel-char3_LGT723F_3d25ede0cfd080d9e35756b051dcef65
done saving checkpoint to out-novel-char3_LGT723F_3d25ede0cfd080d9e35756b051dcef65
model:LGT723F iter 18200: loss 2.0895, time 28967.11ms, mfu 6.07%
model:LGT723F iter 18210: loss 1.8895, time 1740.76ms, mfu 6.25%
model:LGT723F iter 18220: loss 2.0621, time 1740.87ms, mfu 6.42%
model:LGT723F iter 18230: loss 2.0407, time 1741.15ms, mfu 6.56%
model:LGT723F iter 18240: loss 1.8065, time 1738.27ms, mfu 6.70%
------average encoder activity 0.158
-----------average decoder density 0.3783
step 18250: train loss 2.0638, val loss 2.2002
saving checkpoint to out-novel-char3_LGT723F_3d25ede0cfd080d9e35756b051dcef65
done saving checkpoint to out-novel-char3_LGT723F_3d25ede0cfd080d9e35756b051dcef65
model:LGT723F iter 18250: loss 1.9229, time 28995.40ms, mfu 6.07%
model:LGT723F iter 18260: loss 1.9805, time 1742.29ms, mfu 6.26%
model:LGT723F iter 18270: loss 2.2151, time 1738.04ms, mfu 6.42%
model:LGT723F iter 18280: loss 2.1979, time 1738.29ms, mfu 6.57%
model:LGT723F iter 18290: loss 1.9874, time 1738.06ms, mfu 6.70%
------average encoder activity 0.158
-----------average decoder density 0.3745
step 18300: train loss 2.0559, val loss 2.1770
saving checkpoint to out-novel-char3_LGT723F_3d25ede0cfd080d9e35756b051dcef65
done saving checkpoint to out-novel-char3_LGT723F_3d25ede0cfd080d9e35756b051dcef65
model:LGT723F iter 18300: loss 1.9940, time 28791.96ms, mfu 6.08%
model:LGT723F iter 18310: loss 2.0665, time 1740.57ms, mfu 6.26%
model:LGT723F iter 18320: loss 1.9736, time 1739.99ms, mfu 6.42%
model:LGT723F iter 18330: loss 2.0214, time 1742.04ms, mfu 6.57%
model:LGT723F iter 18340: loss 2.1660, time 1740.14ms, mfu 6.70%
------average encoder activity 0.159
-----------average decoder density 0.3489
step 18350: train loss 2.0637, val loss 2.1781
saving checkpoint to out-novel-char3_LGT723F_3d25ede0cfd080d9e35756b051dcef65
done saving checkpoint to out-novel-char3_LGT723F_3d25ede0cfd080d9e35756b051dcef65
model:LGT723F iter 18350: loss 1.9706, time 28774.23ms, mfu 6.08%
model:LGT723F iter 18360: loss 2.0125, time 1741.96ms, mfu 6.26%
model:LGT723F iter 18370: loss 1.7897, time 1740.95ms, mfu 6.42%
model:LGT723F iter 18380: loss 2.1890, time 1741.09ms, mfu 6.57%
model:LGT723F iter 18390: loss 2.0622, time 1740.53ms, mfu 6.70%
------average encoder activity 0.159
-----------average decoder density 0.3637
step 18400: train loss 2.0726, val loss 2.2079
saving checkpoint to out-novel-char3_LGT723F_3d25ede0cfd080d9e35756b051dcef65
done saving checkpoint to out-novel-char3_LGT723F_3d25ede0cfd080d9e35756b051dcef65
model:LGT723F iter 18400: loss 1.8821, time 29024.78ms, mfu 6.08%
model:LGT723F iter 18410: loss 2.3996, time 1741.18ms, mfu 6.26%
model:LGT723F iter 18420: loss 1.7596, time 1742.09ms, mfu 6.42%
model:LGT723F iter 18430: loss 2.3358, time 1739.72ms, mfu 6.57%
model:LGT723F iter 18440: loss 1.9678, time 1739.09ms, mfu 6.70%
------average encoder activity 0.160
-----------average decoder density 0.4032
step 18450: train loss 2.0667, val loss 2.2083
saving checkpoint to out-novel-char3_LGT723F_3d25ede0cfd080d9e35756b051dcef65
done saving checkpoint to out-novel-char3_LGT723F_3d25ede0cfd080d9e35756b051dcef65
model:LGT723F iter 18450: loss 2.0530, time 28995.33ms, mfu 6.08%
model:LGT723F iter 18460: loss 2.1850, time 1740.86ms, mfu 6.26%
model:LGT723F iter 18470: loss 2.0401, time 1740.83ms, mfu 6.42%
model:LGT723F iter 18480: loss 2.0191, time 1741.49ms, mfu 6.57%
model:LGT723F iter 18490: loss 1.9994, time 1740.57ms, mfu 6.70%
------average encoder activity 0.161
-----------average decoder density 0.3426
step 18500: train loss 2.0477, val loss 2.2002
saving checkpoint to out-novel-char3_LGT723F_3d25ede0cfd080d9e35756b051dcef65
done saving checkpoint to out-novel-char3_LGT723F_3d25ede0cfd080d9e35756b051dcef65
model:LGT723F iter 18500: loss 1.9763, time 28935.77ms, mfu 6.07%
model:LGT723F iter 18510: loss 2.1443, time 1740.53ms, mfu 6.26%
model:LGT723F iter 18520: loss 2.1120, time 1740.80ms, mfu 6.42%
model:LGT723F iter 18530: loss 2.2262, time 1741.34ms, mfu 6.56%
model:LGT723F iter 18540: loss 2.0227, time 1741.10ms, mfu 6.70%
------average encoder activity 0.160
-----------average decoder density 0.4098
step 18550: train loss 2.0655, val loss 2.2089
saving checkpoint to out-novel-char3_LGT723F_3d25ede0cfd080d9e35756b051dcef65
done saving checkpoint to out-novel-char3_LGT723F_3d25ede0cfd080d9e35756b051dcef65
model:LGT723F iter 18550: loss 2.0151, time 29002.60ms, mfu 6.07%
model:LGT723F iter 18560: loss 2.2689, time 1740.59ms, mfu 6.26%
model:LGT723F iter 18570: loss 2.1376, time 1740.86ms, mfu 6.42%
model:LGT723F iter 18580: loss 1.9310, time 1743.73ms, mfu 6.56%
model:LGT723F iter 18590: loss 2.0565, time 1740.62ms, mfu 6.70%
------average encoder activity 0.161
-----------average decoder density 0.3713
step 18600: train loss 2.0627, val loss 2.2062
saving checkpoint to out-novel-char3_LGT723F_3d25ede0cfd080d9e35756b051dcef65
done saving checkpoint to out-novel-char3_LGT723F_3d25ede0cfd080d9e35756b051dcef65
model:LGT723F iter 18600: loss 2.0104, time 28995.56ms, mfu 6.07%
model:LGT723F iter 18610: loss 1.9338, time 1740.71ms, mfu 6.25%
model:LGT723F iter 18620: loss 1.6830, time 1740.74ms, mfu 6.42%
model:LGT723F iter 18630: loss 1.9991, time 1740.68ms, mfu 6.56%
model:LGT723F iter 18640: loss 2.2264, time 1740.97ms, mfu 6.70%
------average encoder activity 0.161
-----------average decoder density 0.3590
step 18650: train loss 2.0251, val loss 2.1998
saving checkpoint to out-novel-char3_LGT723F_3d25ede0cfd080d9e35756b051dcef65
done saving checkpoint to out-novel-char3_LGT723F_3d25ede0cfd080d9e35756b051dcef65
model:LGT723F iter 18650: loss 2.1569, time 28805.45ms, mfu 6.07%
model:LGT723F iter 18660: loss 1.9593, time 1740.97ms, mfu 6.25%
model:LGT723F iter 18670: loss 2.2147, time 1740.60ms, mfu 6.42%
model:LGT723F iter 18680: loss 2.2237, time 1741.15ms, mfu 6.56%
model:LGT723F iter 18690: loss 2.3472, time 1740.91ms, mfu 6.70%
------average encoder activity 0.161
-----------average decoder density 0.3456
step 18700: train loss 2.0643, val loss 2.1945
saving checkpoint to out-novel-char3_LGT723F_3d25ede0cfd080d9e35756b051dcef65
done saving checkpoint to out-novel-char3_LGT723F_3d25ede0cfd080d9e35756b051dcef65
model:LGT723F iter 18700: loss 1.5850, time 28889.22ms, mfu 6.07%
model:LGT723F iter 18710: loss 2.2858, time 1738.38ms, mfu 6.26%
model:LGT723F iter 18720: loss 2.2209, time 1740.97ms, mfu 6.42%
model:LGT723F iter 18730: loss 1.8505, time 1738.52ms, mfu 6.57%
model:LGT723F iter 18740: loss 1.7222, time 1738.75ms, mfu 6.70%
------average encoder activity 0.161
-----------average decoder density 0.3536
step 18750: train loss 2.0475, val loss 2.1884
saving checkpoint to out-novel-char3_LGT723F_3d25ede0cfd080d9e35756b051dcef65
done saving checkpoint to out-novel-char3_LGT723F_3d25ede0cfd080d9e35756b051dcef65
model:LGT723F iter 18750: loss 2.0596, time 28848.41ms, mfu 6.08%
model:LGT723F iter 18760: loss 1.9294, time 1741.18ms, mfu 6.26%
model:LGT723F iter 18770: loss 1.9662, time 1740.81ms, mfu 6.42%
model:LGT723F iter 18780: loss 2.2548, time 1740.76ms, mfu 6.57%
model:LGT723F iter 18790: loss 1.8125, time 1740.45ms, mfu 6.70%
------average encoder activity 0.161
-----------average decoder density 0.3518
step 18800: train loss 2.0452, val loss 2.1932
saving checkpoint to out-novel-char3_LGT723F_3d25ede0cfd080d9e35756b051dcef65
done saving checkpoint to out-novel-char3_LGT723F_3d25ede0cfd080d9e35756b051dcef65
model:LGT723F iter 18800: loss 1.7907, time 28999.73ms, mfu 6.08%
model:LGT723F iter 18810: loss 2.1491, time 1740.62ms, mfu 6.26%
model:LGT723F iter 18820: loss 2.1689, time 1740.84ms, mfu 6.42%
model:LGT723F iter 18830: loss 2.1168, time 1738.47ms, mfu 6.57%
model:LGT723F iter 18840: loss 1.9942, time 1738.10ms, mfu 6.70%
------average encoder activity 0.163
-----------average decoder density 0.3545
step 18850: train loss 2.0459, val loss 2.2071
saving checkpoint to out-novel-char3_LGT723F_3d25ede0cfd080d9e35756b051dcef65
done saving checkpoint to out-novel-char3_LGT723F_3d25ede0cfd080d9e35756b051dcef65
model:LGT723F iter 18850: loss 2.0570, time 29009.24ms, mfu 6.08%
model:LGT723F iter 18860: loss 2.1864, time 1738.57ms, mfu 6.26%
model:LGT723F iter 18870: loss 2.1816, time 1739.07ms, mfu 6.42%
model:LGT723F iter 18880: loss 2.1121, time 1738.28ms, mfu 6.57%
model:LGT723F iter 18890: loss 2.1128, time 1738.18ms, mfu 6.70%
------average encoder activity 0.162
-----------average decoder density 0.3612
step 18900: train loss 2.0246, val loss 2.1963
saving checkpoint to out-novel-char3_LGT723F_3d25ede0cfd080d9e35756b051dcef65
done saving checkpoint to out-novel-char3_LGT723F_3d25ede0cfd080d9e35756b051dcef65
model:LGT723F iter 18900: loss 2.0210, time 28986.61ms, mfu 6.08%
model:LGT723F iter 18910: loss 1.8460, time 1738.38ms, mfu 6.26%
model:LGT723F iter 18920: loss 2.2644, time 1738.36ms, mfu 6.42%
model:LGT723F iter 18930: loss 2.0264, time 1737.83ms, mfu 6.57%
model:LGT723F iter 18940: loss 2.2901, time 1738.05ms, mfu 6.70%
------average encoder activity 0.161
-----------average decoder density 0.3614
step 18950: train loss 2.0603, val loss 2.1834
saving checkpoint to out-novel-char3_LGT723F_3d25ede0cfd080d9e35756b051dcef65
done saving checkpoint to out-novel-char3_LGT723F_3d25ede0cfd080d9e35756b051dcef65
model:LGT723F iter 18950: loss 2.1822, time 28993.59ms, mfu 6.08%
model:LGT723F iter 18960: loss 1.9619, time 1741.04ms, mfu 6.26%
model:LGT723F iter 18970: loss 1.9529, time 1740.78ms, mfu 6.42%
model:LGT723F iter 18980: loss 2.2724, time 1738.94ms, mfu 6.57%
model:LGT723F iter 18990: loss 2.0987, time 1737.80ms, mfu 6.70%
------average encoder activity 0.162
-----------average decoder density 0.3788
step 19000: train loss 2.0179, val loss 2.1734
saving checkpoint to out-novel-char3_LGT723F_3d25ede0cfd080d9e35756b051dcef65
done saving checkpoint to out-novel-char3_LGT723F_3d25ede0cfd080d9e35756b051dcef65
model:LGT723F iter 19000: loss 2.0681, time 28865.02ms, mfu 6.08%
model:LGT723F iter 19010: loss 2.2022, time 1740.36ms, mfu 6.26%
model:LGT723F iter 19020: loss 1.7819, time 1742.78ms, mfu 6.42%
model:LGT723F iter 19030: loss 1.8037, time 1741.45ms, mfu 6.57%
model:LGT723F iter 19040: loss 2.0496, time 1741.24ms, mfu 6.70%
------average encoder activity 0.161
-----------average decoder density 0.3565
step 19050: train loss 2.0396, val loss 2.2210
saving checkpoint to out-novel-char3_LGT723F_3d25ede0cfd080d9e35756b051dcef65
done saving checkpoint to out-novel-char3_LGT723F_3d25ede0cfd080d9e35756b051dcef65
model:LGT723F iter 19050: loss 2.0440, time 29081.61ms, mfu 6.08%
model:LGT723F iter 19060: loss 2.0336, time 1742.12ms, mfu 6.26%
model:LGT723F iter 19070: loss 1.8752, time 1742.91ms, mfu 6.42%
model:LGT723F iter 19080: loss 1.9428, time 1744.10ms, mfu 6.56%
model:LGT723F iter 19090: loss 1.6517, time 1741.81ms, mfu 6.70%
------average encoder activity 0.163
-----------average decoder density 0.3605
step 19100: train loss 2.0546, val loss 2.1953
saving checkpoint to out-novel-char3_LGT723F_3d25ede0cfd080d9e35756b051dcef65
done saving checkpoint to out-novel-char3_LGT723F_3d25ede0cfd080d9e35756b051dcef65
model:LGT723F iter 19100: loss 2.0622, time 29277.43ms, mfu 6.07%
model:LGT723F iter 19110: loss 2.1321, time 1744.29ms, mfu 6.25%
model:LGT723F iter 19120: loss 2.1700, time 1743.13ms, mfu 6.41%
model:LGT723F iter 19130: loss 1.5301, time 1742.03ms, mfu 6.56%
model:LGT723F iter 19140: loss 1.8600, time 1741.81ms, mfu 6.69%
------average encoder activity 0.164
-----------average decoder density 0.4056
step 19150: train loss 2.0446, val loss 2.1951
saving checkpoint to out-novel-char3_LGT723F_3d25ede0cfd080d9e35756b051dcef65
done saving checkpoint to out-novel-char3_LGT723F_3d25ede0cfd080d9e35756b051dcef65
model:LGT723F iter 19150: loss 1.7139, time 28995.14ms, mfu 6.07%
model:LGT723F iter 19160: loss 2.2481, time 1741.60ms, mfu 6.25%
model:LGT723F iter 19170: loss 2.0076, time 1742.21ms, mfu 6.41%
model:LGT723F iter 19180: loss 1.8552, time 1742.32ms, mfu 6.56%
model:LGT723F iter 19190: loss 1.9364, time 1742.80ms, mfu 6.69%
------average encoder activity 0.164
-----------average decoder density 0.3849
step 19200: train loss 2.0331, val loss 2.1737
saving checkpoint to out-novel-char3_LGT723F_3d25ede0cfd080d9e35756b051dcef65
done saving checkpoint to out-novel-char3_LGT723F_3d25ede0cfd080d9e35756b051dcef65
model:LGT723F iter 19200: loss 2.0831, time 28955.43ms, mfu 6.07%
model:LGT723F iter 19210: loss 2.3721, time 1740.04ms, mfu 6.25%
model:LGT723F iter 19220: loss 2.1821, time 1740.83ms, mfu 6.41%
model:LGT723F iter 19230: loss 2.0417, time 1740.82ms, mfu 6.56%
model:LGT723F iter 19240: loss 2.3349, time 1741.23ms, mfu 6.69%
------average encoder activity 0.164
-----------average decoder density 0.4159
step 19250: train loss 2.0271, val loss 2.1654
saving checkpoint to out-novel-char3_LGT723F_3d25ede0cfd080d9e35756b051dcef65
done saving checkpoint to out-novel-char3_LGT723F_3d25ede0cfd080d9e35756b051dcef65
model:LGT723F iter 19250: loss 2.0555, time 29014.38ms, mfu 6.07%
model:LGT723F iter 19260: loss 2.1948, time 1741.20ms, mfu 6.25%
model:LGT723F iter 19270: loss 2.1228, time 1741.13ms, mfu 6.42%
model:LGT723F iter 19280: loss 2.3084, time 1740.83ms, mfu 6.56%
model:LGT723F iter 19290: loss 1.9905, time 1740.38ms, mfu 6.69%
------average encoder activity 0.164
-----------average decoder density 0.3971
step 19300: train loss 2.0357, val loss 2.1603
saving checkpoint to out-novel-char3_LGT723F_3d25ede0cfd080d9e35756b051dcef65
done saving checkpoint to out-novel-char3_LGT723F_3d25ede0cfd080d9e35756b051dcef65
model:LGT723F iter 19300: loss 2.4507, time 28995.18ms, mfu 6.07%
model:LGT723F iter 19310: loss 1.8092, time 1741.89ms, mfu 6.25%
model:LGT723F iter 19320: loss 2.2052, time 1741.00ms, mfu 6.42%
model:LGT723F iter 19330: loss 2.0143, time 1740.51ms, mfu 6.56%
model:LGT723F iter 19340: loss 2.1075, time 1740.57ms, mfu 6.70%
------average encoder activity 0.164
-----------average decoder density 0.3758
step 19350: train loss 2.0277, val loss 2.1629
saving checkpoint to out-novel-char3_LGT723F_3d25ede0cfd080d9e35756b051dcef65
done saving checkpoint to out-novel-char3_LGT723F_3d25ede0cfd080d9e35756b051dcef65
model:LGT723F iter 19350: loss 1.9068, time 28807.72ms, mfu 6.07%
model:LGT723F iter 19360: loss 2.0291, time 1740.41ms, mfu 6.25%
model:LGT723F iter 19370: loss 2.0959, time 1743.14ms, mfu 6.42%
model:LGT723F iter 19380: loss 1.6497, time 1739.73ms, mfu 6.56%
model:LGT723F iter 19390: loss 2.2158, time 1738.20ms, mfu 6.70%
------average encoder activity 0.164
-----------average decoder density 0.4376
step 19400: train loss 1.9987, val loss 2.2004
saving checkpoint to out-novel-char3_LGT723F_3d25ede0cfd080d9e35756b051dcef65
done saving checkpoint to out-novel-char3_LGT723F_3d25ede0cfd080d9e35756b051dcef65
model:LGT723F iter 19400: loss 2.2073, time 28820.43ms, mfu 6.07%
model:LGT723F iter 19410: loss 2.1973, time 1737.56ms, mfu 6.26%
model:LGT723F iter 19420: loss 1.8817, time 1737.34ms, mfu 6.42%
model:LGT723F iter 19430: loss 2.3319, time 1740.20ms, mfu 6.57%
model:LGT723F iter 19440: loss 2.0596, time 1742.58ms, mfu 6.70%
------average encoder activity 0.164
-----------average decoder density 0.4295
step 19450: train loss 2.0240, val loss 2.1552
saving checkpoint to out-novel-char3_LGT723F_3d25ede0cfd080d9e35756b051dcef65
done saving checkpoint to out-novel-char3_LGT723F_3d25ede0cfd080d9e35756b051dcef65
model:LGT723F iter 19450: loss 1.8621, time 28984.88ms, mfu 6.08%
model:LGT723F iter 19460: loss 1.8732, time 1737.30ms, mfu 6.26%
model:LGT723F iter 19470: loss 1.7674, time 1737.47ms, mfu 6.42%
model:LGT723F iter 19480: loss 2.1883, time 1737.55ms, mfu 6.57%
model:LGT723F iter 19490: loss 1.9815, time 1738.48ms, mfu 6.70%
------average encoder activity 0.164
-----------average decoder density 0.3911
step 19500: train loss 2.0515, val loss 2.1896
saving checkpoint to out-novel-char3_LGT723F_3d25ede0cfd080d9e35756b051dcef65
done saving checkpoint to out-novel-char3_LGT723F_3d25ede0cfd080d9e35756b051dcef65
model:LGT723F iter 19500: loss 1.9636, time 28973.09ms, mfu 6.08%
model:LGT723F iter 19510: loss 1.9774, time 1740.76ms, mfu 6.26%
model:LGT723F iter 19520: loss 1.8768, time 1738.15ms, mfu 6.42%
model:LGT723F iter 19530: loss 2.1077, time 1738.11ms, mfu 6.57%
model:LGT723F iter 19540: loss 1.9742, time 1738.16ms, mfu 6.70%
------average encoder activity 0.165
-----------average decoder density 0.3612
step 19550: train loss 2.0334, val loss 2.1640
saving checkpoint to out-novel-char3_LGT723F_3d25ede0cfd080d9e35756b051dcef65
done saving checkpoint to out-novel-char3_LGT723F_3d25ede0cfd080d9e35756b051dcef65
model:LGT723F iter 19550: loss 1.9873, time 29046.77ms, mfu 6.08%
model:LGT723F iter 19560: loss 2.0493, time 1740.54ms, mfu 6.26%
model:LGT723F iter 19570: loss 1.9754, time 1740.47ms, mfu 6.42%
model:LGT723F iter 19580: loss 1.9719, time 1740.77ms, mfu 6.57%
model:LGT723F iter 19590: loss 2.2486, time 1741.07ms, mfu 6.70%
------average encoder activity 0.165
-----------average decoder density 0.3920
step 19600: train loss 2.0407, val loss 2.1798
saving checkpoint to out-novel-char3_LGT723F_3d25ede0cfd080d9e35756b051dcef65
done saving checkpoint to out-novel-char3_LGT723F_3d25ede0cfd080d9e35756b051dcef65
model:LGT723F iter 19600: loss 1.8228, time 29064.87ms, mfu 6.08%
model:LGT723F iter 19610: loss 2.1694, time 1739.77ms, mfu 6.26%
model:LGT723F iter 19620: loss 2.0314, time 1737.74ms, mfu 6.42%
model:LGT723F iter 19630: loss 1.6330, time 1738.41ms, mfu 6.57%
model:LGT723F iter 19640: loss 2.0635, time 1740.77ms, mfu 6.70%
------average encoder activity 0.165
-----------average decoder density 0.3857
step 19650: train loss 2.0128, val loss 2.1792
saving checkpoint to out-novel-char3_LGT723F_3d25ede0cfd080d9e35756b051dcef65
done saving checkpoint to out-novel-char3_LGT723F_3d25ede0cfd080d9e35756b051dcef65
model:LGT723F iter 19650: loss 1.8703, time 28825.95ms, mfu 6.08%
model:LGT723F iter 19660: loss 2.0083, time 1737.78ms, mfu 6.26%
model:LGT723F iter 19670: loss 2.0064, time 1738.53ms, mfu 6.42%
model:LGT723F iter 19680: loss 2.1790, time 1737.34ms, mfu 6.57%
model:LGT723F iter 19690: loss 2.0491, time 1737.59ms, mfu 6.70%
------average encoder activity 0.166
-----------average decoder density 0.3845
step 19700: train loss 2.0248, val loss 2.1659
saving checkpoint to out-novel-char3_LGT723F_3d25ede0cfd080d9e35756b051dcef65
done saving checkpoint to out-novel-char3_LGT723F_3d25ede0cfd080d9e35756b051dcef65
model:LGT723F iter 19700: loss 1.7864, time 28942.73ms, mfu 6.08%
model:LGT723F iter 19710: loss 2.0879, time 1741.05ms, mfu 6.26%
model:LGT723F iter 19720: loss 1.8738, time 1741.35ms, mfu 6.42%
model:LGT723F iter 19730: loss 1.6635, time 1740.34ms, mfu 6.57%
model:LGT723F iter 19740: loss 2.1230, time 1740.73ms, mfu 6.70%
------average encoder activity 0.166
-----------average decoder density 0.3817
step 19750: train loss 2.0232, val loss 2.1852
saving checkpoint to out-novel-char3_LGT723F_3d25ede0cfd080d9e35756b051dcef65
done saving checkpoint to out-novel-char3_LGT723F_3d25ede0cfd080d9e35756b051dcef65
model:LGT723F iter 19750: loss 2.0290, time 29136.11ms, mfu 6.08%
model:LGT723F iter 19760: loss 1.9936, time 1741.00ms, mfu 6.26%
model:LGT723F iter 19770: loss 1.7186, time 1740.53ms, mfu 6.42%
model:LGT723F iter 19780: loss 1.8352, time 1740.84ms, mfu 6.57%
model:LGT723F iter 19790: loss 2.2768, time 1740.69ms, mfu 6.70%
------average encoder activity 0.167
-----------average decoder density 0.3706
step 19800: train loss 2.0168, val loss 2.1919
saving checkpoint to out-novel-char3_LGT723F_3d25ede0cfd080d9e35756b051dcef65
done saving checkpoint to out-novel-char3_LGT723F_3d25ede0cfd080d9e35756b051dcef65
model:LGT723F iter 19800: loss 1.9250, time 29011.01ms, mfu 6.08%
model:LGT723F iter 19810: loss 1.8511, time 1740.81ms, mfu 6.26%
model:LGT723F iter 19820: loss 2.3718, time 1740.55ms, mfu 6.42%
model:LGT723F iter 19830: loss 1.8218, time 1741.49ms, mfu 6.57%
model:LGT723F iter 19840: loss 2.1388, time 1740.38ms, mfu 6.70%
------average encoder activity 0.167
-----------average decoder density 0.3679
step 19850: train loss 2.0161, val loss 2.1837
saving checkpoint to out-novel-char3_LGT723F_3d25ede0cfd080d9e35756b051dcef65
done saving checkpoint to out-novel-char3_LGT723F_3d25ede0cfd080d9e35756b051dcef65
model:LGT723F iter 19850: loss 1.7993, time 29022.77ms, mfu 6.08%
model:LGT723F iter 19860: loss 1.8804, time 1740.59ms, mfu 6.26%
model:LGT723F iter 19870: loss 2.0961, time 1741.44ms, mfu 6.42%
model:LGT723F iter 19880: loss 2.0476, time 1738.46ms, mfu 6.57%
model:LGT723F iter 19890: loss 1.7825, time 1739.05ms, mfu 6.70%
------average encoder activity 0.167
-----------average decoder density 0.4194
step 19900: train loss 2.0163, val loss 2.1669
saving checkpoint to out-novel-char3_LGT723F_3d25ede0cfd080d9e35756b051dcef65
done saving checkpoint to out-novel-char3_LGT723F_3d25ede0cfd080d9e35756b051dcef65
model:LGT723F iter 19900: loss 1.8284, time 29001.34ms, mfu 6.08%
model:LGT723F iter 19910: loss 2.0038, time 1740.15ms, mfu 6.26%
model:LGT723F iter 19920: loss 2.0924, time 1740.62ms, mfu 6.42%
model:LGT723F iter 19930: loss 2.1341, time 1740.82ms, mfu 6.57%
model:LGT723F iter 19940: loss 1.9126, time 1740.06ms, mfu 6.70%
------average encoder activity 0.168
-----------average decoder density 0.3843
step 19950: train loss 2.0224, val loss 2.1545
saving checkpoint to out-novel-char3_LGT723F_3d25ede0cfd080d9e35756b051dcef65
done saving checkpoint to out-novel-char3_LGT723F_3d25ede0cfd080d9e35756b051dcef65
model:LGT723F iter 19950: loss 2.2041, time 28980.41ms, mfu 6.08%
model:LGT723F iter 19960: loss 1.7832, time 1741.09ms, mfu 6.26%
model:LGT723F iter 19970: loss 1.9192, time 1741.80ms, mfu 6.42%
model:LGT723F iter 19980: loss 1.9839, time 1741.33ms, mfu 6.57%
model:LGT723F iter 19990: loss 1.8542, time 1738.04ms, mfu 6.70%
------average encoder activity 0.169
-----------average decoder density 0.3714
step 20000: train loss 2.0047, val loss 2.1563
saving checkpoint to out-novel-char3_LGT723F_3d25ede0cfd080d9e35756b051dcef65
done saving checkpoint to out-novel-char3_LGT723F_3d25ede0cfd080d9e35756b051dcef65
model:LGT723F iter 20000: loss 2.0142, time 28802.73ms, mfu 6.08%
model:LGT723F iter 20010: loss 1.7097, time 1737.36ms, mfu 6.26%
model:LGT723F iter 20020: loss 2.1150, time 1737.01ms, mfu 6.42%
model:LGT723F iter 20030: loss 1.9259, time 1737.17ms, mfu 6.57%
model:LGT723F iter 20040: loss 1.6506, time 1736.87ms, mfu 6.70%
------average encoder activity 0.169
-----------average decoder density 0.3880
step 20050: train loss 2.0132, val loss 2.1780
saving checkpoint to out-novel-char3_LGT723F_3d25ede0cfd080d9e35756b051dcef65
done saving checkpoint to out-novel-char3_LGT723F_3d25ede0cfd080d9e35756b051dcef65
model:LGT723F iter 20050: loss 2.1503, time 28832.90ms, mfu 6.08%
model:LGT723F iter 20060: loss 2.4381, time 1743.39ms, mfu 6.26%
model:LGT723F iter 20070: loss 2.1697, time 1741.25ms, mfu 6.42%
model:LGT723F iter 20080: loss 2.2323, time 1741.29ms, mfu 6.57%
model:LGT723F iter 20090: loss 1.9477, time 1741.48ms, mfu 6.70%
------average encoder activity 0.169
-----------average decoder density 0.3748
step 20100: train loss 2.0229, val loss 2.1713
saving checkpoint to out-novel-char3_LGT723F_3d25ede0cfd080d9e35756b051dcef65
done saving checkpoint to out-novel-char3_LGT723F_3d25ede0cfd080d9e35756b051dcef65
model:LGT723F iter 20100: loss 1.9484, time 28993.60ms, mfu 6.08%
model:LGT723F iter 20110: loss 1.9995, time 1740.28ms, mfu 6.26%
model:LGT723F iter 20120: loss 2.1819, time 1741.77ms, mfu 6.42%
model:LGT723F iter 20130: loss 1.7358, time 1739.82ms, mfu 6.57%
model:LGT723F iter 20140: loss 1.6073, time 1739.39ms, mfu 6.70%
------average encoder activity 0.170
-----------average decoder density 0.3818
step 20150: train loss 1.9817, val loss 2.1709
saving checkpoint to out-novel-char3_LGT723F_3d25ede0cfd080d9e35756b051dcef65
done saving checkpoint to out-novel-char3_LGT723F_3d25ede0cfd080d9e35756b051dcef65
model:LGT723F iter 20150: loss 1.8851, time 28972.68ms, mfu 6.08%
model:LGT723F iter 20160: loss 2.0793, time 1740.98ms, mfu 6.26%
model:LGT723F iter 20170: loss 2.0781, time 1741.64ms, mfu 6.42%
model:LGT723F iter 20180: loss 2.1410, time 1741.05ms, mfu 6.57%
model:LGT723F iter 20190: loss 2.3354, time 1741.09ms, mfu 6.70%
------average encoder activity 0.170
-----------average decoder density 0.3449
step 20200: train loss 1.9872, val loss 2.1630
saving checkpoint to out-novel-char3_LGT723F_3d25ede0cfd080d9e35756b051dcef65
done saving checkpoint to out-novel-char3_LGT723F_3d25ede0cfd080d9e35756b051dcef65
model:LGT723F iter 20200: loss 2.0680, time 29015.51ms, mfu 6.08%
model:LGT723F iter 20210: loss 1.7144, time 1740.67ms, mfu 6.26%
model:LGT723F iter 20220: loss 2.1666, time 1740.89ms, mfu 6.42%
model:LGT723F iter 20230: loss 1.9536, time 1741.03ms, mfu 6.57%
model:LGT723F iter 20240: loss 2.1345, time 1740.72ms, mfu 6.70%
------average encoder activity 0.170
-----------average decoder density 0.4133
step 20250: train loss 2.0062, val loss 2.1973
saving checkpoint to out-novel-char3_LGT723F_3d25ede0cfd080d9e35756b051dcef65
done saving checkpoint to out-novel-char3_LGT723F_3d25ede0cfd080d9e35756b051dcef65
model:LGT723F iter 20250: loss 1.6513, time 28981.01ms, mfu 6.07%
model:LGT723F iter 20260: loss 2.0945, time 1741.47ms, mfu 6.26%
model:LGT723F iter 20270: loss 2.2636, time 1742.73ms, mfu 6.42%
model:LGT723F iter 20280: loss 2.2113, time 1740.91ms, mfu 6.56%
model:LGT723F iter 20290: loss 2.1690, time 1741.02ms, mfu 6.70%
------average encoder activity 0.170
-----------average decoder density 0.3932
step 20300: train loss 2.0056, val loss 2.1843
saving checkpoint to out-novel-char3_LGT723F_3d25ede0cfd080d9e35756b051dcef65
done saving checkpoint to out-novel-char3_LGT723F_3d25ede0cfd080d9e35756b051dcef65
model:LGT723F iter 20300: loss 2.1514, time 28989.13ms, mfu 6.07%
model:LGT723F iter 20310: loss 1.7125, time 1741.50ms, mfu 6.25%
model:LGT723F iter 20320: loss 1.6498, time 1742.10ms, mfu 6.42%
model:LGT723F iter 20330: loss 2.0611, time 1741.80ms, mfu 6.56%
model:LGT723F iter 20340: loss 2.0029, time 1741.14ms, mfu 6.69%
------average encoder activity 0.170
-----------average decoder density 0.3795
step 20350: train loss 2.0047, val loss 2.1918
saving checkpoint to out-novel-char3_LGT723F_3d25ede0cfd080d9e35756b051dcef65
done saving checkpoint to out-novel-char3_LGT723F_3d25ede0cfd080d9e35756b051dcef65
model:LGT723F iter 20350: loss 1.9320, time 28852.75ms, mfu 6.07%
model:LGT723F iter 20360: loss 2.0554, time 1741.66ms, mfu 6.25%
model:LGT723F iter 20370: loss 1.9505, time 1742.71ms, mfu 6.42%
model:LGT723F iter 20380: loss 2.0939, time 1741.48ms, mfu 6.56%
model:LGT723F iter 20390: loss 2.0877, time 1740.60ms, mfu 6.69%
------average encoder activity 0.170
-----------average decoder density 0.3543
step 20400: train loss 2.0143, val loss 2.1369
saving checkpoint to out-novel-char3_LGT723F_3d25ede0cfd080d9e35756b051dcef65
done saving checkpoint to out-novel-char3_LGT723F_3d25ede0cfd080d9e35756b051dcef65
model:LGT723F iter 20400: loss 1.8843, time 28850.26ms, mfu 6.07%
model:LGT723F iter 20410: loss 2.0710, time 1738.19ms, mfu 6.25%
model:LGT723F iter 20420: loss 1.9441, time 1737.87ms, mfu 6.42%
model:LGT723F iter 20430: loss 1.9195, time 1737.85ms, mfu 6.57%
model:LGT723F iter 20440: loss 2.2580, time 1738.39ms, mfu 6.70%
------average encoder activity 0.170
-----------average decoder density 0.3605
step 20450: train loss 1.9872, val loss 2.1686
saving checkpoint to out-novel-char3_LGT723F_3d25ede0cfd080d9e35756b051dcef65
done saving checkpoint to out-novel-char3_LGT723F_3d25ede0cfd080d9e35756b051dcef65
model:LGT723F iter 20450: loss 2.0819, time 28957.16ms, mfu 6.08%
model:LGT723F iter 20460: loss 2.1463, time 1739.91ms, mfu 6.26%
model:LGT723F iter 20470: loss 2.0595, time 1741.37ms, mfu 6.42%
model:LGT723F iter 20480: loss 2.1466, time 1743.78ms, mfu 6.57%
model:LGT723F iter 20490: loss 2.0118, time 1743.74ms, mfu 6.70%
------average encoder activity 0.171
-----------average decoder density 0.3850
step 20500: train loss 2.0230, val loss 2.1698
saving checkpoint to out-novel-char3_LGT723F_3d25ede0cfd080d9e35756b051dcef65
done saving checkpoint to out-novel-char3_LGT723F_3d25ede0cfd080d9e35756b051dcef65
model:LGT723F iter 20500: loss 1.9136, time 29084.72ms, mfu 6.07%
model:LGT723F iter 20510: loss 2.0742, time 1740.58ms, mfu 6.25%
model:LGT723F iter 20520: loss 2.0644, time 1740.70ms, mfu 6.42%
model:LGT723F iter 20530: loss 1.8241, time 1740.64ms, mfu 6.56%
model:LGT723F iter 20540: loss 2.0269, time 1740.59ms, mfu 6.70%
------average encoder activity 0.173
-----------average decoder density 0.3703
step 20550: train loss 2.0266, val loss 2.1639
saving checkpoint to out-novel-char3_LGT723F_3d25ede0cfd080d9e35756b051dcef65
done saving checkpoint to out-novel-char3_LGT723F_3d25ede0cfd080d9e35756b051dcef65
model:LGT723F iter 20550: loss 2.1107, time 29065.41ms, mfu 6.07%
model:LGT723F iter 20560: loss 2.2814, time 1740.55ms, mfu 6.26%
model:LGT723F iter 20570: loss 2.2106, time 1742.39ms, mfu 6.42%
model:LGT723F iter 20580: loss 2.0557, time 1740.60ms, mfu 6.56%
model:LGT723F iter 20590: loss 1.8983, time 1740.74ms, mfu 6.70%
------average encoder activity 0.172
-----------average decoder density 0.3727
step 20600: train loss 2.0004, val loss 2.1650
saving checkpoint to out-novel-char3_LGT723F_3d25ede0cfd080d9e35756b051dcef65
done saving checkpoint to out-novel-char3_LGT723F_3d25ede0cfd080d9e35756b051dcef65
model:LGT723F iter 20600: loss 2.7467, time 28974.84ms, mfu 6.07%
model:LGT723F iter 20610: loss 1.6780, time 1741.46ms, mfu 6.25%
model:LGT723F iter 20620: loss 1.7681, time 1740.73ms, mfu 6.42%
model:LGT723F iter 20630: loss 1.5615, time 1739.37ms, mfu 6.56%
model:LGT723F iter 20640: loss 1.9802, time 1740.00ms, mfu 6.70%
------average encoder activity 0.173
-----------average decoder density 0.3676
step 20650: train loss 1.9908, val loss 2.1580
saving checkpoint to out-novel-char3_LGT723F_3d25ede0cfd080d9e35756b051dcef65
done saving checkpoint to out-novel-char3_LGT723F_3d25ede0cfd080d9e35756b051dcef65
model:LGT723F iter 20650: loss 2.1200, time 28928.88ms, mfu 6.07%
model:LGT723F iter 20660: loss 1.8742, time 1741.24ms, mfu 6.26%
model:LGT723F iter 20670: loss 1.8298, time 1741.67ms, mfu 6.42%
model:LGT723F iter 20680: loss 1.8278, time 1739.85ms, mfu 6.56%
model:LGT723F iter 20690: loss 2.1821, time 1738.52ms, mfu 6.70%
------average encoder activity 0.173
-----------average decoder density 0.4609
step 20700: train loss 1.9693, val loss 2.1575
saving checkpoint to out-novel-char3_LGT723F_3d25ede0cfd080d9e35756b051dcef65
done saving checkpoint to out-novel-char3_LGT723F_3d25ede0cfd080d9e35756b051dcef65
model:LGT723F iter 20700: loss 2.0567, time 28834.40ms, mfu 6.08%
model:LGT723F iter 20710: loss 2.1269, time 1740.85ms, mfu 6.26%
model:LGT723F iter 20720: loss 2.1786, time 1740.75ms, mfu 6.42%
model:LGT723F iter 20730: loss 2.0311, time 1740.51ms, mfu 6.57%
model:LGT723F iter 20740: loss 2.1969, time 1741.26ms, mfu 6.70%
------average encoder activity 0.174
-----------average decoder density 0.4125
step 20750: train loss 1.9871, val loss 2.1568
saving checkpoint to out-novel-char3_LGT723F_3d25ede0cfd080d9e35756b051dcef65
done saving checkpoint to out-novel-char3_LGT723F_3d25ede0cfd080d9e35756b051dcef65
model:LGT723F iter 20750: loss 1.8708, time 28755.55ms, mfu 6.08%
model:LGT723F iter 20760: loss 1.9943, time 1740.82ms, mfu 6.26%
model:LGT723F iter 20770: loss 2.0802, time 1740.91ms, mfu 6.42%
model:LGT723F iter 20780: loss 2.2466, time 1738.71ms, mfu 6.57%
model:LGT723F iter 20790: loss 2.0054, time 1738.80ms, mfu 6.70%
------average encoder activity 0.174
-----------average decoder density 0.3648
step 20800: train loss 1.9889, val loss 2.1986
saving checkpoint to out-novel-char3_LGT723F_3d25ede0cfd080d9e35756b051dcef65
done saving checkpoint to out-novel-char3_LGT723F_3d25ede0cfd080d9e35756b051dcef65
model:LGT723F iter 20800: loss 2.1346, time 29005.17ms, mfu 6.08%
model:LGT723F iter 20810: loss 2.3808, time 1738.12ms, mfu 6.26%
model:LGT723F iter 20820: loss 2.0832, time 1737.55ms, mfu 6.42%
model:LGT723F iter 20830: loss 1.7518, time 1738.23ms, mfu 6.57%
model:LGT723F iter 20840: loss 1.8442, time 1738.06ms, mfu 6.70%
------average encoder activity 0.174
-----------average decoder density 0.3940
step 20850: train loss 1.9729, val loss 2.1522
saving checkpoint to out-novel-char3_LGT723F_3d25ede0cfd080d9e35756b051dcef65
done saving checkpoint to out-novel-char3_LGT723F_3d25ede0cfd080d9e35756b051dcef65
model:LGT723F iter 20850: loss 1.8884, time 28899.73ms, mfu 6.08%
model:LGT723F iter 20860: loss 1.8299, time 1742.38ms, mfu 6.26%
model:LGT723F iter 20870: loss 1.7236, time 1740.62ms, mfu 6.42%
model:LGT723F iter 20880: loss 2.0949, time 1740.67ms, mfu 6.57%
model:LGT723F iter 20890: loss 2.0587, time 1740.61ms, mfu 6.70%
------average encoder activity 0.173
-----------average decoder density 0.3774
step 20900: train loss 1.9986, val loss 2.1523
saving checkpoint to out-novel-char3_LGT723F_3d25ede0cfd080d9e35756b051dcef65
done saving checkpoint to out-novel-char3_LGT723F_3d25ede0cfd080d9e35756b051dcef65
model:LGT723F iter 20900: loss 2.1854, time 28926.95ms, mfu 6.08%
model:LGT723F iter 20910: loss 2.2462, time 1739.06ms, mfu 6.26%
model:LGT723F iter 20920: loss 2.0555, time 1738.93ms, mfu 6.42%
model:LGT723F iter 20930: loss 1.8538, time 1738.51ms, mfu 6.57%
model:LGT723F iter 20940: loss 1.9105, time 1739.25ms, mfu 6.70%
------average encoder activity 0.173
-----------average decoder density 0.3668
step 20950: train loss 1.9936, val loss 2.1540
saving checkpoint to out-novel-char3_LGT723F_3d25ede0cfd080d9e35756b051dcef65
done saving checkpoint to out-novel-char3_LGT723F_3d25ede0cfd080d9e35756b051dcef65
model:LGT723F iter 20950: loss 2.2146, time 29008.42ms, mfu 6.08%
model:LGT723F iter 20960: loss 2.2470, time 1740.38ms, mfu 6.26%
model:LGT723F iter 20970: loss 2.2651, time 1739.39ms, mfu 6.42%
model:LGT723F iter 20980: loss 1.8980, time 1739.96ms, mfu 6.57%
model:LGT723F iter 20990: loss 2.1064, time 1738.94ms, mfu 6.70%
------average encoder activity 0.173
-----------average decoder density 0.3860
step 21000: train loss 1.9938, val loss 2.1651
saving checkpoint to out-novel-char3_LGT723F_3d25ede0cfd080d9e35756b051dcef65
done saving checkpoint to out-novel-char3_LGT723F_3d25ede0cfd080d9e35756b051dcef65
model:LGT723F iter 21000: loss 1.7549, time 28822.37ms, mfu 6.08%
model:LGT723F iter 21010: loss 2.0588, time 1737.46ms, mfu 6.26%
model:LGT723F iter 21020: loss 1.9692, time 1736.80ms, mfu 6.42%
model:LGT723F iter 21030: loss 2.1589, time 1741.88ms, mfu 6.57%
model:LGT723F iter 21040: loss 2.0279, time 1739.84ms, mfu 6.70%
------average encoder activity 0.172
-----------average decoder density 0.3624
step 21050: train loss 1.9708, val loss 2.1489
saving checkpoint to out-novel-char3_LGT723F_3d25ede0cfd080d9e35756b051dcef65
done saving checkpoint to out-novel-char3_LGT723F_3d25ede0cfd080d9e35756b051dcef65
model:LGT723F iter 21050: loss 2.1279, time 28852.12ms, mfu 6.08%
model:LGT723F iter 21060: loss 2.0592, time 1741.57ms, mfu 6.26%
model:LGT723F iter 21070: loss 1.7861, time 1740.69ms, mfu 6.42%
model:LGT723F iter 21080: loss 2.6223, time 1741.12ms, mfu 6.57%
model:LGT723F iter 21090: loss 2.0582, time 1741.51ms, mfu 6.70%
------average encoder activity 0.173
-----------average decoder density 0.3983
step 21100: train loss 2.0014, val loss 2.1497
saving checkpoint to out-novel-char3_LGT723F_3d25ede0cfd080d9e35756b051dcef65
done saving checkpoint to out-novel-char3_LGT723F_3d25ede0cfd080d9e35756b051dcef65
model:LGT723F iter 21100: loss 2.0705, time 29027.30ms, mfu 6.08%
model:LGT723F iter 21110: loss 1.7067, time 1741.17ms, mfu 6.26%
model:LGT723F iter 21120: loss 2.0505, time 1741.25ms, mfu 6.42%
model:LGT723F iter 21130: loss 1.6611, time 1741.77ms, mfu 6.57%
model:LGT723F iter 21140: loss 2.0199, time 1741.75ms, mfu 6.70%
------average encoder activity 0.174
-----------average decoder density 0.3622
step 21150: train loss 1.9956, val loss 2.1380
saving checkpoint to out-novel-char3_LGT723F_3d25ede0cfd080d9e35756b051dcef65
done saving checkpoint to out-novel-char3_LGT723F_3d25ede0cfd080d9e35756b051dcef65
model:LGT723F iter 21150: loss 2.1991, time 29001.00ms, mfu 6.07%
model:LGT723F iter 21160: loss 1.8192, time 1741.46ms, mfu 6.26%
model:LGT723F iter 21170: loss 1.8280, time 1740.41ms, mfu 6.42%
model:LGT723F iter 21180: loss 2.3501, time 1741.06ms, mfu 6.56%
model:LGT723F iter 21190: loss 2.0529, time 1741.01ms, mfu 6.70%
------average encoder activity 0.174
-----------average decoder density 0.4400
step 21200: train loss 1.9940, val loss 2.1282
saving checkpoint to out-novel-char3_LGT723F_3d25ede0cfd080d9e35756b051dcef65
done saving checkpoint to out-novel-char3_LGT723F_3d25ede0cfd080d9e35756b051dcef65
model:LGT723F iter 21200: loss 2.2988, time 28967.43ms, mfu 6.07%
model:LGT723F iter 21210: loss 2.0291, time 1738.59ms, mfu 6.26%
model:LGT723F iter 21220: loss 1.9996, time 1738.35ms, mfu 6.42%
model:LGT723F iter 21230: loss 1.9851, time 1738.35ms, mfu 6.57%
model:LGT723F iter 21240: loss 2.1213, time 1738.43ms, mfu 6.70%
------average encoder activity 0.173
-----------average decoder density 0.4121
step 21250: train loss 1.9730, val loss 2.1371
saving checkpoint to out-novel-char3_LGT723F_3d25ede0cfd080d9e35756b051dcef65
done saving checkpoint to out-novel-char3_LGT723F_3d25ede0cfd080d9e35756b051dcef65
model:LGT723F iter 21250: loss 2.0060, time 28958.45ms, mfu 6.08%
model:LGT723F iter 21260: loss 2.3238, time 1738.48ms, mfu 6.26%
model:LGT723F iter 21270: loss 2.4425, time 1739.03ms, mfu 6.42%
model:LGT723F iter 21280: loss 1.9171, time 1738.04ms, mfu 6.57%
model:LGT723F iter 21290: loss 1.9246, time 1739.20ms, mfu 6.70%
------average encoder activity 0.175
-----------average decoder density 0.3729
step 21300: train loss 1.9610, val loss 2.1334
saving checkpoint to out-novel-char3_LGT723F_3d25ede0cfd080d9e35756b051dcef65
done saving checkpoint to out-novel-char3_LGT723F_3d25ede0cfd080d9e35756b051dcef65
model:LGT723F iter 21300: loss 2.0622, time 28815.04ms, mfu 6.08%
model:LGT723F iter 21310: loss 1.9189, time 1741.59ms, mfu 6.26%
model:LGT723F iter 21320: loss 2.2485, time 1741.78ms, mfu 6.42%
model:LGT723F iter 21330: loss 1.8510, time 1741.57ms, mfu 6.57%
model:LGT723F iter 21340: loss 2.1467, time 1741.47ms, mfu 6.70%
------average encoder activity 0.176
-----------average decoder density 0.3742
step 21350: train loss 1.9619, val loss 2.1506
saving checkpoint to out-novel-char3_LGT723F_3d25ede0cfd080d9e35756b051dcef65
done saving checkpoint to out-novel-char3_LGT723F_3d25ede0cfd080d9e35756b051dcef65
model:LGT723F iter 21350: loss 1.8834, time 28825.33ms, mfu 6.08%
model:LGT723F iter 21360: loss 1.9868, time 1739.39ms, mfu 6.26%
model:LGT723F iter 21370: loss 1.9294, time 1739.96ms, mfu 6.42%
model:LGT723F iter 21380: loss 2.0856, time 1739.85ms, mfu 6.57%
model:LGT723F iter 21390: loss 2.0736, time 1739.24ms, mfu 6.70%
------average encoder activity 0.177
-----------average decoder density 0.3743
step 21400: train loss 1.9900, val loss 2.1406
saving checkpoint to out-novel-char3_LGT723F_3d25ede0cfd080d9e35756b051dcef65
done saving checkpoint to out-novel-char3_LGT723F_3d25ede0cfd080d9e35756b051dcef65
model:LGT723F iter 21400: loss 1.7130, time 29023.95ms, mfu 6.08%
model:LGT723F iter 21410: loss 1.8522, time 1741.27ms, mfu 6.26%
model:LGT723F iter 21420: loss 2.0142, time 1740.84ms, mfu 6.42%
model:LGT723F iter 21430: loss 2.0184, time 1741.89ms, mfu 6.57%
model:LGT723F iter 21440: loss 2.0351, time 1740.85ms, mfu 6.70%
------average encoder activity 0.178
-----------average decoder density 0.4065
step 21450: train loss 1.9813, val loss 2.1509
saving checkpoint to out-novel-char3_LGT723F_3d25ede0cfd080d9e35756b051dcef65
done saving checkpoint to out-novel-char3_LGT723F_3d25ede0cfd080d9e35756b051dcef65
model:LGT723F iter 21450: loss 2.7495, time 28998.24ms, mfu 6.08%
model:LGT723F iter 21460: loss 2.1242, time 1745.31ms, mfu 6.25%
model:LGT723F iter 21470: loss 2.0056, time 1740.65ms, mfu 6.42%
model:LGT723F iter 21480: loss 2.2318, time 1741.43ms, mfu 6.56%
model:LGT723F iter 21490: loss 1.8611, time 1741.10ms, mfu 6.70%
------average encoder activity 0.179
-----------average decoder density 0.4487
step 21500: train loss 1.9902, val loss 2.1473
saving checkpoint to out-novel-char3_LGT723F_3d25ede0cfd080d9e35756b051dcef65
done saving checkpoint to out-novel-char3_LGT723F_3d25ede0cfd080d9e35756b051dcef65
model:LGT723F iter 21500: loss 1.9201, time 28968.99ms, mfu 6.07%
model:LGT723F iter 21510: loss 2.0662, time 1741.27ms, mfu 6.25%
model:LGT723F iter 21520: loss 1.7281, time 1742.07ms, mfu 6.42%
model:LGT723F iter 21530: loss 1.8447, time 1742.63ms, mfu 6.56%
model:LGT723F iter 21540: loss 1.6854, time 1742.12ms, mfu 6.69%
------average encoder activity 0.178
-----------average decoder density 0.3875
step 21550: train loss 1.9701, val loss 2.1400
saving checkpoint to out-novel-char3_LGT723F_3d25ede0cfd080d9e35756b051dcef65
done saving checkpoint to out-novel-char3_LGT723F_3d25ede0cfd080d9e35756b051dcef65
model:LGT723F iter 21550: loss 1.9075, time 29043.05ms, mfu 6.07%
model:LGT723F iter 21560: loss 1.8951, time 1741.26ms, mfu 6.25%
model:LGT723F iter 21570: loss 1.7975, time 1742.02ms, mfu 6.42%
model:LGT723F iter 21580: loss 1.8095, time 1741.25ms, mfu 6.56%
model:LGT723F iter 21590: loss 1.9109, time 1741.04ms, mfu 6.69%
------average encoder activity 0.179
-----------average decoder density 0.3661
step 21600: train loss 1.9739, val loss 2.1468
saving checkpoint to out-novel-char3_LGT723F_3d25ede0cfd080d9e35756b051dcef65
done saving checkpoint to out-novel-char3_LGT723F_3d25ede0cfd080d9e35756b051dcef65
model:LGT723F iter 21600: loss 1.8710, time 28983.92ms, mfu 6.07%
model:LGT723F iter 21610: loss 2.1466, time 1740.89ms, mfu 6.25%
model:LGT723F iter 21620: loss 1.5740, time 1742.80ms, mfu 6.42%
model:LGT723F iter 21630: loss 2.3439, time 1739.34ms, mfu 6.56%
model:LGT723F iter 21640: loss 1.9624, time 1739.22ms, mfu 6.70%
------average encoder activity 0.179
-----------average decoder density 0.3553
step 21650: train loss 1.9542, val loss 2.1134
saving checkpoint to out-novel-char3_LGT723F_3d25ede0cfd080d9e35756b051dcef65
done saving checkpoint to out-novel-char3_LGT723F_3d25ede0cfd080d9e35756b051dcef65
model:LGT723F iter 21650: loss 2.1735, time 28797.74ms, mfu 6.07%
model:LGT723F iter 21660: loss 2.0525, time 1742.09ms, mfu 6.25%
model:LGT723F iter 21670: loss 1.8587, time 1736.39ms, mfu 6.42%
model:LGT723F iter 21680: loss 2.0233, time 1736.39ms, mfu 6.57%
model:LGT723F iter 21690: loss 2.1928, time 1737.65ms, mfu 6.70%
------average encoder activity 0.180
-----------average decoder density 0.3938
step 21700: train loss 1.9659, val loss 2.1383
saving checkpoint to out-novel-char3_LGT723F_3d25ede0cfd080d9e35756b051dcef65
done saving checkpoint to out-novel-char3_LGT723F_3d25ede0cfd080d9e35756b051dcef65
model:LGT723F iter 21700: loss 1.9524, time 28886.90ms, mfu 6.08%
model:LGT723F iter 21710: loss 1.2774, time 1741.91ms, mfu 6.26%
model:LGT723F iter 21720: loss 1.9884, time 1741.27ms, mfu 6.42%
model:LGT723F iter 21730: loss 2.3022, time 1742.04ms, mfu 6.57%
model:LGT723F iter 21740: loss 1.4041, time 1740.92ms, mfu 6.70%
------average encoder activity 0.182
-----------average decoder density 0.3833
step 21750: train loss 1.9669, val loss 2.1392
saving checkpoint to out-novel-char3_LGT723F_3d25ede0cfd080d9e35756b051dcef65
done saving checkpoint to out-novel-char3_LGT723F_3d25ede0cfd080d9e35756b051dcef65
model:LGT723F iter 21750: loss 2.0336, time 29008.14ms, mfu 6.08%
model:LGT723F iter 21760: loss 1.9728, time 1741.46ms, mfu 6.26%
model:LGT723F iter 21770: loss 1.5101, time 1741.36ms, mfu 6.42%
model:LGT723F iter 21780: loss 1.9860, time 1742.16ms, mfu 6.56%
model:LGT723F iter 21790: loss 2.1732, time 1740.59ms, mfu 6.70%
------average encoder activity 0.181
-----------average decoder density 0.4001
step 21800: train loss 1.9787, val loss 2.1409
saving checkpoint to out-novel-char3_LGT723F_3d25ede0cfd080d9e35756b051dcef65
done saving checkpoint to out-novel-char3_LGT723F_3d25ede0cfd080d9e35756b051dcef65
model:LGT723F iter 21800: loss 1.7564, time 29006.85ms, mfu 6.07%
model:LGT723F iter 21810: loss 2.1002, time 1742.45ms, mfu 6.25%
model:LGT723F iter 21820: loss 1.8865, time 1742.05ms, mfu 6.42%
model:LGT723F iter 21830: loss 2.1090, time 1740.55ms, mfu 6.56%
model:LGT723F iter 21840: loss 2.0149, time 1742.41ms, mfu 6.69%
------average encoder activity 0.182
-----------average decoder density 0.3795
step 21850: train loss 1.9594, val loss 2.1423
saving checkpoint to out-novel-char3_LGT723F_3d25ede0cfd080d9e35756b051dcef65
done saving checkpoint to out-novel-char3_LGT723F_3d25ede0cfd080d9e35756b051dcef65
model:LGT723F iter 21850: loss 2.2778, time 28947.40ms, mfu 6.07%
model:LGT723F iter 21860: loss 2.3283, time 1749.30ms, mfu 6.25%
model:LGT723F iter 21870: loss 2.1232, time 1740.83ms, mfu 6.41%
model:LGT723F iter 21880: loss 2.0179, time 1741.01ms, mfu 6.56%
model:LGT723F iter 21890: loss 2.0109, time 1741.39ms, mfu 6.69%
------average encoder activity 0.181
-----------average decoder density 0.3815
step 21900: train loss 1.9744, val loss 2.1178
saving checkpoint to out-novel-char3_LGT723F_3d25ede0cfd080d9e35756b051dcef65
done saving checkpoint to out-novel-char3_LGT723F_3d25ede0cfd080d9e35756b051dcef65
model:LGT723F iter 21900: loss 2.1515, time 28972.48ms, mfu 6.07%
model:LGT723F iter 21910: loss 2.1310, time 1740.02ms, mfu 6.25%
model:LGT723F iter 21920: loss 1.7317, time 1739.46ms, mfu 6.42%
model:LGT723F iter 21930: loss 1.7212, time 1741.64ms, mfu 6.56%
model:LGT723F iter 21940: loss 1.9081, time 1742.56ms, mfu 6.69%
------average encoder activity 0.181
-----------average decoder density 0.4085
step 21950: train loss 1.9754, val loss 2.1207
saving checkpoint to out-novel-char3_LGT723F_3d25ede0cfd080d9e35756b051dcef65
done saving checkpoint to out-novel-char3_LGT723F_3d25ede0cfd080d9e35756b051dcef65
model:LGT723F iter 21950: loss 1.7910, time 29024.02ms, mfu 6.07%
model:LGT723F iter 21960: loss 1.9011, time 1739.79ms, mfu 6.25%
model:LGT723F iter 21970: loss 2.0765, time 1737.27ms, mfu 6.42%
model:LGT723F iter 21980: loss 2.1401, time 1737.01ms, mfu 6.57%
model:LGT723F iter 21990: loss 2.2278, time 1737.56ms, mfu 6.70%
------average encoder activity 0.182
-----------average decoder density 0.3906
step 22000: train loss 1.9802, val loss 2.1307
saving checkpoint to out-novel-char3_LGT723F_3d25ede0cfd080d9e35756b051dcef65
done saving checkpoint to out-novel-char3_LGT723F_3d25ede0cfd080d9e35756b051dcef65
model:LGT723F iter 22000: loss 1.8479, time 28862.17ms, mfu 6.08%
model:LGT723F iter 22010: loss 1.4489, time 1738.47ms, mfu 6.26%
model:LGT723F iter 22020: loss 1.7982, time 1737.95ms, mfu 6.42%
model:LGT723F iter 22030: loss 1.9723, time 1738.08ms, mfu 6.57%
model:LGT723F iter 22040: loss 1.8328, time 1738.34ms, mfu 6.70%
------average encoder activity 0.184
-----------average decoder density 0.4152
step 22050: train loss 1.9725, val loss 2.1227
saving checkpoint to out-novel-char3_LGT723F_3d25ede0cfd080d9e35756b051dcef65
done saving checkpoint to out-novel-char3_LGT723F_3d25ede0cfd080d9e35756b051dcef65
model:LGT723F iter 22050: loss 2.0456, time 28859.89ms, mfu 6.08%
model:LGT723F iter 22060: loss 1.8776, time 1740.35ms, mfu 6.26%
model:LGT723F iter 22070: loss 1.6210, time 1740.22ms, mfu 6.42%
model:LGT723F iter 22080: loss 1.9262, time 1739.84ms, mfu 6.57%
model:LGT723F iter 22090: loss 2.3449, time 1741.18ms, mfu 6.70%
------average encoder activity 0.184
-----------average decoder density 0.4253
step 22100: train loss 1.9553, val loss 2.1500
saving checkpoint to out-novel-char3_LGT723F_3d25ede0cfd080d9e35756b051dcef65
done saving checkpoint to out-novel-char3_LGT723F_3d25ede0cfd080d9e35756b051dcef65
model:LGT723F iter 22100: loss 1.7426, time 28984.99ms, mfu 6.08%
model:LGT723F iter 22110: loss 1.9882, time 1741.18ms, mfu 6.26%
model:LGT723F iter 22120: loss 1.8387, time 1741.56ms, mfu 6.42%
model:LGT723F iter 22130: loss 2.0419, time 1741.00ms, mfu 6.57%
model:LGT723F iter 22140: loss 1.9544, time 1741.44ms, mfu 6.70%
------average encoder activity 0.183
-----------average decoder density 0.3568
step 22150: train loss 1.9654, val loss 2.1307
saving checkpoint to out-novel-char3_LGT723F_3d25ede0cfd080d9e35756b051dcef65
done saving checkpoint to out-novel-char3_LGT723F_3d25ede0cfd080d9e35756b051dcef65
model:LGT723F iter 22150: loss 1.8997, time 29007.13ms, mfu 6.08%
model:LGT723F iter 22160: loss 2.2847, time 1741.91ms, mfu 6.26%
model:LGT723F iter 22170: loss 1.8149, time 1738.07ms, mfu 6.42%
model:LGT723F iter 22180: loss 1.9320, time 1737.95ms, mfu 6.57%
model:LGT723F iter 22190: loss 1.6601, time 1737.93ms, mfu 6.70%
------average encoder activity 0.183
-----------average decoder density 0.3735
step 22200: train loss 1.9690, val loss 2.1269
saving checkpoint to out-novel-char3_LGT723F_3d25ede0cfd080d9e35756b051dcef65
done saving checkpoint to out-novel-char3_LGT723F_3d25ede0cfd080d9e35756b051dcef65
model:LGT723F iter 22200: loss 1.9674, time 28965.52ms, mfu 6.08%
model:LGT723F iter 22210: loss 2.0015, time 1741.00ms, mfu 6.26%
model:LGT723F iter 22220: loss 1.9137, time 1740.25ms, mfu 6.42%
model:LGT723F iter 22230: loss 2.3079, time 1741.43ms, mfu 6.57%
model:LGT723F iter 22240: loss 1.7798, time 1740.92ms, mfu 6.70%
------average encoder activity 0.183
-----------average decoder density 0.4104
step 22250: train loss 1.9743, val loss 2.1441
saving checkpoint to out-novel-char3_LGT723F_3d25ede0cfd080d9e35756b051dcef65
done saving checkpoint to out-novel-char3_LGT723F_3d25ede0cfd080d9e35756b051dcef65
model:LGT723F iter 22250: loss 2.2122, time 28961.89ms, mfu 6.08%
model:LGT723F iter 22260: loss 2.0104, time 1738.69ms, mfu 6.26%
model:LGT723F iter 22270: loss 1.9402, time 1738.11ms, mfu 6.42%
model:LGT723F iter 22280: loss 2.0510, time 1737.62ms, mfu 6.57%
model:LGT723F iter 22290: loss 2.3481, time 1738.33ms, mfu 6.70%
------average encoder activity 0.184
-----------average decoder density 0.4205
step 22300: train loss 1.9537, val loss 2.1385
saving checkpoint to out-novel-char3_LGT723F_3d25ede0cfd080d9e35756b051dcef65
done saving checkpoint to out-novel-char3_LGT723F_3d25ede0cfd080d9e35756b051dcef65
model:LGT723F iter 22300: loss 2.0292, time 28835.84ms, mfu 6.08%
model:LGT723F iter 22310: loss 1.9939, time 1740.32ms, mfu 6.26%
model:LGT723F iter 22320: loss 2.1696, time 1737.72ms, mfu 6.42%
model:LGT723F iter 22330: loss 1.9214, time 1737.59ms, mfu 6.57%
model:LGT723F iter 22340: loss 1.9978, time 1738.02ms, mfu 6.70%
------average encoder activity 0.183
-----------average decoder density 0.4187
step 22350: train loss 1.9675, val loss 2.1382
saving checkpoint to out-novel-char3_LGT723F_3d25ede0cfd080d9e35756b051dcef65
done saving checkpoint to out-novel-char3_LGT723F_3d25ede0cfd080d9e35756b051dcef65
model:LGT723F iter 22350: loss 2.1074, time 29007.64ms, mfu 6.08%
model:LGT723F iter 22360: loss 2.0553, time 1737.76ms, mfu 6.26%
model:LGT723F iter 22370: loss 2.0721, time 1737.63ms, mfu 6.43%
model:LGT723F iter 22380: loss 1.7571, time 1737.69ms, mfu 6.57%
model:LGT723F iter 22390: loss 2.0146, time 1737.87ms, mfu 6.71%
------average encoder activity 0.184
-----------average decoder density 0.3918
step 22400: train loss 1.9399, val loss 2.1083
saving checkpoint to out-novel-char3_LGT723F_3d25ede0cfd080d9e35756b051dcef65
done saving checkpoint to out-novel-char3_LGT723F_3d25ede0cfd080d9e35756b051dcef65
model:LGT723F iter 22400: loss 1.8854, time 28959.93ms, mfu 6.08%
model:LGT723F iter 22410: loss 2.3390, time 1740.23ms, mfu 6.26%
model:LGT723F iter 22420: loss 2.0749, time 1745.16ms, mfu 6.42%
model:LGT723F iter 22430: loss 1.9376, time 1740.95ms, mfu 6.57%
model:LGT723F iter 22440: loss 2.0127, time 1742.14ms, mfu 6.70%
------average encoder activity 0.184
-----------average decoder density 0.3817
step 22450: train loss 1.9579, val loss 2.1328
saving checkpoint to out-novel-char3_LGT723F_3d25ede0cfd080d9e35756b051dcef65
done saving checkpoint to out-novel-char3_LGT723F_3d25ede0cfd080d9e35756b051dcef65
model:LGT723F iter 22450: loss 1.9380, time 28967.44ms, mfu 6.08%
model:LGT723F iter 22460: loss 2.2116, time 1740.64ms, mfu 6.26%
model:LGT723F iter 22470: loss 2.0668, time 1741.06ms, mfu 6.42%
model:LGT723F iter 22480: loss 1.8901, time 1741.30ms, mfu 6.57%
model:LGT723F iter 22490: loss 1.8309, time 1740.58ms, mfu 6.70%
------average encoder activity 0.185
-----------average decoder density 0.4306
step 22500: train loss 1.9654, val loss 2.1335
saving checkpoint to out-novel-char3_LGT723F_3d25ede0cfd080d9e35756b051dcef65
done saving checkpoint to out-novel-char3_LGT723F_3d25ede0cfd080d9e35756b051dcef65
model:LGT723F iter 22500: loss 1.6522, time 28954.52ms, mfu 6.08%
model:LGT723F iter 22510: loss 1.9257, time 1740.95ms, mfu 6.26%
model:LGT723F iter 22520: loss 2.0258, time 1737.79ms, mfu 6.42%
model:LGT723F iter 22530: loss 2.2272, time 1737.56ms, mfu 6.57%
model:LGT723F iter 22540: loss 1.9181, time 1737.82ms, mfu 6.70%
------average encoder activity 0.186
-----------average decoder density 0.3952
step 22550: train loss 1.9553, val loss 2.1226
saving checkpoint to out-novel-char3_LGT723F_3d25ede0cfd080d9e35756b051dcef65
done saving checkpoint to out-novel-char3_LGT723F_3d25ede0cfd080d9e35756b051dcef65
model:LGT723F iter 22550: loss 2.2184, time 28959.21ms, mfu 6.08%
model:LGT723F iter 22560: loss 2.0608, time 1740.04ms, mfu 6.26%
model:LGT723F iter 22570: loss 1.6402, time 1740.72ms, mfu 6.42%
model:LGT723F iter 22580: loss 2.0011, time 1740.60ms, mfu 6.57%
model:LGT723F iter 22590: loss 1.8911, time 1741.41ms, mfu 6.70%
------average encoder activity 0.187
-----------average decoder density 0.4165
step 22600: train loss 1.9459, val loss 2.1386
saving checkpoint to out-novel-char3_LGT723F_3d25ede0cfd080d9e35756b051dcef65
done saving checkpoint to out-novel-char3_LGT723F_3d25ede0cfd080d9e35756b051dcef65
model:LGT723F iter 22600: loss 1.9294, time 28968.07ms, mfu 6.08%
model:LGT723F iter 22610: loss 2.0140, time 1740.96ms, mfu 6.26%
model:LGT723F iter 22620: loss 1.9869, time 1741.10ms, mfu 6.42%
model:LGT723F iter 22630: loss 2.2571, time 1815.53ms, mfu 6.53%
model:LGT723F iter 22640: loss 1.8589, time 1744.41ms, mfu 6.67%
------average encoder activity 0.187
-----------average decoder density 0.3787
step 22650: train loss 1.9209, val loss 2.1190
saving checkpoint to out-novel-char3_LGT723F_3d25ede0cfd080d9e35756b051dcef65
done saving checkpoint to out-novel-char3_LGT723F_3d25ede0cfd080d9e35756b051dcef65
model:LGT723F iter 22650: loss 1.9963, time 28687.70ms, mfu 6.05%
model:LGT723F iter 22660: loss 2.2693, time 1741.63ms, mfu 6.23%
model:LGT723F iter 22670: loss 2.2510, time 1737.50ms, mfu 6.40%
model:LGT723F iter 22680: loss 1.8958, time 1741.47ms, mfu 6.55%
model:LGT723F iter 22690: loss 2.1651, time 1742.47ms, mfu 6.68%
------average encoder activity 0.189
-----------average decoder density 0.4419
step 22700: train loss 1.9305, val loss 2.1349
saving checkpoint to out-novel-char3_LGT723F_3d25ede0cfd080d9e35756b051dcef65
done saving checkpoint to out-novel-char3_LGT723F_3d25ede0cfd080d9e35756b051dcef65
model:LGT723F iter 22700: loss 2.1106, time 28638.57ms, mfu 6.06%
model:LGT723F iter 22710: loss 2.1121, time 1739.76ms, mfu 6.24%
model:LGT723F iter 22720: loss 1.9482, time 1738.59ms, mfu 6.41%
model:LGT723F iter 22730: loss 1.8484, time 1738.40ms, mfu 6.56%
model:LGT723F iter 22740: loss 1.8757, time 1738.59ms, mfu 6.69%
------average encoder activity 0.187
-----------average decoder density 0.3639
step 22750: train loss 1.9434, val loss 2.1217
saving checkpoint to out-novel-char3_LGT723F_3d25ede0cfd080d9e35756b051dcef65
done saving checkpoint to out-novel-char3_LGT723F_3d25ede0cfd080d9e35756b051dcef65
model:LGT723F iter 22750: loss 2.3018, time 28787.77ms, mfu 6.07%
model:LGT723F iter 22760: loss 1.8359, time 1741.39ms, mfu 6.25%
model:LGT723F iter 22770: loss 2.0657, time 1741.24ms, mfu 6.41%
model:LGT723F iter 22780: loss 1.9311, time 1740.95ms, mfu 6.56%
model:LGT723F iter 22790: loss 2.0653, time 1741.52ms, mfu 6.69%
------average encoder activity 0.187
-----------average decoder density 0.3941
step 22800: train loss 1.9429, val loss 2.1157
saving checkpoint to out-novel-char3_LGT723F_3d25ede0cfd080d9e35756b051dcef65
done saving checkpoint to out-novel-char3_LGT723F_3d25ede0cfd080d9e35756b051dcef65
model:LGT723F iter 22800: loss 1.8131, time 28806.34ms, mfu 6.07%
model:LGT723F iter 22810: loss 1.8534, time 1740.21ms, mfu 6.25%
model:LGT723F iter 22820: loss 2.1181, time 1742.05ms, mfu 6.41%
model:LGT723F iter 22830: loss 1.9988, time 1741.36ms, mfu 6.56%
model:LGT723F iter 22840: loss 2.0451, time 1740.43ms, mfu 6.69%
------average encoder activity 0.188
-----------average decoder density 0.3973
step 22850: train loss 1.9437, val loss 2.1042
saving checkpoint to out-novel-char3_LGT723F_3d25ede0cfd080d9e35756b051dcef65
done saving checkpoint to out-novel-char3_LGT723F_3d25ede0cfd080d9e35756b051dcef65
model:LGT723F iter 22850: loss 1.7817, time 28857.75ms, mfu 6.07%
model:LGT723F iter 22860: loss 2.1514, time 1740.77ms, mfu 6.25%
model:LGT723F iter 22870: loss 2.1947, time 1740.61ms, mfu 6.42%
model:LGT723F iter 22880: loss 1.5283, time 1741.11ms, mfu 6.56%
model:LGT723F iter 22890: loss 1.9300, time 1740.47ms, mfu 6.70%
------average encoder activity 0.187
-----------average decoder density 0.3770
step 22900: train loss 1.9413, val loss 2.1358
saving checkpoint to out-novel-char3_LGT723F_3d25ede0cfd080d9e35756b051dcef65
done saving checkpoint to out-novel-char3_LGT723F_3d25ede0cfd080d9e35756b051dcef65
model:LGT723F iter 22900: loss 1.8949, time 28777.90ms, mfu 6.07%
model:LGT723F iter 22910: loss 1.9132, time 1740.96ms, mfu 6.25%
model:LGT723F iter 22920: loss 1.6542, time 1742.15ms, mfu 6.42%
model:LGT723F iter 22930: loss 2.0837, time 1741.85ms, mfu 6.56%
model:LGT723F iter 22940: loss 1.6154, time 1740.89ms, mfu 6.70%
------average encoder activity 0.187
-----------average decoder density 0.4194
step 22950: train loss 1.9511, val loss 2.1564
saving checkpoint to out-novel-char3_LGT723F_3d25ede0cfd080d9e35756b051dcef65
done saving checkpoint to out-novel-char3_LGT723F_3d25ede0cfd080d9e35756b051dcef65
model:LGT723F iter 22950: loss 1.5694, time 28837.53ms, mfu 6.07%
model:LGT723F iter 22960: loss 2.0456, time 1740.40ms, mfu 6.25%
model:LGT723F iter 22970: loss 1.7895, time 1741.51ms, mfu 6.42%
model:LGT723F iter 22980: loss 1.7384, time 1742.34ms, mfu 6.56%
model:LGT723F iter 22990: loss 1.9301, time 1742.37ms, mfu 6.69%
------average encoder activity 0.188
-----------average decoder density 0.3677
step 23000: train loss 1.9417, val loss 2.1615
saving checkpoint to out-novel-char3_LGT723F_3d25ede0cfd080d9e35756b051dcef65
done saving checkpoint to out-novel-char3_LGT723F_3d25ede0cfd080d9e35756b051dcef65
model:LGT723F iter 23000: loss 2.1456, time 28966.79ms, mfu 6.07%
model:LGT723F iter 23010: loss 1.9269, time 1741.14ms, mfu 6.25%
model:LGT723F iter 23020: loss 1.7162, time 1742.61ms, mfu 6.42%
model:LGT723F iter 23030: loss 1.9693, time 1740.38ms, mfu 6.56%
model:LGT723F iter 23040: loss 2.0079, time 1740.69ms, mfu 6.69%
------average encoder activity 0.188
-----------average decoder density 0.4142
step 23050: train loss 1.9299, val loss 2.1027
saving checkpoint to out-novel-char3_LGT723F_3d25ede0cfd080d9e35756b051dcef65
done saving checkpoint to out-novel-char3_LGT723F_3d25ede0cfd080d9e35756b051dcef65
model:LGT723F iter 23050: loss 1.8175, time 28969.72ms, mfu 6.07%
model:LGT723F iter 23060: loss 2.2116, time 1740.45ms, mfu 6.25%
model:LGT723F iter 23070: loss 2.3235, time 1739.33ms, mfu 6.42%
model:LGT723F iter 23080: loss 1.8057, time 1740.04ms, mfu 6.56%
model:LGT723F iter 23090: loss 1.8487, time 1741.24ms, mfu 6.70%
------average encoder activity 0.189
-----------average decoder density 0.3666
step 23100: train loss 1.9354, val loss 2.1140
saving checkpoint to out-novel-char3_LGT723F_3d25ede0cfd080d9e35756b051dcef65
done saving checkpoint to out-novel-char3_LGT723F_3d25ede0cfd080d9e35756b051dcef65
model:LGT723F iter 23100: loss 1.7718, time 29211.50ms, mfu 6.07%
model:LGT723F iter 23110: loss 2.0404, time 1740.65ms, mfu 6.25%
model:LGT723F iter 23120: loss 1.8185, time 1741.84ms, mfu 6.42%
model:LGT723F iter 23130: loss 1.9657, time 1740.29ms, mfu 6.56%
model:LGT723F iter 23140: loss 1.7201, time 1742.10ms, mfu 6.70%
------average encoder activity 0.188
-----------average decoder density 0.3933
step 23150: train loss 1.9223, val loss 2.1276
saving checkpoint to out-novel-char3_LGT723F_3d25ede0cfd080d9e35756b051dcef65
done saving checkpoint to out-novel-char3_LGT723F_3d25ede0cfd080d9e35756b051dcef65
model:LGT723F iter 23150: loss 1.8259, time 29062.89ms, mfu 6.07%
model:LGT723F iter 23160: loss 1.7733, time 1737.94ms, mfu 6.26%
model:LGT723F iter 23170: loss 1.9352, time 1745.55ms, mfu 6.42%
model:LGT723F iter 23180: loss 1.9501, time 1740.83ms, mfu 6.56%
model:LGT723F iter 23190: loss 1.9595, time 1741.22ms, mfu 6.69%
------average encoder activity 0.188
-----------average decoder density 0.3739
step 23200: train loss 1.9267, val loss 2.1211
saving checkpoint to out-novel-char3_LGT723F_3d25ede0cfd080d9e35756b051dcef65
done saving checkpoint to out-novel-char3_LGT723F_3d25ede0cfd080d9e35756b051dcef65
model:LGT723F iter 23200: loss 1.9938, time 29034.88ms, mfu 6.07%
model:LGT723F iter 23210: loss 1.9470, time 1740.22ms, mfu 6.25%
model:LGT723F iter 23220: loss 1.8528, time 1742.41ms, mfu 6.42%
model:LGT723F iter 23230: loss 2.1420, time 1755.65ms, mfu 6.56%
model:LGT723F iter 23240: loss 2.0258, time 1740.46ms, mfu 6.69%
------average encoder activity 0.187
-----------average decoder density 0.3585
step 23250: train loss 1.9249, val loss 2.1112
saving checkpoint to out-novel-char3_LGT723F_3d25ede0cfd080d9e35756b051dcef65
done saving checkpoint to out-novel-char3_LGT723F_3d25ede0cfd080d9e35756b051dcef65
model:LGT723F iter 23250: loss 1.8980, time 28989.39ms, mfu 6.07%
model:LGT723F iter 23260: loss 2.0880, time 1740.55ms, mfu 6.25%
model:LGT723F iter 23270: loss 1.8963, time 1743.30ms, mfu 6.41%
model:LGT723F iter 23280: loss 1.8906, time 1741.77ms, mfu 6.56%
model:LGT723F iter 23290: loss 1.8206, time 1738.64ms, mfu 6.69%
------average encoder activity 0.188
-----------average decoder density 0.4093
step 23300: train loss 1.9264, val loss 2.1259
saving checkpoint to out-novel-char3_LGT723F_3d25ede0cfd080d9e35756b051dcef65
done saving checkpoint to out-novel-char3_LGT723F_3d25ede0cfd080d9e35756b051dcef65
model:LGT723F iter 23300: loss 1.6645, time 28787.14ms, mfu 6.07%
model:LGT723F iter 23310: loss 1.7713, time 1744.91ms, mfu 6.25%
model:LGT723F iter 23320: loss 2.0990, time 1744.67ms, mfu 6.41%
model:LGT723F iter 23330: loss 1.7931, time 1744.22ms, mfu 6.56%
model:LGT723F iter 23340: loss 2.0503, time 1747.33ms, mfu 6.69%
------average encoder activity 0.189
-----------average decoder density 0.3813
step 23350: train loss 1.9318, val loss 2.1242
saving checkpoint to out-novel-char3_LGT723F_3d25ede0cfd080d9e35756b051dcef65
done saving checkpoint to out-novel-char3_LGT723F_3d25ede0cfd080d9e35756b051dcef65
model:LGT723F iter 23350: loss 1.9886, time 28789.63ms, mfu 6.07%
model:LGT723F iter 23360: loss 1.7817, time 1742.33ms, mfu 6.25%
model:LGT723F iter 23370: loss 2.1081, time 1741.43ms, mfu 6.41%
model:LGT723F iter 23380: loss 1.7367, time 1741.84ms, mfu 6.56%
model:LGT723F iter 23390: loss 1.8463, time 1741.82ms, mfu 6.69%
------average encoder activity 0.189
-----------average decoder density 0.4206
step 23400: train loss 1.9290, val loss 2.1285
saving checkpoint to out-novel-char3_LGT723F_3d25ede0cfd080d9e35756b051dcef65
done saving checkpoint to out-novel-char3_LGT723F_3d25ede0cfd080d9e35756b051dcef65
model:LGT723F iter 23400: loss 1.9287, time 28988.02ms, mfu 6.07%
model:LGT723F iter 23410: loss 1.8544, time 1746.22ms, mfu 6.25%
model:LGT723F iter 23420: loss 1.8882, time 1741.73ms, mfu 6.41%
model:LGT723F iter 23430: loss 2.0128, time 1743.10ms, mfu 6.56%
model:LGT723F iter 23440: loss 2.1419, time 1741.68ms, mfu 6.69%
------average encoder activity 0.188
-----------average decoder density 0.4152
step 23450: train loss 1.9439, val loss 2.1267
saving checkpoint to out-novel-char3_LGT723F_3d25ede0cfd080d9e35756b051dcef65
done saving checkpoint to out-novel-char3_LGT723F_3d25ede0cfd080d9e35756b051dcef65
model:LGT723F iter 23450: loss 1.9256, time 29007.66ms, mfu 6.07%
model:LGT723F iter 23460: loss 1.6313, time 1737.28ms, mfu 6.25%
model:LGT723F iter 23470: loss 1.9381, time 1737.57ms, mfu 6.42%
model:LGT723F iter 23480: loss 1.9371, time 1742.59ms, mfu 6.56%
model:LGT723F iter 23490: loss 2.1529, time 1742.64ms, mfu 6.69%
------average encoder activity 0.189
-----------average decoder density 0.3902
step 23500: train loss 1.9318, val loss 2.1086
saving checkpoint to out-novel-char3_LGT723F_3d25ede0cfd080d9e35756b051dcef65
done saving checkpoint to out-novel-char3_LGT723F_3d25ede0cfd080d9e35756b051dcef65
model:LGT723F iter 23500: loss 1.9119, time 29037.93ms, mfu 6.07%
model:LGT723F iter 23510: loss 1.9066, time 1739.59ms, mfu 6.25%
model:LGT723F iter 23520: loss 2.0633, time 1741.89ms, mfu 6.42%
model:LGT723F iter 23530: loss 1.9098, time 1740.95ms, mfu 6.56%
model:LGT723F iter 23540: loss 1.8957, time 1741.12ms, mfu 6.69%
------average encoder activity 0.190
-----------average decoder density 0.4232
step 23550: train loss 1.9455, val loss 2.1259
saving checkpoint to out-novel-char3_LGT723F_3d25ede0cfd080d9e35756b051dcef65
done saving checkpoint to out-novel-char3_LGT723F_3d25ede0cfd080d9e35756b051dcef65
model:LGT723F iter 23550: loss 1.9515, time 28861.49ms, mfu 6.07%
model:LGT723F iter 23560: loss 1.9631, time 1743.52ms, mfu 6.25%
model:LGT723F iter 23570: loss 2.1161, time 1742.04ms, mfu 6.41%
model:LGT723F iter 23580: loss 1.7562, time 1742.67ms, mfu 6.56%
model:LGT723F iter 23590: loss 1.9369, time 1739.24ms, mfu 6.69%
------average encoder activity 0.190
-----------average decoder density 0.3588
step 23600: train loss 1.9240, val loss 2.1126
saving checkpoint to out-novel-char3_LGT723F_3d25ede0cfd080d9e35756b051dcef65
done saving checkpoint to out-novel-char3_LGT723F_3d25ede0cfd080d9e35756b051dcef65
model:LGT723F iter 23600: loss 2.0538, time 28974.72ms, mfu 6.07%
model:LGT723F iter 23610: loss 1.8458, time 1742.45ms, mfu 6.25%
model:LGT723F iter 23620: loss 2.0554, time 1741.22ms, mfu 6.42%
model:LGT723F iter 23630: loss 1.7270, time 1741.44ms, mfu 6.56%
model:LGT723F iter 23640: loss 2.0166, time 1743.09ms, mfu 6.69%
------average encoder activity 0.190
-----------average decoder density 0.3591
step 23650: train loss 1.9098, val loss 2.1186
saving checkpoint to out-novel-char3_LGT723F_3d25ede0cfd080d9e35756b051dcef65
done saving checkpoint to out-novel-char3_LGT723F_3d25ede0cfd080d9e35756b051dcef65
model:LGT723F iter 23650: loss 1.8673, time 29153.46ms, mfu 6.07%
model:LGT723F iter 23660: loss 1.9748, time 1739.99ms, mfu 6.25%
model:LGT723F iter 23670: loss 2.0552, time 1740.40ms, mfu 6.42%
model:LGT723F iter 23680: loss 2.0967, time 1741.37ms, mfu 6.56%
model:LGT723F iter 23690: loss 1.7345, time 1744.33ms, mfu 6.69%
------average encoder activity 0.190
-----------average decoder density 0.4491
step 23700: train loss 1.9251, val loss 2.1296
saving checkpoint to out-novel-char3_LGT723F_3d25ede0cfd080d9e35756b051dcef65
done saving checkpoint to out-novel-char3_LGT723F_3d25ede0cfd080d9e35756b051dcef65
model:LGT723F iter 23700: loss 2.2454, time 28859.94ms, mfu 6.07%
model:LGT723F iter 23710: loss 1.9013, time 1742.14ms, mfu 6.25%
model:LGT723F iter 23720: loss 1.8982, time 1738.51ms, mfu 6.42%
model:LGT723F iter 23730: loss 1.7402, time 1741.51ms, mfu 6.56%
model:LGT723F iter 23740: loss 1.6571, time 1744.07ms, mfu 6.69%
------average encoder activity 0.189
-----------average decoder density 0.4732
step 23750: train loss 1.9366, val loss 2.1262
saving checkpoint to out-novel-char3_LGT723F_3d25ede0cfd080d9e35756b051dcef65
done saving checkpoint to out-novel-char3_LGT723F_3d25ede0cfd080d9e35756b051dcef65
model:LGT723F iter 23750: loss 2.0372, time 28958.44ms, mfu 6.07%
model:LGT723F iter 23760: loss 1.9888, time 1741.28ms, mfu 6.25%
model:LGT723F iter 23770: loss 1.7754, time 1741.20ms, mfu 6.42%
model:LGT723F iter 23780: loss 1.9988, time 1741.02ms, mfu 6.56%
model:LGT723F iter 23790: loss 2.1836, time 1741.50ms, mfu 6.69%
------average encoder activity 0.189
-----------average decoder density 0.3800
step 23800: train loss 1.9278, val loss 2.1011
saving checkpoint to out-novel-char3_LGT723F_3d25ede0cfd080d9e35756b051dcef65
done saving checkpoint to out-novel-char3_LGT723F_3d25ede0cfd080d9e35756b051dcef65
model:LGT723F iter 23800: loss 1.7686, time 29065.96ms, mfu 6.07%
model:LGT723F iter 23810: loss 2.0111, time 1739.39ms, mfu 6.25%
model:LGT723F iter 23820: loss 1.7197, time 1739.35ms, mfu 6.42%
model:LGT723F iter 23830: loss 1.5466, time 1740.67ms, mfu 6.56%
model:LGT723F iter 23840: loss 1.8276, time 1742.72ms, mfu 6.70%
------average encoder activity 0.188
-----------average decoder density 0.3757
step 23850: train loss 1.9368, val loss 2.1088
saving checkpoint to out-novel-char3_LGT723F_3d25ede0cfd080d9e35756b051dcef65
done saving checkpoint to out-novel-char3_LGT723F_3d25ede0cfd080d9e35756b051dcef65
model:LGT723F iter 23850: loss 1.6874, time 29027.13ms, mfu 6.07%
model:LGT723F iter 23860: loss 2.1496, time 1740.33ms, mfu 6.25%
model:LGT723F iter 23870: loss 2.0031, time 1739.60ms, mfu 6.42%
model:LGT723F iter 23880: loss 1.6503, time 1743.47ms, mfu 6.56%
model:LGT723F iter 23890: loss 1.9780, time 1744.75ms, mfu 6.69%
------average encoder activity 0.189
-----------average decoder density 0.3674
step 23900: train loss 1.9483, val loss 2.1077
saving checkpoint to out-novel-char3_LGT723F_3d25ede0cfd080d9e35756b051dcef65
done saving checkpoint to out-novel-char3_LGT723F_3d25ede0cfd080d9e35756b051dcef65
model:LGT723F iter 23900: loss 2.1821, time 28931.52ms, mfu 6.07%
model:LGT723F iter 23910: loss 1.8162, time 1741.27ms, mfu 6.25%
model:LGT723F iter 23920: loss 1.8974, time 1740.50ms, mfu 6.42%
model:LGT723F iter 23930: loss 1.8831, time 1740.33ms, mfu 6.56%
model:LGT723F iter 23940: loss 1.7887, time 1741.68ms, mfu 6.69%
------average encoder activity 0.189
-----------average decoder density 0.3900
step 23950: train loss 1.9085, val loss 2.1053
saving checkpoint to out-novel-char3_LGT723F_3d25ede0cfd080d9e35756b051dcef65
done saving checkpoint to out-novel-char3_LGT723F_3d25ede0cfd080d9e35756b051dcef65
model:LGT723F iter 23950: loss 1.9804, time 29255.72ms, mfu 6.07%
model:LGT723F iter 23960: loss 1.8058, time 1740.61ms, mfu 6.25%
model:LGT723F iter 23970: loss 1.5722, time 1739.49ms, mfu 6.42%
model:LGT723F iter 23980: loss 2.1409, time 1739.33ms, mfu 6.56%
model:LGT723F iter 23990: loss 2.0721, time 1741.88ms, mfu 6.70%
------average encoder activity 0.190
-----------average decoder density 0.4565
step 24000: train loss 1.9352, val loss 2.1167
saving checkpoint to out-novel-char3_LGT723F_3d25ede0cfd080d9e35756b051dcef65
done saving checkpoint to out-novel-char3_LGT723F_3d25ede0cfd080d9e35756b051dcef65
model:LGT723F iter 24000: loss 1.8141, time 28912.55ms, mfu 6.07%
model:LGT723F iter 24010: loss 1.9868, time 1739.61ms, mfu 6.26%
model:LGT723F iter 24020: loss 2.1575, time 1741.93ms, mfu 6.42%
model:LGT723F iter 24030: loss 2.1598, time 1741.87ms, mfu 6.56%
model:LGT723F iter 24040: loss 1.8169, time 1742.93ms, mfu 6.69%
------average encoder activity 0.190
-----------average decoder density 0.4318
step 24050: train loss 1.9335, val loss 2.1105
saving checkpoint to out-novel-char3_LGT723F_3d25ede0cfd080d9e35756b051dcef65
done saving checkpoint to out-novel-char3_LGT723F_3d25ede0cfd080d9e35756b051dcef65
model:LGT723F iter 24050: loss 1.9841, time 28780.53ms, mfu 6.07%
model:LGT723F iter 24060: loss 1.9580, time 1743.36ms, mfu 6.25%
model:LGT723F iter 24070: loss 1.7945, time 1742.46ms, mfu 6.42%
model:LGT723F iter 24080: loss 2.0221, time 1741.83ms, mfu 6.56%
model:LGT723F iter 24090: loss 1.8925, time 1742.91ms, mfu 6.69%
------average encoder activity 0.191
-----------average decoder density 0.4214
step 24100: train loss 1.9162, val loss 2.1106
saving checkpoint to out-novel-char3_LGT723F_3d25ede0cfd080d9e35756b051dcef65
done saving checkpoint to out-novel-char3_LGT723F_3d25ede0cfd080d9e35756b051dcef65
model:LGT723F iter 24100: loss 1.8670, time 28979.83ms, mfu 6.07%
model:LGT723F iter 24110: loss 2.0850, time 1738.76ms, mfu 6.25%
model:LGT723F iter 24120: loss 2.0551, time 1747.46ms, mfu 6.41%
model:LGT723F iter 24130: loss 1.9034, time 1743.90ms, mfu 6.56%
model:LGT723F iter 24140: loss 1.9292, time 1743.09ms, mfu 6.69%
------average encoder activity 0.188
-----------average decoder density 0.3728
step 24150: train loss 1.9522, val loss 2.1048
saving checkpoint to out-novel-char3_LGT723F_3d25ede0cfd080d9e35756b051dcef65
done saving checkpoint to out-novel-char3_LGT723F_3d25ede0cfd080d9e35756b051dcef65
model:LGT723F iter 24150: loss 1.8844, time 29058.86ms, mfu 6.07%
model:LGT723F iter 24160: loss 1.8514, time 1741.97ms, mfu 6.25%
model:LGT723F iter 24170: loss 1.8277, time 1741.50ms, mfu 6.41%
model:LGT723F iter 24180: loss 1.8172, time 1746.45ms, mfu 6.56%
model:LGT723F iter 24190: loss 1.9941, time 1741.05ms, mfu 6.69%
------average encoder activity 0.190
-----------average decoder density 0.3707
step 24200: train loss 1.9015, val loss 2.1106
saving checkpoint to out-novel-char3_LGT723F_3d25ede0cfd080d9e35756b051dcef65
done saving checkpoint to out-novel-char3_LGT723F_3d25ede0cfd080d9e35756b051dcef65
model:LGT723F iter 24200: loss 1.8090, time 28972.61ms, mfu 6.07%
model:LGT723F iter 24210: loss 1.9022, time 1737.20ms, mfu 6.25%
model:LGT723F iter 24220: loss 2.1279, time 1740.36ms, mfu 6.41%
model:LGT723F iter 24230: loss 1.9647, time 1740.77ms, mfu 6.56%
model:LGT723F iter 24240: loss 1.8048, time 1736.74ms, mfu 6.70%
------average encoder activity 0.190
-----------average decoder density 0.4208
step 24250: train loss 1.9115, val loss 2.1250
saving checkpoint to out-novel-char3_LGT723F_3d25ede0cfd080d9e35756b051dcef65
done saving checkpoint to out-novel-char3_LGT723F_3d25ede0cfd080d9e35756b051dcef65
model:LGT723F iter 24250: loss 1.9089, time 28963.70ms, mfu 6.07%
model:LGT723F iter 24260: loss 2.1716, time 1746.66ms, mfu 6.25%
model:LGT723F iter 24270: loss 1.8147, time 1739.31ms, mfu 6.42%
model:LGT723F iter 24280: loss 2.0177, time 1739.36ms, mfu 6.56%
model:LGT723F iter 24290: loss 1.9051, time 1740.22ms, mfu 6.70%
------average encoder activity 0.189
-----------average decoder density 0.4401
step 24300: train loss 1.9044, val loss 2.0907
saving checkpoint to out-novel-char3_LGT723F_3d25ede0cfd080d9e35756b051dcef65
done saving checkpoint to out-novel-char3_LGT723F_3d25ede0cfd080d9e35756b051dcef65
model:LGT723F iter 24300: loss 1.5903, time 29032.88ms, mfu 6.07%
model:LGT723F iter 24310: loss 1.7157, time 1746.28ms, mfu 6.25%
model:LGT723F iter 24320: loss 1.9290, time 1741.06ms, mfu 6.41%
model:LGT723F iter 24330: loss 1.6202, time 1741.78ms, mfu 6.56%
model:LGT723F iter 24340: loss 2.0545, time 1740.46ms, mfu 6.69%
------average encoder activity 0.189
-----------average decoder density 0.3752
step 24350: train loss 1.9162, val loss 2.1032
saving checkpoint to out-novel-char3_LGT723F_3d25ede0cfd080d9e35756b051dcef65
done saving checkpoint to out-novel-char3_LGT723F_3d25ede0cfd080d9e35756b051dcef65
model:LGT723F iter 24350: loss 1.6989, time 28937.88ms, mfu 6.07%
model:LGT723F iter 24360: loss 2.2117, time 1740.60ms, mfu 6.25%
model:LGT723F iter 24370: loss 2.0610, time 1740.71ms, mfu 6.42%
model:LGT723F iter 24380: loss 2.0183, time 1741.75ms, mfu 6.56%
model:LGT723F iter 24390: loss 2.1640, time 1741.87ms, mfu 6.69%
------average encoder activity 0.190
-----------average decoder density 0.4122
step 24400: train loss 1.8998, val loss 2.1087
saving checkpoint to out-novel-char3_LGT723F_3d25ede0cfd080d9e35756b051dcef65
done saving checkpoint to out-novel-char3_LGT723F_3d25ede0cfd080d9e35756b051dcef65
model:LGT723F iter 24400: loss 2.3288, time 28864.80ms, mfu 6.07%
model:LGT723F iter 24410: loss 1.8639, time 1742.09ms, mfu 6.25%
model:LGT723F iter 24420: loss 1.9637, time 1742.09ms, mfu 6.42%
model:LGT723F iter 24430: loss 1.5393, time 1742.24ms, mfu 6.56%
model:LGT723F iter 24440: loss 2.0733, time 1741.00ms, mfu 6.69%
------average encoder activity 0.190
-----------average decoder density 0.3895
step 24450: train loss 1.9062, val loss 2.1189
saving checkpoint to out-novel-char3_LGT723F_3d25ede0cfd080d9e35756b051dcef65
done saving checkpoint to out-novel-char3_LGT723F_3d25ede0cfd080d9e35756b051dcef65
model:LGT723F iter 24450: loss 2.0323, time 28988.23ms, mfu 6.07%
model:LGT723F iter 24460: loss 1.7361, time 1744.09ms, mfu 6.25%
model:LGT723F iter 24470: loss 2.0159, time 1742.90ms, mfu 6.41%
model:LGT723F iter 24480: loss 1.8739, time 1742.48ms, mfu 6.56%
model:LGT723F iter 24490: loss 2.4593, time 1742.97ms, mfu 6.69%
------average encoder activity 0.190
-----------average decoder density 0.3782
step 24500: train loss 1.9039, val loss 2.0804
saving checkpoint to out-novel-char3_LGT723F_3d25ede0cfd080d9e35756b051dcef65
done saving checkpoint to out-novel-char3_LGT723F_3d25ede0cfd080d9e35756b051dcef65
model:LGT723F iter 24500: loss 1.7082, time 28989.18ms, mfu 6.07%
model:LGT723F iter 24510: loss 1.8810, time 1740.56ms, mfu 6.25%
model:LGT723F iter 24520: loss 1.9727, time 1738.58ms, mfu 6.42%
model:LGT723F iter 24530: loss 1.9338, time 1738.91ms, mfu 6.56%
model:LGT723F iter 24540: loss 1.9254, time 1738.46ms, mfu 6.70%
------average encoder activity 0.190
-----------average decoder density 0.4266
step 24550: train loss 1.9068, val loss 2.1084
saving checkpoint to out-novel-char3_LGT723F_3d25ede0cfd080d9e35756b051dcef65
done saving checkpoint to out-novel-char3_LGT723F_3d25ede0cfd080d9e35756b051dcef65
model:LGT723F iter 24550: loss 1.9798, time 29014.33ms, mfu 6.07%
model:LGT723F iter 24560: loss 1.9224, time 1740.02ms, mfu 6.26%
model:LGT723F iter 24570: loss 1.9838, time 1739.92ms, mfu 6.42%
model:LGT723F iter 24580: loss 1.6708, time 1740.39ms, mfu 6.57%
model:LGT723F iter 24590: loss 2.0636, time 1739.09ms, mfu 6.70%
------average encoder activity 0.191
-----------average decoder density 0.4161
step 24600: train loss 1.9448, val loss 2.0719
saving checkpoint to out-novel-char3_LGT723F_3d25ede0cfd080d9e35756b051dcef65
done saving checkpoint to out-novel-char3_LGT723F_3d25ede0cfd080d9e35756b051dcef65
model:LGT723F iter 24600: loss 1.7781, time 28990.31ms, mfu 6.08%
model:LGT723F iter 24610: loss 1.9258, time 1742.08ms, mfu 6.26%
model:LGT723F iter 24620: loss 1.9533, time 1742.21ms, mfu 6.42%
model:LGT723F iter 24630: loss 1.9964, time 1741.34ms, mfu 6.56%
model:LGT723F iter 24640: loss 2.3947, time 1740.68ms, mfu 6.70%
------average encoder activity 0.192
-----------average decoder density 0.4074
step 24650: train loss 1.9055, val loss 2.1143
saving checkpoint to out-novel-char3_LGT723F_3d25ede0cfd080d9e35756b051dcef65
done saving checkpoint to out-novel-char3_LGT723F_3d25ede0cfd080d9e35756b051dcef65
model:LGT723F iter 24650: loss 1.7603, time 28975.68ms, mfu 6.07%
model:LGT723F iter 24660: loss 1.9238, time 1738.11ms, mfu 6.26%
model:LGT723F iter 24670: loss 2.2099, time 1737.94ms, mfu 6.42%
model:LGT723F iter 24680: loss 1.7196, time 1737.64ms, mfu 6.57%
model:LGT723F iter 24690: loss 1.5520, time 1738.27ms, mfu 6.70%
------average encoder activity 0.192
-----------average decoder density 0.4033
step 24700: train loss 1.8782, val loss 2.0989
saving checkpoint to out-novel-char3_LGT723F_3d25ede0cfd080d9e35756b051dcef65
done saving checkpoint to out-novel-char3_LGT723F_3d25ede0cfd080d9e35756b051dcef65
model:LGT723F iter 24700: loss 1.9752, time 29004.44ms, mfu 6.08%
model:LGT723F iter 24710: loss 2.0133, time 1742.79ms, mfu 6.26%
model:LGT723F iter 24720: loss 1.8552, time 1748.42ms, mfu 6.42%
model:LGT723F iter 24730: loss 1.9770, time 1744.47ms, mfu 6.56%
model:LGT723F iter 24740: loss 1.9764, time 1750.70ms, mfu 6.69%
------average encoder activity 0.191
-----------average decoder density 0.3720
step 24750: train loss 1.9016, val loss 2.0860
saving checkpoint to out-novel-char3_LGT723F_3d25ede0cfd080d9e35756b051dcef65
done saving checkpoint to out-novel-char3_LGT723F_3d25ede0cfd080d9e35756b051dcef65
model:LGT723F iter 24750: loss 1.8741, time 28999.12ms, mfu 6.07%
model:LGT723F iter 24760: loss 1.8590, time 1739.41ms, mfu 6.25%
model:LGT723F iter 24770: loss 1.7997, time 1736.64ms, mfu 6.42%
model:LGT723F iter 24780: loss 1.9151, time 1738.79ms, mfu 6.56%
model:LGT723F iter 24790: loss 1.9995, time 1737.34ms, mfu 6.70%
------average encoder activity 0.191
-----------average decoder density 0.3793
step 24800: train loss 1.8934, val loss 2.0961
saving checkpoint to out-novel-char3_LGT723F_3d25ede0cfd080d9e35756b051dcef65
done saving checkpoint to out-novel-char3_LGT723F_3d25ede0cfd080d9e35756b051dcef65
model:LGT723F iter 24800: loss 1.9207, time 28972.18ms, mfu 6.07%
model:LGT723F iter 24810: loss 2.2015, time 1739.69ms, mfu 6.26%
model:LGT723F iter 24820: loss 1.9120, time 1745.41ms, mfu 6.42%
model:LGT723F iter 24830: loss 2.1255, time 1740.74ms, mfu 6.56%
model:LGT723F iter 24840: loss 1.7727, time 1739.74ms, mfu 6.70%
------average encoder activity 0.191
-----------average decoder density 0.3979
step 24850: train loss 1.9155, val loss 2.1130
saving checkpoint to out-novel-char3_LGT723F_3d25ede0cfd080d9e35756b051dcef65
done saving checkpoint to out-novel-char3_LGT723F_3d25ede0cfd080d9e35756b051dcef65
model:LGT723F iter 24850: loss 1.8477, time 28985.72ms, mfu 6.07%
model:LGT723F iter 24860: loss 1.8374, time 1739.59ms, mfu 6.26%
model:LGT723F iter 24870: loss 1.9882, time 1739.29ms, mfu 6.42%
model:LGT723F iter 24880: loss 1.8807, time 1739.92ms, mfu 6.57%
model:LGT723F iter 24890: loss 2.0766, time 1740.01ms, mfu 6.70%
------average encoder activity 0.191
-----------average decoder density 0.3889
step 24900: train loss 1.8953, val loss 2.0939
saving checkpoint to out-novel-char3_LGT723F_3d25ede0cfd080d9e35756b051dcef65
done saving checkpoint to out-novel-char3_LGT723F_3d25ede0cfd080d9e35756b051dcef65
model:LGT723F iter 24900: loss 1.9967, time 28975.35ms, mfu 6.08%
model:LGT723F iter 24910: loss 2.0345, time 1736.26ms, mfu 6.26%
model:LGT723F iter 24920: loss 1.8517, time 1739.16ms, mfu 6.42%
model:LGT723F iter 24930: loss 1.9308, time 1739.36ms, mfu 6.57%
model:LGT723F iter 24940: loss 1.9131, time 1739.29ms, mfu 6.70%
------average encoder activity 0.192
-----------average decoder density 0.4527
step 24950: train loss 1.8982, val loss 2.1143
saving checkpoint to out-novel-char3_LGT723F_3d25ede0cfd080d9e35756b051dcef65
done saving checkpoint to out-novel-char3_LGT723F_3d25ede0cfd080d9e35756b051dcef65
model:LGT723F iter 24950: loss 1.7880, time 29070.17ms, mfu 6.08%
model:LGT723F iter 24960: loss 2.1089, time 1739.76ms, mfu 6.26%
model:LGT723F iter 24970: loss 1.8138, time 1739.89ms, mfu 6.42%
model:LGT723F iter 24980: loss 1.8851, time 1739.52ms, mfu 6.57%
model:LGT723F iter 24990: loss 2.3074, time 1741.44ms, mfu 6.70%
------average encoder activity 0.193
-----------average decoder density 0.3804
step 25000: train loss 1.9064, val loss 2.0927
saving checkpoint to out-novel-char3_LGT723F_3d25ede0cfd080d9e35756b051dcef65
done saving checkpoint to out-novel-char3_LGT723F_3d25ede0cfd080d9e35756b051dcef65
model:LGT723F iter 25000: loss 2.0999, time 29037.73ms, mfu 6.08%
model:LGT723F iter 25010: loss 2.0476, time 1743.29ms, mfu 6.26%
model:LGT723F iter 25020: loss 1.8274, time 1742.52ms, mfu 6.42%
model:LGT723F iter 25030: loss 1.7963, time 1741.94ms, mfu 6.56%
model:LGT723F iter 25040: loss 1.5908, time 1743.62ms, mfu 6.70%
------average encoder activity 0.194
-----------average decoder density 0.3963
step 25050: train loss 1.9191, val loss 2.1151
saving checkpoint to out-novel-char3_LGT723F_3d25ede0cfd080d9e35756b051dcef65
done saving checkpoint to out-novel-char3_LGT723F_3d25ede0cfd080d9e35756b051dcef65
model:LGT723F iter 25050: loss 1.8803, time 29031.71ms, mfu 6.07%
model:LGT723F iter 25060: loss 1.5809, time 1739.09ms, mfu 6.25%
model:LGT723F iter 25070: loss 1.6525, time 1738.54ms, mfu 6.42%
model:LGT723F iter 25080: loss 1.9409, time 1739.56ms, mfu 6.57%
model:LGT723F iter 25090: loss 1.9584, time 1741.96ms, mfu 6.70%
------average encoder activity 0.195
-----------average decoder density 0.3761
step 25100: train loss 1.9001, val loss 2.1124
saving checkpoint to out-novel-char3_LGT723F_3d25ede0cfd080d9e35756b051dcef65
done saving checkpoint to out-novel-char3_LGT723F_3d25ede0cfd080d9e35756b051dcef65
model:LGT723F iter 25100: loss 2.2491, time 28863.62ms, mfu 6.07%
model:LGT723F iter 25110: loss 1.5659, time 1742.45ms, mfu 6.26%
model:LGT723F iter 25120: loss 1.8272, time 1741.67ms, mfu 6.42%
model:LGT723F iter 25130: loss 2.1582, time 1740.93ms, mfu 6.56%
model:LGT723F iter 25140: loss 2.0085, time 1743.21ms, mfu 6.70%
------average encoder activity 0.195
-----------average decoder density 0.3934
step 25150: train loss 1.8805, val loss 2.1127
saving checkpoint to out-novel-char3_LGT723F_3d25ede0cfd080d9e35756b051dcef65
done saving checkpoint to out-novel-char3_LGT723F_3d25ede0cfd080d9e35756b051dcef65
model:LGT723F iter 25150: loss 1.9831, time 28871.69ms, mfu 6.07%
model:LGT723F iter 25160: loss 1.9115, time 1742.26ms, mfu 6.25%
model:LGT723F iter 25170: loss 1.9763, time 1743.67ms, mfu 6.42%
model:LGT723F iter 25180: loss 2.4541, time 1743.03ms, mfu 6.56%
model:LGT723F iter 25190: loss 2.1773, time 1744.84ms, mfu 6.69%
------average encoder activity 0.196
-----------average decoder density 0.4176
step 25200: train loss 1.8820, val loss 2.0815
saving checkpoint to out-novel-char3_LGT723F_3d25ede0cfd080d9e35756b051dcef65
done saving checkpoint to out-novel-char3_LGT723F_3d25ede0cfd080d9e35756b051dcef65
model:LGT723F iter 25200: loss 1.8832, time 28874.31ms, mfu 6.07%
model:LGT723F iter 25210: loss 1.7071, time 1741.07ms, mfu 6.25%
model:LGT723F iter 25220: loss 2.0216, time 1737.85ms, mfu 6.42%
model:LGT723F iter 25230: loss 1.7369, time 1741.08ms, mfu 6.56%
model:LGT723F iter 25240: loss 2.1100, time 1739.95ms, mfu 6.70%
------average encoder activity 0.196
-----------average decoder density 0.3797
step 25250: train loss 1.8866, val loss 2.1034
saving checkpoint to out-novel-char3_LGT723F_3d25ede0cfd080d9e35756b051dcef65
done saving checkpoint to out-novel-char3_LGT723F_3d25ede0cfd080d9e35756b051dcef65
model:LGT723F iter 25250: loss 1.8059, time 29149.98ms, mfu 6.07%
model:LGT723F iter 25260: loss 2.0103, time 1738.88ms, mfu 6.25%
model:LGT723F iter 25270: loss 1.7022, time 1738.71ms, mfu 6.42%
model:LGT723F iter 25280: loss 1.8356, time 1739.51ms, mfu 6.57%
model:LGT723F iter 25290: loss 2.1014, time 1739.19ms, mfu 6.70%
------average encoder activity 0.197
-----------average decoder density 0.3756
step 25300: train loss 1.9037, val loss 2.1199
saving checkpoint to out-novel-char3_LGT723F_3d25ede0cfd080d9e35756b051dcef65
done saving checkpoint to out-novel-char3_LGT723F_3d25ede0cfd080d9e35756b051dcef65
model:LGT723F iter 25300: loss 1.9711, time 29032.52ms, mfu 6.08%
model:LGT723F iter 25310: loss 1.8332, time 1747.92ms, mfu 6.25%
model:LGT723F iter 25320: loss 1.9505, time 1743.65ms, mfu 6.41%
model:LGT723F iter 25330: loss 1.6717, time 1742.73ms, mfu 6.56%
model:LGT723F iter 25340: loss 1.9064, time 1742.60ms, mfu 6.69%
------average encoder activity 0.197
-----------average decoder density 0.3978
step 25350: train loss 1.8921, val loss 2.1041
saving checkpoint to out-novel-char3_LGT723F_3d25ede0cfd080d9e35756b051dcef65
done saving checkpoint to out-novel-char3_LGT723F_3d25ede0cfd080d9e35756b051dcef65
model:LGT723F iter 25350: loss 1.9954, time 29077.20ms, mfu 6.07%
model:LGT723F iter 25360: loss 2.0949, time 1739.33ms, mfu 6.25%
model:LGT723F iter 25370: loss 1.9899, time 1742.08ms, mfu 6.42%
model:LGT723F iter 25380: loss 2.0723, time 1739.64ms, mfu 6.56%
model:LGT723F iter 25390: loss 1.9436, time 1740.45ms, mfu 6.69%
------average encoder activity 0.197
-----------average decoder density 0.3793
step 25400: train loss 1.9111, val loss 2.0921
saving checkpoint to out-novel-char3_LGT723F_3d25ede0cfd080d9e35756b051dcef65
done saving checkpoint to out-novel-char3_LGT723F_3d25ede0cfd080d9e35756b051dcef65
model:LGT723F iter 25400: loss 2.0335, time 28999.39ms, mfu 6.07%
model:LGT723F iter 25410: loss 2.1557, time 1740.90ms, mfu 6.25%
model:LGT723F iter 25420: loss 1.7896, time 1739.35ms, mfu 6.42%
model:LGT723F iter 25430: loss 1.9128, time 1740.21ms, mfu 6.56%
model:LGT723F iter 25440: loss 1.6857, time 1739.41ms, mfu 6.70%
------average encoder activity 0.198
-----------average decoder density 0.4220
step 25450: train loss 1.9115, val loss 2.0711
saving checkpoint to out-novel-char3_LGT723F_3d25ede0cfd080d9e35756b051dcef65
done saving checkpoint to out-novel-char3_LGT723F_3d25ede0cfd080d9e35756b051dcef65
model:LGT723F iter 25450: loss 1.8923, time 29022.94ms, mfu 6.07%
model:LGT723F iter 25460: loss 1.7260, time 1739.17ms, mfu 6.26%
model:LGT723F iter 25470: loss 1.9110, time 1738.27ms, mfu 6.42%
model:LGT723F iter 25480: loss 1.8641, time 1737.53ms, mfu 6.57%
model:LGT723F iter 25490: loss 1.7306, time 1736.86ms, mfu 6.70%
------average encoder activity 0.198
-----------average decoder density 0.4120
step 25500: train loss 1.8950, val loss 2.0689
saving checkpoint to out-novel-char3_LGT723F_3d25ede0cfd080d9e35756b051dcef65
done saving checkpoint to out-novel-char3_LGT723F_3d25ede0cfd080d9e35756b051dcef65
model:LGT723F iter 25500: loss 1.9733, time 28873.02ms, mfu 6.08%
model:LGT723F iter 25510: loss 1.9247, time 1740.85ms, mfu 6.26%
model:LGT723F iter 25520: loss 1.9236, time 1744.68ms, mfu 6.42%
model:LGT723F iter 25530: loss 1.7261, time 1741.01ms, mfu 6.57%
model:LGT723F iter 25540: loss 1.7709, time 1739.55ms, mfu 6.70%
------average encoder activity 0.198
-----------average decoder density 0.4197
step 25550: train loss 1.8911, val loss 2.1091
saving checkpoint to out-novel-char3_LGT723F_3d25ede0cfd080d9e35756b051dcef65
done saving checkpoint to out-novel-char3_LGT723F_3d25ede0cfd080d9e35756b051dcef65
model:LGT723F iter 25550: loss 1.7665, time 28879.15ms, mfu 6.08%
model:LGT723F iter 25560: loss 1.7182, time 1742.68ms, mfu 6.26%
model:LGT723F iter 25570: loss 1.9360, time 1742.27ms, mfu 6.42%
model:LGT723F iter 25580: loss 2.0928, time 1742.98ms, mfu 6.56%
model:LGT723F iter 25590: loss 1.6669, time 1739.47ms, mfu 6.70%
------average encoder activity 0.198
-----------average decoder density 0.4001
step 25600: train loss 1.9042, val loss 2.1073
saving checkpoint to out-novel-char3_LGT723F_3d25ede0cfd080d9e35756b051dcef65
done saving checkpoint to out-novel-char3_LGT723F_3d25ede0cfd080d9e35756b051dcef65
model:LGT723F iter 25600: loss 1.9340, time 29082.35ms, mfu 6.07%
model:LGT723F iter 25610: loss 1.7543, time 1740.76ms, mfu 6.25%
model:LGT723F iter 25620: loss 1.8363, time 1740.72ms, mfu 6.42%
model:LGT723F iter 25630: loss 1.9864, time 1741.25ms, mfu 6.56%
model:LGT723F iter 25640: loss 1.6523, time 1742.39ms, mfu 6.70%
------average encoder activity 0.198
-----------average decoder density 0.3955
step 25650: train loss 1.8846, val loss 2.0857
saving checkpoint to out-novel-char3_LGT723F_3d25ede0cfd080d9e35756b051dcef65
done saving checkpoint to out-novel-char3_LGT723F_3d25ede0cfd080d9e35756b051dcef65
model:LGT723F iter 25650: loss 2.0393, time 29219.57ms, mfu 6.07%
model:LGT723F iter 25660: loss 1.7554, time 1743.93ms, mfu 6.25%
model:LGT723F iter 25670: loss 2.1457, time 1739.56ms, mfu 6.42%
model:LGT723F iter 25680: loss 1.8250, time 1739.63ms, mfu 6.56%
model:LGT723F iter 25690: loss 2.0640, time 1743.11ms, mfu 6.69%
------average encoder activity 0.198
-----------average decoder density 0.4165
step 25700: train loss 1.8958, val loss 2.1148
saving checkpoint to out-novel-char3_LGT723F_3d25ede0cfd080d9e35756b051dcef65
done saving checkpoint to out-novel-char3_LGT723F_3d25ede0cfd080d9e35756b051dcef65
model:LGT723F iter 25700: loss 2.0788, time 29042.37ms, mfu 6.07%
model:LGT723F iter 25710: loss 2.0524, time 1742.74ms, mfu 6.25%
model:LGT723F iter 25720: loss 1.8814, time 1743.88ms, mfu 6.41%
model:LGT723F iter 25730: loss 1.8010, time 1740.31ms, mfu 6.56%
model:LGT723F iter 25740: loss 1.7738, time 1744.98ms, mfu 6.69%
------average encoder activity 0.200
-----------average decoder density 0.3860
step 25750: train loss 1.8931, val loss 2.0693
saving checkpoint to out-novel-char3_LGT723F_3d25ede0cfd080d9e35756b051dcef65
done saving checkpoint to out-novel-char3_LGT723F_3d25ede0cfd080d9e35756b051dcef65
model:LGT723F iter 25750: loss 1.8278, time 29031.54ms, mfu 6.07%
model:LGT723F iter 25760: loss 1.7992, time 1740.85ms, mfu 6.25%
model:LGT723F iter 25770: loss 2.3061, time 1744.47ms, mfu 6.41%
model:LGT723F iter 25780: loss 1.5463, time 1742.77ms, mfu 6.56%
model:LGT723F iter 25790: loss 1.7277, time 1742.48ms, mfu 6.69%
------average encoder activity 0.199
-----------average decoder density 0.4259
step 25800: train loss 1.9090, val loss 2.0848
saving checkpoint to out-novel-char3_LGT723F_3d25ede0cfd080d9e35756b051dcef65
done saving checkpoint to out-novel-char3_LGT723F_3d25ede0cfd080d9e35756b051dcef65
model:LGT723F iter 25800: loss 1.7237, time 29010.21ms, mfu 6.07%
model:LGT723F iter 25810: loss 1.6267, time 1741.59ms, mfu 6.25%
model:LGT723F iter 25820: loss 2.1374, time 1742.75ms, mfu 6.41%
model:LGT723F iter 25830: loss 2.0355, time 1741.90ms, mfu 6.56%
model:LGT723F iter 25840: loss 2.1132, time 1742.78ms, mfu 6.69%
------average encoder activity 0.199
-----------average decoder density 0.4214
step 25850: train loss 1.8663, val loss 2.0856
saving checkpoint to out-novel-char3_LGT723F_3d25ede0cfd080d9e35756b051dcef65
done saving checkpoint to out-novel-char3_LGT723F_3d25ede0cfd080d9e35756b051dcef65
model:LGT723F iter 25850: loss 1.9843, time 29054.57ms, mfu 6.07%
model:LGT723F iter 25860: loss 1.7138, time 1742.96ms, mfu 6.25%
model:LGT723F iter 25870: loss 1.7638, time 1743.28ms, mfu 6.41%
model:LGT723F iter 25880: loss 1.8826, time 1741.63ms, mfu 6.56%
model:LGT723F iter 25890: loss 2.0265, time 1743.97ms, mfu 6.69%
------average encoder activity 0.198
-----------average decoder density 0.4418
step 25900: train loss 1.9222, val loss 2.0975
saving checkpoint to out-novel-char3_LGT723F_3d25ede0cfd080d9e35756b051dcef65
done saving checkpoint to out-novel-char3_LGT723F_3d25ede0cfd080d9e35756b051dcef65
model:LGT723F iter 25900: loss 1.9506, time 28894.05ms, mfu 6.07%
model:LGT723F iter 25910: loss 2.0759, time 1739.97ms, mfu 6.25%
model:LGT723F iter 25920: loss 2.1178, time 1740.24ms, mfu 6.41%
model:LGT723F iter 25930: loss 2.1983, time 1740.16ms, mfu 6.56%
model:LGT723F iter 25940: loss 1.8243, time 1743.10ms, mfu 6.69%
------average encoder activity 0.200
-----------average decoder density 0.4622
step 25950: train loss 1.8958, val loss 2.0876
saving checkpoint to out-novel-char3_LGT723F_3d25ede0cfd080d9e35756b051dcef65
done saving checkpoint to out-novel-char3_LGT723F_3d25ede0cfd080d9e35756b051dcef65
model:LGT723F iter 25950: loss 1.5108, time 28804.89ms, mfu 6.07%
model:LGT723F iter 25960: loss 1.4139, time 1740.64ms, mfu 6.25%
model:LGT723F iter 25970: loss 2.0820, time 1740.48ms, mfu 6.42%
model:LGT723F iter 25980: loss 2.1183, time 1739.06ms, mfu 6.56%
model:LGT723F iter 25990: loss 1.7641, time 1741.77ms, mfu 6.69%
------average encoder activity 0.199
-----------average decoder density 0.4186
step 26000: train loss 1.8931, val loss 2.0891
saving checkpoint to out-novel-char3_LGT723F_3d25ede0cfd080d9e35756b051dcef65
done saving checkpoint to out-novel-char3_LGT723F_3d25ede0cfd080d9e35756b051dcef65
model:LGT723F iter 26000: loss 1.8699, time 28978.02ms, mfu 6.07%
model:LGT723F iter 26010: loss 1.7953, time 1741.92ms, mfu 6.25%
model:LGT723F iter 26020: loss 2.1998, time 1744.07ms, mfu 6.41%
model:LGT723F iter 26030: loss 2.1663, time 1744.98ms, mfu 6.56%
model:LGT723F iter 26040: loss 1.8279, time 1752.45ms, mfu 6.69%
------average encoder activity 0.199
-----------average decoder density 0.4370
step 26050: train loss 1.8865, val loss 2.1093
saving checkpoint to out-novel-char3_LGT723F_3d25ede0cfd080d9e35756b051dcef65
done saving checkpoint to out-novel-char3_LGT723F_3d25ede0cfd080d9e35756b051dcef65
model:LGT723F iter 26050: loss 2.1683, time 29017.05ms, mfu 6.07%
model:LGT723F iter 26060: loss 1.6739, time 1739.94ms, mfu 6.25%
model:LGT723F iter 26070: loss 1.9872, time 1740.46ms, mfu 6.41%
model:LGT723F iter 26080: loss 1.9863, time 1739.79ms, mfu 6.56%
model:LGT723F iter 26090: loss 1.9709, time 1743.93ms, mfu 6.69%
------average encoder activity 0.200
-----------average decoder density 0.4130
step 26100: train loss 1.8793, val loss 2.1025
saving checkpoint to out-novel-char3_LGT723F_3d25ede0cfd080d9e35756b051dcef65
done saving checkpoint to out-novel-char3_LGT723F_3d25ede0cfd080d9e35756b051dcef65
model:LGT723F iter 26100: loss 1.7103, time 29042.12ms, mfu 6.07%
model:LGT723F iter 26110: loss 2.0845, time 1744.03ms, mfu 6.25%
model:LGT723F iter 26120: loss 2.0434, time 1743.96ms, mfu 6.41%
model:LGT723F iter 26130: loss 1.7396, time 1739.68ms, mfu 6.56%
model:LGT723F iter 26140: loss 2.1874, time 1742.13ms, mfu 6.69%
------average encoder activity 0.201
-----------average decoder density 0.3910
step 26150: train loss 1.8811, val loss 2.0916
saving checkpoint to out-novel-char3_LGT723F_3d25ede0cfd080d9e35756b051dcef65
done saving checkpoint to out-novel-char3_LGT723F_3d25ede0cfd080d9e35756b051dcef65
model:LGT723F iter 26150: loss 1.8871, time 28968.12ms, mfu 6.07%
model:LGT723F iter 26160: loss 1.6427, time 1741.98ms, mfu 6.25%
model:LGT723F iter 26170: loss 1.8157, time 1742.00ms, mfu 6.41%
model:LGT723F iter 26180: loss 1.6534, time 1743.23ms, mfu 6.56%
model:LGT723F iter 26190: loss 2.1969, time 1743.29ms, mfu 6.69%
------average encoder activity 0.201
-----------average decoder density 0.3827
step 26200: train loss 1.8951, val loss 2.1068
saving checkpoint to out-novel-char3_LGT723F_3d25ede0cfd080d9e35756b051dcef65
done saving checkpoint to out-novel-char3_LGT723F_3d25ede0cfd080d9e35756b051dcef65
model:LGT723F iter 26200: loss 1.6750, time 29104.65ms, mfu 6.07%
model:LGT723F iter 26210: loss 2.0227, time 1741.15ms, mfu 6.25%
model:LGT723F iter 26220: loss 1.9889, time 1740.42ms, mfu 6.41%
model:LGT723F iter 26230: loss 2.0572, time 1740.15ms, mfu 6.56%
model:LGT723F iter 26240: loss 1.5983, time 1738.23ms, mfu 6.69%
------average encoder activity 0.202
-----------average decoder density 0.4592
step 26250: train loss 1.8906, val loss 2.0780
saving checkpoint to out-novel-char3_LGT723F_3d25ede0cfd080d9e35756b051dcef65
done saving checkpoint to out-novel-char3_LGT723F_3d25ede0cfd080d9e35756b051dcef65
model:LGT723F iter 26250: loss 2.2453, time 29047.11ms, mfu 6.07%
model:LGT723F iter 26260: loss 1.6646, time 1741.06ms, mfu 6.25%
model:LGT723F iter 26270: loss 1.7384, time 1740.27ms, mfu 6.42%
model:LGT723F iter 26280: loss 1.8971, time 1740.56ms, mfu 6.56%
model:LGT723F iter 26290: loss 2.1727, time 1740.17ms, mfu 6.70%
------average encoder activity 0.202
-----------average decoder density 0.3780
step 26300: train loss 1.8934, val loss 2.0721
saving checkpoint to out-novel-char3_LGT723F_3d25ede0cfd080d9e35756b051dcef65
done saving checkpoint to out-novel-char3_LGT723F_3d25ede0cfd080d9e35756b051dcef65
model:LGT723F iter 26300: loss 1.8295, time 28841.49ms, mfu 6.07%
model:LGT723F iter 26310: loss 1.8701, time 1743.17ms, mfu 6.25%
model:LGT723F iter 26320: loss 1.9311, time 1740.66ms, mfu 6.42%
model:LGT723F iter 26330: loss 1.7428, time 1743.73ms, mfu 6.56%
model:LGT723F iter 26340: loss 1.8537, time 1741.67ms, mfu 6.69%
------average encoder activity 0.202
-----------average decoder density 0.4243
step 26350: train loss 1.8706, val loss 2.0587
saving checkpoint to out-novel-char3_LGT723F_3d25ede0cfd080d9e35756b051dcef65
done saving checkpoint to out-novel-char3_LGT723F_3d25ede0cfd080d9e35756b051dcef65
model:LGT723F iter 26350: loss 1.8535, time 28894.64ms, mfu 6.07%
model:LGT723F iter 26360: loss 1.9110, time 1739.13ms, mfu 6.25%
model:LGT723F iter 26370: loss 1.8855, time 1737.83ms, mfu 6.42%
model:LGT723F iter 26380: loss 1.9370, time 1740.29ms, mfu 6.57%
model:LGT723F iter 26390: loss 1.9666, time 1744.19ms, mfu 6.70%
------average encoder activity 0.201
-----------average decoder density 0.3894
step 26400: train loss 1.8768, val loss 2.0855
saving checkpoint to out-novel-char3_LGT723F_3d25ede0cfd080d9e35756b051dcef65
done saving checkpoint to out-novel-char3_LGT723F_3d25ede0cfd080d9e35756b051dcef65
model:LGT723F iter 26400: loss 1.9435, time 29095.58ms, mfu 6.07%
model:LGT723F iter 26410: loss 1.7825, time 1741.68ms, mfu 6.25%
model:LGT723F iter 26420: loss 1.8140, time 1741.86ms, mfu 6.42%
model:LGT723F iter 26430: loss 1.7835, time 1743.99ms, mfu 6.56%
model:LGT723F iter 26440: loss 2.1053, time 1743.29ms, mfu 6.69%
------average encoder activity 0.201
-----------average decoder density 0.3992
step 26450: train loss 1.8772, val loss 2.0836
saving checkpoint to out-novel-char3_LGT723F_3d25ede0cfd080d9e35756b051dcef65
done saving checkpoint to out-novel-char3_LGT723F_3d25ede0cfd080d9e35756b051dcef65
model:LGT723F iter 26450: loss 1.7866, time 29052.01ms, mfu 6.07%
model:LGT723F iter 26460: loss 2.1425, time 1740.96ms, mfu 6.25%
model:LGT723F iter 26470: loss 1.4991, time 1739.77ms, mfu 6.42%
model:LGT723F iter 26480: loss 2.0465, time 1740.67ms, mfu 6.56%
model:LGT723F iter 26490: loss 2.0507, time 1740.26ms, mfu 6.69%
------average encoder activity 0.203
-----------average decoder density 0.3879
step 26500: train loss 1.8657, val loss 2.1053
saving checkpoint to out-novel-char3_LGT723F_3d25ede0cfd080d9e35756b051dcef65
done saving checkpoint to out-novel-char3_LGT723F_3d25ede0cfd080d9e35756b051dcef65
model:LGT723F iter 26500: loss 1.7876, time 29064.72ms, mfu 6.07%
model:LGT723F iter 26510: loss 2.1832, time 1740.10ms, mfu 6.25%
model:LGT723F iter 26520: loss 2.0338, time 1740.46ms, mfu 6.42%
model:LGT723F iter 26530: loss 2.4112, time 1740.10ms, mfu 6.56%
model:LGT723F iter 26540: loss 1.7891, time 1738.63ms, mfu 6.70%
------average encoder activity 0.200
-----------average decoder density 0.3694
step 26550: train loss 1.8642, val loss 2.0739
saving checkpoint to out-novel-char3_LGT723F_3d25ede0cfd080d9e35756b051dcef65
done saving checkpoint to out-novel-char3_LGT723F_3d25ede0cfd080d9e35756b051dcef65
model:LGT723F iter 26550: loss 1.9315, time 28981.45ms, mfu 6.07%
model:LGT723F iter 26560: loss 2.2765, time 1738.97ms, mfu 6.26%
model:LGT723F iter 26570: loss 1.8711, time 1739.37ms, mfu 6.42%
model:LGT723F iter 26580: loss 1.8234, time 1742.10ms, mfu 6.57%
model:LGT723F iter 26590: loss 1.6962, time 1742.63ms, mfu 6.70%
------average encoder activity 0.201
-----------average decoder density 0.4154
step 26600: train loss 1.8988, val loss 2.0999
saving checkpoint to out-novel-char3_LGT723F_3d25ede0cfd080d9e35756b051dcef65
done saving checkpoint to out-novel-char3_LGT723F_3d25ede0cfd080d9e35756b051dcef65
model:LGT723F iter 26600: loss 1.6499, time 28989.80ms, mfu 6.07%
model:LGT723F iter 26610: loss 1.8587, time 1742.55ms, mfu 6.25%
model:LGT723F iter 26620: loss 2.1669, time 1743.34ms, mfu 6.42%
model:LGT723F iter 26630: loss 1.9211, time 1741.76ms, mfu 6.56%
model:LGT723F iter 26640: loss 1.2644, time 1741.82ms, mfu 6.69%
------average encoder activity 0.203
-----------average decoder density 0.4586
step 26650: train loss 1.8635, val loss 2.0878
saving checkpoint to out-novel-char3_LGT723F_3d25ede0cfd080d9e35756b051dcef65
done saving checkpoint to out-novel-char3_LGT723F_3d25ede0cfd080d9e35756b051dcef65
model:LGT723F iter 26650: loss 1.6973, time 28838.74ms, mfu 6.07%
model:LGT723F iter 26660: loss 2.0887, time 1739.60ms, mfu 6.25%
model:LGT723F iter 26670: loss 1.7285, time 1738.33ms, mfu 6.42%
model:LGT723F iter 26680: loss 1.8610, time 1748.08ms, mfu 6.56%
model:LGT723F iter 26690: loss 2.0045, time 1741.75ms, mfu 6.69%
------average encoder activity 0.203
-----------average decoder density 0.3933
step 26700: train loss 1.9000, val loss 2.1084
saving checkpoint to out-novel-char3_LGT723F_3d25ede0cfd080d9e35756b051dcef65
done saving checkpoint to out-novel-char3_LGT723F_3d25ede0cfd080d9e35756b051dcef65
model:LGT723F iter 26700: loss 1.9849, time 29063.46ms, mfu 6.07%
model:LGT723F iter 26710: loss 1.7726, time 1740.87ms, mfu 6.25%
model:LGT723F iter 26720: loss 1.6606, time 1743.70ms, mfu 6.41%
model:LGT723F iter 26730: loss 1.8237, time 1745.40ms, mfu 6.56%
model:LGT723F iter 26740: loss 1.7436, time 1741.52ms, mfu 6.69%
------average encoder activity 0.202
-----------average decoder density 0.3785
step 26750: train loss 1.8685, val loss 2.0910
saving checkpoint to out-novel-char3_LGT723F_3d25ede0cfd080d9e35756b051dcef65
done saving checkpoint to out-novel-char3_LGT723F_3d25ede0cfd080d9e35756b051dcef65
model:LGT723F iter 26750: loss 1.4749, time 28903.57ms, mfu 6.07%
model:LGT723F iter 26760: loss 1.9982, time 1745.75ms, mfu 6.25%
model:LGT723F iter 26770: loss 1.8194, time 1744.47ms, mfu 6.41%
model:LGT723F iter 26780: loss 1.7498, time 1740.30ms, mfu 6.56%
model:LGT723F iter 26790: loss 2.0062, time 1737.95ms, mfu 6.69%
------average encoder activity 0.202
-----------average decoder density 0.3776
step 26800: train loss 1.8555, val loss 2.0811
saving checkpoint to out-novel-char3_LGT723F_3d25ede0cfd080d9e35756b051dcef65
done saving checkpoint to out-novel-char3_LGT723F_3d25ede0cfd080d9e35756b051dcef65
model:LGT723F iter 26800: loss 1.7661, time 29061.80ms, mfu 6.07%
model:LGT723F iter 26810: loss 1.9574, time 1746.02ms, mfu 6.25%
model:LGT723F iter 26820: loss 1.9442, time 1745.28ms, mfu 6.41%
model:LGT723F iter 26830: loss 2.1180, time 1742.42ms, mfu 6.56%
model:LGT723F iter 26840: loss 1.9003, time 1742.11ms, mfu 6.69%
------average encoder activity 0.203
-----------average decoder density 0.3741
step 26850: train loss 1.8766, val loss 2.0839
saving checkpoint to out-novel-char3_LGT723F_3d25ede0cfd080d9e35756b051dcef65
done saving checkpoint to out-novel-char3_LGT723F_3d25ede0cfd080d9e35756b051dcef65
model:LGT723F iter 26850: loss 2.0803, time 29052.17ms, mfu 6.07%
model:LGT723F iter 26860: loss 1.7928, time 1743.23ms, mfu 6.25%
model:LGT723F iter 26870: loss 1.9806, time 1743.09ms, mfu 6.41%
model:LGT723F iter 26880: loss 1.9320, time 1742.27ms, mfu 6.56%
model:LGT723F iter 26890: loss 1.8001, time 1742.30ms, mfu 6.69%
------average encoder activity 0.202
-----------average decoder density 0.4336
step 26900: train loss 1.8644, val loss 2.0997
saving checkpoint to out-novel-char3_LGT723F_3d25ede0cfd080d9e35756b051dcef65
done saving checkpoint to out-novel-char3_LGT723F_3d25ede0cfd080d9e35756b051dcef65
model:LGT723F iter 26900: loss 1.9054, time 29046.08ms, mfu 6.07%
model:LGT723F iter 26910: loss 1.7572, time 1740.73ms, mfu 6.25%
model:LGT723F iter 26920: loss 1.7138, time 1740.84ms, mfu 6.41%
model:LGT723F iter 26930: loss 2.0827, time 1740.75ms, mfu 6.56%
model:LGT723F iter 26940: loss 1.9632, time 1744.99ms, mfu 6.69%
------average encoder activity 0.204
-----------average decoder density 0.3934
step 26950: train loss 1.8785, val loss 2.0831
saving checkpoint to out-novel-char3_LGT723F_3d25ede0cfd080d9e35756b051dcef65
done saving checkpoint to out-novel-char3_LGT723F_3d25ede0cfd080d9e35756b051dcef65
model:LGT723F iter 26950: loss 2.0706, time 29016.91ms, mfu 6.07%
model:LGT723F iter 26960: loss 2.0124, time 1741.65ms, mfu 6.25%
model:LGT723F iter 26970: loss 1.8253, time 1742.08ms, mfu 6.41%
model:LGT723F iter 26980: loss 1.8551, time 1738.38ms, mfu 6.56%
model:LGT723F iter 26990: loss 1.8141, time 1738.84ms, mfu 6.69%
------average encoder activity 0.202
-----------average decoder density 0.4040
step 27000: train loss 1.8875, val loss 2.0755
saving checkpoint to out-novel-char3_LGT723F_3d25ede0cfd080d9e35756b051dcef65
done saving checkpoint to out-novel-char3_LGT723F_3d25ede0cfd080d9e35756b051dcef65
model:LGT723F iter 27000: loss 1.9017, time 29045.92ms, mfu 6.07%
model:LGT723F iter 27010: loss 1.7485, time 1741.61ms, mfu 6.25%
model:LGT723F iter 27020: loss 1.5984, time 1741.40ms, mfu 6.42%
model:LGT723F iter 27030: loss 1.6745, time 1742.04ms, mfu 6.56%
model:LGT723F iter 27040: loss 1.7200, time 1742.78ms, mfu 6.69%
------average encoder activity 0.202
-----------average decoder density 0.3853
step 27050: train loss 1.8497, val loss 2.0812
saving checkpoint to out-novel-char3_LGT723F_3d25ede0cfd080d9e35756b051dcef65
done saving checkpoint to out-novel-char3_LGT723F_3d25ede0cfd080d9e35756b051dcef65
model:LGT723F iter 27050: loss 1.8217, time 29047.34ms, mfu 6.07%
model:LGT723F iter 27060: loss 1.8537, time 1744.96ms, mfu 6.25%
model:LGT723F iter 27070: loss 2.0639, time 1743.21ms, mfu 6.41%
model:LGT723F iter 27080: loss 2.0318, time 1742.46ms, mfu 6.56%
model:LGT723F iter 27090: loss 1.9777, time 1746.75ms, mfu 6.69%
------average encoder activity 0.204
-----------average decoder density 0.3738
step 27100: train loss 1.8702, val loss 2.1183
saving checkpoint to out-novel-char3_LGT723F_3d25ede0cfd080d9e35756b051dcef65
done saving checkpoint to out-novel-char3_LGT723F_3d25ede0cfd080d9e35756b051dcef65
model:LGT723F iter 27100: loss 2.0004, time 28950.27ms, mfu 6.07%
model:LGT723F iter 27110: loss 1.8303, time 1743.11ms, mfu 6.25%
model:LGT723F iter 27120: loss 1.8955, time 1742.40ms, mfu 6.41%
model:LGT723F iter 27130: loss 2.1012, time 1741.82ms, mfu 6.56%
model:LGT723F iter 27140: loss 1.8856, time 1743.16ms, mfu 6.69%
------average encoder activity 0.204
-----------average decoder density 0.4307
step 27150: train loss 1.8751, val loss 2.0769
saving checkpoint to out-novel-char3_LGT723F_3d25ede0cfd080d9e35756b051dcef65
done saving checkpoint to out-novel-char3_LGT723F_3d25ede0cfd080d9e35756b051dcef65
model:LGT723F iter 27150: loss 1.9720, time 28855.33ms, mfu 6.07%
model:LGT723F iter 27160: loss 1.8392, time 1739.85ms, mfu 6.25%
model:LGT723F iter 27170: loss 1.8064, time 1741.28ms, mfu 6.41%
model:LGT723F iter 27180: loss 1.8578, time 1741.66ms, mfu 6.56%
model:LGT723F iter 27190: loss 1.9427, time 1742.38ms, mfu 6.69%
------average encoder activity 0.204
-----------average decoder density 0.3953
step 27200: train loss 1.8836, val loss 2.0774
saving checkpoint to out-novel-char3_LGT723F_3d25ede0cfd080d9e35756b051dcef65
done saving checkpoint to out-novel-char3_LGT723F_3d25ede0cfd080d9e35756b051dcef65
model:LGT723F iter 27200: loss 1.7877, time 29001.16ms, mfu 6.07%
model:LGT723F iter 27210: loss 2.0077, time 1743.59ms, mfu 6.25%
model:LGT723F iter 27220: loss 1.6245, time 1745.58ms, mfu 6.41%
model:LGT723F iter 27230: loss 1.8592, time 1742.10ms, mfu 6.56%
model:LGT723F iter 27240: loss 2.0775, time 1742.69ms, mfu 6.69%
------average encoder activity 0.202
-----------average decoder density 0.4287
step 27250: train loss 1.8718, val loss 2.1051
saving checkpoint to out-novel-char3_LGT723F_3d25ede0cfd080d9e35756b051dcef65
done saving checkpoint to out-novel-char3_LGT723F_3d25ede0cfd080d9e35756b051dcef65
model:LGT723F iter 27250: loss 1.8358, time 28925.78ms, mfu 6.07%
model:LGT723F iter 27260: loss 2.2099, time 1740.25ms, mfu 6.25%
model:LGT723F iter 27270: loss 1.6124, time 1742.45ms, mfu 6.41%
model:LGT723F iter 27280: loss 1.8066, time 1743.50ms, mfu 6.56%
model:LGT723F iter 27290: loss 1.9260, time 1743.81ms, mfu 6.69%
------average encoder activity 0.204
-----------average decoder density 0.4160
step 27300: train loss 1.8693, val loss 2.0912
saving checkpoint to out-novel-char3_LGT723F_3d25ede0cfd080d9e35756b051dcef65
done saving checkpoint to out-novel-char3_LGT723F_3d25ede0cfd080d9e35756b051dcef65
model:LGT723F iter 27300: loss 1.9426, time 28960.26ms, mfu 6.07%
model:LGT723F iter 27310: loss 2.0643, time 1747.92ms, mfu 6.25%
model:LGT723F iter 27320: loss 1.8333, time 1743.97ms, mfu 6.41%
model:LGT723F iter 27330: loss 1.6821, time 1743.15ms, mfu 6.56%
model:LGT723F iter 27340: loss 1.4889, time 1743.10ms, mfu 6.69%
------average encoder activity 0.203
-----------average decoder density 0.4162
step 27350: train loss 1.8726, val loss 2.0953
saving checkpoint to out-novel-char3_LGT723F_3d25ede0cfd080d9e35756b051dcef65
done saving checkpoint to out-novel-char3_LGT723F_3d25ede0cfd080d9e35756b051dcef65
model:LGT723F iter 27350: loss 1.7971, time 29127.90ms, mfu 6.07%
model:LGT723F iter 27360: loss 2.0283, time 1743.80ms, mfu 6.25%
model:LGT723F iter 27370: loss 2.0197, time 1743.04ms, mfu 6.41%
model:LGT723F iter 27380: loss 2.0917, time 1743.07ms, mfu 6.56%
model:LGT723F iter 27390: loss 2.0661, time 1743.00ms, mfu 6.69%
------average encoder activity 0.202
-----------average decoder density 0.3821
step 27400: train loss 1.8754, val loss 2.0756
saving checkpoint to out-novel-char3_LGT723F_3d25ede0cfd080d9e35756b051dcef65
done saving checkpoint to out-novel-char3_LGT723F_3d25ede0cfd080d9e35756b051dcef65
model:LGT723F iter 27400: loss 1.7848, time 29041.14ms, mfu 6.07%
model:LGT723F iter 27410: loss 1.7204, time 1742.88ms, mfu 6.25%
model:LGT723F iter 27420: loss 2.3643, time 1744.73ms, mfu 6.41%
model:LGT723F iter 27430: loss 1.7878, time 1742.89ms, mfu 6.56%
model:LGT723F iter 27440: loss 2.0175, time 1742.85ms, mfu 6.69%
------average encoder activity 0.203
-----------average decoder density 0.3970
step 27450: train loss 1.8565, val loss 2.0938
saving checkpoint to out-novel-char3_LGT723F_3d25ede0cfd080d9e35756b051dcef65
done saving checkpoint to out-novel-char3_LGT723F_3d25ede0cfd080d9e35756b051dcef65
model:LGT723F iter 27450: loss 1.6325, time 29027.95ms, mfu 6.07%
model:LGT723F iter 27460: loss 1.8957, time 1743.28ms, mfu 6.25%
model:LGT723F iter 27470: loss 1.5326, time 1744.63ms, mfu 6.41%
model:LGT723F iter 27480: loss 1.9870, time 1742.69ms, mfu 6.56%
model:LGT723F iter 27490: loss 1.8643, time 1744.85ms, mfu 6.69%
------average encoder activity 0.205
-----------average decoder density 0.3821
step 27500: train loss 1.8737, val loss 2.0816
saving checkpoint to out-novel-char3_LGT723F_3d25ede0cfd080d9e35756b051dcef65
done saving checkpoint to out-novel-char3_LGT723F_3d25ede0cfd080d9e35756b051dcef65
model:LGT723F iter 27500: loss 2.1299, time 29001.42ms, mfu 6.06%
model:LGT723F iter 27510: loss 1.9115, time 1742.72ms, mfu 6.25%
model:LGT723F iter 27520: loss 2.2656, time 1743.85ms, mfu 6.41%
model:LGT723F iter 27530: loss 1.7751, time 1740.60ms, mfu 6.56%
model:LGT723F iter 27540: loss 2.0729, time 1739.59ms, mfu 6.69%
------average encoder activity 0.205
-----------average decoder density 0.4151
step 27550: train loss 1.8748, val loss 2.0970
saving checkpoint to out-novel-char3_LGT723F_3d25ede0cfd080d9e35756b051dcef65
done saving checkpoint to out-novel-char3_LGT723F_3d25ede0cfd080d9e35756b051dcef65
model:LGT723F iter 27550: loss 1.8791, time 28848.63ms, mfu 6.07%
model:LGT723F iter 27560: loss 2.0402, time 1740.00ms, mfu 6.25%
model:LGT723F iter 27570: loss 1.9881, time 1739.86ms, mfu 6.41%
model:LGT723F iter 27580: loss 1.9545, time 1740.30ms, mfu 6.56%
model:LGT723F iter 27590: loss 1.8167, time 1748.73ms, mfu 6.69%
------average encoder activity 0.205
-----------average decoder density 0.3953
step 27600: train loss 1.8582, val loss 2.0892
saving checkpoint to out-novel-char3_LGT723F_3d25ede0cfd080d9e35756b051dcef65
done saving checkpoint to out-novel-char3_LGT723F_3d25ede0cfd080d9e35756b051dcef65
model:LGT723F iter 27600: loss 2.1505, time 28831.36ms, mfu 6.07%
model:LGT723F iter 27610: loss 1.9254, time 1741.95ms, mfu 6.25%
model:LGT723F iter 27620: loss 2.0619, time 1741.11ms, mfu 6.41%
model:LGT723F iter 27630: loss 1.8707, time 1741.50ms, mfu 6.56%
model:LGT723F iter 27640: loss 1.8473, time 1740.35ms, mfu 6.69%
------average encoder activity 0.206
-----------average decoder density 0.3822
step 27650: train loss 1.8532, val loss 2.0977
saving checkpoint to out-novel-char3_LGT723F_3d25ede0cfd080d9e35756b051dcef65
done saving checkpoint to out-novel-char3_LGT723F_3d25ede0cfd080d9e35756b051dcef65
model:LGT723F iter 27650: loss 1.7982, time 28965.61ms, mfu 6.07%
model:LGT723F iter 27660: loss 1.7431, time 1742.49ms, mfu 6.25%
model:LGT723F iter 27670: loss 1.6233, time 1742.03ms, mfu 6.41%
model:LGT723F iter 27680: loss 1.6078, time 1742.21ms, mfu 6.56%
model:LGT723F iter 27690: loss 1.9386, time 1742.76ms, mfu 6.69%
------average encoder activity 0.206
-----------average decoder density 0.3691
step 27700: train loss 1.8513, val loss 2.0720
saving checkpoint to out-novel-char3_LGT723F_3d25ede0cfd080d9e35756b051dcef65
done saving checkpoint to out-novel-char3_LGT723F_3d25ede0cfd080d9e35756b051dcef65
model:LGT723F iter 27700: loss 1.7617, time 29049.96ms, mfu 6.07%
model:LGT723F iter 27710: loss 1.8441, time 1742.14ms, mfu 6.25%
model:LGT723F iter 27720: loss 1.7701, time 1741.76ms, mfu 6.41%
model:LGT723F iter 27730: loss 1.8877, time 1741.27ms, mfu 6.56%
model:LGT723F iter 27740: loss 1.7759, time 1738.09ms, mfu 6.69%
------average encoder activity 0.206
-----------average decoder density 0.4330
step 27750: train loss 1.8612, val loss 2.0639
saving checkpoint to out-novel-char3_LGT723F_3d25ede0cfd080d9e35756b051dcef65
done saving checkpoint to out-novel-char3_LGT723F_3d25ede0cfd080d9e35756b051dcef65
model:LGT723F iter 27750: loss 1.7490, time 28951.42ms, mfu 6.07%
model:LGT723F iter 27760: loss 1.8349, time 1738.25ms, mfu 6.25%
model:LGT723F iter 27770: loss 2.0005, time 1738.16ms, mfu 6.42%
model:LGT723F iter 27780: loss 1.9253, time 1740.75ms, mfu 6.56%
model:LGT723F iter 27790: loss 1.8473, time 1741.03ms, mfu 6.70%
------average encoder activity 0.206
-----------average decoder density 0.4254
step 27800: train loss 1.8382, val loss 2.0938
saving checkpoint to out-novel-char3_LGT723F_3d25ede0cfd080d9e35756b051dcef65
done saving checkpoint to out-novel-char3_LGT723F_3d25ede0cfd080d9e35756b051dcef65
model:LGT723F iter 27800: loss 1.8190, time 28985.78ms, mfu 6.07%
model:LGT723F iter 27810: loss 1.9824, time 1741.68ms, mfu 6.25%
model:LGT723F iter 27820: loss 1.7014, time 1740.55ms, mfu 6.42%
model:LGT723F iter 27830: loss 1.9235, time 1741.56ms, mfu 6.56%
model:LGT723F iter 27840: loss 1.9743, time 1741.25ms, mfu 6.70%
------average encoder activity 0.206
-----------average decoder density 0.4412
step 27850: train loss 1.8607, val loss 2.0709
saving checkpoint to out-novel-char3_LGT723F_3d25ede0cfd080d9e35756b051dcef65
done saving checkpoint to out-novel-char3_LGT723F_3d25ede0cfd080d9e35756b051dcef65
model:LGT723F iter 27850: loss 1.7466, time 29020.27ms, mfu 6.07%
model:LGT723F iter 27860: loss 2.2178, time 1742.98ms, mfu 6.25%
model:LGT723F iter 27870: loss 1.8729, time 1741.99ms, mfu 6.42%
model:LGT723F iter 27880: loss 2.0109, time 1744.52ms, mfu 6.56%
model:LGT723F iter 27890: loss 1.7295, time 1746.86ms, mfu 6.69%
------average encoder activity 0.206
-----------average decoder density 0.3736
step 27900: train loss 1.8658, val loss 2.0804
saving checkpoint to out-novel-char3_LGT723F_3d25ede0cfd080d9e35756b051dcef65
done saving checkpoint to out-novel-char3_LGT723F_3d25ede0cfd080d9e35756b051dcef65
model:LGT723F iter 27900: loss 2.0186, time 28844.38ms, mfu 6.07%
model:LGT723F iter 27910: loss 1.8010, time 1740.99ms, mfu 6.25%
model:LGT723F iter 27920: loss 2.0789, time 1737.92ms, mfu 6.42%
model:LGT723F iter 27930: loss 1.8051, time 1738.11ms, mfu 6.56%
model:LGT723F iter 27940: loss 1.8118, time 1740.13ms, mfu 6.70%
------average encoder activity 0.207
-----------average decoder density 0.4205
step 27950: train loss 1.8533, val loss 2.0735
saving checkpoint to out-novel-char3_LGT723F_3d25ede0cfd080d9e35756b051dcef65
done saving checkpoint to out-novel-char3_LGT723F_3d25ede0cfd080d9e35756b051dcef65
model:LGT723F iter 27950: loss 1.7710, time 28840.26ms, mfu 6.07%
model:LGT723F iter 27960: loss 2.0424, time 1741.53ms, mfu 6.25%
model:LGT723F iter 27970: loss 1.4841, time 1742.07ms, mfu 6.42%
model:LGT723F iter 27980: loss 2.0338, time 1741.16ms, mfu 6.56%
model:LGT723F iter 27990: loss 2.0380, time 1740.25ms, mfu 6.70%
------average encoder activity 0.208
-----------average decoder density 0.4245
step 28000: train loss 1.8472, val loss 2.0543
saving checkpoint to out-novel-char3_LGT723F_3d25ede0cfd080d9e35756b051dcef65
done saving checkpoint to out-novel-char3_LGT723F_3d25ede0cfd080d9e35756b051dcef65
model:LGT723F iter 28000: loss 1.9862, time 28961.09ms, mfu 6.07%
model:LGT723F iter 28010: loss 1.7380, time 1742.25ms, mfu 6.25%
model:LGT723F iter 28020: loss 1.7562, time 1742.92ms, mfu 6.42%
model:LGT723F iter 28030: loss 2.0428, time 1741.01ms, mfu 6.56%
model:LGT723F iter 28040: loss 1.5800, time 1740.74ms, mfu 6.69%
------average encoder activity 0.207
-----------average decoder density 0.4069
step 28050: train loss 1.8537, val loss 2.0656
saving checkpoint to out-novel-char3_LGT723F_3d25ede0cfd080d9e35756b051dcef65
done saving checkpoint to out-novel-char3_LGT723F_3d25ede0cfd080d9e35756b051dcef65
model:LGT723F iter 28050: loss 2.0169, time 29014.83ms, mfu 6.07%
model:LGT723F iter 28060: loss 1.8975, time 1743.57ms, mfu 6.25%
model:LGT723F iter 28070: loss 2.1415, time 1743.16ms, mfu 6.41%
model:LGT723F iter 28080: loss 1.9092, time 1744.23ms, mfu 6.56%
model:LGT723F iter 28090: loss 1.8926, time 1744.18ms, mfu 6.69%
------average encoder activity 0.206
-----------average decoder density 0.4012
step 28100: train loss 1.8757, val loss 2.0820
saving checkpoint to out-novel-char3_LGT723F_3d25ede0cfd080d9e35756b051dcef65
done saving checkpoint to out-novel-char3_LGT723F_3d25ede0cfd080d9e35756b051dcef65
model:LGT723F iter 28100: loss 1.6421, time 29007.35ms, mfu 6.07%
model:LGT723F iter 28110: loss 1.8403, time 1742.56ms, mfu 6.25%
model:LGT723F iter 28120: loss 1.8732, time 1743.82ms, mfu 6.41%
model:LGT723F iter 28130: loss 1.9299, time 1747.23ms, mfu 6.56%
model:LGT723F iter 28140: loss 1.8439, time 1743.92ms, mfu 6.69%
------average encoder activity 0.205
-----------average decoder density 0.3856
step 28150: train loss 1.8649, val loss 2.0685
saving checkpoint to out-novel-char3_LGT723F_3d25ede0cfd080d9e35756b051dcef65
done saving checkpoint to out-novel-char3_LGT723F_3d25ede0cfd080d9e35756b051dcef65
model:LGT723F iter 28150: loss 1.7878, time 29004.07ms, mfu 6.07%
model:LGT723F iter 28160: loss 1.9951, time 1743.75ms, mfu 6.25%
model:LGT723F iter 28170: loss 1.6040, time 1743.05ms, mfu 6.41%
model:LGT723F iter 28180: loss 2.0005, time 1746.70ms, mfu 6.55%
model:LGT723F iter 28190: loss 1.8198, time 1745.81ms, mfu 6.68%
------average encoder activity 0.207
-----------average decoder density 0.3896
step 28200: train loss 1.8363, val loss 2.0788
saving checkpoint to out-novel-char3_LGT723F_3d25ede0cfd080d9e35756b051dcef65
done saving checkpoint to out-novel-char3_LGT723F_3d25ede0cfd080d9e35756b051dcef65
model:LGT723F iter 28200: loss 1.8640, time 28989.36ms, mfu 6.06%
model:LGT723F iter 28210: loss 2.0384, time 1741.00ms, mfu 6.25%
model:LGT723F iter 28220: loss 1.9714, time 1743.90ms, mfu 6.41%
model:LGT723F iter 28230: loss 2.0273, time 1740.94ms, mfu 6.56%
model:LGT723F iter 28240: loss 2.1665, time 1743.85ms, mfu 6.69%
------average encoder activity 0.208
-----------average decoder density 0.3978
step 28250: train loss 1.8476, val loss 2.0902
saving checkpoint to out-novel-char3_LGT723F_3d25ede0cfd080d9e35756b051dcef65
done saving checkpoint to out-novel-char3_LGT723F_3d25ede0cfd080d9e35756b051dcef65
model:LGT723F iter 28250: loss 1.6402, time 29013.67ms, mfu 6.07%
model:LGT723F iter 28260: loss 1.7866, time 1741.20ms, mfu 6.25%
model:LGT723F iter 28270: loss 1.7264, time 1741.44ms, mfu 6.41%
model:LGT723F iter 28280: loss 1.5939, time 1741.63ms, mfu 6.56%
model:LGT723F iter 28290: loss 1.9848, time 1742.19ms, mfu 6.69%
------average encoder activity 0.207
-----------average decoder density 0.4082
step 28300: train loss 1.8495, val loss 2.0586
saving checkpoint to out-novel-char3_LGT723F_3d25ede0cfd080d9e35756b051dcef65
done saving checkpoint to out-novel-char3_LGT723F_3d25ede0cfd080d9e35756b051dcef65
model:LGT723F iter 28300: loss 2.2322, time 28869.03ms, mfu 6.07%
model:LGT723F iter 28310: loss 2.0534, time 1739.22ms, mfu 6.25%
model:LGT723F iter 28320: loss 1.9727, time 1740.80ms, mfu 6.41%
model:LGT723F iter 28330: loss 1.6957, time 1742.87ms, mfu 6.56%
model:LGT723F iter 28340: loss 1.9256, time 1744.86ms, mfu 6.69%
------average encoder activity 0.209
-----------average decoder density 0.4251
step 28350: train loss 1.8406, val loss 2.0925
saving checkpoint to out-novel-char3_LGT723F_3d25ede0cfd080d9e35756b051dcef65
done saving checkpoint to out-novel-char3_LGT723F_3d25ede0cfd080d9e35756b051dcef65
model:LGT723F iter 28350: loss 1.6313, time 28831.96ms, mfu 6.07%
model:LGT723F iter 28360: loss 1.9771, time 1743.57ms, mfu 6.25%
model:LGT723F iter 28370: loss 1.9046, time 1744.01ms, mfu 6.41%
model:LGT723F iter 28380: loss 2.2390, time 1743.44ms, mfu 6.56%
model:LGT723F iter 28390: loss 1.6659, time 1743.55ms, mfu 6.69%
------average encoder activity 0.208
-----------average decoder density 0.4208
step 28400: train loss 1.8388, val loss 2.0628
saving checkpoint to out-novel-char3_LGT723F_3d25ede0cfd080d9e35756b051dcef65
done saving checkpoint to out-novel-char3_LGT723F_3d25ede0cfd080d9e35756b051dcef65
model:LGT723F iter 28400: loss 1.9265, time 29080.60ms, mfu 6.07%
model:LGT723F iter 28410: loss 1.8784, time 1742.93ms, mfu 6.25%
model:LGT723F iter 28420: loss 1.5551, time 1743.14ms, mfu 6.41%
model:LGT723F iter 28430: loss 2.2228, time 1743.47ms, mfu 6.56%
model:LGT723F iter 28440: loss 1.8388, time 1742.91ms, mfu 6.69%
------average encoder activity 0.207
-----------average decoder density 0.3828
step 28450: train loss 1.8674, val loss 2.0825
saving checkpoint to out-novel-char3_LGT723F_3d25ede0cfd080d9e35756b051dcef65
done saving checkpoint to out-novel-char3_LGT723F_3d25ede0cfd080d9e35756b051dcef65
model:LGT723F iter 28450: loss 1.6183, time 29042.17ms, mfu 6.07%
model:LGT723F iter 28460: loss 1.8333, time 1741.80ms, mfu 6.25%
model:LGT723F iter 28470: loss 1.9122, time 1741.70ms, mfu 6.41%
model:LGT723F iter 28480: loss 1.7238, time 1741.48ms, mfu 6.56%
model:LGT723F iter 28490: loss 1.7416, time 1740.85ms, mfu 6.69%
------average encoder activity 0.207
-----------average decoder density 0.3899
step 28500: train loss 1.8451, val loss 2.0790
saving checkpoint to out-novel-char3_LGT723F_3d25ede0cfd080d9e35756b051dcef65
done saving checkpoint to out-novel-char3_LGT723F_3d25ede0cfd080d9e35756b051dcef65
model:LGT723F iter 28500: loss 1.9056, time 29029.81ms, mfu 6.07%
model:LGT723F iter 28510: loss 2.0500, time 1741.57ms, mfu 6.25%
model:LGT723F iter 28520: loss 1.8358, time 1739.81ms, mfu 6.41%
model:LGT723F iter 28530: loss 1.9898, time 1739.56ms, mfu 6.56%
model:LGT723F iter 28540: loss 1.7872, time 1741.89ms, mfu 6.69%
------average encoder activity 0.209
-----------average decoder density 0.3911
step 28550: train loss 1.8510, val loss 2.0936
saving checkpoint to out-novel-char3_LGT723F_3d25ede0cfd080d9e35756b051dcef65
done saving checkpoint to out-novel-char3_LGT723F_3d25ede0cfd080d9e35756b051dcef65
model:LGT723F iter 28550: loss 1.6461, time 28984.93ms, mfu 6.07%
model:LGT723F iter 28560: loss 1.7750, time 1743.57ms, mfu 6.25%
model:LGT723F iter 28570: loss 1.6536, time 1743.76ms, mfu 6.41%
model:LGT723F iter 28580: loss 2.0027, time 1745.55ms, mfu 6.56%
model:LGT723F iter 28590: loss 1.6504, time 1741.50ms, mfu 6.69%
------average encoder activity 0.210
-----------average decoder density 0.3882
step 28600: train loss 1.8290, val loss 2.0840
saving checkpoint to out-novel-char3_LGT723F_3d25ede0cfd080d9e35756b051dcef65
done saving checkpoint to out-novel-char3_LGT723F_3d25ede0cfd080d9e35756b051dcef65
model:LGT723F iter 28600: loss 1.9679, time 29027.97ms, mfu 6.07%
model:LGT723F iter 28610: loss 2.1318, time 1742.95ms, mfu 6.25%
model:LGT723F iter 28620: loss 1.9075, time 1743.06ms, mfu 6.41%
model:LGT723F iter 28630: loss 1.8107, time 1743.57ms, mfu 6.56%
model:LGT723F iter 28640: loss 1.6098, time 1743.36ms, mfu 6.69%
------average encoder activity 0.209
-----------average decoder density 0.4014
step 28650: train loss 1.8619, val loss 2.0779
saving checkpoint to out-novel-char3_LGT723F_3d25ede0cfd080d9e35756b051dcef65
done saving checkpoint to out-novel-char3_LGT723F_3d25ede0cfd080d9e35756b051dcef65
model:LGT723F iter 28650: loss 1.7239, time 29021.45ms, mfu 6.07%
model:LGT723F iter 28660: loss 1.9091, time 1741.84ms, mfu 6.25%
model:LGT723F iter 28670: loss 1.9357, time 1746.22ms, mfu 6.41%
model:LGT723F iter 28680: loss 1.6321, time 1742.68ms, mfu 6.56%
model:LGT723F iter 28690: loss 1.6532, time 1742.39ms, mfu 6.69%
------average encoder activity 0.208
-----------average decoder density 0.4271
step 28700: train loss 1.8425, val loss 2.0716
saving checkpoint to out-novel-char3_LGT723F_3d25ede0cfd080d9e35756b051dcef65
done saving checkpoint to out-novel-char3_LGT723F_3d25ede0cfd080d9e35756b051dcef65
model:LGT723F iter 28700: loss 1.7730, time 29005.62ms, mfu 6.07%
model:LGT723F iter 28710: loss 2.0204, time 1742.48ms, mfu 6.25%
model:LGT723F iter 28720: loss 1.8088, time 1741.95ms, mfu 6.41%
model:LGT723F iter 28730: loss 1.8470, time 1743.64ms, mfu 6.56%
model:LGT723F iter 28740: loss 1.4987, time 1742.57ms, mfu 6.69%
------average encoder activity 0.209
-----------average decoder density 0.3846
step 28750: train loss 1.8444, val loss 2.0838
saving checkpoint to out-novel-char3_LGT723F_3d25ede0cfd080d9e35756b051dcef65
done saving checkpoint to out-novel-char3_LGT723F_3d25ede0cfd080d9e35756b051dcef65
model:LGT723F iter 28750: loss 2.0641, time 29025.94ms, mfu 6.07%
model:LGT723F iter 28760: loss 1.7550, time 1739.39ms, mfu 6.25%
model:LGT723F iter 28770: loss 1.9303, time 1739.62ms, mfu 6.41%
model:LGT723F iter 28780: loss 2.1117, time 1738.70ms, mfu 6.56%
model:LGT723F iter 28790: loss 1.7699, time 1738.06ms, mfu 6.69%
------average encoder activity 0.208
-----------average decoder density 0.3928
step 28800: train loss 1.8372, val loss 2.0754
saving checkpoint to out-novel-char3_LGT723F_3d25ede0cfd080d9e35756b051dcef65
done saving checkpoint to out-novel-char3_LGT723F_3d25ede0cfd080d9e35756b051dcef65
model:LGT723F iter 28800: loss 1.7291, time 28953.65ms, mfu 6.07%
model:LGT723F iter 28810: loss 1.7610, time 1741.18ms, mfu 6.25%
model:LGT723F iter 28820: loss 2.2042, time 1740.40ms, mfu 6.42%
model:LGT723F iter 28830: loss 1.6565, time 1751.20ms, mfu 6.56%
model:LGT723F iter 28840: loss 1.6622, time 1745.86ms, mfu 6.69%
------average encoder activity 0.208
-----------average decoder density 0.4567
step 28850: train loss 1.8482, val loss 2.0603
saving checkpoint to out-novel-char3_LGT723F_3d25ede0cfd080d9e35756b051dcef65
done saving checkpoint to out-novel-char3_LGT723F_3d25ede0cfd080d9e35756b051dcef65
model:LGT723F iter 28850: loss 1.8213, time 29072.33ms, mfu 6.07%
model:LGT723F iter 28860: loss 1.9208, time 1742.56ms, mfu 6.25%
model:LGT723F iter 28870: loss 1.3687, time 1742.84ms, mfu 6.41%
model:LGT723F iter 28880: loss 1.8188, time 1740.81ms, mfu 6.56%
model:LGT723F iter 28890: loss 1.9331, time 1738.22ms, mfu 6.69%
------average encoder activity 0.209
-----------average decoder density 0.4067
step 28900: train loss 1.8676, val loss 2.0650
saving checkpoint to out-novel-char3_LGT723F_3d25ede0cfd080d9e35756b051dcef65
done saving checkpoint to out-novel-char3_LGT723F_3d25ede0cfd080d9e35756b051dcef65
model:LGT723F iter 28900: loss 1.7824, time 28961.70ms, mfu 6.07%
model:LGT723F iter 28910: loss 2.1109, time 1740.64ms, mfu 6.25%
model:LGT723F iter 28920: loss 1.8083, time 1741.68ms, mfu 6.41%
model:LGT723F iter 28930: loss 2.0431, time 1740.77ms, mfu 6.56%
model:LGT723F iter 28940: loss 1.8819, time 1740.38ms, mfu 6.69%
------average encoder activity 0.208
-----------average decoder density 0.4332
step 28950: train loss 1.8254, val loss 2.0594
saving checkpoint to out-novel-char3_LGT723F_3d25ede0cfd080d9e35756b051dcef65
done saving checkpoint to out-novel-char3_LGT723F_3d25ede0cfd080d9e35756b051dcef65
model:LGT723F iter 28950: loss 1.6131, time 28772.71ms, mfu 6.07%
model:LGT723F iter 28960: loss 1.8731, time 1740.32ms, mfu 6.25%
Overriding config with config/train_novel_char3.py:
# train a miniature character-level shakespeare model
# good for debugging and playing on macbooks and such

out_dir = 'out-novel-char3'
eval_interval = 250 # keep frequent because we'll overfit
eval_iters = 200
log_interval = 10 # don't print too too often

# we expect to overfit on this small dataset, so only save when val improves
always_save_checkpoint = False

wandb_log = False # override via command line if you like
wandb_project = 'novel'
wandb_run_name = 'novel'

dataset = 'novel_char3'
gradient_accumulation_steps = 1
# gradient_accumulation_steps = 6
gradient_accumulation_steps = 12
# gradient_accumulation_steps = 24
# gradient_accumulation_steps = 48
# batch_size = 12
batch_size = 2
# batch_size = 1
# block_size = 256 # context of up to 256 previous characters
# block_size = 256 # context of up to 256 previous characters
# block_size = 64 # context of up to 256 previous characters
block_size = 1024 # context of up to 256 previous characters

# baby GPT model :)
n_layer = 6
n_head = 6
n_embd = 384
# n_embd = 182
dropout = 0.2

# learning_rate = 1e-3 # with baby networks can afford to go a bit higher
learning_rate = 1e-4 # with baby networks can afford to go a bit higher

# max_iters = 5000
# lr_decay_iters = 5000 # make equal to max_iters usually

max_iters = 500000
lr_decay_iters = 500000 # make equal to max_iters usually

min_lr = 5e-6 # learning_rate / 10 usually
beta2 = 0.99 # make a bit bigger because number of tokens per iter is small

warmup_iters = 100 # not super necessary potentially

# on macbook also add
# device = 'cpu'  # run on cpu only
# compile = False # do not torch compile the model
# init_from ='resume'


'''
python3 -u sample.py config/train_novel.py --out_dir=out-novel-word_CCM232_c85667cd6eadbcf772d23fa97827c506 --model=CCM232
python3 -u sample.py config/train_novel.py --out_dir=out-novel-word_CCM251_4bfeb7b3e1b9c46a2542bb9406173e22 --model=CCM251
python3 -u sample.py config/train_novel.py --out_dir=out-novel-word_CCM253_01b622029bb00e0dc9206cae3b0ab559 --model=CCM253 
python3 -u sample.py config/train_novel.py --out_dir=out-novel-word_CCM276_01b622029bb00e0dc9206cae3b0ab559 --model=CCM276
python3 -u sample.py config/train_novel.py --out_dir=out-novel-word_CCM278_a97bfe077b316033e3604831d5ad371e --model=CCM278
python3 -u sample.py config/train_novel.py --out_dir=out-novel-word_CCM305_52efa1def80492f81622f536ac701226 --model=CCM305


out-novel-word_CCM276_01b622029bb00e0dc9206cae3b0ab559

'''
#### python3 -u sample.py config/train_novel.py --out_dir=out-novel-word_CCM232_c85667cd6eadbcf772d23fa97827c506 --model=CCM232
Overriding: init_from = resume
Overriding: compile = False
Overriding: model = LGT723F
Overriding: n_layer = 70
Overriding: n_head = 12
Overriding: share_layer = False
Overriding: always_save_checkpoint = True
Overriding: max_iters = 2500999
Overriding: best_val_loss_force = 10.001
Overriding: min_lr = 5e-06
Overriding: dropout = 0.0
Overriding: eval_interval = 50
Overriding: force_resave = 0
Overriding: random_seed = 3
tokens per iteration will be: 24,576
found vocab_size = 73440 (inside data/novel_char3/meta.pkl)
out_dir: out-novel-char3_LGT723F_3d25ede0cfd080d9e35756b051dcef65
Resuming training from out-novel-char3_LGT723F_3d25ede0cfd080d9e35756b051dcef65
WARNING: using slow attention. Flash Attention requires PyTorch >= 2.0
WARNING: using slow attention. Flash Attention requires PyTorch >= 2.0
WARNING: using slow attention. Flash Attention requires PyTorch >= 2.0
WARNING: using slow attention. Flash Attention requires PyTorch >= 2.0
WARNING: using slow attention. Flash Attention requires PyTorch >= 2.0
WARNING: using slow attention. Flash Attention requires PyTorch >= 2.0
WARNING: using slow attention. Flash Attention requires PyTorch >= 2.0
WARNING: using slow attention. Flash Attention requires PyTorch >= 2.0
WARNING: using slow attention. Flash Attention requires PyTorch >= 2.0
WARNING: using slow attention. Flash Attention requires PyTorch >= 2.0
WARNING: using slow attention. Flash Attention requires PyTorch >= 2.0
WARNING: using slow attention. Flash Attention requires PyTorch >= 2.0
WARNING: using slow attention. Flash Attention requires PyTorch >= 2.0
WARNING: using slow attention. Flash Attention requires PyTorch >= 2.0
WARNING: using slow attention. Flash Attention requires PyTorch >= 2.0
WARNING: using slow attention. Flash Attention requires PyTorch >= 2.0
WARNING: using slow attention. Flash Attention requires PyTorch >= 2.0
WARNING: using slow attention. Flash Attention requires PyTorch >= 2.0
WARNING: using slow attention. Flash Attention requires PyTorch >= 2.0
WARNING: using slow attention. Flash Attention requires PyTorch >= 2.0
WARNING: using slow attention. Flash Attention requires PyTorch >= 2.0
WARNING: using slow attention. Flash Attention requires PyTorch >= 2.0
WARNING: using slow attention. Flash Attention requires PyTorch >= 2.0
WARNING: using slow attention. Flash Attention requires PyTorch >= 2.0
WARNING: using slow attention. Flash Attention requires PyTorch >= 2.0
WARNING: using slow attention. Flash Attention requires PyTorch >= 2.0
WARNING: using slow attention. Flash Attention requires PyTorch >= 2.0
WARNING: using slow attention. Flash Attention requires PyTorch >= 2.0
WARNING: using slow attention. Flash Attention requires PyTorch >= 2.0
WARNING: using slow attention. Flash Attention requires PyTorch >= 2.0
WARNING: using slow attention. Flash Attention requires PyTorch >= 2.0
WARNING: using slow attention. Flash Attention requires PyTorch >= 2.0
WARNING: using slow attention. Flash Attention requires PyTorch >= 2.0
WARNING: using slow attention. Flash Attention requires PyTorch >= 2.0
WARNING: using slow attention. Flash Attention requires PyTorch >= 2.0
WARNING: using slow attention. Flash Attention requires PyTorch >= 2.0
WARNING: using slow attention. Flash Attention requires PyTorch >= 2.0
WARNING: using slow attention. Flash Attention requires PyTorch >= 2.0
WARNING: using slow attention. Flash Attention requires PyTorch >= 2.0
WARNING: using slow attention. Flash Attention requires PyTorch >= 2.0
WARNING: using slow attention. Flash Attention requires PyTorch >= 2.0
WARNING: using slow attention. Flash Attention requires PyTorch >= 2.0
WARNING: using slow attention. Flash Attention requires PyTorch >= 2.0
WARNING: using slow attention. Flash Attention requires PyTorch >= 2.0
WARNING: using slow attention. Flash Attention requires PyTorch >= 2.0
WARNING: using slow attention. Flash Attention requires PyTorch >= 2.0
WARNING: using slow attention. Flash Attention requires PyTorch >= 2.0
WARNING: using slow attention. Flash Attention requires PyTorch >= 2.0
WARNING: using slow attention. Flash Attention requires PyTorch >= 2.0
WARNING: using slow attention. Flash Attention requires PyTorch >= 2.0
WARNING: using slow attention. Flash Attention requires PyTorch >= 2.0
WARNING: using slow attention. Flash Attention requires PyTorch >= 2.0
WARNING: using slow attention. Flash Attention requires PyTorch >= 2.0
WARNING: using slow attention. Flash Attention requires PyTorch >= 2.0
WARNING: using slow attention. Flash Attention requires PyTorch >= 2.0
WARNING: using slow attention. Flash Attention requires PyTorch >= 2.0
WARNING: using slow attention. Flash Attention requires PyTorch >= 2.0
WARNING: using slow attention. Flash Attention requires PyTorch >= 2.0
WARNING: using slow attention. Flash Attention requires PyTorch >= 2.0
WARNING: using slow attention. Flash Attention requires PyTorch >= 2.0
WARNING: using slow attention. Flash Attention requires PyTorch >= 2.0
WARNING: using slow attention. Flash Attention requires PyTorch >= 2.0
WARNING: using slow attention. Flash Attention requires PyTorch >= 2.0
WARNING: using slow attention. Flash Attention requires PyTorch >= 2.0
WARNING: using slow attention. Flash Attention requires PyTorch >= 2.0
WARNING: using slow attention. Flash Attention requires PyTorch >= 2.0
WARNING: using slow attention. Flash Attention requires PyTorch >= 2.0
WARNING: using slow attention. Flash Attention requires PyTorch >= 2.0
WARNING: using slow attention. Flash Attention requires PyTorch >= 2.0
WARNING: using slow attention. Flash Attention requires PyTorch >= 2.0
num decayed parameter tensors: 353, with 194,444,544 parameters
num non-decayed parameter tensors: 214, with 41,342,593 parameters
using fused AdamW: True
------average encoder activity 0.208
-----------average decoder density 0.3834
step 28950: train loss 1.8524, val loss 2.0490
saving checkpoint to out-novel-char3_LGT723F_3d25ede0cfd080d9e35756b051dcef65
done saving checkpoint to out-novel-char3_LGT723F_3d25ede0cfd080d9e35756b051dcef65
model:LGT723F iter 28950: loss 1.8660, time 28753.97ms, mfu -100.00%
model:LGT723F iter 28960: loss 1.6471, time 1740.79ms, mfu 7.88%
model:LGT723F iter 28970: loss 2.0248, time 1743.32ms, mfu 7.88%
model:LGT723F iter 28980: loss 2.0562, time 1740.74ms, mfu 7.88%
model:LGT723F iter 28990: loss 1.9097, time 1740.02ms, mfu 7.88%
------average encoder activity 0.210
-----------average decoder density 0.3852
step 29000: train loss 1.8319, val loss 2.0715
saving checkpoint to out-novel-char3_LGT723F_3d25ede0cfd080d9e35756b051dcef65
done saving checkpoint to out-novel-char3_LGT723F_3d25ede0cfd080d9e35756b051dcef65
model:LGT723F iter 29000: loss 1.8772, time 28920.19ms, mfu 7.14%
model:LGT723F iter 29010: loss 1.8356, time 1743.18ms, mfu 7.22%
model:LGT723F iter 29020: loss 1.8069, time 1738.12ms, mfu 7.28%
model:LGT723F iter 29030: loss 2.0092, time 1741.98ms, mfu 7.34%
model:LGT723F iter 29040: loss 2.0682, time 1742.93ms, mfu 7.40%
------average encoder activity 0.211
-----------average decoder density 0.4334
step 29050: train loss 1.8305, val loss 2.0631
saving checkpoint to out-novel-char3_LGT723F_3d25ede0cfd080d9e35756b051dcef65
done saving checkpoint to out-novel-char3_LGT723F_3d25ede0cfd080d9e35756b051dcef65
model:LGT723F iter 29050: loss 1.6506, time 28932.34ms, mfu 6.70%
model:LGT723F iter 29060: loss 1.7755, time 1743.09ms, mfu 6.82%
model:LGT723F iter 29070: loss 1.7439, time 1743.61ms, mfu 6.93%
model:LGT723F iter 29080: loss 1.7533, time 1744.03ms, mfu 7.02%
model:LGT723F iter 29090: loss 2.1683, time 1742.62ms, mfu 7.11%
------average encoder activity 0.209
-----------average decoder density 0.3889
step 29100: train loss 1.8466, val loss 2.0764
saving checkpoint to out-novel-char3_LGT723F_3d25ede0cfd080d9e35756b051dcef65
done saving checkpoint to out-novel-char3_LGT723F_3d25ede0cfd080d9e35756b051dcef65
model:LGT723F iter 29100: loss 1.7564, time 28874.81ms, mfu 6.44%
model:LGT723F iter 29110: loss 1.7577, time 1741.61ms, mfu 6.59%
model:LGT723F iter 29120: loss 1.8689, time 1740.90ms, mfu 6.72%
model:LGT723F iter 29130: loss 2.0453, time 1739.44ms, mfu 6.83%
model:LGT723F iter 29140: loss 1.9121, time 1742.15ms, mfu 6.94%
------average encoder activity 0.209
-----------average decoder density 0.3891
step 29150: train loss 1.8112, val loss 2.0905
saving checkpoint to out-novel-char3_LGT723F_3d25ede0cfd080d9e35756b051dcef65
done saving checkpoint to out-novel-char3_LGT723F_3d25ede0cfd080d9e35756b051dcef65
model:LGT723F iter 29150: loss 1.8343, time 28918.93ms, mfu 6.29%
model:LGT723F iter 29160: loss 1.7712, time 1741.06ms, mfu 6.45%
model:LGT723F iter 29170: loss 2.0744, time 1741.82ms, mfu 6.59%
model:LGT723F iter 29180: loss 2.0928, time 1744.74ms, mfu 6.72%
model:LGT723F iter 29190: loss 1.6790, time 1742.95ms, mfu 6.84%
------average encoder activity 0.209
-----------average decoder density 0.4408
step 29200: train loss 1.8472, val loss 2.0559
saving checkpoint to out-novel-char3_LGT723F_3d25ede0cfd080d9e35756b051dcef65
done saving checkpoint to out-novel-char3_LGT723F_3d25ede0cfd080d9e35756b051dcef65
model:LGT723F iter 29200: loss 1.7796, time 28710.82ms, mfu 6.20%
model:LGT723F iter 29210: loss 1.6251, time 1743.52ms, mfu 6.37%
model:LGT723F iter 29220: loss 1.8268, time 1742.92ms, mfu 6.52%
model:LGT723F iter 29230: loss 1.7812, time 1742.85ms, mfu 6.65%
model:LGT723F iter 29240: loss 1.4407, time 1741.37ms, mfu 6.78%
------average encoder activity 0.208
-----------average decoder density 0.3997
step 29250: train loss 1.8319, val loss 2.0945
saving checkpoint to out-novel-char3_LGT723F_3d25ede0cfd080d9e35756b051dcef65
done saving checkpoint to out-novel-char3_LGT723F_3d25ede0cfd080d9e35756b051dcef65
model:LGT723F iter 29250: loss 1.6474, time 28807.35ms, mfu 6.15%
model:LGT723F iter 29260: loss 1.6463, time 1787.87ms, mfu 6.30%
model:LGT723F iter 29270: loss 1.7946, time 1745.83ms, mfu 6.46%
model:LGT723F iter 29280: loss 1.9317, time 1749.08ms, mfu 6.59%
model:LGT723F iter 29290: loss 1.8047, time 1751.35ms, mfu 6.72%
------average encoder activity 0.208
-----------average decoder density 0.3992
step 29300: train loss 1.8449, val loss 2.0619
saving checkpoint to out-novel-char3_LGT723F_3d25ede0cfd080d9e35756b051dcef65
done saving checkpoint to out-novel-char3_LGT723F_3d25ede0cfd080d9e35756b051dcef65
model:LGT723F iter 29300: loss 1.7236, time 29065.44ms, mfu 6.09%
model:LGT723F iter 29310: loss 1.8796, time 1748.59ms, mfu 6.27%
model:LGT723F iter 29320: loss 1.6986, time 1747.01ms, mfu 6.43%
model:LGT723F iter 29330: loss 1.6113, time 1744.92ms, mfu 6.57%
model:LGT723F iter 29340: loss 1.8968, time 1742.12ms, mfu 6.70%
------average encoder activity 0.210
-----------average decoder density 0.4276
step 29350: train loss 1.8304, val loss 2.0616
saving checkpoint to out-novel-char3_LGT723F_3d25ede0cfd080d9e35756b051dcef65
done saving checkpoint to out-novel-char3_LGT723F_3d25ede0cfd080d9e35756b051dcef65
model:LGT723F iter 29350: loss 1.8953, time 28966.02ms, mfu 6.08%
model:LGT723F iter 29360: loss 1.7625, time 1740.26ms, mfu 6.26%
model:LGT723F iter 29370: loss 1.9617, time 1739.82ms, mfu 6.42%
model:LGT723F iter 29380: loss 1.9899, time 1739.96ms, mfu 6.57%
model:LGT723F iter 29390: loss 2.0668, time 1739.87ms, mfu 6.70%
------average encoder activity 0.208
-----------average decoder density 0.3882
step 29400: train loss 1.8430, val loss 2.0665
saving checkpoint to out-novel-char3_LGT723F_3d25ede0cfd080d9e35756b051dcef65
done saving checkpoint to out-novel-char3_LGT723F_3d25ede0cfd080d9e35756b051dcef65
model:LGT723F iter 29400: loss 1.9350, time 28878.53ms, mfu 6.08%
model:LGT723F iter 29410: loss 1.6363, time 1738.00ms, mfu 6.26%
model:LGT723F iter 29420: loss 1.8211, time 1737.55ms, mfu 6.42%
model:LGT723F iter 29430: loss 1.5828, time 1737.59ms, mfu 6.57%
model:LGT723F iter 29440: loss 1.8845, time 1737.70ms, mfu 6.70%
------average encoder activity 0.209
-----------average decoder density 0.3973
step 29450: train loss 1.8257, val loss 2.0692
saving checkpoint to out-novel-char3_LGT723F_3d25ede0cfd080d9e35756b051dcef65
done saving checkpoint to out-novel-char3_LGT723F_3d25ede0cfd080d9e35756b051dcef65
model:LGT723F iter 29450: loss 1.7462, time 28843.06ms, mfu 6.08%
model:LGT723F iter 29460: loss 1.7094, time 1737.81ms, mfu 6.26%
model:LGT723F iter 29470: loss 1.5622, time 1737.13ms, mfu 6.43%
model:LGT723F iter 29480: loss 1.9910, time 1737.57ms, mfu 6.57%
model:LGT723F iter 29490: loss 1.7716, time 1737.73ms, mfu 6.71%
------average encoder activity 0.208
-----------average decoder density 0.3749
step 29500: train loss 1.8186, val loss 2.0868
saving checkpoint to out-novel-char3_LGT723F_3d25ede0cfd080d9e35756b051dcef65
done saving checkpoint to out-novel-char3_LGT723F_3d25ede0cfd080d9e35756b051dcef65
model:LGT723F iter 29500: loss 1.5581, time 28855.11ms, mfu 6.08%
model:LGT723F iter 29510: loss 1.8380, time 1737.98ms, mfu 6.26%
model:LGT723F iter 29520: loss 1.7091, time 1737.89ms, mfu 6.43%
model:LGT723F iter 29530: loss 2.0985, time 1737.61ms, mfu 6.57%
model:LGT723F iter 29540: loss 1.9587, time 1737.37ms, mfu 6.71%
------average encoder activity 0.209
-----------average decoder density 0.4354
step 29550: train loss 1.8351, val loss 2.0664
saving checkpoint to out-novel-char3_LGT723F_3d25ede0cfd080d9e35756b051dcef65
done saving checkpoint to out-novel-char3_LGT723F_3d25ede0cfd080d9e35756b051dcef65
model:LGT723F iter 29550: loss 2.0686, time 28771.37ms, mfu 6.08%
model:LGT723F iter 29560: loss 2.0436, time 1741.58ms, mfu 6.26%
model:LGT723F iter 29570: loss 1.8033, time 1741.55ms, mfu 6.43%
model:LGT723F iter 29580: loss 1.6121, time 1741.01ms, mfu 6.57%
model:LGT723F iter 29590: loss 1.5435, time 1737.94ms, mfu 6.70%
------average encoder activity 0.210
-----------average decoder density 0.4243
step 29600: train loss 1.8277, val loss 2.0547
saving checkpoint to out-novel-char3_LGT723F_3d25ede0cfd080d9e35756b051dcef65
done saving checkpoint to out-novel-char3_LGT723F_3d25ede0cfd080d9e35756b051dcef65
model:LGT723F iter 29600: loss 1.5779, time 28669.35ms, mfu 6.08%
model:LGT723F iter 29610: loss 1.6876, time 1737.42ms, mfu 6.26%
model:LGT723F iter 29620: loss 1.7224, time 1737.62ms, mfu 6.43%
model:LGT723F iter 29630: loss 1.8168, time 1737.57ms, mfu 6.57%
model:LGT723F iter 29640: loss 1.7296, time 1737.74ms, mfu 6.71%
------average encoder activity 0.211
-----------average decoder density 0.4207
step 29650: train loss 1.8282, val loss 2.0760
saving checkpoint to out-novel-char3_LGT723F_3d25ede0cfd080d9e35756b051dcef65
done saving checkpoint to out-novel-char3_LGT723F_3d25ede0cfd080d9e35756b051dcef65
model:LGT723F iter 29650: loss 1.6091, time 28906.32ms, mfu 6.08%
model:LGT723F iter 29660: loss 1.8320, time 1743.22ms, mfu 6.26%
model:LGT723F iter 29670: loss 2.0175, time 1743.05ms, mfu 6.42%
model:LGT723F iter 29680: loss 1.6662, time 1742.14ms, mfu 6.57%
model:LGT723F iter 29690: loss 2.1599, time 1740.99ms, mfu 6.70%
------average encoder activity 0.210
-----------average decoder density 0.3829
step 29700: train loss 1.8211, val loss 2.0696
saving checkpoint to out-novel-char3_LGT723F_3d25ede0cfd080d9e35756b051dcef65
done saving checkpoint to out-novel-char3_LGT723F_3d25ede0cfd080d9e35756b051dcef65
model:LGT723F iter 29700: loss 1.5524, time 28959.91ms, mfu 6.08%
model:LGT723F iter 29710: loss 1.6955, time 1742.46ms, mfu 6.26%
model:LGT723F iter 29720: loss 1.9658, time 1743.08ms, mfu 6.42%
model:LGT723F iter 29730: loss 1.7456, time 1740.84ms, mfu 6.57%
model:LGT723F iter 29740: loss 1.6098, time 1741.48ms, mfu 6.70%
------average encoder activity 0.210
-----------average decoder density 0.3605
step 29750: train loss 1.8139, val loss 2.0654
saving checkpoint to out-novel-char3_LGT723F_3d25ede0cfd080d9e35756b051dcef65
done saving checkpoint to out-novel-char3_LGT723F_3d25ede0cfd080d9e35756b051dcef65
model:LGT723F iter 29750: loss 1.7229, time 28890.68ms, mfu 6.07%
model:LGT723F iter 29760: loss 2.0889, time 1740.96ms, mfu 6.26%
model:LGT723F iter 29770: loss 1.9947, time 1742.57ms, mfu 6.42%
model:LGT723F iter 29780: loss 1.8030, time 1738.52ms, mfu 6.57%
model:LGT723F iter 29790: loss 1.9696, time 1738.54ms, mfu 6.70%
------average encoder activity 0.209
-----------average decoder density 0.3845
step 29800: train loss 1.8397, val loss 2.0367
saving checkpoint to out-novel-char3_LGT723F_3d25ede0cfd080d9e35756b051dcef65
done saving checkpoint to out-novel-char3_LGT723F_3d25ede0cfd080d9e35756b051dcef65
model:LGT723F iter 29800: loss 1.4645, time 28923.68ms, mfu 6.08%
model:LGT723F iter 29810: loss 1.7180, time 1742.55ms, mfu 6.26%
model:LGT723F iter 29820: loss 2.0709, time 1741.62ms, mfu 6.42%
model:LGT723F iter 29830: loss 1.8977, time 1744.90ms, mfu 6.56%
model:LGT723F iter 29840: loss 1.7415, time 1743.42ms, mfu 6.69%
------average encoder activity 0.210
-----------average decoder density 0.3721
step 29850: train loss 1.8296, val loss 2.0890
saving checkpoint to out-novel-char3_LGT723F_3d25ede0cfd080d9e35756b051dcef65
done saving checkpoint to out-novel-char3_LGT723F_3d25ede0cfd080d9e35756b051dcef65
model:LGT723F iter 29850: loss 1.8802, time 28897.04ms, mfu 6.07%
model:LGT723F iter 29860: loss 1.8732, time 1742.63ms, mfu 6.25%
model:LGT723F iter 29870: loss 1.7836, time 1743.81ms, mfu 6.41%
model:LGT723F iter 29880: loss 1.6350, time 1744.47ms, mfu 6.56%
model:LGT723F iter 29890: loss 1.8781, time 1741.54ms, mfu 6.69%
------average encoder activity 0.210
-----------average decoder density 0.3913
step 29900: train loss 1.8304, val loss 2.0679
saving checkpoint to out-novel-char3_LGT723F_3d25ede0cfd080d9e35756b051dcef65
done saving checkpoint to out-novel-char3_LGT723F_3d25ede0cfd080d9e35756b051dcef65
model:LGT723F iter 29900: loss 1.8065, time 28868.82ms, mfu 6.07%
model:LGT723F iter 29910: loss 1.7174, time 1744.85ms, mfu 6.25%
model:LGT723F iter 29920: loss 1.8884, time 1738.00ms, mfu 6.41%
model:LGT723F iter 29930: loss 1.8197, time 1743.84ms, mfu 6.56%
model:LGT723F iter 29940: loss 2.0860, time 1746.69ms, mfu 6.69%
------average encoder activity 0.210
-----------average decoder density 0.3990
step 29950: train loss 1.8353, val loss 2.0660
saving checkpoint to out-novel-char3_LGT723F_3d25ede0cfd080d9e35756b051dcef65
done saving checkpoint to out-novel-char3_LGT723F_3d25ede0cfd080d9e35756b051dcef65
model:LGT723F iter 29950: loss 1.6558, time 28725.22ms, mfu 6.07%
model:LGT723F iter 29960: loss 2.1765, time 1740.47ms, mfu 6.25%
model:LGT723F iter 29970: loss 1.8291, time 1740.84ms, mfu 6.41%
model:LGT723F iter 29980: loss 1.9817, time 1741.03ms, mfu 6.56%
model:LGT723F iter 29990: loss 1.6659, time 1740.40ms, mfu 6.69%
------average encoder activity 0.210
-----------average decoder density 0.4023
step 30000: train loss 1.8470, val loss 2.0518
saving checkpoint to out-novel-char3_LGT723F_3d25ede0cfd080d9e35756b051dcef65
done saving checkpoint to out-novel-char3_LGT723F_3d25ede0cfd080d9e35756b051dcef65
model:LGT723F iter 30000: loss 1.6210, time 28899.92ms, mfu 6.07%
model:LGT723F iter 30010: loss 1.9907, time 1741.09ms, mfu 6.25%
model:LGT723F iter 30020: loss 1.8868, time 1742.50ms, mfu 6.41%
model:LGT723F iter 30030: loss 1.6981, time 1742.23ms, mfu 6.56%
model:LGT723F iter 30040: loss 1.8149, time 1742.61ms, mfu 6.69%
------average encoder activity 0.210
-----------average decoder density 0.4240
step 30050: train loss 1.8217, val loss 2.0553
saving checkpoint to out-novel-char3_LGT723F_3d25ede0cfd080d9e35756b051dcef65
done saving checkpoint to out-novel-char3_LGT723F_3d25ede0cfd080d9e35756b051dcef65
model:LGT723F iter 30050: loss 1.8195, time 28887.67ms, mfu 6.07%
model:LGT723F iter 30060: loss 1.6966, time 1741.02ms, mfu 6.25%
model:LGT723F iter 30070: loss 1.8095, time 1740.98ms, mfu 6.41%
model:LGT723F iter 30080: loss 1.7773, time 1741.07ms, mfu 6.56%
model:LGT723F iter 30090: loss 1.6772, time 1740.99ms, mfu 6.69%
------average encoder activity 0.211
-----------average decoder density 0.3840
step 30100: train loss 1.8282, val loss 2.0548
saving checkpoint to out-novel-char3_LGT723F_3d25ede0cfd080d9e35756b051dcef65
done saving checkpoint to out-novel-char3_LGT723F_3d25ede0cfd080d9e35756b051dcef65
model:LGT723F iter 30100: loss 1.8723, time 28827.58ms, mfu 6.07%
model:LGT723F iter 30110: loss 1.9396, time 1743.73ms, mfu 6.25%
model:LGT723F iter 30120: loss 1.9434, time 1744.21ms, mfu 6.41%
model:LGT723F iter 30130: loss 1.6546, time 1744.15ms, mfu 6.56%
model:LGT723F iter 30140: loss 1.9116, time 1746.70ms, mfu 6.69%
------average encoder activity 0.210
-----------average decoder density 0.3943
step 30150: train loss 1.8313, val loss 2.0365
saving checkpoint to out-novel-char3_LGT723F_3d25ede0cfd080d9e35756b051dcef65
done saving checkpoint to out-novel-char3_LGT723F_3d25ede0cfd080d9e35756b051dcef65
model:LGT723F iter 30150: loss 1.7585, time 28874.17ms, mfu 6.07%
model:LGT723F iter 30160: loss 1.9139, time 1742.91ms, mfu 6.25%
model:LGT723F iter 30170: loss 1.8809, time 1748.31ms, mfu 6.41%
model:LGT723F iter 30180: loss 1.6042, time 1745.16ms, mfu 6.55%
model:LGT723F iter 30190: loss 1.8902, time 1743.43ms, mfu 6.69%
------average encoder activity 0.211
-----------average decoder density 0.4091
step 30200: train loss 1.8214, val loss 2.0505
saving checkpoint to out-novel-char3_LGT723F_3d25ede0cfd080d9e35756b051dcef65
done saving checkpoint to out-novel-char3_LGT723F_3d25ede0cfd080d9e35756b051dcef65
model:LGT723F iter 30200: loss 1.5311, time 28965.44ms, mfu 6.06%
model:LGT723F iter 30210: loss 1.5145, time 1740.03ms, mfu 6.25%
model:LGT723F iter 30220: loss 1.8335, time 1738.73ms, mfu 6.41%
model:LGT723F iter 30230: loss 1.5745, time 1738.98ms, mfu 6.56%
model:LGT723F iter 30240: loss 1.5148, time 1741.34ms, mfu 6.69%
------average encoder activity 0.210
-----------average decoder density 0.4086
step 30250: train loss 1.8159, val loss 2.0587
saving checkpoint to out-novel-char3_LGT723F_3d25ede0cfd080d9e35756b051dcef65
done saving checkpoint to out-novel-char3_LGT723F_3d25ede0cfd080d9e35756b051dcef65
model:LGT723F iter 30250: loss 1.7547, time 28590.28ms, mfu 6.07%
model:LGT723F iter 30260: loss 1.8671, time 1742.97ms, mfu 6.25%
model:LGT723F iter 30270: loss 2.0221, time 1740.29ms, mfu 6.41%
model:LGT723F iter 30280: loss 2.0222, time 1740.92ms, mfu 6.56%
model:LGT723F iter 30290: loss 1.6238, time 1741.10ms, mfu 6.69%
------average encoder activity 0.211
-----------average decoder density 0.4031
step 30300: train loss 1.8347, val loss 2.0802
saving checkpoint to out-novel-char3_LGT723F_3d25ede0cfd080d9e35756b051dcef65
done saving checkpoint to out-novel-char3_LGT723F_3d25ede0cfd080d9e35756b051dcef65
model:LGT723F iter 30300: loss 1.8594, time 28779.62ms, mfu 6.07%
model:LGT723F iter 30310: loss 2.2377, time 1741.78ms, mfu 6.25%
model:LGT723F iter 30320: loss 1.9689, time 1741.58ms, mfu 6.42%
model:LGT723F iter 30330: loss 1.7398, time 1743.63ms, mfu 6.56%
model:LGT723F iter 30340: loss 1.6828, time 1746.65ms, mfu 6.69%
------average encoder activity 0.211
-----------average decoder density 0.4609
step 30350: train loss 1.8331, val loss 2.0647
saving checkpoint to out-novel-char3_LGT723F_3d25ede0cfd080d9e35756b051dcef65
done saving checkpoint to out-novel-char3_LGT723F_3d25ede0cfd080d9e35756b051dcef65
model:LGT723F iter 30350: loss 1.7589, time 28801.06ms, mfu 6.07%
model:LGT723F iter 30360: loss 1.8962, time 1744.70ms, mfu 6.25%
model:LGT723F iter 30370: loss 1.9087, time 1741.40ms, mfu 6.41%
model:LGT723F iter 30380: loss 1.9352, time 1745.19ms, mfu 6.56%
model:LGT723F iter 30390: loss 1.9967, time 1745.75ms, mfu 6.69%
------average encoder activity 0.210
-----------average decoder density 0.4208
step 30400: train loss 1.8118, val loss 2.0702
saving checkpoint to out-novel-char3_LGT723F_3d25ede0cfd080d9e35756b051dcef65
done saving checkpoint to out-novel-char3_LGT723F_3d25ede0cfd080d9e35756b051dcef65
model:LGT723F iter 30400: loss 1.5953, time 28837.23ms, mfu 6.07%
model:LGT723F iter 30410: loss 1.6929, time 1743.02ms, mfu 6.25%
model:LGT723F iter 30420: loss 1.7157, time 1742.50ms, mfu 6.41%
model:LGT723F iter 30430: loss 1.8047, time 1743.50ms, mfu 6.56%
model:LGT723F iter 30440: loss 1.6891, time 1740.43ms, mfu 6.69%
------average encoder activity 0.209
-----------average decoder density 0.4332
step 30450: train loss 1.8222, val loss 2.0590
saving checkpoint to out-novel-char3_LGT723F_3d25ede0cfd080d9e35756b051dcef65
done saving checkpoint to out-novel-char3_LGT723F_3d25ede0cfd080d9e35756b051dcef65
model:LGT723F iter 30450: loss 1.8458, time 28902.35ms, mfu 6.07%
model:LGT723F iter 30460: loss 1.7911, time 1744.02ms, mfu 6.25%
model:LGT723F iter 30470: loss 1.6943, time 1745.68ms, mfu 6.41%
model:LGT723F iter 30480: loss 1.5271, time 1739.68ms, mfu 6.56%
model:LGT723F iter 30490: loss 1.4430, time 1745.97ms, mfu 6.69%
------average encoder activity 0.209
-----------average decoder density 0.4560
step 30500: train loss 1.8297, val loss 2.0586
saving checkpoint to out-novel-char3_LGT723F_3d25ede0cfd080d9e35756b051dcef65
done saving checkpoint to out-novel-char3_LGT723F_3d25ede0cfd080d9e35756b051dcef65
model:LGT723F iter 30500: loss 1.8086, time 28661.88ms, mfu 6.07%
model:LGT723F iter 30510: loss 1.7121, time 1739.89ms, mfu 6.25%
model:LGT723F iter 30520: loss 1.9578, time 1739.19ms, mfu 6.41%
model:LGT723F iter 30530: loss 1.7098, time 1739.97ms, mfu 6.56%
model:LGT723F iter 30540: loss 1.8745, time 1739.37ms, mfu 6.69%
------average encoder activity 0.210
-----------average decoder density 0.4017
step 30550: train loss 1.8027, val loss 2.0880
saving checkpoint to out-novel-char3_LGT723F_3d25ede0cfd080d9e35756b051dcef65
done saving checkpoint to out-novel-char3_LGT723F_3d25ede0cfd080d9e35756b051dcef65
model:LGT723F iter 30550: loss 1.8126, time 28924.75ms, mfu 6.07%
model:LGT723F iter 30560: loss 1.9101, time 1742.06ms, mfu 6.25%
model:LGT723F iter 30570: loss 1.6990, time 1739.90ms, mfu 6.42%
model:LGT723F iter 30580: loss 1.9358, time 1742.88ms, mfu 6.56%
model:LGT723F iter 30590: loss 1.8999, time 1741.72ms, mfu 6.69%
------average encoder activity 0.210
-----------average decoder density 0.4164
step 30600: train loss 1.8040, val loss 2.0607
saving checkpoint to out-novel-char3_LGT723F_3d25ede0cfd080d9e35756b051dcef65
done saving checkpoint to out-novel-char3_LGT723F_3d25ede0cfd080d9e35756b051dcef65
model:LGT723F iter 30600: loss 1.7365, time 28845.31ms, mfu 6.07%
model:LGT723F iter 30610: loss 1.6923, time 1742.01ms, mfu 6.25%
model:LGT723F iter 30620: loss 1.7986, time 1739.06ms, mfu 6.42%
model:LGT723F iter 30630: loss 1.9647, time 1742.16ms, mfu 6.56%
model:LGT723F iter 30640: loss 1.4685, time 1744.35ms, mfu 6.69%
------average encoder activity 0.211
-----------average decoder density 0.3945
step 30650: train loss 1.8039, val loss 2.0553
saving checkpoint to out-novel-char3_LGT723F_3d25ede0cfd080d9e35756b051dcef65
done saving checkpoint to out-novel-char3_LGT723F_3d25ede0cfd080d9e35756b051dcef65
model:LGT723F iter 30650: loss 1.4379, time 28764.75ms, mfu 6.07%
model:LGT723F iter 30660: loss 1.6180, time 1745.51ms, mfu 6.25%
model:LGT723F iter 30670: loss 1.8633, time 1745.46ms, mfu 6.41%
model:LGT723F iter 30680: loss 1.9629, time 1744.14ms, mfu 6.56%
model:LGT723F iter 30690: loss 1.4907, time 1739.77ms, mfu 6.69%
------average encoder activity 0.211
-----------average decoder density 0.4426
step 30700: train loss 1.8292, val loss 2.0295
saving checkpoint to out-novel-char3_LGT723F_3d25ede0cfd080d9e35756b051dcef65
done saving checkpoint to out-novel-char3_LGT723F_3d25ede0cfd080d9e35756b051dcef65
model:LGT723F iter 30700: loss 2.0281, time 28839.11ms, mfu 6.07%
model:LGT723F iter 30710: loss 1.7943, time 1739.30ms, mfu 6.25%
model:LGT723F iter 30720: loss 1.4229, time 1739.68ms, mfu 6.42%
model:LGT723F iter 30730: loss 2.2514, time 1739.14ms, mfu 6.56%
model:LGT723F iter 30740: loss 1.6078, time 1738.81ms, mfu 6.70%
------average encoder activity 0.211
-----------average decoder density 0.3644
step 30750: train loss 1.8497, val loss 2.0619
saving checkpoint to out-novel-char3_LGT723F_3d25ede0cfd080d9e35756b051dcef65
done saving checkpoint to out-novel-char3_LGT723F_3d25ede0cfd080d9e35756b051dcef65
model:LGT723F iter 30750: loss 1.9164, time 28867.54ms, mfu 6.07%
model:LGT723F iter 30760: loss 1.9615, time 1744.06ms, mfu 6.25%
model:LGT723F iter 30770: loss 1.7511, time 1747.50ms, mfu 6.41%
model:LGT723F iter 30780: loss 1.8435, time 1745.57ms, mfu 6.56%
model:LGT723F iter 30790: loss 2.0367, time 1746.23ms, mfu 6.69%
------average encoder activity 0.210
-----------average decoder density 0.3993
step 30800: train loss 1.8170, val loss 2.0682
saving checkpoint to out-novel-char3_LGT723F_3d25ede0cfd080d9e35756b051dcef65
done saving checkpoint to out-novel-char3_LGT723F_3d25ede0cfd080d9e35756b051dcef65
model:LGT723F iter 30800: loss 1.7124, time 29023.58ms, mfu 6.07%
model:LGT723F iter 30810: loss 1.8837, time 1746.61ms, mfu 6.25%
model:LGT723F iter 30820: loss 1.9334, time 1744.43ms, mfu 6.41%
model:LGT723F iter 30830: loss 1.5974, time 1745.80ms, mfu 6.55%
model:LGT723F iter 30840: loss 1.8719, time 1743.87ms, mfu 6.68%
------average encoder activity 0.212
-----------average decoder density 0.3810
step 30850: train loss 1.8063, val loss 2.0635
saving checkpoint to out-novel-char3_LGT723F_3d25ede0cfd080d9e35756b051dcef65
done saving checkpoint to out-novel-char3_LGT723F_3d25ede0cfd080d9e35756b051dcef65
model:LGT723F iter 30850: loss 1.7818, time 28950.56ms, mfu 6.06%
model:LGT723F iter 30860: loss 1.7696, time 1737.51ms, mfu 6.25%
model:LGT723F iter 30870: loss 1.9521, time 1742.84ms, mfu 6.41%
model:LGT723F iter 30880: loss 1.9314, time 1738.22ms, mfu 6.56%
model:LGT723F iter 30890: loss 1.7364, time 1739.56ms, mfu 6.69%
------average encoder activity 0.212
-----------average decoder density 0.4281
step 30900: train loss 1.8172, val loss 2.0363
saving checkpoint to out-novel-char3_LGT723F_3d25ede0cfd080d9e35756b051dcef65
done saving checkpoint to out-novel-char3_LGT723F_3d25ede0cfd080d9e35756b051dcef65
model:LGT723F iter 30900: loss 1.7465, time 28650.09ms, mfu 6.07%
model:LGT723F iter 30910: loss 1.7146, time 1742.25ms, mfu 6.25%
model:LGT723F iter 30920: loss 1.8678, time 1742.48ms, mfu 6.41%
model:LGT723F iter 30930: loss 1.9783, time 1744.37ms, mfu 6.56%
model:LGT723F iter 30940: loss 2.2163, time 1742.66ms, mfu 6.69%
------average encoder activity 0.212
-----------average decoder density 0.4264
step 30950: train loss 1.7999, val loss 2.0687
saving checkpoint to out-novel-char3_LGT723F_3d25ede0cfd080d9e35756b051dcef65
done saving checkpoint to out-novel-char3_LGT723F_3d25ede0cfd080d9e35756b051dcef65
model:LGT723F iter 30950: loss 1.8899, time 28959.52ms, mfu 6.07%
model:LGT723F iter 30960: loss 2.0019, time 1740.62ms, mfu 6.25%
model:LGT723F iter 30970: loss 1.6952, time 1741.25ms, mfu 6.41%
model:LGT723F iter 30980: loss 1.9666, time 1746.17ms, mfu 6.56%
model:LGT723F iter 30990: loss 1.7011, time 1753.67ms, mfu 6.69%
------average encoder activity 0.212
-----------average decoder density 0.4265
step 31000: train loss 1.8292, val loss 2.0723
saving checkpoint to out-novel-char3_LGT723F_3d25ede0cfd080d9e35756b051dcef65
done saving checkpoint to out-novel-char3_LGT723F_3d25ede0cfd080d9e35756b051dcef65
model:LGT723F iter 31000: loss 1.7027, time 28893.74ms, mfu 6.06%
model:LGT723F iter 31010: loss 2.0043, time 1742.68ms, mfu 6.25%
model:LGT723F iter 31020: loss 1.9498, time 1741.81ms, mfu 6.41%
model:LGT723F iter 31030: loss 1.8364, time 1742.65ms, mfu 6.56%
model:LGT723F iter 31040: loss 1.8837, time 1742.96ms, mfu 6.69%
------average encoder activity 0.211
-----------average decoder density 0.3947
step 31050: train loss 1.8298, val loss 2.0869
saving checkpoint to out-novel-char3_LGT723F_3d25ede0cfd080d9e35756b051dcef65
done saving checkpoint to out-novel-char3_LGT723F_3d25ede0cfd080d9e35756b051dcef65
model:LGT723F iter 31050: loss 1.9565, time 28841.71ms, mfu 6.07%
model:LGT723F iter 31060: loss 1.9000, time 1739.58ms, mfu 6.25%
model:LGT723F iter 31070: loss 1.8241, time 1740.14ms, mfu 6.41%
model:LGT723F iter 31080: loss 1.6016, time 1741.67ms, mfu 6.56%
model:LGT723F iter 31090: loss 2.0797, time 1742.23ms, mfu 6.69%
------average encoder activity 0.211
-----------average decoder density 0.4430
step 31100: train loss 1.7945, val loss 2.0486
saving checkpoint to out-novel-char3_LGT723F_3d25ede0cfd080d9e35756b051dcef65
done saving checkpoint to out-novel-char3_LGT723F_3d25ede0cfd080d9e35756b051dcef65
model:LGT723F iter 31100: loss 2.0180, time 28852.81ms, mfu 6.07%
model:LGT723F iter 31110: loss 1.5775, time 1746.63ms, mfu 6.25%
model:LGT723F iter 31120: loss 1.5182, time 1741.57ms, mfu 6.41%
model:LGT723F iter 31130: loss 1.8846, time 1742.65ms, mfu 6.56%
model:LGT723F iter 31140: loss 1.7478, time 1743.15ms, mfu 6.69%
------average encoder activity 0.212
-----------average decoder density 0.4395
step 31150: train loss 1.8101, val loss 2.0910
saving checkpoint to out-novel-char3_LGT723F_3d25ede0cfd080d9e35756b051dcef65
done saving checkpoint to out-novel-char3_LGT723F_3d25ede0cfd080d9e35756b051dcef65
model:LGT723F iter 31150: loss 1.9057, time 28851.45ms, mfu 6.07%
model:LGT723F iter 31160: loss 1.7296, time 1737.59ms, mfu 6.25%
model:LGT723F iter 31170: loss 1.6464, time 1740.99ms, mfu 6.41%
model:LGT723F iter 31180: loss 2.0322, time 1742.25ms, mfu 6.56%
model:LGT723F iter 31190: loss 1.6906, time 1741.78ms, mfu 6.69%
------average encoder activity 0.211
-----------average decoder density 0.3861
step 31200: train loss 1.7945, val loss 2.0757
saving checkpoint to out-novel-char3_LGT723F_3d25ede0cfd080d9e35756b051dcef65
done saving checkpoint to out-novel-char3_LGT723F_3d25ede0cfd080d9e35756b051dcef65
model:LGT723F iter 31200: loss 1.8260, time 28768.17ms, mfu 6.07%
model:LGT723F iter 31210: loss 1.8908, time 1740.86ms, mfu 6.25%
model:LGT723F iter 31220: loss 1.9076, time 1739.17ms, mfu 6.42%
model:LGT723F iter 31230: loss 1.6060, time 1740.80ms, mfu 6.56%
model:LGT723F iter 31240: loss 1.8008, time 1739.37ms, mfu 6.70%
------average encoder activity 0.212
-----------average decoder density 0.4016
step 31250: train loss 1.8057, val loss 2.0483
saving checkpoint to out-novel-char3_LGT723F_3d25ede0cfd080d9e35756b051dcef65
done saving checkpoint to out-novel-char3_LGT723F_3d25ede0cfd080d9e35756b051dcef65
model:LGT723F iter 31250: loss 1.9517, time 28810.25ms, mfu 6.07%
model:LGT723F iter 31260: loss 1.7487, time 1750.32ms, mfu 6.25%
model:LGT723F iter 31270: loss 1.8932, time 2045.56ms, mfu 6.30%
model:LGT723F iter 31280: loss 1.8207, time 1796.49ms, mfu 6.43%
model:LGT723F iter 31290: loss 1.5915, time 1834.92ms, mfu 6.54%
------average encoder activity 0.212
-----------average decoder density 0.4006
step 31300: train loss 1.8235, val loss 2.0435
saving checkpoint to out-novel-char3_LGT723F_3d25ede0cfd080d9e35756b051dcef65
done saving checkpoint to out-novel-char3_LGT723F_3d25ede0cfd080d9e35756b051dcef65
model:LGT723F iter 31300: loss 2.0372, time 35773.08ms, mfu 5.92%
model:LGT723F iter 31310: loss 1.8633, time 2587.40ms, mfu 5.86%
model:LGT723F iter 31320: loss 2.0159, time 2667.73ms, mfu 5.79%
model:LGT723F iter 31330: loss 1.6664, time 1816.71ms, mfu 5.96%
model:LGT723F iter 31340: loss 1.4890, time 2726.70ms, mfu 5.87%
------average encoder activity 0.214
-----------average decoder density 0.3906
step 31350: train loss 1.7896, val loss 2.0665
saving checkpoint to out-novel-char3_LGT723F_3d25ede0cfd080d9e35756b051dcef65
done saving checkpoint to out-novel-char3_LGT723F_3d25ede0cfd080d9e35756b051dcef65
model:LGT723F iter 31350: loss 1.7220, time 49700.57ms, mfu 5.31%
model:LGT723F iter 31360: loss 1.7977, time 1989.74ms, mfu 5.47%
model:LGT723F iter 31370: loss 2.0762, time 1935.23ms, mfu 5.63%
model:LGT723F iter 31380: loss 1.7575, time 2898.84ms, mfu 5.54%
model:LGT723F iter 31390: loss 2.0019, time 3244.25ms, mfu 5.41%
------average encoder activity 0.214
-----------average decoder density 0.4270
step 31400: train loss 1.8148, val loss 2.0526
saving checkpoint to out-novel-char3_LGT723F_3d25ede0cfd080d9e35756b051dcef65
done saving checkpoint to out-novel-char3_LGT723F_3d25ede0cfd080d9e35756b051dcef65
model:LGT723F iter 31400: loss 1.4935, time 66155.07ms, mfu 4.89%
model:LGT723F iter 31410: loss 1.7215, time 1814.07ms, mfu 5.16%
model:LGT723F iter 31420: loss 2.0624, time 1880.81ms, mfu 5.37%
model:LGT723F iter 31430: loss 1.5510, time 1985.88ms, mfu 5.53%
model:LGT723F iter 31440: loss 1.7168, time 1949.90ms, mfu 5.68%
------average encoder activity 0.213
-----------average decoder density 0.4617
step 31450: train loss 1.8059, val loss 2.0805
saving checkpoint to out-novel-char3_LGT723F_3d25ede0cfd080d9e35756b051dcef65
done saving checkpoint to out-novel-char3_LGT723F_3d25ede0cfd080d9e35756b051dcef65
model:LGT723F iter 31450: loss 1.4894, time 38267.40ms, mfu 5.15%
model:LGT723F iter 31460: loss 1.8748, time 2281.18ms, mfu 5.23%
model:LGT723F iter 31470: loss 1.6294, time 1835.13ms, mfu 5.46%
model:LGT723F iter 31480: loss 1.7953, time 1868.63ms, mfu 5.65%
model:LGT723F iter 31490: loss 1.5892, time 2002.67ms, mfu 5.77%
------average encoder activity 0.212
-----------average decoder density 0.4345
step 31500: train loss 1.8032, val loss 2.0729
saving checkpoint to out-novel-char3_LGT723F_3d25ede0cfd080d9e35756b051dcef65
done saving checkpoint to out-novel-char3_LGT723F_3d25ede0cfd080d9e35756b051dcef65
model:LGT723F iter 31500: loss 1.8565, time 45884.22ms, mfu 5.22%
model:LGT723F iter 31510: loss 1.5992, time 2026.04ms, mfu 5.38%
model:LGT723F iter 31520: loss 1.8594, time 2131.54ms, mfu 5.48%
model:LGT723F iter 31530: loss 1.8421, time 2579.12ms, mfu 5.47%
model:LGT723F iter 31540: loss 1.8255, time 2620.62ms, mfu 5.44%
------average encoder activity 0.213
-----------average decoder density 0.4246
step 31550: train loss 1.8115, val loss 2.0721
saving checkpoint to out-novel-char3_LGT723F_3d25ede0cfd080d9e35756b051dcef65
done saving checkpoint to out-novel-char3_LGT723F_3d25ede0cfd080d9e35756b051dcef65
model:LGT723F iter 31550: loss 1.9276, time 60925.32ms, mfu 4.92%
model:LGT723F iter 31560: loss 2.0508, time 3080.92ms, mfu 4.87%
model:LGT723F iter 31570: loss 1.7570, time 2601.00ms, mfu 4.91%
model:LGT723F iter 31580: loss 2.0904, time 2882.03ms, mfu 4.90%
model:LGT723F iter 31590: loss 1.8225, time 2435.57ms, mfu 4.97%
------average encoder activity 0.214
-----------average decoder density 0.4331
step 31600: train loss 1.8053, val loss 2.0699
saving checkpoint to out-novel-char3_LGT723F_3d25ede0cfd080d9e35756b051dcef65
done saving checkpoint to out-novel-char3_LGT723F_3d25ede0cfd080d9e35756b051dcef65
model:LGT723F iter 31600: loss 1.7302, time 49661.13ms, mfu 4.50%
model:LGT723F iter 31610: loss 1.7308, time 2821.43ms, mfu 4.54%
model:LGT723F iter 31620: loss 1.8222, time 2517.04ms, mfu 4.63%
model:LGT723F iter 31630: loss 1.8612, time 2259.17ms, mfu 4.78%
model:LGT723F iter 31640: loss 1.7008, time 2363.41ms, mfu 4.88%
------average encoder activity 0.212
-----------average decoder density 0.3926
step 31650: train loss 1.7996, val loss 2.0815
saving checkpoint to out-novel-char3_LGT723F_3d25ede0cfd080d9e35756b051dcef65
done saving checkpoint to out-novel-char3_LGT723F_3d25ede0cfd080d9e35756b051dcef65
model:LGT723F iter 31650: loss 1.4639, time 61929.46ms, mfu 4.41%
model:LGT723F iter 31660: loss 1.5458, time 2912.10ms, mfu 4.44%
model:LGT723F iter 31670: loss 1.6098, time 2667.71ms, mfu 4.51%
model:LGT723F iter 31680: loss 1.7773, time 2382.33ms, mfu 4.64%
model:LGT723F iter 31690: loss 1.8419, time 2482.79ms, mfu 4.73%
------average encoder activity 0.213
-----------average decoder density 0.4284
step 31700: train loss 1.8104, val loss 2.0538
saving checkpoint to out-novel-char3_LGT723F_3d25ede0cfd080d9e35756b051dcef65
done saving checkpoint to out-novel-char3_LGT723F_3d25ede0cfd080d9e35756b051dcef65
model:LGT723F iter 31700: loss 2.1114, time 42247.93ms, mfu 4.29%
model:LGT723F iter 31710: loss 1.9295, time 2381.63ms, mfu 4.43%
model:LGT723F iter 31720: loss 1.8933, time 1875.37ms, mfu 4.72%
model:LGT723F iter 31730: loss 1.7029, time 2166.03ms, mfu 4.88%
model:LGT723F iter 31740: loss 2.0475, time 2244.70ms, mfu 5.01%
------average encoder activity 0.211
-----------average decoder density 0.4012
step 31750: train loss 1.7904, val loss 2.0731
saving checkpoint to out-novel-char3_LGT723F_3d25ede0cfd080d9e35756b051dcef65
done saving checkpoint to out-novel-char3_LGT723F_3d25ede0cfd080d9e35756b051dcef65
model:LGT723F iter 31750: loss 1.4236, time 36262.57ms, mfu 4.54%
model:LGT723F iter 31760: loss 1.6224, time 1925.31ms, mfu 4.80%
model:LGT723F iter 31770: loss 1.7946, time 2135.71ms, mfu 4.96%
model:LGT723F iter 31780: loss 1.7083, time 1961.17ms, mfu 5.17%
model:LGT723F iter 31790: loss 1.8926, time 1869.28ms, mfu 5.39%
------average encoder activity 0.211
-----------average decoder density 0.3872
step 31800: train loss 1.7878, val loss 2.0737
saving checkpoint to out-novel-char3_LGT723F_3d25ede0cfd080d9e35756b051dcef65
done saving checkpoint to out-novel-char3_LGT723F_3d25ede0cfd080d9e35756b051dcef65
model:LGT723F iter 31800: loss 1.7526, time 36946.96ms, mfu 4.88%
model:LGT723F iter 31810: loss 1.7106, time 1914.18ms, mfu 5.11%
model:LGT723F iter 31820: loss 2.0300, time 2075.39ms, mfu 5.26%
model:LGT723F iter 31830: loss 1.7143, time 1996.45ms, mfu 5.42%
model:LGT723F iter 31840: loss 2.0828, time 1906.42ms, mfu 5.60%
------average encoder activity 0.212
-----------average decoder density 0.3884
step 31850: train loss 1.8055, val loss 2.0767
saving checkpoint to out-novel-char3_LGT723F_3d25ede0cfd080d9e35756b051dcef65
done saving checkpoint to out-novel-char3_LGT723F_3d25ede0cfd080d9e35756b051dcef65
model:LGT723F iter 31850: loss 1.6703, time 38423.48ms, mfu 5.08%
model:LGT723F iter 31860: loss 1.7571, time 1856.10ms, mfu 5.31%
model:LGT723F iter 31870: loss 2.0459, time 1877.13ms, mfu 5.51%
model:LGT723F iter 31880: loss 1.6279, time 1878.91ms, mfu 5.69%
model:LGT723F iter 31890: loss 1.8998, time 1955.67ms, mfu 5.82%
------average encoder activity 0.212
-----------average decoder density 0.4242
step 31900: train loss 1.8041, val loss 2.0434
saving checkpoint to out-novel-char3_LGT723F_3d25ede0cfd080d9e35756b051dcef65
done saving checkpoint to out-novel-char3_LGT723F_3d25ede0cfd080d9e35756b051dcef65
model:LGT723F iter 31900: loss 1.5460, time 36601.90ms, mfu 5.28%
model:LGT723F iter 31910: loss 1.9388, time 1919.62ms, mfu 5.46%
model:LGT723F iter 31920: loss 1.9002, time 1863.94ms, mfu 5.65%
model:LGT723F iter 31930: loss 2.2368, time 2103.83ms, mfu 5.74%
model:LGT723F iter 31940: loss 1.4859, time 1893.19ms, mfu 5.89%
------average encoder activity 0.212
-----------average decoder density 0.3933
step 31950: train loss 1.7987, val loss 2.0440
saving checkpoint to out-novel-char3_LGT723F_3d25ede0cfd080d9e35756b051dcef65
done saving checkpoint to out-novel-char3_LGT723F_3d25ede0cfd080d9e35756b051dcef65
model:LGT723F iter 31950: loss 1.9086, time 37160.52ms, mfu 5.34%
model:LGT723F iter 31960: loss 1.7790, time 1818.97ms, mfu 5.56%
model:LGT723F iter 31970: loss 2.0039, time 1924.12ms, mfu 5.72%
model:LGT723F iter 31980: loss 1.7322, time 1890.92ms, mfu 5.87%
model:LGT723F iter 31990: loss 2.1107, time 1867.48ms, mfu 6.02%
------average encoder activity 0.212
-----------average decoder density 0.4089
step 32000: train loss 1.8100, val loss 2.0451
saving checkpoint to out-novel-char3_LGT723F_3d25ede0cfd080d9e35756b051dcef65
done saving checkpoint to out-novel-char3_LGT723F_3d25ede0cfd080d9e35756b051dcef65
model:LGT723F iter 32000: loss 1.6321, time 36039.75ms, mfu 5.46%
model:LGT723F iter 32010: loss 1.9400, time 1882.18ms, mfu 5.64%
model:LGT723F iter 32020: loss 1.7983, time 2036.20ms, mfu 5.75%
model:LGT723F iter 32030: loss 1.3884, time 1853.30ms, mfu 5.91%
model:LGT723F iter 32040: loss 2.0023, time 1827.78ms, mfu 6.07%
------average encoder activity 0.212
-----------average decoder density 0.3976
step 32050: train loss 1.7755, val loss 2.0441
saving checkpoint to out-novel-char3_LGT723F_3d25ede0cfd080d9e35756b051dcef65
done saving checkpoint to out-novel-char3_LGT723F_3d25ede0cfd080d9e35756b051dcef65
model:LGT723F iter 32050: loss 1.5908, time 35899.49ms, mfu 5.50%
model:LGT723F iter 32060: loss 1.7528, time 1985.89ms, mfu 5.65%
model:LGT723F iter 32070: loss 1.6774, time 1918.18ms, mfu 5.80%
model:LGT723F iter 32080: loss 1.7486, time 1886.90ms, mfu 5.94%
model:LGT723F iter 32090: loss 1.7363, time 1920.35ms, mfu 6.06%
------average encoder activity 0.211
-----------average decoder density 0.4141
step 32100: train loss 1.7800, val loss 2.0423
saving checkpoint to out-novel-char3_LGT723F_3d25ede0cfd080d9e35756b051dcef65
done saving checkpoint to out-novel-char3_LGT723F_3d25ede0cfd080d9e35756b051dcef65
model:LGT723F iter 32100: loss 2.0124, time 40335.76ms, mfu 5.49%
model:LGT723F iter 32110: loss 1.7544, time 1854.49ms, mfu 5.68%
model:LGT723F iter 32120: loss 1.8884, time 1873.00ms, mfu 5.85%
model:LGT723F iter 32130: loss 1.9026, time 1824.63ms, mfu 6.01%
model:LGT723F iter 32140: loss 1.6116, time 1942.57ms, mfu 6.12%
------average encoder activity 0.211
-----------average decoder density 0.4476
step 32150: train loss 1.8319, val loss 2.0650
saving checkpoint to out-novel-char3_LGT723F_3d25ede0cfd080d9e35756b051dcef65
done saving checkpoint to out-novel-char3_LGT723F_3d25ede0cfd080d9e35756b051dcef65
model:LGT723F iter 32150: loss 1.7905, time 36681.06ms, mfu 5.55%
model:LGT723F iter 32160: loss 2.0708, time 1930.25ms, mfu 5.70%
model:LGT723F iter 32170: loss 1.6240, time 1891.04ms, mfu 5.86%
model:LGT723F iter 32180: loss 1.9634, time 1884.52ms, mfu 6.00%
model:LGT723F iter 32190: loss 1.8636, time 1877.45ms, mfu 6.13%
------average encoder activity 0.212
-----------average decoder density 0.4303
step 32200: train loss 1.7859, val loss 2.0680
saving checkpoint to out-novel-char3_LGT723F_3d25ede0cfd080d9e35756b051dcef65
done saving checkpoint to out-novel-char3_LGT723F_3d25ede0cfd080d9e35756b051dcef65
model:LGT723F iter 32200: loss 1.5606, time 37190.44ms, mfu 5.55%
model:LGT723F iter 32210: loss 1.7080, time 1995.99ms, mfu 5.69%
model:LGT723F iter 32220: loss 1.7810, time 1985.83ms, mfu 5.81%
model:LGT723F iter 32230: loss 1.7880, time 1867.65ms, mfu 5.96%
model:LGT723F iter 32240: loss 1.5399, time 1903.26ms, mfu 6.09%
------average encoder activity 0.212
-----------average decoder density 0.3756
step 32250: train loss 1.7954, val loss 2.0587
saving checkpoint to out-novel-char3_LGT723F_3d25ede0cfd080d9e35756b051dcef65
done saving checkpoint to out-novel-char3_LGT723F_3d25ede0cfd080d9e35756b051dcef65
model:LGT723F iter 32250: loss 1.5926, time 34158.71ms, mfu 5.52%
model:LGT723F iter 32260: loss 1.7128, time 1751.68ms, mfu 5.75%
model:LGT723F iter 32270: loss 1.7981, time 1766.04ms, mfu 5.95%
model:LGT723F iter 32280: loss 1.5218, time 1765.87ms, mfu 6.13%
model:LGT723F iter 32290: loss 1.8143, time 1754.35ms, mfu 6.30%
------average encoder activity 0.212
-----------average decoder density 0.4328
step 32300: train loss 1.7850, val loss 2.0469
saving checkpoint to out-novel-char3_LGT723F_3d25ede0cfd080d9e35756b051dcef65
done saving checkpoint to out-novel-char3_LGT723F_3d25ede0cfd080d9e35756b051dcef65
model:LGT723F iter 32300: loss 1.7822, time 29978.25ms, mfu 5.72%
model:LGT723F iter 32310: loss 1.8017, time 1756.80ms, mfu 5.93%
model:LGT723F iter 32320: loss 2.0784, time 1775.29ms, mfu 6.11%
model:LGT723F iter 32330: loss 2.0157, time 1755.85ms, mfu 6.28%
model:LGT723F iter 32340: loss 1.9953, time 1776.47ms, mfu 6.42%
------average encoder activity 0.212
-----------average decoder density 0.4313
step 32350: train loss 1.8081, val loss 2.0616
saving checkpoint to out-novel-char3_LGT723F_3d25ede0cfd080d9e35756b051dcef65
done saving checkpoint to out-novel-char3_LGT723F_3d25ede0cfd080d9e35756b051dcef65
model:LGT723F iter 32350: loss 2.0666, time 30137.13ms, mfu 5.83%
model:LGT723F iter 32360: loss 1.7358, time 1761.74ms, mfu 6.02%
model:LGT723F iter 32370: loss 1.8776, time 1766.34ms, mfu 6.20%
model:LGT723F iter 32380: loss 1.5676, time 1754.14ms, mfu 6.36%
model:LGT723F iter 32390: loss 1.8758, time 1755.55ms, mfu 6.51%
------average encoder activity 0.213
-----------average decoder density 0.3957
step 32400: train loss 1.7996, val loss 2.0621
saving checkpoint to out-novel-char3_LGT723F_3d25ede0cfd080d9e35756b051dcef65
done saving checkpoint to out-novel-char3_LGT723F_3d25ede0cfd080d9e35756b051dcef65
model:LGT723F iter 32400: loss 1.7457, time 30252.58ms, mfu 5.90%
model:LGT723F iter 32410: loss 1.8201, time 1771.62ms, mfu 6.09%
model:LGT723F iter 32420: loss 1.9713, time 1762.30ms, mfu 6.26%
model:LGT723F iter 32430: loss 1.7637, time 1771.02ms, mfu 6.41%
model:LGT723F iter 32440: loss 1.9886, time 1767.55ms, mfu 6.54%
------average encoder activity 0.213
-----------average decoder density 0.4182
step 32450: train loss 1.7826, val loss 2.0495
saving checkpoint to out-novel-char3_LGT723F_3d25ede0cfd080d9e35756b051dcef65
done saving checkpoint to out-novel-char3_LGT723F_3d25ede0cfd080d9e35756b051dcef65
model:LGT723F iter 32450: loss 1.5449, time 30042.43ms, mfu 5.93%
model:LGT723F iter 32460: loss 1.9304, time 1768.80ms, mfu 6.12%
model:LGT723F iter 32470: loss 1.7323, time 1760.87ms, mfu 6.28%
model:LGT723F iter 32480: loss 1.4740, time 1768.11ms, mfu 6.43%
model:LGT723F iter 32490: loss 1.7996, time 1759.77ms, mfu 6.57%
------average encoder activity 0.213
-----------average decoder density 0.4336
step 32500: train loss 1.8014, val loss 2.0647
saving checkpoint to out-novel-char3_LGT723F_3d25ede0cfd080d9e35756b051dcef65
done saving checkpoint to out-novel-char3_LGT723F_3d25ede0cfd080d9e35756b051dcef65
model:LGT723F iter 32500: loss 1.5090, time 30023.38ms, mfu 5.96%
model:LGT723F iter 32510: loss 1.7961, time 1750.58ms, mfu 6.15%
model:LGT723F iter 32520: loss 1.9957, time 1767.16ms, mfu 6.31%
model:LGT723F iter 32530: loss 1.9434, time 1757.12ms, mfu 6.46%
model:LGT723F iter 32540: loss 1.8580, time 1765.30ms, mfu 6.59%
------average encoder activity 0.213
-----------average decoder density 0.4116
step 32550: train loss 1.7894, val loss 2.0553
saving checkpoint to out-novel-char3_LGT723F_3d25ede0cfd080d9e35756b051dcef65
done saving checkpoint to out-novel-char3_LGT723F_3d25ede0cfd080d9e35756b051dcef65
model:LGT723F iter 32550: loss 1.7082, time 30199.22ms, mfu 5.98%
model:LGT723F iter 32560: loss 1.9648, time 1765.35ms, mfu 6.16%
model:LGT723F iter 32570: loss 1.6741, time 1765.51ms, mfu 6.32%
model:LGT723F iter 32580: loss 1.9437, time 1753.80ms, mfu 6.47%
model:LGT723F iter 32590: loss 1.8994, time 1771.26ms, mfu 6.60%
------average encoder activity 0.214
-----------average decoder density 0.4654
step 32600: train loss 1.7893, val loss 2.0390
saving checkpoint to out-novel-char3_LGT723F_3d25ede0cfd080d9e35756b051dcef65
done saving checkpoint to out-novel-char3_LGT723F_3d25ede0cfd080d9e35756b051dcef65
model:LGT723F iter 32600: loss 1.7298, time 29769.47ms, mfu 5.98%
model:LGT723F iter 32610: loss 1.7507, time 1756.51ms, mfu 6.17%
model:LGT723F iter 32620: loss 1.7644, time 1761.31ms, mfu 6.33%
model:LGT723F iter 32630: loss 1.9085, time 1754.41ms, mfu 6.48%
model:LGT723F iter 32640: loss 1.7045, time 1753.37ms, mfu 6.61%
------average encoder activity 0.214
-----------average decoder density 0.4529
step 32650: train loss 1.7896, val loss 2.0575
saving checkpoint to out-novel-char3_LGT723F_3d25ede0cfd080d9e35756b051dcef65
done saving checkpoint to out-novel-char3_LGT723F_3d25ede0cfd080d9e35756b051dcef65
model:LGT723F iter 32650: loss 1.7849, time 29950.28ms, mfu 6.00%
model:LGT723F iter 32660: loss 1.7358, time 1764.12ms, mfu 6.18%
model:LGT723F iter 32670: loss 1.7179, time 1760.39ms, mfu 6.34%
model:LGT723F iter 32680: loss 1.5722, time 1768.77ms, mfu 6.48%
model:LGT723F iter 32690: loss 1.9951, time 1763.35ms, mfu 6.61%
------average encoder activity 0.215
-----------average decoder density 0.3778
step 32700: train loss 1.8012, val loss 2.0459
saving checkpoint to out-novel-char3_LGT723F_3d25ede0cfd080d9e35756b051dcef65
done saving checkpoint to out-novel-char3_LGT723F_3d25ede0cfd080d9e35756b051dcef65
model:LGT723F iter 32700: loss 1.6354, time 29717.96ms, mfu 6.00%
model:LGT723F iter 32710: loss 1.8560, time 1763.54ms, mfu 6.17%
model:LGT723F iter 32720: loss 1.8389, time 1767.45ms, mfu 6.33%
model:LGT723F iter 32730: loss 1.5048, time 1754.60ms, mfu 6.48%
model:LGT723F iter 32740: loss 1.7074, time 1752.62ms, mfu 6.62%
------average encoder activity 0.215
-----------average decoder density 0.4039
step 32750: train loss 1.8101, val loss 2.0629
saving checkpoint to out-novel-char3_LGT723F_3d25ede0cfd080d9e35756b051dcef65
done saving checkpoint to out-novel-char3_LGT723F_3d25ede0cfd080d9e35756b051dcef65
model:LGT723F iter 32750: loss 1.8428, time 29859.60ms, mfu 6.00%
model:LGT723F iter 32760: loss 1.6330, time 1753.59ms, mfu 6.18%
model:LGT723F iter 32770: loss 1.6066, time 1760.44ms, mfu 6.34%
model:LGT723F iter 32780: loss 2.0940, time 1763.82ms, mfu 6.49%
model:LGT723F iter 32790: loss 1.8213, time 1753.61ms, mfu 6.62%
------average encoder activity 0.214
-----------average decoder density 0.4212
step 32800: train loss 1.7941, val loss 2.0640
saving checkpoint to out-novel-char3_LGT723F_3d25ede0cfd080d9e35756b051dcef65
done saving checkpoint to out-novel-char3_LGT723F_3d25ede0cfd080d9e35756b051dcef65
model:LGT723F iter 32800: loss 1.8566, time 29742.18ms, mfu 6.01%
model:LGT723F iter 32810: loss 2.0323, time 1768.88ms, mfu 6.18%
model:LGT723F iter 32820: loss 1.7806, time 1759.98ms, mfu 6.34%
model:LGT723F iter 32830: loss 1.7660, time 1758.63ms, mfu 6.49%
model:LGT723F iter 32840: loss 2.0346, time 1756.32ms, mfu 6.62%
------average encoder activity 0.214
-----------average decoder density 0.4363
step 32850: train loss 1.8001, val loss 2.0476
saving checkpoint to out-novel-char3_LGT723F_3d25ede0cfd080d9e35756b051dcef65
done saving checkpoint to out-novel-char3_LGT723F_3d25ede0cfd080d9e35756b051dcef65
model:LGT723F iter 32850: loss 1.6648, time 30044.52ms, mfu 6.01%
model:LGT723F iter 32860: loss 1.9634, time 1755.57ms, mfu 6.19%
model:LGT723F iter 32870: loss 1.7897, time 1761.24ms, mfu 6.35%
model:LGT723F iter 32880: loss 1.7455, time 1759.91ms, mfu 6.49%
model:LGT723F iter 32890: loss 2.0252, time 1758.30ms, mfu 6.62%
------average encoder activity 0.214
-----------average decoder density 0.4235
step 32900: train loss 1.7652, val loss 2.0595
saving checkpoint to out-novel-char3_LGT723F_3d25ede0cfd080d9e35756b051dcef65
done saving checkpoint to out-novel-char3_LGT723F_3d25ede0cfd080d9e35756b051dcef65
model:LGT723F iter 32900: loss 1.7344, time 29883.35ms, mfu 6.01%
model:LGT723F iter 32910: loss 1.8151, time 1766.46ms, mfu 6.18%
model:LGT723F iter 32920: loss 1.6074, time 1754.85ms, mfu 6.35%
model:LGT723F iter 32930: loss 2.1868, time 1754.86ms, mfu 6.49%
model:LGT723F iter 32940: loss 1.3754, time 1760.80ms, mfu 6.62%
------average encoder activity 0.212
-----------average decoder density 0.4005
step 32950: train loss 1.7919, val loss 2.0206
saving checkpoint to out-novel-char3_LGT723F_3d25ede0cfd080d9e35756b051dcef65
done saving checkpoint to out-novel-char3_LGT723F_3d25ede0cfd080d9e35756b051dcef65
model:LGT723F iter 32950: loss 1.8996, time 29801.43ms, mfu 6.01%
model:LGT723F iter 32960: loss 1.6011, time 1759.31ms, mfu 6.19%
model:LGT723F iter 32970: loss 1.6247, time 1761.60ms, mfu 6.35%
model:LGT723F iter 32980: loss 1.4402, time 1758.01ms, mfu 6.49%
model:LGT723F iter 32990: loss 1.7330, time 1759.20ms, mfu 6.62%
------average encoder activity 0.212
-----------average decoder density 0.4036
step 33000: train loss 1.7608, val loss 2.0631
saving checkpoint to out-novel-char3_LGT723F_3d25ede0cfd080d9e35756b051dcef65
done saving checkpoint to out-novel-char3_LGT723F_3d25ede0cfd080d9e35756b051dcef65
model:LGT723F iter 33000: loss 1.8831, time 30064.13ms, mfu 6.01%
model:LGT723F iter 33010: loss 1.6619, time 1757.78ms, mfu 6.19%
model:LGT723F iter 33020: loss 1.8795, time 1760.82ms, mfu 6.35%
model:LGT723F iter 33030: loss 1.7493, time 1791.11ms, mfu 6.48%
model:LGT723F iter 33040: loss 1.7595, time 1784.72ms, mfu 6.60%
------average encoder activity 0.213
-----------average decoder density 0.3712
step 33050: train loss 1.7657, val loss 2.0538
saving checkpoint to out-novel-char3_LGT723F_3d25ede0cfd080d9e35756b051dcef65
done saving checkpoint to out-novel-char3_LGT723F_3d25ede0cfd080d9e35756b051dcef65
model:LGT723F iter 33050: loss 1.8493, time 30238.80ms, mfu 5.99%
model:LGT723F iter 33060: loss 1.8108, time 1761.50ms, mfu 6.17%
model:LGT723F iter 33070: loss 2.1993, time 1756.17ms, mfu 6.33%
model:LGT723F iter 33080: loss 1.9886, time 1745.52ms, mfu 6.48%
model:LGT723F iter 33090: loss 1.5604, time 1751.86ms, mfu 6.62%
------average encoder activity 0.214
-----------average decoder density 0.4094
step 33100: train loss 1.7868, val loss 2.0475
saving checkpoint to out-novel-char3_LGT723F_3d25ede0cfd080d9e35756b051dcef65
done saving checkpoint to out-novel-char3_LGT723F_3d25ede0cfd080d9e35756b051dcef65
model:LGT723F iter 33100: loss 1.6905, time 29773.59ms, mfu 6.00%
model:LGT723F iter 33110: loss 1.8834, time 1766.08ms, mfu 6.18%
model:LGT723F iter 33120: loss 1.8609, time 1754.96ms, mfu 6.34%
model:LGT723F iter 33130: loss 1.6899, time 1750.25ms, mfu 6.49%
model:LGT723F iter 33140: loss 1.8646, time 1756.22ms, mfu 6.63%
------average encoder activity 0.216
-----------average decoder density 0.4622
step 33150: train loss 1.7894, val loss 2.0588
saving checkpoint to out-novel-char3_LGT723F_3d25ede0cfd080d9e35756b051dcef65
done saving checkpoint to out-novel-char3_LGT723F_3d25ede0cfd080d9e35756b051dcef65
model:LGT723F iter 33150: loss 1.7075, time 29744.20ms, mfu 6.01%
model:LGT723F iter 33160: loss 1.6676, time 1770.51ms, mfu 6.18%
model:LGT723F iter 33170: loss 1.8044, time 1764.94ms, mfu 6.34%
model:LGT723F iter 33180: loss 1.8502, time 1757.04ms, mfu 6.49%
model:LGT723F iter 33190: loss 1.7569, time 1778.70ms, mfu 6.61%
------average encoder activity 0.215
-----------average decoder density 0.4094
step 33200: train loss 1.7688, val loss 2.0478
saving checkpoint to out-novel-char3_LGT723F_3d25ede0cfd080d9e35756b051dcef65
done saving checkpoint to out-novel-char3_LGT723F_3d25ede0cfd080d9e35756b051dcef65
model:LGT723F iter 33200: loss 1.7127, time 29849.97ms, mfu 6.00%
model:LGT723F iter 33210: loss 1.8508, time 1757.71ms, mfu 6.18%
model:LGT723F iter 33220: loss 1.9470, time 1748.86ms, mfu 6.35%
model:LGT723F iter 33230: loss 1.6550, time 1752.18ms, mfu 6.49%
model:LGT723F iter 33240: loss 2.0866, time 1757.11ms, mfu 6.63%
------average encoder activity 0.215
-----------average decoder density 0.4167
step 33250: train loss 1.7743, val loss 2.0720
saving checkpoint to out-novel-char3_LGT723F_3d25ede0cfd080d9e35756b051dcef65
done saving checkpoint to out-novel-char3_LGT723F_3d25ede0cfd080d9e35756b051dcef65
model:LGT723F iter 33250: loss 1.9386, time 29592.67ms, mfu 6.01%
model:LGT723F iter 33260: loss 1.9441, time 1748.49ms, mfu 6.19%
model:LGT723F iter 33270: loss 2.2020, time 1749.66ms, mfu 6.36%
model:LGT723F iter 33280: loss 1.9852, time 1749.24ms, mfu 6.51%
model:LGT723F iter 33290: loss 1.8513, time 1759.04ms, mfu 6.64%
------average encoder activity 0.216
-----------average decoder density 0.4000
step 33300: train loss 1.7704, val loss 2.0663
saving checkpoint to out-novel-char3_LGT723F_3d25ede0cfd080d9e35756b051dcef65
done saving checkpoint to out-novel-char3_LGT723F_3d25ede0cfd080d9e35756b051dcef65
model:LGT723F iter 33300: loss 2.1895, time 29825.47ms, mfu 6.02%
model:LGT723F iter 33310: loss 1.5502, time 1763.56ms, mfu 6.20%
model:LGT723F iter 33320: loss 1.8002, time 1753.45ms, mfu 6.36%
model:LGT723F iter 33330: loss 1.8802, time 1765.42ms, mfu 6.50%
model:LGT723F iter 33340: loss 1.4768, time 1754.88ms, mfu 6.63%
------average encoder activity 0.215
-----------average decoder density 0.4305
step 33350: train loss 1.8054, val loss 2.0393
saving checkpoint to out-novel-char3_LGT723F_3d25ede0cfd080d9e35756b051dcef65
done saving checkpoint to out-novel-char3_LGT723F_3d25ede0cfd080d9e35756b051dcef65
model:LGT723F iter 33350: loss 1.7313, time 30020.10ms, mfu 6.01%
model:LGT723F iter 33360: loss 1.6523, time 1767.45ms, mfu 6.19%
model:LGT723F iter 33370: loss 1.8845, time 1771.04ms, mfu 6.35%
model:LGT723F iter 33380: loss 1.6092, time 1755.25ms, mfu 6.49%
model:LGT723F iter 33390: loss 1.8300, time 1752.58ms, mfu 6.63%
------average encoder activity 0.215
-----------average decoder density 0.4079
step 33400: train loss 1.7716, val loss 2.0874
saving checkpoint to out-novel-char3_LGT723F_3d25ede0cfd080d9e35756b051dcef65
done saving checkpoint to out-novel-char3_LGT723F_3d25ede0cfd080d9e35756b051dcef65
model:LGT723F iter 33400: loss 1.8500, time 29818.50ms, mfu 6.01%
model:LGT723F iter 33410: loss 1.6240, time 1751.73ms, mfu 6.19%
model:LGT723F iter 33420: loss 1.6410, time 1747.51ms, mfu 6.36%
model:LGT723F iter 33430: loss 1.7909, time 1749.93ms, mfu 6.51%
model:LGT723F iter 33440: loss 1.7079, time 1768.30ms, mfu 6.63%
------average encoder activity 0.216
-----------average decoder density 0.4203
step 33450: train loss 1.8187, val loss 2.0511
saving checkpoint to out-novel-char3_LGT723F_3d25ede0cfd080d9e35756b051dcef65
done saving checkpoint to out-novel-char3_LGT723F_3d25ede0cfd080d9e35756b051dcef65
model:LGT723F iter 33450: loss 2.1393, time 29751.46ms, mfu 6.02%
model:LGT723F iter 33460: loss 1.7596, time 1768.20ms, mfu 6.19%
model:LGT723F iter 33470: loss 1.5681, time 1763.62ms, mfu 6.35%
model:LGT723F iter 33480: loss 2.0026, time 1740.73ms, mfu 6.50%
model:LGT723F iter 33490: loss 2.0954, time 1758.43ms, mfu 6.63%
------average encoder activity 0.214
-----------average decoder density 0.4143
step 33500: train loss 1.7834, val loss 2.0685
saving checkpoint to out-novel-char3_LGT723F_3d25ede0cfd080d9e35756b051dcef65
done saving checkpoint to out-novel-char3_LGT723F_3d25ede0cfd080d9e35756b051dcef65
model:LGT723F iter 33500: loss 1.7970, time 29843.88ms, mfu 6.02%
model:LGT723F iter 33510: loss 1.6759, time 1776.14ms, mfu 6.19%
model:LGT723F iter 33520: loss 1.7214, time 1759.94ms, mfu 6.35%
model:LGT723F iter 33530: loss 1.7429, time 1752.09ms, mfu 6.50%
model:LGT723F iter 33540: loss 1.6094, time 1755.92ms, mfu 6.63%
------average encoder activity 0.215
-----------average decoder density 0.3903
step 33550: train loss 1.7717, val loss 2.0351
saving checkpoint to out-novel-char3_LGT723F_3d25ede0cfd080d9e35756b051dcef65
done saving checkpoint to out-novel-char3_LGT723F_3d25ede0cfd080d9e35756b051dcef65
model:LGT723F iter 33550: loss 1.8043, time 30045.50ms, mfu 6.01%
model:LGT723F iter 33560: loss 1.8101, time 1761.26ms, mfu 6.19%
Overriding config with config/train_novel_char3.py:
# train a miniature character-level shakespeare model
# good for debugging and playing on macbooks and such

out_dir = 'out-novel-char3'
eval_interval = 250 # keep frequent because we'll overfit
eval_iters = 200
log_interval = 10 # don't print too too often

# we expect to overfit on this small dataset, so only save when val improves
always_save_checkpoint = False

wandb_log = False # override via command line if you like
wandb_project = 'novel'
wandb_run_name = 'novel'

dataset = 'novel_char3'
gradient_accumulation_steps = 1
# gradient_accumulation_steps = 6
gradient_accumulation_steps = 12
# gradient_accumulation_steps = 24
# gradient_accumulation_steps = 48
# batch_size = 12
batch_size = 2
# batch_size = 1
# block_size = 256 # context of up to 256 previous characters
# block_size = 256 # context of up to 256 previous characters
# block_size = 64 # context of up to 256 previous characters
block_size = 1024 # context of up to 256 previous characters

# baby GPT model :)
n_layer = 6
n_head = 6
n_embd = 384
# n_embd = 182
dropout = 0.2

# learning_rate = 1e-3 # with baby networks can afford to go a bit higher
learning_rate = 1e-4 # with baby networks can afford to go a bit higher

# max_iters = 5000
# lr_decay_iters = 5000 # make equal to max_iters usually

max_iters = 500000
lr_decay_iters = 500000 # make equal to max_iters usually

min_lr = 5e-6 # learning_rate / 10 usually
beta2 = 0.99 # make a bit bigger because number of tokens per iter is small

warmup_iters = 100 # not super necessary potentially

# on macbook also add
# device = 'cpu'  # run on cpu only
# compile = False # do not torch compile the model
# init_from ='resume'


'''
python3 -u sample.py config/train_novel.py --out_dir=out-novel-word_CCM232_c85667cd6eadbcf772d23fa97827c506 --model=CCM232
python3 -u sample.py config/train_novel.py --out_dir=out-novel-word_CCM251_4bfeb7b3e1b9c46a2542bb9406173e22 --model=CCM251
python3 -u sample.py config/train_novel.py --out_dir=out-novel-word_CCM253_01b622029bb00e0dc9206cae3b0ab559 --model=CCM253 
python3 -u sample.py config/train_novel.py --out_dir=out-novel-word_CCM276_01b622029bb00e0dc9206cae3b0ab559 --model=CCM276
python3 -u sample.py config/train_novel.py --out_dir=out-novel-word_CCM278_a97bfe077b316033e3604831d5ad371e --model=CCM278
python3 -u sample.py config/train_novel.py --out_dir=out-novel-word_CCM305_52efa1def80492f81622f536ac701226 --model=CCM305


out-novel-word_CCM276_01b622029bb00e0dc9206cae3b0ab559

'''
#### python3 -u sample.py config/train_novel.py --out_dir=out-novel-word_CCM232_c85667cd6eadbcf772d23fa97827c506 --model=CCM232
Overriding: init_from = resume
Overriding: compile = False
Overriding: model = LGT723F
Overriding: n_layer = 70
Overriding: n_head = 12
Overriding: share_layer = False
Overriding: always_save_checkpoint = True
Overriding: max_iters = 2500999
Overriding: best_val_loss_force = 10.001
Overriding: min_lr = 5e-06
Overriding: dropout = 0.0
Overriding: eval_interval = 50
Overriding: force_resave = 0
Overriding: random_seed = 3
tokens per iteration will be: 24,576
found vocab_size = 73440 (inside data/novel_char3/meta.pkl)
out_dir: out-novel-char3_LGT723F_3d25ede0cfd080d9e35756b051dcef65
Resuming training from out-novel-char3_LGT723F_3d25ede0cfd080d9e35756b051dcef65
WARNING: using slow attention. Flash Attention requires PyTorch >= 2.0
WARNING: using slow attention. Flash Attention requires PyTorch >= 2.0
WARNING: using slow attention. Flash Attention requires PyTorch >= 2.0
WARNING: using slow attention. Flash Attention requires PyTorch >= 2.0
WARNING: using slow attention. Flash Attention requires PyTorch >= 2.0
WARNING: using slow attention. Flash Attention requires PyTorch >= 2.0
WARNING: using slow attention. Flash Attention requires PyTorch >= 2.0
WARNING: using slow attention. Flash Attention requires PyTorch >= 2.0
WARNING: using slow attention. Flash Attention requires PyTorch >= 2.0
WARNING: using slow attention. Flash Attention requires PyTorch >= 2.0
WARNING: using slow attention. Flash Attention requires PyTorch >= 2.0
WARNING: using slow attention. Flash Attention requires PyTorch >= 2.0
WARNING: using slow attention. Flash Attention requires PyTorch >= 2.0
WARNING: using slow attention. Flash Attention requires PyTorch >= 2.0
WARNING: using slow attention. Flash Attention requires PyTorch >= 2.0
WARNING: using slow attention. Flash Attention requires PyTorch >= 2.0
WARNING: using slow attention. Flash Attention requires PyTorch >= 2.0
WARNING: using slow attention. Flash Attention requires PyTorch >= 2.0
WARNING: using slow attention. Flash Attention requires PyTorch >= 2.0
WARNING: using slow attention. Flash Attention requires PyTorch >= 2.0
WARNING: using slow attention. Flash Attention requires PyTorch >= 2.0
WARNING: using slow attention. Flash Attention requires PyTorch >= 2.0
WARNING: using slow attention. Flash Attention requires PyTorch >= 2.0
WARNING: using slow attention. Flash Attention requires PyTorch >= 2.0
WARNING: using slow attention. Flash Attention requires PyTorch >= 2.0
WARNING: using slow attention. Flash Attention requires PyTorch >= 2.0
WARNING: using slow attention. Flash Attention requires PyTorch >= 2.0
WARNING: using slow attention. Flash Attention requires PyTorch >= 2.0
WARNING: using slow attention. Flash Attention requires PyTorch >= 2.0
WARNING: using slow attention. Flash Attention requires PyTorch >= 2.0
WARNING: using slow attention. Flash Attention requires PyTorch >= 2.0
WARNING: using slow attention. Flash Attention requires PyTorch >= 2.0
WARNING: using slow attention. Flash Attention requires PyTorch >= 2.0
WARNING: using slow attention. Flash Attention requires PyTorch >= 2.0
WARNING: using slow attention. Flash Attention requires PyTorch >= 2.0
WARNING: using slow attention. Flash Attention requires PyTorch >= 2.0
WARNING: using slow attention. Flash Attention requires PyTorch >= 2.0
WARNING: using slow attention. Flash Attention requires PyTorch >= 2.0
WARNING: using slow attention. Flash Attention requires PyTorch >= 2.0
WARNING: using slow attention. Flash Attention requires PyTorch >= 2.0
WARNING: using slow attention. Flash Attention requires PyTorch >= 2.0
WARNING: using slow attention. Flash Attention requires PyTorch >= 2.0
WARNING: using slow attention. Flash Attention requires PyTorch >= 2.0
WARNING: using slow attention. Flash Attention requires PyTorch >= 2.0
WARNING: using slow attention. Flash Attention requires PyTorch >= 2.0
WARNING: using slow attention. Flash Attention requires PyTorch >= 2.0
WARNING: using slow attention. Flash Attention requires PyTorch >= 2.0
WARNING: using slow attention. Flash Attention requires PyTorch >= 2.0
WARNING: using slow attention. Flash Attention requires PyTorch >= 2.0
WARNING: using slow attention. Flash Attention requires PyTorch >= 2.0
WARNING: using slow attention. Flash Attention requires PyTorch >= 2.0
WARNING: using slow attention. Flash Attention requires PyTorch >= 2.0
WARNING: using slow attention. Flash Attention requires PyTorch >= 2.0
WARNING: using slow attention. Flash Attention requires PyTorch >= 2.0
WARNING: using slow attention. Flash Attention requires PyTorch >= 2.0
WARNING: using slow attention. Flash Attention requires PyTorch >= 2.0
WARNING: using slow attention. Flash Attention requires PyTorch >= 2.0
WARNING: using slow attention. Flash Attention requires PyTorch >= 2.0
WARNING: using slow attention. Flash Attention requires PyTorch >= 2.0
WARNING: using slow attention. Flash Attention requires PyTorch >= 2.0
WARNING: using slow attention. Flash Attention requires PyTorch >= 2.0
WARNING: using slow attention. Flash Attention requires PyTorch >= 2.0
WARNING: using slow attention. Flash Attention requires PyTorch >= 2.0
WARNING: using slow attention. Flash Attention requires PyTorch >= 2.0
WARNING: using slow attention. Flash Attention requires PyTorch >= 2.0
WARNING: using slow attention. Flash Attention requires PyTorch >= 2.0
WARNING: using slow attention. Flash Attention requires PyTorch >= 2.0
WARNING: using slow attention. Flash Attention requires PyTorch >= 2.0
WARNING: using slow attention. Flash Attention requires PyTorch >= 2.0
WARNING: using slow attention. Flash Attention requires PyTorch >= 2.0
num decayed parameter tensors: 353, with 194,444,544 parameters
num non-decayed parameter tensors: 214, with 41,342,593 parameters
using fused AdamW: True
------average encoder activity 0.215
-----------average decoder density 0.3956
step 33550: train loss 1.7924, val loss 2.0350
saving checkpoint to out-novel-char3_LGT723F_3d25ede0cfd080d9e35756b051dcef65
done saving checkpoint to out-novel-char3_LGT723F_3d25ede0cfd080d9e35756b051dcef65
model:LGT723F iter 33550: loss 1.7856, time 29844.31ms, mfu -100.00%
model:LGT723F iter 33560: loss 1.6032, time 1764.59ms, mfu 7.78%
model:LGT723F iter 33570: loss 1.8922, time 1764.47ms, mfu 7.78%
model:LGT723F iter 33580: loss 1.9433, time 1761.08ms, mfu 7.78%
model:LGT723F iter 33590: loss 1.8520, time 1754.65ms, mfu 7.78%
------average encoder activity 0.215
-----------average decoder density 0.3887
step 33600: train loss 1.7694, val loss 2.0575
saving checkpoint to out-novel-char3_LGT723F_3d25ede0cfd080d9e35756b051dcef65
done saving checkpoint to out-novel-char3_LGT723F_3d25ede0cfd080d9e35756b051dcef65
model:LGT723F iter 33600: loss 1.8091, time 30012.98ms, mfu 7.05%
model:LGT723F iter 33610: loss 1.7186, time 1772.71ms, mfu 7.12%
model:LGT723F iter 33620: loss 1.6897, time 1774.15ms, mfu 7.18%
model:LGT723F iter 33630: loss 1.9601, time 1772.13ms, mfu 7.24%
model:LGT723F iter 33640: loss 1.7903, time 1767.89ms, mfu 7.29%
------average encoder activity 0.214
-----------average decoder density 0.4382
step 33650: train loss 1.7778, val loss 2.0503
saving checkpoint to out-novel-char3_LGT723F_3d25ede0cfd080d9e35756b051dcef65
done saving checkpoint to out-novel-char3_LGT723F_3d25ede0cfd080d9e35756b051dcef65
model:LGT723F iter 33650: loss 1.5214, time 30173.71ms, mfu 6.61%
model:LGT723F iter 33660: loss 1.6602, time 1771.63ms, mfu 6.72%
model:LGT723F iter 33670: loss 1.5641, time 1784.86ms, mfu 6.82%
model:LGT723F iter 33680: loss 1.6654, time 1768.01ms, mfu 6.91%
model:LGT723F iter 33690: loss 2.0252, time 1760.53ms, mfu 7.00%
------average encoder activity 0.213
-----------average decoder density 0.3878
step 33700: train loss 1.7868, val loss 2.0647
saving checkpoint to out-novel-char3_LGT723F_3d25ede0cfd080d9e35756b051dcef65
done saving checkpoint to out-novel-char3_LGT723F_3d25ede0cfd080d9e35756b051dcef65
model:LGT723F iter 33700: loss 1.6370, time 30177.53ms, mfu 6.35%
model:LGT723F iter 33710: loss 1.6938, time 1768.27ms, mfu 6.49%
model:LGT723F iter 33720: loss 1.7983, time 1784.86ms, mfu 6.61%
model:LGT723F iter 33730: loss 1.9108, time 1756.84ms, mfu 6.73%
model:LGT723F iter 33740: loss 1.8405, time 1769.57ms, mfu 6.83%
------average encoder activity 0.213
-----------average decoder density 0.3952
step 33750: train loss 1.7567, val loss 2.0784
saving checkpoint to out-novel-char3_LGT723F_3d25ede0cfd080d9e35756b051dcef65
done saving checkpoint to out-novel-char3_LGT723F_3d25ede0cfd080d9e35756b051dcef65
model:LGT723F iter 33750: loss 1.6933, time 30140.24ms, mfu 6.19%
model:LGT723F iter 33760: loss 1.6731, time 1768.74ms, mfu 6.35%
model:LGT723F iter 33770: loss 1.9226, time 1775.50ms, mfu 6.49%
model:LGT723F iter 33780: loss 1.9962, time 1750.14ms, mfu 6.62%
model:LGT723F iter 33790: loss 1.5978, time 1772.28ms, mfu 6.74%
------average encoder activity 0.213
-----------average decoder density 0.4433
step 33800: train loss 1.7868, val loss 2.0455
saving checkpoint to out-novel-char3_LGT723F_3d25ede0cfd080d9e35756b051dcef65
done saving checkpoint to out-novel-char3_LGT723F_3d25ede0cfd080d9e35756b051dcef65
model:LGT723F iter 33800: loss 1.6041, time 30080.83ms, mfu 6.11%
model:LGT723F iter 33810: loss 1.5275, time 1765.06ms, mfu 6.27%
model:LGT723F iter 33820: loss 1.7225, time 1761.42ms, mfu 6.43%
model:LGT723F iter 33830: loss 1.6552, time 1756.56ms, mfu 6.56%
model:LGT723F iter 33840: loss 1.3005, time 1787.35ms, mfu 6.68%
------average encoder activity 0.213
-----------average decoder density 0.4038
step 33850: train loss 1.7743, val loss 2.0861
saving checkpoint to out-novel-char3_LGT723F_3d25ede0cfd080d9e35756b051dcef65
done saving checkpoint to out-novel-char3_LGT723F_3d25ede0cfd080d9e35756b051dcef65
model:LGT723F iter 33850: loss 1.5552, time 30463.18ms, mfu 6.05%
model:LGT723F iter 33860: loss 1.5762, time 1747.61ms, mfu 6.23%
model:LGT723F iter 33870: loss 1.6959, time 1766.42ms, mfu 6.39%
model:LGT723F iter 33880: loss 1.8591, time 1757.49ms, mfu 6.53%
model:LGT723F iter 33890: loss 1.6676, time 1751.32ms, mfu 6.66%
------average encoder activity 0.211
-----------average decoder density 0.4019
step 33900: train loss 1.7834, val loss 2.0556
saving checkpoint to out-novel-char3_LGT723F_3d25ede0cfd080d9e35756b051dcef65
done saving checkpoint to out-novel-char3_LGT723F_3d25ede0cfd080d9e35756b051dcef65
model:LGT723F iter 33900: loss 1.5563, time 30038.78ms, mfu 6.04%
model:LGT723F iter 33910: loss 1.6567, time 1767.81ms, mfu 6.21%
model:LGT723F iter 33920: loss 1.5660, time 1771.33ms, mfu 6.37%
model:LGT723F iter 33930: loss 1.4923, time 1771.59ms, mfu 6.50%
model:LGT723F iter 33940: loss 1.7765, time 1763.01ms, mfu 6.63%
------average encoder activity 0.212
-----------average decoder density 0.4307
step 33950: train loss 1.7679, val loss 2.0535
saving checkpoint to out-novel-char3_LGT723F_3d25ede0cfd080d9e35756b051dcef65
done saving checkpoint to out-novel-char3_LGT723F_3d25ede0cfd080d9e35756b051dcef65
model:LGT723F iter 33950: loss 1.8071, time 30073.73ms, mfu 6.01%
model:LGT723F iter 33960: loss 1.6978, time 1774.16ms, mfu 6.19%
model:LGT723F iter 33970: loss 1.7747, time 1758.92ms, mfu 6.35%
model:LGT723F iter 33980: loss 1.8815, time 1751.58ms, mfu 6.50%
model:LGT723F iter 33990: loss 1.9692, time 1757.13ms, mfu 6.63%
------average encoder activity 0.211
-----------average decoder density 0.4005
step 34000: train loss 1.7807, val loss 2.0594
saving checkpoint to out-novel-char3_LGT723F_3d25ede0cfd080d9e35756b051dcef65
done saving checkpoint to out-novel-char3_LGT723F_3d25ede0cfd080d9e35756b051dcef65
model:LGT723F iter 34000: loss 1.8545, time 29583.69ms, mfu 6.01%
model:LGT723F iter 34010: loss 1.5815, time 1766.01ms, mfu 6.19%
model:LGT723F iter 34020: loss 1.7281, time 1767.66ms, mfu 6.35%
model:LGT723F iter 34030: loss 1.5188, time 1767.82ms, mfu 6.49%
model:LGT723F iter 34040: loss 1.7811, time 1763.04ms, mfu 6.62%
------average encoder activity 0.210
-----------average decoder density 0.3969
step 34050: train loss 1.7674, val loss 2.0628
saving checkpoint to out-novel-char3_LGT723F_3d25ede0cfd080d9e35756b051dcef65
done saving checkpoint to out-novel-char3_LGT723F_3d25ede0cfd080d9e35756b051dcef65
model:LGT723F iter 34050: loss 1.6131, time 30268.30ms, mfu 6.00%
model:LGT723F iter 34060: loss 1.5378, time 1745.69ms, mfu 6.19%
model:LGT723F iter 34070: loss 1.4699, time 1761.47ms, mfu 6.35%
model:LGT723F iter 34080: loss 1.8677, time 1762.92ms, mfu 6.49%
model:LGT723F iter 34090: loss 1.6605, time 1755.21ms, mfu 6.62%
------average encoder activity 0.209
-----------average decoder density 0.3816
step 34100: train loss 1.7604, val loss 2.0824
saving checkpoint to out-novel-char3_LGT723F_3d25ede0cfd080d9e35756b051dcef65
done saving checkpoint to out-novel-char3_LGT723F_3d25ede0cfd080d9e35756b051dcef65
model:LGT723F iter 34100: loss 1.4825, time 30172.56ms, mfu 6.01%
model:LGT723F iter 34110: loss 1.7612, time 1779.82ms, mfu 6.18%
model:LGT723F iter 34120: loss 1.6555, time 1760.59ms, mfu 6.34%
model:LGT723F iter 34130: loss 1.9820, time 1759.62ms, mfu 6.49%
model:LGT723F iter 34140: loss 1.8462, time 1764.10ms, mfu 6.61%
------average encoder activity 0.211
-----------average decoder density 0.4373
step 34150: train loss 1.7736, val loss 2.0629
saving checkpoint to out-novel-char3_LGT723F_3d25ede0cfd080d9e35756b051dcef65
done saving checkpoint to out-novel-char3_LGT723F_3d25ede0cfd080d9e35756b051dcef65
model:LGT723F iter 34150: loss 1.9182, time 30088.64ms, mfu 6.00%
model:LGT723F iter 34160: loss 1.8955, time 1766.12ms, mfu 6.18%
model:LGT723F iter 34170: loss 1.7293, time 1770.79ms, mfu 6.33%
model:LGT723F iter 34180: loss 1.4824, time 1756.98ms, mfu 6.48%
model:LGT723F iter 34190: loss 1.4187, time 1772.30ms, mfu 6.61%
------average encoder activity 0.211
-----------average decoder density 0.4232
step 34200: train loss 1.7725, val loss 2.0508
saving checkpoint to out-novel-char3_LGT723F_3d25ede0cfd080d9e35756b051dcef65
done saving checkpoint to out-novel-char3_LGT723F_3d25ede0cfd080d9e35756b051dcef65
model:LGT723F iter 34200: loss 1.5510, time 29959.58ms, mfu 5.99%
model:LGT723F iter 34210: loss 1.5828, time 1771.21ms, mfu 6.17%
model:LGT723F iter 34220: loss 1.6053, time 1753.08ms, mfu 6.33%
model:LGT723F iter 34230: loss 1.6953, time 1755.09ms, mfu 6.48%
model:LGT723F iter 34240: loss 1.6506, time 1779.39ms, mfu 6.61%
------average encoder activity 0.212
-----------average decoder density 0.4302
step 34250: train loss 1.7738, val loss 2.0730
saving checkpoint to out-novel-char3_LGT723F_3d25ede0cfd080d9e35756b051dcef65
done saving checkpoint to out-novel-char3_LGT723F_3d25ede0cfd080d9e35756b051dcef65
model:LGT723F iter 34250: loss 1.4736, time 29850.05ms, mfu 5.99%
model:LGT723F iter 34260: loss 1.7618, time 1777.18ms, mfu 6.16%
model:LGT723F iter 34270: loss 1.9166, time 1755.29ms, mfu 6.33%
model:LGT723F iter 34280: loss 1.5644, time 1753.60ms, mfu 6.48%
model:LGT723F iter 34290: loss 2.0345, time 1760.24ms, mfu 6.61%
------average encoder activity 0.212
-----------average decoder density 0.3870
step 34300: train loss 1.7657, val loss 2.0665
saving checkpoint to out-novel-char3_LGT723F_3d25ede0cfd080d9e35756b051dcef65
done saving checkpoint to out-novel-char3_LGT723F_3d25ede0cfd080d9e35756b051dcef65
model:LGT723F iter 34300: loss 1.4356, time 30308.98ms, mfu 6.00%
model:LGT723F iter 34310: loss 1.6468, time 1769.72ms, mfu 6.17%
model:LGT723F iter 34320: loss 1.8844, time 1765.06ms, mfu 6.33%
model:LGT723F iter 34330: loss 1.6562, time 1774.30ms, mfu 6.47%
model:LGT723F iter 34340: loss 1.4412, time 1773.30ms, mfu 6.60%
------average encoder activity 0.212
-----------average decoder density 0.3641
step 34350: train loss 1.7588, val loss 2.0634
saving checkpoint to out-novel-char3_LGT723F_3d25ede0cfd080d9e35756b051dcef65
done saving checkpoint to out-novel-char3_LGT723F_3d25ede0cfd080d9e35756b051dcef65
model:LGT723F iter 34350: loss 1.5518, time 30156.72ms, mfu 5.98%
model:LGT723F iter 34360: loss 1.9412, time 1765.81ms, mfu 6.16%
model:LGT723F iter 34370: loss 1.8920, time 1767.61ms, mfu 6.32%
model:LGT723F iter 34380: loss 1.7508, time 1774.45ms, mfu 6.46%
model:LGT723F iter 34390: loss 1.8262, time 1773.15ms, mfu 6.59%
------average encoder activity 0.210
-----------average decoder density 0.3882
step 34400: train loss 1.7826, val loss 2.0322
saving checkpoint to out-novel-char3_LGT723F_3d25ede0cfd080d9e35756b051dcef65
done saving checkpoint to out-novel-char3_LGT723F_3d25ede0cfd080d9e35756b051dcef65
model:LGT723F iter 34400: loss 1.3456, time 29860.02ms, mfu 5.98%
model:LGT723F iter 34410: loss 1.6355, time 1768.25ms, mfu 6.16%
model:LGT723F iter 34420: loss 2.0114, time 1761.21ms, mfu 6.32%
model:LGT723F iter 34430: loss 1.8171, time 1760.49ms, mfu 6.47%
model:LGT723F iter 34440: loss 1.6249, time 1758.83ms, mfu 6.60%
------average encoder activity 0.211
-----------average decoder density 0.3773
step 34450: train loss 1.7721, val loss 2.0868
saving checkpoint to out-novel-char3_LGT723F_3d25ede0cfd080d9e35756b051dcef65
done saving checkpoint to out-novel-char3_LGT723F_3d25ede0cfd080d9e35756b051dcef65
model:LGT723F iter 34450: loss 1.7878, time 30269.78ms, mfu 5.99%
model:LGT723F iter 34460: loss 1.8147, time 1762.37ms, mfu 6.17%
model:LGT723F iter 34470: loss 1.7447, time 1769.20ms, mfu 6.33%
model:LGT723F iter 34480: loss 1.5267, time 1745.10ms, mfu 6.48%
model:LGT723F iter 34490: loss 1.8026, time 1757.95ms, mfu 6.61%
------average encoder activity 0.211
-----------average decoder density 0.3969
step 34500: train loss 1.7663, val loss 2.0650
saving checkpoint to out-novel-char3_LGT723F_3d25ede0cfd080d9e35756b051dcef65
done saving checkpoint to out-novel-char3_LGT723F_3d25ede0cfd080d9e35756b051dcef65
model:LGT723F iter 34500: loss 1.7081, time 30199.11ms, mfu 6.00%
model:LGT723F iter 34510: loss 1.6421, time 1761.06ms, mfu 6.18%
model:LGT723F iter 34520: loss 1.8090, time 1772.98ms, mfu 6.33%
model:LGT723F iter 34530: loss 1.7233, time 1759.70ms, mfu 6.48%
model:LGT723F iter 34540: loss 1.9968, time 1770.82ms, mfu 6.61%
------average encoder activity 0.210
-----------average decoder density 0.3997
step 34550: train loss 1.7738, val loss 2.0656
saving checkpoint to out-novel-char3_LGT723F_3d25ede0cfd080d9e35756b051dcef65
done saving checkpoint to out-novel-char3_LGT723F_3d25ede0cfd080d9e35756b051dcef65
model:LGT723F iter 34550: loss 1.5554, time 30003.81ms, mfu 5.99%
model:LGT723F iter 34560: loss 2.0829, time 1767.98ms, mfu 6.17%
model:LGT723F iter 34570: loss 1.7444, time 1754.56ms, mfu 6.33%
model:LGT723F iter 34580: loss 1.8464, time 1768.21ms, mfu 6.48%
model:LGT723F iter 34590: loss 1.5171, time 1761.70ms, mfu 6.61%
------average encoder activity 0.210
-----------average decoder density 0.4013
step 34600: train loss 1.7868, val loss 2.0514
saving checkpoint to out-novel-char3_LGT723F_3d25ede0cfd080d9e35756b051dcef65
done saving checkpoint to out-novel-char3_LGT723F_3d25ede0cfd080d9e35756b051dcef65
model:LGT723F iter 34600: loss 1.5489, time 29967.65ms, mfu 5.99%
model:LGT723F iter 34610: loss 1.8736, time 1772.82ms, mfu 6.17%
model:LGT723F iter 34620: loss 1.7078, time 1760.91ms, mfu 6.33%
model:LGT723F iter 34630: loss 1.5949, time 1770.61ms, mfu 6.47%
model:LGT723F iter 34640: loss 1.7040, time 1769.80ms, mfu 6.60%
------average encoder activity 0.210
-----------average decoder density 0.4305
step 34650: train loss 1.7630, val loss 2.0535
saving checkpoint to out-novel-char3_LGT723F_3d25ede0cfd080d9e35756b051dcef65
done saving checkpoint to out-novel-char3_LGT723F_3d25ede0cfd080d9e35756b051dcef65
model:LGT723F iter 34650: loss 1.7470, time 29931.98ms, mfu 5.99%
model:LGT723F iter 34660: loss 1.6061, time 1758.41ms, mfu 6.17%
model:LGT723F iter 34670: loss 1.6639, time 1758.12ms, mfu 6.33%
model:LGT723F iter 34680: loss 1.6580, time 1764.77ms, mfu 6.48%
model:LGT723F iter 34690: loss 1.6228, time 1770.75ms, mfu 6.60%
------average encoder activity 0.210
-----------average decoder density 0.3858
step 34700: train loss 1.7699, val loss 2.0549
saving checkpoint to out-novel-char3_LGT723F_3d25ede0cfd080d9e35756b051dcef65
done saving checkpoint to out-novel-char3_LGT723F_3d25ede0cfd080d9e35756b051dcef65
model:LGT723F iter 34700: loss 1.7674, time 30009.07ms, mfu 5.99%
model:LGT723F iter 34710: loss 1.8001, time 1762.15ms, mfu 6.17%
model:LGT723F iter 34720: loss 1.8752, time 1762.68ms, mfu 6.33%
model:LGT723F iter 34730: loss 1.5474, time 1784.85ms, mfu 6.47%
model:LGT723F iter 34740: loss 1.8390, time 1773.90ms, mfu 6.59%
------average encoder activity 0.209
-----------average decoder density 0.3974
step 34750: train loss 1.7766, val loss 2.0363
saving checkpoint to out-novel-char3_LGT723F_3d25ede0cfd080d9e35756b051dcef65
done saving checkpoint to out-novel-char3_LGT723F_3d25ede0cfd080d9e35756b051dcef65
model:LGT723F iter 34750: loss 1.7101, time 30270.96ms, mfu 5.98%
model:LGT723F iter 34760: loss 1.8357, time 1779.27ms, mfu 6.15%
model:LGT723F iter 34770: loss 1.7535, time 1771.85ms, mfu 6.31%
model:LGT723F iter 34780: loss 1.5142, time 1766.45ms, mfu 6.46%
model:LGT723F iter 34790: loss 1.7972, time 1767.22ms, mfu 6.59%
------average encoder activity 0.208
-----------average decoder density 0.4105
step 34800: train loss 1.7673, val loss 2.0515
saving checkpoint to out-novel-char3_LGT723F_3d25ede0cfd080d9e35756b051dcef65
done saving checkpoint to out-novel-char3_LGT723F_3d25ede0cfd080d9e35756b051dcef65
model:LGT723F iter 34800: loss 1.5004, time 29945.71ms, mfu 5.98%
model:LGT723F iter 34810: loss 1.4581, time 1771.17ms, mfu 6.15%
model:LGT723F iter 34820: loss 1.7575, time 1779.29ms, mfu 6.31%
model:LGT723F iter 34830: loss 1.4613, time 1766.56ms, mfu 6.46%
model:LGT723F iter 34840: loss 1.4682, time 1760.39ms, mfu 6.59%
------average encoder activity 0.208
-----------average decoder density 0.4121
step 34850: train loss 1.7612, val loss 2.0624
saving checkpoint to out-novel-char3_LGT723F_3d25ede0cfd080d9e35756b051dcef65
done saving checkpoint to out-novel-char3_LGT723F_3d25ede0cfd080d9e35756b051dcef65
model:LGT723F iter 34850: loss 1.6347, time 29947.87ms, mfu 5.98%
model:LGT723F iter 34860: loss 1.7606, time 1757.05ms, mfu 6.16%
model:LGT723F iter 34870: loss 1.8973, time 1754.42ms, mfu 6.33%
model:LGT723F iter 34880: loss 1.9107, time 1767.18ms, mfu 6.47%
model:LGT723F iter 34890: loss 1.5387, time 1774.06ms, mfu 6.60%
------average encoder activity 0.208
-----------average decoder density 0.4096
step 34900: train loss 1.7798, val loss 2.0808
saving checkpoint to out-novel-char3_LGT723F_3d25ede0cfd080d9e35756b051dcef65
done saving checkpoint to out-novel-char3_LGT723F_3d25ede0cfd080d9e35756b051dcef65
model:LGT723F iter 34900: loss 1.7120, time 30255.76ms, mfu 5.98%
model:LGT723F iter 34910: loss 2.0981, time 1765.33ms, mfu 6.16%
model:LGT723F iter 34920: loss 1.9082, time 1756.10ms, mfu 6.33%
model:LGT723F iter 34930: loss 1.6472, time 1767.83ms, mfu 6.47%
model:LGT723F iter 34940: loss 1.5955, time 1766.55ms, mfu 6.60%
------average encoder activity 0.209
-----------average decoder density 0.4606
step 34950: train loss 1.7823, val loss 2.0674
saving checkpoint to out-novel-char3_LGT723F_3d25ede0cfd080d9e35756b051dcef65
done saving checkpoint to out-novel-char3_LGT723F_3d25ede0cfd080d9e35756b051dcef65
model:LGT723F iter 34950: loss 1.6763, time 30133.54ms, mfu 5.99%
model:LGT723F iter 34960: loss 1.8173, time 1756.59ms, mfu 6.17%
model:LGT723F iter 34970: loss 1.8003, time 1769.59ms, mfu 6.33%
model:LGT723F iter 34980: loss 1.8688, time 1757.55ms, mfu 6.48%
model:LGT723F iter 34990: loss 1.9270, time 1789.50ms, mfu 6.59%
------average encoder activity 0.208
-----------average decoder density 0.4248
step 35000: train loss 1.7597, val loss 2.0778
saving checkpoint to out-novel-char3_LGT723F_3d25ede0cfd080d9e35756b051dcef65
done saving checkpoint to out-novel-char3_LGT723F_3d25ede0cfd080d9e35756b051dcef65
model:LGT723F iter 35000: loss 1.4766, time 30220.10ms, mfu 5.98%
model:LGT723F iter 35010: loss 1.5711, time 1765.70ms, mfu 6.16%
model:LGT723F iter 35020: loss 1.6110, time 1761.47ms, mfu 6.32%
model:LGT723F iter 35030: loss 1.7130, time 1760.97ms, mfu 6.47%
model:LGT723F iter 35040: loss 1.5553, time 1765.70ms, mfu 6.60%
------average encoder activity 0.207
-----------average decoder density 0.4345
step 35050: train loss 1.7658, val loss 2.0615
saving checkpoint to out-novel-char3_LGT723F_3d25ede0cfd080d9e35756b051dcef65
done saving checkpoint to out-novel-char3_LGT723F_3d25ede0cfd080d9e35756b051dcef65
model:LGT723F iter 35050: loss 1.6814, time 30369.26ms, mfu 5.99%
model:LGT723F iter 35060: loss 1.6830, time 1757.10ms, mfu 6.17%
model:LGT723F iter 35070: loss 1.6071, time 1761.24ms, mfu 6.33%
model:LGT723F iter 35080: loss 1.4211, time 1764.10ms, mfu 6.48%
model:LGT723F iter 35090: loss 1.3281, time 1761.93ms, mfu 6.61%
------average encoder activity 0.209
-----------average decoder density 0.4573
step 35100: train loss 1.7785, val loss 2.0624
saving checkpoint to out-novel-char3_LGT723F_3d25ede0cfd080d9e35756b051dcef65
done saving checkpoint to out-novel-char3_LGT723F_3d25ede0cfd080d9e35756b051dcef65
model:LGT723F iter 35100: loss 1.7492, time 30355.97ms, mfu 5.99%
model:LGT723F iter 35110: loss 1.6305, time 1762.46ms, mfu 6.17%
model:LGT723F iter 35120: loss 1.8301, time 1760.44ms, mfu 6.33%
model:LGT723F iter 35130: loss 1.5397, time 1764.61ms, mfu 6.48%
model:LGT723F iter 35140: loss 1.7886, time 1763.67ms, mfu 6.61%
------average encoder activity 0.210
-----------average decoder density 0.4065
step 35150: train loss 1.7500, val loss 2.0910
saving checkpoint to out-novel-char3_LGT723F_3d25ede0cfd080d9e35756b051dcef65
done saving checkpoint to out-novel-char3_LGT723F_3d25ede0cfd080d9e35756b051dcef65
model:LGT723F iter 35150: loss 1.7235, time 29890.81ms, mfu 5.99%
model:LGT723F iter 35160: loss 1.7993, time 1769.65ms, mfu 6.17%
model:LGT723F iter 35170: loss 1.6211, time 1768.63ms, mfu 6.33%
model:LGT723F iter 35180: loss 1.8413, time 1752.41ms, mfu 6.48%
model:LGT723F iter 35190: loss 1.7832, time 1762.44ms, mfu 6.61%
------average encoder activity 0.210
-----------average decoder density 0.4149
step 35200: train loss 1.7480, val loss 2.0637
saving checkpoint to out-novel-char3_LGT723F_3d25ede0cfd080d9e35756b051dcef65
done saving checkpoint to out-novel-char3_LGT723F_3d25ede0cfd080d9e35756b051dcef65
model:LGT723F iter 35200: loss 1.6442, time 29911.60ms, mfu 5.99%
model:LGT723F iter 35210: loss 1.5374, time 1762.46ms, mfu 6.17%
model:LGT723F iter 35220: loss 1.6607, time 1756.33ms, mfu 6.34%
model:LGT723F iter 35230: loss 1.8893, time 1774.18ms, mfu 6.48%
model:LGT723F iter 35240: loss 1.2762, time 1773.21ms, mfu 6.60%
------average encoder activity 0.210
-----------average decoder density 0.4010
step 35250: train loss 1.7532, val loss 2.0593
saving checkpoint to out-novel-char3_LGT723F_3d25ede0cfd080d9e35756b051dcef65
done saving checkpoint to out-novel-char3_LGT723F_3d25ede0cfd080d9e35756b051dcef65
model:LGT723F iter 35250: loss 1.3322, time 30176.92ms, mfu 5.99%
model:LGT723F iter 35260: loss 1.5147, time 1760.69ms, mfu 6.17%
model:LGT723F iter 35270: loss 1.7683, time 1768.47ms, mfu 6.33%
model:LGT723F iter 35280: loss 1.8786, time 1774.58ms, mfu 6.47%
model:LGT723F iter 35290: loss 1.3646, time 1760.80ms, mfu 6.60%
------average encoder activity 0.209
-----------average decoder density 0.4491
step 35300: train loss 1.7790, val loss 2.0324
saving checkpoint to out-novel-char3_LGT723F_3d25ede0cfd080d9e35756b051dcef65
done saving checkpoint to out-novel-char3_LGT723F_3d25ede0cfd080d9e35756b051dcef65
model:LGT723F iter 35300: loss 1.9022, time 29845.62ms, mfu 5.99%
model:LGT723F iter 35310: loss 1.6992, time 1773.06ms, mfu 6.16%
model:LGT723F iter 35320: loss 1.3326, time 1767.03ms, mfu 6.32%
model:LGT723F iter 35330: loss 2.1387, time 1774.31ms, mfu 6.46%
model:LGT723F iter 35340: loss 1.5146, time 1759.05ms, mfu 6.60%
------average encoder activity 0.209
-----------average decoder density 0.3663
step 35350: train loss 1.8001, val loss 2.0666
saving checkpoint to out-novel-char3_LGT723F_3d25ede0cfd080d9e35756b051dcef65
done saving checkpoint to out-novel-char3_LGT723F_3d25ede0cfd080d9e35756b051dcef65
model:LGT723F iter 35350: loss 1.7982, time 30054.71ms, mfu 5.98%
model:LGT723F iter 35360: loss 1.8640, time 1770.92ms, mfu 6.16%
model:LGT723F iter 35370: loss 1.6796, time 1765.41ms, mfu 6.32%
model:LGT723F iter 35380: loss 1.7829, time 1771.20ms, mfu 6.46%
model:LGT723F iter 35390: loss 1.8688, time 1750.13ms, mfu 6.60%
------average encoder activity 0.208
-----------average decoder density 0.3985
step 35400: train loss 1.7635, val loss 2.0728
saving checkpoint to out-novel-char3_LGT723F_3d25ede0cfd080d9e35756b051dcef65
done saving checkpoint to out-novel-char3_LGT723F_3d25ede0cfd080d9e35756b051dcef65
model:LGT723F iter 35400: loss 1.5493, time 30119.61ms, mfu 5.99%
model:LGT723F iter 35410: loss 1.8157, time 1769.05ms, mfu 6.16%
model:LGT723F iter 35420: loss 1.7793, time 1793.04ms, mfu 6.31%
model:LGT723F iter 35430: loss 1.5179, time 1757.05ms, mfu 6.46%
model:LGT723F iter 35440: loss 1.7338, time 1775.44ms, mfu 6.59%
------average encoder activity 0.209
-----------average decoder density 0.3853
step 35450: train loss 1.7562, val loss 2.0703
saving checkpoint to out-novel-char3_LGT723F_3d25ede0cfd080d9e35756b051dcef65
done saving checkpoint to out-novel-char3_LGT723F_3d25ede0cfd080d9e35756b051dcef65
model:LGT723F iter 35450: loss 1.7091, time 30179.29ms, mfu 5.98%
model:LGT723F iter 35460: loss 1.6792, time 1760.20ms, mfu 6.16%
model:LGT723F iter 35470: loss 1.7612, time 1770.75ms, mfu 6.32%
model:LGT723F iter 35480: loss 1.8129, time 1760.49ms, mfu 6.47%
model:LGT723F iter 35490: loss 1.6292, time 1755.44ms, mfu 6.60%
------average encoder activity 0.209
-----------average decoder density 0.4281
step 35500: train loss 1.7682, val loss 2.0435
saving checkpoint to out-novel-char3_LGT723F_3d25ede0cfd080d9e35756b051dcef65
done saving checkpoint to out-novel-char3_LGT723F_3d25ede0cfd080d9e35756b051dcef65
model:LGT723F iter 35500: loss 1.6255, time 29405.70ms, mfu 5.99%
model:LGT723F iter 35510: loss 1.6273, time 1758.43ms, mfu 6.17%
model:LGT723F iter 35520: loss 1.8176, time 1748.81ms, mfu 6.34%
model:LGT723F iter 35530: loss 1.8957, time 1747.48ms, mfu 6.49%
model:LGT723F iter 35540: loss 2.1671, time 1768.14ms, mfu 6.62%
------average encoder activity 0.209
-----------average decoder density 0.4273
step 35550: train loss 1.7456, val loss 2.0763
saving checkpoint to out-novel-char3_LGT723F_3d25ede0cfd080d9e35756b051dcef65
done saving checkpoint to out-novel-char3_LGT723F_3d25ede0cfd080d9e35756b051dcef65
model:LGT723F iter 35550: loss 1.8126, time 29503.47ms, mfu 6.00%
model:LGT723F iter 35560: loss 1.8215, time 1767.08ms, mfu 6.18%
model:LGT723F iter 35570: loss 1.5665, time 1759.95ms, mfu 6.34%
model:LGT723F iter 35580: loss 1.7850, time 1763.54ms, mfu 6.48%
model:LGT723F iter 35590: loss 1.6542, time 1754.73ms, mfu 6.62%
------average encoder activity 0.209
-----------average decoder density 0.4310
step 35600: train loss 1.7792, val loss 2.0792
saving checkpoint to out-novel-char3_LGT723F_3d25ede0cfd080d9e35756b051dcef65
done saving checkpoint to out-novel-char3_LGT723F_3d25ede0cfd080d9e35756b051dcef65
model:LGT723F iter 35600: loss 1.5915, time 29838.27ms, mfu 6.00%
model:LGT723F iter 35610: loss 1.8693, time 1765.20ms, mfu 6.18%
model:LGT723F iter 35620: loss 1.8384, time 1756.98ms, mfu 6.34%
model:LGT723F iter 35630: loss 1.7714, time 1762.16ms, mfu 6.49%
model:LGT723F iter 35640: loss 1.7933, time 1760.83ms, mfu 6.62%
------average encoder activity 0.208
-----------average decoder density 0.3959
step 35650: train loss 1.7776, val loss 2.0945
saving checkpoint to out-novel-char3_LGT723F_3d25ede0cfd080d9e35756b051dcef65
done saving checkpoint to out-novel-char3_LGT723F_3d25ede0cfd080d9e35756b051dcef65
model:LGT723F iter 35650: loss 1.8206, time 29989.84ms, mfu 6.00%
model:LGT723F iter 35660: loss 1.8065, time 1750.16ms, mfu 6.19%
model:LGT723F iter 35670: loss 1.7474, time 1762.02ms, mfu 6.35%
model:LGT723F iter 35680: loss 1.4370, time 1769.59ms, mfu 6.49%
model:LGT723F iter 35690: loss 1.9641, time 1758.06ms, mfu 6.62%
------average encoder activity 0.208
-----------average decoder density 0.4463
step 35700: train loss 1.7406, val loss 2.0576
saving checkpoint to out-novel-char3_LGT723F_3d25ede0cfd080d9e35756b051dcef65
done saving checkpoint to out-novel-char3_LGT723F_3d25ede0cfd080d9e35756b051dcef65
model:LGT723F iter 35700: loss 1.8832, time 29830.26ms, mfu 6.00%
model:LGT723F iter 35710: loss 1.4699, time 1771.14ms, mfu 6.18%
model:LGT723F iter 35720: loss 1.4021, time 1763.79ms, mfu 6.34%
model:LGT723F iter 35730: loss 1.8089, time 1758.45ms, mfu 6.48%
model:LGT723F iter 35740: loss 1.6185, time 1759.78ms, mfu 6.62%
------average encoder activity 0.209
-----------average decoder density 0.4364
step 35750: train loss 1.7580, val loss 2.1004
saving checkpoint to out-novel-char3_LGT723F_3d25ede0cfd080d9e35756b051dcef65
done saving checkpoint to out-novel-char3_LGT723F_3d25ede0cfd080d9e35756b051dcef65
model:LGT723F iter 35750: loss 1.8157, time 29718.16ms, mfu 6.00%
model:LGT723F iter 35760: loss 1.6491, time 1754.92ms, mfu 6.18%
model:LGT723F iter 35770: loss 1.5369, time 1750.89ms, mfu 6.35%
model:LGT723F iter 35780: loss 1.8335, time 1762.32ms, mfu 6.49%
model:LGT723F iter 35790: loss 1.5467, time 1758.78ms, mfu 6.62%
------average encoder activity 0.208
-----------average decoder density 0.3915
step 35800: train loss 1.7446, val loss 2.0832
saving checkpoint to out-novel-char3_LGT723F_3d25ede0cfd080d9e35756b051dcef65
done saving checkpoint to out-novel-char3_LGT723F_3d25ede0cfd080d9e35756b051dcef65
model:LGT723F iter 35800: loss 1.6869, time 29363.10ms, mfu 6.01%
model:LGT723F iter 35810: loss 1.7891, time 1755.21ms, mfu 6.19%
model:LGT723F iter 35820: loss 1.7714, time 1758.96ms, mfu 6.35%
model:LGT723F iter 35830: loss 1.5441, time 1757.49ms, mfu 6.50%
model:LGT723F iter 35840: loss 1.6716, time 1766.21ms, mfu 6.62%
------average encoder activity 0.209
-----------average decoder density 0.4037
step 35850: train loss 1.7544, val loss 2.0578
saving checkpoint to out-novel-char3_LGT723F_3d25ede0cfd080d9e35756b051dcef65
done saving checkpoint to out-novel-char3_LGT723F_3d25ede0cfd080d9e35756b051dcef65
model:LGT723F iter 35850: loss 1.7890, time 29882.73ms, mfu 6.01%
model:LGT723F iter 35860: loss 1.6022, time 1760.65ms, mfu 6.19%
model:LGT723F iter 35870: loss 1.7809, time 1754.84ms, mfu 6.35%
model:LGT723F iter 35880: loss 1.7041, time 1762.93ms, mfu 6.49%
model:LGT723F iter 35890: loss 1.5196, time 1761.73ms, mfu 6.62%
------average encoder activity 0.209
-----------average decoder density 0.4070
step 35900: train loss 1.7764, val loss 2.0518
saving checkpoint to out-novel-char3_LGT723F_3d25ede0cfd080d9e35756b051dcef65
done saving checkpoint to out-novel-char3_LGT723F_3d25ede0cfd080d9e35756b051dcef65
model:LGT723F iter 35900: loss 1.9739, time 29938.69ms, mfu 6.01%
model:LGT723F iter 35910: loss 1.7263, time 1772.06ms, mfu 6.18%
model:LGT723F iter 35920: loss 1.9400, time 1756.25ms, mfu 6.34%
model:LGT723F iter 35930: loss 1.5696, time 1775.30ms, mfu 6.48%
model:LGT723F iter 35940: loss 1.3681, time 1760.08ms, mfu 6.61%
------average encoder activity 0.208
-----------average decoder density 0.3931
step 35950: train loss 1.7385, val loss 2.0755
saving checkpoint to out-novel-char3_LGT723F_3d25ede0cfd080d9e35756b051dcef65
done saving checkpoint to out-novel-char3_LGT723F_3d25ede0cfd080d9e35756b051dcef65
model:LGT723F iter 35950: loss 1.6446, time 30068.41ms, mfu 6.00%
model:LGT723F iter 35960: loss 1.7380, time 1774.81ms, mfu 6.17%
model:LGT723F iter 35970: loss 1.9525, time 1768.23ms, mfu 6.33%
model:LGT723F iter 35980: loss 1.6303, time 1767.78ms, mfu 6.47%
model:LGT723F iter 35990: loss 1.9385, time 1772.96ms, mfu 6.60%
------average encoder activity 0.209
-----------average decoder density 0.4250
step 36000: train loss 1.7641, val loss 2.0616
saving checkpoint to out-novel-char3_LGT723F_3d25ede0cfd080d9e35756b051dcef65
done saving checkpoint to out-novel-char3_LGT723F_3d25ede0cfd080d9e35756b051dcef65
model:LGT723F iter 36000: loss 1.3878, time 29649.03ms, mfu 5.99%
model:LGT723F iter 36010: loss 1.6640, time 1768.48ms, mfu 6.16%
model:LGT723F iter 36020: loss 1.9412, time 1763.43ms, mfu 6.33%
model:LGT723F iter 36030: loss 1.4603, time 1759.57ms, mfu 6.47%
model:LGT723F iter 36040: loss 1.6406, time 1782.18ms, mfu 6.60%
------average encoder activity 0.208
-----------average decoder density 0.4576
step 36050: train loss 1.7597, val loss 2.0904
saving checkpoint to out-novel-char3_LGT723F_3d25ede0cfd080d9e35756b051dcef65
done saving checkpoint to out-novel-char3_LGT723F_3d25ede0cfd080d9e35756b051dcef65
model:LGT723F iter 36050: loss 1.3753, time 29984.94ms, mfu 5.98%
model:LGT723F iter 36060: loss 1.8262, time 1771.89ms, mfu 6.16%
model:LGT723F iter 36070: loss 1.5261, time 1771.13ms, mfu 6.32%
model:LGT723F iter 36080: loss 1.7134, time 1766.12ms, mfu 6.46%
model:LGT723F iter 36090: loss 1.4776, time 1763.67ms, mfu 6.59%
------average encoder activity 0.207
-----------average decoder density 0.4342
step 36100: train loss 1.7562, val loss 2.0833
saving checkpoint to out-novel-char3_LGT723F_3d25ede0cfd080d9e35756b051dcef65
done saving checkpoint to out-novel-char3_LGT723F_3d25ede0cfd080d9e35756b051dcef65
model:LGT723F iter 36100: loss 1.7533, time 29669.44ms, mfu 5.98%
model:LGT723F iter 36110: loss 1.5072, time 1750.51ms, mfu 6.17%
model:LGT723F iter 36120: loss 1.7514, time 1761.60ms, mfu 6.33%
model:LGT723F iter 36130: loss 1.7244, time 1754.63ms, mfu 6.48%
model:LGT723F iter 36140: loss 1.7234, time 1768.35ms, mfu 6.61%
------average encoder activity 0.209
-----------average decoder density 0.4330
step 36150: train loss 1.7590, val loss 2.0815
saving checkpoint to out-novel-char3_LGT723F_3d25ede0cfd080d9e35756b051dcef65
done saving checkpoint to out-novel-char3_LGT723F_3d25ede0cfd080d9e35756b051dcef65
model:LGT723F iter 36150: loss 1.8068, time 29701.41ms, mfu 5.99%
model:LGT723F iter 36160: loss 1.9344, time 1758.39ms, mfu 6.17%
model:LGT723F iter 36170: loss 1.6734, time 1756.06ms, mfu 6.34%
model:LGT723F iter 36180: loss 1.8979, time 1759.42ms, mfu 6.48%
model:LGT723F iter 36190: loss 1.7037, time 1763.06ms, mfu 6.61%
------average encoder activity 0.208
-----------average decoder density 0.4353
step 36200: train loss 1.7545, val loss 2.0816
saving checkpoint to out-novel-char3_LGT723F_3d25ede0cfd080d9e35756b051dcef65
done saving checkpoint to out-novel-char3_LGT723F_3d25ede0cfd080d9e35756b051dcef65
model:LGT723F iter 36200: loss 1.6305, time 29483.37ms, mfu 6.00%
model:LGT723F iter 36210: loss 1.6406, time 1774.13ms, mfu 6.17%
model:LGT723F iter 36220: loss 1.6757, time 1767.96ms, mfu 6.33%
model:LGT723F iter 36230: loss 1.7397, time 1764.90ms, mfu 6.48%
model:LGT723F iter 36240: loss 1.6466, time 1767.74ms, mfu 6.61%
------average encoder activity 0.207
-----------average decoder density 0.3968
step 36250: train loss 1.7493, val loss 2.0925
saving checkpoint to out-novel-char3_LGT723F_3d25ede0cfd080d9e35756b051dcef65
done saving checkpoint to out-novel-char3_LGT723F_3d25ede0cfd080d9e35756b051dcef65
model:LGT723F iter 36250: loss 1.3292, time 29541.08ms, mfu 5.99%
model:LGT723F iter 36260: loss 1.4681, time 1759.90ms, mfu 6.17%
model:LGT723F iter 36270: loss 1.5149, time 1762.13ms, mfu 6.33%
model:LGT723F iter 36280: loss 1.5976, time 1745.21ms, mfu 6.49%
model:LGT723F iter 36290: loss 1.7492, time 1772.00ms, mfu 6.61%
------average encoder activity 0.208
-----------average decoder density 0.4302
step 36300: train loss 1.7612, val loss 2.0659
saving checkpoint to out-novel-char3_LGT723F_3d25ede0cfd080d9e35756b051dcef65
done saving checkpoint to out-novel-char3_LGT723F_3d25ede0cfd080d9e35756b051dcef65
model:LGT723F iter 36300: loss 2.0259, time 29941.65ms, mfu 6.00%
model:LGT723F iter 36310: loss 1.7666, time 1757.13ms, mfu 6.18%
model:LGT723F iter 36320: loss 1.8102, time 1784.53ms, mfu 6.33%
model:LGT723F iter 36330: loss 1.6276, time 1758.11ms, mfu 6.48%
model:LGT723F iter 36340: loss 1.9886, time 1779.65ms, mfu 6.60%
------average encoder activity 0.207
-----------average decoder density 0.4021
step 36350: train loss 1.7422, val loss 2.0849
saving checkpoint to out-novel-char3_LGT723F_3d25ede0cfd080d9e35756b051dcef65
done saving checkpoint to out-novel-char3_LGT723F_3d25ede0cfd080d9e35756b051dcef65
model:LGT723F iter 36350: loss 1.3645, time 30175.00ms, mfu 5.99%
model:LGT723F iter 36360: loss 1.5686, time 1758.47ms, mfu 6.17%
model:LGT723F iter 36370: loss 1.6810, time 1765.23ms, mfu 6.33%
model:LGT723F iter 36380: loss 1.5990, time 1770.00ms, mfu 6.47%
model:LGT723F iter 36390: loss 1.8282, time 1756.86ms, mfu 6.61%
------average encoder activity 0.207
-----------average decoder density 0.3882
step 36400: train loss 1.7375, val loss 2.0874
saving checkpoint to out-novel-char3_LGT723F_3d25ede0cfd080d9e35756b051dcef65
done saving checkpoint to out-novel-char3_LGT723F_3d25ede0cfd080d9e35756b051dcef65
model:LGT723F iter 36400: loss 1.6310, time 29867.21ms, mfu 5.99%
model:LGT723F iter 36410: loss 1.6026, time 1771.36ms, mfu 6.17%
model:LGT723F iter 36420: loss 1.9688, time 1759.83ms, mfu 6.33%
model:LGT723F iter 36430: loss 1.6026, time 1767.28ms, mfu 6.47%
model:LGT723F iter 36440: loss 1.9736, time 1775.82ms, mfu 6.60%
------average encoder activity 0.207
-----------average decoder density 0.3945
step 36450: train loss 1.7584, val loss 2.0887
saving checkpoint to out-novel-char3_LGT723F_3d25ede0cfd080d9e35756b051dcef65
done saving checkpoint to out-novel-char3_LGT723F_3d25ede0cfd080d9e35756b051dcef65
model:LGT723F iter 36450: loss 1.5570, time 29967.64ms, mfu 5.98%
model:LGT723F iter 36460: loss 1.6475, time 1751.46ms, mfu 6.17%
model:LGT723F iter 36470: loss 1.9218, time 1769.71ms, mfu 6.33%
model:LGT723F iter 36480: loss 1.5335, time 1757.03ms, mfu 6.48%
model:LGT723F iter 36490: loss 1.7703, time 1757.01ms, mfu 6.61%
------average encoder activity 0.207
-----------average decoder density 0.4220
step 36500: train loss 1.7558, val loss 2.0555
saving checkpoint to out-novel-char3_LGT723F_3d25ede0cfd080d9e35756b051dcef65
done saving checkpoint to out-novel-char3_LGT723F_3d25ede0cfd080d9e35756b051dcef65
model:LGT723F iter 36500: loss 1.3935, time 30125.01ms, mfu 5.99%
model:LGT723F iter 36510: loss 1.7895, time 1761.68ms, mfu 6.17%
model:LGT723F iter 36520: loss 1.8364, time 1760.77ms, mfu 6.34%
model:LGT723F iter 36530: loss 2.1482, time 1761.23ms, mfu 6.48%
model:LGT723F iter 36540: loss 1.4449, time 1762.13ms, mfu 6.61%
------average encoder activity 0.207
-----------average decoder density 0.3987
step 36550: train loss 1.7494, val loss 2.0571
saving checkpoint to out-novel-char3_LGT723F_3d25ede0cfd080d9e35756b051dcef65
done saving checkpoint to out-novel-char3_LGT723F_3d25ede0cfd080d9e35756b051dcef65
model:LGT723F iter 36550: loss 1.7853, time 29787.02ms, mfu 6.00%
model:LGT723F iter 36560: loss 1.7151, time 1764.93ms, mfu 6.18%
model:LGT723F iter 36570: loss 1.9445, time 1767.78ms, mfu 6.33%
model:LGT723F iter 36580: loss 1.6485, time 1771.37ms, mfu 6.48%
model:LGT723F iter 36590: loss 1.9476, time 1749.89ms, mfu 6.61%
------average encoder activity 0.207
-----------average decoder density 0.4087
step 36600: train loss 1.7665, val loss 2.0559
saving checkpoint to out-novel-char3_LGT723F_3d25ede0cfd080d9e35756b051dcef65
done saving checkpoint to out-novel-char3_LGT723F_3d25ede0cfd080d9e35756b051dcef65
model:LGT723F iter 36600: loss 1.5084, time 29853.42ms, mfu 6.00%
model:LGT723F iter 36610: loss 1.9307, time 1769.95ms, mfu 6.17%
model:LGT723F iter 36620: loss 1.6966, time 1777.25ms, mfu 6.33%
model:LGT723F iter 36630: loss 1.2987, time 1767.55ms, mfu 6.47%
model:LGT723F iter 36640: loss 1.9313, time 1759.38ms, mfu 6.60%
------average encoder activity 0.208
-----------average decoder density 0.4009
step 36650: train loss 1.7304, val loss 2.0585
saving checkpoint to out-novel-char3_LGT723F_3d25ede0cfd080d9e35756b051dcef65
done saving checkpoint to out-novel-char3_LGT723F_3d25ede0cfd080d9e35756b051dcef65
model:LGT723F iter 36650: loss 1.5148, time 30113.83ms, mfu 5.99%
model:LGT723F iter 36660: loss 1.6434, time 1764.46ms, mfu 6.17%
model:LGT723F iter 36670: loss 1.6317, time 1763.79ms, mfu 6.33%
model:LGT723F iter 36680: loss 1.6295, time 1758.43ms, mfu 6.48%
model:LGT723F iter 36690: loss 1.6212, time 1775.00ms, mfu 6.60%
------average encoder activity 0.207
-----------average decoder density 0.4134
step 36700: train loss 1.7302, val loss 2.0574
saving checkpoint to out-novel-char3_LGT723F_3d25ede0cfd080d9e35756b051dcef65
done saving checkpoint to out-novel-char3_LGT723F_3d25ede0cfd080d9e35756b051dcef65
model:LGT723F iter 36700: loss 1.8313, time 29958.83ms, mfu 5.99%
model:LGT723F iter 36710: loss 1.6426, time 1757.04ms, mfu 6.17%
model:LGT723F iter 36720: loss 1.8136, time 1753.24ms, mfu 6.34%
model:LGT723F iter 36730: loss 1.7506, time 1764.18ms, mfu 6.48%
model:LGT723F iter 36740: loss 1.5446, time 1764.19ms, mfu 6.61%
------average encoder activity 0.207
-----------average decoder density 0.4518
step 36750: train loss 1.7835, val loss 2.0796
saving checkpoint to out-novel-char3_LGT723F_3d25ede0cfd080d9e35756b051dcef65
done saving checkpoint to out-novel-char3_LGT723F_3d25ede0cfd080d9e35756b051dcef65
model:LGT723F iter 36750: loss 1.7227, time 29913.84ms, mfu 6.00%
model:LGT723F iter 36760: loss 1.9671, time 1744.34ms, mfu 6.18%
model:LGT723F iter 36770: loss 1.5066, time 1773.62ms, mfu 6.34%
model:LGT723F iter 36780: loss 1.8557, time 1751.61ms, mfu 6.49%
model:LGT723F iter 36790: loss 1.7485, time 1755.08ms, mfu 6.62%
------average encoder activity 0.207
-----------average decoder density 0.4299
step 36800: train loss 1.7363, val loss 2.0829
saving checkpoint to out-novel-char3_LGT723F_3d25ede0cfd080d9e35756b051dcef65
done saving checkpoint to out-novel-char3_LGT723F_3d25ede0cfd080d9e35756b051dcef65
model:LGT723F iter 36800: loss 1.3911, time 29745.20ms, mfu 6.00%
model:LGT723F iter 36810: loss 1.6160, time 1781.08ms, mfu 6.18%
model:LGT723F iter 36820: loss 1.6624, time 1766.70ms, mfu 6.33%
model:LGT723F iter 36830: loss 1.7254, time 1762.49ms, mfu 6.48%
model:LGT723F iter 36840: loss 1.4292, time 1764.73ms, mfu 6.61%
------average encoder activity 0.208
-----------average decoder density 0.3779
step 36850: train loss 1.7489, val loss 2.0753
saving checkpoint to out-novel-char3_LGT723F_3d25ede0cfd080d9e35756b051dcef65
done saving checkpoint to out-novel-char3_LGT723F_3d25ede0cfd080d9e35756b051dcef65
model:LGT723F iter 36850: loss 1.5098, time 30103.79ms, mfu 5.99%
model:LGT723F iter 36860: loss 1.6230, time 1781.42ms, mfu 6.17%
model:LGT723F iter 36870: loss 1.7501, time 1763.29ms, mfu 6.33%
model:LGT723F iter 36880: loss 1.4443, time 1766.62ms, mfu 6.47%
model:LGT723F iter 36890: loss 1.7166, time 1766.02ms, mfu 6.60%
------average encoder activity 0.209
-----------average decoder density 0.4319
step 36900: train loss 1.7386, val loss 2.0610
saving checkpoint to out-novel-char3_LGT723F_3d25ede0cfd080d9e35756b051dcef65
done saving checkpoint to out-novel-char3_LGT723F_3d25ede0cfd080d9e35756b051dcef65
model:LGT723F iter 36900: loss 1.6009, time 29847.03ms, mfu 5.99%
model:LGT723F iter 36910: loss 1.7513, time 1756.68ms, mfu 6.17%
model:LGT723F iter 36920: loss 1.9815, time 1753.03ms, mfu 6.34%
model:LGT723F iter 36930: loss 1.9006, time 1759.33ms, mfu 6.48%
model:LGT723F iter 36940: loss 1.9137, time 1759.36ms, mfu 6.61%
------average encoder activity 0.210
-----------average decoder density 0.4292
step 36950: train loss 1.7564, val loss 2.0745
saving checkpoint to out-novel-char3_LGT723F_3d25ede0cfd080d9e35756b051dcef65
done saving checkpoint to out-novel-char3_LGT723F_3d25ede0cfd080d9e35756b051dcef65
model:LGT723F iter 36950: loss 1.9850, time 29390.61ms, mfu 6.00%
model:LGT723F iter 36960: loss 1.6707, time 1759.31ms, mfu 6.18%
model:LGT723F iter 36970: loss 1.8406, time 1767.58ms, mfu 6.34%
model:LGT723F iter 36980: loss 1.4672, time 1761.37ms, mfu 6.48%
model:LGT723F iter 36990: loss 1.7676, time 1762.27ms, mfu 6.61%
------average encoder activity 0.210
-----------average decoder density 0.3991
step 37000: train loss 1.7519, val loss 2.0759
saving checkpoint to out-novel-char3_LGT723F_3d25ede0cfd080d9e35756b051dcef65
done saving checkpoint to out-novel-char3_LGT723F_3d25ede0cfd080d9e35756b051dcef65
model:LGT723F iter 37000: loss 1.5977, time 29406.43ms, mfu 6.00%
model:LGT723F iter 37010: loss 1.7393, time 1764.23ms, mfu 6.18%
model:LGT723F iter 37020: loss 1.8525, time 1763.33ms, mfu 6.34%
model:LGT723F iter 37030: loss 1.6150, time 1770.20ms, mfu 6.48%
model:LGT723F iter 37040: loss 1.8611, time 1761.10ms, mfu 6.61%
------average encoder activity 0.209
-----------average decoder density 0.4226
step 37050: train loss 1.7333, val loss 2.0627
saving checkpoint to out-novel-char3_LGT723F_3d25ede0cfd080d9e35756b051dcef65
done saving checkpoint to out-novel-char3_LGT723F_3d25ede0cfd080d9e35756b051dcef65
model:LGT723F iter 37050: loss 1.4645, time 30136.69ms, mfu 6.00%
model:LGT723F iter 37060: loss 1.8709, time 1767.34ms, mfu 6.17%
model:LGT723F iter 37070: loss 1.5761, time 1757.03ms, mfu 6.34%
model:LGT723F iter 37080: loss 1.4111, time 1754.55ms, mfu 6.48%
model:LGT723F iter 37090: loss 1.7299, time 1758.61ms, mfu 6.62%
------average encoder activity 0.209
-----------average decoder density 0.4336
step 37100: train loss 1.7574, val loss 2.0807
saving checkpoint to out-novel-char3_LGT723F_3d25ede0cfd080d9e35756b051dcef65
done saving checkpoint to out-novel-char3_LGT723F_3d25ede0cfd080d9e35756b051dcef65
model:LGT723F iter 37100: loss 1.4444, time 29903.50ms, mfu 6.00%
model:LGT723F iter 37110: loss 1.7059, time 1765.98ms, mfu 6.18%
model:LGT723F iter 37120: loss 1.9167, time 1760.75ms, mfu 6.34%
model:LGT723F iter 37130: loss 1.8565, time 1764.82ms, mfu 6.48%
model:LGT723F iter 37140: loss 1.7884, time 1749.70ms, mfu 6.62%
------average encoder activity 0.209
-----------average decoder density 0.4112
step 37150: train loss 1.7437, val loss 2.0733
saving checkpoint to out-novel-char3_LGT723F_3d25ede0cfd080d9e35756b051dcef65
done saving checkpoint to out-novel-char3_LGT723F_3d25ede0cfd080d9e35756b051dcef65
model:LGT723F iter 37150: loss 1.6293, time 29570.26ms, mfu 6.00%
model:LGT723F iter 37160: loss 1.9027, time 1760.93ms, mfu 6.18%
model:LGT723F iter 37170: loss 1.5474, time 1752.48ms, mfu 6.35%
model:LGT723F iter 37180: loss 1.8473, time 1757.83ms, mfu 6.49%
model:LGT723F iter 37190: loss 1.8152, time 1775.11ms, mfu 6.62%
------average encoder activity 0.208
-----------average decoder density 0.4602
step 37200: train loss 1.7456, val loss 2.0564
saving checkpoint to out-novel-char3_LGT723F_3d25ede0cfd080d9e35756b051dcef65
done saving checkpoint to out-novel-char3_LGT723F_3d25ede0cfd080d9e35756b051dcef65
model:LGT723F iter 37200: loss 1.6519, time 29232.21ms, mfu 6.00%
model:LGT723F iter 37210: loss 1.6291, time 1763.71ms, mfu 6.18%
model:LGT723F iter 37220: loss 1.6653, time 1774.44ms, mfu 6.34%
model:LGT723F iter 37230: loss 1.7891, time 1778.42ms, mfu 6.47%
model:LGT723F iter 37240: loss 1.5693, time 1760.37ms, mfu 6.61%
------average encoder activity 0.207
-----------average decoder density 0.4528
step 37250: train loss 1.7395, val loss 2.0746
saving checkpoint to out-novel-char3_LGT723F_3d25ede0cfd080d9e35756b051dcef65
done saving checkpoint to out-novel-char3_LGT723F_3d25ede0cfd080d9e35756b051dcef65
model:LGT723F iter 37250: loss 1.6822, time 30242.26ms, mfu 5.99%
model:LGT723F iter 37260: loss 1.6378, time 1774.93ms, mfu 6.17%
model:LGT723F iter 37270: loss 1.6318, time 1770.48ms, mfu 6.32%
model:LGT723F iter 37280: loss 1.4453, time 1746.54ms, mfu 6.48%
model:LGT723F iter 37290: loss 1.8848, time 1752.71ms, mfu 6.61%
------average encoder activity 0.207
-----------average decoder density 0.3810
step 37300: train loss 1.7566, val loss 2.0618
saving checkpoint to out-novel-char3_LGT723F_3d25ede0cfd080d9e35756b051dcef65
done saving checkpoint to out-novel-char3_LGT723F_3d25ede0cfd080d9e35756b051dcef65
model:LGT723F iter 37300: loss 1.5229, time 29622.90ms, mfu 6.00%
model:LGT723F iter 37310: loss 1.7018, time 1760.95ms, mfu 6.18%
model:LGT723F iter 37320: loss 1.6907, time 1755.45ms, mfu 6.34%
model:LGT723F iter 37330: loss 1.4187, time 1761.05ms, mfu 6.49%
model:LGT723F iter 37340: loss 1.5584, time 1757.32ms, mfu 6.62%
------average encoder activity 0.207
-----------average decoder density 0.4047
step 37350: train loss 1.7626, val loss 2.0804
saving checkpoint to out-novel-char3_LGT723F_3d25ede0cfd080d9e35756b051dcef65
done saving checkpoint to out-novel-char3_LGT723F_3d25ede0cfd080d9e35756b051dcef65
model:LGT723F iter 37350: loss 1.7806, time 29872.51ms, mfu 6.00%
model:LGT723F iter 37360: loss 1.5738, time 1759.98ms, mfu 6.18%
model:LGT723F iter 37370: loss 1.5366, time 1751.77ms, mfu 6.35%
model:LGT723F iter 37380: loss 1.9666, time 1771.11ms, mfu 6.49%
model:LGT723F iter 37390: loss 1.7596, time 1768.38ms, mfu 6.62%
------average encoder activity 0.207
-----------average decoder density 0.4247
step 37400: train loss 1.7518, val loss 2.0831
saving checkpoint to out-novel-char3_LGT723F_3d25ede0cfd080d9e35756b051dcef65
done saving checkpoint to out-novel-char3_LGT723F_3d25ede0cfd080d9e35756b051dcef65
model:LGT723F iter 37400: loss 1.7791, time 29790.96ms, mfu 6.00%
model:LGT723F iter 37410: loss 1.9286, time 1765.38ms, mfu 6.18%
model:LGT723F iter 37420: loss 1.6742, time 1752.43ms, mfu 6.34%
model:LGT723F iter 37430: loss 1.6589, time 1758.04ms, mfu 6.49%
model:LGT723F iter 37440: loss 1.9452, time 1760.12ms, mfu 6.62%
------average encoder activity 0.207
-----------average decoder density 0.4363
step 37450: train loss 1.7526, val loss 2.0637
saving checkpoint to out-novel-char3_LGT723F_3d25ede0cfd080d9e35756b051dcef65
done saving checkpoint to out-novel-char3_LGT723F_3d25ede0cfd080d9e35756b051dcef65
model:LGT723F iter 37450: loss 1.5465, time 29766.80ms, mfu 6.00%
model:LGT723F iter 37460: loss 1.8108, time 1756.63ms, mfu 6.18%
model:LGT723F iter 37470: loss 1.7140, time 1762.33ms, mfu 6.35%
model:LGT723F iter 37480: loss 1.6072, time 1754.48ms, mfu 6.49%
model:LGT723F iter 37490: loss 1.9637, time 1760.81ms, mfu 6.62%
------average encoder activity 0.207
-----------average decoder density 0.4243
step 37500: train loss 1.7203, val loss 2.0769
saving checkpoint to out-novel-char3_LGT723F_3d25ede0cfd080d9e35756b051dcef65
done saving checkpoint to out-novel-char3_LGT723F_3d25ede0cfd080d9e35756b051dcef65
model:LGT723F iter 37500: loss 1.6614, time 29889.64ms, mfu 6.01%
model:LGT723F iter 37510: loss 1.6660, time 1761.63ms, mfu 6.18%
model:LGT723F iter 37520: loss 1.5362, time 1784.57ms, mfu 6.34%
model:LGT723F iter 37530: loss 2.0893, time 1746.30ms, mfu 6.49%
model:LGT723F iter 37540: loss 1.2975, time 1759.30ms, mfu 6.62%
------average encoder activity 0.208
-----------average decoder density 0.4027
step 37550: train loss 1.7466, val loss 2.0346
saving checkpoint to out-novel-char3_LGT723F_3d25ede0cfd080d9e35756b051dcef65
done saving checkpoint to out-novel-char3_LGT723F_3d25ede0cfd080d9e35756b051dcef65
model:LGT723F iter 37550: loss 1.8491, time 29874.29ms, mfu 6.00%
model:LGT723F iter 37560: loss 1.5102, time 1758.18ms, mfu 6.18%
model:LGT723F iter 37570: loss 1.5423, time 1750.42ms, mfu 6.35%
model:LGT723F iter 37580: loss 1.3621, time 1752.33ms, mfu 6.50%
model:LGT723F iter 37590: loss 1.6567, time 1763.23ms, mfu 6.63%
------average encoder activity 0.206
-----------average decoder density 0.4027
step 37600: train loss 1.7118, val loss 2.0793
saving checkpoint to out-novel-char3_LGT723F_3d25ede0cfd080d9e35756b051dcef65
done saving checkpoint to out-novel-char3_LGT723F_3d25ede0cfd080d9e35756b051dcef65
model:LGT723F iter 37600: loss 1.8066, time 29552.64ms, mfu 6.01%
model:LGT723F iter 37610: loss 1.5718, time 1760.75ms, mfu 6.19%
model:LGT723F iter 37620: loss 1.7664, time 1761.54ms, mfu 6.35%
model:LGT723F iter 37630: loss 1.6738, time 1761.79ms, mfu 6.49%
model:LGT723F iter 37640: loss 1.6359, time 1767.39ms, mfu 6.62%
------average encoder activity 0.207
-----------average decoder density 0.3735
step 37650: train loss 1.7196, val loss 2.0702
saving checkpoint to out-novel-char3_LGT723F_3d25ede0cfd080d9e35756b051dcef65
done saving checkpoint to out-novel-char3_LGT723F_3d25ede0cfd080d9e35756b051dcef65
model:LGT723F iter 37650: loss 1.7284, time 29627.81ms, mfu 6.00%
model:LGT723F iter 37660: loss 1.7166, time 1770.13ms, mfu 6.18%
model:LGT723F iter 37670: loss 2.0275, time 1761.26ms, mfu 6.34%
model:LGT723F iter 37680: loss 1.8632, time 1757.40ms, mfu 6.49%
model:LGT723F iter 37690: loss 1.4461, time 1759.34ms, mfu 6.62%
------average encoder activity 0.207
-----------average decoder density 0.4125
step 37700: train loss 1.7416, val loss 2.0675
saving checkpoint to out-novel-char3_LGT723F_3d25ede0cfd080d9e35756b051dcef65
done saving checkpoint to out-novel-char3_LGT723F_3d25ede0cfd080d9e35756b051dcef65
model:LGT723F iter 37700: loss 1.6236, time 29817.60ms, mfu 6.00%
model:LGT723F iter 37710: loss 1.8071, time 1762.01ms, mfu 6.18%
model:LGT723F iter 37720: loss 1.7844, time 1761.34ms, mfu 6.34%
model:LGT723F iter 37730: loss 1.6126, time 1764.96ms, mfu 6.49%
model:LGT723F iter 37740: loss 1.7347, time 1760.01ms, mfu 6.62%
------average encoder activity 0.207
-----------average decoder density 0.4621
step 37750: train loss 1.7467, val loss 2.0803
saving checkpoint to out-novel-char3_LGT723F_3d25ede0cfd080d9e35756b051dcef65
done saving checkpoint to out-novel-char3_LGT723F_3d25ede0cfd080d9e35756b051dcef65
model:LGT723F iter 37750: loss 1.5923, time 30085.50ms, mfu 6.00%
model:LGT723F iter 37760: loss 1.5724, time 1766.20ms, mfu 6.18%
model:LGT723F iter 37770: loss 1.7309, time 1772.37ms, mfu 6.33%
model:LGT723F iter 37780: loss 1.7606, time 1774.13ms, mfu 6.47%
model:LGT723F iter 37790: loss 1.6708, time 1756.88ms, mfu 6.61%
------average encoder activity 0.207
-----------average decoder density 0.4097
step 37800: train loss 1.7261, val loss 2.0671
saving checkpoint to out-novel-char3_LGT723F_3d25ede0cfd080d9e35756b051dcef65
done saving checkpoint to out-novel-char3_LGT723F_3d25ede0cfd080d9e35756b051dcef65
model:LGT723F iter 37800: loss 1.6243, time 30038.27ms, mfu 5.99%
model:LGT723F iter 37810: loss 1.7496, time 1772.04ms, mfu 6.17%
model:LGT723F iter 37820: loss 1.8520, time 1779.45ms, mfu 6.32%
model:LGT723F iter 37830: loss 1.4674, time 1783.86ms, mfu 6.46%
model:LGT723F iter 37840: loss 1.9599, time 1770.05ms, mfu 6.59%
------average encoder activity 0.206
-----------average decoder density 0.4175
step 37850: train loss 1.7293, val loss 2.0908
saving checkpoint to out-novel-char3_LGT723F_3d25ede0cfd080d9e35756b051dcef65
done saving checkpoint to out-novel-char3_LGT723F_3d25ede0cfd080d9e35756b051dcef65
model:LGT723F iter 37850: loss 1.7926, time 29631.47ms, mfu 5.98%
model:LGT723F iter 37860: loss 1.8799, time 1755.05ms, mfu 6.16%
model:LGT723F iter 37870: loss 2.1008, time 1763.94ms, mfu 6.32%
model:LGT723F iter 37880: loss 1.8298, time 1763.86ms, mfu 6.47%
model:LGT723F iter 37890: loss 1.7570, time 1767.97ms, mfu 6.60%
------average encoder activity 0.208
-----------average decoder density 0.3973
step 37900: train loss 1.7249, val loss 2.0850
saving checkpoint to out-novel-char3_LGT723F_3d25ede0cfd080d9e35756b051dcef65
done saving checkpoint to out-novel-char3_LGT723F_3d25ede0cfd080d9e35756b051dcef65
model:LGT723F iter 37900: loss 2.1157, time 29445.99ms, mfu 5.98%
model:LGT723F iter 37910: loss 1.4622, time 1753.95ms, mfu 6.17%
model:LGT723F iter 37920: loss 1.6934, time 1765.45ms, mfu 6.33%
model:LGT723F iter 37930: loss 1.7873, time 1762.41ms, mfu 6.48%
model:LGT723F iter 37940: loss 1.4256, time 1754.55ms, mfu 6.61%
------average encoder activity 0.207
-----------average decoder density 0.4304
step 37950: train loss 1.7628, val loss 2.0568
saving checkpoint to out-novel-char3_LGT723F_3d25ede0cfd080d9e35756b051dcef65
done saving checkpoint to out-novel-char3_LGT723F_3d25ede0cfd080d9e35756b051dcef65
model:LGT723F iter 37950: loss 1.6113, time 29897.56ms, mfu 5.99%
model:LGT723F iter 37960: loss 1.5806, time 1756.16ms, mfu 6.18%
model:LGT723F iter 37970: loss 1.8026, time 1757.98ms, mfu 6.34%
model:LGT723F iter 37980: loss 1.5326, time 1757.04ms, mfu 6.49%
model:LGT723F iter 37990: loss 1.7162, time 1761.01ms, mfu 6.62%
------average encoder activity 0.207
-----------average decoder density 0.4094
step 38000: train loss 1.7298, val loss 2.1058
saving checkpoint to out-novel-char3_LGT723F_3d25ede0cfd080d9e35756b051dcef65
done saving checkpoint to out-novel-char3_LGT723F_3d25ede0cfd080d9e35756b051dcef65
model:LGT723F iter 38000: loss 1.7888, time 30064.22ms, mfu 6.00%
model:LGT723F iter 38010: loss 1.5366, time 1756.23ms, mfu 6.18%
model:LGT723F iter 38020: loss 1.5133, time 1767.59ms, mfu 6.34%
model:LGT723F iter 38030: loss 1.6548, time 1763.76ms, mfu 6.48%
model:LGT723F iter 38040: loss 1.6066, time 1767.53ms, mfu 6.61%
------average encoder activity 0.207
-----------average decoder density 0.4193
step 38050: train loss 1.7740, val loss 2.0698
saving checkpoint to out-novel-char3_LGT723F_3d25ede0cfd080d9e35756b051dcef65
done saving checkpoint to out-novel-char3_LGT723F_3d25ede0cfd080d9e35756b051dcef65
model:LGT723F iter 38050: loss 1.9868, time 29851.92ms, mfu 6.00%
model:LGT723F iter 38060: loss 1.6985, time 1761.19ms, mfu 6.18%
model:LGT723F iter 38070: loss 1.4556, time 1754.22ms, mfu 6.34%
model:LGT723F iter 38080: loss 1.9192, time 1770.85ms, mfu 6.48%
model:LGT723F iter 38090: loss 1.9718, time 1762.74ms, mfu 6.61%
------average encoder activity 0.206
-----------average decoder density 0.4128
step 38100: train loss 1.7408, val loss 2.0881
saving checkpoint to out-novel-char3_LGT723F_3d25ede0cfd080d9e35756b051dcef65
done saving checkpoint to out-novel-char3_LGT723F_3d25ede0cfd080d9e35756b051dcef65
model:LGT723F iter 38100: loss 1.7269, time 29788.74ms, mfu 6.00%
model:LGT723F iter 38110: loss 1.5748, time 1758.79ms, mfu 6.18%
model:LGT723F iter 38120: loss 1.5885, time 1745.56ms, mfu 6.35%
model:LGT723F iter 38130: loss 1.6000, time 1751.76ms, mfu 6.50%
model:LGT723F iter 38140: loss 1.5516, time 1755.22ms, mfu 6.63%
------average encoder activity 0.207
-----------average decoder density 0.3962
step 38150: train loss 1.7302, val loss 2.0539
saving checkpoint to out-novel-char3_LGT723F_3d25ede0cfd080d9e35756b051dcef65
done saving checkpoint to out-novel-char3_LGT723F_3d25ede0cfd080d9e35756b051dcef65
model:LGT723F iter 38150: loss 1.7632, time 29899.24ms, mfu 6.01%
model:LGT723F iter 38160: loss 1.8130, time 1768.65ms, mfu 6.19%
model:LGT723F iter 38170: loss 2.1230, time 1756.02ms, mfu 6.35%
model:LGT723F iter 38180: loss 1.5265, time 1765.38ms, mfu 6.49%
model:LGT723F iter 38190: loss 1.6532, time 1756.10ms, mfu 6.62%
------average encoder activity 0.207
-----------average decoder density 0.4561
step 38200: train loss 1.7334, val loss 2.0581
saving checkpoint to out-novel-char3_LGT723F_3d25ede0cfd080d9e35756b051dcef65
done saving checkpoint to out-novel-char3_LGT723F_3d25ede0cfd080d9e35756b051dcef65
model:LGT723F iter 38200: loss 1.5305, time 29855.54ms, mfu 6.01%
model:LGT723F iter 38210: loss 1.7793, time 1769.26ms, mfu 6.18%
model:LGT723F iter 38220: loss 1.8441, time 1754.83ms, mfu 6.35%
model:LGT723F iter 38230: loss 1.7082, time 1764.29ms, mfu 6.49%
model:LGT723F iter 38240: loss 1.7090, time 1758.03ms, mfu 6.62%
------average encoder activity 0.208
-----------average decoder density 0.4200
step 38250: train loss 1.7259, val loss 2.0676
saving checkpoint to out-novel-char3_LGT723F_3d25ede0cfd080d9e35756b051dcef65
done saving checkpoint to out-novel-char3_LGT723F_3d25ede0cfd080d9e35756b051dcef65
model:LGT723F iter 38250: loss 1.8111, time 29705.24ms, mfu 6.01%
model:LGT723F iter 38260: loss 1.7470, time 1758.00ms, mfu 6.19%
model:LGT723F iter 38270: loss 1.5893, time 1758.15ms, mfu 6.35%
model:LGT723F iter 38280: loss 2.0304, time 1768.54ms, mfu 6.49%
model:LGT723F iter 38290: loss 1.8947, time 1769.34ms, mfu 6.62%
------average encoder activity 0.208
-----------average decoder density 0.4180
step 38300: train loss 1.7717, val loss 2.0367
saving checkpoint to out-novel-char3_LGT723F_3d25ede0cfd080d9e35756b051dcef65
done saving checkpoint to out-novel-char3_LGT723F_3d25ede0cfd080d9e35756b051dcef65
model:LGT723F iter 38300: loss 1.9484, time 30034.94ms, mfu 6.00%
model:LGT723F iter 38310: loss 1.7785, time 1766.20ms, mfu 6.18%
model:LGT723F iter 38320: loss 1.7503, time 1769.05ms, mfu 6.33%
model:LGT723F iter 38330: loss 2.0374, time 1785.70ms, mfu 6.47%
model:LGT723F iter 38340: loss 1.6024, time 1768.81ms, mfu 6.60%
------average encoder activity 0.208
-----------average decoder density 0.4602
step 38350: train loss 1.7415, val loss 2.0652
saving checkpoint to out-novel-char3_LGT723F_3d25ede0cfd080d9e35756b051dcef65
done saving checkpoint to out-novel-char3_LGT723F_3d25ede0cfd080d9e35756b051dcef65
model:LGT723F iter 38350: loss 1.8553, time 30402.19ms, mfu 5.98%
model:LGT723F iter 38360: loss 2.0541, time 1774.75ms, mfu 6.16%
model:LGT723F iter 38370: loss 1.8893, time 1770.79ms, mfu 6.32%
model:LGT723F iter 38380: loss 1.6497, time 1764.73ms, mfu 6.46%
model:LGT723F iter 38390: loss 1.7653, time 1774.70ms, mfu 6.59%
------average encoder activity 0.208
-----------average decoder density 0.3890
step 38400: train loss 1.7396, val loss 2.0983
saving checkpoint to out-novel-char3_LGT723F_3d25ede0cfd080d9e35756b051dcef65
done saving checkpoint to out-novel-char3_LGT723F_3d25ede0cfd080d9e35756b051dcef65
model:LGT723F iter 38400: loss 1.8600, time 30114.89ms, mfu 5.98%
model:LGT723F iter 38410: loss 1.6620, time 1774.10ms, mfu 6.15%
model:LGT723F iter 38420: loss 1.6432, time 1774.82ms, mfu 6.31%
model:LGT723F iter 38430: loss 1.7623, time 1778.57ms, mfu 6.45%
model:LGT723F iter 38440: loss 1.5032, time 1768.49ms, mfu 6.58%
------average encoder activity 0.208
-----------average decoder density 0.4261
step 38450: train loss 1.7276, val loss 2.0746
saving checkpoint to out-novel-char3_LGT723F_3d25ede0cfd080d9e35756b051dcef65
done saving checkpoint to out-novel-char3_LGT723F_3d25ede0cfd080d9e35756b051dcef65
model:LGT723F iter 38450: loss 1.6838, time 30127.48ms, mfu 5.97%
model:LGT723F iter 38460: loss 1.6979, time 1770.92ms, mfu 6.15%
model:LGT723F iter 38470: loss 1.8584, time 1767.72ms, mfu 6.31%
model:LGT723F iter 38480: loss 1.4711, time 1780.88ms, mfu 6.45%
model:LGT723F iter 38490: loss 1.4639, time 1780.01ms, mfu 6.58%
------average encoder activity 0.209
-----------average decoder density 0.4107
step 38500: train loss 1.7196, val loss 2.0405
saving checkpoint to out-novel-char3_LGT723F_3d25ede0cfd080d9e35756b051dcef65
done saving checkpoint to out-novel-char3_LGT723F_3d25ede0cfd080d9e35756b051dcef65
model:LGT723F iter 38500: loss 1.9287, time 30039.73ms, mfu 5.96%
model:LGT723F iter 38510: loss 1.8270, time 1771.31ms, mfu 6.14%
model:LGT723F iter 38520: loss 1.4943, time 1770.35ms, mfu 6.30%
model:LGT723F iter 38530: loss 1.8614, time 1767.99ms, mfu 6.45%
model:LGT723F iter 38540: loss 1.9778, time 1774.14ms, mfu 6.58%
------average encoder activity 0.210
-----------average decoder density 0.3858
step 38550: train loss 1.7141, val loss 2.0569
saving checkpoint to out-novel-char3_LGT723F_3d25ede0cfd080d9e35756b051dcef65
done saving checkpoint to out-novel-char3_LGT723F_3d25ede0cfd080d9e35756b051dcef65
model:LGT723F iter 38550: loss 1.6647, time 30014.25ms, mfu 5.97%
model:LGT723F iter 38560: loss 1.8894, time 1767.14ms, mfu 6.15%
model:LGT723F iter 38570: loss 1.5123, time 1761.15ms, mfu 6.31%
model:LGT723F iter 38580: loss 1.7396, time 1762.61ms, mfu 6.46%
model:LGT723F iter 38590: loss 1.7951, time 1774.26ms, mfu 6.59%
------average encoder activity 0.211
-----------average decoder density 0.4368
step 38600: train loss 1.7378, val loss 2.0577
saving checkpoint to out-novel-char3_LGT723F_3d25ede0cfd080d9e35756b051dcef65
done saving checkpoint to out-novel-char3_LGT723F_3d25ede0cfd080d9e35756b051dcef65
model:LGT723F iter 38600: loss 1.7294, time 30259.25ms, mfu 5.97%
model:LGT723F iter 38610: loss 1.7305, time 1765.60ms, mfu 6.15%
model:LGT723F iter 38620: loss 1.7713, time 1768.72ms, mfu 6.31%
model:LGT723F iter 38630: loss 1.7648, time 1774.22ms, mfu 6.46%
model:LGT723F iter 38640: loss 1.6668, time 1772.98ms, mfu 6.58%
------average encoder activity 0.209
-----------average decoder density 0.3946
step 38650: train loss 1.7339, val loss 2.0650
saving checkpoint to out-novel-char3_LGT723F_3d25ede0cfd080d9e35756b051dcef65
done saving checkpoint to out-novel-char3_LGT723F_3d25ede0cfd080d9e35756b051dcef65
model:LGT723F iter 38650: loss 1.5960, time 29668.75ms, mfu 5.97%
model:LGT723F iter 38660: loss 2.2225, time 1763.90ms, mfu 6.15%
model:LGT723F iter 38670: loss 1.6076, time 1782.93ms, mfu 6.31%
model:LGT723F iter 38680: loss 1.7729, time 1764.01ms, mfu 6.45%
model:LGT723F iter 38690: loss 1.9235, time 1765.38ms, mfu 6.59%
------average encoder activity 0.210
-----------average decoder density 0.4019
step 38700: train loss 1.7442, val loss 2.0395
saving checkpoint to out-novel-char3_LGT723F_3d25ede0cfd080d9e35756b051dcef65
done saving checkpoint to out-novel-char3_LGT723F_3d25ede0cfd080d9e35756b051dcef65
model:LGT723F iter 38700: loss 1.7437, time 29681.06ms, mfu 5.97%
model:LGT723F iter 38710: loss 1.6857, time 1762.38ms, mfu 6.16%
model:LGT723F iter 38720: loss 1.5225, time 1767.47ms, mfu 6.32%
model:LGT723F iter 38730: loss 1.8657, time 1753.23ms, mfu 6.47%
model:LGT723F iter 38740: loss 1.8266, time 1759.84ms, mfu 6.60%
------average encoder activity 0.210
-----------average decoder density 0.4076
step 38750: train loss 1.7281, val loss 2.0672
saving checkpoint to out-novel-char3_LGT723F_3d25ede0cfd080d9e35756b051dcef65
done saving checkpoint to out-novel-char3_LGT723F_3d25ede0cfd080d9e35756b051dcef65
model:LGT723F iter 38750: loss 1.7493, time 29580.21ms, mfu 5.99%
model:LGT723F iter 38760: loss 1.7059, time 1759.30ms, mfu 6.17%
model:LGT723F iter 38770: loss 2.0611, time 1763.03ms, mfu 6.33%
model:LGT723F iter 38780: loss 1.9849, time 1768.77ms, mfu 6.47%
model:LGT723F iter 38790: loss 1.9341, time 1754.61ms, mfu 6.61%
------average encoder activity 0.211
-----------average decoder density 0.4027
step 38800: train loss 1.7132, val loss 2.0623
saving checkpoint to out-novel-char3_LGT723F_3d25ede0cfd080d9e35756b051dcef65
done saving checkpoint to out-novel-char3_LGT723F_3d25ede0cfd080d9e35756b051dcef65
model:LGT723F iter 38800: loss 1.7674, time 30021.07ms, mfu 5.99%
model:LGT723F iter 38810: loss 1.7041, time 1772.77ms, mfu 6.17%
model:LGT723F iter 38820: loss 2.0810, time 1757.99ms, mfu 6.33%
model:LGT723F iter 38830: loss 1.7131, time 1767.89ms, mfu 6.47%
model:LGT723F iter 38840: loss 1.8056, time 1767.66ms, mfu 6.60%
------average encoder activity 0.211
-----------average decoder density 0.4074
step 38850: train loss 1.7106, val loss 2.0700
saving checkpoint to out-novel-char3_LGT723F_3d25ede0cfd080d9e35756b051dcef65
done saving checkpoint to out-novel-char3_LGT723F_3d25ede0cfd080d9e35756b051dcef65
model:LGT723F iter 38850: loss 1.5183, time 29796.08ms, mfu 5.99%
model:LGT723F iter 38860: loss 1.6041, time 1763.92ms, mfu 6.17%
model:LGT723F iter 38870: loss 1.7364, time 1777.75ms, mfu 6.32%
model:LGT723F iter 38880: loss 1.6366, time 1751.94ms, mfu 6.47%
model:LGT723F iter 38890: loss 1.6041, time 1749.12ms, mfu 6.61%
------average encoder activity 0.210
-----------average decoder density 0.4157
step 38900: train loss 1.7205, val loss 2.0638
saving checkpoint to out-novel-char3_LGT723F_3d25ede0cfd080d9e35756b051dcef65
done saving checkpoint to out-novel-char3_LGT723F_3d25ede0cfd080d9e35756b051dcef65
model:LGT723F iter 38900: loss 1.7179, time 29905.88ms, mfu 6.00%
model:LGT723F iter 38910: loss 1.6645, time 1759.28ms, mfu 6.18%
model:LGT723F iter 38920: loss 1.8161, time 1765.83ms, mfu 6.34%
model:LGT723F iter 38930: loss 2.0764, time 1762.34ms, mfu 6.48%
model:LGT723F iter 38940: loss 1.8734, time 1754.13ms, mfu 6.62%
------average encoder activity 0.211
-----------average decoder density 0.3987
step 38950: train loss 1.7323, val loss 2.0597
saving checkpoint to out-novel-char3_LGT723F_3d25ede0cfd080d9e35756b051dcef65
done saving checkpoint to out-novel-char3_LGT723F_3d25ede0cfd080d9e35756b051dcef65
model:LGT723F iter 38950: loss 1.6168, time 30087.10ms, mfu 6.00%
model:LGT723F iter 38960: loss 1.7094, time 1761.86ms, mfu 6.18%
model:LGT723F iter 38970: loss 1.7269, time 1764.69ms, mfu 6.34%
model:LGT723F iter 38980: loss 1.5646, time 1759.67ms, mfu 6.48%
model:LGT723F iter 38990: loss 1.7002, time 1761.45ms, mfu 6.62%
------average encoder activity 0.211
-----------average decoder density 0.4389
step 39000: train loss 1.7338, val loss 2.0629
saving checkpoint to out-novel-char3_LGT723F_3d25ede0cfd080d9e35756b051dcef65
done saving checkpoint to out-novel-char3_LGT723F_3d25ede0cfd080d9e35756b051dcef65
model:LGT723F iter 39000: loss 1.9823, time 29657.71ms, mfu 6.00%
model:LGT723F iter 39010: loss 1.6960, time 1762.92ms, mfu 6.18%
model:LGT723F iter 39020: loss 1.7485, time 1767.38ms, mfu 6.34%
model:LGT723F iter 39030: loss 1.5786, time 1755.27ms, mfu 6.49%
model:LGT723F iter 39040: loss 1.4569, time 1754.96ms, mfu 6.62%
------average encoder activity 0.212
-----------average decoder density 0.4374
step 39050: train loss 1.7070, val loss 2.0505
saving checkpoint to out-novel-char3_LGT723F_3d25ede0cfd080d9e35756b051dcef65
done saving checkpoint to out-novel-char3_LGT723F_3d25ede0cfd080d9e35756b051dcef65
model:LGT723F iter 39050: loss 1.6809, time 29939.82ms, mfu 6.00%
model:LGT723F iter 39060: loss 1.8346, time 1755.90ms, mfu 6.18%
model:LGT723F iter 39070: loss 1.6868, time 1768.45ms, mfu 6.34%
model:LGT723F iter 39080: loss 1.7053, time 1755.06ms, mfu 6.49%
model:LGT723F iter 39090: loss 1.5204, time 1762.46ms, mfu 6.62%
------average encoder activity 0.211
-----------average decoder density 0.3862
step 39100: train loss 1.7264, val loss 2.0641
saving checkpoint to out-novel-char3_LGT723F_3d25ede0cfd080d9e35756b051dcef65
done saving checkpoint to out-novel-char3_LGT723F_3d25ede0cfd080d9e35756b051dcef65
model:LGT723F iter 39100: loss 1.8200, time 29862.07ms, mfu 6.00%
model:LGT723F iter 39110: loss 1.7576, time 1763.47ms, mfu 6.18%
model:LGT723F iter 39120: loss 1.5440, time 1767.59ms, mfu 6.34%
model:LGT723F iter 39130: loss 1.9494, time 1752.75ms, mfu 6.49%
model:LGT723F iter 39140: loss 1.5700, time 1771.89ms, mfu 6.61%
------average encoder activity 0.211
-----------average decoder density 0.3879
step 39150: train loss 1.7075, val loss 2.0534
saving checkpoint to out-novel-char3_LGT723F_3d25ede0cfd080d9e35756b051dcef65
done saving checkpoint to out-novel-char3_LGT723F_3d25ede0cfd080d9e35756b051dcef65
model:LGT723F iter 39150: loss 1.3956, time 29917.65ms, mfu 6.00%
model:LGT723F iter 39160: loss 1.7513, time 1764.97ms, mfu 6.18%
model:LGT723F iter 39170: loss 1.6732, time 1755.67ms, mfu 6.34%
model:LGT723F iter 39180: loss 1.5534, time 1763.62ms, mfu 6.48%
model:LGT723F iter 39190: loss 1.5705, time 1775.44ms, mfu 6.61%
------average encoder activity 0.211
-----------average decoder density 0.4227
step 39200: train loss 1.6991, val loss 2.0443
saving checkpoint to out-novel-char3_LGT723F_3d25ede0cfd080d9e35756b051dcef65
done saving checkpoint to out-novel-char3_LGT723F_3d25ede0cfd080d9e35756b051dcef65
model:LGT723F iter 39200: loss 1.7994, time 29910.15ms, mfu 5.99%
model:LGT723F iter 39210: loss 1.6761, time 1763.78ms, mfu 6.17%
model:LGT723F iter 39220: loss 1.8288, time 1769.57ms, mfu 6.33%
model:LGT723F iter 39230: loss 1.7954, time 1764.40ms, mfu 6.48%
model:LGT723F iter 39240: loss 1.7117, time 1762.58ms, mfu 6.61%
------average encoder activity 0.213
-----------average decoder density 0.3977
step 39250: train loss 1.7182, val loss 2.0626
saving checkpoint to out-novel-char3_LGT723F_3d25ede0cfd080d9e35756b051dcef65
done saving checkpoint to out-novel-char3_LGT723F_3d25ede0cfd080d9e35756b051dcef65
model:LGT723F iter 39250: loss 1.2697, time 29939.50ms, mfu 5.99%
model:LGT723F iter 39260: loss 1.7143, time 1758.05ms, mfu 6.17%
model:LGT723F iter 39270: loss 1.6234, time 1764.47ms, mfu 6.33%
model:LGT723F iter 39280: loss 1.5033, time 1749.90ms, mfu 6.48%
model:LGT723F iter 39290: loss 1.7744, time 1768.07ms, mfu 6.61%
------average encoder activity 0.212
-----------average decoder density 0.4091
step 39300: train loss 1.7393, val loss 2.0482
saving checkpoint to out-novel-char3_LGT723F_3d25ede0cfd080d9e35756b051dcef65
done saving checkpoint to out-novel-char3_LGT723F_3d25ede0cfd080d9e35756b051dcef65
model:LGT723F iter 39300: loss 1.6693, time 29843.72ms, mfu 6.00%
model:LGT723F iter 39310: loss 1.6304, time 1758.75ms, mfu 6.18%
model:LGT723F iter 39320: loss 1.7392, time 1759.83ms, mfu 6.34%
model:LGT723F iter 39330: loss 1.7156, time 1751.47ms, mfu 6.49%
model:LGT723F iter 39340: loss 1.5407, time 1764.92ms, mfu 6.62%
------average encoder activity 0.211
-----------average decoder density 0.4217
step 39350: train loss 1.7178, val loss 2.0581
saving checkpoint to out-novel-char3_LGT723F_3d25ede0cfd080d9e35756b051dcef65
done saving checkpoint to out-novel-char3_LGT723F_3d25ede0cfd080d9e35756b051dcef65
model:LGT723F iter 39350: loss 1.9850, time 30146.55ms, mfu 6.00%
model:LGT723F iter 39360: loss 1.4881, time 1758.41ms, mfu 6.18%
model:LGT723F iter 39370: loss 1.4313, time 1768.64ms, mfu 6.34%
model:LGT723F iter 39380: loss 1.6537, time 1764.79ms, mfu 6.48%
model:LGT723F iter 39390: loss 1.7324, time 1767.26ms, mfu 6.61%
------average encoder activity 0.210
-----------average decoder density 0.4421
step 39400: train loss 1.7262, val loss 2.0607
saving checkpoint to out-novel-char3_LGT723F_3d25ede0cfd080d9e35756b051dcef65
done saving checkpoint to out-novel-char3_LGT723F_3d25ede0cfd080d9e35756b051dcef65
model:LGT723F iter 39400: loss 1.5368, time 29691.17ms, mfu 6.00%
model:LGT723F iter 39410: loss 1.7093, time 1771.36ms, mfu 6.17%
model:LGT723F iter 39420: loss 1.6489, time 1751.72ms, mfu 6.34%
model:LGT723F iter 39430: loss 1.8233, time 1786.82ms, mfu 6.47%
model:LGT723F iter 39440: loss 1.6835, time 1777.83ms, mfu 6.60%
------average encoder activity 0.211
-----------average decoder density 0.3649
step 39450: train loss 1.7295, val loss 2.0708
saving checkpoint to out-novel-char3_LGT723F_3d25ede0cfd080d9e35756b051dcef65
done saving checkpoint to out-novel-char3_LGT723F_3d25ede0cfd080d9e35756b051dcef65
model:LGT723F iter 39450: loss 1.6478, time 29561.70ms, mfu 5.98%
model:LGT723F iter 39460: loss 1.8743, time 1760.97ms, mfu 6.16%
model:LGT723F iter 39470: loss 1.6934, time 1774.05ms, mfu 6.32%
model:LGT723F iter 39480: loss 1.5797, time 1760.35ms, mfu 6.47%
model:LGT723F iter 39490: loss 1.8660, time 1770.46ms, mfu 6.60%
------average encoder activity 0.212
-----------average decoder density 0.4041
step 39500: train loss 1.7106, val loss 2.0620
saving checkpoint to out-novel-char3_LGT723F_3d25ede0cfd080d9e35756b051dcef65
done saving checkpoint to out-novel-char3_LGT723F_3d25ede0cfd080d9e35756b051dcef65
model:LGT723F iter 39500: loss 1.8386, time 29589.53ms, mfu 5.98%
model:LGT723F iter 39510: loss 1.6650, time 1756.38ms, mfu 6.17%
model:LGT723F iter 39520: loss 1.7893, time 1775.58ms, mfu 6.32%
model:LGT723F iter 39530: loss 1.6459, time 1768.01ms, mfu 6.47%
model:LGT723F iter 39540: loss 1.4178, time 1766.59ms, mfu 6.60%
------average encoder activity 0.211
-----------average decoder density 0.4145
step 39550: train loss 1.7152, val loss 2.0376
saving checkpoint to out-novel-char3_LGT723F_3d25ede0cfd080d9e35756b051dcef65
done saving checkpoint to out-novel-char3_LGT723F_3d25ede0cfd080d9e35756b051dcef65
model:LGT723F iter 39550: loss 1.6608, time 29785.01ms, mfu 5.98%
model:LGT723F iter 39560: loss 1.8208, time 1777.25ms, mfu 6.16%
model:LGT723F iter 39570: loss 1.8015, time 1759.97ms, mfu 6.32%
model:LGT723F iter 39580: loss 1.5603, time 1754.89ms, mfu 6.47%
model:LGT723F iter 39590: loss 1.8537, time 1757.03ms, mfu 6.61%
------average encoder activity 0.211
-----------average decoder density 0.3951
step 39600: train loss 1.7391, val loss 2.0350
saving checkpoint to out-novel-char3_LGT723F_3d25ede0cfd080d9e35756b051dcef65
done saving checkpoint to out-novel-char3_LGT723F_3d25ede0cfd080d9e35756b051dcef65
model:LGT723F iter 39600: loss 1.8274, time 29851.16ms, mfu 5.99%
model:LGT723F iter 39610: loss 1.9527, time 1775.70ms, mfu 6.16%
model:LGT723F iter 39620: loss 1.7467, time 1763.37ms, mfu 6.33%
model:LGT723F iter 39630: loss 1.7570, time 1762.08ms, mfu 6.47%
model:LGT723F iter 39640: loss 1.8847, time 1765.18ms, mfu 6.60%
------average encoder activity 0.211
-----------average decoder density 0.4414
step 39650: train loss 1.7343, val loss 2.0599
saving checkpoint to out-novel-char3_LGT723F_3d25ede0cfd080d9e35756b051dcef65
done saving checkpoint to out-novel-char3_LGT723F_3d25ede0cfd080d9e35756b051dcef65
model:LGT723F iter 39650: loss 1.9263, time 30087.30ms, mfu 5.99%
model:LGT723F iter 39660: loss 1.6233, time 1766.48ms, mfu 6.17%
model:LGT723F iter 39670: loss 1.5643, time 1770.44ms, mfu 6.32%
model:LGT723F iter 39680: loss 1.6697, time 1769.55ms, mfu 6.47%
model:LGT723F iter 39690: loss 1.6238, time 1754.88ms, mfu 6.60%
------average encoder activity 0.211
-----------average decoder density 0.4519
step 39700: train loss 1.6933, val loss 2.0590
saving checkpoint to out-novel-char3_LGT723F_3d25ede0cfd080d9e35756b051dcef65
done saving checkpoint to out-novel-char3_LGT723F_3d25ede0cfd080d9e35756b051dcef65
model:LGT723F iter 39700: loss 1.5179, time 29779.79ms, mfu 5.99%
model:LGT723F iter 39710: loss 1.7628, time 1757.31ms, mfu 6.17%
model:LGT723F iter 39720: loss 1.6183, time 1751.14ms, mfu 6.34%
model:LGT723F iter 39730: loss 1.8512, time 1758.52ms, mfu 6.48%
model:LGT723F iter 39740: loss 1.5560, time 1749.58ms, mfu 6.62%
------average encoder activity 0.213
-----------average decoder density 0.4136
step 39750: train loss 1.7297, val loss 2.0529
saving checkpoint to out-novel-char3_LGT723F_3d25ede0cfd080d9e35756b051dcef65
done saving checkpoint to out-novel-char3_LGT723F_3d25ede0cfd080d9e35756b051dcef65
model:LGT723F iter 39750: loss 1.5230, time 30030.19ms, mfu 6.00%
model:LGT723F iter 39760: loss 1.7643, time 1785.29ms, mfu 6.17%
model:LGT723F iter 39770: loss 1.7705, time 1765.46ms, mfu 6.33%
model:LGT723F iter 39780: loss 1.8749, time 1747.68ms, mfu 6.48%
model:LGT723F iter 39790: loss 1.7761, time 1759.07ms, mfu 6.62%
------average encoder activity 0.213
-----------average decoder density 0.4001
step 39800: train loss 1.6824, val loss 2.0543
saving checkpoint to out-novel-char3_LGT723F_3d25ede0cfd080d9e35756b051dcef65
done saving checkpoint to out-novel-char3_LGT723F_3d25ede0cfd080d9e35756b051dcef65
model:LGT723F iter 39800: loss 1.7176, time 29872.27ms, mfu 6.00%
model:LGT723F iter 39810: loss 1.4710, time 1772.29ms, mfu 6.17%
model:LGT723F iter 39820: loss 1.3623, time 1760.83ms, mfu 6.34%
model:LGT723F iter 39830: loss 1.9449, time 1766.32ms, mfu 6.48%
model:LGT723F iter 39840: loss 1.8987, time 1752.86ms, mfu 6.62%
------average encoder activity 0.214
-----------average decoder density 0.3861
step 39850: train loss 1.7007, val loss 2.0324
saving checkpoint to out-novel-char3_LGT723F_3d25ede0cfd080d9e35756b051dcef65
done saving checkpoint to out-novel-char3_LGT723F_3d25ede0cfd080d9e35756b051dcef65
model:LGT723F iter 39850: loss 1.9769, time 29909.45ms, mfu 6.00%
model:LGT723F iter 39860: loss 1.8994, time 1751.07ms, mfu 6.18%
model:LGT723F iter 39870: loss 1.7646, time 1767.37ms, mfu 6.34%
model:LGT723F iter 39880: loss 1.3395, time 1763.13ms, mfu 6.49%
model:LGT723F iter 39890: loss 1.7442, time 1763.34ms, mfu 6.62%
------average encoder activity 0.213
-----------average decoder density 0.3914
step 39900: train loss 1.7267, val loss 2.0387
saving checkpoint to out-novel-char3_LGT723F_3d25ede0cfd080d9e35756b051dcef65
done saving checkpoint to out-novel-char3_LGT723F_3d25ede0cfd080d9e35756b051dcef65
model:LGT723F iter 39900: loss 1.7839, time 29934.17ms, mfu 6.00%
model:LGT723F iter 39910: loss 1.3760, time 1749.53ms, mfu 6.18%
model:LGT723F iter 39920: loss 1.7986, time 1745.91ms, mfu 6.35%
model:LGT723F iter 39930: loss 1.5090, time 1757.97ms, mfu 6.50%
model:LGT723F iter 39940: loss 1.8625, time 1754.96ms, mfu 6.63%
------average encoder activity 0.213
-----------average decoder density 0.3931
step 39950: train loss 1.7215, val loss 2.0258
saving checkpoint to out-novel-char3_LGT723F_3d25ede0cfd080d9e35756b051dcef65
done saving checkpoint to out-novel-char3_LGT723F_3d25ede0cfd080d9e35756b051dcef65
model:LGT723F iter 39950: loss 1.3251, time 29765.75ms, mfu 6.01%
model:LGT723F iter 39960: loss 1.6705, time 1768.07ms, mfu 6.19%
model:LGT723F iter 39970: loss 1.8140, time 1763.66ms, mfu 6.35%
model:LGT723F iter 39980: loss 1.6487, time 1776.44ms, mfu 6.49%
model:LGT723F iter 39990: loss 2.0507, time 1766.80ms, mfu 6.61%
------average encoder activity 0.213
-----------average decoder density 0.4178
step 40000: train loss 1.7271, val loss 2.0505
saving checkpoint to out-novel-char3_LGT723F_3d25ede0cfd080d9e35756b051dcef65
done saving checkpoint to out-novel-char3_LGT723F_3d25ede0cfd080d9e35756b051dcef65
model:LGT723F iter 40000: loss 1.5140, time 30042.26ms, mfu 6.00%
model:LGT723F iter 40010: loss 1.7800, time 1759.57ms, mfu 6.18%
model:LGT723F iter 40020: loss 1.6911, time 1756.06ms, mfu 6.34%
model:LGT723F iter 40030: loss 1.3895, time 1754.38ms, mfu 6.49%
model:LGT723F iter 40040: loss 1.5993, time 1768.94ms, mfu 6.62%
------average encoder activity 0.213
-----------average decoder density 0.4319
step 40050: train loss 1.7112, val loss 2.0673
saving checkpoint to out-novel-char3_LGT723F_3d25ede0cfd080d9e35756b051dcef65
done saving checkpoint to out-novel-char3_LGT723F_3d25ede0cfd080d9e35756b051dcef65
model:LGT723F iter 40050: loss 1.6774, time 30143.68ms, mfu 6.00%
model:LGT723F iter 40060: loss 1.6569, time 1763.68ms, mfu 6.18%
model:LGT723F iter 40070: loss 1.8457, time 1756.51ms, mfu 6.34%
model:LGT723F iter 40080: loss 1.6307, time 1752.94ms, mfu 6.49%
model:LGT723F iter 40090: loss 1.9657, time 1755.89ms, mfu 6.62%
------average encoder activity 0.213
-----------average decoder density 0.4012
step 40100: train loss 1.7172, val loss 2.0650
saving checkpoint to out-novel-char3_LGT723F_3d25ede0cfd080d9e35756b051dcef65
done saving checkpoint to out-novel-char3_LGT723F_3d25ede0cfd080d9e35756b051dcef65
model:LGT723F iter 40100: loss 2.0944, time 29704.86ms, mfu 6.01%
model:LGT723F iter 40110: loss 1.8786, time 1773.03ms, mfu 6.18%
model:LGT723F iter 40120: loss 1.3938, time 1754.40ms, mfu 6.34%
model:LGT723F iter 40130: loss 1.5387, time 1786.04ms, mfu 6.48%
model:LGT723F iter 40140: loss 1.4860, time 1767.22ms, mfu 6.61%
------average encoder activity 0.213
-----------average decoder density 0.4354
step 40150: train loss 1.7147, val loss 2.0400
saving checkpoint to out-novel-char3_LGT723F_3d25ede0cfd080d9e35756b051dcef65
done saving checkpoint to out-novel-char3_LGT723F_3d25ede0cfd080d9e35756b051dcef65
model:LGT723F iter 40150: loss 1.8155, time 29889.50ms, mfu 5.99%
model:LGT723F iter 40160: loss 1.7287, time 1755.24ms, mfu 6.18%
model:LGT723F iter 40170: loss 1.7589, time 1747.55ms, mfu 6.34%
model:LGT723F iter 40180: loss 1.7685, time 1770.73ms, mfu 6.48%
model:LGT723F iter 40190: loss 1.7933, time 1762.09ms, mfu 6.61%
------average encoder activity 0.212
-----------average decoder density 0.4387
step 40200: train loss 1.7126, val loss 2.0355
saving checkpoint to out-novel-char3_LGT723F_3d25ede0cfd080d9e35756b051dcef65
done saving checkpoint to out-novel-char3_LGT723F_3d25ede0cfd080d9e35756b051dcef65
model:LGT723F iter 40200: loss 1.4916, time 30102.82ms, mfu 6.00%
model:LGT723F iter 40210: loss 1.6264, time 1759.83ms, mfu 6.18%
model:LGT723F iter 40220: loss 1.5442, time 1752.11ms, mfu 6.34%
model:LGT723F iter 40230: loss 1.5065, time 1758.75ms, mfu 6.49%
model:LGT723F iter 40240: loss 1.7009, time 1775.71ms, mfu 6.61%
------average encoder activity 0.213
-----------average decoder density 0.4006
step 40250: train loss 1.7119, val loss 2.0454
saving checkpoint to out-novel-char3_LGT723F_3d25ede0cfd080d9e35756b051dcef65
done saving checkpoint to out-novel-char3_LGT723F_3d25ede0cfd080d9e35756b051dcef65
model:LGT723F iter 40250: loss 1.2967, time 29730.90ms, mfu 6.00%
model:LGT723F iter 40260: loss 1.7508, time 1775.68ms, mfu 6.17%
model:LGT723F iter 40270: loss 1.7332, time 1768.07ms, mfu 6.33%
model:LGT723F iter 40280: loss 1.9913, time 1754.26ms, mfu 6.48%
model:LGT723F iter 40290: loss 1.6517, time 1764.59ms, mfu 6.61%
------average encoder activity 0.213
-----------average decoder density 0.4143
step 40300: train loss 1.7173, val loss 2.0694
saving checkpoint to out-novel-char3_LGT723F_3d25ede0cfd080d9e35756b051dcef65
done saving checkpoint to out-novel-char3_LGT723F_3d25ede0cfd080d9e35756b051dcef65
model:LGT723F iter 40300: loss 1.9261, time 30044.13ms, mfu 5.99%
model:LGT723F iter 40310: loss 1.7864, time 1769.59ms, mfu 6.17%
model:LGT723F iter 40320: loss 1.7126, time 1766.19ms, mfu 6.33%
model:LGT723F iter 40330: loss 1.6493, time 1767.59ms, mfu 6.47%
model:LGT723F iter 40340: loss 2.0328, time 1760.51ms, mfu 6.61%
------average encoder activity 0.213
-----------average decoder density 0.4213
step 40350: train loss 1.6977, val loss 2.0647
saving checkpoint to out-novel-char3_LGT723F_3d25ede0cfd080d9e35756b051dcef65
done saving checkpoint to out-novel-char3_LGT723F_3d25ede0cfd080d9e35756b051dcef65
model:LGT723F iter 40350: loss 1.8191, time 30026.03ms, mfu 5.99%
model:LGT723F iter 40360: loss 1.4152, time 1758.97ms, mfu 6.17%
model:LGT723F iter 40370: loss 1.8127, time 1762.06ms, mfu 6.33%
model:LGT723F iter 40380: loss 1.8216, time 1751.10ms, mfu 6.48%
model:LGT723F iter 40390: loss 1.9537, time 1772.78ms, mfu 6.61%
------average encoder activity 0.213
-----------average decoder density 0.3812
step 40400: train loss 1.7269, val loss 2.0604
saving checkpoint to out-novel-char3_LGT723F_3d25ede0cfd080d9e35756b051dcef65
done saving checkpoint to out-novel-char3_LGT723F_3d25ede0cfd080d9e35756b051dcef65
model:LGT723F iter 40400: loss 1.3430, time 29663.90ms, mfu 6.00%
model:LGT723F iter 40410: loss 1.8062, time 1760.79ms, mfu 6.18%
model:LGT723F iter 40420: loss 1.5779, time 1768.23ms, mfu 6.33%
model:LGT723F iter 40430: loss 1.9960, time 1763.14ms, mfu 6.48%
model:LGT723F iter 40440: loss 1.9631, time 1747.22ms, mfu 6.62%
------average encoder activity 0.214
-----------average decoder density 0.4596
step 40450: train loss 1.7289, val loss 2.0358
saving checkpoint to out-novel-char3_LGT723F_3d25ede0cfd080d9e35756b051dcef65
done saving checkpoint to out-novel-char3_LGT723F_3d25ede0cfd080d9e35756b051dcef65
model:LGT723F iter 40450: loss 1.7502, time 30034.62ms, mfu 6.00%
model:LGT723F iter 40460: loss 1.6219, time 1769.52ms, mfu 6.18%
model:LGT723F iter 40470: loss 1.7854, time 1766.36ms, mfu 6.34%
model:LGT723F iter 40480: loss 1.7640, time 1755.73ms, mfu 6.48%
model:LGT723F iter 40490: loss 1.6206, time 1754.18ms, mfu 6.62%
------average encoder activity 0.214
-----------average decoder density 0.4175
step 40500: train loss 1.7266, val loss 2.0567
saving checkpoint to out-novel-char3_LGT723F_3d25ede0cfd080d9e35756b051dcef65
done saving checkpoint to out-novel-char3_LGT723F_3d25ede0cfd080d9e35756b051dcef65
model:LGT723F iter 40500: loss 1.5064, time 29539.80ms, mfu 6.00%
model:LGT723F iter 40510: loss 1.8048, time 1745.04ms, mfu 6.19%
model:LGT723F iter 40520: loss 1.8625, time 1761.10ms, mfu 6.35%
model:LGT723F iter 40530: loss 2.1015, time 1760.31ms, mfu 6.49%
model:LGT723F iter 40540: loss 1.9609, time 1769.77ms, mfu 6.62%
------average encoder activity 0.213
-----------average decoder density 0.4222
step 40550: train loss 1.7187, val loss 2.0488
saving checkpoint to out-novel-char3_LGT723F_3d25ede0cfd080d9e35756b051dcef65
done saving checkpoint to out-novel-char3_LGT723F_3d25ede0cfd080d9e35756b051dcef65
model:LGT723F iter 40550: loss 1.4867, time 29823.37ms, mfu 6.00%
model:LGT723F iter 40560: loss 1.8906, time 1759.92ms, mfu 6.18%
model:LGT723F iter 40570: loss 1.7029, time 1751.99ms, mfu 6.35%
model:LGT723F iter 40580: loss 1.6168, time 1759.54ms, mfu 6.49%
model:LGT723F iter 40590: loss 1.6444, time 1771.44ms, mfu 6.62%
------average encoder activity 0.213
-----------average decoder density 0.4430
step 40600: train loss 1.7012, val loss 2.0453
saving checkpoint to out-novel-char3_LGT723F_3d25ede0cfd080d9e35756b051dcef65
done saving checkpoint to out-novel-char3_LGT723F_3d25ede0cfd080d9e35756b051dcef65
model:LGT723F iter 40600: loss 1.6596, time 29632.98ms, mfu 6.00%
model:LGT723F iter 40610: loss 1.7319, time 1750.23ms, mfu 6.19%
model:LGT723F iter 40620: loss 2.0445, time 1752.37ms, mfu 6.35%
model:LGT723F iter 40630: loss 2.0475, time 1761.29ms, mfu 6.50%
model:LGT723F iter 40640: loss 1.5559, time 1817.74ms, mfu 6.60%
------average encoder activity 0.214
-----------average decoder density 0.4378
step 40650: train loss 1.7152, val loss 2.0384
saving checkpoint to out-novel-char3_LGT723F_3d25ede0cfd080d9e35756b051dcef65
done saving checkpoint to out-novel-char3_LGT723F_3d25ede0cfd080d9e35756b051dcef65
model:LGT723F iter 40650: loss 1.7366, time 29779.77ms, mfu 5.99%
model:LGT723F iter 40660: loss 1.8739, time 1760.82ms, mfu 6.17%
model:LGT723F iter 40670: loss 1.6407, time 1767.73ms, mfu 6.33%
model:LGT723F iter 40680: loss 1.7161, time 1763.54ms, mfu 6.47%
model:LGT723F iter 40690: loss 1.7341, time 1753.75ms, mfu 6.61%
------average encoder activity 0.214
-----------average decoder density 0.3924
step 40700: train loss 1.7161, val loss 2.0471
saving checkpoint to out-novel-char3_LGT723F_3d25ede0cfd080d9e35756b051dcef65
done saving checkpoint to out-novel-char3_LGT723F_3d25ede0cfd080d9e35756b051dcef65
model:LGT723F iter 40700: loss 2.0634, time 29672.67ms, mfu 5.99%
model:LGT723F iter 40710: loss 1.4022, time 1746.83ms, mfu 6.18%
model:LGT723F iter 40720: loss 1.5080, time 1761.34ms, mfu 6.34%
model:LGT723F iter 40730: loss 1.8247, time 1761.83ms, mfu 6.49%
model:LGT723F iter 40740: loss 2.0499, time 1763.26ms, mfu 6.62%
------average encoder activity 0.213
-----------average decoder density 0.4043
step 40750: train loss 1.7178, val loss 2.0527
saving checkpoint to out-novel-char3_LGT723F_3d25ede0cfd080d9e35756b051dcef65
done saving checkpoint to out-novel-char3_LGT723F_3d25ede0cfd080d9e35756b051dcef65
model:LGT723F iter 40750: loss 1.6806, time 29553.93ms, mfu 6.00%
model:LGT723F iter 40760: loss 2.0522, time 1759.50ms, mfu 6.18%
model:LGT723F iter 40770: loss 1.5204, time 1777.65ms, mfu 6.33%
model:LGT723F iter 40780: loss 1.7705, time 1763.76ms, mfu 6.48%
model:LGT723F iter 40790: loss 1.7957, time 1760.46ms, mfu 6.61%
------average encoder activity 0.214
-----------average decoder density 0.3994
step 40800: train loss 1.7234, val loss 2.0452
saving checkpoint to out-novel-char3_LGT723F_3d25ede0cfd080d9e35756b051dcef65
done saving checkpoint to out-novel-char3_LGT723F_3d25ede0cfd080d9e35756b051dcef65
model:LGT723F iter 40800: loss 1.7109, time 29822.53ms, mfu 6.00%
model:LGT723F iter 40810: loss 2.2683, time 1762.33ms, mfu 6.17%
model:LGT723F iter 40820: loss 1.6341, time 1763.66ms, mfu 6.34%
model:LGT723F iter 40830: loss 1.5769, time 1766.08ms, mfu 6.48%
model:LGT723F iter 40840: loss 1.6556, time 1753.70ms, mfu 6.61%
------average encoder activity 0.214
-----------average decoder density 0.4549
step 40850: train loss 1.7088, val loss 2.0460
saving checkpoint to out-novel-char3_LGT723F_3d25ede0cfd080d9e35756b051dcef65
done saving checkpoint to out-novel-char3_LGT723F_3d25ede0cfd080d9e35756b051dcef65
model:LGT723F iter 40850: loss 1.7523, time 29746.42ms, mfu 6.00%
model:LGT723F iter 40860: loss 1.9071, time 1758.32ms, mfu 6.18%
model:LGT723F iter 40870: loss 1.5209, time 1763.94ms, mfu 6.34%
model:LGT723F iter 40880: loss 1.2170, time 1780.44ms, mfu 6.48%
model:LGT723F iter 40890: loss 1.9000, time 1775.55ms, mfu 6.60%
------average encoder activity 0.213
-----------average decoder density 0.4403
step 40900: train loss 1.6990, val loss 2.0369
saving checkpoint to out-novel-char3_LGT723F_3d25ede0cfd080d9e35756b051dcef65
done saving checkpoint to out-novel-char3_LGT723F_3d25ede0cfd080d9e35756b051dcef65
model:LGT723F iter 40900: loss 1.7182, time 29945.11ms, mfu 5.99%
model:LGT723F iter 40910: loss 1.8935, time 1761.94ms, mfu 6.17%
model:LGT723F iter 40920: loss 1.9576, time 1753.79ms, mfu 6.33%
model:LGT723F iter 40930: loss 1.6230, time 1752.34ms, mfu 6.48%
model:LGT723F iter 40940: loss 1.7377, time 1761.22ms, mfu 6.61%
------average encoder activity 0.215
-----------average decoder density 0.4601
step 40950: train loss 1.6885, val loss 2.0627
saving checkpoint to out-novel-char3_LGT723F_3d25ede0cfd080d9e35756b051dcef65
done saving checkpoint to out-novel-char3_LGT723F_3d25ede0cfd080d9e35756b051dcef65
model:LGT723F iter 40950: loss 1.5290, time 29602.38ms, mfu 6.00%
model:LGT723F iter 40960: loss 1.6836, time 1742.29ms, mfu 6.19%
model:LGT723F iter 40970: loss 1.7036, time 1761.10ms, mfu 6.35%
model:LGT723F iter 40980: loss 1.5393, time 1777.18ms, mfu 6.48%
model:LGT723F iter 40990: loss 1.8506, time 1780.61ms, mfu 6.61%
------average encoder activity 0.215
-----------average decoder density 0.4138
step 41000: train loss 1.7080, val loss 2.0505
saving checkpoint to out-novel-char3_LGT723F_3d25ede0cfd080d9e35756b051dcef65
done saving checkpoint to out-novel-char3_LGT723F_3d25ede0cfd080d9e35756b051dcef65
model:LGT723F iter 41000: loss 1.5898, time 30018.12ms, mfu 5.99%
model:LGT723F iter 41010: loss 1.6628, time 1767.35ms, mfu 6.17%
model:LGT723F iter 41020: loss 1.7110, time 1759.13ms, mfu 6.33%
model:LGT723F iter 41030: loss 1.8271, time 1764.96ms, mfu 6.48%
model:LGT723F iter 41040: loss 1.5454, time 1747.97ms, mfu 6.61%
------average encoder activity 0.215
-----------average decoder density 0.4322
step 41050: train loss 1.7205, val loss 2.0458
saving checkpoint to out-novel-char3_LGT723F_3d25ede0cfd080d9e35756b051dcef65
done saving checkpoint to out-novel-char3_LGT723F_3d25ede0cfd080d9e35756b051dcef65
model:LGT723F iter 41050: loss 1.3657, time 30005.27ms, mfu 6.00%
model:LGT723F iter 41060: loss 1.6096, time 1763.15ms, mfu 6.18%
model:LGT723F iter 41070: loss 1.5602, time 1748.35ms, mfu 6.34%
model:LGT723F iter 41080: loss 1.4181, time 1768.08ms, mfu 6.49%
model:LGT723F iter 41090: loss 1.4100, time 1767.02ms, mfu 6.61%
------average encoder activity 0.215
-----------average decoder density 0.4570
step 41100: train loss 1.7103, val loss 2.0556
saving checkpoint to out-novel-char3_LGT723F_3d25ede0cfd080d9e35756b051dcef65
done saving checkpoint to out-novel-char3_LGT723F_3d25ede0cfd080d9e35756b051dcef65
model:LGT723F iter 41100: loss 1.5923, time 29858.77ms, mfu 6.00%
model:LGT723F iter 41110: loss 1.5533, time 1772.72ms, mfu 6.17%
model:LGT723F iter 41120: loss 1.7836, time 1756.02ms, mfu 6.34%
model:LGT723F iter 41130: loss 1.7704, time 1761.30ms, mfu 6.48%
model:LGT723F iter 41140: loss 1.9447, time 1774.68ms, mfu 6.61%
------average encoder activity 0.216
-----------average decoder density 0.4045
step 41150: train loss 1.6870, val loss 2.0303
saving checkpoint to out-novel-char3_LGT723F_3d25ede0cfd080d9e35756b051dcef65
done saving checkpoint to out-novel-char3_LGT723F_3d25ede0cfd080d9e35756b051dcef65
model:LGT723F iter 41150: loss 1.6275, time 29516.60ms, mfu 5.99%
model:LGT723F iter 41160: loss 1.6525, time 1765.81ms, mfu 6.17%
model:LGT723F iter 41170: loss 1.6816, time 1778.68ms, mfu 6.33%
model:LGT723F iter 41180: loss 1.9041, time 1764.22ms, mfu 6.47%
model:LGT723F iter 41190: loss 1.7143, time 1768.73ms, mfu 6.60%
------average encoder activity 0.217
-----------average decoder density 0.4116
step 41200: train loss 1.6950, val loss 2.0523
saving checkpoint to out-novel-char3_LGT723F_3d25ede0cfd080d9e35756b051dcef65
done saving checkpoint to out-novel-char3_LGT723F_3d25ede0cfd080d9e35756b051dcef65
model:LGT723F iter 41200: loss 1.5078, time 30012.15ms, mfu 5.99%
model:LGT723F iter 41210: loss 1.7011, time 1769.77ms, mfu 6.16%
model:LGT723F iter 41220: loss 1.7529, time 1762.88ms, mfu 6.32%
model:LGT723F iter 41230: loss 1.5820, time 1766.96ms, mfu 6.47%
model:LGT723F iter 41240: loss 1.6182, time 1774.13ms, mfu 6.60%
------average encoder activity 0.217
-----------average decoder density 0.4338
step 41250: train loss 1.6919, val loss 2.0702
saving checkpoint to out-novel-char3_LGT723F_3d25ede0cfd080d9e35756b051dcef65
done saving checkpoint to out-novel-char3_LGT723F_3d25ede0cfd080d9e35756b051dcef65
model:LGT723F iter 41250: loss 1.9256, time 29962.52ms, mfu 5.98%
model:LGT723F iter 41260: loss 2.0468, time 1760.26ms, mfu 6.16%
model:LGT723F iter 41270: loss 1.5722, time 1755.93ms, mfu 6.33%
model:LGT723F iter 41280: loss 1.9354, time 1753.65ms, mfu 6.48%
model:LGT723F iter 41290: loss 1.5821, time 1764.69ms, mfu 6.61%
------average encoder activity 0.216
-----------average decoder density 0.4271
step 41300: train loss 1.6775, val loss 2.0497
saving checkpoint to out-novel-char3_LGT723F_3d25ede0cfd080d9e35756b051dcef65
done saving checkpoint to out-novel-char3_LGT723F_3d25ede0cfd080d9e35756b051dcef65
model:LGT723F iter 41300: loss 1.8845, time 30031.88ms, mfu 5.99%
model:LGT723F iter 41310: loss 1.5723, time 1768.23ms, mfu 6.17%
model:LGT723F iter 41320: loss 1.6631, time 1762.45ms, mfu 6.33%
model:LGT723F iter 41330: loss 1.8508, time 1752.58ms, mfu 6.48%
model:LGT723F iter 41340: loss 1.5586, time 1754.19ms, mfu 6.62%
------average encoder activity 0.216
-----------average decoder density 0.4095
step 41350: train loss 1.7217, val loss 2.0667
saving checkpoint to out-novel-char3_LGT723F_3d25ede0cfd080d9e35756b051dcef65
done saving checkpoint to out-novel-char3_LGT723F_3d25ede0cfd080d9e35756b051dcef65
model:LGT723F iter 41350: loss 1.7235, time 29609.72ms, mfu 6.00%
model:LGT723F iter 41360: loss 1.8084, time 1764.76ms, mfu 6.18%
model:LGT723F iter 41370: loss 1.8929, time 1770.52ms, mfu 6.34%
model:LGT723F iter 41380: loss 1.3557, time 1763.22ms, mfu 6.48%
model:LGT723F iter 41390: loss 1.7267, time 1770.53ms, mfu 6.61%
------average encoder activity 0.215
-----------average decoder density 0.4272
step 41400: train loss 1.6983, val loss 2.0492
saving checkpoint to out-novel-char3_LGT723F_3d25ede0cfd080d9e35756b051dcef65
done saving checkpoint to out-novel-char3_LGT723F_3d25ede0cfd080d9e35756b051dcef65
model:LGT723F iter 41400: loss 1.8419, time 30068.11ms, mfu 5.99%
model:LGT723F iter 41410: loss 1.5162, time 1758.54ms, mfu 6.17%
model:LGT723F iter 41420: loss 1.6715, time 1751.43ms, mfu 6.34%
model:LGT723F iter 41430: loss 1.5961, time 1776.00ms, mfu 6.48%
model:LGT723F iter 41440: loss 1.8877, time 1781.96ms, mfu 6.60%
------average encoder activity 0.216
-----------average decoder density 0.4487
step 41450: train loss 1.6754, val loss 2.0500
saving checkpoint to out-novel-char3_LGT723F_3d25ede0cfd080d9e35756b051dcef65
done saving checkpoint to out-novel-char3_LGT723F_3d25ede0cfd080d9e35756b051dcef65
model:LGT723F iter 41450: loss 1.4819, time 30317.87ms, mfu 5.99%
model:LGT723F iter 41460: loss 1.6186, time 1752.51ms, mfu 6.17%
model:LGT723F iter 41470: loss 1.6764, time 1739.18ms, mfu 6.34%
model:LGT723F iter 41480: loss 1.5977, time 1760.54ms, mfu 6.49%
model:LGT723F iter 41490: loss 1.4404, time 1757.69ms, mfu 6.62%
------average encoder activity 0.217
-----------average decoder density 0.4646
step 41500: train loss 1.7161, val loss 2.0433
saving checkpoint to out-novel-char3_LGT723F_3d25ede0cfd080d9e35756b051dcef65
done saving checkpoint to out-novel-char3_LGT723F_3d25ede0cfd080d9e35756b051dcef65
model:LGT723F iter 41500: loss 1.6991, time 29588.12ms, mfu 6.00%
model:LGT723F iter 41510: loss 1.6773, time 1768.99ms, mfu 6.18%
model:LGT723F iter 41520: loss 1.7942, time 1759.53ms, mfu 6.34%
model:LGT723F iter 41530: loss 2.1500, time 1761.78ms, mfu 6.49%
model:LGT723F iter 41540: loss 1.7703, time 1766.55ms, mfu 6.61%
------average encoder activity 0.216
-----------average decoder density 0.4431
step 41550: train loss 1.6926, val loss 2.0442
saving checkpoint to out-novel-char3_LGT723F_3d25ede0cfd080d9e35756b051dcef65
done saving checkpoint to out-novel-char3_LGT723F_3d25ede0cfd080d9e35756b051dcef65
model:LGT723F iter 41550: loss 1.6767, time 30413.68ms, mfu 6.00%
model:LGT723F iter 41560: loss 1.5950, time 1756.11ms, mfu 6.18%
model:LGT723F iter 41570: loss 1.5693, time 1764.91ms, mfu 6.34%
model:LGT723F iter 41580: loss 1.4075, time 1762.89ms, mfu 6.48%
model:LGT723F iter 41590: loss 1.5546, time 1772.67ms, mfu 6.61%
------average encoder activity 0.215
-----------average decoder density 0.3977
step 41600: train loss 1.7103, val loss 2.0462
saving checkpoint to out-novel-char3_LGT723F_3d25ede0cfd080d9e35756b051dcef65
done saving checkpoint to out-novel-char3_LGT723F_3d25ede0cfd080d9e35756b051dcef65
model:LGT723F iter 41600: loss 1.6771, time 29878.28ms, mfu 5.99%
model:LGT723F iter 41610: loss 1.3016, time 1751.36ms, mfu 6.18%
model:LGT723F iter 41620: loss 1.9180, time 1755.85ms, mfu 6.34%
model:LGT723F iter 41630: loss 1.5209, time 1765.95ms, mfu 6.49%
model:LGT723F iter 41640: loss 1.9798, time 1783.55ms, mfu 6.61%
------average encoder activity 0.215
-----------average decoder density 0.4209
step 41650: train loss 1.7008, val loss 2.0593
saving checkpoint to out-novel-char3_LGT723F_3d25ede0cfd080d9e35756b051dcef65
done saving checkpoint to out-novel-char3_LGT723F_3d25ede0cfd080d9e35756b051dcef65
model:LGT723F iter 41650: loss 1.5698, time 30206.89ms, mfu 5.99%
model:LGT723F iter 41660: loss 1.7486, time 1768.41ms, mfu 6.17%
model:LGT723F iter 41670: loss 1.8103, time 1760.91ms, mfu 6.33%
model:LGT723F iter 41680: loss 1.7252, time 1756.78ms, mfu 6.48%
model:LGT723F iter 41690: loss 2.0065, time 1755.81ms, mfu 6.61%
------average encoder activity 0.216
-----------average decoder density 0.4032
step 41700: train loss 1.6644, val loss 2.0467
saving checkpoint to out-novel-char3_LGT723F_3d25ede0cfd080d9e35756b051dcef65
done saving checkpoint to out-novel-char3_LGT723F_3d25ede0cfd080d9e35756b051dcef65
model:LGT723F iter 41700: loss 1.6452, time 29420.81ms, mfu 6.00%
model:LGT723F iter 41710: loss 1.7386, time 1767.47ms, mfu 6.17%
model:LGT723F iter 41720: loss 1.5016, time 1763.66ms, mfu 6.34%
model:LGT723F iter 41730: loss 1.7677, time 1767.85ms, mfu 6.48%
model:LGT723F iter 41740: loss 1.7476, time 1769.72ms, mfu 6.61%
------average encoder activity 0.216
-----------average decoder density 0.4554
step 41750: train loss 1.6669, val loss 2.0349
saving checkpoint to out-novel-char3_LGT723F_3d25ede0cfd080d9e35756b051dcef65
done saving checkpoint to out-novel-char3_LGT723F_3d25ede0cfd080d9e35756b051dcef65
model:LGT723F iter 41750: loss 1.7075, time 30044.48ms, mfu 5.99%
model:LGT723F iter 41760: loss 1.6621, time 1776.45ms, mfu 6.16%
model:LGT723F iter 41770: loss 1.8178, time 1771.50ms, mfu 6.32%
model:LGT723F iter 41780: loss 1.9232, time 1763.62ms, mfu 6.47%
model:LGT723F iter 41790: loss 1.2478, time 1762.15ms, mfu 6.60%
------average encoder activity 0.216
-----------average decoder density 0.4052
step 41800: train loss 1.7060, val loss 2.0428
saving checkpoint to out-novel-char3_LGT723F_3d25ede0cfd080d9e35756b051dcef65
done saving checkpoint to out-novel-char3_LGT723F_3d25ede0cfd080d9e35756b051dcef65
model:LGT723F iter 41800: loss 1.8052, time 29827.33ms, mfu 5.99%
model:LGT723F iter 41810: loss 1.4904, time 1758.16ms, mfu 6.17%
model:LGT723F iter 41820: loss 1.5957, time 1759.86ms, mfu 6.33%
model:LGT723F iter 41830: loss 1.6592, time 1759.58ms, mfu 6.48%
model:LGT723F iter 41840: loss 1.8150, time 1762.54ms, mfu 6.61%
------average encoder activity 0.216
-----------average decoder density 0.4411
step 41850: train loss 1.6823, val loss 2.0512
saving checkpoint to out-novel-char3_LGT723F_3d25ede0cfd080d9e35756b051dcef65
done saving checkpoint to out-novel-char3_LGT723F_3d25ede0cfd080d9e35756b051dcef65
model:LGT723F iter 41850: loss 1.7667, time 29755.46ms, mfu 5.99%
model:LGT723F iter 41860: loss 1.5641, time 1773.30ms, mfu 6.17%
model:LGT723F iter 41870: loss 1.4509, time 1780.82ms, mfu 6.32%
model:LGT723F iter 41880: loss 1.4484, time 1758.62ms, mfu 6.47%
model:LGT723F iter 41890: loss 1.6026, time 1762.00ms, mfu 6.60%
------average encoder activity 0.218
-----------average decoder density 0.4620
step 41900: train loss 1.6765, val loss 2.0545
saving checkpoint to out-novel-char3_LGT723F_3d25ede0cfd080d9e35756b051dcef65
done saving checkpoint to out-novel-char3_LGT723F_3d25ede0cfd080d9e35756b051dcef65
model:LGT723F iter 41900: loss 1.6700, time 29791.93ms, mfu 5.99%
model:LGT723F iter 41910: loss 1.6456, time 1760.42ms, mfu 6.17%
model:LGT723F iter 41920: loss 2.0210, time 1762.55ms, mfu 6.33%
model:LGT723F iter 41930: loss 1.5912, time 1760.35ms, mfu 6.48%
model:LGT723F iter 41940: loss 1.3859, time 1757.62ms, mfu 6.61%
------average encoder activity 0.217
-----------average decoder density 0.4088
step 41950: train loss 1.7029, val loss 2.0676
saving checkpoint to out-novel-char3_LGT723F_3d25ede0cfd080d9e35756b051dcef65
done saving checkpoint to out-novel-char3_LGT723F_3d25ede0cfd080d9e35756b051dcef65
model:LGT723F iter 41950: loss 1.8669, time 30127.94ms, mfu 6.00%
model:LGT723F iter 41960: loss 1.1329, time 1769.81ms, mfu 6.17%
model:LGT723F iter 41970: loss 2.0934, time 1766.21ms, mfu 6.33%
model:LGT723F iter 41980: loss 1.5935, time 1790.36ms, mfu 6.46%
model:LGT723F iter 41990: loss 1.6211, time 1768.11ms, mfu 6.59%
------average encoder activity 0.216
-----------average decoder density 0.4525
step 42000: train loss 1.6811, val loss 2.0629
saving checkpoint to out-novel-char3_LGT723F_3d25ede0cfd080d9e35756b051dcef65
done saving checkpoint to out-novel-char3_LGT723F_3d25ede0cfd080d9e35756b051dcef65
model:LGT723F iter 42000: loss 1.4308, time 30014.11ms, mfu 5.98%
model:LGT723F iter 42010: loss 1.8595, time 1762.29ms, mfu 6.16%
model:LGT723F iter 42020: loss 1.9157, time 1763.70ms, mfu 6.32%
model:LGT723F iter 42030: loss 1.7759, time 1765.12ms, mfu 6.47%
model:LGT723F iter 42040: loss 1.7879, time 1752.95ms, mfu 6.60%
------average encoder activity 0.217
-----------average decoder density 0.4714
step 42050: train loss 1.7165, val loss 2.0463
saving checkpoint to out-novel-char3_LGT723F_3d25ede0cfd080d9e35756b051dcef65
done saving checkpoint to out-novel-char3_LGT723F_3d25ede0cfd080d9e35756b051dcef65
model:LGT723F iter 42050: loss 1.6566, time 29865.01ms, mfu 5.99%
model:LGT723F iter 42060: loss 1.4577, time 1760.63ms, mfu 6.17%
model:LGT723F iter 42070: loss 1.8397, time 1761.78ms, mfu 6.33%
model:LGT723F iter 42080: loss 1.7898, time 1770.10ms, mfu 6.47%
model:LGT723F iter 42090: loss 1.4837, time 1783.01ms, mfu 6.60%
------average encoder activity 0.219
-----------average decoder density 0.4108
step 42100: train loss 1.6989, val loss 2.0284
saving checkpoint to out-novel-char3_LGT723F_3d25ede0cfd080d9e35756b051dcef65
done saving checkpoint to out-novel-char3_LGT723F_3d25ede0cfd080d9e35756b051dcef65
model:LGT723F iter 42100: loss 1.5156, time 29740.57ms, mfu 5.98%
model:LGT723F iter 42110: loss 1.5741, time 1759.56ms, mfu 6.16%
model:LGT723F iter 42120: loss 1.7531, time 1759.62ms, mfu 6.33%
model:LGT723F iter 42130: loss 1.5459, time 1764.57ms, mfu 6.47%
model:LGT723F iter 42140: loss 1.7279, time 1769.83ms, mfu 6.60%
------average encoder activity 0.218
-----------average decoder density 0.4426
step 42150: train loss 1.7145, val loss 2.0521
saving checkpoint to out-novel-char3_LGT723F_3d25ede0cfd080d9e35756b051dcef65
done saving checkpoint to out-novel-char3_LGT723F_3d25ede0cfd080d9e35756b051dcef65
model:LGT723F iter 42150: loss 1.7529, time 29953.29ms, mfu 5.99%
model:LGT723F iter 42160: loss 1.5854, time 1763.49ms, mfu 6.17%
model:LGT723F iter 42170: loss 1.5824, time 1757.53ms, mfu 6.33%
model:LGT723F iter 42180: loss 1.6363, time 1761.17ms, mfu 6.48%
model:LGT723F iter 42190: loss 1.7131, time 1773.88ms, mfu 6.60%
------average encoder activity 0.218
-----------average decoder density 0.4181
step 42200: train loss 1.6853, val loss 2.0528
saving checkpoint to out-novel-char3_LGT723F_3d25ede0cfd080d9e35756b051dcef65
done saving checkpoint to out-novel-char3_LGT723F_3d25ede0cfd080d9e35756b051dcef65
model:LGT723F iter 42200: loss 1.8264, time 29642.73ms, mfu 5.99%
model:LGT723F iter 42210: loss 1.8453, time 1766.29ms, mfu 6.17%
model:LGT723F iter 42220: loss 1.6126, time 1757.35ms, mfu 6.33%
model:LGT723F iter 42230: loss 1.6632, time 1755.19ms, mfu 6.48%
model:LGT723F iter 42240: loss 1.8980, time 1749.65ms, mfu 6.62%
------average encoder activity 0.218
-----------average decoder density 0.4124
step 42250: train loss 1.6757, val loss 2.0442
saving checkpoint to out-novel-char3_LGT723F_3d25ede0cfd080d9e35756b051dcef65
done saving checkpoint to out-novel-char3_LGT723F_3d25ede0cfd080d9e35756b051dcef65
model:LGT723F iter 42250: loss 1.8339, time 29690.66ms, mfu 6.00%
model:LGT723F iter 42260: loss 1.6616, time 1773.02ms, mfu 6.18%
model:LGT723F iter 42270: loss 1.5186, time 1766.55ms, mfu 6.33%
model:LGT723F iter 42280: loss 1.7888, time 1773.14ms, mfu 6.48%
model:LGT723F iter 42290: loss 1.4071, time 1768.48ms, mfu 6.60%
------average encoder activity 0.219
-----------average decoder density 0.4212
step 42300: train loss 1.6824, val loss 2.0575
saving checkpoint to out-novel-char3_LGT723F_3d25ede0cfd080d9e35756b051dcef65
done saving checkpoint to out-novel-char3_LGT723F_3d25ede0cfd080d9e35756b051dcef65
model:LGT723F iter 42300: loss 1.5656, time 29824.64ms, mfu 5.99%
model:LGT723F iter 42310: loss 1.8592, time 1762.51ms, mfu 6.17%
model:LGT723F iter 42320: loss 1.8412, time 1759.93ms, mfu 6.33%
model:LGT723F iter 42330: loss 1.7019, time 1747.03ms, mfu 6.48%
model:LGT723F iter 42340: loss 2.0218, time 1754.33ms, mfu 6.62%
------average encoder activity 0.219
-----------average decoder density 0.4062
step 42350: train loss 1.6786, val loss 2.0311
saving checkpoint to out-novel-char3_LGT723F_3d25ede0cfd080d9e35756b051dcef65
done saving checkpoint to out-novel-char3_LGT723F_3d25ede0cfd080d9e35756b051dcef65
model:LGT723F iter 42350: loss 1.7587, time 29699.03ms, mfu 6.00%
model:LGT723F iter 42360: loss 1.5949, time 1756.37ms, mfu 6.18%
model:LGT723F iter 42370: loss 1.6790, time 1762.07ms, mfu 6.34%
model:LGT723F iter 42380: loss 1.6874, time 1760.62ms, mfu 6.49%
model:LGT723F iter 42390: loss 1.5236, time 1764.50ms, mfu 6.62%
------average encoder activity 0.219
-----------average decoder density 0.4327
step 42400: train loss 1.6890, val loss 2.0390
saving checkpoint to out-novel-char3_LGT723F_3d25ede0cfd080d9e35756b051dcef65
done saving checkpoint to out-novel-char3_LGT723F_3d25ede0cfd080d9e35756b051dcef65
model:LGT723F iter 42400: loss 1.5443, time 30352.89ms, mfu 6.00%
model:LGT723F iter 42410: loss 1.5589, time 1771.30ms, mfu 6.18%
model:LGT723F iter 42420: loss 1.7827, time 1767.56ms, mfu 6.34%
model:LGT723F iter 42430: loss 1.7546, time 1760.58ms, mfu 6.48%
model:LGT723F iter 42440: loss 1.5696, time 1756.75ms, mfu 6.61%
------average encoder activity 0.219
-----------average decoder density 0.4195
step 42450: train loss 1.6871, val loss 2.0112
saving checkpoint to out-novel-char3_LGT723F_3d25ede0cfd080d9e35756b051dcef65
done saving checkpoint to out-novel-char3_LGT723F_3d25ede0cfd080d9e35756b051dcef65
model:LGT723F iter 42450: loss 1.7242, time 29738.16ms, mfu 6.00%
model:LGT723F iter 42460: loss 1.6911, time 1763.38ms, mfu 6.18%
model:LGT723F iter 42470: loss 1.6131, time 1764.09ms, mfu 6.34%
model:LGT723F iter 42480: loss 1.6819, time 1771.23ms, mfu 6.48%
model:LGT723F iter 42490: loss 1.8327, time 1767.30ms, mfu 6.61%
------average encoder activity 0.220
-----------average decoder density 0.3981
step 42500: train loss 1.6990, val loss 2.0224
saving checkpoint to out-novel-char3_LGT723F_3d25ede0cfd080d9e35756b051dcef65
done saving checkpoint to out-novel-char3_LGT723F_3d25ede0cfd080d9e35756b051dcef65
model:LGT723F iter 42500: loss 1.6766, time 30739.97ms, mfu 5.99%
model:LGT723F iter 42510: loss 1.6505, time 1777.50ms, mfu 6.16%
model:LGT723F iter 42520: loss 1.4415, time 1771.64ms, mfu 6.32%
model:LGT723F iter 42530: loss 1.7569, time 1766.90ms, mfu 6.47%
model:LGT723F iter 42540: loss 1.7173, time 1766.45ms, mfu 6.60%
------average encoder activity 0.219
-----------average decoder density 0.4016
step 42550: train loss 1.7089, val loss 2.0448
saving checkpoint to out-novel-char3_LGT723F_3d25ede0cfd080d9e35756b051dcef65
done saving checkpoint to out-novel-char3_LGT723F_3d25ede0cfd080d9e35756b051dcef65
model:LGT723F iter 42550: loss 1.4917, time 30066.71ms, mfu 5.98%
model:LGT723F iter 42560: loss 2.0276, time 1772.07ms, mfu 6.16%
model:LGT723F iter 42570: loss 1.4057, time 1766.12ms, mfu 6.32%
model:LGT723F iter 42580: loss 1.9502, time 1770.82ms, mfu 6.46%
model:LGT723F iter 42590: loss 1.6260, time 1761.34ms, mfu 6.60%
------average encoder activity 0.220
-----------average decoder density 0.4487
step 42600: train loss 1.6925, val loss 2.0514
saving checkpoint to out-novel-char3_LGT723F_3d25ede0cfd080d9e35756b051dcef65
done saving checkpoint to out-novel-char3_LGT723F_3d25ede0cfd080d9e35756b051dcef65
model:LGT723F iter 42600: loss 1.7137, time 30271.99ms, mfu 5.98%
model:LGT723F iter 42610: loss 1.7629, time 1768.20ms, mfu 6.16%
model:LGT723F iter 42620: loss 1.6839, time 1765.81ms, mfu 6.32%
model:LGT723F iter 42630: loss 1.5462, time 1763.83ms, mfu 6.47%
model:LGT723F iter 42640: loss 1.6968, time 1757.24ms, mfu 6.60%
------average encoder activity 0.220
-----------average decoder density 0.3886
step 42650: train loss 1.6760, val loss 2.0449
saving checkpoint to out-novel-char3_LGT723F_3d25ede0cfd080d9e35756b051dcef65
done saving checkpoint to out-novel-char3_LGT723F_3d25ede0cfd080d9e35756b051dcef65
model:LGT723F iter 42650: loss 1.6159, time 29681.48ms, mfu 5.99%
model:LGT723F iter 42660: loss 1.8475, time 1754.33ms, mfu 6.17%
model:LGT723F iter 42670: loss 1.7564, time 1758.61ms, mfu 6.33%
model:LGT723F iter 42680: loss 1.7499, time 1761.16ms, mfu 6.48%
model:LGT723F iter 42690: loss 1.5124, time 1763.19ms, mfu 6.61%
------average encoder activity 0.220
-----------average decoder density 0.4265
step 42700: train loss 1.7046, val loss 2.0573
saving checkpoint to out-novel-char3_LGT723F_3d25ede0cfd080d9e35756b051dcef65
done saving checkpoint to out-novel-char3_LGT723F_3d25ede0cfd080d9e35756b051dcef65
model:LGT723F iter 42700: loss 1.7168, time 30306.89ms, mfu 5.99%
model:LGT723F iter 42710: loss 1.8774, time 1757.30ms, mfu 6.18%
model:LGT723F iter 42720: loss 1.7462, time 1766.10ms, mfu 6.34%
model:LGT723F iter 42730: loss 1.5564, time 1758.48ms, mfu 6.48%
model:LGT723F iter 42740: loss 1.6613, time 1744.83ms, mfu 6.62%
------average encoder activity 0.220
-----------average decoder density 0.4100
step 42750: train loss 1.6960, val loss 2.0509
saving checkpoint to out-novel-char3_LGT723F_3d25ede0cfd080d9e35756b051dcef65
done saving checkpoint to out-novel-char3_LGT723F_3d25ede0cfd080d9e35756b051dcef65
model:LGT723F iter 42750: loss 1.5885, time 29712.25ms, mfu 6.01%
model:LGT723F iter 42760: loss 1.7210, time 1752.59ms, mfu 6.19%
model:LGT723F iter 42770: loss 1.3233, time 1765.07ms, mfu 6.35%
model:LGT723F iter 42780: loss 1.6379, time 1766.63ms, mfu 6.49%
model:LGT723F iter 42790: loss 1.8336, time 1764.14ms, mfu 6.62%
------average encoder activity 0.219
-----------average decoder density 0.3933
step 42800: train loss 1.6592, val loss 2.0467
saving checkpoint to out-novel-char3_LGT723F_3d25ede0cfd080d9e35756b051dcef65
done saving checkpoint to out-novel-char3_LGT723F_3d25ede0cfd080d9e35756b051dcef65
model:LGT723F iter 42800: loss 1.8377, time 29850.99ms, mfu 6.00%
model:LGT723F iter 42810: loss 1.5727, time 1766.04ms, mfu 6.18%
model:LGT723F iter 42820: loss 1.7617, time 1764.09ms, mfu 6.34%
model:LGT723F iter 42830: loss 1.8483, time 1755.52ms, mfu 6.49%
model:LGT723F iter 42840: loss 1.8387, time 1752.80ms, mfu 6.62%
------average encoder activity 0.221
-----------average decoder density 0.3834
step 42850: train loss 1.7063, val loss 2.0469
saving checkpoint to out-novel-char3_LGT723F_3d25ede0cfd080d9e35756b051dcef65
done saving checkpoint to out-novel-char3_LGT723F_3d25ede0cfd080d9e35756b051dcef65
model:LGT723F iter 42850: loss 1.3052, time 29506.69ms, mfu 6.01%
model:LGT723F iter 42860: loss 1.9346, time 1753.74ms, mfu 6.19%
model:LGT723F iter 42870: loss 1.9295, time 1755.40ms, mfu 6.35%
model:LGT723F iter 42880: loss 1.5738, time 1766.42ms, mfu 6.49%
model:LGT723F iter 42890: loss 1.3783, time 1759.86ms, mfu 6.62%
------average encoder activity 0.220
-----------average decoder density 0.3994
step 42900: train loss 1.6814, val loss 2.0427
saving checkpoint to out-novel-char3_LGT723F_3d25ede0cfd080d9e35756b051dcef65
done saving checkpoint to out-novel-char3_LGT723F_3d25ede0cfd080d9e35756b051dcef65
model:LGT723F iter 42900: loss 1.7189, time 29898.44ms, mfu 6.01%
model:LGT723F iter 42910: loss 1.5704, time 1747.60ms, mfu 6.19%
model:LGT723F iter 42920: loss 1.6317, time 1766.25ms, mfu 6.35%
model:LGT723F iter 42930: loss 1.8749, time 1762.48ms, mfu 6.49%
model:LGT723F iter 42940: loss 1.4472, time 1753.55ms, mfu 6.63%
------average encoder activity 0.220
-----------average decoder density 0.3955
step 42950: train loss 1.6799, val loss 2.0466
saving checkpoint to out-novel-char3_LGT723F_3d25ede0cfd080d9e35756b051dcef65
done saving checkpoint to out-novel-char3_LGT723F_3d25ede0cfd080d9e35756b051dcef65
model:LGT723F iter 42950: loss 1.5550, time 30141.65ms, mfu 6.01%
model:LGT723F iter 42960: loss 1.7934, time 1769.42ms, mfu 6.18%
model:LGT723F iter 42970: loss 1.7555, time 1741.79ms, mfu 6.35%
model:LGT723F iter 42980: loss 1.8180, time 1776.62ms, mfu 6.49%
model:LGT723F iter 42990: loss 1.6815, time 1777.31ms, mfu 6.61%
------average encoder activity 0.222
-----------average decoder density 0.3990
step 43000: train loss 1.6834, val loss 2.0646
saving checkpoint to out-novel-char3_LGT723F_3d25ede0cfd080d9e35756b051dcef65
done saving checkpoint to out-novel-char3_LGT723F_3d25ede0cfd080d9e35756b051dcef65
model:LGT723F iter 43000: loss 1.7434, time 29922.41ms, mfu 6.00%
model:LGT723F iter 43010: loss 1.7539, time 1765.22ms, mfu 6.18%
model:LGT723F iter 43020: loss 1.7228, time 1766.00ms, mfu 6.34%
model:LGT723F iter 43030: loss 1.6768, time 1737.88ms, mfu 6.49%
model:LGT723F iter 43040: loss 1.6876, time 1758.53ms, mfu 6.62%
------average encoder activity 0.220
-----------average decoder density 0.4066
step 43050: train loss 1.6628, val loss 2.0509
saving checkpoint to out-novel-char3_LGT723F_3d25ede0cfd080d9e35756b051dcef65
done saving checkpoint to out-novel-char3_LGT723F_3d25ede0cfd080d9e35756b051dcef65
model:LGT723F iter 43050: loss 1.7219, time 30057.65ms, mfu 6.01%
model:LGT723F iter 43060: loss 1.5200, time 1757.67ms, mfu 6.19%
model:LGT723F iter 43070: loss 1.9073, time 1760.61ms, mfu 6.35%
model:LGT723F iter 43080: loss 1.6635, time 1780.92ms, mfu 6.48%
model:LGT723F iter 43090: loss 1.9006, time 1787.71ms, mfu 6.60%
------average encoder activity 0.221
-----------average decoder density 0.3922
step 43100: train loss 1.6993, val loss 2.0404
saving checkpoint to out-novel-char3_LGT723F_3d25ede0cfd080d9e35756b051dcef65
done saving checkpoint to out-novel-char3_LGT723F_3d25ede0cfd080d9e35756b051dcef65
model:LGT723F iter 43100: loss 1.7893, time 29958.87ms, mfu 5.99%
model:LGT723F iter 43110: loss 1.5921, time 1761.53ms, mfu 6.17%
model:LGT723F iter 43120: loss 1.5742, time 1768.22ms, mfu 6.33%
model:LGT723F iter 43130: loss 1.7547, time 1767.00ms, mfu 6.47%
model:LGT723F iter 43140: loss 1.7661, time 1764.88ms, mfu 6.60%
------average encoder activity 0.221
-----------average decoder density 0.4332
step 43150: train loss 1.6531, val loss 2.0345
saving checkpoint to out-novel-char3_LGT723F_3d25ede0cfd080d9e35756b051dcef65
done saving checkpoint to out-novel-char3_LGT723F_3d25ede0cfd080d9e35756b051dcef65
model:LGT723F iter 43150: loss 1.7334, time 29450.02ms, mfu 5.99%
Overriding config with config/train_novel_char3.py:
# train a miniature character-level shakespeare model
# good for debugging and playing on macbooks and such

out_dir = 'out-novel-char3'
eval_interval = 250 # keep frequent because we'll overfit
eval_iters = 200
log_interval = 10 # don't print too too often

# we expect to overfit on this small dataset, so only save when val improves
always_save_checkpoint = False

wandb_log = False # override via command line if you like
wandb_project = 'novel'
wandb_run_name = 'novel'

dataset = 'novel_char3'
gradient_accumulation_steps = 1
# gradient_accumulation_steps = 6
gradient_accumulation_steps = 12
# gradient_accumulation_steps = 24
# gradient_accumulation_steps = 48
# batch_size = 12
batch_size = 2
# batch_size = 1
# block_size = 256 # context of up to 256 previous characters
# block_size = 256 # context of up to 256 previous characters
# block_size = 64 # context of up to 256 previous characters
block_size = 1024 # context of up to 256 previous characters

# baby GPT model :)
n_layer = 6
n_head = 6
n_embd = 384
# n_embd = 182
dropout = 0.2

# learning_rate = 1e-3 # with baby networks can afford to go a bit higher
learning_rate = 1e-4 # with baby networks can afford to go a bit higher

# max_iters = 5000
# lr_decay_iters = 5000 # make equal to max_iters usually

max_iters = 500000
lr_decay_iters = 500000 # make equal to max_iters usually

min_lr = 5e-6 # learning_rate / 10 usually
beta2 = 0.99 # make a bit bigger because number of tokens per iter is small

warmup_iters = 100 # not super necessary potentially

# on macbook also add
# device = 'cpu'  # run on cpu only
# compile = False # do not torch compile the model
# init_from ='resume'


'''
python3 -u sample.py config/train_novel.py --out_dir=out-novel-word_CCM232_c85667cd6eadbcf772d23fa97827c506 --model=CCM232
python3 -u sample.py config/train_novel.py --out_dir=out-novel-word_CCM251_4bfeb7b3e1b9c46a2542bb9406173e22 --model=CCM251
python3 -u sample.py config/train_novel.py --out_dir=out-novel-word_CCM253_01b622029bb00e0dc9206cae3b0ab559 --model=CCM253 
python3 -u sample.py config/train_novel.py --out_dir=out-novel-word_CCM276_01b622029bb00e0dc9206cae3b0ab559 --model=CCM276
python3 -u sample.py config/train_novel.py --out_dir=out-novel-word_CCM278_a97bfe077b316033e3604831d5ad371e --model=CCM278
python3 -u sample.py config/train_novel.py --out_dir=out-novel-word_CCM305_52efa1def80492f81622f536ac701226 --model=CCM305


out-novel-word_CCM276_01b622029bb00e0dc9206cae3b0ab559

'''
#### python3 -u sample.py config/train_novel.py --out_dir=out-novel-word_CCM232_c85667cd6eadbcf772d23fa97827c506 --model=CCM232
Overriding: init_from = resume
Overriding: compile = False
Overriding: model = LGT723F
Overriding: n_layer = 70
Overriding: n_head = 12
Overriding: share_layer = False
Overriding: always_save_checkpoint = True
Overriding: max_iters = 2500999
Overriding: best_val_loss_force = 10.001
Overriding: min_lr = 5e-06
Overriding: dropout = 0.0
Overriding: eval_interval = 50
Overriding: force_resave = 0
Overriding: random_seed = 3
tokens per iteration will be: 24,576
found vocab_size = 73440 (inside data/novel_char3/meta.pkl)
out_dir: out-novel-char3_LGT723F_3d25ede0cfd080d9e35756b051dcef65
Resuming training from out-novel-char3_LGT723F_3d25ede0cfd080d9e35756b051dcef65
WARNING: using slow attention. Flash Attention requires PyTorch >= 2.0
WARNING: using slow attention. Flash Attention requires PyTorch >= 2.0
WARNING: using slow attention. Flash Attention requires PyTorch >= 2.0
WARNING: using slow attention. Flash Attention requires PyTorch >= 2.0
WARNING: using slow attention. Flash Attention requires PyTorch >= 2.0
WARNING: using slow attention. Flash Attention requires PyTorch >= 2.0
WARNING: using slow attention. Flash Attention requires PyTorch >= 2.0
WARNING: using slow attention. Flash Attention requires PyTorch >= 2.0
WARNING: using slow attention. Flash Attention requires PyTorch >= 2.0
WARNING: using slow attention. Flash Attention requires PyTorch >= 2.0
WARNING: using slow attention. Flash Attention requires PyTorch >= 2.0
WARNING: using slow attention. Flash Attention requires PyTorch >= 2.0
WARNING: using slow attention. Flash Attention requires PyTorch >= 2.0
WARNING: using slow attention. Flash Attention requires PyTorch >= 2.0
WARNING: using slow attention. Flash Attention requires PyTorch >= 2.0
WARNING: using slow attention. Flash Attention requires PyTorch >= 2.0
WARNING: using slow attention. Flash Attention requires PyTorch >= 2.0
WARNING: using slow attention. Flash Attention requires PyTorch >= 2.0
WARNING: using slow attention. Flash Attention requires PyTorch >= 2.0
WARNING: using slow attention. Flash Attention requires PyTorch >= 2.0
WARNING: using slow attention. Flash Attention requires PyTorch >= 2.0
WARNING: using slow attention. Flash Attention requires PyTorch >= 2.0
WARNING: using slow attention. Flash Attention requires PyTorch >= 2.0
WARNING: using slow attention. Flash Attention requires PyTorch >= 2.0
WARNING: using slow attention. Flash Attention requires PyTorch >= 2.0
WARNING: using slow attention. Flash Attention requires PyTorch >= 2.0
WARNING: using slow attention. Flash Attention requires PyTorch >= 2.0
WARNING: using slow attention. Flash Attention requires PyTorch >= 2.0
WARNING: using slow attention. Flash Attention requires PyTorch >= 2.0
WARNING: using slow attention. Flash Attention requires PyTorch >= 2.0
WARNING: using slow attention. Flash Attention requires PyTorch >= 2.0
WARNING: using slow attention. Flash Attention requires PyTorch >= 2.0
WARNING: using slow attention. Flash Attention requires PyTorch >= 2.0
WARNING: using slow attention. Flash Attention requires PyTorch >= 2.0
WARNING: using slow attention. Flash Attention requires PyTorch >= 2.0
WARNING: using slow attention. Flash Attention requires PyTorch >= 2.0
WARNING: using slow attention. Flash Attention requires PyTorch >= 2.0
WARNING: using slow attention. Flash Attention requires PyTorch >= 2.0
WARNING: using slow attention. Flash Attention requires PyTorch >= 2.0
WARNING: using slow attention. Flash Attention requires PyTorch >= 2.0
WARNING: using slow attention. Flash Attention requires PyTorch >= 2.0
WARNING: using slow attention. Flash Attention requires PyTorch >= 2.0
WARNING: using slow attention. Flash Attention requires PyTorch >= 2.0
WARNING: using slow attention. Flash Attention requires PyTorch >= 2.0
WARNING: using slow attention. Flash Attention requires PyTorch >= 2.0
WARNING: using slow attention. Flash Attention requires PyTorch >= 2.0
WARNING: using slow attention. Flash Attention requires PyTorch >= 2.0
WARNING: using slow attention. Flash Attention requires PyTorch >= 2.0
WARNING: using slow attention. Flash Attention requires PyTorch >= 2.0
WARNING: using slow attention. Flash Attention requires PyTorch >= 2.0
WARNING: using slow attention. Flash Attention requires PyTorch >= 2.0
WARNING: using slow attention. Flash Attention requires PyTorch >= 2.0
WARNING: using slow attention. Flash Attention requires PyTorch >= 2.0
WARNING: using slow attention. Flash Attention requires PyTorch >= 2.0
WARNING: using slow attention. Flash Attention requires PyTorch >= 2.0
WARNING: using slow attention. Flash Attention requires PyTorch >= 2.0
WARNING: using slow attention. Flash Attention requires PyTorch >= 2.0
WARNING: using slow attention. Flash Attention requires PyTorch >= 2.0
WARNING: using slow attention. Flash Attention requires PyTorch >= 2.0
WARNING: using slow attention. Flash Attention requires PyTorch >= 2.0
WARNING: using slow attention. Flash Attention requires PyTorch >= 2.0
WARNING: using slow attention. Flash Attention requires PyTorch >= 2.0
WARNING: using slow attention. Flash Attention requires PyTorch >= 2.0
WARNING: using slow attention. Flash Attention requires PyTorch >= 2.0
WARNING: using slow attention. Flash Attention requires PyTorch >= 2.0
WARNING: using slow attention. Flash Attention requires PyTorch >= 2.0
WARNING: using slow attention. Flash Attention requires PyTorch >= 2.0
WARNING: using slow attention. Flash Attention requires PyTorch >= 2.0
WARNING: using slow attention. Flash Attention requires PyTorch >= 2.0
WARNING: using slow attention. Flash Attention requires PyTorch >= 2.0
num decayed parameter tensors: 353, with 194,444,544 parameters
num non-decayed parameter tensors: 214, with 41,342,593 parameters
using fused AdamW: True
------average encoder activity 0.221
-----------average decoder density 0.4016
step 43150: train loss 1.6865, val loss 2.0239
saving checkpoint to out-novel-char3_LGT723F_3d25ede0cfd080d9e35756b051dcef65
done saving checkpoint to out-novel-char3_LGT723F_3d25ede0cfd080d9e35756b051dcef65
model:LGT723F iter 43150: loss 1.7927, time 30058.32ms, mfu -100.00%
model:LGT723F iter 43160: loss 1.5016, time 1761.82ms, mfu 7.79%
model:LGT723F iter 43170: loss 1.7794, time 1762.95ms, mfu 7.79%
model:LGT723F iter 43180: loss 1.8384, time 1769.50ms, mfu 7.79%
model:LGT723F iter 43190: loss 1.8255, time 1762.71ms, mfu 7.79%
------average encoder activity 0.223
-----------average decoder density 0.3983
step 43200: train loss 1.6717, val loss 2.0536
saving checkpoint to out-novel-char3_LGT723F_3d25ede0cfd080d9e35756b051dcef65
done saving checkpoint to out-novel-char3_LGT723F_3d25ede0cfd080d9e35756b051dcef65
model:LGT723F iter 43200: loss 1.7188, time 29420.42ms, mfu 7.05%
model:LGT723F iter 43210: loss 1.7067, time 1762.39ms, mfu 7.13%
model:LGT723F iter 43220: loss 1.6021, time 1758.36ms, mfu 7.20%
model:LGT723F iter 43230: loss 1.9254, time 1761.27ms, mfu 7.25%
model:LGT723F iter 43240: loss 1.7586, time 1757.08ms, mfu 7.31%
------average encoder activity 0.221
-----------average decoder density 0.4412
step 43250: train loss 1.6752, val loss 2.0470
saving checkpoint to out-novel-char3_LGT723F_3d25ede0cfd080d9e35756b051dcef65
done saving checkpoint to out-novel-char3_LGT723F_3d25ede0cfd080d9e35756b051dcef65
model:LGT723F iter 43250: loss 1.4238, time 29586.25ms, mfu 6.63%
model:LGT723F iter 43260: loss 1.5330, time 1754.45ms, mfu 6.75%
model:LGT723F iter 43270: loss 1.4378, time 1765.18ms, mfu 6.85%
model:LGT723F iter 43280: loss 1.5156, time 1761.91ms, mfu 6.94%
model:LGT723F iter 43290: loss 1.9058, time 1756.39ms, mfu 7.03%
------average encoder activity 0.221
-----------average decoder density 0.3978
step 43300: train loss 1.6875, val loss 2.0584
saving checkpoint to out-novel-char3_LGT723F_3d25ede0cfd080d9e35756b051dcef65
done saving checkpoint to out-novel-char3_LGT723F_3d25ede0cfd080d9e35756b051dcef65
model:LGT723F iter 43300: loss 1.5722, time 29480.16ms, mfu 6.37%
model:LGT723F iter 43310: loss 1.5948, time 1760.09ms, mfu 6.52%
model:LGT723F iter 43320: loss 1.5996, time 1763.10ms, mfu 6.64%
model:LGT723F iter 43330: loss 1.8195, time 1758.28ms, mfu 6.76%
model:LGT723F iter 43340: loss 1.6887, time 1768.85ms, mfu 6.86%
------average encoder activity 0.220
-----------average decoder density 0.4088
step 43350: train loss 1.6621, val loss 2.0781
saving checkpoint to out-novel-char3_LGT723F_3d25ede0cfd080d9e35756b051dcef65
done saving checkpoint to out-novel-char3_LGT723F_3d25ede0cfd080d9e35756b051dcef65
model:LGT723F iter 43350: loss 1.5692, time 29624.37ms, mfu 6.22%
model:LGT723F iter 43360: loss 1.5873, time 1758.88ms, mfu 6.38%
model:LGT723F iter 43370: loss 1.7181, time 1749.09ms, mfu 6.52%
model:LGT723F iter 43380: loss 1.8599, time 1762.08ms, mfu 6.65%
model:LGT723F iter 43390: loss 1.4253, time 1758.10ms, mfu 6.77%
------average encoder activity 0.220
-----------average decoder density 0.4506
step 43400: train loss 1.6855, val loss 2.0437
saving checkpoint to out-novel-char3_LGT723F_3d25ede0cfd080d9e35756b051dcef65
done saving checkpoint to out-novel-char3_LGT723F_3d25ede0cfd080d9e35756b051dcef65
model:LGT723F iter 43400: loss 1.5124, time 29975.80ms, mfu 6.14%
Overriding config with config/train_novel_char3.py:
# train a miniature character-level shakespeare model
# good for debugging and playing on macbooks and such

out_dir = 'out-novel-char3'
eval_interval = 250 # keep frequent because we'll overfit
eval_iters = 200
log_interval = 10 # don't print too too often

# we expect to overfit on this small dataset, so only save when val improves
always_save_checkpoint = False

wandb_log = False # override via command line if you like
wandb_project = 'novel'
wandb_run_name = 'novel'

dataset = 'novel_char3'
gradient_accumulation_steps = 1
# gradient_accumulation_steps = 6
gradient_accumulation_steps = 12
# gradient_accumulation_steps = 24
# gradient_accumulation_steps = 48
# batch_size = 12
batch_size = 2
# batch_size = 1
# block_size = 256 # context of up to 256 previous characters
# block_size = 256 # context of up to 256 previous characters
# block_size = 64 # context of up to 256 previous characters
block_size = 1024 # context of up to 256 previous characters

# baby GPT model :)
n_layer = 6
n_head = 6
n_embd = 384
# n_embd = 182
dropout = 0.2

# learning_rate = 1e-3 # with baby networks can afford to go a bit higher
learning_rate = 1e-4 # with baby networks can afford to go a bit higher

# max_iters = 5000
# lr_decay_iters = 5000 # make equal to max_iters usually

max_iters = 500000
lr_decay_iters = 500000 # make equal to max_iters usually

min_lr = 5e-6 # learning_rate / 10 usually
beta2 = 0.99 # make a bit bigger because number of tokens per iter is small

warmup_iters = 100 # not super necessary potentially

# on macbook also add
# device = 'cpu'  # run on cpu only
# compile = False # do not torch compile the model
# init_from ='resume'


'''
python3 -u sample.py config/train_novel.py --out_dir=out-novel-word_CCM232_c85667cd6eadbcf772d23fa97827c506 --model=CCM232
python3 -u sample.py config/train_novel.py --out_dir=out-novel-word_CCM251_4bfeb7b3e1b9c46a2542bb9406173e22 --model=CCM251
python3 -u sample.py config/train_novel.py --out_dir=out-novel-word_CCM253_01b622029bb00e0dc9206cae3b0ab559 --model=CCM253 
python3 -u sample.py config/train_novel.py --out_dir=out-novel-word_CCM276_01b622029bb00e0dc9206cae3b0ab559 --model=CCM276
python3 -u sample.py config/train_novel.py --out_dir=out-novel-word_CCM278_a97bfe077b316033e3604831d5ad371e --model=CCM278
python3 -u sample.py config/train_novel.py --out_dir=out-novel-word_CCM305_52efa1def80492f81622f536ac701226 --model=CCM305


out-novel-word_CCM276_01b622029bb00e0dc9206cae3b0ab559

'''
#### python3 -u sample.py config/train_novel.py --out_dir=out-novel-word_CCM232_c85667cd6eadbcf772d23fa97827c506 --model=CCM232
Overriding: init_from = resume
Overriding: compile = False
Overriding: model = LGT723F
Overriding: n_layer = 70
Overriding: n_head = 12
Overriding: share_layer = False
Overriding: always_save_checkpoint = True
Overriding: max_iters = 2500999
Overriding: best_val_loss_force = 10.001
Overriding: min_lr = 5e-06
Overriding: dropout = 0.0
Overriding: eval_interval = 50
Overriding: force_resave = 0
Overriding: random_seed = 3
tokens per iteration will be: 24,576
found vocab_size = 73440 (inside data/novel_char3/meta.pkl)
out_dir: out-novel-char3_LGT723F_3d25ede0cfd080d9e35756b051dcef65
Resuming training from out-novel-char3_LGT723F_3d25ede0cfd080d9e35756b051dcef65
WARNING: using slow attention. Flash Attention requires PyTorch >= 2.0
WARNING: using slow attention. Flash Attention requires PyTorch >= 2.0
WARNING: using slow attention. Flash Attention requires PyTorch >= 2.0
WARNING: using slow attention. Flash Attention requires PyTorch >= 2.0
WARNING: using slow attention. Flash Attention requires PyTorch >= 2.0
WARNING: using slow attention. Flash Attention requires PyTorch >= 2.0
WARNING: using slow attention. Flash Attention requires PyTorch >= 2.0
WARNING: using slow attention. Flash Attention requires PyTorch >= 2.0
WARNING: using slow attention. Flash Attention requires PyTorch >= 2.0
WARNING: using slow attention. Flash Attention requires PyTorch >= 2.0
WARNING: using slow attention. Flash Attention requires PyTorch >= 2.0
WARNING: using slow attention. Flash Attention requires PyTorch >= 2.0
WARNING: using slow attention. Flash Attention requires PyTorch >= 2.0
WARNING: using slow attention. Flash Attention requires PyTorch >= 2.0
WARNING: using slow attention. Flash Attention requires PyTorch >= 2.0
WARNING: using slow attention. Flash Attention requires PyTorch >= 2.0
WARNING: using slow attention. Flash Attention requires PyTorch >= 2.0
WARNING: using slow attention. Flash Attention requires PyTorch >= 2.0
WARNING: using slow attention. Flash Attention requires PyTorch >= 2.0
WARNING: using slow attention. Flash Attention requires PyTorch >= 2.0
WARNING: using slow attention. Flash Attention requires PyTorch >= 2.0
WARNING: using slow attention. Flash Attention requires PyTorch >= 2.0
WARNING: using slow attention. Flash Attention requires PyTorch >= 2.0
WARNING: using slow attention. Flash Attention requires PyTorch >= 2.0
WARNING: using slow attention. Flash Attention requires PyTorch >= 2.0
WARNING: using slow attention. Flash Attention requires PyTorch >= 2.0
WARNING: using slow attention. Flash Attention requires PyTorch >= 2.0
WARNING: using slow attention. Flash Attention requires PyTorch >= 2.0
WARNING: using slow attention. Flash Attention requires PyTorch >= 2.0
WARNING: using slow attention. Flash Attention requires PyTorch >= 2.0
WARNING: using slow attention. Flash Attention requires PyTorch >= 2.0
WARNING: using slow attention. Flash Attention requires PyTorch >= 2.0
WARNING: using slow attention. Flash Attention requires PyTorch >= 2.0
WARNING: using slow attention. Flash Attention requires PyTorch >= 2.0
WARNING: using slow attention. Flash Attention requires PyTorch >= 2.0
WARNING: using slow attention. Flash Attention requires PyTorch >= 2.0
WARNING: using slow attention. Flash Attention requires PyTorch >= 2.0
WARNING: using slow attention. Flash Attention requires PyTorch >= 2.0
WARNING: using slow attention. Flash Attention requires PyTorch >= 2.0
WARNING: using slow attention. Flash Attention requires PyTorch >= 2.0
WARNING: using slow attention. Flash Attention requires PyTorch >= 2.0
WARNING: using slow attention. Flash Attention requires PyTorch >= 2.0
WARNING: using slow attention. Flash Attention requires PyTorch >= 2.0
WARNING: using slow attention. Flash Attention requires PyTorch >= 2.0
WARNING: using slow attention. Flash Attention requires PyTorch >= 2.0
WARNING: using slow attention. Flash Attention requires PyTorch >= 2.0
WARNING: using slow attention. Flash Attention requires PyTorch >= 2.0
WARNING: using slow attention. Flash Attention requires PyTorch >= 2.0
WARNING: using slow attention. Flash Attention requires PyTorch >= 2.0
WARNING: using slow attention. Flash Attention requires PyTorch >= 2.0
WARNING: using slow attention. Flash Attention requires PyTorch >= 2.0
WARNING: using slow attention. Flash Attention requires PyTorch >= 2.0
WARNING: using slow attention. Flash Attention requires PyTorch >= 2.0
WARNING: using slow attention. Flash Attention requires PyTorch >= 2.0
WARNING: using slow attention. Flash Attention requires PyTorch >= 2.0
WARNING: using slow attention. Flash Attention requires PyTorch >= 2.0
WARNING: using slow attention. Flash Attention requires PyTorch >= 2.0
WARNING: using slow attention. Flash Attention requires PyTorch >= 2.0
WARNING: using slow attention. Flash Attention requires PyTorch >= 2.0
WARNING: using slow attention. Flash Attention requires PyTorch >= 2.0
WARNING: using slow attention. Flash Attention requires PyTorch >= 2.0
WARNING: using slow attention. Flash Attention requires PyTorch >= 2.0
WARNING: using slow attention. Flash Attention requires PyTorch >= 2.0
WARNING: using slow attention. Flash Attention requires PyTorch >= 2.0
WARNING: using slow attention. Flash Attention requires PyTorch >= 2.0
WARNING: using slow attention. Flash Attention requires PyTorch >= 2.0
WARNING: using slow attention. Flash Attention requires PyTorch >= 2.0
WARNING: using slow attention. Flash Attention requires PyTorch >= 2.0
WARNING: using slow attention. Flash Attention requires PyTorch >= 2.0
WARNING: using slow attention. Flash Attention requires PyTorch >= 2.0
num decayed parameter tensors: 353, with 194,444,544 parameters
num non-decayed parameter tensors: 214, with 41,342,593 parameters
using fused AdamW: True
------average encoder activity 1.383
-----------average decoder density 0.4102
step 43400: train loss 1.7037, val loss 2.0426
saving checkpoint to out-novel-char3_LGT723F_3d25ede0cfd080d9e35756b051dcef65
done saving checkpoint to out-novel-char3_LGT723F_3d25ede0cfd080d9e35756b051dcef65
model:LGT723F iter 43400: loss 1.6905, time 28809.46ms, mfu -100.00%
Overriding config with config/train_novel_char3.py:
# train a miniature character-level shakespeare model
# good for debugging and playing on macbooks and such

out_dir = 'out-novel-char3'
eval_interval = 250 # keep frequent because we'll overfit
eval_iters = 200
log_interval = 10 # don't print too too often

# we expect to overfit on this small dataset, so only save when val improves
always_save_checkpoint = False

wandb_log = False # override via command line if you like
wandb_project = 'novel'
wandb_run_name = 'novel'

dataset = 'novel_char3'
gradient_accumulation_steps = 1
# gradient_accumulation_steps = 6
gradient_accumulation_steps = 12
# gradient_accumulation_steps = 24
# gradient_accumulation_steps = 48
# batch_size = 12
batch_size = 2
# batch_size = 1
# block_size = 256 # context of up to 256 previous characters
# block_size = 256 # context of up to 256 previous characters
# block_size = 64 # context of up to 256 previous characters
block_size = 1024 # context of up to 256 previous characters

# baby GPT model :)
n_layer = 6
n_head = 6
n_embd = 384
# n_embd = 182
dropout = 0.2

# learning_rate = 1e-3 # with baby networks can afford to go a bit higher
learning_rate = 1e-4 # with baby networks can afford to go a bit higher

# max_iters = 5000
# lr_decay_iters = 5000 # make equal to max_iters usually

max_iters = 500000
lr_decay_iters = 500000 # make equal to max_iters usually

min_lr = 5e-6 # learning_rate / 10 usually
beta2 = 0.99 # make a bit bigger because number of tokens per iter is small

warmup_iters = 100 # not super necessary potentially

# on macbook also add
# device = 'cpu'  # run on cpu only
# compile = False # do not torch compile the model
# init_from ='resume'


'''
python3 -u sample.py config/train_novel.py --out_dir=out-novel-word_CCM232_c85667cd6eadbcf772d23fa97827c506 --model=CCM232
python3 -u sample.py config/train_novel.py --out_dir=out-novel-word_CCM251_4bfeb7b3e1b9c46a2542bb9406173e22 --model=CCM251
python3 -u sample.py config/train_novel.py --out_dir=out-novel-word_CCM253_01b622029bb00e0dc9206cae3b0ab559 --model=CCM253 
python3 -u sample.py config/train_novel.py --out_dir=out-novel-word_CCM276_01b622029bb00e0dc9206cae3b0ab559 --model=CCM276
python3 -u sample.py config/train_novel.py --out_dir=out-novel-word_CCM278_a97bfe077b316033e3604831d5ad371e --model=CCM278
python3 -u sample.py config/train_novel.py --out_dir=out-novel-word_CCM305_52efa1def80492f81622f536ac701226 --model=CCM305


out-novel-word_CCM276_01b622029bb00e0dc9206cae3b0ab559

'''
#### python3 -u sample.py config/train_novel.py --out_dir=out-novel-word_CCM232_c85667cd6eadbcf772d23fa97827c506 --model=CCM232
Overriding: init_from = resume
Overriding: compile = False
Overriding: model = LGT723F
Overriding: n_layer = 70
Overriding: n_head = 12
Overriding: share_layer = False
Overriding: always_save_checkpoint = True
Overriding: max_iters = 2500999
Overriding: best_val_loss_force = 10.001
Overriding: min_lr = 5e-06
Overriding: dropout = 0.0
Overriding: eval_interval = 50
Overriding: force_resave = 0
Overriding: random_seed = 3
tokens per iteration will be: 24,576
found vocab_size = 73440 (inside data/novel_char3/meta.pkl)
out_dir: out-novel-char3_LGT723F_3d25ede0cfd080d9e35756b051dcef65
Resuming training from out-novel-char3_LGT723F_3d25ede0cfd080d9e35756b051dcef65
WARNING: using slow attention. Flash Attention requires PyTorch >= 2.0
WARNING: using slow attention. Flash Attention requires PyTorch >= 2.0
WARNING: using slow attention. Flash Attention requires PyTorch >= 2.0
WARNING: using slow attention. Flash Attention requires PyTorch >= 2.0
WARNING: using slow attention. Flash Attention requires PyTorch >= 2.0
WARNING: using slow attention. Flash Attention requires PyTorch >= 2.0
WARNING: using slow attention. Flash Attention requires PyTorch >= 2.0
WARNING: using slow attention. Flash Attention requires PyTorch >= 2.0
WARNING: using slow attention. Flash Attention requires PyTorch >= 2.0
WARNING: using slow attention. Flash Attention requires PyTorch >= 2.0
WARNING: using slow attention. Flash Attention requires PyTorch >= 2.0
WARNING: using slow attention. Flash Attention requires PyTorch >= 2.0
WARNING: using slow attention. Flash Attention requires PyTorch >= 2.0
WARNING: using slow attention. Flash Attention requires PyTorch >= 2.0
WARNING: using slow attention. Flash Attention requires PyTorch >= 2.0
WARNING: using slow attention. Flash Attention requires PyTorch >= 2.0
WARNING: using slow attention. Flash Attention requires PyTorch >= 2.0
WARNING: using slow attention. Flash Attention requires PyTorch >= 2.0
WARNING: using slow attention. Flash Attention requires PyTorch >= 2.0
WARNING: using slow attention. Flash Attention requires PyTorch >= 2.0
WARNING: using slow attention. Flash Attention requires PyTorch >= 2.0
WARNING: using slow attention. Flash Attention requires PyTorch >= 2.0
WARNING: using slow attention. Flash Attention requires PyTorch >= 2.0
WARNING: using slow attention. Flash Attention requires PyTorch >= 2.0
WARNING: using slow attention. Flash Attention requires PyTorch >= 2.0
WARNING: using slow attention. Flash Attention requires PyTorch >= 2.0
WARNING: using slow attention. Flash Attention requires PyTorch >= 2.0
WARNING: using slow attention. Flash Attention requires PyTorch >= 2.0
WARNING: using slow attention. Flash Attention requires PyTorch >= 2.0
WARNING: using slow attention. Flash Attention requires PyTorch >= 2.0
WARNING: using slow attention. Flash Attention requires PyTorch >= 2.0
WARNING: using slow attention. Flash Attention requires PyTorch >= 2.0
WARNING: using slow attention. Flash Attention requires PyTorch >= 2.0
Overriding config with config/train_novel_char3.py:
# train a miniature character-level shakespeare model
# good for debugging and playing on macbooks and such

out_dir = 'out-novel-char3'
eval_interval = 250 # keep frequent because we'll overfit
eval_iters = 200
log_interval = 10 # don't print too too often

# we expect to overfit on this small dataset, so only save when val improves
always_save_checkpoint = False

wandb_log = False # override via command line if you like
wandb_project = 'novel'
wandb_run_name = 'novel'

dataset = 'novel_char3'
gradient_accumulation_steps = 1
# gradient_accumulation_steps = 6
gradient_accumulation_steps = 12
# gradient_accumulation_steps = 24
# gradient_accumulation_steps = 48
# batch_size = 12
batch_size = 2
# batch_size = 1
# block_size = 256 # context of up to 256 previous characters
# block_size = 256 # context of up to 256 previous characters
# block_size = 64 # context of up to 256 previous characters
block_size = 1024 # context of up to 256 previous characters

# baby GPT model :)
n_layer = 6
n_head = 6
n_embd = 384
# n_embd = 182
dropout = 0.2

# learning_rate = 1e-3 # with baby networks can afford to go a bit higher
learning_rate = 1e-4 # with baby networks can afford to go a bit higher

# max_iters = 5000
# lr_decay_iters = 5000 # make equal to max_iters usually

max_iters = 500000
lr_decay_iters = 500000 # make equal to max_iters usually

min_lr = 5e-6 # learning_rate / 10 usually
beta2 = 0.99 # make a bit bigger because number of tokens per iter is small

warmup_iters = 100 # not super necessary potentially

# on macbook also add
# device = 'cpu'  # run on cpu only
# compile = False # do not torch compile the model
# init_from ='resume'


'''
python3 -u sample.py config/train_novel.py --out_dir=out-novel-word_CCM232_c85667cd6eadbcf772d23fa97827c506 --model=CCM232
python3 -u sample.py config/train_novel.py --out_dir=out-novel-word_CCM251_4bfeb7b3e1b9c46a2542bb9406173e22 --model=CCM251
python3 -u sample.py config/train_novel.py --out_dir=out-novel-word_CCM253_01b622029bb00e0dc9206cae3b0ab559 --model=CCM253 
python3 -u sample.py config/train_novel.py --out_dir=out-novel-word_CCM276_01b622029bb00e0dc9206cae3b0ab559 --model=CCM276
python3 -u sample.py config/train_novel.py --out_dir=out-novel-word_CCM278_a97bfe077b316033e3604831d5ad371e --model=CCM278
python3 -u sample.py config/train_novel.py --out_dir=out-novel-word_CCM305_52efa1def80492f81622f536ac701226 --model=CCM305


out-novel-word_CCM276_01b622029bb00e0dc9206cae3b0ab559

'''
#### python3 -u sample.py config/train_novel.py --out_dir=out-novel-word_CCM232_c85667cd6eadbcf772d23fa97827c506 --model=CCM232
Overriding: init_from = resume
Overriding: compile = False
Overriding: model = LGT723F
Overriding: n_layer = 70
Overriding: n_head = 12
Overriding: share_layer = False
Overriding: always_save_checkpoint = True
Overriding: max_iters = 2500999
Overriding: best_val_loss_force = 10.001
Overriding: min_lr = 5e-06
Overriding: dropout = 0.0
Overriding: eval_interval = 50
Overriding: force_resave = 0
Overriding: random_seed = 3
tokens per iteration will be: 24,576
found vocab_size = 73440 (inside data/novel_char3/meta.pkl)
out_dir: out-novel-char3_LGT723F_3d25ede0cfd080d9e35756b051dcef65
Resuming training from out-novel-char3_LGT723F_3d25ede0cfd080d9e35756b051dcef65
WARNING: using slow attention. Flash Attention requires PyTorch >= 2.0
WARNING: using slow attention. Flash Attention requires PyTorch >= 2.0
WARNING: using slow attention. Flash Attention requires PyTorch >= 2.0
WARNING: using slow attention. Flash Attention requires PyTorch >= 2.0
WARNING: using slow attention. Flash Attention requires PyTorch >= 2.0
WARNING: using slow attention. Flash Attention requires PyTorch >= 2.0
WARNING: using slow attention. Flash Attention requires PyTorch >= 2.0
WARNING: using slow attention. Flash Attention requires PyTorch >= 2.0
WARNING: using slow attention. Flash Attention requires PyTorch >= 2.0
WARNING: using slow attention. Flash Attention requires PyTorch >= 2.0
WARNING: using slow attention. Flash Attention requires PyTorch >= 2.0
WARNING: using slow attention. Flash Attention requires PyTorch >= 2.0
WARNING: using slow attention. Flash Attention requires PyTorch >= 2.0
WARNING: using slow attention. Flash Attention requires PyTorch >= 2.0
WARNING: using slow attention. Flash Attention requires PyTorch >= 2.0
WARNING: using slow attention. Flash Attention requires PyTorch >= 2.0
WARNING: using slow attention. Flash Attention requires PyTorch >= 2.0
WARNING: using slow attention. Flash Attention requires PyTorch >= 2.0
WARNING: using slow attention. Flash Attention requires PyTorch >= 2.0
WARNING: using slow attention. Flash Attention requires PyTorch >= 2.0
WARNING: using slow attention. Flash Attention requires PyTorch >= 2.0
WARNING: using slow attention. Flash Attention requires PyTorch >= 2.0
WARNING: using slow attention. Flash Attention requires PyTorch >= 2.0
WARNING: using slow attention. Flash Attention requires PyTorch >= 2.0
WARNING: using slow attention. Flash Attention requires PyTorch >= 2.0
WARNING: using slow attention. Flash Attention requires PyTorch >= 2.0
WARNING: using slow attention. Flash Attention requires PyTorch >= 2.0
WARNING: using slow attention. Flash Attention requires PyTorch >= 2.0
WARNING: using slow attention. Flash Attention requires PyTorch >= 2.0
WARNING: using slow attention. Flash Attention requires PyTorch >= 2.0
WARNING: using slow attention. Flash Attention requires PyTorch >= 2.0
WARNING: using slow attention. Flash Attention requires PyTorch >= 2.0
WARNING: using slow attention. Flash Attention requires PyTorch >= 2.0
WARNING: using slow attention. Flash Attention requires PyTorch >= 2.0
WARNING: using slow attention. Flash Attention requires PyTorch >= 2.0
WARNING: using slow attention. Flash Attention requires PyTorch >= 2.0
WARNING: using slow attention. Flash Attention requires PyTorch >= 2.0
WARNING: using slow attention. Flash Attention requires PyTorch >= 2.0
WARNING: using slow attention. Flash Attention requires PyTorch >= 2.0
WARNING: using slow attention. Flash Attention requires PyTorch >= 2.0
WARNING: using slow attention. Flash Attention requires PyTorch >= 2.0
WARNING: using slow attention. Flash Attention requires PyTorch >= 2.0
WARNING: using slow attention. Flash Attention requires PyTorch >= 2.0
WARNING: using slow attention. Flash Attention requires PyTorch >= 2.0
WARNING: using slow attention. Flash Attention requires PyTorch >= 2.0
WARNING: using slow attention. Flash Attention requires PyTorch >= 2.0
WARNING: using slow attention. Flash Attention requires PyTorch >= 2.0
WARNING: using slow attention. Flash Attention requires PyTorch >= 2.0
WARNING: using slow attention. Flash Attention requires PyTorch >= 2.0
WARNING: using slow attention. Flash Attention requires PyTorch >= 2.0
WARNING: using slow attention. Flash Attention requires PyTorch >= 2.0
WARNING: using slow attention. Flash Attention requires PyTorch >= 2.0
WARNING: using slow attention. Flash Attention requires PyTorch >= 2.0
WARNING: using slow attention. Flash Attention requires PyTorch >= 2.0
WARNING: using slow attention. Flash Attention requires PyTorch >= 2.0
WARNING: using slow attention. Flash Attention requires PyTorch >= 2.0
WARNING: using slow attention. Flash Attention requires PyTorch >= 2.0
WARNING: using slow attention. Flash Attention requires PyTorch >= 2.0
WARNING: using slow attention. Flash Attention requires PyTorch >= 2.0
WARNING: using slow attention. Flash Attention requires PyTorch >= 2.0
WARNING: using slow attention. Flash Attention requires PyTorch >= 2.0
WARNING: using slow attention. Flash Attention requires PyTorch >= 2.0
WARNING: using slow attention. Flash Attention requires PyTorch >= 2.0
WARNING: using slow attention. Flash Attention requires PyTorch >= 2.0
WARNING: using slow attention. Flash Attention requires PyTorch >= 2.0
WARNING: using slow attention. Flash Attention requires PyTorch >= 2.0
WARNING: using slow attention. Flash Attention requires PyTorch >= 2.0
WARNING: using slow attention. Flash Attention requires PyTorch >= 2.0
WARNING: using slow attention. Flash Attention requires PyTorch >= 2.0
WARNING: using slow attention. Flash Attention requires PyTorch >= 2.0
num decayed parameter tensors: 143, with 91,225,344 parameters
num non-decayed parameter tensors: 74, with 28,033 parameters
using fused AdamW: True
Traceback (most recent call last):
  File "train.py", line 228, in <module>
    optimizer.load_state_dict(checkpoint['optimizer'])
  File "/root/miniconda3/lib/python3.8/site-packages/torch/optim/optimizer.py", line 390, in load_state_dict
    raise ValueError("loaded state dict contains a parameter group "
ValueError: loaded state dict contains a parameter group that doesn't match the size of optimizer's group

[ignore]skipping restoring optimizer
------average encoder activity 0.220
-----------average decoder density 0.3986
step 43400: train loss 1.6853, val loss 2.0380
saving checkpoint to out-novel-char3_LGT723F_3d25ede0cfd080d9e35756b051dcef65
done saving checkpoint to out-novel-char3_LGT723F_3d25ede0cfd080d9e35756b051dcef65
model:LGT723F iter 43400: loss 1.6386, time 27968.01ms, mfu -100.00%
model:LGT723F iter 43410: loss 1.4885, time 1645.58ms, mfu 8.34%
model:LGT723F iter 43420: loss 1.5868, time 1644.66ms, mfu 8.34%
model:LGT723F iter 43430: loss 1.6416, time 1637.63ms, mfu 8.34%
model:LGT723F iter 43440: loss 1.6762, time 1648.56ms, mfu 8.34%
------average encoder activity 0.220
-----------average decoder density 0.4008
step 43450: train loss 1.6875, val loss 2.0926
saving checkpoint to out-novel-char3_LGT723F_3d25ede0cfd080d9e35756b051dcef65
done saving checkpoint to out-novel-char3_LGT723F_3d25ede0cfd080d9e35756b051dcef65
model:LGT723F iter 43450: loss 1.5437, time 28402.88ms, mfu 7.56%
model:LGT723F iter 43460: loss 1.5448, time 1632.07ms, mfu 7.64%
model:LGT723F iter 43470: loss 1.4310, time 1641.14ms, mfu 7.71%
model:LGT723F iter 43480: loss 1.7668, time 1643.12ms, mfu 7.78%
model:LGT723F iter 43490: loss 1.5877, time 1637.81ms, mfu 7.84%
------average encoder activity 0.220
-----------average decoder density 0.4388
step 43500: train loss 1.6986, val loss 2.0987
saving checkpoint to out-novel-char3_LGT723F_3d25ede0cfd080d9e35756b051dcef65
done saving checkpoint to out-novel-char3_LGT723F_3d25ede0cfd080d9e35756b051dcef65
model:LGT723F iter 43500: loss 1.3012, time 28225.81ms, mfu 7.10%
model:LGT723F iter 43510: loss 1.3885, time 1634.12ms, mfu 7.23%
model:LGT723F iter 43520: loss 1.2782, time 1642.31ms, mfu 7.34%
model:LGT723F iter 43530: loss 1.3702, time 1642.38ms, mfu 7.45%
model:LGT723F iter 43540: loss 1.7174, time 1640.57ms, mfu 7.54%
------average encoder activity 0.220
-----------average decoder density 0.3941
step 43550: train loss 1.7155, val loss 2.1140
saving checkpoint to out-novel-char3_LGT723F_3d25ede0cfd080d9e35756b051dcef65
done saving checkpoint to out-novel-char3_LGT723F_3d25ede0cfd080d9e35756b051dcef65
model:LGT723F iter 43550: loss 1.4223, time 28326.34ms, mfu 6.83%
model:LGT723F iter 43560: loss 1.4571, time 1634.75ms, mfu 6.99%
model:LGT723F iter 43570: loss 1.4343, time 1640.05ms, mfu 7.13%
model:LGT723F iter 43580: loss 1.6568, time 1636.61ms, mfu 7.25%
model:LGT723F iter 43590: loss 1.5437, time 1643.36ms, mfu 7.36%
------average encoder activity 0.220
-----------average decoder density 0.4144
step 43600: train loss 1.6902, val loss 2.1336
saving checkpoint to out-novel-char3_LGT723F_3d25ede0cfd080d9e35756b051dcef65
done saving checkpoint to out-novel-char3_LGT723F_3d25ede0cfd080d9e35756b051dcef65
model:LGT723F iter 43600: loss 1.4197, time 28221.76ms, mfu 6.67%
model:LGT723F iter 43610: loss 1.4380, time 1647.55ms, mfu 6.84%
model:LGT723F iter 43620: loss 1.5571, time 1632.80ms, mfu 7.00%
model:LGT723F iter 43630: loss 1.7320, time 1644.55ms, mfu 7.13%
model:LGT723F iter 43640: loss 1.3240, time 1634.45ms, mfu 7.26%
------average encoder activity 0.220
-----------average decoder density 0.4528
step 43650: train loss 1.7124, val loss 2.0892
saving checkpoint to out-novel-char3_LGT723F_3d25ede0cfd080d9e35756b051dcef65
done saving checkpoint to out-novel-char3_LGT723F_3d25ede0cfd080d9e35756b051dcef65
model:LGT723F iter 43650: loss 1.5388, time 28091.50ms, mfu 6.58%
model:LGT723F iter 43660: loss 1.4498, time 1632.58ms, mfu 6.76%
model:LGT723F iter 43670: loss 1.5733, time 1632.89ms, mfu 6.93%
model:LGT723F iter 43680: loss 1.6264, time 1645.46ms, mfu 7.07%
model:LGT723F iter 43690: loss 1.2129, time 1646.90ms, mfu 7.20%
------average encoder activity 0.220
-----------average decoder density 0.4216
step 43700: train loss 1.6945, val loss 2.1090
saving checkpoint to out-novel-char3_LGT723F_3d25ede0cfd080d9e35756b051dcef65
done saving checkpoint to out-novel-char3_LGT723F_3d25ede0cfd080d9e35756b051dcef65
model:LGT723F iter 43700: loss 1.4646, time 28174.73ms, mfu 6.52%
model:LGT723F iter 43710: loss 1.5172, time 1647.71ms, mfu 6.71%
model:LGT723F iter 43720: loss 1.6007, time 1639.31ms, mfu 6.87%
model:LGT723F iter 43730: loss 1.8579, time 1630.32ms, mfu 7.03%
model:LGT723F iter 43740: loss 1.5068, time 1642.57ms, mfu 7.16%
------average encoder activity 0.220
-----------average decoder density 0.4152
step 43750: train loss 1.7041, val loss 2.0768
saving checkpoint to out-novel-char3_LGT723F_3d25ede0cfd080d9e35756b051dcef65
done saving checkpoint to out-novel-char3_LGT723F_3d25ede0cfd080d9e35756b051dcef65
model:LGT723F iter 43750: loss 1.4729, time 28291.06ms, mfu 6.49%
model:LGT723F iter 43760: loss 1.6096, time 1639.51ms, mfu 6.68%
model:LGT723F iter 43770: loss 1.5040, time 1633.62ms, mfu 6.85%
model:LGT723F iter 43780: loss 1.3943, time 1636.76ms, mfu 7.01%
model:LGT723F iter 43790: loss 1.6855, time 1635.87ms, mfu 7.14%
------average encoder activity 0.220
-----------average decoder density 0.4371
step 43800: train loss 1.6853, val loss 2.0687
saving checkpoint to out-novel-char3_LGT723F_3d25ede0cfd080d9e35756b051dcef65
done saving checkpoint to out-novel-char3_LGT723F_3d25ede0cfd080d9e35756b051dcef65
model:LGT723F iter 43800: loss 1.7114, time 28308.48ms, mfu 6.48%
model:LGT723F iter 43810: loss 1.5426, time 1648.17ms, mfu 6.66%
model:LGT723F iter 43820: loss 1.6901, time 1639.98ms, mfu 6.83%
model:LGT723F iter 43830: loss 1.8328, time 1637.53ms, mfu 6.99%
model:LGT723F iter 43840: loss 1.8184, time 1637.20ms, mfu 7.13%
------average encoder activity 0.221
-----------average decoder density 0.4116
step 43850: train loss 1.6889, val loss 2.0729
saving checkpoint to out-novel-char3_LGT723F_3d25ede0cfd080d9e35756b051dcef65
done saving checkpoint to out-novel-char3_LGT723F_3d25ede0cfd080d9e35756b051dcef65
model:LGT723F iter 43850: loss 1.7406, time 28396.11ms, mfu 6.46%
model:LGT723F iter 43860: loss 1.5050, time 1644.15ms, mfu 6.65%
model:LGT723F iter 43870: loss 1.6003, time 1638.82ms, mfu 6.82%
model:LGT723F iter 43880: loss 1.5423, time 1631.21ms, mfu 6.98%
model:LGT723F iter 43890: loss 1.6021, time 1641.95ms, mfu 7.12%
------average encoder activity 0.221
-----------average decoder density 0.4129
step 43900: train loss 1.6715, val loss 2.0704
saving checkpoint to out-novel-char3_LGT723F_3d25ede0cfd080d9e35756b051dcef65
done saving checkpoint to out-novel-char3_LGT723F_3d25ede0cfd080d9e35756b051dcef65
model:LGT723F iter 43900: loss 1.4447, time 28352.53ms, mfu 6.46%
model:LGT723F iter 43910: loss 1.4786, time 1641.28ms, mfu 6.65%
model:LGT723F iter 43920: loss 1.3621, time 1633.02ms, mfu 6.82%
model:LGT723F iter 43930: loss 1.7958, time 1642.41ms, mfu 6.98%
model:LGT723F iter 43940: loss 1.4998, time 1628.77ms, mfu 7.12%
------average encoder activity 0.221
-----------average decoder density 0.3901
step 43950: train loss 1.6775, val loss 2.0918
saving checkpoint to out-novel-char3_LGT723F_3d25ede0cfd080d9e35756b051dcef65
done saving checkpoint to out-novel-char3_LGT723F_3d25ede0cfd080d9e35756b051dcef65
model:LGT723F iter 43950: loss 1.4353, time 28180.12ms, mfu 6.46%
model:LGT723F iter 43960: loss 1.6890, time 1641.84ms, mfu 6.65%
model:LGT723F iter 43970: loss 1.5476, time 1648.64ms, mfu 6.82%
model:LGT723F iter 43980: loss 1.9142, time 1637.49ms, mfu 6.97%
model:LGT723F iter 43990: loss 1.7896, time 1639.32ms, mfu 7.11%
------average encoder activity 0.221
-----------average decoder density 0.4436
step 44000: train loss 1.6823, val loss 2.0731
saving checkpoint to out-novel-char3_LGT723F_3d25ede0cfd080d9e35756b051dcef65
done saving checkpoint to out-novel-char3_LGT723F_3d25ede0cfd080d9e35756b051dcef65
model:LGT723F iter 44000: loss 1.8694, time 28385.19ms, mfu 6.45%
model:LGT723F iter 44010: loss 1.8562, time 1641.54ms, mfu 6.64%
model:LGT723F iter 44020: loss 1.6579, time 1631.48ms, mfu 6.82%
model:LGT723F iter 44030: loss 1.4494, time 1634.21ms, mfu 6.98%
model:LGT723F iter 44040: loss 1.3495, time 1631.12ms, mfu 7.12%
------average encoder activity 0.221
-----------average decoder density 0.4277
step 44050: train loss 1.6807, val loss 2.0600
saving checkpoint to out-novel-char3_LGT723F_3d25ede0cfd080d9e35756b051dcef65
done saving checkpoint to out-novel-char3_LGT723F_3d25ede0cfd080d9e35756b051dcef65
model:LGT723F iter 44050: loss 1.4387, time 28084.85ms, mfu 6.46%
model:LGT723F iter 44060: loss 1.4242, time 1644.80ms, mfu 6.65%
model:LGT723F iter 44070: loss 1.4895, time 1643.87ms, mfu 6.82%
model:LGT723F iter 44080: loss 1.6235, time 1634.85ms, mfu 6.97%
model:LGT723F iter 44090: loss 1.5410, time 1637.51ms, mfu 7.11%
------average encoder activity 0.221
-----------average decoder density 0.4386
step 44100: train loss 1.6826, val loss 2.0826
saving checkpoint to out-novel-char3_LGT723F_3d25ede0cfd080d9e35756b051dcef65
done saving checkpoint to out-novel-char3_LGT723F_3d25ede0cfd080d9e35756b051dcef65
model:LGT723F iter 44100: loss 1.4399, time 28294.30ms, mfu 6.45%
model:LGT723F iter 44110: loss 1.7476, time 1635.53ms, mfu 6.65%
model:LGT723F iter 44120: loss 1.7707, time 1641.11ms, mfu 6.82%
model:LGT723F iter 44130: loss 1.3893, time 1647.43ms, mfu 6.97%
model:LGT723F iter 44140: loss 1.9998, time 1639.71ms, mfu 7.11%
------average encoder activity 0.221
-----------average decoder density 0.3968
step 44150: train loss 1.6756, val loss 2.0748
saving checkpoint to out-novel-char3_LGT723F_3d25ede0cfd080d9e35756b051dcef65
done saving checkpoint to out-novel-char3_LGT723F_3d25ede0cfd080d9e35756b051dcef65
model:LGT723F iter 44150: loss 1.3435, time 28234.38ms, mfu 6.45%
model:LGT723F iter 44160: loss 1.5218, time 1630.13ms, mfu 6.64%
model:LGT723F iter 44170: loss 1.8149, time 1633.78ms, mfu 6.82%
model:LGT723F iter 44180: loss 1.6194, time 1644.48ms, mfu 6.97%
model:LGT723F iter 44190: loss 1.2666, time 1644.00ms, mfu 7.11%
------average encoder activity 0.222
-----------average decoder density 0.3755
step 44200: train loss 1.6693, val loss 2.0674
saving checkpoint to out-novel-char3_LGT723F_3d25ede0cfd080d9e35756b051dcef65
done saving checkpoint to out-novel-char3_LGT723F_3d25ede0cfd080d9e35756b051dcef65
model:LGT723F iter 44200: loss 1.4254, time 28141.57ms, mfu 6.45%
model:LGT723F iter 44210: loss 1.8519, time 1638.92ms, mfu 6.64%
model:LGT723F iter 44220: loss 1.7098, time 1628.30ms, mfu 6.82%
model:LGT723F iter 44230: loss 1.6823, time 1637.32ms, mfu 6.98%
model:LGT723F iter 44240: loss 1.6991, time 1644.87ms, mfu 7.11%
------average encoder activity 0.222
-----------average decoder density 0.3961
step 44250: train loss 1.6884, val loss 2.0380
saving checkpoint to out-novel-char3_LGT723F_3d25ede0cfd080d9e35756b051dcef65
done saving checkpoint to out-novel-char3_LGT723F_3d25ede0cfd080d9e35756b051dcef65
model:LGT723F iter 44250: loss 1.2221, time 28212.86ms, mfu 6.45%
model:LGT723F iter 44260: loss 1.5602, time 1636.95ms, mfu 6.64%
model:LGT723F iter 44270: loss 1.9343, time 1645.20ms, mfu 6.81%
model:LGT723F iter 44280: loss 1.7213, time 1636.59ms, mfu 6.97%
model:LGT723F iter 44290: loss 1.5310, time 1638.45ms, mfu 7.11%
------average encoder activity 0.222
-----------average decoder density 0.3907
step 44300: train loss 1.6761, val loss 2.0948
saving checkpoint to out-novel-char3_LGT723F_3d25ede0cfd080d9e35756b051dcef65
done saving checkpoint to out-novel-char3_LGT723F_3d25ede0cfd080d9e35756b051dcef65
model:LGT723F iter 44300: loss 1.6670, time 28171.24ms, mfu 6.45%
model:LGT723F iter 44310: loss 1.8029, time 1633.88ms, mfu 6.64%
model:LGT723F iter 44320: loss 1.6800, time 1636.02ms, mfu 6.82%
model:LGT723F iter 44330: loss 1.4136, time 1645.20ms, mfu 6.97%
model:LGT723F iter 44340: loss 1.7212, time 1638.54ms, mfu 7.11%
------average encoder activity 0.222
-----------average decoder density 0.4085
step 44350: train loss 1.6731, val loss 2.0716
saving checkpoint to out-novel-char3_LGT723F_3d25ede0cfd080d9e35756b051dcef65
done saving checkpoint to out-novel-char3_LGT723F_3d25ede0cfd080d9e35756b051dcef65
model:LGT723F iter 44350: loss 1.6178, time 28053.22ms, mfu 6.45%
model:LGT723F iter 44360: loss 1.5792, time 1635.59ms, mfu 6.64%
model:LGT723F iter 44370: loss 1.6765, time 1638.58ms, mfu 6.82%
model:LGT723F iter 44380: loss 1.6359, time 1636.19ms, mfu 6.97%
model:LGT723F iter 44390: loss 1.9397, time 1642.32ms, mfu 7.11%
------average encoder activity 0.222
-----------average decoder density 0.4072
step 44400: train loss 1.6817, val loss 2.0719
saving checkpoint to out-novel-char3_LGT723F_3d25ede0cfd080d9e35756b051dcef65
done saving checkpoint to out-novel-char3_LGT723F_3d25ede0cfd080d9e35756b051dcef65
model:LGT723F iter 44400: loss 1.4866, time 28341.29ms, mfu 6.45%
model:LGT723F iter 44410: loss 1.9749, time 1634.48ms, mfu 6.64%
Overriding config with config/train_novel_char3.py:
# train a miniature character-level shakespeare model
# good for debugging and playing on macbooks and such

out_dir = 'out-novel-char3'
eval_interval = 250 # keep frequent because we'll overfit
eval_iters = 200
log_interval = 10 # don't print too too often

# we expect to overfit on this small dataset, so only save when val improves
always_save_checkpoint = False

wandb_log = False # override via command line if you like
wandb_project = 'novel'
wandb_run_name = 'novel'

dataset = 'novel_char3'
gradient_accumulation_steps = 1
# gradient_accumulation_steps = 6
gradient_accumulation_steps = 12
# gradient_accumulation_steps = 24
# gradient_accumulation_steps = 48
# batch_size = 12
batch_size = 2
# batch_size = 1
# block_size = 256 # context of up to 256 previous characters
# block_size = 256 # context of up to 256 previous characters
# block_size = 64 # context of up to 256 previous characters
block_size = 1024 # context of up to 256 previous characters

# baby GPT model :)
n_layer = 6
n_head = 6
n_embd = 384
# n_embd = 182
dropout = 0.2

# learning_rate = 1e-3 # with baby networks can afford to go a bit higher
learning_rate = 1e-4 # with baby networks can afford to go a bit higher

# max_iters = 5000
# lr_decay_iters = 5000 # make equal to max_iters usually

max_iters = 500000
lr_decay_iters = 500000 # make equal to max_iters usually

min_lr = 5e-6 # learning_rate / 10 usually
beta2 = 0.99 # make a bit bigger because number of tokens per iter is small

warmup_iters = 100 # not super necessary potentially

# on macbook also add
# device = 'cpu'  # run on cpu only
# compile = False # do not torch compile the model
# init_from ='resume'


'''
python3 -u sample.py config/train_novel.py --out_dir=out-novel-word_CCM232_c85667cd6eadbcf772d23fa97827c506 --model=CCM232
python3 -u sample.py config/train_novel.py --out_dir=out-novel-word_CCM251_4bfeb7b3e1b9c46a2542bb9406173e22 --model=CCM251
python3 -u sample.py config/train_novel.py --out_dir=out-novel-word_CCM253_01b622029bb00e0dc9206cae3b0ab559 --model=CCM253 
python3 -u sample.py config/train_novel.py --out_dir=out-novel-word_CCM276_01b622029bb00e0dc9206cae3b0ab559 --model=CCM276
python3 -u sample.py config/train_novel.py --out_dir=out-novel-word_CCM278_a97bfe077b316033e3604831d5ad371e --model=CCM278
python3 -u sample.py config/train_novel.py --out_dir=out-novel-word_CCM305_52efa1def80492f81622f536ac701226 --model=CCM305


out-novel-word_CCM276_01b622029bb00e0dc9206cae3b0ab559

'''
#### python3 -u sample.py config/train_novel.py --out_dir=out-novel-word_CCM232_c85667cd6eadbcf772d23fa97827c506 --model=CCM232
Overriding: init_from = resume
Overriding: compile = False
Overriding: model = LGT723F
Overriding: n_layer = 70
Overriding: n_head = 12
Overriding: share_layer = False
Overriding: always_save_checkpoint = True
Overriding: max_iters = 2500999
Overriding: best_val_loss_force = 10.001
Overriding: min_lr = 5e-06
Overriding: dropout = 0.0
Overriding: eval_interval = 50
Overriding: force_resave = 0
Overriding: random_seed = 3
tokens per iteration will be: 24,576
found vocab_size = 73440 (inside data/novel_char3/meta.pkl)
out_dir: out-novel-char3_LGT723F_3d25ede0cfd080d9e35756b051dcef65
Resuming training from out-novel-char3_LGT723F_3d25ede0cfd080d9e35756b051dcef65
WARNING: using slow attention. Flash Attention requires PyTorch >= 2.0
WARNING: using slow attention. Flash Attention requires PyTorch >= 2.0
WARNING: using slow attention. Flash Attention requires PyTorch >= 2.0
WARNING: using slow attention. Flash Attention requires PyTorch >= 2.0
WARNING: using slow attention. Flash Attention requires PyTorch >= 2.0
WARNING: using slow attention. Flash Attention requires PyTorch >= 2.0
WARNING: using slow attention. Flash Attention requires PyTorch >= 2.0
WARNING: using slow attention. Flash Attention requires PyTorch >= 2.0
WARNING: using slow attention. Flash Attention requires PyTorch >= 2.0
WARNING: using slow attention. Flash Attention requires PyTorch >= 2.0
WARNING: using slow attention. Flash Attention requires PyTorch >= 2.0
WARNING: using slow attention. Flash Attention requires PyTorch >= 2.0
WARNING: using slow attention. Flash Attention requires PyTorch >= 2.0
WARNING: using slow attention. Flash Attention requires PyTorch >= 2.0
WARNING: using slow attention. Flash Attention requires PyTorch >= 2.0
WARNING: using slow attention. Flash Attention requires PyTorch >= 2.0
WARNING: using slow attention. Flash Attention requires PyTorch >= 2.0
WARNING: using slow attention. Flash Attention requires PyTorch >= 2.0
WARNING: using slow attention. Flash Attention requires PyTorch >= 2.0
WARNING: using slow attention. Flash Attention requires PyTorch >= 2.0
WARNING: using slow attention. Flash Attention requires PyTorch >= 2.0
WARNING: using slow attention. Flash Attention requires PyTorch >= 2.0
WARNING: using slow attention. Flash Attention requires PyTorch >= 2.0
WARNING: using slow attention. Flash Attention requires PyTorch >= 2.0
WARNING: using slow attention. Flash Attention requires PyTorch >= 2.0
WARNING: using slow attention. Flash Attention requires PyTorch >= 2.0
WARNING: using slow attention. Flash Attention requires PyTorch >= 2.0
WARNING: using slow attention. Flash Attention requires PyTorch >= 2.0
WARNING: using slow attention. Flash Attention requires PyTorch >= 2.0
WARNING: using slow attention. Flash Attention requires PyTorch >= 2.0
WARNING: using slow attention. Flash Attention requires PyTorch >= 2.0
WARNING: using slow attention. Flash Attention requires PyTorch >= 2.0
WARNING: using slow attention. Flash Attention requires PyTorch >= 2.0
WARNING: using slow attention. Flash Attention requires PyTorch >= 2.0
WARNING: using slow attention. Flash Attention requires PyTorch >= 2.0
WARNING: using slow attention. Flash Attention requires PyTorch >= 2.0
WARNING: using slow attention. Flash Attention requires PyTorch >= 2.0
WARNING: using slow attention. Flash Attention requires PyTorch >= 2.0
WARNING: using slow attention. Flash Attention requires PyTorch >= 2.0
WARNING: using slow attention. Flash Attention requires PyTorch >= 2.0
WARNING: using slow attention. Flash Attention requires PyTorch >= 2.0
WARNING: using slow attention. Flash Attention requires PyTorch >= 2.0
WARNING: using slow attention. Flash Attention requires PyTorch >= 2.0
WARNING: using slow attention. Flash Attention requires PyTorch >= 2.0
WARNING: using slow attention. Flash Attention requires PyTorch >= 2.0
WARNING: using slow attention. Flash Attention requires PyTorch >= 2.0
WARNING: using slow attention. Flash Attention requires PyTorch >= 2.0
WARNING: using slow attention. Flash Attention requires PyTorch >= 2.0
WARNING: using slow attention. Flash Attention requires PyTorch >= 2.0
WARNING: using slow attention. Flash Attention requires PyTorch >= 2.0
WARNING: using slow attention. Flash Attention requires PyTorch >= 2.0
WARNING: using slow attention. Flash Attention requires PyTorch >= 2.0
WARNING: using slow attention. Flash Attention requires PyTorch >= 2.0
WARNING: using slow attention. Flash Attention requires PyTorch >= 2.0
WARNING: using slow attention. Flash Attention requires PyTorch >= 2.0
WARNING: using slow attention. Flash Attention requires PyTorch >= 2.0
WARNING: using slow attention. Flash Attention requires PyTorch >= 2.0
WARNING: using slow attention. Flash Attention requires PyTorch >= 2.0
WARNING: using slow attention. Flash Attention requires PyTorch >= 2.0
WARNING: using slow attention. Flash Attention requires PyTorch >= 2.0
WARNING: using slow attention. Flash Attention requires PyTorch >= 2.0
WARNING: using slow attention. Flash Attention requires PyTorch >= 2.0
WARNING: using slow attention. Flash Attention requires PyTorch >= 2.0
WARNING: using slow attention. Flash Attention requires PyTorch >= 2.0
WARNING: using slow attention. Flash Attention requires PyTorch >= 2.0
WARNING: using slow attention. Flash Attention requires PyTorch >= 2.0
WARNING: using slow attention. Flash Attention requires PyTorch >= 2.0
WARNING: using slow attention. Flash Attention requires PyTorch >= 2.0
WARNING: using slow attention. Flash Attention requires PyTorch >= 2.0
WARNING: using slow attention. Flash Attention requires PyTorch >= 2.0
num decayed parameter tensors: 143, with 91,225,344 parameters
num non-decayed parameter tensors: 74, with 28,033 parameters
using fused AdamW: True
------average encoder activity 0.222
-----------average decoder density 0.3998
step 44400: train loss 1.6821, val loss 2.0539
saving checkpoint to out-novel-char3_LGT723F_3d25ede0cfd080d9e35756b051dcef65
done saving checkpoint to out-novel-char3_LGT723F_3d25ede0cfd080d9e35756b051dcef65
model:LGT723F iter 44400: loss 1.4642, time 28688.79ms, mfu -100.00%
model:LGT723F iter 44410: loss 1.3120, time 1632.23ms, mfu 8.41%
model:LGT723F iter 44420: loss 1.4195, time 1633.22ms, mfu 8.41%
model:LGT723F iter 44430: loss 1.4914, time 1632.65ms, mfu 8.41%
model:LGT723F iter 44440: loss 1.5916, time 1636.47ms, mfu 8.41%
------average encoder activity 0.222
-----------average decoder density 0.3996
step 44450: train loss 1.6787, val loss 2.1073
saving checkpoint to out-novel-char3_LGT723F_3d25ede0cfd080d9e35756b051dcef65
done saving checkpoint to out-novel-char3_LGT723F_3d25ede0cfd080d9e35756b051dcef65
model:LGT723F iter 44450: loss 1.4636, time 28347.43ms, mfu 7.61%
model:LGT723F iter 44460: loss 1.4876, time 1637.33ms, mfu 7.69%
model:LGT723F iter 44470: loss 1.3812, time 1642.22ms, mfu 7.76%
model:LGT723F iter 44480: loss 1.6916, time 1645.73ms, mfu 7.82%
model:LGT723F iter 44490: loss 1.5405, time 1642.68ms, mfu 7.87%
------average encoder activity 0.222
-----------average decoder density 0.4395
step 44500: train loss 1.6985, val loss 2.1228
saving checkpoint to out-novel-char3_LGT723F_3d25ede0cfd080d9e35756b051dcef65
done saving checkpoint to out-novel-char3_LGT723F_3d25ede0cfd080d9e35756b051dcef65
model:LGT723F iter 44500: loss 1.2209, time 28384.71ms, mfu 7.13%
model:LGT723F iter 44510: loss 1.2872, time 1635.49ms, mfu 7.26%
model:LGT723F iter 44520: loss 1.1794, time 1637.75ms, mfu 7.37%
model:LGT723F iter 44530: loss 1.3402, time 1634.28ms, mfu 7.47%
model:LGT723F iter 44540: loss 1.5380, time 1629.96ms, mfu 7.57%
------average encoder activity 0.222
-----------average decoder density 0.3951
step 44550: train loss 1.7106, val loss 2.1380
saving checkpoint to out-novel-char3_LGT723F_3d25ede0cfd080d9e35756b051dcef65
done saving checkpoint to out-novel-char3_LGT723F_3d25ede0cfd080d9e35756b051dcef65
model:LGT723F iter 44550: loss 1.3835, time 28336.60ms, mfu 6.86%
model:LGT723F iter 44560: loss 1.3568, time 1639.64ms, mfu 7.01%
model:LGT723F iter 44570: loss 1.3862, time 1632.53ms, mfu 7.15%
model:LGT723F iter 44580: loss 1.5576, time 1637.12ms, mfu 7.27%
model:LGT723F iter 44590: loss 1.4837, time 1639.83ms, mfu 7.38%
------average encoder activity 0.222
-----------average decoder density 0.4149
step 44600: train loss 1.6872, val loss 2.1606
saving checkpoint to out-novel-char3_LGT723F_3d25ede0cfd080d9e35756b051dcef65
done saving checkpoint to out-novel-char3_LGT723F_3d25ede0cfd080d9e35756b051dcef65
model:LGT723F iter 44600: loss 1.3542, time 28396.87ms, mfu 6.69%
model:LGT723F iter 44610: loss 1.2964, time 1639.44ms, mfu 6.86%
model:LGT723F iter 44620: loss 1.4712, time 1641.47ms, mfu 7.01%
model:LGT723F iter 44630: loss 1.6808, time 1630.35ms, mfu 7.15%
model:LGT723F iter 44640: loss 1.2107, time 1631.45ms, mfu 7.28%
------average encoder activity 0.222
-----------average decoder density 0.4528
step 44650: train loss 1.7115, val loss 2.1219
saving checkpoint to out-novel-char3_LGT723F_3d25ede0cfd080d9e35756b051dcef65
done saving checkpoint to out-novel-char3_LGT723F_3d25ede0cfd080d9e35756b051dcef65
model:LGT723F iter 44650: loss 1.4038, time 28224.88ms, mfu 6.60%
model:LGT723F iter 44660: loss 1.3313, time 1636.31ms, mfu 6.78%
model:LGT723F iter 44670: loss 1.4605, time 1631.72ms, mfu 6.94%
model:LGT723F iter 44680: loss 1.5312, time 1633.27ms, mfu 7.09%
model:LGT723F iter 44690: loss 1.0886, time 1636.30ms, mfu 7.22%
------average encoder activity 0.222
-----------average decoder density 0.4218
step 44700: train loss 1.6941, val loss 2.1471
saving checkpoint to out-novel-char3_LGT723F_3d25ede0cfd080d9e35756b051dcef65
done saving checkpoint to out-novel-char3_LGT723F_3d25ede0cfd080d9e35756b051dcef65
model:LGT723F iter 44700: loss 1.3375, time 28294.06ms, mfu 6.54%
model:LGT723F iter 44710: loss 1.3459, time 1627.20ms, mfu 6.73%
model:LGT723F iter 44720: loss 1.4466, time 1647.31ms, mfu 6.89%
model:LGT723F iter 44730: loss 1.7033, time 1638.42ms, mfu 7.04%
model:LGT723F iter 44740: loss 1.3369, time 1642.38ms, mfu 7.17%
------average encoder activity 0.222
-----------average decoder density 0.4161
step 44750: train loss 1.7115, val loss 2.1228
saving checkpoint to out-novel-char3_LGT723F_3d25ede0cfd080d9e35756b051dcef65
done saving checkpoint to out-novel-char3_LGT723F_3d25ede0cfd080d9e35756b051dcef65
model:LGT723F iter 44750: loss 1.3144, time 28356.21ms, mfu 6.50%
model:LGT723F iter 44760: loss 1.4266, time 1638.03ms, mfu 6.69%
model:LGT723F iter 44770: loss 1.3710, time 1642.15ms, mfu 6.86%
model:LGT723F iter 44780: loss 1.2551, time 1635.25ms, mfu 7.01%
model:LGT723F iter 44790: loss 1.5233, time 1637.23ms, mfu 7.15%
------average encoder activity 0.222
-----------average decoder density 0.4370
step 44800: train loss 1.6904, val loss 2.1141
saving checkpoint to out-novel-char3_LGT723F_3d25ede0cfd080d9e35756b051dcef65
done saving checkpoint to out-novel-char3_LGT723F_3d25ede0cfd080d9e35756b051dcef65
model:LGT723F iter 44800: loss 1.5741, time 28443.97ms, mfu 6.48%
model:LGT723F iter 44810: loss 1.3872, time 1639.54ms, mfu 6.67%
model:LGT723F iter 44820: loss 1.6002, time 1643.49ms, mfu 6.84%
model:LGT723F iter 44830: loss 1.6703, time 1629.64ms, mfu 7.00%
model:LGT723F iter 44840: loss 1.7294, time 1637.80ms, mfu 7.14%
------average encoder activity 0.222
-----------average decoder density 0.4119
step 44850: train loss 1.6927, val loss 2.1175
saving checkpoint to out-novel-char3_LGT723F_3d25ede0cfd080d9e35756b051dcef65
done saving checkpoint to out-novel-char3_LGT723F_3d25ede0cfd080d9e35756b051dcef65
model:LGT723F iter 44850: loss 1.6280, time 28177.04ms, mfu 6.47%
model:LGT723F iter 44860: loss 1.4218, time 1631.04ms, mfu 6.66%
model:LGT723F iter 44870: loss 1.5087, time 1646.93ms, mfu 6.83%
model:LGT723F iter 44880: loss 1.4118, time 1646.15ms, mfu 6.98%
model:LGT723F iter 44890: loss 1.4185, time 1637.84ms, mfu 7.12%
------average encoder activity 0.222
-----------average decoder density 0.4141
step 44900: train loss 1.6776, val loss 2.1163
saving checkpoint to out-novel-char3_LGT723F_3d25ede0cfd080d9e35756b051dcef65
done saving checkpoint to out-novel-char3_LGT723F_3d25ede0cfd080d9e35756b051dcef65
model:LGT723F iter 44900: loss 1.3004, time 28398.62ms, mfu 6.46%
model:LGT723F iter 44910: loss 1.2860, time 1638.69ms, mfu 6.65%
model:LGT723F iter 44920: loss 1.2432, time 1639.78ms, mfu 6.82%
model:LGT723F iter 44930: loss 1.6383, time 1637.13ms, mfu 6.98%
model:LGT723F iter 44940: loss 1.3783, time 1636.75ms, mfu 7.12%
------average encoder activity 0.223
-----------average decoder density 0.3905
step 44950: train loss 1.6853, val loss 2.1409
saving checkpoint to out-novel-char3_LGT723F_3d25ede0cfd080d9e35756b051dcef65
done saving checkpoint to out-novel-char3_LGT723F_3d25ede0cfd080d9e35756b051dcef65
model:LGT723F iter 44950: loss 1.3143, time 28397.76ms, mfu 6.46%
model:LGT723F iter 44960: loss 1.5762, time 1638.84ms, mfu 6.65%
model:LGT723F iter 44970: loss 1.4646, time 1637.72ms, mfu 6.82%
model:LGT723F iter 44980: loss 1.8117, time 1640.15ms, mfu 6.98%
model:LGT723F iter 44990: loss 1.6524, time 1642.51ms, mfu 7.11%
------average encoder activity 0.223
-----------average decoder density 0.4439
step 45000: train loss 1.6980, val loss 2.1269
saving checkpoint to out-novel-char3_LGT723F_3d25ede0cfd080d9e35756b051dcef65
done saving checkpoint to out-novel-char3_LGT723F_3d25ede0cfd080d9e35756b051dcef65
model:LGT723F iter 45000: loss 1.7613, time 28432.06ms, mfu 6.45%
model:LGT723F iter 45010: loss 1.7134, time 1637.17ms, mfu 6.64%
model:LGT723F iter 45020: loss 1.5629, time 1637.91ms, mfu 6.82%
model:LGT723F iter 45030: loss 1.2718, time 1638.33ms, mfu 6.97%
model:LGT723F iter 45040: loss 1.2593, time 1634.98ms, mfu 7.12%
------average encoder activity 0.223
-----------average decoder density 0.4281
step 45050: train loss 1.6935, val loss 2.1142
saving checkpoint to out-novel-char3_LGT723F_3d25ede0cfd080d9e35756b051dcef65
done saving checkpoint to out-novel-char3_LGT723F_3d25ede0cfd080d9e35756b051dcef65
model:LGT723F iter 45050: loss 1.3718, time 28199.32ms, mfu 6.45%
model:LGT723F iter 45060: loss 1.3242, time 1630.77ms, mfu 6.65%
model:LGT723F iter 45070: loss 1.3426, time 1644.22ms, mfu 6.82%
model:LGT723F iter 45080: loss 1.4718, time 1634.91ms, mfu 6.98%
model:LGT723F iter 45090: loss 1.4117, time 1639.04ms, mfu 7.12%
------average encoder activity 0.223
-----------average decoder density 0.4406
step 45100: train loss 1.6955, val loss 2.1374
saving checkpoint to out-novel-char3_LGT723F_3d25ede0cfd080d9e35756b051dcef65
done saving checkpoint to out-novel-char3_LGT723F_3d25ede0cfd080d9e35756b051dcef65
model:LGT723F iter 45100: loss 1.3137, time 28317.20ms, mfu 6.45%
model:LGT723F iter 45110: loss 1.6482, time 1639.16ms, mfu 6.64%
model:LGT723F iter 45120: loss 1.6733, time 1633.61ms, mfu 6.82%
model:LGT723F iter 45130: loss 1.2743, time 1634.56ms, mfu 6.98%
model:LGT723F iter 45140: loss 1.8588, time 1639.10ms, mfu 7.12%
------average encoder activity 0.223
-----------average decoder density 0.3975
step 45150: train loss 1.6894, val loss 2.1293
saving checkpoint to out-novel-char3_LGT723F_3d25ede0cfd080d9e35756b051dcef65
done saving checkpoint to out-novel-char3_LGT723F_3d25ede0cfd080d9e35756b051dcef65
model:LGT723F iter 45150: loss 1.2217, time 28229.44ms, mfu 6.45%
model:LGT723F iter 45160: loss 1.3724, time 1639.45ms, mfu 6.65%
model:LGT723F iter 45170: loss 1.7280, time 1638.63ms, mfu 6.82%
