Overriding config with config/train_novel_char3.py:
# train a miniature character-level shakespeare model
# good for debugging and playing on macbooks and such

out_dir = 'out-novel-char3'
eval_interval = 250 # keep frequent because we'll overfit
eval_iters = 200
log_interval = 10 # don't print too too often

# we expect to overfit on this small dataset, so only save when val improves
always_save_checkpoint = False

wandb_log = False # override via command line if you like
wandb_project = 'novel'
wandb_run_name = 'novel'

dataset = 'novel_char3'
gradient_accumulation_steps = 1
# gradient_accumulation_steps = 6
gradient_accumulation_steps = 12
batch_size = 12
# batch_size = 2
# batch_size = 1
# block_size = 256 # context of up to 256 previous characters
# block_size = 256 # context of up to 256 previous characters
block_size = 64 # context of up to 256 previous characters

# baby GPT model :)
n_layer = 6
n_head = 6
n_embd = 384
# n_embd = 182
dropout = 0.2

# learning_rate = 1e-3 # with baby networks can afford to go a bit higher
learning_rate = 1e-4 # with baby networks can afford to go a bit higher

# max_iters = 5000
# lr_decay_iters = 5000 # make equal to max_iters usually

max_iters = 500000
lr_decay_iters = 500000 # make equal to max_iters usually

min_lr = 1e-5 # learning_rate / 10 usually
beta2 = 0.99 # make a bit bigger because number of tokens per iter is small

warmup_iters = 100 # not super necessary potentially

# on macbook also add
# device = 'cpu'  # run on cpu only
# compile = False # do not torch compile the model
# init_from ='resume'


'''
python3 -u sample.py config/train_novel.py --out_dir=out-novel-word_CCM232_c85667cd6eadbcf772d23fa97827c506 --model=CCM232
python3 -u sample.py config/train_novel.py --out_dir=out-novel-word_CCM251_4bfeb7b3e1b9c46a2542bb9406173e22 --model=CCM251
python3 -u sample.py config/train_novel.py --out_dir=out-novel-word_CCM253_01b622029bb00e0dc9206cae3b0ab559 --model=CCM253 
python3 -u sample.py config/train_novel.py --out_dir=out-novel-word_CCM276_01b622029bb00e0dc9206cae3b0ab559 --model=CCM276
python3 -u sample.py config/train_novel.py --out_dir=out-novel-word_CCM278_a97bfe077b316033e3604831d5ad371e --model=CCM278
python3 -u sample.py config/train_novel.py --out_dir=out-novel-word_CCM305_52efa1def80492f81622f536ac701226 --model=CCM305


out-novel-word_CCM276_01b622029bb00e0dc9206cae3b0ab559

'''
#### python3 -u sample.py config/train_novel.py --out_dir=out-novel-word_CCM232_c85667cd6eadbcf772d23fa97827c506 --model=CCM232
Overriding: init_from = scratch
Overriding: compile = False
Overriding: model = LGT723D
Overriding: n_layer = 8
Overriding: n_head = 6
Overriding: share_layer = False
Overriding: always_save_checkpoint = True
Overriding: max_iters = 2500999
Overriding: best_val_loss_force = 10.001
Overriding: min_lr = 1e-05
Overriding: dropout = 0.0
Overriding: eval_interval = 50
Overriding: force_resave = 0
Overriding: random_seed = 3
tokens per iteration will be: 9,216
found vocab_size = 73440 (inside data/novel_char3/meta.pkl)
out_dir: out-novel-char3_LGT723D_4d06c3ce0eb6b62233f4128fdb1c3b0f
Initializing a new model from scratch
WARNING: using slow attention. Flash Attention requires PyTorch >= 2.0
WARNING: using slow attention. Flash Attention requires PyTorch >= 2.0
WARNING: using slow attention. Flash Attention requires PyTorch >= 2.0
WARNING: using slow attention. Flash Attention requires PyTorch >= 2.0
num decayed parameter tensors: 23, with 37,898,496 parameters
num non-decayed parameter tensors: 16, with 2,363,521 parameters
using fused AdamW: True
------average encoder activity 0.000
-----------average decoder density 0.0000
step 0: train loss 5.5182, val loss 5.5167
model:LGT723D iter 0: loss 5.6536, time 3783.16ms, mfu -100.00%
model:LGT723D iter 10: loss 4.8243, time 265.97ms, mfu 2.71%
model:LGT723D iter 20: loss 4.1106, time 268.19ms, mfu 2.70%
model:LGT723D iter 30: loss 3.8588, time 249.52ms, mfu 2.72%
model:LGT723D iter 40: loss 3.7598, time 246.83ms, mfu 2.74%
------average encoder activity 0.000
-----------average decoder density 0.4438
step 50: train loss 3.5784, val loss 3.6327
saving checkpoint to out-novel-char3_LGT723D_4d06c3ce0eb6b62233f4128fdb1c3b0f
model:LGT723D iter 50: loss 3.5911, time 4509.39ms, mfu 2.48%
model:LGT723D iter 60: loss 3.4294, time 270.44ms, mfu 2.50%
model:LGT723D iter 70: loss 3.2276, time 275.28ms, mfu 2.51%
model:LGT723D iter 80: loss 2.9938, time 249.41ms, mfu 2.55%
model:LGT723D iter 90: loss 2.7355, time 251.54ms, mfu 2.58%
------average encoder activity 0.000
-----------average decoder density 0.3664
step 100: train loss 2.5283, val loss 2.5637
saving checkpoint to out-novel-char3_LGT723D_4d06c3ce0eb6b62233f4128fdb1c3b0f
model:LGT723D iter 100: loss 2.4982, time 4793.45ms, mfu 2.34%
model:LGT723D iter 110: loss 2.3793, time 257.45ms, mfu 2.38%
model:LGT723D iter 120: loss 2.1584, time 465.17ms, mfu 2.30%
model:LGT723D iter 130: loss 2.1161, time 401.45ms, mfu 2.25%
model:LGT723D iter 140: loss 1.9935, time 457.25ms, mfu 2.18%
------average encoder activity 0.000
-----------average decoder density 0.2556
step 150: train loss 1.9249, val loss 1.8955
saving checkpoint to out-novel-char3_LGT723D_4d06c3ce0eb6b62233f4128fdb1c3b0f
model:LGT723D iter 150: loss 1.9790, time 8314.03ms, mfu 1.97%
model:LGT723D iter 160: loss 1.8926, time 412.70ms, mfu 1.95%
model:LGT723D iter 170: loss 1.7725, time 405.34ms, mfu 1.93%
model:LGT723D iter 180: loss 1.7727, time 398.98ms, mfu 1.92%
model:LGT723D iter 190: loss 1.9413, time 459.13ms, mfu 1.88%
------average encoder activity 0.020
-----------average decoder density 0.1989
step 200: train loss 1.8234, val loss 1.7758
saving checkpoint to out-novel-char3_LGT723D_4d06c3ce0eb6b62233f4128fdb1c3b0f
model:LGT723D iter 200: loss 1.8519, time 7955.82ms, mfu 1.71%
model:LGT723D iter 210: loss 1.7495, time 422.66ms, mfu 1.71%
model:LGT723D iter 220: loss 1.5726, time 414.37ms, mfu 1.71%
model:LGT723D iter 230: loss 1.6850, time 472.97ms, mfu 1.69%
model:LGT723D iter 240: loss 1.7196, time 467.65ms, mfu 1.67%
------average encoder activity 0.214
-----------average decoder density 0.1956
step 250: train loss 1.7695, val loss 1.7066
saving checkpoint to out-novel-char3_LGT723D_4d06c3ce0eb6b62233f4128fdb1c3b0f
model:LGT723D iter 250: loss 1.9020, time 8559.45ms, mfu 1.52%
model:LGT723D iter 260: loss 1.5992, time 366.93ms, mfu 1.56%
model:LGT723D iter 270: loss 1.7138, time 415.57ms, mfu 1.58%
model:LGT723D iter 280: loss 1.5769, time 474.39ms, mfu 1.57%
model:LGT723D iter 290: loss 1.7602, time 415.66ms, mfu 1.59%
------average encoder activity 0.349
-----------average decoder density 0.1820
step 300: train loss 1.7417, val loss 1.6865
saving checkpoint to out-novel-char3_LGT723D_4d06c3ce0eb6b62233f4128fdb1c3b0f
model:LGT723D iter 300: loss 1.8857, time 8770.42ms, mfu 1.44%
model:LGT723D iter 310: loss 1.6216, time 365.63ms, mfu 1.49%
model:LGT723D iter 320: loss 1.5643, time 468.65ms, mfu 1.49%
model:LGT723D iter 330: loss 1.7090, time 470.33ms, mfu 1.50%
model:LGT723D iter 340: loss 1.8613, time 413.78ms, mfu 1.52%
------average encoder activity 0.410
-----------average decoder density 0.1689
step 350: train loss 1.7258, val loss 1.6537
saving checkpoint to out-novel-char3_LGT723D_4d06c3ce0eb6b62233f4128fdb1c3b0f
model:LGT723D iter 350: loss 1.8607, time 8762.20ms, mfu 1.38%
model:LGT723D iter 360: loss 1.6876, time 423.96ms, mfu 1.41%
model:LGT723D iter 370: loss 1.7204, time 471.02ms, mfu 1.42%
model:LGT723D iter 380: loss 1.8746, time 418.84ms, mfu 1.45%
model:LGT723D iter 390: loss 1.6134, time 417.94ms, mfu 1.48%
------average encoder activity 0.445
-----------average decoder density 0.1603
step 400: train loss 1.7083, val loss 1.6477
saving checkpoint to out-novel-char3_LGT723D_4d06c3ce0eb6b62233f4128fdb1c3b0f
model:LGT723D iter 400: loss 1.6455, time 8283.38ms, mfu 1.34%
model:LGT723D iter 410: loss 1.6021, time 454.39ms, mfu 1.36%
model:LGT723D iter 420: loss 1.4277, time 414.83ms, mfu 1.40%
model:LGT723D iter 430: loss 1.6557, time 249.76ms, mfu 1.55%
model:LGT723D iter 440: loss 1.8629, time 285.00ms, mfu 1.65%
------average encoder activity 0.472
-----------average decoder density 0.1585
step 450: train loss 1.6982, val loss 1.6420
saving checkpoint to out-novel-char3_LGT723D_4d06c3ce0eb6b62233f4128fdb1c3b0f
model:LGT723D iter 450: loss 1.6757, time 4414.04ms, mfu 1.50%
model:LGT723D iter 460: loss 1.7687, time 240.47ms, mfu 1.65%
model:LGT723D iter 470: loss 1.6183, time 263.02ms, mfu 1.76%
model:LGT723D iter 480: loss 1.3072, time 296.79ms, mfu 1.82%
model:LGT723D iter 490: loss 1.7331, time 247.50ms, mfu 1.93%
------average encoder activity 0.490
-----------average decoder density 0.1560
step 500: train loss 1.6859, val loss 1.6301
saving checkpoint to out-novel-char3_LGT723D_4d06c3ce0eb6b62233f4128fdb1c3b0f
model:LGT723D iter 500: loss 1.7764, time 5605.26ms, mfu 1.75%
model:LGT723D iter 510: loss 1.7359, time 257.38ms, mfu 1.86%
model:LGT723D iter 520: loss 1.8159, time 252.35ms, mfu 1.96%
model:LGT723D iter 530: loss 1.6475, time 235.15ms, mfu 2.07%
model:LGT723D iter 540: loss 1.6167, time 291.53ms, mfu 2.11%
------average encoder activity 0.503
-----------average decoder density 0.1538
step 550: train loss 1.6751, val loss 1.6245
saving checkpoint to out-novel-char3_LGT723D_4d06c3ce0eb6b62233f4128fdb1c3b0f
model:LGT723D iter 550: loss 1.7895, time 4806.32ms, mfu 1.91%
model:LGT723D iter 560: loss 1.7647, time 269.04ms, mfu 1.99%
model:LGT723D iter 570: loss 1.5468, time 222.95ms, mfu 2.11%
model:LGT723D iter 580: loss 1.6838, time 242.23ms, mfu 2.20%
model:LGT723D iter 590: loss 1.7144, time 274.75ms, mfu 2.24%
------average encoder activity 0.507
-----------average decoder density 0.1506
step 600: train loss 1.6679, val loss 1.6164
saving checkpoint to out-novel-char3_LGT723D_4d06c3ce0eb6b62233f4128fdb1c3b0f
model:LGT723D iter 600: loss 1.5433, time 4745.49ms, mfu 2.03%
model:LGT723D iter 610: loss 1.6692, time 264.76ms, mfu 2.10%
model:LGT723D iter 620: loss 1.6379, time 236.11ms, mfu 2.20%
model:LGT723D iter 630: loss 1.7652, time 234.95ms, mfu 2.28%
model:LGT723D iter 640: loss 1.7001, time 236.27ms, mfu 2.36%
------average encoder activity 0.507
-----------average decoder density 0.1609
step 650: train loss 1.6636, val loss 1.5986
saving checkpoint to out-novel-char3_LGT723D_4d06c3ce0eb6b62233f4128fdb1c3b0f
model:LGT723D iter 650: loss 1.6426, time 4670.84ms, mfu 2.14%
model:LGT723D iter 660: loss 1.6623, time 296.96ms, mfu 2.17%
model:LGT723D iter 670: loss 1.5350, time 235.29ms, mfu 2.26%
model:LGT723D iter 680: loss 1.6234, time 281.81ms, mfu 2.29%
model:LGT723D iter 690: loss 1.6280, time 237.02ms, mfu 2.36%
------average encoder activity 0.501
-----------average decoder density 0.1513
step 700: train loss 1.6437, val loss 1.5888
saving checkpoint to out-novel-char3_LGT723D_4d06c3ce0eb6b62233f4128fdb1c3b0f
model:LGT723D iter 700: loss 1.6215, time 4499.18ms, mfu 2.14%
model:LGT723D iter 710: loss 1.5569, time 263.87ms, mfu 2.20%
model:LGT723D iter 720: loss 1.4298, time 235.75ms, mfu 2.29%
model:LGT723D iter 730: loss 1.7535, time 271.08ms, mfu 2.32%
model:LGT723D iter 740: loss 1.7054, time 258.40ms, mfu 2.37%
------average encoder activity 0.492
-----------average decoder density 0.1537
step 750: train loss 1.6339, val loss 1.5819
saving checkpoint to out-novel-char3_LGT723D_4d06c3ce0eb6b62233f4128fdb1c3b0f
model:LGT723D iter 750: loss 1.6674, time 4019.35ms, mfu 2.15%
model:LGT723D iter 760: loss 1.4272, time 263.61ms, mfu 2.21%
model:LGT723D iter 770: loss 1.4957, time 248.21ms, mfu 2.28%
model:LGT723D iter 780: loss 1.5779, time 253.86ms, mfu 2.33%
model:LGT723D iter 790: loss 1.5555, time 255.03ms, mfu 2.38%
------average encoder activity 0.493
-----------average decoder density 0.1615
step 800: train loss 1.6251, val loss 1.5697
saving checkpoint to out-novel-char3_LGT723D_4d06c3ce0eb6b62233f4128fdb1c3b0f
model:LGT723D iter 800: loss 1.6778, time 4277.52ms, mfu 2.16%
model:LGT723D iter 810: loss 1.5312, time 262.74ms, mfu 2.22%
model:LGT723D iter 820: loss 1.6950, time 263.45ms, mfu 2.27%
model:LGT723D iter 830: loss 1.6189, time 245.88ms, mfu 2.34%
model:LGT723D iter 840: loss 1.4718, time 262.78ms, mfu 2.38%
------average encoder activity 0.499
-----------average decoder density 0.1688
step 850: train loss 1.6217, val loss 1.5752
saving checkpoint to out-novel-char3_LGT723D_4d06c3ce0eb6b62233f4128fdb1c3b0f
model:LGT723D iter 850: loss 1.7220, time 4640.43ms, mfu 2.15%
model:LGT723D iter 860: loss 1.6448, time 235.26ms, mfu 2.24%
model:LGT723D iter 870: loss 1.5786, time 262.63ms, mfu 2.29%
model:LGT723D iter 880: loss 1.5537, time 250.84ms, mfu 2.35%
model:LGT723D iter 890: loss 1.6732, time 266.63ms, mfu 2.39%
------average encoder activity 0.505
-----------average decoder density 0.1557
step 900: train loss 1.6134, val loss 1.5546
saving checkpoint to out-novel-char3_LGT723D_4d06c3ce0eb6b62233f4128fdb1c3b0f
model:LGT723D iter 900: loss 1.5656, time 4735.29ms, mfu 2.16%
model:LGT723D iter 910: loss 1.6381, time 240.58ms, mfu 2.25%
model:LGT723D iter 920: loss 1.7230, time 237.72ms, mfu 2.32%
model:LGT723D iter 930: loss 1.5059, time 246.22ms, mfu 2.38%
Overriding config with config/train_novel_char3.py:
# train a miniature character-level shakespeare model
# good for debugging and playing on macbooks and such

out_dir = 'out-novel-char3'
eval_interval = 250 # keep frequent because we'll overfit
eval_iters = 200
log_interval = 10 # don't print too too often

# we expect to overfit on this small dataset, so only save when val improves
always_save_checkpoint = False

wandb_log = False # override via command line if you like
wandb_project = 'novel'
wandb_run_name = 'novel'

dataset = 'novel_char3'
gradient_accumulation_steps = 1
# gradient_accumulation_steps = 6
gradient_accumulation_steps = 12
# batch_size = 12
batch_size = 2
# batch_size = 1
# block_size = 256 # context of up to 256 previous characters
# block_size = 256 # context of up to 256 previous characters
block_size = 64 # context of up to 256 previous characters

# baby GPT model :)
n_layer = 6
n_head = 6
n_embd = 384
# n_embd = 182
dropout = 0.2

# learning_rate = 1e-3 # with baby networks can afford to go a bit higher
learning_rate = 1e-4 # with baby networks can afford to go a bit higher

# max_iters = 5000
# lr_decay_iters = 5000 # make equal to max_iters usually

max_iters = 500000
lr_decay_iters = 500000 # make equal to max_iters usually

min_lr = 1e-5 # learning_rate / 10 usually
beta2 = 0.99 # make a bit bigger because number of tokens per iter is small

warmup_iters = 100 # not super necessary potentially

# on macbook also add
# device = 'cpu'  # run on cpu only
# compile = False # do not torch compile the model
# init_from ='resume'


'''
python3 -u sample.py config/train_novel.py --out_dir=out-novel-word_CCM232_c85667cd6eadbcf772d23fa97827c506 --model=CCM232
python3 -u sample.py config/train_novel.py --out_dir=out-novel-word_CCM251_4bfeb7b3e1b9c46a2542bb9406173e22 --model=CCM251
python3 -u sample.py config/train_novel.py --out_dir=out-novel-word_CCM253_01b622029bb00e0dc9206cae3b0ab559 --model=CCM253 
python3 -u sample.py config/train_novel.py --out_dir=out-novel-word_CCM276_01b622029bb00e0dc9206cae3b0ab559 --model=CCM276
python3 -u sample.py config/train_novel.py --out_dir=out-novel-word_CCM278_a97bfe077b316033e3604831d5ad371e --model=CCM278
python3 -u sample.py config/train_novel.py --out_dir=out-novel-word_CCM305_52efa1def80492f81622f536ac701226 --model=CCM305


out-novel-word_CCM276_01b622029bb00e0dc9206cae3b0ab559

'''
#### python3 -u sample.py config/train_novel.py --out_dir=out-novel-word_CCM232_c85667cd6eadbcf772d23fa97827c506 --model=CCM232
Overriding: init_from = scratch
Overriding: compile = False
Overriding: model = LGT723D
Overriding: n_layer = 8
Overriding: n_head = 6
Overriding: share_layer = False
Overriding: always_save_checkpoint = True
Overriding: max_iters = 2500999
Overriding: best_val_loss_force = 10.001
Overriding: min_lr = 1e-05
Overriding: dropout = 0.0
Overriding: eval_interval = 50
Overriding: force_resave = 0
Overriding: random_seed = 3
tokens per iteration will be: 1,536
found vocab_size = 73440 (inside data/novel_char3/meta.pkl)
out_dir: out-novel-char3_LGT723D_4d06c3ce0eb6b62233f4128fdb1c3b0f
Initializing a new model from scratch
WARNING: using slow attention. Flash Attention requires PyTorch >= 2.0
WARNING: using slow attention. Flash Attention requires PyTorch >= 2.0
WARNING: using slow attention. Flash Attention requires PyTorch >= 2.0
WARNING: using slow attention. Flash Attention requires PyTorch >= 2.0
num decayed parameter tensors: 23, with 37,898,496 parameters
num non-decayed parameter tensors: 16, with 2,363,521 parameters
using fused AdamW: True
------average encoder activity 0.000
-----------average decoder density 0.0000
step 0: train loss 5.5175, val loss 5.5143
model:LGT723D iter 0: loss 5.5767, time 4189.81ms, mfu -100.00%
Overriding config with config/train_novel_char3.py:
# train a miniature character-level shakespeare model
# good for debugging and playing on macbooks and such

out_dir = 'out-novel-char3'
eval_interval = 250 # keep frequent because we'll overfit
eval_iters = 200
log_interval = 10 # don't print too too often

# we expect to overfit on this small dataset, so only save when val improves
always_save_checkpoint = False

wandb_log = False # override via command line if you like
wandb_project = 'novel'
wandb_run_name = 'novel'

dataset = 'novel_char3'
gradient_accumulation_steps = 1
# gradient_accumulation_steps = 6
gradient_accumulation_steps = 12
# batch_size = 12
batch_size = 2
# batch_size = 1
# block_size = 256 # context of up to 256 previous characters
# block_size = 256 # context of up to 256 previous characters
block_size = 64 # context of up to 256 previous characters

# baby GPT model :)
n_layer = 6
n_head = 6
n_embd = 384
# n_embd = 182
dropout = 0.2

# learning_rate = 1e-3 # with baby networks can afford to go a bit higher
learning_rate = 1e-4 # with baby networks can afford to go a bit higher

# max_iters = 5000
# lr_decay_iters = 5000 # make equal to max_iters usually

max_iters = 500000
lr_decay_iters = 500000 # make equal to max_iters usually

min_lr = 1e-5 # learning_rate / 10 usually
beta2 = 0.99 # make a bit bigger because number of tokens per iter is small

warmup_iters = 100 # not super necessary potentially

# on macbook also add
# device = 'cpu'  # run on cpu only
# compile = False # do not torch compile the model
# init_from ='resume'


'''
python3 -u sample.py config/train_novel.py --out_dir=out-novel-word_CCM232_c85667cd6eadbcf772d23fa97827c506 --model=CCM232
python3 -u sample.py config/train_novel.py --out_dir=out-novel-word_CCM251_4bfeb7b3e1b9c46a2542bb9406173e22 --model=CCM251
python3 -u sample.py config/train_novel.py --out_dir=out-novel-word_CCM253_01b622029bb00e0dc9206cae3b0ab559 --model=CCM253 
python3 -u sample.py config/train_novel.py --out_dir=out-novel-word_CCM276_01b622029bb00e0dc9206cae3b0ab559 --model=CCM276
python3 -u sample.py config/train_novel.py --out_dir=out-novel-word_CCM278_a97bfe077b316033e3604831d5ad371e --model=CCM278
python3 -u sample.py config/train_novel.py --out_dir=out-novel-word_CCM305_52efa1def80492f81622f536ac701226 --model=CCM305


out-novel-word_CCM276_01b622029bb00e0dc9206cae3b0ab559

'''
#### python3 -u sample.py config/train_novel.py --out_dir=out-novel-word_CCM232_c85667cd6eadbcf772d23fa97827c506 --model=CCM232
Overriding: init_from = scratch
Overriding: compile = False
Overriding: model = LGT723D
Overriding: n_layer = 8
Overriding: n_head = 6
Overriding: share_layer = False
Overriding: always_save_checkpoint = True
Overriding: max_iters = 2500999
Overriding: best_val_loss_force = 10.001
Overriding: min_lr = 1e-05
Overriding: dropout = 0.0
Overriding: eval_interval = 50
Overriding: force_resave = 0
Overriding: random_seed = 3
tokens per iteration will be: 1,536
found vocab_size = 73440 (inside data/novel_char3/meta.pkl)
out_dir: out-novel-char3_LGT723D_4d06c3ce0eb6b62233f4128fdb1c3b0f
Initializing a new model from scratch
WARNING: using slow attention. Flash Attention requires PyTorch >= 2.0
WARNING: using slow attention. Flash Attention requires PyTorch >= 2.0
WARNING: using slow attention. Flash Attention requires PyTorch >= 2.0
WARNING: using slow attention. Flash Attention requires PyTorch >= 2.0
num decayed parameter tensors: 23, with 37,898,496 parameters
num non-decayed parameter tensors: 16, with 2,363,521 parameters
using fused AdamW: True
------average encoder activity 0.000
-----------average decoder density 0.0000
step 0: train loss 5.6145, val loss 5.6163
model:LGT723D iter 0: loss 5.6559, time 3822.99ms, mfu -100.00%
model:LGT723D iter 10: loss 5.5478, time 273.18ms, mfu 0.44%
model:LGT723D iter 20: loss 5.5105, time 239.34ms, mfu 0.45%
model:LGT723D iter 30: loss 5.1237, time 192.53ms, mfu 0.46%
model:LGT723D iter 40: loss 5.1671, time 191.23ms, mfu 0.48%
------average encoder activity 0.000
-----------average decoder density 0.4300
step 50: train loss 5.0225, val loss 4.9899
saving checkpoint to out-novel-char3_LGT723D_4d06c3ce0eb6b62233f4128fdb1c3b0f
model:LGT723D iter 50: loss 4.9174, time 4206.11ms, mfu 0.43%
model:LGT723D iter 60: loss 4.7025, time 250.40ms, mfu 0.44%
model:LGT723D iter 70: loss 4.7140, time 252.65ms, mfu 0.44%
model:LGT723D iter 80: loss 4.5343, time 242.03ms, mfu 0.45%
model:LGT723D iter 90: loss 4.1784, time 166.46ms, mfu 0.48%
------average encoder activity 0.000
-----------average decoder density 0.3896
step 100: train loss 4.0555, val loss 3.9787
saving checkpoint to out-novel-char3_LGT723D_4d06c3ce0eb6b62233f4128fdb1c3b0f
model:LGT723D iter 100: loss 4.1750, time 4078.65ms, mfu 0.43%
model:LGT723D iter 110: loss 4.0861, time 239.81ms, mfu 0.44%
model:LGT723D iter 120: loss 3.5209, time 235.05ms, mfu 0.44%
model:LGT723D iter 130: loss 3.7787, time 226.23ms, mfu 0.45%
model:LGT723D iter 140: loss 3.3736, time 238.06ms, mfu 0.46%
------average encoder activity 0.000
-----------average decoder density 0.3762
step 150: train loss 3.6558, val loss 3.5233
saving checkpoint to out-novel-char3_LGT723D_4d06c3ce0eb6b62233f4128fdb1c3b0f
model:LGT723D iter 150: loss 3.3638, time 3907.40ms, mfu 0.42%
model:LGT723D iter 160: loss 3.7923, time 195.77ms, mfu 0.44%
model:LGT723D iter 170: loss 3.7935, time 250.77ms, mfu 0.44%
model:LGT723D iter 180: loss 3.1301, time 250.98ms, mfu 0.44%
model:LGT723D iter 190: loss 3.4749, time 235.75ms, mfu 0.45%
------average encoder activity 0.000
-----------average decoder density 0.3403
step 200: train loss 3.5430, val loss 3.4163
saving checkpoint to out-novel-char3_LGT723D_4d06c3ce0eb6b62233f4128fdb1c3b0f
model:LGT723D iter 200: loss 3.5434, time 3712.18ms, mfu 0.41%
model:LGT723D iter 210: loss 3.0900, time 188.09ms, mfu 0.43%
model:LGT723D iter 220: loss 3.6121, time 209.65ms, mfu 0.45%
model:LGT723D iter 230: loss 2.8263, time 258.14ms, mfu 0.45%
model:LGT723D iter 240: loss 3.0135, time 253.45ms, mfu 0.45%
------average encoder activity 0.128
-----------average decoder density 0.3278
step 250: train loss 3.4784, val loss 3.3847
saving checkpoint to out-novel-char3_LGT723D_4d06c3ce0eb6b62233f4128fdb1c3b0f
model:LGT723D iter 250: loss 3.9953, time 3854.72ms, mfu 0.41%
model:LGT723D iter 260: loss 3.6827, time 173.52ms, mfu 0.44%
model:LGT723D iter 270: loss 3.9437, time 213.27ms, mfu 0.45%
model:LGT723D iter 280: loss 3.5274, time 248.37ms, mfu 0.45%
model:LGT723D iter 290: loss 3.6313, time 237.79ms, mfu 0.46%
------average encoder activity 0.598
-----------average decoder density 0.3217
step 300: train loss 3.4719, val loss 3.3443
saving checkpoint to out-novel-char3_LGT723D_4d06c3ce0eb6b62233f4128fdb1c3b0f
model:LGT723D iter 300: loss 3.4181, time 4187.41ms, mfu 0.41%
model:LGT723D iter 310: loss 3.6912, time 178.33ms, mfu 0.44%
model:LGT723D iter 320: loss 3.2441, time 185.38ms, mfu 0.46%
model:LGT723D iter 330: loss 3.2649, time 249.44ms, mfu 0.46%
model:LGT723D iter 340: loss 3.1030, time 246.02ms, mfu 0.47%
------average encoder activity 0.841
-----------average decoder density 0.3158
step 350: train loss 3.4630, val loss 3.3138
saving checkpoint to out-novel-char3_LGT723D_4d06c3ce0eb6b62233f4128fdb1c3b0f
model:LGT723D iter 350: loss 3.7727, time 4014.00ms, mfu 0.42%
model:LGT723D iter 360: loss 3.3251, time 188.94ms, mfu 0.44%
model:LGT723D iter 370: loss 3.1765, time 188.66ms, mfu 0.46%
model:LGT723D iter 380: loss 3.6740, time 167.48ms, mfu 0.49%
model:LGT723D iter 390: loss 3.4684, time 266.95ms, mfu 0.48%
------average encoder activity 0.948
-----------average decoder density 0.3117
step 400: train loss 3.4046, val loss 3.2865
saving checkpoint to out-novel-char3_LGT723D_4d06c3ce0eb6b62233f4128fdb1c3b0f
model:LGT723D iter 400: loss 3.4819, time 4183.39ms, mfu 0.44%
model:LGT723D iter 410: loss 3.4756, time 260.74ms, mfu 0.44%
model:LGT723D iter 420: loss 3.6793, time 167.74ms, mfu 0.47%
model:LGT723D iter 430: loss 3.2562, time 165.16ms, mfu 0.49%
model:LGT723D iter 440: loss 3.3644, time 176.79ms, mfu 0.51%
------average encoder activity 1.014
-----------average decoder density 0.3130
step 450: train loss 3.3707, val loss 3.2613
saving checkpoint to out-novel-char3_LGT723D_4d06c3ce0eb6b62233f4128fdb1c3b0f
model:LGT723D iter 450: loss 3.2603, time 4286.80ms, mfu 0.46%
model:LGT723D iter 460: loss 3.4380, time 257.53ms, mfu 0.46%
model:LGT723D iter 470: loss 2.5104, time 264.74ms, mfu 0.46%
model:LGT723D iter 480: loss 3.5190, time 182.34ms, mfu 0.48%
model:LGT723D iter 490: loss 3.8708, time 175.27ms, mfu 0.50%
------average encoder activity 1.064
-----------average decoder density 0.3153
step 500: train loss 3.3688, val loss 3.2773
saving checkpoint to out-novel-char3_LGT723D_4d06c3ce0eb6b62233f4128fdb1c3b0f
model:LGT723D iter 500: loss 3.2661, time 4304.21ms, mfu 0.46%
model:LGT723D iter 510: loss 3.3764, time 246.71ms, mfu 0.46%
model:LGT723D iter 520: loss 3.8475, time 218.34ms, mfu 0.47%
model:LGT723D iter 530: loss 3.5951, time 197.11ms, mfu 0.48%
model:LGT723D iter 540: loss 2.8947, time 188.81ms, mfu 0.50%
------average encoder activity 1.113
-----------average decoder density 0.3192
step 550: train loss 3.3489, val loss 3.2643
saving checkpoint to out-novel-char3_LGT723D_4d06c3ce0eb6b62233f4128fdb1c3b0f
model:LGT723D iter 550: loss 3.2817, time 4078.02ms, mfu 0.45%
model:LGT723D iter 560: loss 2.9829, time 250.62ms, mfu 0.45%
model:LGT723D iter 570: loss 3.5767, time 243.76ms, mfu 0.46%
model:LGT723D iter 580: loss 3.7243, time 253.25ms, mfu 0.46%
model:LGT723D iter 590: loss 3.3542, time 178.78ms, mfu 0.48%
------average encoder activity 1.169
-----------average decoder density 0.3280
step 600: train loss 3.3329, val loss 3.2301
saving checkpoint to out-novel-char3_LGT723D_4d06c3ce0eb6b62233f4128fdb1c3b0f
model:LGT723D iter 600: loss 3.5693, time 3682.68ms, mfu 0.44%
model:LGT723D iter 610: loss 2.6174, time 193.00ms, mfu 0.45%
model:LGT723D iter 620: loss 3.1634, time 251.50ms, mfu 0.46%
model:LGT723D iter 630: loss 3.5595, time 244.29ms, mfu 0.46%
model:LGT723D iter 640: loss 3.6608, time 240.58ms, mfu 0.46%
------average encoder activity 1.212
-----------average decoder density 0.3363
step 650: train loss 3.3386, val loss 3.2154
saving checkpoint to out-novel-char3_LGT723D_4d06c3ce0eb6b62233f4128fdb1c3b0f
model:LGT723D iter 650: loss 3.3479, time 3876.33ms, mfu 0.42%
model:LGT723D iter 660: loss 3.0684, time 177.56ms, mfu 0.45%
model:LGT723D iter 670: loss 3.0503, time 247.45ms, mfu 0.45%
model:LGT723D iter 680: loss 2.7894, time 242.99ms, mfu 0.45%
model:LGT723D iter 690: loss 3.9146, time 207.30ms, mfu 0.47%
------average encoder activity 1.253
-----------average decoder density 0.3409
step 700: train loss 3.2964, val loss 3.1657
saving checkpoint to out-novel-char3_LGT723D_4d06c3ce0eb6b62233f4128fdb1c3b0f
model:LGT723D iter 700: loss 3.0016, time 4208.64ms, mfu 0.42%
model:LGT723D iter 710: loss 3.0719, time 173.90ms, mfu 0.45%
model:LGT723D iter 720: loss 3.4297, time 166.81ms, mfu 0.48%
model:LGT723D iter 730: loss 3.5954, time 206.51ms, mfu 0.49%
model:LGT723D iter 740: loss 2.9490, time 254.24ms, mfu 0.49%
------average encoder activity 1.287
-----------average decoder density 0.3498
step 750: train loss 3.2749, val loss 3.2069
saving checkpoint to out-novel-char3_LGT723D_4d06c3ce0eb6b62233f4128fdb1c3b0f
model:LGT723D iter 750: loss 3.4352, time 4124.15ms, mfu 0.44%
model:LGT723D iter 760: loss 3.4867, time 217.54ms, mfu 0.45%
model:LGT723D iter 770: loss 3.3655, time 172.84ms, mfu 0.48%
model:LGT723D iter 780: loss 3.0233, time 211.02ms, mfu 0.48%
model:LGT723D iter 790: loss 2.9805, time 252.12ms, mfu 0.48%
------average encoder activity 1.335
-----------average decoder density 0.3628
step 800: train loss 3.2774, val loss 3.1343
saving checkpoint to out-novel-char3_LGT723D_4d06c3ce0eb6b62233f4128fdb1c3b0f
model:LGT723D iter 800: loss 3.5125, time 4120.28ms, mfu 0.44%
model:LGT723D iter 810: loss 3.4356, time 195.31ms, mfu 0.46%
model:LGT723D iter 820: loss 2.9034, time 188.99ms, mfu 0.47%
model:LGT723D iter 830: loss 3.6116, time 185.33ms, mfu 0.49%
model:LGT723D iter 840: loss 3.2843, time 182.36ms, mfu 0.51%
------average encoder activity 1.370
-----------average decoder density 0.3691
step 850: train loss 3.2710, val loss 3.1238
saving checkpoint to out-novel-char3_LGT723D_4d06c3ce0eb6b62233f4128fdb1c3b0f
model:LGT723D iter 850: loss 3.5156, time 4214.68ms, mfu 0.46%
model:LGT723D iter 860: loss 3.5104, time 256.75ms, mfu 0.46%
model:LGT723D iter 870: loss 2.8527, time 245.90ms, mfu 0.46%
model:LGT723D iter 880: loss 2.9581, time 168.33ms, mfu 0.49%
model:LGT723D iter 890: loss 3.7998, time 189.43ms, mfu 0.50%
------average encoder activity 1.392
-----------average decoder density 0.3709
step 900: train loss 3.2068, val loss 3.1266
saving checkpoint to out-novel-char3_LGT723D_4d06c3ce0eb6b62233f4128fdb1c3b0f
model:LGT723D iter 900: loss 3.7977, time 4004.81ms, mfu 0.46%
model:LGT723D iter 910: loss 2.6035, time 212.37ms, mfu 0.47%
model:LGT723D iter 920: loss 3.5527, time 256.22ms, mfu 0.47%
model:LGT723D iter 930: loss 2.8015, time 239.00ms, mfu 0.47%
model:LGT723D iter 940: loss 3.6431, time 170.59ms, mfu 0.49%
------average encoder activity 1.419
-----------average decoder density 0.3824
step 950: train loss 3.1708, val loss 3.1041
saving checkpoint to out-novel-char3_LGT723D_4d06c3ce0eb6b62233f4128fdb1c3b0f
model:LGT723D iter 950: loss 3.3160, time 3746.09ms, mfu 0.45%
model:LGT723D iter 960: loss 3.4695, time 205.22ms, mfu 0.46%
model:LGT723D iter 970: loss 3.2438, time 209.13ms, mfu 0.47%
model:LGT723D iter 980: loss 3.5966, time 265.73ms, mfu 0.47%
model:LGT723D iter 990: loss 3.4572, time 233.57ms, mfu 0.47%
------average encoder activity 1.451
-----------average decoder density 0.3903
step 1000: train loss 3.2280, val loss 3.0671
saving checkpoint to out-novel-char3_LGT723D_4d06c3ce0eb6b62233f4128fdb1c3b0f
model:LGT723D iter 1000: loss 2.8518, time 3859.66ms, mfu 0.43%
model:LGT723D iter 1010: loss 3.1536, time 205.72ms, mfu 0.45%
model:LGT723D iter 1020: loss 2.9028, time 208.42ms, mfu 0.46%
model:LGT723D iter 1030: loss 3.3533, time 213.99ms, mfu 0.47%
model:LGT723D iter 1040: loss 3.0963, time 235.24ms, mfu 0.47%
------average encoder activity 1.473
-----------average decoder density 0.3910
step 1050: train loss 3.2087, val loss 3.0650
saving checkpoint to out-novel-char3_LGT723D_4d06c3ce0eb6b62233f4128fdb1c3b0f
model:LGT723D iter 1050: loss 3.6220, time 3989.65ms, mfu 0.43%
model:LGT723D iter 1060: loss 3.0173, time 231.62ms, mfu 0.44%
model:LGT723D iter 1070: loss 2.5068, time 237.11ms, mfu 0.44%
model:LGT723D iter 1080: loss 3.4893, time 246.13ms, mfu 0.45%
model:LGT723D iter 1090: loss 3.2743, time 254.18ms, mfu 0.45%
------average encoder activity 1.492
-----------average decoder density 0.3995
step 1100: train loss 3.1641, val loss 3.0607
saving checkpoint to out-novel-char3_LGT723D_4d06c3ce0eb6b62233f4128fdb1c3b0f
model:LGT723D iter 1100: loss 2.9051, time 4094.11ms, mfu 0.41%
model:LGT723D iter 1110: loss 3.4600, time 197.42ms, mfu 0.43%
model:LGT723D iter 1120: loss 3.3474, time 189.61ms, mfu 0.45%
model:LGT723D iter 1130: loss 2.7187, time 193.63ms, mfu 0.47%
model:LGT723D iter 1140: loss 2.6702, time 246.06ms, mfu 0.47%
------average encoder activity 1.518
-----------average decoder density 0.4023
step 1150: train loss 3.1268, val loss 3.0351
saving checkpoint to out-novel-char3_LGT723D_4d06c3ce0eb6b62233f4128fdb1c3b0f
model:LGT723D iter 1150: loss 3.1717, time 4314.51ms, mfu 0.42%
model:LGT723D iter 1160: loss 3.0112, time 248.46ms, mfu 0.43%
model:LGT723D iter 1170: loss 3.7787, time 188.99ms, mfu 0.45%
model:LGT723D iter 1180: loss 2.6390, time 181.29ms, mfu 0.47%
model:LGT723D iter 1190: loss 2.7487, time 201.26ms, mfu 0.48%
------average encoder activity 1.526
-----------average decoder density 0.4041
step 1200: train loss 3.1985, val loss 3.0267
saving checkpoint to out-novel-char3_LGT723D_4d06c3ce0eb6b62233f4128fdb1c3b0f
model:LGT723D iter 1200: loss 2.7808, time 4364.47ms, mfu 0.44%
model:LGT723D iter 1210: loss 3.0540, time 251.37ms, mfu 0.44%
model:LGT723D iter 1220: loss 2.6534, time 232.02ms, mfu 0.45%
model:LGT723D iter 1230: loss 3.6511, time 206.20ms, mfu 0.46%
model:LGT723D iter 1240: loss 3.5298, time 165.46ms, mfu 0.49%
------average encoder activity 1.545
-----------average decoder density 0.4158
step 1250: train loss 3.1251, val loss 3.0307
saving checkpoint to out-novel-char3_LGT723D_4d06c3ce0eb6b62233f4128fdb1c3b0f
model:LGT723D iter 1250: loss 3.0193, time 4318.45ms, mfu 0.44%
model:LGT723D iter 1260: loss 3.5581, time 192.88ms, mfu 0.46%
model:LGT723D iter 1270: loss 2.8349, time 222.09ms, mfu 0.47%
model:LGT723D iter 1280: loss 2.4710, time 246.68ms, mfu 0.47%
model:LGT723D iter 1290: loss 3.3818, time 176.78ms, mfu 0.49%
------average encoder activity 1.568
-----------average decoder density 0.4202
step 1300: train loss 3.1055, val loss 3.0024
saving checkpoint to out-novel-char3_LGT723D_4d06c3ce0eb6b62233f4128fdb1c3b0f
model:LGT723D iter 1300: loss 3.6260, time 3813.18ms, mfu 0.45%
model:LGT723D iter 1310: loss 3.2048, time 252.66ms, mfu 0.45%
model:LGT723D iter 1320: loss 3.0988, time 201.72ms, mfu 0.46%
model:LGT723D iter 1330: loss 2.6201, time 260.57ms, mfu 0.46%
model:LGT723D iter 1340: loss 3.5475, time 245.21ms, mfu 0.47%
------average encoder activity 1.581
-----------average decoder density 0.4259
step 1350: train loss 3.0774, val loss 2.9989
saving checkpoint to out-novel-char3_LGT723D_4d06c3ce0eb6b62233f4128fdb1c3b0f
model:LGT723D iter 1350: loss 3.5084, time 3730.35ms, mfu 0.42%
model:LGT723D iter 1360: loss 3.0699, time 270.38ms, mfu 0.42%
model:LGT723D iter 1370: loss 3.1883, time 189.27ms, mfu 0.45%
model:LGT723D iter 1380: loss 2.5931, time 225.32ms, mfu 0.45%
model:LGT723D iter 1390: loss 3.0992, time 217.33ms, mfu 0.46%
------average encoder activity 1.592
-----------average decoder density 0.4272
step 1400: train loss 3.0838, val loss 2.9400
saving checkpoint to out-novel-char3_LGT723D_4d06c3ce0eb6b62233f4128fdb1c3b0f
model:LGT723D iter 1400: loss 3.6466, time 3866.71ms, mfu 0.42%
model:LGT723D iter 1410: loss 3.4108, time 205.83ms, mfu 0.44%
model:LGT723D iter 1420: loss 3.6413, time 169.61ms, mfu 0.46%
model:LGT723D iter 1430: loss 3.7044, time 188.73ms, mfu 0.48%
model:LGT723D iter 1440: loss 3.2849, time 238.88ms, mfu 0.48%
------average encoder activity 1.600
-----------average decoder density 0.4229
step 1450: train loss 3.0296, val loss 2.9607
saving checkpoint to out-novel-char3_LGT723D_4d06c3ce0eb6b62233f4128fdb1c3b0f
model:LGT723D iter 1450: loss 3.6437, time 4163.81ms, mfu 0.44%
model:LGT723D iter 1460: loss 2.9914, time 190.09ms, mfu 0.46%
model:LGT723D iter 1470: loss 3.0150, time 248.07ms, mfu 0.46%
model:LGT723D iter 1480: loss 3.3307, time 183.61ms, mfu 0.48%
model:LGT723D iter 1490: loss 2.6591, time 259.50ms, mfu 0.48%
------average encoder activity 1.611
-----------average decoder density 0.4224
step 1500: train loss 3.0660, val loss 2.9385
saving checkpoint to out-novel-char3_LGT723D_4d06c3ce0eb6b62233f4128fdb1c3b0f
model:LGT723D iter 1500: loss 3.3921, time 4285.89ms, mfu 0.43%
model:LGT723D iter 1510: loss 3.2331, time 191.66ms, mfu 0.45%
model:LGT723D iter 1520: loss 2.9575, time 230.74ms, mfu 0.46%
model:LGT723D iter 1530: loss 2.9518, time 197.12ms, mfu 0.47%
model:LGT723D iter 1540: loss 2.8098, time 249.30ms, mfu 0.47%
------average encoder activity 1.629
-----------average decoder density 0.4302
step 1550: train loss 3.0326, val loss 2.9446
saving checkpoint to out-novel-char3_LGT723D_4d06c3ce0eb6b62233f4128fdb1c3b0f
model:LGT723D iter 1550: loss 3.4000, time 4262.10ms, mfu 0.43%
model:LGT723D iter 1560: loss 2.9729, time 246.63ms, mfu 0.44%
model:LGT723D iter 1570: loss 2.7898, time 225.18ms, mfu 0.45%
model:LGT723D iter 1580: loss 3.0854, time 201.33ms, mfu 0.46%
model:LGT723D iter 1590: loss 3.2562, time 181.37ms, mfu 0.48%
------average encoder activity 1.627
-----------average decoder density 0.4337
step 1600: train loss 3.0231, val loss 2.9260
saving checkpoint to out-novel-char3_LGT723D_4d06c3ce0eb6b62233f4128fdb1c3b0f
model:LGT723D iter 1600: loss 2.2959, time 4396.18ms, mfu 0.44%
model:LGT723D iter 1610: loss 2.9329, time 309.09ms, mfu 0.43%
model:LGT723D iter 1620: loss 3.2022, time 367.35ms, mfu 0.42%
model:LGT723D iter 1630: loss 2.2630, time 325.01ms, mfu 0.41%
model:LGT723D iter 1640: loss 3.2460, time 292.76ms, mfu 0.41%
------average encoder activity 1.639
-----------average decoder density 0.4306
step 1650: train loss 3.0172, val loss 2.9097
saving checkpoint to out-novel-char3_LGT723D_4d06c3ce0eb6b62233f4128fdb1c3b0f
model:LGT723D iter 1650: loss 3.1256, time 8162.09ms, mfu 0.37%
model:LGT723D iter 1660: loss 2.3695, time 328.68ms, mfu 0.37%
model:LGT723D iter 1670: loss 3.5387, time 364.79ms, mfu 0.37%
model:LGT723D iter 1680: loss 3.1775, time 374.85ms, mfu 0.36%
model:LGT723D iter 1690: loss 2.9876, time 292.39ms, mfu 0.37%
------average encoder activity 1.640
-----------average decoder density 0.4387
step 1700: train loss 3.0108, val loss 2.8411
saving checkpoint to out-novel-char3_LGT723D_4d06c3ce0eb6b62233f4128fdb1c3b0f
model:LGT723D iter 1700: loss 2.9972, time 7600.89ms, mfu 0.33%
model:LGT723D iter 1710: loss 3.0675, time 316.53ms, mfu 0.34%
model:LGT723D iter 1720: loss 3.0384, time 345.49ms, mfu 0.34%
model:LGT723D iter 1730: loss 3.2808, time 258.47ms, mfu 0.35%
model:LGT723D iter 1740: loss 2.9341, time 264.33ms, mfu 0.36%
------average encoder activity 1.650
-----------average decoder density 0.4514
step 1750: train loss 3.0090, val loss 2.8729
saving checkpoint to out-novel-char3_LGT723D_4d06c3ce0eb6b62233f4128fdb1c3b0f
model:LGT723D iter 1750: loss 2.9898, time 3616.20ms, mfu 0.33%
model:LGT723D iter 1760: loss 3.0849, time 237.46ms, mfu 0.35%
model:LGT723D iter 1770: loss 3.7704, time 236.92ms, mfu 0.36%
model:LGT723D iter 1780: loss 2.9871, time 220.87ms, mfu 0.38%
model:LGT723D iter 1790: loss 1.9126, time 254.89ms, mfu 0.39%
------average encoder activity 1.660
-----------average decoder density 0.4561
step 1800: train loss 2.9736, val loss 2.8528
saving checkpoint to out-novel-char3_LGT723D_4d06c3ce0eb6b62233f4128fdb1c3b0f
model:LGT723D iter 1800: loss 2.5468, time 3650.37ms, mfu 0.35%
model:LGT723D iter 1810: loss 3.0576, time 250.49ms, mfu 0.37%
model:LGT723D iter 1820: loss 3.1716, time 261.26ms, mfu 0.38%
model:LGT723D iter 1830: loss 2.9511, time 190.65ms, mfu 0.40%
model:LGT723D iter 1840: loss 3.0383, time 209.24ms, mfu 0.42%
------average encoder activity 1.676
-----------average decoder density 0.4399
step 1850: train loss 2.9756, val loss 2.8569
saving checkpoint to out-novel-char3_LGT723D_4d06c3ce0eb6b62233f4128fdb1c3b0f
model:LGT723D iter 1850: loss 2.8865, time 4097.31ms, mfu 0.38%
model:LGT723D iter 1860: loss 2.4438, time 190.22ms, mfu 0.40%
model:LGT723D iter 1870: loss 2.7311, time 227.37ms, mfu 0.42%
model:LGT723D iter 1880: loss 2.4363, time 180.45ms, mfu 0.44%
model:LGT723D iter 1890: loss 3.4575, time 231.32ms, mfu 0.45%
------average encoder activity 1.676
-----------average decoder density 0.4613
step 1900: train loss 2.9600, val loss 2.8912
saving checkpoint to out-novel-char3_LGT723D_4d06c3ce0eb6b62233f4128fdb1c3b0f
model:LGT723D iter 1900: loss 3.1468, time 4091.95ms, mfu 0.41%
model:LGT723D iter 1910: loss 2.8096, time 240.92ms, mfu 0.42%
model:LGT723D iter 1920: loss 2.8415, time 192.70ms, mfu 0.44%
model:LGT723D iter 1930: loss 3.0473, time 181.95ms, mfu 0.46%
model:LGT723D iter 1940: loss 2.8117, time 194.78ms, mfu 0.47%
------average encoder activity 1.684
-----------average decoder density 0.4556
step 1950: train loss 2.9174, val loss 2.7929
saving checkpoint to out-novel-char3_LGT723D_4d06c3ce0eb6b62233f4128fdb1c3b0f
model:LGT723D iter 1950: loss 2.9703, time 4217.12ms, mfu 0.43%
model:LGT723D iter 1960: loss 2.9138, time 225.95ms, mfu 0.44%
model:LGT723D iter 1970: loss 2.7348, time 232.13ms, mfu 0.45%
model:LGT723D iter 1980: loss 3.2021, time 177.87ms, mfu 0.47%
model:LGT723D iter 1990: loss 2.8755, time 230.00ms, mfu 0.48%
------average encoder activity 1.682
-----------average decoder density 0.4654
step 2000: train loss 2.9105, val loss 2.7888
saving checkpoint to out-novel-char3_LGT723D_4d06c3ce0eb6b62233f4128fdb1c3b0f
model:LGT723D iter 2000: loss 2.5255, time 4439.47ms, mfu 0.43%
model:LGT723D iter 2010: loss 3.2645, time 196.09ms, mfu 0.45%
model:LGT723D iter 2020: loss 2.6342, time 240.07ms, mfu 0.45%
model:LGT723D iter 2030: loss 2.5629, time 182.68ms, mfu 0.47%
model:LGT723D iter 2040: loss 2.7871, time 192.44ms, mfu 0.49%
------average encoder activity 1.693
-----------average decoder density 0.4621
step 2050: train loss 2.9429, val loss 2.8153
saving checkpoint to out-novel-char3_LGT723D_4d06c3ce0eb6b62233f4128fdb1c3b0f
model:LGT723D iter 2050: loss 2.8451, time 4110.26ms, mfu 0.44%
model:LGT723D iter 2060: loss 3.0281, time 197.94ms, mfu 0.46%
model:LGT723D iter 2070: loss 3.1821, time 186.34ms, mfu 0.48%
model:LGT723D iter 2080: loss 2.6491, time 246.22ms, mfu 0.48%
model:LGT723D iter 2090: loss 2.7812, time 253.02ms, mfu 0.48%
------average encoder activity 1.688
-----------average decoder density 0.4479
step 2100: train loss 2.9311, val loss 2.8301
saving checkpoint to out-novel-char3_LGT723D_4d06c3ce0eb6b62233f4128fdb1c3b0f
model:LGT723D iter 2100: loss 2.7792, time 3717.58ms, mfu 0.43%
model:LGT723D iter 2110: loss 2.8345, time 241.85ms, mfu 0.44%
model:LGT723D iter 2120: loss 2.4472, time 233.03ms, mfu 0.45%
model:LGT723D iter 2130: loss 2.9824, time 229.14ms, mfu 0.46%
model:LGT723D iter 2140: loss 3.3723, time 242.53ms, mfu 0.46%
------average encoder activity 1.691
-----------average decoder density 0.4517
step 2150: train loss 2.9265, val loss 2.8077
saving checkpoint to out-novel-char3_LGT723D_4d06c3ce0eb6b62233f4128fdb1c3b0f
model:LGT723D iter 2150: loss 3.0128, time 3636.98ms, mfu 0.42%
model:LGT723D iter 2160: loss 2.6291, time 249.33ms, mfu 0.42%
model:LGT723D iter 2170: loss 2.3407, time 245.18ms, mfu 0.43%
model:LGT723D iter 2180: loss 2.9071, time 231.49ms, mfu 0.44%
model:LGT723D iter 2190: loss 2.9849, time 266.25ms, mfu 0.44%
------average encoder activity 1.695
-----------average decoder density 0.4669
step 2200: train loss 2.8841, val loss 2.7782
saving checkpoint to out-novel-char3_LGT723D_4d06c3ce0eb6b62233f4128fdb1c3b0f
model:LGT723D iter 2200: loss 2.8998, time 3893.13ms, mfu 0.40%
model:LGT723D iter 2210: loss 3.3210, time 175.44ms, mfu 0.43%
model:LGT723D iter 2220: loss 2.8303, time 227.67ms, mfu 0.44%
model:LGT723D iter 2230: loss 2.9378, time 217.41ms, mfu 0.45%
model:LGT723D iter 2240: loss 2.0213, time 254.33ms, mfu 0.45%
------average encoder activity 1.701
-----------average decoder density 0.4599
step 2250: train loss 2.8397, val loss 2.7744
saving checkpoint to out-novel-char3_LGT723D_4d06c3ce0eb6b62233f4128fdb1c3b0f
model:LGT723D iter 2250: loss 2.5368, time 4076.87ms, mfu 0.41%
model:LGT723D iter 2260: loss 3.3561, time 194.82ms, mfu 0.43%
model:LGT723D iter 2270: loss 3.4483, time 190.86ms, mfu 0.45%
model:LGT723D iter 2280: loss 2.9501, time 245.11ms, mfu 0.45%
model:LGT723D iter 2290: loss 3.3552, time 208.23ms, mfu 0.47%
------average encoder activity 1.704
-----------average decoder density 0.4447
step 2300: train loss 2.9497, val loss 2.7813
saving checkpoint to out-novel-char3_LGT723D_4d06c3ce0eb6b62233f4128fdb1c3b0f
model:LGT723D iter 2300: loss 2.8340, time 4297.58ms, mfu 0.42%
model:LGT723D iter 2310: loss 3.0373, time 227.60ms, mfu 0.43%
model:LGT723D iter 2320: loss 3.1217, time 190.18ms, mfu 0.45%
model:LGT723D iter 2330: loss 2.8986, time 168.46ms, mfu 0.48%
model:LGT723D iter 2340: loss 3.1614, time 188.52ms, mfu 0.49%
------average encoder activity 1.704
-----------average decoder density 0.4638
step 2350: train loss 2.9095, val loss 2.7604
saving checkpoint to out-novel-char3_LGT723D_4d06c3ce0eb6b62233f4128fdb1c3b0f
model:LGT723D iter 2350: loss 2.4316, time 4300.17ms, mfu 0.45%
model:LGT723D iter 2360: loss 3.3235, time 175.40ms, mfu 0.47%
model:LGT723D iter 2370: loss 3.1281, time 234.86ms, mfu 0.48%
model:LGT723D iter 2380: loss 2.5886, time 203.74ms, mfu 0.49%
model:LGT723D iter 2390: loss 3.2717, time 180.35ms, mfu 0.50%
------average encoder activity 1.712
-----------average decoder density 0.4731
step 2400: train loss 2.8825, val loss 2.7540
saving checkpoint to out-novel-char3_LGT723D_4d06c3ce0eb6b62233f4128fdb1c3b0f
model:LGT723D iter 2400: loss 3.2756, time 4103.96ms, mfu 0.46%
model:LGT723D iter 2410: loss 3.2905, time 250.77ms, mfu 0.46%
model:LGT723D iter 2420: loss 2.6860, time 195.95ms, mfu 0.47%
model:LGT723D iter 2430: loss 2.6167, time 245.69ms, mfu 0.48%
model:LGT723D iter 2440: loss 2.8945, time 234.44ms, mfu 0.48%
------average encoder activity 1.710
-----------average decoder density 0.4793
step 2450: train loss 2.9084, val loss 2.7066
saving checkpoint to out-novel-char3_LGT723D_4d06c3ce0eb6b62233f4128fdb1c3b0f
model:LGT723D iter 2450: loss 3.5026, time 4131.90ms, mfu 0.43%
model:LGT723D iter 2460: loss 3.4384, time 226.16ms, mfu 0.44%
model:LGT723D iter 2470: loss 2.9089, time 233.18ms, mfu 0.45%
model:LGT723D iter 2480: loss 3.1657, time 193.26ms, mfu 0.47%
model:LGT723D iter 2490: loss 3.0057, time 214.24ms, mfu 0.48%
------average encoder activity 1.706
-----------average decoder density 0.4476
step 2500: train loss 2.8381, val loss 2.7277
saving checkpoint to out-novel-char3_LGT723D_4d06c3ce0eb6b62233f4128fdb1c3b0f
model:LGT723D iter 2500: loss 2.3722, time 3772.52ms, mfu 0.43%
model:LGT723D iter 2510: loss 2.7810, time 256.85ms, mfu 0.44%
model:LGT723D iter 2520: loss 2.5251, time 249.26ms, mfu 0.44%
model:LGT723D iter 2530: loss 2.9641, time 263.38ms, mfu 0.44%
model:LGT723D iter 2540: loss 2.6615, time 247.05ms, mfu 0.45%
------average encoder activity 1.704
-----------average decoder density 0.4729
step 2550: train loss 2.8433, val loss 2.6711
saving checkpoint to out-novel-char3_LGT723D_4d06c3ce0eb6b62233f4128fdb1c3b0f
model:LGT723D iter 2550: loss 2.6611, time 3676.80ms, mfu 0.41%
model:LGT723D iter 2560: loss 2.3322, time 242.12ms, mfu 0.41%
model:LGT723D iter 2570: loss 2.3647, time 269.77ms, mfu 0.42%
model:LGT723D iter 2580: loss 2.9388, time 253.26ms, mfu 0.42%
model:LGT723D iter 2590: loss 3.1533, time 243.33ms, mfu 0.43%
------average encoder activity 1.715
-----------average decoder density 0.4760
step 2600: train loss 2.8359, val loss 2.7134
saving checkpoint to out-novel-char3_LGT723D_4d06c3ce0eb6b62233f4128fdb1c3b0f
model:LGT723D iter 2600: loss 2.9045, time 3659.39ms, mfu 0.39%
model:LGT723D iter 2610: loss 2.7899, time 187.90ms, mfu 0.42%
model:LGT723D iter 2620: loss 3.5240, time 263.62ms, mfu 0.42%
model:LGT723D iter 2630: loss 3.2440, time 246.97ms, mfu 0.43%
model:LGT723D iter 2640: loss 2.8205, time 196.50ms, mfu 0.44%
------average encoder activity 1.718
-----------average decoder density 0.4787
step 2650: train loss 2.8205, val loss 2.7176
saving checkpoint to out-novel-char3_LGT723D_4d06c3ce0eb6b62233f4128fdb1c3b0f
model:LGT723D iter 2650: loss 2.4077, time 4039.18ms, mfu 0.40%
model:LGT723D iter 2660: loss 3.2859, time 182.38ms, mfu 0.43%
model:LGT723D iter 2670: loss 3.0161, time 250.53ms, mfu 0.43%
model:LGT723D iter 2680: loss 2.5889, time 246.49ms, mfu 0.44%
model:LGT723D iter 2690: loss 2.5429, time 254.50ms, mfu 0.44%
------average encoder activity 1.709
-----------average decoder density 0.4639
step 2700: train loss 2.8594, val loss 2.7156
saving checkpoint to out-novel-char3_LGT723D_4d06c3ce0eb6b62233f4128fdb1c3b0f
model:LGT723D iter 2700: loss 2.3549, time 4212.05ms, mfu 0.40%
model:LGT723D iter 2710: loss 3.2370, time 180.78ms, mfu 0.43%
model:LGT723D iter 2720: loss 3.2382, time 187.47ms, mfu 0.45%
model:LGT723D iter 2730: loss 2.5751, time 252.64ms, mfu 0.45%
model:LGT723D iter 2740: loss 2.9836, time 233.22ms, mfu 0.46%
------average encoder activity 1.710
-----------average decoder density 0.4561
step 2750: train loss 2.8356, val loss 2.7401
saving checkpoint to out-novel-char3_LGT723D_4d06c3ce0eb6b62233f4128fdb1c3b0f
model:LGT723D iter 2750: loss 2.3575, time 4255.30ms, mfu 0.41%
model:LGT723D iter 2760: loss 3.0218, time 169.81ms, mfu 0.44%
model:LGT723D iter 2770: loss 2.8728, time 165.84ms, mfu 0.47%
model:LGT723D iter 2780: loss 2.9192, time 244.20ms, mfu 0.47%
model:LGT723D iter 2790: loss 3.3791, time 190.87ms, mfu 0.49%
------average encoder activity 1.710
-----------average decoder density 0.4671
step 2800: train loss 2.8389, val loss 2.6772
saving checkpoint to out-novel-char3_LGT723D_4d06c3ce0eb6b62233f4128fdb1c3b0f
model:LGT723D iter 2800: loss 3.0847, time 4168.67ms, mfu 0.44%
model:LGT723D iter 2810: loss 2.8838, time 243.30ms, mfu 0.45%
model:LGT723D iter 2820: loss 3.0758, time 187.89ms, mfu 0.47%
model:LGT723D iter 2830: loss 1.9253, time 164.82ms, mfu 0.49%
model:LGT723D iter 2840: loss 2.5713, time 173.68ms, mfu 0.51%
------average encoder activity 1.709
-----------average decoder density 0.4730
step 2850: train loss 2.8016, val loss 2.7215
saving checkpoint to out-novel-char3_LGT723D_4d06c3ce0eb6b62233f4128fdb1c3b0f
model:LGT723D iter 2850: loss 2.8206, time 4371.69ms, mfu 0.46%
model:LGT723D iter 2860: loss 3.2243, time 249.97ms, mfu 0.47%
model:LGT723D iter 2870: loss 3.2140, time 245.44ms, mfu 0.47%
model:LGT723D iter 2880: loss 3.0028, time 223.67ms, mfu 0.48%
model:LGT723D iter 2890: loss 3.4475, time 229.95ms, mfu 0.48%
------average encoder activity 1.712
-----------average decoder density 0.4702
step 2900: train loss 2.8226, val loss 2.6825
saving checkpoint to out-novel-char3_LGT723D_4d06c3ce0eb6b62233f4128fdb1c3b0f
model:LGT723D iter 2900: loss 2.8730, time 4172.79ms, mfu 0.43%
model:LGT723D iter 2910: loss 2.5555, time 251.29ms, mfu 0.44%
model:LGT723D iter 2920: loss 4.0956, time 244.39ms, mfu 0.44%
model:LGT723D iter 2930: loss 2.8715, time 227.59ms, mfu 0.45%
model:LGT723D iter 2940: loss 3.0301, time 166.94ms, mfu 0.48%
------average encoder activity 1.714
-----------average decoder density 0.4566
step 2950: train loss 2.8641, val loss 2.7062
saving checkpoint to out-novel-char3_LGT723D_4d06c3ce0eb6b62233f4128fdb1c3b0f
model:LGT723D iter 2950: loss 2.6994, time 3827.85ms, mfu 0.43%
model:LGT723D iter 2960: loss 2.4311, time 210.87ms, mfu 0.45%
model:LGT723D iter 2970: loss 3.5398, time 241.84ms, mfu 0.45%
model:LGT723D iter 2980: loss 2.5473, time 189.02ms, mfu 0.47%
model:LGT723D iter 2990: loss 3.4579, time 179.00ms, mfu 0.49%
------average encoder activity 1.715
-----------average decoder density 0.4842
step 3000: train loss 2.7872, val loss 2.6853
saving checkpoint to out-novel-char3_LGT723D_4d06c3ce0eb6b62233f4128fdb1c3b0f
model:LGT723D iter 3000: loss 2.6919, time 3656.60ms, mfu 0.45%
model:LGT723D iter 3010: loss 3.3853, time 220.39ms, mfu 0.45%
model:LGT723D iter 3020: loss 3.0524, time 248.73ms, mfu 0.46%
model:LGT723D iter 3030: loss 2.2927, time 248.84ms, mfu 0.46%
model:LGT723D iter 3040: loss 2.9406, time 183.54ms, mfu 0.48%
------average encoder activity 1.715
-----------average decoder density 0.4622
step 3050: train loss 2.8012, val loss 2.6315
saving checkpoint to out-novel-char3_LGT723D_4d06c3ce0eb6b62233f4128fdb1c3b0f
model:LGT723D iter 3050: loss 2.7619, time 3953.67ms, mfu 0.43%
model:LGT723D iter 3060: loss 3.2991, time 183.62ms, mfu 0.46%
model:LGT723D iter 3070: loss 3.0494, time 252.38ms, mfu 0.46%
model:LGT723D iter 3080: loss 3.0764, time 246.92ms, mfu 0.46%
model:LGT723D iter 3090: loss 2.5454, time 214.12ms, mfu 0.47%
------average encoder activity 1.721
-----------average decoder density 0.4750
step 3100: train loss 2.7955, val loss 2.6696
saving checkpoint to out-novel-char3_LGT723D_4d06c3ce0eb6b62233f4128fdb1c3b0f
model:LGT723D iter 3100: loss 3.0128, time 4070.37ms, mfu 0.43%
model:LGT723D iter 3110: loss 2.6076, time 190.85ms, mfu 0.45%
model:LGT723D iter 3120: loss 2.4381, time 187.99ms, mfu 0.47%
model:LGT723D iter 3130: loss 2.9678, time 260.70ms, mfu 0.47%
model:LGT723D iter 3140: loss 3.3193, time 257.91ms, mfu 0.47%
------average encoder activity 1.717
-----------average decoder density 0.4646
step 3150: train loss 2.7859, val loss 2.6690
saving checkpoint to out-novel-char3_LGT723D_4d06c3ce0eb6b62233f4128fdb1c3b0f
model:LGT723D iter 3150: loss 2.5123, time 4047.82ms, mfu 0.42%
model:LGT723D iter 3160: loss 2.3884, time 251.49ms, mfu 0.43%
model:LGT723D iter 3170: loss 2.3021, time 232.03ms, mfu 0.44%
model:LGT723D iter 3180: loss 1.9024, time 183.52ms, mfu 0.46%
model:LGT723D iter 3190: loss 2.7688, time 276.57ms, mfu 0.46%
------average encoder activity 1.710
-----------average decoder density 0.4802
step 3200: train loss 2.7859, val loss 2.6215
saving checkpoint to out-novel-char3_LGT723D_4d06c3ce0eb6b62233f4128fdb1c3b0f
model:LGT723D iter 3200: loss 2.5755, time 4247.04ms, mfu 0.41%
model:LGT723D iter 3210: loss 2.8609, time 238.03ms, mfu 0.42%
model:LGT723D iter 3220: loss 3.6076, time 183.39ms, mfu 0.45%
model:LGT723D iter 3230: loss 3.0551, time 189.14ms, mfu 0.46%
model:LGT723D iter 3240: loss 2.9594, time 232.50ms, mfu 0.47%
------average encoder activity 1.711
-----------average decoder density 0.4784
step 3250: train loss 2.7398, val loss 2.6418
saving checkpoint to out-novel-char3_LGT723D_4d06c3ce0eb6b62233f4128fdb1c3b0f
model:LGT723D iter 3250: loss 3.1319, time 4241.77ms, mfu 0.43%
model:LGT723D iter 3260: loss 2.7432, time 227.53ms, mfu 0.44%
model:LGT723D iter 3270: loss 2.4955, time 228.51ms, mfu 0.44%
model:LGT723D iter 3280: loss 3.2013, time 169.93ms, mfu 0.47%
model:LGT723D iter 3290: loss 2.7938, time 190.65ms, mfu 0.49%
------average encoder activity 1.710
-----------average decoder density 0.4750
step 3300: train loss 2.7911, val loss 2.6422
saving checkpoint to out-novel-char3_LGT723D_4d06c3ce0eb6b62233f4128fdb1c3b0f
model:LGT723D iter 3300: loss 3.2524, time 4115.90ms, mfu 0.44%
model:LGT723D iter 3310: loss 2.8115, time 222.90ms, mfu 0.45%
model:LGT723D iter 3320: loss 2.4977, time 251.11ms, mfu 0.45%
model:LGT723D iter 3330: loss 3.2089, time 184.36ms, mfu 0.47%
model:LGT723D iter 3340: loss 3.2719, time 188.20ms, mfu 0.49%
------average encoder activity 1.715
-----------average decoder density 0.4874
step 3350: train loss 2.7965, val loss 2.6373
saving checkpoint to out-novel-char3_LGT723D_4d06c3ce0eb6b62233f4128fdb1c3b0f
model:LGT723D iter 3350: loss 3.0297, time 3693.81ms, mfu 0.44%
model:LGT723D iter 3360: loss 3.1243, time 257.57ms, mfu 0.45%
model:LGT723D iter 3370: loss 2.8468, time 233.47ms, mfu 0.45%
model:LGT723D iter 3380: loss 2.9881, time 196.99ms, mfu 0.47%
model:LGT723D iter 3390: loss 3.0000, time 258.85ms, mfu 0.47%
------average encoder activity 1.711
-----------average decoder density 0.4921
step 3400: train loss 2.7832, val loss 2.6162
saving checkpoint to out-novel-char3_LGT723D_4d06c3ce0eb6b62233f4128fdb1c3b0f
model:LGT723D iter 3400: loss 3.2345, time 3751.69ms, mfu 0.42%
model:LGT723D iter 3410: loss 2.9516, time 239.71ms, mfu 0.43%
model:LGT723D iter 3420: loss 2.8500, time 210.58ms, mfu 0.45%
model:LGT723D iter 3430: loss 2.8417, time 179.74ms, mfu 0.47%
model:LGT723D iter 3440: loss 3.2435, time 185.35ms, mfu 0.49%
------average encoder activity 1.707
-----------average decoder density 0.4622
step 3450: train loss 2.7671, val loss 2.6359
saving checkpoint to out-novel-char3_LGT723D_4d06c3ce0eb6b62233f4128fdb1c3b0f
model:LGT723D iter 3450: loss 2.6989, time 4034.83ms, mfu 0.44%
model:LGT723D iter 3460: loss 2.6557, time 184.05ms, mfu 0.46%
model:LGT723D iter 3470: loss 2.4857, time 258.43ms, mfu 0.46%
model:LGT723D iter 3480: loss 2.8855, time 251.47ms, mfu 0.46%
model:LGT723D iter 3490: loss 1.8079, time 202.98ms, mfu 0.48%
------average encoder activity 1.706
-----------average decoder density 0.4796
step 3500: train loss 2.7616, val loss 2.6285
saving checkpoint to out-novel-char3_LGT723D_4d06c3ce0eb6b62233f4128fdb1c3b0f
model:LGT723D iter 3500: loss 2.9453, time 4338.09ms, mfu 0.43%
model:LGT723D iter 3510: loss 2.5090, time 181.70ms, mfu 0.45%
model:LGT723D iter 3520: loss 2.6982, time 195.46ms, mfu 0.47%
model:LGT723D iter 3530: loss 2.5374, time 184.74ms, mfu 0.49%
model:LGT723D iter 3540: loss 2.6813, time 237.20ms, mfu 0.49%
------average encoder activity 1.708
-----------average decoder density 0.4775
step 3550: train loss 2.7816, val loss 2.5951
saving checkpoint to out-novel-char3_LGT723D_4d06c3ce0eb6b62233f4128fdb1c3b0f
model:LGT723D iter 3550: loss 2.7752, time 4268.40ms, mfu 0.44%
model:LGT723D iter 3560: loss 2.7895, time 232.55ms, mfu 0.45%
model:LGT723D iter 3570: loss 2.3307, time 166.56ms, mfu 0.48%
model:LGT723D iter 3580: loss 2.6144, time 179.45ms, mfu 0.50%
model:LGT723D iter 3590: loss 2.5779, time 235.06ms, mfu 0.50%
------average encoder activity 1.713
-----------average decoder density 0.4719
step 3600: train loss 2.7819, val loss 2.6438
saving checkpoint to out-novel-char3_LGT723D_4d06c3ce0eb6b62233f4128fdb1c3b0f
model:LGT723D iter 3600: loss 2.1692, time 4203.64ms, mfu 0.45%
model:LGT723D iter 3610: loss 2.6835, time 252.76ms, mfu 0.45%
model:LGT723D iter 3620: loss 2.9891, time 231.04ms, mfu 0.46%
model:LGT723D iter 3630: loss 3.0608, time 182.14ms, mfu 0.48%
model:LGT723D iter 3640: loss 2.0334, time 170.87ms, mfu 0.50%
------average encoder activity 1.713
-----------average decoder density 0.4846
step 3650: train loss 2.7550, val loss 2.6112
saving checkpoint to out-novel-char3_LGT723D_4d06c3ce0eb6b62233f4128fdb1c3b0f
model:LGT723D iter 3650: loss 3.0301, time 3975.83ms, mfu 0.46%
model:LGT723D iter 3660: loss 3.3288, time 263.24ms, mfu 0.46%
model:LGT723D iter 3670: loss 3.2871, time 245.85ms, mfu 0.46%
model:LGT723D iter 3680: loss 2.8518, time 244.30ms, mfu 0.46%
model:LGT723D iter 3690: loss 1.6724, time 191.70ms, mfu 0.48%
------average encoder activity 1.709
-----------average decoder density 0.4784
step 3700: train loss 2.7606, val loss 2.5901
saving checkpoint to out-novel-char3_LGT723D_4d06c3ce0eb6b62233f4128fdb1c3b0f
model:LGT723D iter 3700: loss 2.3968, time 3951.53ms, mfu 0.43%
model:LGT723D iter 3710: loss 3.1599, time 246.24ms, mfu 0.44%
model:LGT723D iter 3720: loss 3.2104, time 253.02ms, mfu 0.44%
model:LGT723D iter 3730: loss 2.9762, time 252.41ms, mfu 0.45%
model:LGT723D iter 3740: loss 2.6120, time 199.35ms, mfu 0.46%
------average encoder activity 1.710
-----------average decoder density 0.4753
step 3750: train loss 2.7033, val loss 2.5736
saving checkpoint to out-novel-char3_LGT723D_4d06c3ce0eb6b62233f4128fdb1c3b0f
model:LGT723D iter 3750: loss 2.3840, time 3718.36ms, mfu 0.42%
model:LGT723D iter 3760: loss 3.2338, time 190.86ms, mfu 0.44%
model:LGT723D iter 3770: loss 2.2108, time 194.77ms, mfu 0.46%
model:LGT723D iter 3780: loss 3.0812, time 250.90ms, mfu 0.46%
model:LGT723D iter 3790: loss 2.3496, time 213.71ms, mfu 0.47%
------average encoder activity 1.702
-----------average decoder density 0.4630
step 3800: train loss 2.7235, val loss 2.6230
saving checkpoint to out-novel-char3_LGT723D_4d06c3ce0eb6b62233f4128fdb1c3b0f
model:LGT723D iter 3800: loss 3.1719, time 3762.52ms, mfu 0.43%
model:LGT723D iter 3810: loss 2.6473, time 250.91ms, mfu 0.43%
model:LGT723D iter 3820: loss 2.8118, time 238.28ms, mfu 0.44%
model:LGT723D iter 3830: loss 3.1674, time 237.90ms, mfu 0.44%
model:LGT723D iter 3840: loss 2.7716, time 228.76ms, mfu 0.45%
------average encoder activity 1.704
-----------average decoder density 0.4702
step 3850: train loss 2.7269, val loss 2.5586
saving checkpoint to out-novel-char3_LGT723D_4d06c3ce0eb6b62233f4128fdb1c3b0f
model:LGT723D iter 3850: loss 2.6547, time 4027.96ms, mfu 0.41%
model:LGT723D iter 3860: loss 3.0098, time 220.39ms, mfu 0.42%
model:LGT723D iter 3870: loss 2.7294, time 204.60ms, mfu 0.44%
model:LGT723D iter 3880: loss 2.1963, time 252.75ms, mfu 0.44%
model:LGT723D iter 3890: loss 3.1180, time 245.38ms, mfu 0.45%
------average encoder activity 1.691
-----------average decoder density 0.4679
step 3900: train loss 2.7517, val loss 2.5861
saving checkpoint to out-novel-char3_LGT723D_4d06c3ce0eb6b62233f4128fdb1c3b0f
model:LGT723D iter 3900: loss 2.7894, time 4015.68ms, mfu 0.41%
model:LGT723D iter 3910: loss 3.2878, time 217.47ms, mfu 0.42%
model:LGT723D iter 3920: loss 3.1508, time 250.10ms, mfu 0.43%
model:LGT723D iter 3930: loss 2.5655, time 264.81ms, mfu 0.43%
model:LGT723D iter 3940: loss 3.4214, time 263.91ms, mfu 0.43%
------average encoder activity 1.695
-----------average decoder density 0.4893
step 3950: train loss 2.7379, val loss 2.5762
saving checkpoint to out-novel-char3_LGT723D_4d06c3ce0eb6b62233f4128fdb1c3b0f
model:LGT723D iter 3950: loss 2.7201, time 4114.84ms, mfu 0.39%
model:LGT723D iter 3960: loss 2.4215, time 254.29ms, mfu 0.40%
model:LGT723D iter 3970: loss 2.4096, time 165.52ms, mfu 0.43%
model:LGT723D iter 3980: loss 1.7588, time 224.71ms, mfu 0.44%
model:LGT723D iter 3990: loss 3.3041, time 242.62ms, mfu 0.45%
------average encoder activity 1.700
-----------average decoder density 0.4930
step 4000: train loss 2.7348, val loss 2.5723
saving checkpoint to out-novel-char3_LGT723D_4d06c3ce0eb6b62233f4128fdb1c3b0f
model:LGT723D iter 4000: loss 3.3001, time 4008.65ms, mfu 0.41%
model:LGT723D iter 4010: loss 2.6425, time 213.92ms, mfu 0.42%
model:LGT723D iter 4020: loss 2.2918, time 231.28ms, mfu 0.43%
model:LGT723D iter 4030: loss 2.7619, time 190.21ms, mfu 0.45%
model:LGT723D iter 4040: loss 2.0037, time 191.01ms, mfu 0.47%
------average encoder activity 1.691
-----------average decoder density 0.4792
step 4050: train loss 2.6950, val loss 2.5855
saving checkpoint to out-novel-char3_LGT723D_4d06c3ce0eb6b62233f4128fdb1c3b0f
model:LGT723D iter 4050: loss 2.1711, time 4227.15ms, mfu 0.42%
model:LGT723D iter 4060: loss 2.4785, time 255.80ms, mfu 0.43%
model:LGT723D iter 4070: loss 3.0163, time 237.16ms, mfu 0.44%
model:LGT723D iter 4080: loss 3.2835, time 226.88ms, mfu 0.45%
model:LGT723D iter 4090: loss 3.0678, time 209.91ms, mfu 0.46%
------average encoder activity 1.691
-----------average decoder density 0.4764
step 4100: train loss 2.7212, val loss 2.6314
saving checkpoint to out-novel-char3_LGT723D_4d06c3ce0eb6b62233f4128fdb1c3b0f
model:LGT723D iter 4100: loss 2.4349, time 3815.11ms, mfu 0.42%
model:LGT723D iter 4110: loss 2.8670, time 218.73ms, mfu 0.43%
model:LGT723D iter 4120: loss 2.9678, time 228.79ms, mfu 0.44%
model:LGT723D iter 4130: loss 2.3515, time 217.86ms, mfu 0.45%
model:LGT723D iter 4140: loss 2.5672, time 250.97ms, mfu 0.45%
------average encoder activity 1.685
-----------average decoder density 0.4622
step 4150: train loss 2.7303, val loss 2.5861
saving checkpoint to out-novel-char3_LGT723D_4d06c3ce0eb6b62233f4128fdb1c3b0f
model:LGT723D iter 4150: loss 2.6174, time 3648.49ms, mfu 0.41%
model:LGT723D iter 4160: loss 3.0710, time 205.34ms, mfu 0.43%
model:LGT723D iter 4170: loss 3.0585, time 234.93ms, mfu 0.44%
model:LGT723D iter 4180: loss 2.8359, time 245.45ms, mfu 0.44%
model:LGT723D iter 4190: loss 2.2199, time 232.01ms, mfu 0.45%
------average encoder activity 1.686
-----------average decoder density 0.4783
step 4200: train loss 2.7210, val loss 2.5383
saving checkpoint to out-novel-char3_LGT723D_4d06c3ce0eb6b62233f4128fdb1c3b0f
model:LGT723D iter 4200: loss 2.3398, time 3691.53ms, mfu 0.41%
model:LGT723D iter 4210: loss 2.9407, time 246.46ms, mfu 0.42%
model:LGT723D iter 4220: loss 3.0175, time 251.47ms, mfu 0.42%
model:LGT723D iter 4230: loss 2.1134, time 196.86ms, mfu 0.44%
model:LGT723D iter 4240: loss 2.8585, time 254.88ms, mfu 0.44%
------average encoder activity 1.681
-----------average decoder density 0.4948
step 4250: train loss 2.7171, val loss 2.5646
saving checkpoint to out-novel-char3_LGT723D_4d06c3ce0eb6b62233f4128fdb1c3b0f
model:LGT723D iter 4250: loss 2.9758, time 3971.95ms, mfu 0.40%
model:LGT723D iter 4260: loss 2.9023, time 189.95ms, mfu 0.43%
model:LGT723D iter 4270: loss 2.3139, time 240.94ms, mfu 0.43%
model:LGT723D iter 4280: loss 3.2780, time 243.02ms, mfu 0.44%
model:LGT723D iter 4290: loss 2.6027, time 192.72ms, mfu 0.46%
------average encoder activity 1.679
-----------average decoder density 0.4709
step 4300: train loss 2.7604, val loss 2.5707
saving checkpoint to out-novel-char3_LGT723D_4d06c3ce0eb6b62233f4128fdb1c3b0f
model:LGT723D iter 4300: loss 2.0069, time 4233.21ms, mfu 0.41%
model:LGT723D iter 4310: loss 2.8128, time 161.54ms, mfu 0.45%
model:LGT723D iter 4320: loss 3.1255, time 173.63ms, mfu 0.47%
model:LGT723D iter 4330: loss 3.0774, time 168.50ms, mfu 0.50%
model:LGT723D iter 4340: loss 2.8946, time 206.64ms, mfu 0.50%
------average encoder activity 1.674
-----------average decoder density 0.4630
step 4350: train loss 2.6868, val loss 2.5587
saving checkpoint to out-novel-char3_LGT723D_4d06c3ce0eb6b62233f4128fdb1c3b0f
model:LGT723D iter 4350: loss 3.0077, time 4327.89ms, mfu 0.46%
model:LGT723D iter 4360: loss 3.3129, time 240.28ms, mfu 0.46%
model:LGT723D iter 4370: loss 2.9159, time 182.13ms, mfu 0.48%
model:LGT723D iter 4380: loss 2.4323, time 187.04ms, mfu 0.50%
model:LGT723D iter 4390: loss 3.4292, time 192.80ms, mfu 0.51%
------average encoder activity 1.670
-----------average decoder density 0.4821
step 4400: train loss 2.7178, val loss 2.5690
saving checkpoint to out-novel-char3_LGT723D_4d06c3ce0eb6b62233f4128fdb1c3b0f
model:LGT723D iter 4400: loss 2.7894, time 4032.44ms, mfu 0.46%
model:LGT723D iter 4410: loss 2.6522, time 265.22ms, mfu 0.46%
model:LGT723D iter 4420: loss 2.6531, time 189.84ms, mfu 0.48%
model:LGT723D iter 4430: loss 1.9240, time 253.60ms, mfu 0.48%
model:LGT723D iter 4440: loss 2.6622, time 183.76ms, mfu 0.49%
------average encoder activity 1.665
-----------average decoder density 0.4840
step 4450: train loss 2.7133, val loss 2.5502
saving checkpoint to out-novel-char3_LGT723D_4d06c3ce0eb6b62233f4128fdb1c3b0f
model:LGT723D iter 4450: loss 2.2962, time 3686.80ms, mfu 0.45%
model:LGT723D iter 4460: loss 2.8779, time 230.14ms, mfu 0.46%
model:LGT723D iter 4470: loss 2.2634, time 190.46ms, mfu 0.47%
model:LGT723D iter 4480: loss 2.4271, time 205.79ms, mfu 0.48%
model:LGT723D iter 4490: loss 2.4509, time 254.59ms, mfu 0.48%
------average encoder activity 1.669
-----------average decoder density 0.4797
step 4500: train loss 2.6824, val loss 2.5873
saving checkpoint to out-novel-char3_LGT723D_4d06c3ce0eb6b62233f4128fdb1c3b0f
model:LGT723D iter 4500: loss 2.5763, time 3719.89ms, mfu 0.44%
model:LGT723D iter 4510: loss 2.3958, time 247.16ms, mfu 0.44%
model:LGT723D iter 4520: loss 2.8600, time 214.56ms, mfu 0.45%
model:LGT723D iter 4530: loss 2.4438, time 181.56ms, mfu 0.47%
model:LGT723D iter 4540: loss 2.5629, time 256.20ms, mfu 0.47%
------average encoder activity 1.661
-----------average decoder density 0.4948
step 4550: train loss 2.7275, val loss 2.5449
saving checkpoint to out-novel-char3_LGT723D_4d06c3ce0eb6b62233f4128fdb1c3b0f
model:LGT723D iter 4550: loss 2.3105, time 3943.01ms, mfu 0.43%
model:LGT723D iter 4560: loss 2.5222, time 190.32ms, mfu 0.45%
model:LGT723D iter 4570: loss 2.9196, time 271.07ms, mfu 0.45%
model:LGT723D iter 4580: loss 1.4953, time 186.63ms, mfu 0.47%
model:LGT723D iter 4590: loss 2.4232, time 183.96ms, mfu 0.49%
------average encoder activity 1.652
-----------average decoder density 0.4666
step 4600: train loss 2.6569, val loss 2.5278
saving checkpoint to out-novel-char3_LGT723D_4d06c3ce0eb6b62233f4128fdb1c3b0f
model:LGT723D iter 4600: loss 2.7572, time 4257.68ms, mfu 0.44%
model:LGT723D iter 4610: loss 1.9554, time 188.68ms, mfu 0.46%
model:LGT723D iter 4620: loss 2.1109, time 170.24ms, mfu 0.48%
model:LGT723D iter 4630: loss 2.8944, time 190.37ms, mfu 0.50%
model:LGT723D iter 4640: loss 3.1970, time 238.23ms, mfu 0.50%
------average encoder activity 1.657
-----------average decoder density 0.4827
step 4650: train loss 2.6738, val loss 2.5517
saving checkpoint to out-novel-char3_LGT723D_4d06c3ce0eb6b62233f4128fdb1c3b0f
model:LGT723D iter 4650: loss 2.6355, time 4427.45ms, mfu 0.45%
model:LGT723D iter 4660: loss 2.3709, time 188.53ms, mfu 0.47%
model:LGT723D iter 4670: loss 2.7575, time 236.70ms, mfu 0.47%
model:LGT723D iter 4680: loss 2.9530, time 190.09ms, mfu 0.49%
model:LGT723D iter 4690: loss 2.5067, time 191.18ms, mfu 0.50%
------average encoder activity 1.650
-----------average decoder density 0.4795
step 4700: train loss 2.6681, val loss 2.5258
saving checkpoint to out-novel-char3_LGT723D_4d06c3ce0eb6b62233f4128fdb1c3b0f
model:LGT723D iter 4700: loss 2.9766, time 4326.14ms, mfu 0.46%
model:LGT723D iter 4710: loss 2.9062, time 250.40ms, mfu 0.46%
model:LGT723D iter 4720: loss 2.8007, time 233.43ms, mfu 0.46%
model:LGT723D iter 4730: loss 2.9144, time 207.71ms, mfu 0.48%
model:LGT723D iter 4740: loss 2.2937, time 200.91ms, mfu 0.49%
------average encoder activity 1.645
-----------average decoder density 0.4919
step 4750: train loss 2.6628, val loss 2.5318
saving checkpoint to out-novel-char3_LGT723D_4d06c3ce0eb6b62233f4128fdb1c3b0f
model:LGT723D iter 4750: loss 3.0662, time 3931.18ms, mfu 0.44%
model:LGT723D iter 4760: loss 3.0828, time 253.80ms, mfu 0.45%
model:LGT723D iter 4770: loss 3.0747, time 182.53ms, mfu 0.47%
model:LGT723D iter 4780: loss 3.1075, time 247.05ms, mfu 0.47%
model:LGT723D iter 4790: loss 2.7253, time 253.77ms, mfu 0.47%
------average encoder activity 1.633
-----------average decoder density 0.4746
step 4800: train loss 2.6798, val loss 2.5416
saving checkpoint to out-novel-char3_LGT723D_4d06c3ce0eb6b62233f4128fdb1c3b0f
model:LGT723D iter 4800: loss 2.5778, time 3703.58ms, mfu 0.43%
model:LGT723D iter 4810: loss 2.5115, time 258.07ms, mfu 0.43%
model:LGT723D iter 4820: loss 2.7216, time 212.41ms, mfu 0.44%
model:LGT723D iter 4830: loss 2.9923, time 241.49ms, mfu 0.45%
model:LGT723D iter 4840: loss 2.9773, time 229.76ms, mfu 0.46%
------average encoder activity 1.633
-----------average decoder density 0.4806
step 4850: train loss 2.6766, val loss 2.5555
saving checkpoint to out-novel-char3_LGT723D_4d06c3ce0eb6b62233f4128fdb1c3b0f
model:LGT723D iter 4850: loss 2.3458, time 3540.86ms, mfu 0.41%
model:LGT723D iter 4860: loss 3.6137, time 235.06ms, mfu 0.42%
model:LGT723D iter 4870: loss 3.1808, time 235.30ms, mfu 0.43%
model:LGT723D iter 4880: loss 2.0823, time 239.95ms, mfu 0.44%
model:LGT723D iter 4890: loss 2.8506, time 241.66ms, mfu 0.44%
------average encoder activity 1.632
-----------average decoder density 0.4910
step 4900: train loss 2.6392, val loss 2.5190
saving checkpoint to out-novel-char3_LGT723D_4d06c3ce0eb6b62233f4128fdb1c3b0f
model:LGT723D iter 4900: loss 2.8406, time 3967.65ms, mfu 0.40%
model:LGT723D iter 4910: loss 2.7738, time 225.31ms, mfu 0.42%
model:LGT723D iter 4920: loss 2.3717, time 255.28ms, mfu 0.42%
model:LGT723D iter 4930: loss 2.7858, time 233.26ms, mfu 0.43%
model:LGT723D iter 4940: loss 2.8015, time 246.73ms, mfu 0.44%
------average encoder activity 1.618
-----------average decoder density 0.4844
step 4950: train loss 2.6897, val loss 2.5439
saving checkpoint to out-novel-char3_LGT723D_4d06c3ce0eb6b62233f4128fdb1c3b0f
model:LGT723D iter 4950: loss 2.1240, time 4152.08ms, mfu 0.40%
model:LGT723D iter 4960: loss 2.6851, time 192.76ms, mfu 0.42%
model:LGT723D iter 4970: loss 2.3478, time 239.34ms, mfu 0.43%
model:LGT723D iter 4980: loss 2.2939, time 195.46ms, mfu 0.45%
model:LGT723D iter 4990: loss 2.6070, time 232.90ms, mfu 0.45%
------average encoder activity 1.612
-----------average decoder density 0.4797
step 5000: train loss 2.6598, val loss 2.5126
saving checkpoint to out-novel-char3_LGT723D_4d06c3ce0eb6b62233f4128fdb1c3b0f
model:LGT723D iter 5000: loss 2.3663, time 4147.44ms, mfu 0.41%
model:LGT723D iter 5010: loss 2.8193, time 212.10ms, mfu 0.43%
model:LGT723D iter 5020: loss 2.0014, time 189.66ms, mfu 0.45%
model:LGT723D iter 5030: loss 2.8505, time 175.95ms, mfu 0.47%
model:LGT723D iter 5040: loss 2.6394, time 178.09ms, mfu 0.49%
------average encoder activity 1.606
-----------average decoder density 0.4810
step 5050: train loss 2.6321, val loss 2.5078
saving checkpoint to out-novel-char3_LGT723D_4d06c3ce0eb6b62233f4128fdb1c3b0f
model:LGT723D iter 5050: loss 3.1818, time 4209.41ms, mfu 0.44%
model:LGT723D iter 5060: loss 2.4279, time 234.06ms, mfu 0.45%
model:LGT723D iter 5070: loss 2.9442, time 239.68ms, mfu 0.46%
model:LGT723D iter 5080: loss 2.9562, time 181.49ms, mfu 0.48%
model:LGT723D iter 5090: loss 2.8144, time 189.65ms, mfu 0.49%
------average encoder activity 1.607
-----------average decoder density 0.4856
step 5100: train loss 2.6663, val loss 2.5267
saving checkpoint to out-novel-char3_LGT723D_4d06c3ce0eb6b62233f4128fdb1c3b0f
model:LGT723D iter 5100: loss 2.4618, time 3949.06ms, mfu 0.45%
model:LGT723D iter 5110: loss 3.2892, time 243.40ms, mfu 0.45%
model:LGT723D iter 5120: loss 2.5953, time 244.71ms, mfu 0.45%
model:LGT723D iter 5130: loss 2.3854, time 251.61ms, mfu 0.46%
model:LGT723D iter 5140: loss 2.1850, time 258.58ms, mfu 0.46%
------average encoder activity 1.609
-----------average decoder density 0.4893
step 5150: train loss 2.6529, val loss 2.5433
saving checkpoint to out-novel-char3_LGT723D_4d06c3ce0eb6b62233f4128fdb1c3b0f
model:LGT723D iter 5150: loss 2.3035, time 3671.47ms, mfu 0.42%
model:LGT723D iter 5160: loss 2.5949, time 245.17ms, mfu 0.42%
model:LGT723D iter 5170: loss 2.6465, time 186.72ms, mfu 0.44%
model:LGT723D iter 5180: loss 1.7351, time 259.28ms, mfu 0.45%
model:LGT723D iter 5190: loss 2.9375, time 241.75ms, mfu 0.45%
------average encoder activity 1.611
-----------average decoder density 0.4732
step 5200: train loss 2.6018, val loss 2.5440
saving checkpoint to out-novel-char3_LGT723D_4d06c3ce0eb6b62233f4128fdb1c3b0f
model:LGT723D iter 5200: loss 3.0342, time 3618.31ms, mfu 0.41%
model:LGT723D iter 5210: loss 2.3341, time 240.24ms, mfu 0.42%
model:LGT723D iter 5220: loss 2.3480, time 203.94ms, mfu 0.44%
model:LGT723D iter 5230: loss 3.1855, time 231.28ms, mfu 0.44%
model:LGT723D iter 5240: loss 3.1151, time 226.08ms, mfu 0.45%
------average encoder activity 1.607
-----------average decoder density 0.4878
step 5250: train loss 2.6765, val loss 2.5192
saving checkpoint to out-novel-char3_LGT723D_4d06c3ce0eb6b62233f4128fdb1c3b0f
model:LGT723D iter 5250: loss 2.6423, time 3973.79ms, mfu 0.41%
model:LGT723D iter 5260: loss 3.0954, time 215.46ms, mfu 0.42%
model:LGT723D iter 5270: loss 3.0895, time 195.99ms, mfu 0.44%
model:LGT723D iter 5280: loss 2.9243, time 245.85ms, mfu 0.45%
model:LGT723D iter 5290: loss 2.1086, time 216.46ms, mfu 0.46%
------average encoder activity 1.601
-----------average decoder density 0.4751
step 5300: train loss 2.5893, val loss 2.4837
saving checkpoint to out-novel-char3_LGT723D_4d06c3ce0eb6b62233f4128fdb1c3b0f
model:LGT723D iter 5300: loss 2.5656, time 4028.64ms, mfu 0.42%
model:LGT723D iter 5310: loss 2.7530, time 175.55ms, mfu 0.44%
model:LGT723D iter 5320: loss 2.2786, time 167.56ms, mfu 0.47%
model:LGT723D iter 5330: loss 2.2094, time 187.14ms, mfu 0.49%
model:LGT723D iter 5340: loss 3.0941, time 260.27ms, mfu 0.48%
------average encoder activity 1.590
-----------average decoder density 0.4811
step 5350: train loss 2.6151, val loss 2.5175
saving checkpoint to out-novel-char3_LGT723D_4d06c3ce0eb6b62233f4128fdb1c3b0f
model:LGT723D iter 5350: loss 1.9503, time 4122.00ms, mfu 0.44%
model:LGT723D iter 5360: loss 2.5302, time 240.92ms, mfu 0.44%
model:LGT723D iter 5370: loss 2.6496, time 185.39ms, mfu 0.47%
model:LGT723D iter 5380: loss 2.0567, time 182.94ms, mfu 0.48%
model:LGT723D iter 5390: loss 2.6121, time 245.14ms, mfu 0.48%
------average encoder activity 1.589
-----------average decoder density 0.4890
step 5400: train loss 2.6213, val loss 2.5092
saving checkpoint to out-novel-char3_LGT723D_4d06c3ce0eb6b62233f4128fdb1c3b0f
model:LGT723D iter 5400: loss 2.4725, time 4215.39ms, mfu 0.44%
model:LGT723D iter 5410: loss 2.5885, time 210.06ms, mfu 0.45%
model:LGT723D iter 5420: loss 2.0690, time 235.74ms, mfu 0.46%
model:LGT723D iter 5430: loss 2.8166, time 168.42ms, mfu 0.48%
model:LGT723D iter 5440: loss 2.5251, time 172.31ms, mfu 0.50%
------average encoder activity 1.582
-----------average decoder density 0.4669
step 5450: train loss 2.6081, val loss 2.4936
saving checkpoint to out-novel-char3_LGT723D_4d06c3ce0eb6b62233f4128fdb1c3b0f
model:LGT723D iter 5450: loss 2.5096, time 4258.57ms, mfu 0.46%
model:LGT723D iter 5460: loss 2.5407, time 246.72ms, mfu 0.46%
model:LGT723D iter 5470: loss 2.9277, time 251.50ms, mfu 0.46%
model:LGT723D iter 5480: loss 2.7826, time 168.98ms, mfu 0.49%
model:LGT723D iter 5490: loss 2.8694, time 165.58ms, mfu 0.51%
------average encoder activity 1.577
-----------average decoder density 0.4753
step 5500: train loss 2.6261, val loss 2.4771
saving checkpoint to out-novel-char3_LGT723D_4d06c3ce0eb6b62233f4128fdb1c3b0f
model:LGT723D iter 5500: loss 1.8769, time 4278.87ms, mfu 0.46%
model:LGT723D iter 5510: loss 3.0356, time 230.51ms, mfu 0.47%
model:LGT723D iter 5520: loss 3.0035, time 265.79ms, mfu 0.47%
model:LGT723D iter 5530: loss 2.4674, time 215.28ms, mfu 0.48%
model:LGT723D iter 5540: loss 2.7032, time 164.82ms, mfu 0.50%
------average encoder activity 1.566
-----------average decoder density 0.4923
step 5550: train loss 2.6169, val loss 2.5166
saving checkpoint to out-novel-char3_LGT723D_4d06c3ce0eb6b62233f4128fdb1c3b0f
model:LGT723D iter 5550: loss 2.4412, time 3814.82ms, mfu 0.45%
model:LGT723D iter 5560: loss 2.7011, time 244.05ms, mfu 0.46%
model:LGT723D iter 5570: loss 2.7384, time 237.11ms, mfu 0.46%
model:LGT723D iter 5580: loss 2.4717, time 254.26ms, mfu 0.46%
model:LGT723D iter 5590: loss 2.3455, time 233.44ms, mfu 0.47%
------average encoder activity 1.565
-----------average decoder density 0.4868
step 5600: train loss 2.6014, val loss 2.4746
saving checkpoint to out-novel-char3_LGT723D_4d06c3ce0eb6b62233f4128fdb1c3b0f
model:LGT723D iter 5600: loss 2.7714, time 3624.34ms, mfu 0.42%
model:LGT723D iter 5610: loss 2.3933, time 258.70ms, mfu 0.43%
model:LGT723D iter 5620: loss 2.7699, time 191.61ms, mfu 0.45%
model:LGT723D iter 5630: loss 2.6351, time 208.12ms, mfu 0.46%
model:LGT723D iter 5640: loss 3.2097, time 243.64ms, mfu 0.46%
------average encoder activity 1.559
-----------average decoder density 0.4789
step 5650: train loss 2.6152, val loss 2.5143
saving checkpoint to out-novel-char3_LGT723D_4d06c3ce0eb6b62233f4128fdb1c3b0f
model:LGT723D iter 5650: loss 2.2993, time 3816.62ms, mfu 0.42%
model:LGT723D iter 5660: loss 2.7657, time 255.51ms, mfu 0.43%
model:LGT723D iter 5670: loss 2.4762, time 197.05ms, mfu 0.44%
model:LGT723D iter 5680: loss 2.5010, time 256.05ms, mfu 0.45%
model:LGT723D iter 5690: loss 2.9312, time 243.79ms, mfu 0.45%
------average encoder activity 1.553
-----------average decoder density 0.4938
step 5700: train loss 2.6263, val loss 2.5090
saving checkpoint to out-novel-char3_LGT723D_4d06c3ce0eb6b62233f4128fdb1c3b0f
model:LGT723D iter 5700: loss 3.2104, time 4004.31ms, mfu 0.41%
model:LGT723D iter 5710: loss 1.9659, time 172.95ms, mfu 0.44%
model:LGT723D iter 5720: loss 2.4647, time 226.46ms, mfu 0.45%
model:LGT723D iter 5730: loss 3.0683, time 192.28ms, mfu 0.46%
model:LGT723D iter 5740: loss 3.3024, time 191.29ms, mfu 0.48%
------average encoder activity 1.551
-----------average decoder density 0.4692
step 5750: train loss 2.6169, val loss 2.4654
saving checkpoint to out-novel-char3_LGT723D_4d06c3ce0eb6b62233f4128fdb1c3b0f
model:LGT723D iter 5750: loss 2.8249, time 4174.34ms, mfu 0.44%
model:LGT723D iter 5760: loss 3.3234, time 174.38ms, mfu 0.46%
model:LGT723D iter 5770: loss 3.3542, time 190.71ms, mfu 0.48%
model:LGT723D iter 5780: loss 2.4097, time 150.43ms, mfu 0.51%
model:LGT723D iter 5790: loss 2.7018, time 246.63ms, mfu 0.51%
------average encoder activity 1.543
-----------average decoder density 0.4784
step 5800: train loss 2.5685, val loss 2.4638
saving checkpoint to out-novel-char3_LGT723D_4d06c3ce0eb6b62233f4128fdb1c3b0f
model:LGT723D iter 5800: loss 2.6383, time 4213.34ms, mfu 0.46%
model:LGT723D iter 5810: loss 2.6406, time 234.29ms, mfu 0.46%
model:LGT723D iter 5820: loss 1.6135, time 231.53ms, mfu 0.47%
model:LGT723D iter 5830: loss 2.1850, time 227.71ms, mfu 0.48%
model:LGT723D iter 5840: loss 2.2041, time 197.12ms, mfu 0.49%
------average encoder activity 1.535
-----------average decoder density 0.4925
step 5850: train loss 2.5998, val loss 2.4916
saving checkpoint to out-novel-char3_LGT723D_4d06c3ce0eb6b62233f4128fdb1c3b0f
model:LGT723D iter 5850: loss 2.7017, time 3947.63ms, mfu 0.44%
model:LGT723D iter 5860: loss 2.3794, time 251.76ms, mfu 0.45%
model:LGT723D iter 5870: loss 2.5955, time 230.68ms, mfu 0.45%
model:LGT723D iter 5880: loss 2.9162, time 169.73ms, mfu 0.48%
model:LGT723D iter 5890: loss 2.3097, time 171.27ms, mfu 0.50%
------average encoder activity 1.531
-----------average decoder density 0.4945
step 5900: train loss 2.6100, val loss 2.4707
saving checkpoint to out-novel-char3_LGT723D_4d06c3ce0eb6b62233f4128fdb1c3b0f
model:LGT723D iter 5900: loss 2.9422, time 3971.39ms, mfu 0.45%
model:LGT723D iter 5910: loss 1.9204, time 244.83ms, mfu 0.46%
model:LGT723D iter 5920: loss 1.9290, time 256.12ms, mfu 0.46%
model:LGT723D iter 5930: loss 2.8295, time 247.19ms, mfu 0.46%
model:LGT723D iter 5940: loss 3.0038, time 240.95ms, mfu 0.47%
------average encoder activity 1.525
-----------average decoder density 0.4811
step 5950: train loss 2.6311, val loss 2.4492
saving checkpoint to out-novel-char3_LGT723D_4d06c3ce0eb6b62233f4128fdb1c3b0f
model:LGT723D iter 5950: loss 2.8405, time 3727.84ms, mfu 0.42%
model:LGT723D iter 5960: loss 2.7292, time 232.60ms, mfu 0.43%
model:LGT723D iter 5970: loss 1.5665, time 242.08ms, mfu 0.44%
model:LGT723D iter 5980: loss 3.0501, time 244.82ms, mfu 0.44%
model:LGT723D iter 5990: loss 2.3003, time 239.77ms, mfu 0.45%
------average encoder activity 1.512
-----------average decoder density 0.4840
step 6000: train loss 2.5788, val loss 2.4749
saving checkpoint to out-novel-char3_LGT723D_4d06c3ce0eb6b62233f4128fdb1c3b0f
model:LGT723D iter 6000: loss 2.1155, time 3694.27ms, mfu 0.41%
model:LGT723D iter 6010: loss 2.9149, time 242.38ms, mfu 0.42%
model:LGT723D iter 6020: loss 2.6486, time 247.24ms, mfu 0.42%
model:LGT723D iter 6030: loss 2.4256, time 248.88ms, mfu 0.43%
model:LGT723D iter 6040: loss 2.9144, time 198.35ms, mfu 0.45%
------average encoder activity 1.497
-----------average decoder density 0.4698
step 6050: train loss 2.5652, val loss 2.4419
saving checkpoint to out-novel-char3_LGT723D_4d06c3ce0eb6b62233f4128fdb1c3b0f
model:LGT723D iter 6050: loss 2.9474, time 3635.00ms, mfu 0.41%
model:LGT723D iter 6060: loss 2.9510, time 196.63ms, mfu 0.43%
model:LGT723D iter 6070: loss 2.3925, time 234.60ms, mfu 0.43%
model:LGT723D iter 6080: loss 2.6401, time 247.74ms, mfu 0.44%
model:LGT723D iter 6090: loss 3.2154, time 247.33ms, mfu 0.44%
------average encoder activity 1.495
-----------average decoder density 0.4874
step 6100: train loss 2.5915, val loss 2.4458
saving checkpoint to out-novel-char3_LGT723D_4d06c3ce0eb6b62233f4128fdb1c3b0f
model:LGT723D iter 6100: loss 2.4835, time 3699.72ms, mfu 0.40%
model:LGT723D iter 6110: loss 1.9901, time 247.37ms, mfu 0.41%
model:LGT723D iter 6120: loss 2.6348, time 225.47ms, mfu 0.42%
model:LGT723D iter 6130: loss 2.5078, time 244.13ms, mfu 0.43%
model:LGT723D iter 6140: loss 2.7850, time 250.26ms, mfu 0.43%
------average encoder activity 1.488
-----------average decoder density 0.4708
step 6150: train loss 2.6081, val loss 2.4516
saving checkpoint to out-novel-char3_LGT723D_4d06c3ce0eb6b62233f4128fdb1c3b0f
model:LGT723D iter 6150: loss 2.0005, time 3869.82ms, mfu 0.39%
model:LGT723D iter 6160: loss 2.4388, time 177.14ms, mfu 0.42%
model:LGT723D iter 6170: loss 2.2323, time 198.61ms, mfu 0.44%
model:LGT723D iter 6180: loss 2.4279, time 238.86ms, mfu 0.45%
model:LGT723D iter 6190: loss 2.6295, time 257.48ms, mfu 0.45%
------average encoder activity 1.480
-----------average decoder density 0.4934
step 6200: train loss 2.6116, val loss 2.4743
saving checkpoint to out-novel-char3_LGT723D_4d06c3ce0eb6b62233f4128fdb1c3b0f
model:LGT723D iter 6200: loss 2.1581, time 4267.02ms, mfu 0.41%
model:LGT723D iter 6210: loss 2.6104, time 167.45ms, mfu 0.44%
model:LGT723D iter 6220: loss 2.9625, time 176.90ms, mfu 0.46%
model:LGT723D iter 6230: loss 2.1873, time 243.48ms, mfu 0.46%
model:LGT723D iter 6240: loss 1.9759, time 193.84ms, mfu 0.48%
------average encoder activity 1.470
-----------average decoder density 0.4767
step 6250: train loss 2.5865, val loss 2.4477
saving checkpoint to out-novel-char3_LGT723D_4d06c3ce0eb6b62233f4128fdb1c3b0f
model:LGT723D iter 6250: loss 3.0650, time 4405.94ms, mfu 0.44%
model:LGT723D iter 6260: loss 2.4576, time 246.64ms, mfu 0.44%
model:LGT723D iter 6270: loss 2.5193, time 187.12ms, mfu 0.46%
model:LGT723D iter 6280: loss 3.0001, time 170.60ms, mfu 0.48%
model:LGT723D iter 6290: loss 2.5583, time 234.93ms, mfu 0.49%
------average encoder activity 1.460
-----------average decoder density 0.4823
step 6300: train loss 2.5907, val loss 2.4692
saving checkpoint to out-novel-char3_LGT723D_4d06c3ce0eb6b62233f4128fdb1c3b0f
model:LGT723D iter 6300: loss 3.1956, time 4413.73ms, mfu 0.44%
model:LGT723D iter 6310: loss 2.8431, time 246.75ms, mfu 0.45%
model:LGT723D iter 6320: loss 2.7143, time 203.20ms, mfu 0.46%
model:LGT723D iter 6330: loss 2.7476, time 188.98ms, mfu 0.48%
model:LGT723D iter 6340: loss 2.1760, time 170.06ms, mfu 0.50%
------average encoder activity 1.454
-----------average decoder density 0.4939
step 6350: train loss 2.5947, val loss 2.4467
saving checkpoint to out-novel-char3_LGT723D_4d06c3ce0eb6b62233f4128fdb1c3b0f
model:LGT723D iter 6350: loss 2.8677, time 4050.36ms, mfu 0.45%
model:LGT723D iter 6360: loss 2.8613, time 234.90ms, mfu 0.46%
model:LGT723D iter 6370: loss 2.9078, time 184.39ms, mfu 0.48%
model:LGT723D iter 6380: loss 2.7904, time 179.00ms, mfu 0.50%
model:LGT723D iter 6390: loss 2.7854, time 186.37ms, mfu 0.51%
------average encoder activity 1.445
-----------average decoder density 0.4816
step 6400: train loss 2.6085, val loss 2.4704
saving checkpoint to out-novel-char3_LGT723D_4d06c3ce0eb6b62233f4128fdb1c3b0f
model:LGT723D iter 6400: loss 2.4698, time 3670.76ms, mfu 0.46%
model:LGT723D iter 6410: loss 2.7568, time 250.89ms, mfu 0.47%
model:LGT723D iter 6420: loss 2.1860, time 244.94ms, mfu 0.47%
model:LGT723D iter 6430: loss 2.3944, time 204.99ms, mfu 0.48%
model:LGT723D iter 6440: loss 2.8347, time 208.04ms, mfu 0.49%
------average encoder activity 1.441
-----------average decoder density 0.4917
step 6450: train loss 2.6179, val loss 2.3898
saving checkpoint to out-novel-char3_LGT723D_4d06c3ce0eb6b62233f4128fdb1c3b0f
model:LGT723D iter 6450: loss 2.8769, time 3753.09ms, mfu 0.44%
model:LGT723D iter 6460: loss 2.3466, time 250.63ms, mfu 0.45%
model:LGT723D iter 6470: loss 2.0010, time 245.37ms, mfu 0.45%
model:LGT723D iter 6480: loss 2.4916, time 235.85ms, mfu 0.46%
model:LGT723D iter 6490: loss 2.4852, time 276.01ms, mfu 0.45%
------average encoder activity 1.424
-----------average decoder density 0.4875
step 6500: train loss 2.6119, val loss 2.4476
saving checkpoint to out-novel-char3_LGT723D_4d06c3ce0eb6b62233f4128fdb1c3b0f
model:LGT723D iter 6500: loss 2.3928, time 3810.18ms, mfu 0.41%
model:LGT723D iter 6510: loss 2.1903, time 233.29ms, mfu 0.42%
model:LGT723D iter 6520: loss 2.7816, time 267.18ms, mfu 0.43%
model:LGT723D iter 6530: loss 2.5015, time 190.51ms, mfu 0.45%
model:LGT723D iter 6540: loss 2.1709, time 227.70ms, mfu 0.45%
------average encoder activity 1.411
-----------average decoder density 0.4862
step 6550: train loss 2.5518, val loss 2.4485
saving checkpoint to out-novel-char3_LGT723D_4d06c3ce0eb6b62233f4128fdb1c3b0f
model:LGT723D iter 6550: loss 2.3246, time 4154.13ms, mfu 0.41%
model:LGT723D iter 6560: loss 2.4316, time 179.65ms, mfu 0.44%
model:LGT723D iter 6570: loss 2.3517, time 242.42ms, mfu 0.44%
model:LGT723D iter 6580: loss 2.1586, time 239.46ms, mfu 0.45%
model:LGT723D iter 6590: loss 2.9292, time 225.82ms, mfu 0.46%
------average encoder activity 1.389
-----------average decoder density 0.5018
step 6600: train loss 2.5649, val loss 2.4019
saving checkpoint to out-novel-char3_LGT723D_4d06c3ce0eb6b62233f4128fdb1c3b0f
model:LGT723D iter 6600: loss 2.5227, time 4339.42ms, mfu 0.41%
model:LGT723D iter 6610: loss 2.9763, time 169.22ms, mfu 0.44%
model:LGT723D iter 6620: loss 2.9639, time 170.22ms, mfu 0.47%
model:LGT723D iter 6630: loss 2.4237, time 250.43ms, mfu 0.47%
model:LGT723D iter 6640: loss 2.2557, time 227.61ms, mfu 0.48%
------average encoder activity 1.380
-----------average decoder density 0.4769
step 6650: train loss 2.5970, val loss 2.4622
saving checkpoint to out-novel-char3_LGT723D_4d06c3ce0eb6b62233f4128fdb1c3b0f
model:LGT723D iter 6650: loss 2.4477, time 4420.21ms, mfu 0.43%
model:LGT723D iter 6660: loss 2.5324, time 166.95ms, mfu 0.46%
model:LGT723D iter 6670: loss 1.7856, time 179.88ms, mfu 0.48%
model:LGT723D iter 6680: loss 2.2726, time 170.70ms, mfu 0.50%
model:LGT723D iter 6690: loss 1.9706, time 254.48ms, mfu 0.50%
------average encoder activity 1.381
-----------average decoder density 0.4915
step 6700: train loss 2.5838, val loss 2.4390
saving checkpoint to out-novel-char3_LGT723D_4d06c3ce0eb6b62233f4128fdb1c3b0f
model:LGT723D iter 6700: loss 2.8478, time 4290.75ms, mfu 0.45%
model:LGT723D iter 6710: loss 2.0519, time 233.38ms, mfu 0.46%
model:LGT723D iter 6720: loss 2.1885, time 182.90ms, mfu 0.48%
model:LGT723D iter 6730: loss 2.7377, time 187.17ms, mfu 0.49%
model:LGT723D iter 6740: loss 2.4220, time 184.17ms, mfu 0.51%
------average encoder activity 1.367
-----------average decoder density 0.4983
step 6750: train loss 2.5321, val loss 2.4129
saving checkpoint to out-novel-char3_LGT723D_4d06c3ce0eb6b62233f4128fdb1c3b0f
model:LGT723D iter 6750: loss 2.0936, time 4216.24ms, mfu 0.46%
model:LGT723D iter 6760: loss 2.5755, time 261.33ms, mfu 0.46%
model:LGT723D iter 6770: loss 2.6472, time 192.91ms, mfu 0.48%
model:LGT723D iter 6780: loss 2.7585, time 186.31ms, mfu 0.49%
model:LGT723D iter 6790: loss 3.0047, time 193.15ms, mfu 0.51%
------average encoder activity 1.357
-----------average decoder density 0.4785
step 6800: train loss 2.5767, val loss 2.4298
saving checkpoint to out-novel-char3_LGT723D_4d06c3ce0eb6b62233f4128fdb1c3b0f
model:LGT723D iter 6800: loss 2.5797, time 4236.48ms, mfu 0.46%
model:LGT723D iter 6810: loss 2.5092, time 260.63ms, mfu 0.46%
model:LGT723D iter 6820: loss 2.2851, time 248.55ms, mfu 0.46%
model:LGT723D iter 6830: loss 3.0367, time 195.41ms, mfu 0.48%
model:LGT723D iter 6840: loss 2.7709, time 187.27ms, mfu 0.49%
------average encoder activity 1.341
-----------average decoder density 0.4806
step 6850: train loss 2.5565, val loss 2.4374
saving checkpoint to out-novel-char3_LGT723D_4d06c3ce0eb6b62233f4128fdb1c3b0f
model:LGT723D iter 6850: loss 2.5788, time 4054.84ms, mfu 0.45%
model:LGT723D iter 6860: loss 2.4463, time 223.32ms, mfu 0.46%
model:LGT723D iter 6870: loss 2.1835, time 236.36ms, mfu 0.46%
model:LGT723D iter 6880: loss 2.9771, time 210.29ms, mfu 0.47%
model:LGT723D iter 6890: loss 2.4242, time 187.46ms, mfu 0.49%
------average encoder activity 1.327
-----------average decoder density 0.4985
step 6900: train loss 2.5202, val loss 2.4509
saving checkpoint to out-novel-char3_LGT723D_4d06c3ce0eb6b62233f4128fdb1c3b0f
model:LGT723D iter 6900: loss 2.2767, time 3656.61ms, mfu 0.44%
model:LGT723D iter 6910: loss 2.2085, time 217.99ms, mfu 0.45%
model:LGT723D iter 6920: loss 2.6427, time 247.04ms, mfu 0.46%
model:LGT723D iter 6930: loss 2.4286, time 240.50ms, mfu 0.46%
model:LGT723D iter 6940: loss 2.6782, time 230.54ms, mfu 0.47%
------average encoder activity 1.314
-----------average decoder density 0.4795
step 6950: train loss 2.5654, val loss 2.4261
saving checkpoint to out-novel-char3_LGT723D_4d06c3ce0eb6b62233f4128fdb1c3b0f
model:LGT723D iter 6950: loss 2.8709, time 3849.98ms, mfu 0.42%
model:LGT723D iter 6960: loss 2.6591, time 233.58ms, mfu 0.43%
model:LGT723D iter 6970: loss 2.5744, time 231.79ms, mfu 0.44%
model:LGT723D iter 6980: loss 2.2730, time 247.60ms, mfu 0.45%
model:LGT723D iter 6990: loss 3.2363, time 243.43ms, mfu 0.45%
------average encoder activity 1.290
-----------average decoder density 0.4787
step 7000: train loss 2.5607, val loss 2.4019
saving checkpoint to out-novel-char3_LGT723D_4d06c3ce0eb6b62233f4128fdb1c3b0f
model:LGT723D iter 7000: loss 2.2820, time 3987.80ms, mfu 0.41%
model:LGT723D iter 7010: loss 2.8011, time 221.86ms, mfu 0.42%
model:LGT723D iter 7020: loss 2.6987, time 204.12ms, mfu 0.44%
model:LGT723D iter 7030: loss 2.5458, time 209.06ms, mfu 0.45%
model:LGT723D iter 7040: loss 2.6278, time 198.65ms, mfu 0.47%
------average encoder activity 1.279
-----------average decoder density 0.4949
step 7050: train loss 2.6120, val loss 2.4377
saving checkpoint to out-novel-char3_LGT723D_4d06c3ce0eb6b62233f4128fdb1c3b0f
model:LGT723D iter 7050: loss 3.1585, time 4228.14ms, mfu 0.42%
model:LGT723D iter 7060: loss 3.0295, time 188.66ms, mfu 0.44%
model:LGT723D iter 7070: loss 1.8253, time 182.83ms, mfu 0.47%
model:LGT723D iter 7080: loss 2.8365, time 179.56ms, mfu 0.49%
model:LGT723D iter 7090: loss 2.2165, time 258.15ms, mfu 0.48%
------average encoder activity 1.268
-----------average decoder density 0.4910
step 7100: train loss 2.5764, val loss 2.4439
saving checkpoint to out-novel-char3_LGT723D_4d06c3ce0eb6b62233f4128fdb1c3b0f
model:LGT723D iter 7100: loss 1.9530, time 4140.81ms, mfu 0.44%
model:LGT723D iter 7110: loss 2.3181, time 243.28ms, mfu 0.44%
model:LGT723D iter 7120: loss 2.2956, time 177.88ms, mfu 0.47%
model:LGT723D iter 7130: loss 2.5124, time 167.76ms, mfu 0.49%
model:LGT723D iter 7140: loss 2.4357, time 234.20ms, mfu 0.49%
------average encoder activity 1.253
-----------average decoder density 0.4788
step 7150: train loss 2.5545, val loss 2.4115
saving checkpoint to out-novel-char3_LGT723D_4d06c3ce0eb6b62233f4128fdb1c3b0f
model:LGT723D iter 7150: loss 2.2688, time 4223.35ms, mfu 0.45%
model:LGT723D iter 7160: loss 2.9835, time 280.21ms, mfu 0.45%
model:LGT723D iter 7170: loss 3.1346, time 254.47ms, mfu 0.45%
model:LGT723D iter 7180: loss 2.7413, time 164.66ms, mfu 0.48%
model:LGT723D iter 7190: loss 2.7566, time 180.18ms, mfu 0.50%
------average encoder activity 1.240
-----------average decoder density 0.4755
step 7200: train loss 2.5392, val loss 2.4446
saving checkpoint to out-novel-char3_LGT723D_4d06c3ce0eb6b62233f4128fdb1c3b0f
model:LGT723D iter 7200: loss 2.9791, time 4461.06ms, mfu 0.45%
model:LGT723D iter 7210: loss 2.9473, time 218.38ms, mfu 0.46%
model:LGT723D iter 7220: loss 2.2942, time 199.19ms, mfu 0.47%
model:LGT723D iter 7230: loss 3.0167, time 245.15ms, mfu 0.47%
model:LGT723D iter 7240: loss 2.7502, time 194.37ms, mfu 0.49%
------average encoder activity 1.238
-----------average decoder density 0.4793
step 7250: train loss 2.5255, val loss 2.4421
saving checkpoint to out-novel-char3_LGT723D_4d06c3ce0eb6b62233f4128fdb1c3b0f
model:LGT723D iter 7250: loss 2.4056, time 3844.49ms, mfu 0.44%
model:LGT723D iter 7260: loss 2.8728, time 254.47ms, mfu 0.45%
model:LGT723D iter 7270: loss 2.1410, time 208.09ms, mfu 0.46%
model:LGT723D iter 7280: loss 2.3272, time 190.89ms, mfu 0.48%
model:LGT723D iter 7290: loss 2.1707, time 244.26ms, mfu 0.48%
------average encoder activity 1.225
-----------average decoder density 0.4784
step 7300: train loss 2.5509, val loss 2.4423
saving checkpoint to out-novel-char3_LGT723D_4d06c3ce0eb6b62233f4128fdb1c3b0f
model:LGT723D iter 7300: loss 1.9212, time 3631.94ms, mfu 0.43%
model:LGT723D iter 7310: loss 2.8378, time 244.39ms, mfu 0.44%
model:LGT723D iter 7320: loss 3.2884, time 247.43ms, mfu 0.44%
model:LGT723D iter 7330: loss 2.4135, time 233.68ms, mfu 0.45%
model:LGT723D iter 7340: loss 2.8368, time 233.85ms, mfu 0.46%
------average encoder activity 1.212
-----------average decoder density 0.4919
step 7350: train loss 2.5229, val loss 2.4270
saving checkpoint to out-novel-char3_LGT723D_4d06c3ce0eb6b62233f4128fdb1c3b0f
model:LGT723D iter 7350: loss 2.8261, time 3798.91ms, mfu 0.41%
model:LGT723D iter 7360: loss 2.3762, time 243.23ms, mfu 0.42%
model:LGT723D iter 7370: loss 2.3461, time 213.47ms, mfu 0.44%
model:LGT723D iter 7380: loss 2.8974, time 205.85ms, mfu 0.45%
model:LGT723D iter 7390: loss 3.2296, time 253.10ms, mfu 0.45%
------average encoder activity 1.189
-----------average decoder density 0.4971
step 7400: train loss 2.5097, val loss 2.4231
saving checkpoint to out-novel-char3_LGT723D_4d06c3ce0eb6b62233f4128fdb1c3b0f
model:LGT723D iter 7400: loss 2.2306, time 4184.82ms, mfu 0.41%
model:LGT723D iter 7410: loss 2.2122, time 180.57ms, mfu 0.44%
model:LGT723D iter 7420: loss 2.4834, time 210.63ms, mfu 0.45%
model:LGT723D iter 7430: loss 2.2111, time 246.39ms, mfu 0.45%
model:LGT723D iter 7440: loss 2.7329, time 256.69ms, mfu 0.45%
------average encoder activity 1.183
-----------average decoder density 0.4801
step 7450: train loss 2.5355, val loss 2.3734
saving checkpoint to out-novel-char3_LGT723D_4d06c3ce0eb6b62233f4128fdb1c3b0f
model:LGT723D iter 7450: loss 2.8948, time 4232.77ms, mfu 0.41%
model:LGT723D iter 7460: loss 2.6711, time 195.80ms, mfu 0.43%
model:LGT723D iter 7470: loss 2.2214, time 182.39ms, mfu 0.45%
model:LGT723D iter 7480: loss 2.3768, time 194.43ms, mfu 0.47%
model:LGT723D iter 7490: loss 2.4807, time 242.57ms, mfu 0.47%
------average encoder activity 1.174
-----------average decoder density 0.4780
step 7500: train loss 2.5754, val loss 2.3986
saving checkpoint to out-novel-char3_LGT723D_4d06c3ce0eb6b62233f4128fdb1c3b0f
model:LGT723D iter 7500: loss 2.6706, time 4116.43ms, mfu 0.43%
model:LGT723D iter 7510: loss 2.5981, time 244.41ms, mfu 0.44%
model:LGT723D iter 7520: loss 2.4449, time 224.79ms, mfu 0.44%
model:LGT723D iter 7530: loss 2.9618, time 233.88ms, mfu 0.45%
model:LGT723D iter 7540: loss 2.3728, time 251.32ms, mfu 0.45%
------average encoder activity 1.154
-----------average decoder density 0.4945
step 7550: train loss 2.5055, val loss 2.3896
saving checkpoint to out-novel-char3_LGT723D_4d06c3ce0eb6b62233f4128fdb1c3b0f
model:LGT723D iter 7550: loss 2.0372, time 3922.74ms, mfu 0.41%
model:LGT723D iter 7560: loss 2.1761, time 252.48ms, mfu 0.42%
model:LGT723D iter 7570: loss 2.3625, time 216.38ms, mfu 0.43%
model:LGT723D iter 7580: loss 1.5428, time 185.55ms, mfu 0.45%
model:LGT723D iter 7590: loss 2.5384, time 175.91ms, mfu 0.48%
------average encoder activity 1.144
-----------average decoder density 0.4802
step 7600: train loss 2.5520, val loss 2.4119
saving checkpoint to out-novel-char3_LGT723D_4d06c3ce0eb6b62233f4128fdb1c3b0f
model:LGT723D iter 7600: loss 2.8554, time 4327.69ms, mfu 0.43%
model:LGT723D iter 7610: loss 2.4049, time 244.24ms, mfu 0.44%
model:LGT723D iter 7620: loss 2.3867, time 230.45ms, mfu 0.45%
model:LGT723D iter 7630: loss 2.9238, time 195.31ms, mfu 0.46%
model:LGT723D iter 7640: loss 2.7536, time 179.37ms, mfu 0.48%
------average encoder activity 1.129
-----------average decoder density 0.4877
step 7650: train loss 2.5113, val loss 2.4274
saving checkpoint to out-novel-char3_LGT723D_4d06c3ce0eb6b62233f4128fdb1c3b0f
model:LGT723D iter 7650: loss 1.4470, time 3844.71ms, mfu 0.44%
model:LGT723D iter 7660: loss 2.8212, time 250.71ms, mfu 0.44%
model:LGT723D iter 7670: loss 2.3812, time 247.01ms, mfu 0.45%
model:LGT723D iter 7680: loss 2.4744, time 233.82ms, mfu 0.45%
model:LGT723D iter 7690: loss 2.7725, time 248.14ms, mfu 0.46%
------average encoder activity 1.120
-----------average decoder density 0.4943
step 7700: train loss 2.5418, val loss 2.3879
saving checkpoint to out-novel-char3_LGT723D_4d06c3ce0eb6b62233f4128fdb1c3b0f
model:LGT723D iter 7700: loss 3.0224, time 3764.66ms, mfu 0.41%
model:LGT723D iter 7710: loss 3.1574, time 242.97ms, mfu 0.42%
model:LGT723D iter 7720: loss 2.6053, time 243.97ms, mfu 0.43%
model:LGT723D iter 7730: loss 2.2596, time 210.62ms, mfu 0.44%
model:LGT723D iter 7740: loss 2.1788, time 243.02ms, mfu 0.45%
------average encoder activity 1.111
-----------average decoder density 0.4656
step 7750: train loss 2.5162, val loss 2.3735
saving checkpoint to out-novel-char3_LGT723D_4d06c3ce0eb6b62233f4128fdb1c3b0f
model:LGT723D iter 7750: loss 2.9550, time 3687.62ms, mfu 0.41%
model:LGT723D iter 7760: loss 2.7093, time 250.45ms, mfu 0.41%
model:LGT723D iter 7770: loss 2.4135, time 254.40ms, mfu 0.42%
model:LGT723D iter 7780: loss 2.8625, time 197.41ms, mfu 0.44%
model:LGT723D iter 7790: loss 2.9847, time 213.04ms, mfu 0.45%
------average encoder activity 1.081
-----------average decoder density 0.4793
step 7800: train loss 2.5314, val loss 2.3463
saving checkpoint to out-novel-char3_LGT723D_4d06c3ce0eb6b62233f4128fdb1c3b0f
model:LGT723D iter 7800: loss 2.6229, time 4172.43ms, mfu 0.41%
model:LGT723D iter 7810: loss 2.4629, time 195.65ms, mfu 0.43%
model:LGT723D iter 7820: loss 1.8258, time 251.08ms, mfu 0.43%
model:LGT723D iter 7830: loss 2.3909, time 263.42ms, mfu 0.44%
model:LGT723D iter 7840: loss 2.2734, time 246.04ms, mfu 0.44%
------average encoder activity 1.065
-----------average decoder density 0.4694
step 7850: train loss 2.4822, val loss 2.3946
saving checkpoint to out-novel-char3_LGT723D_4d06c3ce0eb6b62233f4128fdb1c3b0f
model:LGT723D iter 7850: loss 2.3764, time 4387.27ms, mfu 0.40%
model:LGT723D iter 7860: loss 2.8308, time 183.33ms, mfu 0.43%
model:LGT723D iter 7870: loss 1.9562, time 170.57ms, mfu 0.45%
model:LGT723D iter 7880: loss 2.4550, time 212.35ms, mfu 0.46%
model:LGT723D iter 7890: loss 3.5737, time 193.87ms, mfu 0.48%
------average encoder activity 1.072
-----------average decoder density 0.4925
step 7900: train loss 2.4912, val loss 2.3991
saving checkpoint to out-novel-char3_LGT723D_4d06c3ce0eb6b62233f4128fdb1c3b0f
model:LGT723D iter 7900: loss 2.3562, time 4216.51ms, mfu 0.43%
model:LGT723D iter 7910: loss 2.0051, time 229.73ms, mfu 0.44%
model:LGT723D iter 7920: loss 1.8817, time 243.37ms, mfu 0.45%
model:LGT723D iter 7930: loss 2.8092, time 176.30ms, mfu 0.47%
model:LGT723D iter 7940: loss 3.0458, time 256.05ms, mfu 0.47%
------average encoder activity 1.066
-----------average decoder density 0.4675
step 7950: train loss 2.5066, val loss 2.4089
saving checkpoint to out-novel-char3_LGT723D_4d06c3ce0eb6b62233f4128fdb1c3b0f
model:LGT723D iter 7950: loss 2.4383, time 4391.25ms, mfu 0.43%
model:LGT723D iter 7960: loss 2.1027, time 193.17ms, mfu 0.45%
model:LGT723D iter 7970: loss 2.5398, time 187.99ms, mfu 0.47%
model:LGT723D iter 7980: loss 2.6325, time 186.58ms, mfu 0.48%
model:LGT723D iter 7990: loss 2.1786, time 186.64ms, mfu 0.50%
------average encoder activity 1.052
-----------average decoder density 0.4862
step 8000: train loss 2.5145, val loss 2.4543
saving checkpoint to out-novel-char3_LGT723D_4d06c3ce0eb6b62233f4128fdb1c3b0f
model:LGT723D iter 8000: loss 2.5427, time 4041.45ms, mfu 0.45%
model:LGT723D iter 8010: loss 2.7321, time 258.67ms, mfu 0.45%
model:LGT723D iter 8020: loss 3.2008, time 238.07ms, mfu 0.46%
model:LGT723D iter 8030: loss 2.5425, time 213.45ms, mfu 0.47%
model:LGT723D iter 8040: loss 2.3775, time 236.47ms, mfu 0.47%
------average encoder activity 1.046
-----------average decoder density 0.4766
step 8050: train loss 2.5137, val loss 2.4197
saving checkpoint to out-novel-char3_LGT723D_4d06c3ce0eb6b62233f4128fdb1c3b0f
model:LGT723D iter 8050: loss 2.5991, time 4011.76ms, mfu 0.43%
model:LGT723D iter 8060: loss 2.0794, time 251.60ms, mfu 0.43%
model:LGT723D iter 8070: loss 2.4826, time 217.23ms, mfu 0.45%
model:LGT723D iter 8080: loss 2.7998, time 212.04ms, mfu 0.46%
model:LGT723D iter 8090: loss 2.3355, time 227.69ms, mfu 0.46%
------average encoder activity 1.033
-----------average decoder density 0.4727
step 8100: train loss 2.5026, val loss 2.3946
saving checkpoint to out-novel-char3_LGT723D_4d06c3ce0eb6b62233f4128fdb1c3b0f
model:LGT723D iter 8100: loss 2.3988, time 3948.02ms, mfu 0.42%
model:LGT723D iter 8110: loss 2.4344, time 251.84ms, mfu 0.43%
model:LGT723D iter 8120: loss 2.4755, time 196.76ms, mfu 0.44%
model:LGT723D iter 8130: loss 2.6617, time 230.53ms, mfu 0.45%
model:LGT723D iter 8140: loss 2.6834, time 231.25ms, mfu 0.46%
------average encoder activity 1.024
-----------average decoder density 0.4765
step 8150: train loss 2.4944, val loss 2.3920
saving checkpoint to out-novel-char3_LGT723D_4d06c3ce0eb6b62233f4128fdb1c3b0f
model:LGT723D iter 8150: loss 2.8151, time 4339.93ms, mfu 0.42%
model:LGT723D iter 8160: loss 2.4897, time 203.57ms, mfu 0.43%
model:LGT723D iter 8170: loss 2.4385, time 213.04ms, mfu 0.45%
model:LGT723D iter 8180: loss 2.2898, time 224.75ms, mfu 0.45%
model:LGT723D iter 8190: loss 3.0068, time 223.64ms, mfu 0.46%
------average encoder activity 1.007
-----------average decoder density 0.4969
step 8200: train loss 2.5166, val loss 2.3798
saving checkpoint to out-novel-char3_LGT723D_4d06c3ce0eb6b62233f4128fdb1c3b0f
model:LGT723D iter 8200: loss 2.8887, time 4317.69ms, mfu 0.42%
model:LGT723D iter 8210: loss 2.9085, time 207.94ms, mfu 0.44%
model:LGT723D iter 8220: loss 1.4632, time 222.75ms, mfu 0.45%
model:LGT723D iter 8230: loss 2.3832, time 201.88ms, mfu 0.46%
model:LGT723D iter 8240: loss 1.8027, time 210.76ms, mfu 0.47%
------average encoder activity 0.992
-----------average decoder density 0.4726
step 8250: train loss 2.4729, val loss 2.3583
saving checkpoint to out-novel-char3_LGT723D_4d06c3ce0eb6b62233f4128fdb1c3b0f
model:LGT723D iter 8250: loss 2.3687, time 4402.73ms, mfu 0.43%
model:LGT723D iter 8260: loss 3.1609, time 196.02ms, mfu 0.45%
model:LGT723D iter 8270: loss 2.8770, time 226.72ms, mfu 0.45%
model:LGT723D iter 8280: loss 2.4877, time 231.07ms, mfu 0.46%
model:LGT723D iter 8290: loss 2.1219, time 209.57ms, mfu 0.47%
------average encoder activity 0.977
-----------average decoder density 0.4788
step 8300: train loss 2.4925, val loss 2.3967
saving checkpoint to out-novel-char3_LGT723D_4d06c3ce0eb6b62233f4128fdb1c3b0f
model:LGT723D iter 8300: loss 2.6275, time 4015.33ms, mfu 0.43%
model:LGT723D iter 8310: loss 2.3092, time 218.03ms, mfu 0.44%
model:LGT723D iter 8320: loss 2.5935, time 215.46ms, mfu 0.45%
model:LGT723D iter 8330: loss 2.7039, time 238.72ms, mfu 0.46%
model:LGT723D iter 8340: loss 2.5909, time 218.22ms, mfu 0.47%
------average encoder activity 0.965
-----------average decoder density 0.4826
step 8350: train loss 2.5121, val loss 2.4152
saving checkpoint to out-novel-char3_LGT723D_4d06c3ce0eb6b62233f4128fdb1c3b0f
model:LGT723D iter 8350: loss 3.1451, time 4356.01ms, mfu 0.42%
model:LGT723D iter 8360: loss 2.6424, time 199.73ms, mfu 0.44%
model:LGT723D iter 8370: loss 2.4068, time 241.92ms, mfu 0.45%
model:LGT723D iter 8380: loss 2.6755, time 240.40ms, mfu 0.45%
model:LGT723D iter 8390: loss 2.3963, time 212.97ms, mfu 0.46%
------average encoder activity 0.957
-----------average decoder density 0.4974
step 8400: train loss 2.5520, val loss 2.3853
saving checkpoint to out-novel-char3_LGT723D_4d06c3ce0eb6b62233f4128fdb1c3b0f
model:LGT723D iter 8400: loss 2.7105, time 4362.03ms, mfu 0.42%
model:LGT723D iter 8410: loss 2.4983, time 227.30ms, mfu 0.43%
model:LGT723D iter 8420: loss 3.2797, time 200.19ms, mfu 0.45%
model:LGT723D iter 8430: loss 2.3579, time 211.17ms, mfu 0.46%
model:LGT723D iter 8440: loss 2.6764, time 196.19ms, mfu 0.47%
------average encoder activity 0.942
-----------average decoder density 0.4814
step 8450: train loss 2.4974, val loss 2.4135
saving checkpoint to out-novel-char3_LGT723D_4d06c3ce0eb6b62233f4128fdb1c3b0f
model:LGT723D iter 8450: loss 2.6518, time 4342.02ms, mfu 0.43%
model:LGT723D iter 8460: loss 2.9703, time 229.90ms, mfu 0.44%
model:LGT723D iter 8470: loss 3.0705, time 230.25ms, mfu 0.45%
model:LGT723D iter 8480: loss 2.3657, time 198.18ms, mfu 0.46%
model:LGT723D iter 8490: loss 1.6281, time 205.41ms, mfu 0.47%
------average encoder activity 0.934
-----------average decoder density 0.4790
step 8500: train loss 2.4866, val loss 2.3821
saving checkpoint to out-novel-char3_LGT723D_4d06c3ce0eb6b62233f4128fdb1c3b0f
model:LGT723D iter 8500: loss 1.6048, time 4052.32ms, mfu 0.43%
model:LGT723D iter 8510: loss 2.4978, time 217.74ms, mfu 0.44%
model:LGT723D iter 8520: loss 2.8842, time 229.36ms, mfu 0.45%
model:LGT723D iter 8530: loss 1.5898, time 206.50ms, mfu 0.46%
model:LGT723D iter 8540: loss 2.4663, time 235.50ms, mfu 0.47%
------average encoder activity 0.921
-----------average decoder density 0.4727
step 8550: train loss 2.5238, val loss 2.3480
saving checkpoint to out-novel-char3_LGT723D_4d06c3ce0eb6b62233f4128fdb1c3b0f
model:LGT723D iter 8550: loss 2.7237, time 4060.36ms, mfu 0.42%
model:LGT723D iter 8560: loss 2.3338, time 228.09ms, mfu 0.43%
model:LGT723D iter 8570: loss 2.5068, time 231.52ms, mfu 0.44%
model:LGT723D iter 8580: loss 2.1211, time 211.65ms, mfu 0.46%
model:LGT723D iter 8590: loss 2.5145, time 237.72ms, mfu 0.46%
------average encoder activity 0.889
-----------average decoder density 0.4845
step 8600: train loss 2.5187, val loss 2.3900
saving checkpoint to out-novel-char3_LGT723D_4d06c3ce0eb6b62233f4128fdb1c3b0f
model:LGT723D iter 8600: loss 2.5513, time 4153.96ms, mfu 0.42%
model:LGT723D iter 8610: loss 3.0130, time 210.14ms, mfu 0.43%
model:LGT723D iter 8620: loss 2.5364, time 213.92ms, mfu 0.45%
model:LGT723D iter 8630: loss 1.9072, time 202.13ms, mfu 0.46%
model:LGT723D iter 8640: loss 2.5795, time 232.34ms, mfu 0.47%
------average encoder activity 0.874
-----------average decoder density 0.4788
step 8650: train loss 2.4776, val loss 2.3613
saving checkpoint to out-novel-char3_LGT723D_4d06c3ce0eb6b62233f4128fdb1c3b0f
model:LGT723D iter 8650: loss 2.8384, time 4191.98ms, mfu 0.42%
model:LGT723D iter 8660: loss 2.9135, time 229.74ms, mfu 0.43%
model:LGT723D iter 8670: loss 2.8318, time 218.75ms, mfu 0.44%
model:LGT723D iter 8680: loss 2.4610, time 211.74ms, mfu 0.46%
model:LGT723D iter 8690: loss 2.6768, time 212.93ms, mfu 0.47%
------average encoder activity 0.850
-----------average decoder density 0.4737
step 8700: train loss 2.4563, val loss 2.3711
saving checkpoint to out-novel-char3_LGT723D_4d06c3ce0eb6b62233f4128fdb1c3b0f
model:LGT723D iter 8700: loss 2.3428, time 4126.50ms, mfu 0.42%
model:LGT723D iter 8710: loss 2.4668, time 230.30ms, mfu 0.43%
model:LGT723D iter 8720: loss 2.6759, time 198.23ms, mfu 0.45%
model:LGT723D iter 8730: loss 2.3007, time 233.96ms, mfu 0.46%
model:LGT723D iter 8740: loss 1.7669, time 230.86ms, mfu 0.46%
------average encoder activity 0.835
-----------average decoder density 0.4954
step 8750: train loss 2.4956, val loss 2.3455
saving checkpoint to out-novel-char3_LGT723D_4d06c3ce0eb6b62233f4128fdb1c3b0f
model:LGT723D iter 8750: loss 2.7737, time 3939.43ms, mfu 0.42%
model:LGT723D iter 8760: loss 2.3888, time 230.67ms, mfu 0.43%
model:LGT723D iter 8770: loss 2.3222, time 215.48ms, mfu 0.44%
model:LGT723D iter 8780: loss 1.8296, time 262.04ms, mfu 0.44%
model:LGT723D iter 8790: loss 2.3329, time 213.09ms, mfu 0.46%
------average encoder activity 0.822
-----------average decoder density 0.4820
step 8800: train loss 2.4978, val loss 2.3484
saving checkpoint to out-novel-char3_LGT723D_4d06c3ce0eb6b62233f4128fdb1c3b0f
model:LGT723D iter 8800: loss 2.3892, time 4296.00ms, mfu 0.41%
model:LGT723D iter 8810: loss 2.1355, time 210.02ms, mfu 0.43%
model:LGT723D iter 8820: loss 2.5513, time 203.92ms, mfu 0.44%
model:LGT723D iter 8830: loss 2.2174, time 230.11ms, mfu 0.45%
model:LGT723D iter 8840: loss 3.0315, time 222.27ms, mfu 0.46%
------average encoder activity 0.809
-----------average decoder density 0.4792
step 8850: train loss 2.4342, val loss 2.3595
saving checkpoint to out-novel-char3_LGT723D_4d06c3ce0eb6b62233f4128fdb1c3b0f
model:LGT723D iter 8850: loss 2.2928, time 4333.27ms, mfu 0.42%
model:LGT723D iter 8860: loss 3.1339, time 214.00ms, mfu 0.43%
model:LGT723D iter 8870: loss 1.9881, time 220.38ms, mfu 0.44%
model:LGT723D iter 8880: loss 2.9856, time 208.42ms, mfu 0.46%
model:LGT723D iter 8890: loss 2.5620, time 196.62ms, mfu 0.47%
------average encoder activity 0.801
-----------average decoder density 0.4835
step 8900: train loss 2.5014, val loss 2.3724
saving checkpoint to out-novel-char3_LGT723D_4d06c3ce0eb6b62233f4128fdb1c3b0f
model:LGT723D iter 8900: loss 2.0890, time 4403.28ms, mfu 0.43%
model:LGT723D iter 8910: loss 2.6374, time 210.81ms, mfu 0.44%
model:LGT723D iter 8920: loss 2.8021, time 236.99ms, mfu 0.45%
model:LGT723D iter 8930: loss 2.7399, time 239.87ms, mfu 0.45%
model:LGT723D iter 8940: loss 2.2113, time 203.34ms, mfu 0.47%
------average encoder activity 0.791
-----------average decoder density 0.4922
step 8950: train loss 2.4671, val loss 2.3592
saving checkpoint to out-novel-char3_LGT723D_4d06c3ce0eb6b62233f4128fdb1c3b0f
model:LGT723D iter 8950: loss 2.3373, time 4021.74ms, mfu 0.42%
model:LGT723D iter 8960: loss 2.5889, time 223.64ms, mfu 0.43%
model:LGT723D iter 8970: loss 2.8141, time 234.35ms, mfu 0.44%
model:LGT723D iter 8980: loss 2.2248, time 229.53ms, mfu 0.45%
model:LGT723D iter 8990: loss 2.6989, time 217.20ms, mfu 0.46%
------average encoder activity 0.771
-----------average decoder density 0.4794
step 9000: train loss 2.4575, val loss 2.3872
saving checkpoint to out-novel-char3_LGT723D_4d06c3ce0eb6b62233f4128fdb1c3b0f
model:LGT723D iter 9000: loss 2.3914, time 4274.95ms, mfu 0.42%
model:LGT723D iter 9010: loss 2.3776, time 184.17ms, mfu 0.44%
model:LGT723D iter 9020: loss 2.6154, time 230.25ms, mfu 0.45%
model:LGT723D iter 9030: loss 2.4970, time 230.97ms, mfu 0.46%
model:LGT723D iter 9040: loss 2.4758, time 198.49ms, mfu 0.47%
------average encoder activity 0.760
-----------average decoder density 0.4698
step 9050: train loss 2.4801, val loss 2.3468
saving checkpoint to out-novel-char3_LGT723D_4d06c3ce0eb6b62233f4128fdb1c3b0f
model:LGT723D iter 9050: loss 1.9456, time 4388.25ms, mfu 0.43%
model:LGT723D iter 9060: loss 2.9422, time 233.92ms, mfu 0.44%
model:LGT723D iter 9070: loss 1.9008, time 209.45ms, mfu 0.45%
model:LGT723D iter 9080: loss 2.0955, time 212.23ms, mfu 0.46%
model:LGT723D iter 9090: loss 1.9813, time 195.86ms, mfu 0.48%
------average encoder activity 0.740
-----------average decoder density 0.4835
step 9100: train loss 2.4908, val loss 2.3508
saving checkpoint to out-novel-char3_LGT723D_4d06c3ce0eb6b62233f4128fdb1c3b0f
model:LGT723D iter 9100: loss 2.4823, time 4381.43ms, mfu 0.43%
model:LGT723D iter 9110: loss 1.9038, time 222.98ms, mfu 0.44%
model:LGT723D iter 9120: loss 2.5900, time 234.73ms, mfu 0.45%
model:LGT723D iter 9130: loss 2.8727, time 220.21ms, mfu 0.46%
model:LGT723D iter 9140: loss 2.2127, time 219.09ms, mfu 0.47%
------average encoder activity 0.740
-----------average decoder density 0.4669
step 9150: train loss 2.4335, val loss 2.3710
saving checkpoint to out-novel-char3_LGT723D_4d06c3ce0eb6b62233f4128fdb1c3b0f
model:LGT723D iter 9150: loss 2.7387, time 4185.72ms, mfu 0.42%
model:LGT723D iter 9160: loss 2.4349, time 233.42ms, mfu 0.43%
model:LGT723D iter 9170: loss 3.3455, time 231.17ms, mfu 0.44%
model:LGT723D iter 9180: loss 2.4857, time 207.42ms, mfu 0.45%
model:LGT723D iter 9190: loss 2.2897, time 214.58ms, mfu 0.47%
------average encoder activity 0.714
-----------average decoder density 0.4758
step 9200: train loss 2.4865, val loss 2.3360
saving checkpoint to out-novel-char3_LGT723D_4d06c3ce0eb6b62233f4128fdb1c3b0f
model:LGT723D iter 9200: loss 2.3752, time 4013.20ms, mfu 0.42%
model:LGT723D iter 9210: loss 2.8536, time 245.59ms, mfu 0.43%
model:LGT723D iter 9220: loss 2.6309, time 226.31ms, mfu 0.44%
model:LGT723D iter 9230: loss 2.5520, time 215.79ms, mfu 0.45%
model:LGT723D iter 9240: loss 3.2487, time 235.21ms, mfu 0.46%
------average encoder activity 0.717
-----------average decoder density 0.4806
step 9250: train loss 2.4566, val loss 2.3477
saving checkpoint to out-novel-char3_LGT723D_4d06c3ce0eb6b62233f4128fdb1c3b0f
model:LGT723D iter 9250: loss 2.9994, time 4131.75ms, mfu 0.41%
model:LGT723D iter 9260: loss 2.5826, time 216.17ms, mfu 0.43%
model:LGT723D iter 9270: loss 2.5298, time 201.57ms, mfu 0.44%
model:LGT723D iter 9280: loss 2.3863, time 226.78ms, mfu 0.45%
model:LGT723D iter 9290: loss 2.4172, time 229.25ms, mfu 0.46%
------average encoder activity 0.702
-----------average decoder density 0.4816
step 9300: train loss 2.4703, val loss 2.3435
saving checkpoint to out-novel-char3_LGT723D_4d06c3ce0eb6b62233f4128fdb1c3b0f
model:LGT723D iter 9300: loss 2.5889, time 4246.06ms, mfu 0.42%
model:LGT723D iter 9310: loss 2.1359, time 231.47ms, mfu 0.43%
model:LGT723D iter 9320: loss 1.9920, time 209.19ms, mfu 0.44%
model:LGT723D iter 9330: loss 1.9327, time 203.46ms, mfu 0.46%
model:LGT723D iter 9340: loss 2.3431, time 202.89ms, mfu 0.47%
------average encoder activity 0.701
-----------average decoder density 0.4759
step 9350: train loss 2.5061, val loss 2.3324
saving checkpoint to out-novel-char3_LGT723D_4d06c3ce0eb6b62233f4128fdb1c3b0f
model:LGT723D iter 9350: loss 1.9916, time 4369.11ms, mfu 0.43%
model:LGT723D iter 9360: loss 2.8405, time 226.90ms, mfu 0.44%
model:LGT723D iter 9370: loss 2.5852, time 224.08ms, mfu 0.45%
model:LGT723D iter 9380: loss 2.6334, time 230.89ms, mfu 0.45%
model:LGT723D iter 9390: loss 2.2353, time 242.04ms, mfu 0.46%
------average encoder activity 0.684
-----------average decoder density 0.4820
step 9400: train loss 2.4478, val loss 2.3497
saving checkpoint to out-novel-char3_LGT723D_4d06c3ce0eb6b62233f4128fdb1c3b0f
model:LGT723D iter 9400: loss 3.2054, time 3964.92ms, mfu 0.41%
model:LGT723D iter 9410: loss 1.9502, time 219.16ms, mfu 0.43%
model:LGT723D iter 9420: loss 2.7425, time 214.99ms, mfu 0.44%
model:LGT723D iter 9430: loss 2.4367, time 236.72ms, mfu 0.45%
model:LGT723D iter 9440: loss 2.4676, time 230.75ms, mfu 0.45%
------average encoder activity 0.672
-----------average decoder density 0.4897
step 9450: train loss 2.4999, val loss 2.3438
saving checkpoint to out-novel-char3_LGT723D_4d06c3ce0eb6b62233f4128fdb1c3b0f
model:LGT723D iter 9450: loss 1.8251, time 4171.02ms, mfu 0.41%
model:LGT723D iter 9460: loss 2.9420, time 197.42ms, mfu 0.43%
model:LGT723D iter 9470: loss 2.2192, time 233.04ms, mfu 0.44%
model:LGT723D iter 9480: loss 1.6790, time 218.80ms, mfu 0.45%
model:LGT723D iter 9490: loss 2.6709, time 236.62ms, mfu 0.46%
------average encoder activity 0.650
-----------average decoder density 0.4751
step 9500: train loss 2.4483, val loss 2.3226
saving checkpoint to out-novel-char3_LGT723D_4d06c3ce0eb6b62233f4128fdb1c3b0f
model:LGT723D iter 9500: loss 2.3363, time 4322.94ms, mfu 0.41%
model:LGT723D iter 9510: loss 2.0080, time 220.83ms, mfu 0.43%
model:LGT723D iter 9520: loss 2.9672, time 207.08ms, mfu 0.44%
model:LGT723D iter 9530: loss 2.6670, time 215.88ms, mfu 0.45%
model:LGT723D iter 9540: loss 2.0668, time 208.31ms, mfu 0.47%
------average encoder activity 0.644
-----------average decoder density 0.4753
step 9550: train loss 2.4809, val loss 2.3585
saving checkpoint to out-novel-char3_LGT723D_4d06c3ce0eb6b62233f4128fdb1c3b0f
model:LGT723D iter 9550: loss 2.3510, time 4401.82ms, mfu 0.42%
model:LGT723D iter 9560: loss 2.3387, time 220.97ms, mfu 0.43%
model:LGT723D iter 9570: loss 2.8560, time 227.29ms, mfu 0.44%
model:LGT723D iter 9580: loss 1.8276, time 232.34ms, mfu 0.45%
model:LGT723D iter 9590: loss 1.7010, time 214.41ms, mfu 0.46%
------average encoder activity 0.622
-----------average decoder density 0.4907
step 9600: train loss 2.4320, val loss 2.3580
saving checkpoint to out-novel-char3_LGT723D_4d06c3ce0eb6b62233f4128fdb1c3b0f
model:LGT723D iter 9600: loss 2.0225, time 4141.73ms, mfu 0.42%
model:LGT723D iter 9610: loss 2.9320, time 218.01ms, mfu 0.43%
model:LGT723D iter 9620: loss 2.6278, time 228.42ms, mfu 0.44%
model:LGT723D iter 9630: loss 3.1737, time 238.53ms, mfu 0.45%
model:LGT723D iter 9640: loss 3.0213, time 217.60ms, mfu 0.46%
------average encoder activity 0.624
-----------average decoder density 0.4779
step 9650: train loss 2.5015, val loss 2.3941
saving checkpoint to out-novel-char3_LGT723D_4d06c3ce0eb6b62233f4128fdb1c3b0f
model:LGT723D iter 9650: loss 2.2959, time 4130.06ms, mfu 0.41%
model:LGT723D iter 9660: loss 2.5338, time 215.78ms, mfu 0.43%
model:LGT723D iter 9670: loss 2.1999, time 224.01ms, mfu 0.44%
model:LGT723D iter 9680: loss 1.7794, time 228.51ms, mfu 0.45%
model:LGT723D iter 9690: loss 2.9829, time 211.93ms, mfu 0.46%
------average encoder activity 0.617
-----------average decoder density 0.4792
step 9700: train loss 2.4251, val loss 2.3685
saving checkpoint to out-novel-char3_LGT723D_4d06c3ce0eb6b62233f4128fdb1c3b0f
model:LGT723D iter 9700: loss 3.3149, time 4353.69ms, mfu 0.42%
model:LGT723D iter 9710: loss 2.3306, time 212.11ms, mfu 0.43%
model:LGT723D iter 9720: loss 2.4308, time 200.58ms, mfu 0.45%
model:LGT723D iter 9730: loss 2.0248, time 207.95ms, mfu 0.46%
model:LGT723D iter 9740: loss 2.4652, time 223.67ms, mfu 0.47%
------average encoder activity 0.611
-----------average decoder density 0.4741
step 9750: train loss 2.4408, val loss 2.3451
saving checkpoint to out-novel-char3_LGT723D_4d06c3ce0eb6b62233f4128fdb1c3b0f
model:LGT723D iter 9750: loss 2.9118, time 4274.94ms, mfu 0.42%
model:LGT723D iter 9760: loss 2.7960, time 233.14ms, mfu 0.43%
model:LGT723D iter 9770: loss 2.8597, time 225.92ms, mfu 0.44%
model:LGT723D iter 9780: loss 1.8271, time 210.72ms, mfu 0.46%
model:LGT723D iter 9790: loss 2.3958, time 216.93ms, mfu 0.47%
------average encoder activity 0.596
-----------average decoder density 0.4744
step 9800: train loss 2.4591, val loss 2.3545
saving checkpoint to out-novel-char3_LGT723D_4d06c3ce0eb6b62233f4128fdb1c3b0f
model:LGT723D iter 9800: loss 2.4015, time 4109.16ms, mfu 0.42%
model:LGT723D iter 9810: loss 2.6163, time 235.97ms, mfu 0.43%
model:LGT723D iter 9820: loss 2.3671, time 227.63ms, mfu 0.44%
model:LGT723D iter 9830: loss 2.4251, time 215.67ms, mfu 0.45%
model:LGT723D iter 9840: loss 2.5412, time 222.04ms, mfu 0.46%
------average encoder activity 0.594
-----------average decoder density 0.4856
step 9850: train loss 2.4349, val loss 2.3687
saving checkpoint to out-novel-char3_LGT723D_4d06c3ce0eb6b62233f4128fdb1c3b0f
model:LGT723D iter 9850: loss 2.0322, time 3919.19ms, mfu 0.42%
model:LGT723D iter 9860: loss 2.1767, time 238.31ms, mfu 0.43%
model:LGT723D iter 9870: loss 2.8380, time 217.99ms, mfu 0.44%
model:LGT723D iter 9880: loss 2.8458, time 193.66ms, mfu 0.46%
model:LGT723D iter 9890: loss 2.5179, time 211.86ms, mfu 0.47%
------average encoder activity 0.581
-----------average decoder density 0.5024
step 9900: train loss 2.4250, val loss 2.3681
saving checkpoint to out-novel-char3_LGT723D_4d06c3ce0eb6b62233f4128fdb1c3b0f
model:LGT723D iter 9900: loss 1.7634, time 4130.79ms, mfu 0.42%
model:LGT723D iter 9910: loss 2.8007, time 212.63ms, mfu 0.44%
model:LGT723D iter 9920: loss 2.7214, time 207.57ms, mfu 0.45%
model:LGT723D iter 9930: loss 2.2995, time 244.47ms, mfu 0.46%
model:LGT723D iter 9940: loss 2.6267, time 221.57ms, mfu 0.46%
------average encoder activity 0.572
-----------average decoder density 0.4757
step 9950: train loss 2.4252, val loss 2.3073
saving checkpoint to out-novel-char3_LGT723D_4d06c3ce0eb6b62233f4128fdb1c3b0f
model:LGT723D iter 9950: loss 2.4987, time 4199.08ms, mfu 0.42%
model:LGT723D iter 9960: loss 2.4215, time 230.57ms, mfu 0.43%
model:LGT723D iter 9970: loss 2.6213, time 218.86ms, mfu 0.44%
model:LGT723D iter 9980: loss 1.9082, time 221.06ms, mfu 0.45%
model:LGT723D iter 9990: loss 2.4362, time 214.68ms, mfu 0.46%
------average encoder activity 0.568
-----------average decoder density 0.4810
step 10000: train loss 2.4280, val loss 2.3656
saving checkpoint to out-novel-char3_LGT723D_4d06c3ce0eb6b62233f4128fdb1c3b0f
model:LGT723D iter 10000: loss 2.4277, time 4318.78ms, mfu 0.42%
model:LGT723D iter 10010: loss 2.2348, time 220.97ms, mfu 0.43%
model:LGT723D iter 10020: loss 2.9790, time 209.06ms, mfu 0.45%
model:LGT723D iter 10030: loss 2.6415, time 227.56ms, mfu 0.45%
model:LGT723D iter 10040: loss 2.2660, time 237.19ms, mfu 0.46%
------average encoder activity 0.568
-----------average decoder density 0.4907
step 10050: train loss 2.4255, val loss 2.3559
saving checkpoint to out-novel-char3_LGT723D_4d06c3ce0eb6b62233f4128fdb1c3b0f
model:LGT723D iter 10050: loss 2.7854, time 3959.42ms, mfu 0.42%
model:LGT723D iter 10060: loss 2.4312, time 216.24ms, mfu 0.43%
model:LGT723D iter 10070: loss 3.1745, time 223.05ms, mfu 0.44%
model:LGT723D iter 10080: loss 2.7712, time 230.01ms, mfu 0.45%
model:LGT723D iter 10090: loss 3.0921, time 239.62ms, mfu 0.45%
------average encoder activity 0.553
-----------average decoder density 0.4704
step 10100: train loss 2.4628, val loss 2.3593
saving checkpoint to out-novel-char3_LGT723D_4d06c3ce0eb6b62233f4128fdb1c3b0f
model:LGT723D iter 10100: loss 2.8156, time 4235.30ms, mfu 0.41%
model:LGT723D iter 10110: loss 2.5628, time 195.73ms, mfu 0.43%
model:LGT723D iter 10120: loss 2.3301, time 234.11ms, mfu 0.44%
model:LGT723D iter 10130: loss 1.8366, time 217.12ms, mfu 0.45%
model:LGT723D iter 10140: loss 2.2049, time 224.56ms, mfu 0.46%
------average encoder activity 0.547
-----------average decoder density 0.4932
step 10150: train loss 2.4059, val loss 2.2997
saving checkpoint to out-novel-char3_LGT723D_4d06c3ce0eb6b62233f4128fdb1c3b0f
model:LGT723D iter 10150: loss 1.9518, time 4486.94ms, mfu 0.42%
model:LGT723D iter 10160: loss 2.8228, time 196.79ms, mfu 0.44%
model:LGT723D iter 10170: loss 2.5848, time 209.01ms, mfu 0.45%
model:LGT723D iter 10180: loss 3.0256, time 216.19ms, mfu 0.46%
model:LGT723D iter 10190: loss 2.9627, time 195.47ms, mfu 0.48%
------average encoder activity 0.536
-----------average decoder density 0.4756
step 10200: train loss 2.4707, val loss 2.2874
saving checkpoint to out-novel-char3_LGT723D_4d06c3ce0eb6b62233f4128fdb1c3b0f
model:LGT723D iter 10200: loss 2.7826, time 4467.82ms, mfu 0.43%
model:LGT723D iter 10210: loss 2.4820, time 218.21ms, mfu 0.44%
model:LGT723D iter 10220: loss 1.9713, time 241.28ms, mfu 0.45%
model:LGT723D iter 10230: loss 1.7037, time 224.44ms, mfu 0.46%
model:LGT723D iter 10240: loss 2.6742, time 205.36ms, mfu 0.47%
------average encoder activity 0.531
-----------average decoder density 0.4661
step 10250: train loss 2.4214, val loss 2.3124
saving checkpoint to out-novel-char3_LGT723D_4d06c3ce0eb6b62233f4128fdb1c3b0f
model:LGT723D iter 10250: loss 1.8260, time 4162.53ms, mfu 0.43%
model:LGT723D iter 10260: loss 2.5511, time 245.78ms, mfu 0.43%
model:LGT723D iter 10270: loss 2.8920, time 231.98ms, mfu 0.44%
model:LGT723D iter 10280: loss 2.6357, time 226.69ms, mfu 0.45%
model:LGT723D iter 10290: loss 1.8916, time 214.35ms, mfu 0.46%
------average encoder activity 0.521
-----------average decoder density 0.4853
step 10300: train loss 2.4125, val loss 2.2890
saving checkpoint to out-novel-char3_LGT723D_4d06c3ce0eb6b62233f4128fdb1c3b0f
model:LGT723D iter 10300: loss 2.5512, time 4182.82ms, mfu 0.42%
model:LGT723D iter 10310: loss 2.1731, time 231.55ms, mfu 0.43%
model:LGT723D iter 10320: loss 2.5913, time 237.55ms, mfu 0.43%
model:LGT723D iter 10330: loss 2.0678, time 208.67ms, mfu 0.45%
model:LGT723D iter 10340: loss 2.4656, time 219.55ms, mfu 0.46%
------average encoder activity 0.511
-----------average decoder density 0.4822
step 10350: train loss 2.3926, val loss 2.3163
saving checkpoint to out-novel-char3_LGT723D_4d06c3ce0eb6b62233f4128fdb1c3b0f
model:LGT723D iter 10350: loss 1.8364, time 4364.83ms, mfu 0.42%
model:LGT723D iter 10360: loss 2.7831, time 216.30ms, mfu 0.43%
model:LGT723D iter 10370: loss 2.5352, time 216.09ms, mfu 0.44%
model:LGT723D iter 10380: loss 2.6805, time 195.94ms, mfu 0.46%
model:LGT723D iter 10390: loss 1.8918, time 223.09ms, mfu 0.47%
------average encoder activity 0.505
-----------average decoder density 0.4893
step 10400: train loss 2.4174, val loss 2.3046
saving checkpoint to out-novel-char3_LGT723D_4d06c3ce0eb6b62233f4128fdb1c3b0f
model:LGT723D iter 10400: loss 2.3083, time 4196.80ms, mfu 0.42%
model:LGT723D iter 10410: loss 2.6249, time 239.24ms, mfu 0.43%
model:LGT723D iter 10420: loss 2.5205, time 223.94ms, mfu 0.44%
model:LGT723D iter 10430: loss 2.3072, time 189.41ms, mfu 0.46%
model:LGT723D iter 10440: loss 2.5013, time 203.98ms, mfu 0.47%
------average encoder activity 0.501
-----------average decoder density 0.4913
step 10450: train loss 2.4390, val loss 2.3346
saving checkpoint to out-novel-char3_LGT723D_4d06c3ce0eb6b62233f4128fdb1c3b0f
model:LGT723D iter 10450: loss 1.2521, time 4115.21ms, mfu 0.43%
model:LGT723D iter 10460: loss 2.8147, time 228.10ms, mfu 0.44%
model:LGT723D iter 10470: loss 2.0743, time 214.20ms, mfu 0.45%
model:LGT723D iter 10480: loss 3.1354, time 230.13ms, mfu 0.46%
model:LGT723D iter 10490: loss 3.0638, time 230.14ms, mfu 0.46%
------average encoder activity 0.488
-----------average decoder density 0.4753
step 10500: train loss 2.4599, val loss 2.2767
saving checkpoint to out-novel-char3_LGT723D_4d06c3ce0eb6b62233f4128fdb1c3b0f
model:LGT723D iter 10500: loss 2.8525, time 3908.29ms, mfu 0.42%
model:LGT723D iter 10510: loss 2.2912, time 234.08ms, mfu 0.43%
model:LGT723D iter 10520: loss 2.2759, time 212.57ms, mfu 0.44%
model:LGT723D iter 10530: loss 1.7169, time 229.38ms, mfu 0.45%
model:LGT723D iter 10540: loss 2.1633, time 210.62ms, mfu 0.46%
------average encoder activity 0.482
-----------average decoder density 0.4637
step 10550: train loss 2.4392, val loss 2.3349
saving checkpoint to out-novel-char3_LGT723D_4d06c3ce0eb6b62233f4128fdb1c3b0f
model:LGT723D iter 10550: loss 3.1142, time 4194.59ms, mfu 0.42%
model:LGT723D iter 10560: loss 2.6911, time 199.94ms, mfu 0.44%
model:LGT723D iter 10570: loss 2.8203, time 190.84ms, mfu 0.46%
model:LGT723D iter 10580: loss 2.6586, time 242.43ms, mfu 0.46%
model:LGT723D iter 10590: loss 2.2300, time 239.59ms, mfu 0.46%
------average encoder activity 0.479
-----------average decoder density 0.4690
step 10600: train loss 2.4192, val loss 2.3086
saving checkpoint to out-novel-char3_LGT723D_4d06c3ce0eb6b62233f4128fdb1c3b0f
model:LGT723D iter 10600: loss 2.2673, time 4260.52ms, mfu 0.42%
model:LGT723D iter 10610: loss 3.2881, time 227.70ms, mfu 0.43%
model:LGT723D iter 10620: loss 2.3063, time 213.54ms, mfu 0.44%
model:LGT723D iter 10630: loss 2.6163, time 200.39ms, mfu 0.46%
model:LGT723D iter 10640: loss 2.2741, time 204.21ms, mfu 0.47%
------average encoder activity 0.467
-----------average decoder density 0.4766
step 10650: train loss 2.4382, val loss 2.3036
saving checkpoint to out-novel-char3_LGT723D_4d06c3ce0eb6b62233f4128fdb1c3b0f
model:LGT723D iter 10650: loss 2.1481, time 4311.57ms, mfu 0.43%
model:LGT723D iter 10660: loss 2.6560, time 215.38ms, mfu 0.44%
model:LGT723D iter 10670: loss 2.4104, time 235.10ms, mfu 0.45%
model:LGT723D iter 10680: loss 3.2667, time 215.24ms, mfu 0.46%
model:LGT723D iter 10690: loss 2.5680, time 221.24ms, mfu 0.47%
------average encoder activity 0.460
-----------average decoder density 0.4674
step 10700: train loss 2.4167, val loss 2.2986
saving checkpoint to out-novel-char3_LGT723D_4d06c3ce0eb6b62233f4128fdb1c3b0f
model:LGT723D iter 10700: loss 2.3269, time 4012.00ms, mfu 0.42%
model:LGT723D iter 10710: loss 1.6261, time 212.44ms, mfu 0.44%
model:LGT723D iter 10720: loss 3.3081, time 235.60ms, mfu 0.44%
model:LGT723D iter 10730: loss 2.7853, time 228.20ms, mfu 0.45%
model:LGT723D iter 10740: loss 2.4030, time 216.06ms, mfu 0.46%
------average encoder activity 0.454
-----------average decoder density 0.4790
step 10750: train loss 2.4315, val loss 2.2902
saving checkpoint to out-novel-char3_LGT723D_4d06c3ce0eb6b62233f4128fdb1c3b0f
model:LGT723D iter 10750: loss 2.5468, time 4363.54ms, mfu 0.42%
model:LGT723D iter 10760: loss 2.3995, time 211.17ms, mfu 0.43%
model:LGT723D iter 10770: loss 2.1855, time 225.50ms, mfu 0.44%
model:LGT723D iter 10780: loss 2.5876, time 226.81ms, mfu 0.45%
model:LGT723D iter 10790: loss 2.3258, time 194.04ms, mfu 0.47%
------average encoder activity 0.455
-----------average decoder density 0.4874
step 10800: train loss 2.4694, val loss 2.2873
saving checkpoint to out-novel-char3_LGT723D_4d06c3ce0eb6b62233f4128fdb1c3b0f
model:LGT723D iter 10800: loss 2.6806, time 4396.44ms, mfu 0.43%
model:LGT723D iter 10810: loss 2.7069, time 217.94ms, mfu 0.44%
model:LGT723D iter 10820: loss 2.7486, time 216.88ms, mfu 0.45%
model:LGT723D iter 10830: loss 2.3248, time 219.83ms, mfu 0.46%
model:LGT723D iter 10840: loss 2.0317, time 192.31ms, mfu 0.48%
------average encoder activity 0.451
-----------average decoder density 0.4831
step 10850: train loss 2.4396, val loss 2.3345
saving checkpoint to out-novel-char3_LGT723D_4d06c3ce0eb6b62233f4128fdb1c3b0f
model:LGT723D iter 10850: loss 2.9224, time 4481.21ms, mfu 0.43%
model:LGT723D iter 10860: loss 2.0108, time 213.72ms, mfu 0.44%
model:LGT723D iter 10870: loss 2.6866, time 233.58ms, mfu 0.45%
model:LGT723D iter 10880: loss 2.1732, time 205.79ms, mfu 0.46%
model:LGT723D iter 10890: loss 2.6981, time 179.62ms, mfu 0.48%
------average encoder activity 0.444
-----------average decoder density 0.4686
step 10900: train loss 2.4650, val loss 2.3323
saving checkpoint to out-novel-char3_LGT723D_4d06c3ce0eb6b62233f4128fdb1c3b0f
model:LGT723D iter 10900: loss 2.7323, time 4129.62ms, mfu 0.44%
model:LGT723D iter 10910: loss 2.6504, time 225.30ms, mfu 0.45%
model:LGT723D iter 10920: loss 2.4587, time 223.99ms, mfu 0.46%
model:LGT723D iter 10930: loss 2.4182, time 209.15ms, mfu 0.47%
model:LGT723D iter 10940: loss 1.9189, time 240.62ms, mfu 0.47%
------average encoder activity 0.435
-----------average decoder density 0.4895
step 10950: train loss 2.4238, val loss 2.3338
saving checkpoint to out-novel-char3_LGT723D_4d06c3ce0eb6b62233f4128fdb1c3b0f
model:LGT723D iter 10950: loss 1.8678, time 4098.81ms, mfu 0.43%
model:LGT723D iter 10960: loss 2.1718, time 236.62ms, mfu 0.44%
model:LGT723D iter 10970: loss 3.6854, time 239.22ms, mfu 0.44%
model:LGT723D iter 10980: loss 2.4404, time 210.83ms, mfu 0.45%
model:LGT723D iter 10990: loss 2.5464, time 228.18ms, mfu 0.46%
------average encoder activity 0.426
-----------average decoder density 0.4762
step 11000: train loss 2.4311, val loss 2.2860
saving checkpoint to out-novel-char3_LGT723D_4d06c3ce0eb6b62233f4128fdb1c3b0f
model:LGT723D iter 11000: loss 2.5820, time 4253.13ms, mfu 0.42%
model:LGT723D iter 11010: loss 2.6618, time 213.53ms, mfu 0.43%
model:LGT723D iter 11020: loss 2.5636, time 214.89ms, mfu 0.45%
model:LGT723D iter 11030: loss 2.4307, time 202.54ms, mfu 0.46%
model:LGT723D iter 11040: loss 2.7343, time 228.01ms, mfu 0.47%
------average encoder activity 0.424
-----------average decoder density 0.4872
step 11050: train loss 2.4343, val loss 2.2942
saving checkpoint to out-novel-char3_LGT723D_4d06c3ce0eb6b62233f4128fdb1c3b0f
model:LGT723D iter 11050: loss 2.6572, time 4260.01ms, mfu 0.42%
model:LGT723D iter 11060: loss 2.2335, time 238.02ms, mfu 0.43%
model:LGT723D iter 11070: loss 2.3850, time 208.69ms, mfu 0.45%
model:LGT723D iter 11080: loss 2.2606, time 204.77ms, mfu 0.46%
model:LGT723D iter 11090: loss 2.3864, time 203.89ms, mfu 0.47%
------average encoder activity 0.421
-----------average decoder density 0.4889
step 11100: train loss 2.3968, val loss 2.2906
saving checkpoint to out-novel-char3_LGT723D_4d06c3ce0eb6b62233f4128fdb1c3b0f
model:LGT723D iter 11100: loss 2.3317, time 4079.96ms, mfu 0.43%
model:LGT723D iter 11110: loss 2.4640, time 229.88ms, mfu 0.44%
model:LGT723D iter 11120: loss 2.1391, time 220.74ms, mfu 0.45%
model:LGT723D iter 11130: loss 2.0367, time 224.90ms, mfu 0.46%
model:LGT723D iter 11140: loss 3.0096, time 228.37ms, mfu 0.46%
------average encoder activity 0.410
-----------average decoder density 0.4797
step 11150: train loss 2.4240, val loss 2.3484
saving checkpoint to out-novel-char3_LGT723D_4d06c3ce0eb6b62233f4128fdb1c3b0f
model:LGT723D iter 11150: loss 1.6801, time 3920.71ms, mfu 0.42%
model:LGT723D iter 11160: loss 3.1367, time 236.88ms, mfu 0.43%
model:LGT723D iter 11170: loss 2.3590, time 196.26ms, mfu 0.45%
model:LGT723D iter 11180: loss 2.0461, time 235.40ms, mfu 0.45%
model:LGT723D iter 11190: loss 2.5856, time 217.53ms, mfu 0.46%
------average encoder activity 0.406
-----------average decoder density 0.4783
step 11200: train loss 2.4040, val loss 2.2930
saving checkpoint to out-novel-char3_LGT723D_4d06c3ce0eb6b62233f4128fdb1c3b0f
model:LGT723D iter 11200: loss 2.2866, time 4247.59ms, mfu 0.42%
model:LGT723D iter 11210: loss 1.8487, time 183.87ms, mfu 0.44%
model:LGT723D iter 11220: loss 2.1649, time 207.56ms, mfu 0.46%
model:LGT723D iter 11230: loss 1.5499, time 234.42ms, mfu 0.46%
model:LGT723D iter 11240: loss 2.4006, time 230.26ms, mfu 0.47%
------average encoder activity 0.405
-----------average decoder density 0.4845
step 11250: train loss 2.3926, val loss 2.3005
saving checkpoint to out-novel-char3_LGT723D_4d06c3ce0eb6b62233f4128fdb1c3b0f
model:LGT723D iter 11250: loss 2.4286, time 4374.86ms, mfu 0.42%
model:LGT723D iter 11260: loss 2.3334, time 207.85ms, mfu 0.44%
model:LGT723D iter 11270: loss 2.4788, time 235.98ms, mfu 0.45%
model:LGT723D iter 11280: loss 1.6769, time 221.90ms, mfu 0.46%
model:LGT723D iter 11290: loss 2.7073, time 188.24ms, mfu 0.47%
------average encoder activity 0.405
-----------average decoder density 0.4724
step 11300: train loss 2.4143, val loss 2.2755
saving checkpoint to out-novel-char3_LGT723D_4d06c3ce0eb6b62233f4128fdb1c3b0f
model:LGT723D iter 11300: loss 2.3305, time 4582.19ms, mfu 0.43%
model:LGT723D iter 11310: loss 2.6501, time 214.20ms, mfu 0.44%
model:LGT723D iter 11320: loss 2.3825, time 226.08ms, mfu 0.45%
model:LGT723D iter 11330: loss 2.0915, time 230.58ms, mfu 0.46%
model:LGT723D iter 11340: loss 2.3757, time 226.53ms, mfu 0.47%
------average encoder activity 0.388
-----------average decoder density 0.4892
step 11350: train loss 2.4233, val loss 2.3193
saving checkpoint to out-novel-char3_LGT723D_4d06c3ce0eb6b62233f4128fdb1c3b0f
model:LGT723D iter 11350: loss 2.2719, time 4049.19ms, mfu 0.42%
model:LGT723D iter 11360: loss 2.3418, time 209.40ms, mfu 0.44%
model:LGT723D iter 11370: loss 2.4049, time 242.37ms, mfu 0.44%
model:LGT723D iter 11380: loss 3.4764, time 229.42ms, mfu 0.45%
model:LGT723D iter 11390: loss 2.6496, time 202.62ms, mfu 0.46%
------average encoder activity 0.386
-----------average decoder density 0.4558
step 11400: train loss 2.4227, val loss 2.3262
saving checkpoint to out-novel-char3_LGT723D_4d06c3ce0eb6b62233f4128fdb1c3b0f
model:LGT723D iter 11400: loss 2.4566, time 4264.85ms, mfu 0.42%
model:LGT723D iter 11410: loss 2.3593, time 203.84ms, mfu 0.44%
model:LGT723D iter 11420: loss 2.7418, time 227.32ms, mfu 0.45%
model:LGT723D iter 11430: loss 2.0039, time 223.87ms, mfu 0.46%
model:LGT723D iter 11440: loss 1.7315, time 217.11ms, mfu 0.47%
------average encoder activity 0.382
-----------average decoder density 0.4697
step 11450: train loss 2.4337, val loss 2.2895
saving checkpoint to out-novel-char3_LGT723D_4d06c3ce0eb6b62233f4128fdb1c3b0f
model:LGT723D iter 11450: loss 2.5227, time 4336.86ms, mfu 0.42%
model:LGT723D iter 11460: loss 2.5024, time 235.31ms, mfu 0.43%
model:LGT723D iter 11470: loss 2.5229, time 211.59ms, mfu 0.44%
model:LGT723D iter 11480: loss 2.2872, time 214.54ms, mfu 0.46%
model:LGT723D iter 11490: loss 2.3356, time 211.44ms, mfu 0.47%
------average encoder activity 0.375
-----------average decoder density 0.4856
step 11500: train loss 2.3485, val loss 2.2562
saving checkpoint to out-novel-char3_LGT723D_4d06c3ce0eb6b62233f4128fdb1c3b0f
model:LGT723D iter 11500: loss 2.2428, time 4353.57ms, mfu 0.42%
model:LGT723D iter 11510: loss 2.7582, time 240.36ms, mfu 0.43%
model:LGT723D iter 11520: loss 1.9863, time 207.33ms, mfu 0.45%
model:LGT723D iter 11530: loss 2.7746, time 211.93ms, mfu 0.46%
model:LGT723D iter 11540: loss 2.4481, time 214.08ms, mfu 0.47%
------average encoder activity 0.366
-----------average decoder density 0.4889
step 11550: train loss 2.4159, val loss 2.2715
saving checkpoint to out-novel-char3_LGT723D_4d06c3ce0eb6b62233f4128fdb1c3b0f
model:LGT723D iter 11550: loss 2.5117, time 4100.89ms, mfu 0.42%
model:LGT723D iter 11560: loss 2.5699, time 230.63ms, mfu 0.43%
model:LGT723D iter 11570: loss 2.2334, time 232.77ms, mfu 0.44%
model:LGT723D iter 11580: loss 2.1056, time 212.41ms, mfu 0.45%
model:LGT723D iter 11590: loss 2.8456, time 221.65ms, mfu 0.46%
------average encoder activity 0.363
-----------average decoder density 0.4753
step 11600: train loss 2.3787, val loss 2.2873
saving checkpoint to out-novel-char3_LGT723D_4d06c3ce0eb6b62233f4128fdb1c3b0f
model:LGT723D iter 11600: loss 2.6973, time 3931.11ms, mfu 0.42%
model:LGT723D iter 11610: loss 1.9935, time 214.23ms, mfu 0.43%
model:LGT723D iter 11620: loss 1.8060, time 237.29ms, mfu 0.44%
model:LGT723D iter 11630: loss 2.7969, time 209.76ms, mfu 0.45%
model:LGT723D iter 11640: loss 2.6620, time 208.14ms, mfu 0.47%
------average encoder activity 0.357
-----------average decoder density 0.4863
step 11650: train loss 2.4109, val loss 2.3101
saving checkpoint to out-novel-char3_LGT723D_4d06c3ce0eb6b62233f4128fdb1c3b0f
model:LGT723D iter 11650: loss 2.1338, time 4238.05ms, mfu 0.42%
model:LGT723D iter 11660: loss 2.4455, time 189.12ms, mfu 0.44%
model:LGT723D iter 11670: loss 2.5755, time 202.58ms, mfu 0.46%
model:LGT723D iter 11680: loss 2.6569, time 206.82ms, mfu 0.47%
model:LGT723D iter 11690: loss 2.3653, time 217.48ms, mfu 0.48%
------average encoder activity 0.350
-----------average decoder density 0.4852
step 11700: train loss 2.3774, val loss 2.3454
saving checkpoint to out-novel-char3_LGT723D_4d06c3ce0eb6b62233f4128fdb1c3b0f
model:LGT723D iter 11700: loss 2.2333, time 4139.25ms, mfu 0.43%
model:LGT723D iter 11710: loss 2.0615, time 225.67ms, mfu 0.44%
model:LGT723D iter 11720: loss 2.3990, time 208.71ms, mfu 0.46%
model:LGT723D iter 11730: loss 2.5243, time 211.20ms, mfu 0.47%
model:LGT723D iter 11740: loss 2.6457, time 207.07ms, mfu 0.48%
------average encoder activity 0.351
-----------average decoder density 0.4591
step 11750: train loss 2.3954, val loss 2.3067
saving checkpoint to out-novel-char3_LGT723D_4d06c3ce0eb6b62233f4128fdb1c3b0f
model:LGT723D iter 11750: loss 2.4271, time 4141.38ms, mfu 0.43%
model:LGT723D iter 11760: loss 2.1320, time 228.38ms, mfu 0.44%
model:LGT723D iter 11770: loss 2.6877, time 206.24ms, mfu 0.46%
model:LGT723D iter 11780: loss 2.8767, time 235.33ms, mfu 0.46%
model:LGT723D iter 11790: loss 2.6019, time 212.14ms, mfu 0.47%
------average encoder activity 0.348
-----------average decoder density 0.4710
step 11800: train loss 2.3941, val loss 2.2381
saving checkpoint to out-novel-char3_LGT723D_4d06c3ce0eb6b62233f4128fdb1c3b0f
model:LGT723D iter 11800: loss 2.3809, time 3927.58ms, mfu 0.43%
model:LGT723D iter 11810: loss 2.1521, time 213.09ms, mfu 0.44%
model:LGT723D iter 11820: loss 2.2289, time 212.90ms, mfu 0.45%
model:LGT723D iter 11830: loss 2.7652, time 224.79ms, mfu 0.46%
model:LGT723D iter 11840: loss 1.9066, time 224.58ms, mfu 0.47%
------average encoder activity 0.337
-----------average decoder density 0.4982
step 11850: train loss 2.3911, val loss 2.2907
saving checkpoint to out-novel-char3_LGT723D_4d06c3ce0eb6b62233f4128fdb1c3b0f
model:LGT723D iter 11850: loss 2.3201, time 4121.39ms, mfu 0.43%
model:LGT723D iter 11860: loss 2.6577, time 194.08ms, mfu 0.44%
model:LGT723D iter 11870: loss 2.8750, time 191.67ms, mfu 0.46%
model:LGT723D iter 11880: loss 2.3692, time 233.80ms, mfu 0.47%
model:LGT723D iter 11890: loss 2.3820, time 245.30ms, mfu 0.47%
------average encoder activity 0.338
-----------average decoder density 0.4879
step 11900: train loss 2.4246, val loss 2.3244
saving checkpoint to out-novel-char3_LGT723D_4d06c3ce0eb6b62233f4128fdb1c3b0f
model:LGT723D iter 11900: loss 2.1053, time 4330.93ms, mfu 0.43%
model:LGT723D iter 11910: loss 2.1865, time 185.79ms, mfu 0.45%
model:LGT723D iter 11920: loss 2.7404, time 210.97ms, mfu 0.46%
model:LGT723D iter 11930: loss 2.5569, time 189.69ms, mfu 0.48%
model:LGT723D iter 11940: loss 2.7140, time 218.14ms, mfu 0.48%
------average encoder activity 0.330
-----------average decoder density 0.4752
step 11950: train loss 2.3804, val loss 2.2961
saving checkpoint to out-novel-char3_LGT723D_4d06c3ce0eb6b62233f4128fdb1c3b0f
model:LGT723D iter 11950: loss 3.0094, time 4469.20ms, mfu 0.44%
model:LGT723D iter 11960: loss 2.7166, time 219.08ms, mfu 0.45%
model:LGT723D iter 11970: loss 1.3235, time 234.91ms, mfu 0.46%
model:LGT723D iter 11980: loss 2.9448, time 237.28ms, mfu 0.46%
model:LGT723D iter 11990: loss 2.3966, time 201.88ms, mfu 0.47%
------average encoder activity 0.326
-----------average decoder density 0.4688
step 12000: train loss 2.4117, val loss 2.3082
saving checkpoint to out-novel-char3_LGT723D_4d06c3ce0eb6b62233f4128fdb1c3b0f
model:LGT723D iter 12000: loss 2.4372, time 4167.21ms, mfu 0.43%
model:LGT723D iter 12010: loss 2.8555, time 210.56ms, mfu 0.44%
model:LGT723D iter 12020: loss 3.2506, time 236.23ms, mfu 0.45%
model:LGT723D iter 12030: loss 2.0281, time 228.30ms, mfu 0.46%
model:LGT723D iter 12040: loss 2.7308, time 206.34ms, mfu 0.47%
------average encoder activity 0.326
-----------average decoder density 0.4808
step 12050: train loss 2.3764, val loss 2.3035
saving checkpoint to out-novel-char3_LGT723D_4d06c3ce0eb6b62233f4128fdb1c3b0f
model:LGT723D iter 12050: loss 2.3103, time 4252.07ms, mfu 0.43%
model:LGT723D iter 12060: loss 2.5679, time 221.02ms, mfu 0.44%
model:LGT723D iter 12070: loss 1.9601, time 250.18ms, mfu 0.44%
model:LGT723D iter 12080: loss 2.9887, time 215.37ms, mfu 0.45%
model:LGT723D iter 12090: loss 2.1036, time 199.14ms, mfu 0.47%
------average encoder activity 0.325
-----------average decoder density 0.4617
step 12100: train loss 2.3832, val loss 2.2346
saving checkpoint to out-novel-char3_LGT723D_4d06c3ce0eb6b62233f4128fdb1c3b0f
model:LGT723D iter 12100: loss 1.7401, time 4428.56ms, mfu 0.42%
model:LGT723D iter 12110: loss 2.3351, time 209.21ms, mfu 0.44%
model:LGT723D iter 12120: loss 2.9531, time 231.77ms, mfu 0.45%
model:LGT723D iter 12130: loss 2.4549, time 181.43ms, mfu 0.47%
model:LGT723D iter 12140: loss 2.9502, time 220.67ms, mfu 0.48%
------average encoder activity 0.317
-----------average decoder density 0.4909
step 12150: train loss 2.4253, val loss 2.2865
saving checkpoint to out-novel-char3_LGT723D_4d06c3ce0eb6b62233f4128fdb1c3b0f
model:LGT723D iter 12150: loss 2.4649, time 4387.05ms, mfu 0.43%
model:LGT723D iter 12160: loss 2.0804, time 251.43ms, mfu 0.44%
model:LGT723D iter 12170: loss 2.4517, time 244.07ms, mfu 0.44%
model:LGT723D iter 12180: loss 2.6905, time 200.82ms, mfu 0.46%
model:LGT723D iter 12190: loss 2.2327, time 213.44ms, mfu 0.47%
------average encoder activity 0.317
-----------average decoder density 0.4748
step 12200: train loss 2.3900, val loss 2.3072
saving checkpoint to out-novel-char3_LGT723D_4d06c3ce0eb6b62233f4128fdb1c3b0f
model:LGT723D iter 12200: loss 2.1691, time 4114.19ms, mfu 0.42%
model:LGT723D iter 12210: loss 2.1255, time 213.95ms, mfu 0.44%
model:LGT723D iter 12220: loss 2.6562, time 229.70ms, mfu 0.45%
model:LGT723D iter 12230: loss 2.0530, time 210.18ms, mfu 0.46%
model:LGT723D iter 12240: loss 2.4659, time 223.95ms, mfu 0.47%
------average encoder activity 0.316
-----------average decoder density 0.4671
step 12250: train loss 2.4540, val loss 2.3080
saving checkpoint to out-novel-char3_LGT723D_4d06c3ce0eb6b62233f4128fdb1c3b0f
model:LGT723D iter 12250: loss 2.7038, time 3926.34ms, mfu 0.42%
model:LGT723D iter 12260: loss 2.4664, time 236.62ms, mfu 0.43%
model:LGT723D iter 12270: loss 2.7372, time 201.55ms, mfu 0.45%
model:LGT723D iter 12280: loss 1.7020, time 207.22ms, mfu 0.46%
model:LGT723D iter 12290: loss 2.1139, time 223.26ms, mfu 0.47%
------average encoder activity 0.313
-----------average decoder density 0.4771
step 12300: train loss 2.3891, val loss 2.3076
saving checkpoint to out-novel-char3_LGT723D_4d06c3ce0eb6b62233f4128fdb1c3b0f
model:LGT723D iter 12300: loss 2.3511, time 4327.49ms, mfu 0.42%
model:LGT723D iter 12310: loss 2.1076, time 226.41ms, mfu 0.43%
model:LGT723D iter 12320: loss 2.3996, time 199.21ms, mfu 0.45%
model:LGT723D iter 12330: loss 2.0087, time 235.42ms, mfu 0.46%
model:LGT723D iter 12340: loss 2.1051, time 241.02ms, mfu 0.46%
------average encoder activity 0.305
-----------average decoder density 0.4727
step 12350: train loss 2.3983, val loss 2.2386
saving checkpoint to out-novel-char3_LGT723D_4d06c3ce0eb6b62233f4128fdb1c3b0f
model:LGT723D iter 12350: loss 2.2718, time 4487.39ms, mfu 0.42%
model:LGT723D iter 12360: loss 1.3968, time 200.65ms, mfu 0.44%
model:LGT723D iter 12370: loss 2.6719, time 194.18ms, mfu 0.45%
model:LGT723D iter 12380: loss 1.9151, time 196.95ms, mfu 0.47%
model:LGT723D iter 12390: loss 1.3646, time 207.93ms, mfu 0.48%
------average encoder activity 0.303
-----------average decoder density 0.4943
step 12400: train loss 2.3863, val loss 2.2932
saving checkpoint to out-novel-char3_LGT723D_4d06c3ce0eb6b62233f4128fdb1c3b0f
model:LGT723D iter 12400: loss 2.7163, time 4281.77ms, mfu 0.44%
model:LGT723D iter 12410: loss 2.9966, time 241.19ms, mfu 0.44%
model:LGT723D iter 12420: loss 2.5326, time 222.51ms, mfu 0.45%
model:LGT723D iter 12430: loss 1.8017, time 224.80ms, mfu 0.46%
model:LGT723D iter 12440: loss 2.4696, time 251.63ms, mfu 0.46%
------average encoder activity 0.301
-----------average decoder density 0.4665
step 12450: train loss 2.3313, val loss 2.2949
saving checkpoint to out-novel-char3_LGT723D_4d06c3ce0eb6b62233f4128fdb1c3b0f
model:LGT723D iter 12450: loss 2.7577, time 4199.27ms, mfu 0.42%
model:LGT723D iter 12460: loss 2.0342, time 215.80ms, mfu 0.43%
model:LGT723D iter 12470: loss 2.2644, time 230.07ms, mfu 0.44%
model:LGT723D iter 12480: loss 1.8819, time 228.88ms, mfu 0.45%
model:LGT723D iter 12490: loss 2.2883, time 202.98ms, mfu 0.46%
------average encoder activity 0.298
-----------average decoder density 0.4823
step 12500: train loss 2.4039, val loss 2.2743
saving checkpoint to out-novel-char3_LGT723D_4d06c3ce0eb6b62233f4128fdb1c3b0f
model:LGT723D iter 12500: loss 2.3250, time 4251.68ms, mfu 0.42%
model:LGT723D iter 12510: loss 2.4672, time 196.38ms, mfu 0.44%
model:LGT723D iter 12520: loss 1.8236, time 247.47ms, mfu 0.44%
model:LGT723D iter 12530: loss 2.1422, time 227.23ms, mfu 0.45%
model:LGT723D iter 12540: loss 2.3538, time 195.21ms, mfu 0.47%
------average encoder activity 0.291
-----------average decoder density 0.4869
step 12550: train loss 2.3691, val loss 2.3124
saving checkpoint to out-novel-char3_LGT723D_4d06c3ce0eb6b62233f4128fdb1c3b0f
model:LGT723D iter 12550: loss 2.7363, time 4534.08ms, mfu 0.42%
model:LGT723D iter 12560: loss 2.2363, time 214.17ms, mfu 0.44%
model:LGT723D iter 12570: loss 2.6281, time 195.11ms, mfu 0.46%
model:LGT723D iter 12580: loss 2.4792, time 196.85ms, mfu 0.47%
model:LGT723D iter 12590: loss 2.5478, time 196.91ms, mfu 0.48%
------average encoder activity 0.283
-----------average decoder density 0.5026
step 12600: train loss 2.3621, val loss 2.3087
saving checkpoint to out-novel-char3_LGT723D_4d06c3ce0eb6b62233f4128fdb1c3b0f
model:LGT723D iter 12600: loss 2.1123, time 4353.68ms, mfu 0.44%
model:LGT723D iter 12610: loss 2.2087, time 224.50ms, mfu 0.45%
model:LGT723D iter 12620: loss 2.8698, time 217.96ms, mfu 0.46%
model:LGT723D iter 12630: loss 2.3373, time 213.06ms, mfu 0.47%
model:LGT723D iter 12640: loss 2.6158, time 211.03ms, mfu 0.48%
------average encoder activity 0.279
-----------average decoder density 0.4775
step 12650: train loss 2.3813, val loss 2.2870
saving checkpoint to out-novel-char3_LGT723D_4d06c3ce0eb6b62233f4128fdb1c3b0f
model:LGT723D iter 12650: loss 1.8352, time 4229.93ms, mfu 0.43%
model:LGT723D iter 12660: loss 2.4131, time 243.76ms, mfu 0.44%
model:LGT723D iter 12670: loss 2.3901, time 215.13ms, mfu 0.45%
model:LGT723D iter 12680: loss 2.0716, time 198.80ms, mfu 0.47%
model:LGT723D iter 12690: loss 2.6224, time 241.07ms, mfu 0.47%
------average encoder activity 0.278
-----------average decoder density 0.4929
step 12700: train loss 2.3392, val loss 2.2746
saving checkpoint to out-novel-char3_LGT723D_4d06c3ce0eb6b62233f4128fdb1c3b0f
model:LGT723D iter 12700: loss 2.9514, time 4047.20ms, mfu 0.43%
model:LGT723D iter 12710: loss 2.4131, time 232.57ms, mfu 0.43%
model:LGT723D iter 12720: loss 2.7818, time 220.74ms, mfu 0.45%
model:LGT723D iter 12730: loss 2.1553, time 228.90ms, mfu 0.45%
model:LGT723D iter 12740: loss 2.2902, time 247.25ms, mfu 0.46%
------average encoder activity 0.275
-----------average decoder density 0.4707
step 12750: train loss 2.3872, val loss 2.3002
saving checkpoint to out-novel-char3_LGT723D_4d06c3ce0eb6b62233f4128fdb1c3b0f
model:LGT723D iter 12750: loss 2.3997, time 4245.65ms, mfu 0.41%
model:LGT723D iter 12760: loss 2.9360, time 202.05ms, mfu 0.43%
model:LGT723D iter 12770: loss 1.7067, time 188.51ms, mfu 0.45%
model:LGT723D iter 12780: loss 2.4816, time 203.36ms, mfu 0.47%
model:LGT723D iter 12790: loss 1.7077, time 234.91ms, mfu 0.47%
------average encoder activity 0.271
-----------average decoder density 0.4772
step 12800: train loss 2.4168, val loss 2.2908
saving checkpoint to out-novel-char3_LGT723D_4d06c3ce0eb6b62233f4128fdb1c3b0f
model:LGT723D iter 12800: loss 2.5556, time 4375.14ms, mfu 0.43%
model:LGT723D iter 12810: loss 2.3792, time 240.57ms, mfu 0.43%
model:LGT723D iter 12820: loss 2.1010, time 221.20ms, mfu 0.44%
model:LGT723D iter 12830: loss 2.4645, time 217.48ms, mfu 0.46%
model:LGT723D iter 12840: loss 2.5852, time 214.71ms, mfu 0.47%
------average encoder activity 0.270
-----------average decoder density 0.4674
step 12850: train loss 2.4176, val loss 2.2813
saving checkpoint to out-novel-char3_LGT723D_4d06c3ce0eb6b62233f4128fdb1c3b0f
model:LGT723D iter 12850: loss 2.1574, time 4199.64ms, mfu 0.42%
model:LGT723D iter 12860: loss 2.5122, time 194.25ms, mfu 0.44%
model:LGT723D iter 12870: loss 2.6268, time 198.22ms, mfu 0.46%
model:LGT723D iter 12880: loss 2.3106, time 214.07ms, mfu 0.47%
model:LGT723D iter 12890: loss 2.1776, time 235.73ms, mfu 0.47%
------average encoder activity 0.272
-----------average decoder density 0.4674
step 12900: train loss 2.3614, val loss 2.2756
saving checkpoint to out-novel-char3_LGT723D_4d06c3ce0eb6b62233f4128fdb1c3b0f
model:LGT723D iter 12900: loss 2.0017, time 3999.49ms, mfu 0.43%
model:LGT723D iter 12910: loss 2.4333, time 205.46ms, mfu 0.44%
model:LGT723D iter 12920: loss 2.9285, time 227.96ms, mfu 0.45%
model:LGT723D iter 12930: loss 2.4629, time 213.04ms, mfu 0.46%
model:LGT723D iter 12940: loss 2.4514, time 234.80ms, mfu 0.47%
------average encoder activity 0.269
-----------average decoder density 0.4903
step 12950: train loss 2.3512, val loss 2.2626
saving checkpoint to out-novel-char3_LGT723D_4d06c3ce0eb6b62233f4128fdb1c3b0f
model:LGT723D iter 12950: loss 2.5666, time 4519.11ms, mfu 0.42%
model:LGT723D iter 12960: loss 2.4461, time 182.24ms, mfu 0.45%
model:LGT723D iter 12970: loss 2.1222, time 203.92ms, mfu 0.46%
model:LGT723D iter 12980: loss 2.5584, time 230.61ms, mfu 0.47%
model:LGT723D iter 12990: loss 1.9515, time 209.12ms, mfu 0.48%
------average encoder activity 0.264
-----------average decoder density 0.4741
step 13000: train loss 2.3887, val loss 2.2879
saving checkpoint to out-novel-char3_LGT723D_4d06c3ce0eb6b62233f4128fdb1c3b0f
model:LGT723D iter 13000: loss 2.0905, time 4391.95ms, mfu 0.43%
model:LGT723D iter 13010: loss 2.9475, time 209.68ms, mfu 0.45%
model:LGT723D iter 13020: loss 2.1368, time 216.55ms, mfu 0.46%
model:LGT723D iter 13030: loss 2.1334, time 223.90ms, mfu 0.47%
model:LGT723D iter 13040: loss 2.6446, time 183.85ms, mfu 0.48%
------average encoder activity 0.260
-----------average decoder density 0.4729
step 13050: train loss 2.3305, val loss 2.2794
saving checkpoint to out-novel-char3_LGT723D_4d06c3ce0eb6b62233f4128fdb1c3b0f
model:LGT723D iter 13050: loss 1.9736, time 4450.22ms, mfu 0.44%
model:LGT723D iter 13060: loss 2.3604, time 202.16ms, mfu 0.45%
model:LGT723D iter 13070: loss 2.0439, time 234.20ms, mfu 0.46%
model:LGT723D iter 13080: loss 2.7016, time 223.73ms, mfu 0.47%
model:LGT723D iter 13090: loss 2.1662, time 200.72ms, mfu 0.48%
------average encoder activity 0.255
-----------average decoder density 0.4905
step 13100: train loss 2.3804, val loss 2.3013
saving checkpoint to out-novel-char3_LGT723D_4d06c3ce0eb6b62233f4128fdb1c3b0f
model:LGT723D iter 13100: loss 2.1839, time 4100.94ms, mfu 0.44%
model:LGT723D iter 13110: loss 2.7960, time 193.10ms, mfu 0.45%
model:LGT723D iter 13120: loss 1.8821, time 214.73ms, mfu 0.46%
model:LGT723D iter 13130: loss 1.9021, time 230.39ms, mfu 0.47%
model:LGT723D iter 13140: loss 2.2241, time 207.89ms, mfu 0.48%
------average encoder activity 0.249
-----------average decoder density 0.4631
step 13150: train loss 2.3551, val loss 2.2525
saving checkpoint to out-novel-char3_LGT723D_4d06c3ce0eb6b62233f4128fdb1c3b0f
model:LGT723D iter 13150: loss 2.7706, time 4366.95ms, mfu 0.44%
model:LGT723D iter 13160: loss 2.1128, time 208.03ms, mfu 0.45%
model:LGT723D iter 13170: loss 3.1967, time 231.55ms, mfu 0.46%
model:LGT723D iter 13180: loss 2.5276, time 216.12ms, mfu 0.47%
model:LGT723D iter 13190: loss 2.3826, time 197.78ms, mfu 0.48%
------average encoder activity 0.253
-----------average decoder density 0.4689
step 13200: train loss 2.3759, val loss 2.2813
saving checkpoint to out-novel-char3_LGT723D_4d06c3ce0eb6b62233f4128fdb1c3b0f
model:LGT723D iter 13200: loss 2.7006, time 4508.97ms, mfu 0.43%
model:LGT723D iter 13210: loss 1.7521, time 205.03ms, mfu 0.45%
model:LGT723D iter 13220: loss 2.3731, time 204.48ms, mfu 0.46%
model:LGT723D iter 13230: loss 2.6364, time 206.11ms, mfu 0.48%
model:LGT723D iter 13240: loss 1.9422, time 241.95ms, mfu 0.48%
------average encoder activity 0.250
-----------average decoder density 0.4714
step 13250: train loss 2.3624, val loss 2.3608
saving checkpoint to out-novel-char3_LGT723D_4d06c3ce0eb6b62233f4128fdb1c3b0f
model:LGT723D iter 13250: loss 2.4375, time 4273.91ms, mfu 0.43%
model:LGT723D iter 13260: loss 2.5598, time 248.25ms, mfu 0.44%
model:LGT723D iter 13270: loss 2.5644, time 228.16ms, mfu 0.45%
model:LGT723D iter 13280: loss 2.4730, time 179.88ms, mfu 0.47%
model:LGT723D iter 13290: loss 2.2467, time 208.79ms, mfu 0.48%
------average encoder activity 0.247
-----------average decoder density 0.4813
step 13300: train loss 2.4148, val loss 2.2423
saving checkpoint to out-novel-char3_LGT723D_4d06c3ce0eb6b62233f4128fdb1c3b0f
model:LGT723D iter 13300: loss 1.7973, time 4082.70ms, mfu 0.43%
model:LGT723D iter 13310: loss 1.9476, time 227.58ms, mfu 0.44%
model:LGT723D iter 13320: loss 1.8261, time 216.25ms, mfu 0.45%
model:LGT723D iter 13330: loss 2.4759, time 247.06ms, mfu 0.46%
model:LGT723D iter 13340: loss 2.2239, time 242.73ms, mfu 0.46%
------average encoder activity 0.245
-----------average decoder density 0.4884
step 13350: train loss 2.3756, val loss 2.2900
saving checkpoint to out-novel-char3_LGT723D_4d06c3ce0eb6b62233f4128fdb1c3b0f
model:LGT723D iter 13350: loss 2.5871, time 3929.39ms, mfu 0.42%
model:LGT723D iter 13360: loss 2.7007, time 214.48ms, mfu 0.43%
model:LGT723D iter 13370: loss 1.9201, time 198.67ms, mfu 0.45%
model:LGT723D iter 13380: loss 2.1087, time 219.65ms, mfu 0.46%
model:LGT723D iter 13390: loss 2.2540, time 232.95ms, mfu 0.46%
------average encoder activity 0.240
-----------average decoder density 0.4748
step 13400: train loss 2.3553, val loss 2.2248
saving checkpoint to out-novel-char3_LGT723D_4d06c3ce0eb6b62233f4128fdb1c3b0f
model:LGT723D iter 13400: loss 2.7158, time 4151.26ms, mfu 0.42%
model:LGT723D iter 13410: loss 2.6110, time 214.08ms, mfu 0.44%
model:LGT723D iter 13420: loss 1.8428, time 195.67ms, mfu 0.45%
model:LGT723D iter 13430: loss 2.5941, time 233.38ms, mfu 0.46%
model:LGT723D iter 13440: loss 2.4555, time 231.47ms, mfu 0.47%
------average encoder activity 0.238
-----------average decoder density 0.4964
step 13450: train loss 2.3218, val loss 2.2768
saving checkpoint to out-novel-char3_LGT723D_4d06c3ce0eb6b62233f4128fdb1c3b0f
model:LGT723D iter 13450: loss 1.5719, time 4376.73ms, mfu 0.42%
model:LGT723D iter 13460: loss 2.2454, time 206.88ms, mfu 0.44%
model:LGT723D iter 13470: loss 1.7109, time 191.42ms, mfu 0.46%
model:LGT723D iter 13480: loss 2.8227, time 212.75ms, mfu 0.47%
model:LGT723D iter 13490: loss 1.7877, time 206.66ms, mfu 0.48%
------average encoder activity 0.236
-----------average decoder density 0.4896
step 13500: train loss 2.3422, val loss 2.2452
saving checkpoint to out-novel-char3_LGT723D_4d06c3ce0eb6b62233f4128fdb1c3b0f
model:LGT723D iter 13500: loss 2.3606, time 4388.72ms, mfu 0.43%
model:LGT723D iter 13510: loss 2.6663, time 200.23ms, mfu 0.45%
model:LGT723D iter 13520: loss 2.2286, time 232.77ms, mfu 0.46%
model:LGT723D iter 13530: loss 1.9281, time 232.65ms, mfu 0.46%
model:LGT723D iter 13540: loss 2.4616, time 205.73ms, mfu 0.47%
------average encoder activity 0.233
-----------average decoder density 0.4893
step 13550: train loss 2.3925, val loss 2.2818
saving checkpoint to out-novel-char3_LGT723D_4d06c3ce0eb6b62233f4128fdb1c3b0f
model:LGT723D iter 13550: loss 2.3094, time 4063.71ms, mfu 0.43%
model:LGT723D iter 13560: loss 2.1221, time 214.25ms, mfu 0.44%
model:LGT723D iter 13570: loss 2.7488, time 210.54ms, mfu 0.46%
model:LGT723D iter 13580: loss 2.5589, time 228.52ms, mfu 0.46%
model:LGT723D iter 13590: loss 2.0467, time 215.07ms, mfu 0.47%
------average encoder activity 0.233
-----------average decoder density 0.4718
step 13600: train loss 2.3806, val loss 2.2635
saving checkpoint to out-novel-char3_LGT723D_4d06c3ce0eb6b62233f4128fdb1c3b0f
model:LGT723D iter 13600: loss 2.5871, time 4137.96ms, mfu 0.43%
model:LGT723D iter 13610: loss 2.3402, time 191.45ms, mfu 0.45%
model:LGT723D iter 13620: loss 2.7153, time 224.44ms, mfu 0.46%
model:LGT723D iter 13630: loss 2.5717, time 231.47ms, mfu 0.46%
model:LGT723D iter 13640: loss 2.0726, time 227.46ms, mfu 0.47%
------average encoder activity 0.229
-----------average decoder density 0.4738
step 13650: train loss 2.3338, val loss 2.2679
saving checkpoint to out-novel-char3_LGT723D_4d06c3ce0eb6b62233f4128fdb1c3b0f
model:LGT723D iter 13650: loss 1.4237, time 4512.87ms, mfu 0.42%
model:LGT723D iter 13660: loss 2.8304, time 191.58ms, mfu 0.44%
model:LGT723D iter 13670: loss 2.6142, time 205.69ms, mfu 0.46%
model:LGT723D iter 13680: loss 2.0873, time 236.71ms, mfu 0.46%
model:LGT723D iter 13690: loss 1.9545, time 224.05ms, mfu 0.47%
------average encoder activity 0.229
-----------average decoder density 0.4839
step 13700: train loss 2.3507, val loss 2.2248
saving checkpoint to out-novel-char3_LGT723D_4d06c3ce0eb6b62233f4128fdb1c3b0f
model:LGT723D iter 13700: loss 2.8916, time 4410.26ms, mfu 0.43%
model:LGT723D iter 13710: loss 2.5066, time 224.95ms, mfu 0.44%
model:LGT723D iter 13720: loss 2.6891, time 217.16ms, mfu 0.45%
model:LGT723D iter 13730: loss 2.6762, time 198.07ms, mfu 0.46%
model:LGT723D iter 13740: loss 1.7692, time 202.08ms, mfu 0.48%
------average encoder activity 0.229
-----------average decoder density 0.4707
step 13750: train loss 2.3418, val loss 2.2703
saving checkpoint to out-novel-char3_LGT723D_4d06c3ce0eb6b62233f4128fdb1c3b0f
model:LGT723D iter 13750: loss 2.2105, time 4368.33ms, mfu 0.43%
model:LGT723D iter 13760: loss 2.2804, time 236.45ms, mfu 0.44%
model:LGT723D iter 13770: loss 2.2478, time 226.90ms, mfu 0.45%
model:LGT723D iter 13780: loss 2.2928, time 233.26ms, mfu 0.46%
model:LGT723D iter 13790: loss 2.1926, time 227.23ms, mfu 0.46%
------average encoder activity 0.225
-----------average decoder density 0.4582
step 13800: train loss 2.3679, val loss 2.2259
saving checkpoint to out-novel-char3_LGT723D_4d06c3ce0eb6b62233f4128fdb1c3b0f
model:LGT723D iter 13800: loss 2.2889, time 3847.36ms, mfu 0.42%
model:LGT723D iter 13810: loss 2.4262, time 220.63ms, mfu 0.43%
model:LGT723D iter 13820: loss 1.9297, time 214.17ms, mfu 0.44%
model:LGT723D iter 13830: loss 2.1583, time 227.98ms, mfu 0.45%
model:LGT723D iter 13840: loss 2.3272, time 222.68ms, mfu 0.46%
------average encoder activity 0.226
-----------average decoder density 0.5065
step 13850: train loss 2.3132, val loss 2.2566
saving checkpoint to out-novel-char3_LGT723D_4d06c3ce0eb6b62233f4128fdb1c3b0f
model:LGT723D iter 13850: loss 2.4258, time 4114.85ms, mfu 0.42%
model:LGT723D iter 13860: loss 2.5011, time 225.30ms, mfu 0.43%
model:LGT723D iter 13870: loss 2.4743, time 213.19ms, mfu 0.44%
model:LGT723D iter 13880: loss 2.0518, time 215.49ms, mfu 0.45%
model:LGT723D iter 13890: loss 2.1047, time 240.81ms, mfu 0.46%
------average encoder activity 0.225
-----------average decoder density 0.4752
step 13900: train loss 2.3445, val loss 2.2654
saving checkpoint to out-novel-char3_LGT723D_4d06c3ce0eb6b62233f4128fdb1c3b0f
model:LGT723D iter 13900: loss 2.1389, time 4307.44ms, mfu 0.42%
model:LGT723D iter 13910: loss 2.3370, time 230.10ms, mfu 0.43%
model:LGT723D iter 13920: loss 2.9808, time 180.22ms, mfu 0.45%
model:LGT723D iter 13930: loss 2.3435, time 198.87ms, mfu 0.47%
model:LGT723D iter 13940: loss 3.1535, time 233.91ms, mfu 0.47%
------average encoder activity 0.225
-----------average decoder density 0.4789
step 13950: train loss 2.3257, val loss 2.2530
saving checkpoint to out-novel-char3_LGT723D_4d06c3ce0eb6b62233f4128fdb1c3b0f
model:LGT723D iter 13950: loss 2.4490, time 4277.84ms, mfu 0.43%
model:LGT723D iter 13960: loss 2.1774, time 227.88ms, mfu 0.44%
model:LGT723D iter 13970: loss 2.0651, time 251.58ms, mfu 0.44%
model:LGT723D iter 13980: loss 1.9716, time 237.44ms, mfu 0.45%
model:LGT723D iter 13990: loss 2.6718, time 197.33ms, mfu 0.46%
------average encoder activity 0.222
-----------average decoder density 0.4888
step 14000: train loss 2.3206, val loss 2.2891
saving checkpoint to out-novel-char3_LGT723D_4d06c3ce0eb6b62233f4128fdb1c3b0f
model:LGT723D iter 14000: loss 2.2381, time 4297.49ms, mfu 0.42%
model:LGT723D iter 14010: loss 1.8406, time 201.78ms, mfu 0.44%
model:LGT723D iter 14020: loss 2.2465, time 225.41ms, mfu 0.45%
model:LGT723D iter 14030: loss 2.4285, time 216.35ms, mfu 0.46%
model:LGT723D iter 14040: loss 2.5845, time 227.18ms, mfu 0.46%
------average encoder activity 0.218
-----------average decoder density 0.4834
step 14050: train loss 2.3798, val loss 2.2621
saving checkpoint to out-novel-char3_LGT723D_4d06c3ce0eb6b62233f4128fdb1c3b0f
model:LGT723D iter 14050: loss 2.5361, time 3995.25ms, mfu 0.42%
model:LGT723D iter 14060: loss 2.7923, time 214.68ms, mfu 0.43%
model:LGT723D iter 14070: loss 1.6755, time 224.18ms, mfu 0.44%
model:LGT723D iter 14080: loss 2.6324, time 252.09ms, mfu 0.45%
model:LGT723D iter 14090: loss 2.5326, time 221.10ms, mfu 0.46%
------average encoder activity 0.215
-----------average decoder density 0.4904
step 14100: train loss 2.3235, val loss 2.2950
saving checkpoint to out-novel-char3_LGT723D_4d06c3ce0eb6b62233f4128fdb1c3b0f
model:LGT723D iter 14100: loss 1.7086, time 4523.82ms, mfu 0.41%
model:LGT723D iter 14110: loss 2.3064, time 194.22ms, mfu 0.43%
model:LGT723D iter 14120: loss 2.6898, time 192.43ms, mfu 0.45%
model:LGT723D iter 14130: loss 2.6248, time 226.78ms, mfu 0.46%
model:LGT723D iter 14140: loss 2.8040, time 199.10ms, mfu 0.48%
------average encoder activity 0.215
-----------average decoder density 0.4815
step 14150: train loss 2.3475, val loss 2.2958
saving checkpoint to out-novel-char3_LGT723D_4d06c3ce0eb6b62233f4128fdb1c3b0f
model:LGT723D iter 14150: loss 2.3789, time 4389.27ms, mfu 0.43%
model:LGT723D iter 14160: loss 2.4933, time 214.02ms, mfu 0.44%
model:LGT723D iter 14170: loss 2.1280, time 214.12ms, mfu 0.46%
model:LGT723D iter 14180: loss 2.1889, time 210.28ms, mfu 0.47%
model:LGT723D iter 14190: loss 1.9114, time 200.06ms, mfu 0.48%
------average encoder activity 0.214
-----------average decoder density 0.4835
step 14200: train loss 2.3675, val loss 2.2901
saving checkpoint to out-novel-char3_LGT723D_4d06c3ce0eb6b62233f4128fdb1c3b0f
model:LGT723D iter 14200: loss 2.4889, time 4340.19ms, mfu 0.43%
model:LGT723D iter 14210: loss 2.3661, time 202.72ms, mfu 0.45%
model:LGT723D iter 14220: loss 2.7872, time 220.87ms, mfu 0.46%
model:LGT723D iter 14230: loss 1.9374, time 240.31ms, mfu 0.46%
model:LGT723D iter 14240: loss 1.8925, time 193.96ms, mfu 0.48%
------average encoder activity 0.214
-----------average decoder density 0.4801
step 14250: train loss 2.3817, val loss 2.2989
saving checkpoint to out-novel-char3_LGT723D_4d06c3ce0eb6b62233f4128fdb1c3b0f
model:LGT723D iter 14250: loss 2.1024, time 4223.13ms, mfu 0.43%
model:LGT723D iter 14260: loss 3.1596, time 237.19ms, mfu 0.44%
model:LGT723D iter 14270: loss 3.0059, time 241.88ms, mfu 0.45%
model:LGT723D iter 14280: loss 2.7744, time 249.20ms, mfu 0.45%
model:LGT723D iter 14290: loss 2.4527, time 198.16ms, mfu 0.47%
------average encoder activity 0.212
-----------average decoder density 0.4716
step 14300: train loss 2.3628, val loss 2.2513
saving checkpoint to out-novel-char3_LGT723D_4d06c3ce0eb6b62233f4128fdb1c3b0f
model:LGT723D iter 14300: loss 2.1773, time 4258.29ms, mfu 0.42%
model:LGT723D iter 14310: loss 1.8753, time 207.26ms, mfu 0.44%
model:LGT723D iter 14320: loss 2.3811, time 227.52ms, mfu 0.45%
model:LGT723D iter 14330: loss 2.0805, time 201.28ms, mfu 0.46%
model:LGT723D iter 14340: loss 2.2055, time 250.67ms, mfu 0.46%
------average encoder activity 0.212
-----------average decoder density 0.4732
step 14350: train loss 2.3379, val loss 2.2957
saving checkpoint to out-novel-char3_LGT723D_4d06c3ce0eb6b62233f4128fdb1c3b0f
model:LGT723D iter 14350: loss 2.5639, time 4286.33ms, mfu 0.42%
model:LGT723D iter 14360: loss 2.5284, time 214.23ms, mfu 0.43%
model:LGT723D iter 14370: loss 2.7546, time 224.02ms, mfu 0.44%
model:LGT723D iter 14380: loss 2.4359, time 173.12ms, mfu 0.47%
model:LGT723D iter 14390: loss 2.2627, time 243.14ms, mfu 0.47%
------average encoder activity 0.211
-----------average decoder density 0.4949
step 14400: train loss 2.3445, val loss 2.2328
saving checkpoint to out-novel-char3_LGT723D_4d06c3ce0eb6b62233f4128fdb1c3b0f
model:LGT723D iter 14400: loss 2.5801, time 4204.66ms, mfu 0.43%
model:LGT723D iter 14410: loss 2.5569, time 220.68ms, mfu 0.44%
model:LGT723D iter 14420: loss 2.0598, time 215.55ms, mfu 0.45%
model:LGT723D iter 14430: loss 2.2755, time 208.77ms, mfu 0.46%
model:LGT723D iter 14440: loss 2.2743, time 210.81ms, mfu 0.47%
------average encoder activity 0.210
-----------average decoder density 0.4865
step 14450: train loss 2.3374, val loss 2.2362
saving checkpoint to out-novel-char3_LGT723D_4d06c3ce0eb6b62233f4128fdb1c3b0f
model:LGT723D iter 14450: loss 3.2561, time 4111.36ms, mfu 0.43%
model:LGT723D iter 14460: loss 2.0233, time 216.67ms, mfu 0.44%
model:LGT723D iter 14470: loss 2.3474, time 221.30ms, mfu 0.45%
model:LGT723D iter 14480: loss 1.7925, time 202.63ms, mfu 0.47%
model:LGT723D iter 14490: loss 2.3035, time 221.40ms, mfu 0.47%
------average encoder activity 0.209
-----------average decoder density 0.5028
step 14500: train loss 2.3044, val loss 2.2793
saving checkpoint to out-novel-char3_LGT723D_4d06c3ce0eb6b62233f4128fdb1c3b0f
model:LGT723D iter 14500: loss 2.0942, time 3851.87ms, mfu 0.43%
model:LGT723D iter 14510: loss 2.1493, time 219.79ms, mfu 0.44%
model:LGT723D iter 14520: loss 2.0651, time 213.33ms, mfu 0.45%
model:LGT723D iter 14530: loss 2.6250, time 216.21ms, mfu 0.46%
model:LGT723D iter 14540: loss 2.7392, time 228.95ms, mfu 0.47%
------average encoder activity 0.207
-----------average decoder density 0.4714
step 14550: train loss 2.3451, val loss 2.2541
saving checkpoint to out-novel-char3_LGT723D_4d06c3ce0eb6b62233f4128fdb1c3b0f
model:LGT723D iter 14550: loss 1.8765, time 4143.43ms, mfu 0.43%
model:LGT723D iter 14560: loss 2.7751, time 219.54ms, mfu 0.44%
model:LGT723D iter 14570: loss 3.0279, time 203.25ms, mfu 0.45%
model:LGT723D iter 14580: loss 2.5518, time 230.21ms, mfu 0.46%
model:LGT723D iter 14590: loss 2.7558, time 234.05ms, mfu 0.46%
------average encoder activity 0.210
-----------average decoder density 0.4934
step 14600: train loss 2.3186, val loss 2.2470
saving checkpoint to out-novel-char3_LGT723D_4d06c3ce0eb6b62233f4128fdb1c3b0f
model:LGT723D iter 14600: loss 1.7540, time 4422.34ms, mfu 0.42%
model:LGT723D iter 14610: loss 2.4167, time 203.27ms, mfu 0.44%
model:LGT723D iter 14620: loss 2.1419, time 229.73ms, mfu 0.45%
model:LGT723D iter 14630: loss 2.7065, time 195.34ms, mfu 0.46%
model:LGT723D iter 14640: loss 2.3083, time 208.53ms, mfu 0.47%
------average encoder activity 0.202
-----------average decoder density 0.4909
step 14650: train loss 2.3167, val loss 2.2534
saving checkpoint to out-novel-char3_LGT723D_4d06c3ce0eb6b62233f4128fdb1c3b0f
model:LGT723D iter 14650: loss 2.2725, time 4428.03ms, mfu 0.43%
model:LGT723D iter 14660: loss 2.3867, time 208.55ms, mfu 0.44%
model:LGT723D iter 14670: loss 3.1614, time 238.60ms, mfu 0.45%
model:LGT723D iter 14680: loss 2.3699, time 226.62ms, mfu 0.46%
model:LGT723D iter 14690: loss 2.6024, time 208.45ms, mfu 0.47%
------average encoder activity 0.204
-----------average decoder density 0.4881
step 14700: train loss 2.3623, val loss 2.2558
saving checkpoint to out-novel-char3_LGT723D_4d06c3ce0eb6b62233f4128fdb1c3b0f
model:LGT723D iter 14700: loss 2.2598, time 4038.50ms, mfu 0.43%
model:LGT723D iter 14710: loss 1.7886, time 190.15ms, mfu 0.45%
model:LGT723D iter 14720: loss 2.4009, time 208.23ms, mfu 0.46%
model:LGT723D iter 14730: loss 2.2630, time 216.14ms, mfu 0.47%
model:LGT723D iter 14740: loss 1.7916, time 214.99ms, mfu 0.48%
------average encoder activity 0.202
-----------average decoder density 0.4760
step 14750: train loss 2.3248, val loss 2.2134
saving checkpoint to out-novel-char3_LGT723D_4d06c3ce0eb6b62233f4128fdb1c3b0f
model:LGT723D iter 14750: loss 2.5242, time 4483.92ms, mfu 0.43%
model:LGT723D iter 14760: loss 2.9126, time 206.09ms, mfu 0.45%
model:LGT723D iter 14770: loss 2.1727, time 225.56ms, mfu 0.46%
model:LGT723D iter 14780: loss 1.8309, time 245.29ms, mfu 0.46%
model:LGT723D iter 14790: loss 3.0702, time 240.38ms, mfu 0.46%
------average encoder activity 0.204
-----------average decoder density 0.4740
step 14800: train loss 2.2920, val loss 2.2427
saving checkpoint to out-novel-char3_LGT723D_4d06c3ce0eb6b62233f4128fdb1c3b0f
model:LGT723D iter 14800: loss 1.9973, time 4725.44ms, mfu 0.42%
model:LGT723D iter 14810: loss 2.0516, time 231.16ms, mfu 0.43%
model:LGT723D iter 14820: loss 2.5843, time 217.11ms, mfu 0.44%
model:LGT723D iter 14830: loss 2.2587, time 196.79ms, mfu 0.46%
model:LGT723D iter 14840: loss 2.0715, time 237.20ms, mfu 0.46%
------average encoder activity 0.206
-----------average decoder density 0.4751
step 14850: train loss 2.3316, val loss 2.2133
saving checkpoint to out-novel-char3_LGT723D_4d06c3ce0eb6b62233f4128fdb1c3b0f
model:LGT723D iter 14850: loss 2.6125, time 4363.57ms, mfu 0.42%
model:LGT723D iter 14860: loss 1.9552, time 228.38ms, mfu 0.43%
model:LGT723D iter 14870: loss 2.1843, time 231.64ms, mfu 0.44%
model:LGT723D iter 14880: loss 1.9021, time 209.77ms, mfu 0.45%
model:LGT723D iter 14890: loss 2.2842, time 213.26ms, mfu 0.46%
------average encoder activity 0.208
-----------average decoder density 0.5045
step 14900: train loss 2.3327, val loss 2.2475
saving checkpoint to out-novel-char3_LGT723D_4d06c3ce0eb6b62233f4128fdb1c3b0f
model:LGT723D iter 14900: loss 1.8507, time 3950.85ms, mfu 0.42%
model:LGT723D iter 14910: loss 3.2178, time 232.20ms, mfu 0.43%
model:LGT723D iter 14920: loss 2.2730, time 213.21ms, mfu 0.44%
model:LGT723D iter 14930: loss 1.9601, time 225.59ms, mfu 0.45%
model:LGT723D iter 14940: loss 2.3475, time 236.77ms, mfu 0.46%
------average encoder activity 0.206
-----------average decoder density 0.5103
step 14950: train loss 2.3553, val loss 2.2819
saving checkpoint to out-novel-char3_LGT723D_4d06c3ce0eb6b62233f4128fdb1c3b0f
model:LGT723D iter 14950: loss 2.5615, time 4083.22ms, mfu 0.41%
model:LGT723D iter 14960: loss 2.4143, time 236.69ms, mfu 0.42%
model:LGT723D iter 14970: loss 2.8006, time 215.21ms, mfu 0.44%
model:LGT723D iter 14980: loss 2.5822, time 238.14ms, mfu 0.44%
model:LGT723D iter 14990: loss 1.9841, time 226.86ms, mfu 0.45%
------average encoder activity 0.206
-----------average decoder density 0.5037
step 15000: train loss 2.3134, val loss 2.2605
saving checkpoint to out-novel-char3_LGT723D_4d06c3ce0eb6b62233f4128fdb1c3b0f
model:LGT723D iter 15000: loss 1.9040, time 4190.47ms, mfu 0.41%
model:LGT723D iter 15010: loss 2.2252, time 220.16ms, mfu 0.42%
model:LGT723D iter 15020: loss 1.5887, time 218.99ms, mfu 0.44%
model:LGT723D iter 15030: loss 2.2485, time 221.29ms, mfu 0.45%
model:LGT723D iter 15040: loss 2.3943, time 232.29ms, mfu 0.45%
------average encoder activity 0.203
-----------average decoder density 0.4714
step 15050: train loss 2.3549, val loss 2.2163
saving checkpoint to out-novel-char3_LGT723D_4d06c3ce0eb6b62233f4128fdb1c3b0f
model:LGT723D iter 15050: loss 1.9494, time 4358.42ms, mfu 0.41%
model:LGT723D iter 15060: loss 2.3574, time 201.00ms, mfu 0.43%
model:LGT723D iter 15070: loss 2.3821, time 231.35ms, mfu 0.44%
model:LGT723D iter 15080: loss 2.3031, time 199.46ms, mfu 0.45%
model:LGT723D iter 15090: loss 2.1444, time 207.04ms, mfu 0.47%
------average encoder activity 0.205
-----------average decoder density 0.4690
step 15100: train loss 2.3609, val loss 2.2608
saving checkpoint to out-novel-char3_LGT723D_4d06c3ce0eb6b62233f4128fdb1c3b0f
model:LGT723D iter 15100: loss 2.3952, time 4496.27ms, mfu 0.42%
model:LGT723D iter 15110: loss 1.6681, time 221.32ms, mfu 0.44%
model:LGT723D iter 15120: loss 2.4200, time 240.94ms, mfu 0.44%
model:LGT723D iter 15130: loss 2.1274, time 243.79ms, mfu 0.45%
model:LGT723D iter 15140: loss 1.5887, time 212.68ms, mfu 0.46%
------average encoder activity 0.206
-----------average decoder density 0.4873
step 15150: train loss 2.3772, val loss 2.2137
saving checkpoint to out-novel-char3_LGT723D_4d06c3ce0eb6b62233f4128fdb1c3b0f
model:LGT723D iter 15150: loss 2.6108, time 3946.11ms, mfu 0.42%
model:LGT723D iter 15160: loss 2.6206, time 201.72ms, mfu 0.43%
model:LGT723D iter 15170: loss 2.6381, time 228.21ms, mfu 0.44%
model:LGT723D iter 15180: loss 2.0584, time 247.02ms, mfu 0.45%
model:LGT723D iter 15190: loss 2.5993, time 209.27ms, mfu 0.46%
------average encoder activity 0.208
-----------average decoder density 0.4709
step 15200: train loss 2.3350, val loss 2.2507
saving checkpoint to out-novel-char3_LGT723D_4d06c3ce0eb6b62233f4128fdb1c3b0f
model:LGT723D iter 15200: loss 2.4101, time 4355.86ms, mfu 0.42%
model:LGT723D iter 15210: loss 1.9230, time 209.25ms, mfu 0.43%
model:LGT723D iter 15220: loss 3.2009, time 237.46ms, mfu 0.44%
model:LGT723D iter 15230: loss 2.7786, time 230.20ms, mfu 0.45%
model:LGT723D iter 15240: loss 1.9681, time 212.76ms, mfu 0.46%
------average encoder activity 0.207
-----------average decoder density 0.4873
step 15250: train loss 2.3379, val loss 2.1913
saving checkpoint to out-novel-char3_LGT723D_4d06c3ce0eb6b62233f4128fdb1c3b0f
model:LGT723D iter 15250: loss 2.4315, time 4464.57ms, mfu 0.42%
model:LGT723D iter 15260: loss 2.2626, time 225.34ms, mfu 0.43%
model:LGT723D iter 15270: loss 2.5841, time 192.25ms, mfu 0.45%
model:LGT723D iter 15280: loss 2.4658, time 245.83ms, mfu 0.45%
model:LGT723D iter 15290: loss 2.8437, time 226.02ms, mfu 0.46%
------average encoder activity 0.205
-----------average decoder density 0.4788
step 15300: train loss 2.2843, val loss 2.2429
saving checkpoint to out-novel-char3_LGT723D_4d06c3ce0eb6b62233f4128fdb1c3b0f
model:LGT723D iter 15300: loss 2.5971, time 4339.59ms, mfu 0.42%
model:LGT723D iter 15310: loss 2.0139, time 219.57ms, mfu 0.43%
model:LGT723D iter 15320: loss 1.7257, time 229.81ms, mfu 0.44%
model:LGT723D iter 15330: loss 2.0665, time 194.87ms, mfu 0.46%
model:LGT723D iter 15340: loss 1.9302, time 206.87ms, mfu 0.47%
------average encoder activity 0.204
-----------average decoder density 0.4886
step 15350: train loss 2.3190, val loss 2.2164
saving checkpoint to out-novel-char3_LGT723D_4d06c3ce0eb6b62233f4128fdb1c3b0f
model:LGT723D iter 15350: loss 2.4638, time 3966.08ms, mfu 0.42%
model:LGT723D iter 15360: loss 2.7425, time 230.36ms, mfu 0.43%
model:LGT723D iter 15370: loss 2.8399, time 226.21ms, mfu 0.44%
model:LGT723D iter 15380: loss 2.1139, time 227.07ms, mfu 0.45%
model:LGT723D iter 15390: loss 2.8646, time 244.08ms, mfu 0.46%
------average encoder activity 0.204
-----------average decoder density 0.4751
step 15400: train loss 2.2808, val loss 2.2282
saving checkpoint to out-novel-char3_LGT723D_4d06c3ce0eb6b62233f4128fdb1c3b0f
model:LGT723D iter 15400: loss 2.4284, time 4038.51ms, mfu 0.41%
model:LGT723D iter 15410: loss 2.5004, time 234.15ms, mfu 0.42%
model:LGT723D iter 15420: loss 2.3486, time 209.25ms, mfu 0.44%
model:LGT723D iter 15430: loss 2.5413, time 232.96ms, mfu 0.45%
model:LGT723D iter 15440: loss 2.7779, time 244.42ms, mfu 0.45%
------average encoder activity 0.204
-----------average decoder density 0.4792
step 15450: train loss 2.3583, val loss 2.2106
saving checkpoint to out-novel-char3_LGT723D_4d06c3ce0eb6b62233f4128fdb1c3b0f
model:LGT723D iter 15450: loss 2.4014, time 4205.61ms, mfu 0.41%
model:LGT723D iter 15460: loss 1.8056, time 204.32ms, mfu 0.43%
model:LGT723D iter 15470: loss 2.6330, time 213.87ms, mfu 0.44%
model:LGT723D iter 15480: loss 1.8136, time 213.30ms, mfu 0.45%
model:LGT723D iter 15490: loss 2.9489, time 239.70ms, mfu 0.46%
------average encoder activity 0.199
-----------average decoder density 0.4718
step 15500: train loss 2.3307, val loss 2.2715
saving checkpoint to out-novel-char3_LGT723D_4d06c3ce0eb6b62233f4128fdb1c3b0f
model:LGT723D iter 15500: loss 2.7716, time 4268.94ms, mfu 0.41%
model:LGT723D iter 15510: loss 2.5490, time 214.26ms, mfu 0.43%
model:LGT723D iter 15520: loss 1.7578, time 240.45ms, mfu 0.44%
model:LGT723D iter 15530: loss 2.5021, time 219.26ms, mfu 0.45%
model:LGT723D iter 15540: loss 2.8132, time 193.80ms, mfu 0.46%
------average encoder activity 0.202
-----------average decoder density 0.4657
step 15550: train loss 2.3118, val loss 2.2232
saving checkpoint to out-novel-char3_LGT723D_4d06c3ce0eb6b62233f4128fdb1c3b0f
model:LGT723D iter 15550: loss 2.0164, time 4326.10ms, mfu 0.42%
model:LGT723D iter 15560: loss 2.4654, time 216.58ms, mfu 0.43%
model:LGT723D iter 15570: loss 2.1673, time 239.42ms, mfu 0.44%
model:LGT723D iter 15580: loss 2.0667, time 243.78ms, mfu 0.45%
model:LGT723D iter 15590: loss 2.5738, time 216.62ms, mfu 0.46%
------average encoder activity 0.202
-----------average decoder density 0.4789
step 15600: train loss 2.3408, val loss 2.2374
saving checkpoint to out-novel-char3_LGT723D_4d06c3ce0eb6b62233f4128fdb1c3b0f
model:LGT723D iter 15600: loss 2.6213, time 4059.30ms, mfu 0.41%
model:LGT723D iter 15610: loss 2.4610, time 213.25ms, mfu 0.43%
model:LGT723D iter 15620: loss 2.1016, time 232.39ms, mfu 0.44%
model:LGT723D iter 15630: loss 2.3614, time 221.53ms, mfu 0.45%
model:LGT723D iter 15640: loss 2.6836, time 212.28ms, mfu 0.46%
------average encoder activity 0.204
-----------average decoder density 0.4725
step 15650: train loss 2.3061, val loss 2.2417
saving checkpoint to out-novel-char3_LGT723D_4d06c3ce0eb6b62233f4128fdb1c3b0f
model:LGT723D iter 15650: loss 2.8234, time 4479.61ms, mfu 0.42%
model:LGT723D iter 15660: loss 2.2687, time 207.64ms, mfu 0.43%
model:LGT723D iter 15670: loss 1.9507, time 192.67ms, mfu 0.45%
model:LGT723D iter 15680: loss 2.2997, time 227.98ms, mfu 0.46%
model:LGT723D iter 15690: loss 2.7048, time 215.92ms, mfu 0.47%
------average encoder activity 0.200
-----------average decoder density 0.4703
step 15700: train loss 2.3180, val loss 2.2150
saving checkpoint to out-novel-char3_LGT723D_4d06c3ce0eb6b62233f4128fdb1c3b0f
model:LGT723D iter 15700: loss 2.1080, time 4566.73ms, mfu 0.42%
model:LGT723D iter 15710: loss 2.3751, time 209.67ms, mfu 0.44%
model:LGT723D iter 15720: loss 2.4516, time 195.31ms, mfu 0.46%
model:LGT723D iter 15730: loss 2.2930, time 220.31ms, mfu 0.47%
model:LGT723D iter 15740: loss 2.5998, time 228.12ms, mfu 0.47%
------average encoder activity 0.197
-----------average decoder density 0.4673
step 15750: train loss 2.2853, val loss 2.2125
saving checkpoint to out-novel-char3_LGT723D_4d06c3ce0eb6b62233f4128fdb1c3b0f
model:LGT723D iter 15750: loss 2.9920, time 4447.03ms, mfu 0.43%
model:LGT723D iter 15760: loss 2.1204, time 230.08ms, mfu 0.44%
model:LGT723D iter 15770: loss 2.1158, time 211.92ms, mfu 0.45%
model:LGT723D iter 15780: loss 2.8060, time 234.35ms, mfu 0.46%
model:LGT723D iter 15790: loss 2.4919, time 207.64ms, mfu 0.47%
------average encoder activity 0.199
-----------average decoder density 0.4862
step 15800: train loss 2.3417, val loss 2.2697
saving checkpoint to out-novel-char3_LGT723D_4d06c3ce0eb6b62233f4128fdb1c3b0f
model:LGT723D iter 15800: loss 2.5974, time 4381.82ms, mfu 0.42%
model:LGT723D iter 15810: loss 2.3696, time 210.85ms, mfu 0.44%
model:LGT723D iter 15820: loss 2.1479, time 252.16ms, mfu 0.44%
model:LGT723D iter 15830: loss 1.7290, time 208.88ms, mfu 0.46%
model:LGT723D iter 15840: loss 2.5978, time 231.91ms, mfu 0.46%
------average encoder activity 0.200
-----------average decoder density 0.4723
step 15850: train loss 2.3477, val loss 2.2260
saving checkpoint to out-novel-char3_LGT723D_4d06c3ce0eb6b62233f4128fdb1c3b0f
model:LGT723D iter 15850: loss 2.2514, time 4192.22ms, mfu 0.42%
model:LGT723D iter 15860: loss 2.1552, time 214.30ms, mfu 0.43%
model:LGT723D iter 15870: loss 2.2102, time 220.18ms, mfu 0.44%
model:LGT723D iter 15880: loss 2.4958, time 191.96ms, mfu 0.46%
model:LGT723D iter 15890: loss 2.3696, time 231.22ms, mfu 0.47%
------average encoder activity 0.195
-----------average decoder density 0.4902
step 15900: train loss 2.2887, val loss 2.2420
saving checkpoint to out-novel-char3_LGT723D_4d06c3ce0eb6b62233f4128fdb1c3b0f
model:LGT723D iter 15900: loss 2.2021, time 4291.37ms, mfu 0.42%
model:LGT723D iter 15910: loss 2.4699, time 238.55ms, mfu 0.43%
model:LGT723D iter 15920: loss 2.4995, time 207.14ms, mfu 0.45%
model:LGT723D iter 15930: loss 1.3913, time 188.34ms, mfu 0.47%
model:LGT723D iter 15940: loss 2.0560, time 211.86ms, mfu 0.48%
------average encoder activity 0.193
-----------average decoder density 0.4686
step 15950: train loss 2.3298, val loss 2.2697
saving checkpoint to out-novel-char3_LGT723D_4d06c3ce0eb6b62233f4128fdb1c3b0f
model:LGT723D iter 15950: loss 2.4449, time 4210.97ms, mfu 0.43%
model:LGT723D iter 15960: loss 2.9064, time 230.34ms, mfu 0.44%
model:LGT723D iter 15970: loss 2.0499, time 209.82ms, mfu 0.45%
model:LGT723D iter 15980: loss 2.5797, time 211.29ms, mfu 0.46%
model:LGT723D iter 15990: loss 2.9980, time 241.18ms, mfu 0.47%
------average encoder activity 0.192
-----------average decoder density 0.4841
step 16000: train loss 2.2978, val loss 2.2191
saving checkpoint to out-novel-char3_LGT723D_4d06c3ce0eb6b62233f4128fdb1c3b0f
model:LGT723D iter 16000: loss 2.1362, time 4098.28ms, mfu 0.42%
model:LGT723D iter 16010: loss 3.1166, time 234.84ms, mfu 0.43%
model:LGT723D iter 16020: loss 2.0749, time 214.79ms, mfu 0.45%
model:LGT723D iter 16030: loss 2.6211, time 247.84ms, mfu 0.45%
model:LGT723D iter 16040: loss 2.8893, time 222.41ms, mfu 0.46%
------average encoder activity 0.193
-----------average decoder density 0.5059
step 16050: train loss 2.2919, val loss 2.2440
saving checkpoint to out-novel-char3_LGT723D_4d06c3ce0eb6b62233f4128fdb1c3b0f
model:LGT723D iter 16050: loss 2.9264, time 4035.99ms, mfu 0.42%
model:LGT723D iter 16060: loss 2.2529, time 223.13ms, mfu 0.43%
model:LGT723D iter 16070: loss 2.2658, time 199.07ms, mfu 0.45%
model:LGT723D iter 16080: loss 3.0909, time 244.65ms, mfu 0.45%
model:LGT723D iter 16090: loss 2.1569, time 216.16ms, mfu 0.46%
------average encoder activity 0.192
-----------average decoder density 0.4789
step 16100: train loss 2.3027, val loss 2.2456
saving checkpoint to out-novel-char3_LGT723D_4d06c3ce0eb6b62233f4128fdb1c3b0f
model:LGT723D iter 16100: loss 2.6961, time 4319.27ms, mfu 0.42%
model:LGT723D iter 16110: loss 1.6540, time 224.15ms, mfu 0.43%
model:LGT723D iter 16120: loss 2.0861, time 208.02ms, mfu 0.44%
model:LGT723D iter 16130: loss 2.0214, time 198.47ms, mfu 0.46%
model:LGT723D iter 16140: loss 2.7273, time 241.37ms, mfu 0.46%
------average encoder activity 0.191
-----------average decoder density 0.4972
step 16150: train loss 2.3452, val loss 2.2846
saving checkpoint to out-novel-char3_LGT723D_4d06c3ce0eb6b62233f4128fdb1c3b0f
model:LGT723D iter 16150: loss 2.6117, time 4435.09ms, mfu 0.42%
model:LGT723D iter 16160: loss 2.8152, time 214.64ms, mfu 0.43%
model:LGT723D iter 16170: loss 2.4447, time 237.38ms, mfu 0.44%
model:LGT723D iter 16180: loss 2.1749, time 208.23ms, mfu 0.45%
model:LGT723D iter 16190: loss 2.1941, time 219.03ms, mfu 0.46%
------average encoder activity 0.191
-----------average decoder density 0.4740
step 16200: train loss 2.3181, val loss 2.2408
saving checkpoint to out-novel-char3_LGT723D_4d06c3ce0eb6b62233f4128fdb1c3b0f
model:LGT723D iter 16200: loss 2.4097, time 4637.32ms, mfu 0.42%
model:LGT723D iter 16210: loss 2.1950, time 201.46ms, mfu 0.44%
model:LGT723D iter 16220: loss 2.8751, time 226.20ms, mfu 0.45%
model:LGT723D iter 16230: loss 3.0330, time 246.05ms, mfu 0.45%
model:LGT723D iter 16240: loss 2.4606, time 207.32ms, mfu 0.46%
------average encoder activity 0.190
-----------average decoder density 0.4748
step 16250: train loss 2.2571, val loss 2.2609
saving checkpoint to out-novel-char3_LGT723D_4d06c3ce0eb6b62233f4128fdb1c3b0f
model:LGT723D iter 16250: loss 2.6011, time 4094.60ms, mfu 0.42%
model:LGT723D iter 16260: loss 2.4042, time 215.71ms, mfu 0.43%
model:LGT723D iter 16270: loss 1.5920, time 230.64ms, mfu 0.44%
model:LGT723D iter 16280: loss 2.3230, time 243.61ms, mfu 0.45%
model:LGT723D iter 16290: loss 2.0044, time 219.99ms, mfu 0.46%
------average encoder activity 0.187
-----------average decoder density 0.4866
step 16300: train loss 2.3144, val loss 2.2502
saving checkpoint to out-novel-char3_LGT723D_4d06c3ce0eb6b62233f4128fdb1c3b0f
model:LGT723D iter 16300: loss 2.6100, time 4411.59ms, mfu 0.41%
model:LGT723D iter 16310: loss 2.1392, time 219.06ms, mfu 0.43%
model:LGT723D iter 16320: loss 2.5732, time 236.69ms, mfu 0.44%
model:LGT723D iter 16330: loss 1.9742, time 232.53ms, mfu 0.44%
model:LGT723D iter 16340: loss 2.2182, time 218.20ms, mfu 0.45%
------average encoder activity 0.188
-----------average decoder density 0.5078
step 16350: train loss 2.3205, val loss 2.2378
saving checkpoint to out-novel-char3_LGT723D_4d06c3ce0eb6b62233f4128fdb1c3b0f
model:LGT723D iter 16350: loss 2.2094, time 4433.54ms, mfu 0.41%
model:LGT723D iter 16360: loss 1.7931, time 219.67ms, mfu 0.43%
model:LGT723D iter 16370: loss 2.0324, time 226.66ms, mfu 0.44%
model:LGT723D iter 16380: loss 2.3296, time 189.20ms, mfu 0.46%
model:LGT723D iter 16390: loss 2.7105, time 241.79ms, mfu 0.46%
------average encoder activity 0.187
-----------average decoder density 0.4732
step 16400: train loss 2.2650, val loss 2.2413
saving checkpoint to out-novel-char3_LGT723D_4d06c3ce0eb6b62233f4128fdb1c3b0f
model:LGT723D iter 16400: loss 2.4249, time 4309.35ms, mfu 0.42%
model:LGT723D iter 16410: loss 2.1823, time 232.45ms, mfu 0.43%
model:LGT723D iter 16420: loss 2.3502, time 235.85ms, mfu 0.43%
model:LGT723D iter 16430: loss 2.6799, time 209.44ms, mfu 0.45%
model:LGT723D iter 16440: loss 2.5843, time 193.37ms, mfu 0.47%
------average encoder activity 0.187
-----------average decoder density 0.4753
step 16450: train loss 2.2992, val loss 2.2156
saving checkpoint to out-novel-char3_LGT723D_4d06c3ce0eb6b62233f4128fdb1c3b0f
model:LGT723D iter 16450: loss 2.1926, time 4044.42ms, mfu 0.42%
model:LGT723D iter 16460: loss 2.3827, time 229.13ms, mfu 0.43%
model:LGT723D iter 16470: loss 2.7879, time 230.41ms, mfu 0.44%
model:LGT723D iter 16480: loss 2.8601, time 225.97ms, mfu 0.45%
model:LGT723D iter 16490: loss 2.6146, time 217.01ms, mfu 0.46%
------average encoder activity 0.187
-----------average decoder density 0.4656
step 16500: train loss 2.3058, val loss 2.2132
saving checkpoint to out-novel-char3_LGT723D_4d06c3ce0eb6b62233f4128fdb1c3b0f
model:LGT723D iter 16500: loss 2.1685, time 4109.04ms, mfu 0.42%
model:LGT723D iter 16510: loss 2.4646, time 213.72ms, mfu 0.43%
model:LGT723D iter 16520: loss 2.8556, time 221.85ms, mfu 0.44%
model:LGT723D iter 16530: loss 2.5034, time 241.24ms, mfu 0.45%
model:LGT723D iter 16540: loss 2.5815, time 226.86ms, mfu 0.46%
------average encoder activity 0.184
-----------average decoder density 0.4679
step 16550: train loss 2.3042, val loss 2.2263
saving checkpoint to out-novel-char3_LGT723D_4d06c3ce0eb6b62233f4128fdb1c3b0f
model:LGT723D iter 16550: loss 2.5744, time 4207.84ms, mfu 0.41%
model:LGT723D iter 16560: loss 2.0270, time 235.37ms, mfu 0.42%
model:LGT723D iter 16570: loss 2.4307, time 204.37ms, mfu 0.44%
model:LGT723D iter 16580: loss 2.2947, time 221.40ms, mfu 0.45%
model:LGT723D iter 16590: loss 2.8504, time 219.44ms, mfu 0.46%
------average encoder activity 0.185
-----------average decoder density 0.4787
step 16600: train loss 2.3302, val loss 2.2166
saving checkpoint to out-novel-char3_LGT723D_4d06c3ce0eb6b62233f4128fdb1c3b0f
model:LGT723D iter 16600: loss 2.7151, time 4277.09ms, mfu 0.42%
model:LGT723D iter 16610: loss 2.5915, time 222.77ms, mfu 0.43%
model:LGT723D iter 16620: loss 2.5849, time 222.39ms, mfu 0.44%
model:LGT723D iter 16630: loss 2.1097, time 219.82ms, mfu 0.45%
model:LGT723D iter 16640: loss 1.4292, time 217.12ms, mfu 0.46%
------average encoder activity 0.182
-----------average decoder density 0.4779
step 16650: train loss 2.3298, val loss 2.2469
saving checkpoint to out-novel-char3_LGT723D_4d06c3ce0eb6b62233f4128fdb1c3b0f
model:LGT723D iter 16650: loss 2.1707, time 4320.94ms, mfu 0.42%
model:LGT723D iter 16660: loss 2.3100, time 195.50ms, mfu 0.44%
model:LGT723D iter 16670: loss 2.4480, time 224.90ms, mfu 0.45%
model:LGT723D iter 16680: loss 2.0592, time 231.44ms, mfu 0.45%
model:LGT723D iter 16690: loss 2.2290, time 228.64ms, mfu 0.46%
------average encoder activity 0.182
-----------average decoder density 0.4818
step 16700: train loss 2.3133, val loss 2.2463
saving checkpoint to out-novel-char3_LGT723D_4d06c3ce0eb6b62233f4128fdb1c3b0f
model:LGT723D iter 16700: loss 2.1869, time 4132.39ms, mfu 0.42%
model:LGT723D iter 16710: loss 1.8962, time 197.10ms, mfu 0.44%
model:LGT723D iter 16720: loss 2.9322, time 234.25ms, mfu 0.44%
model:LGT723D iter 16730: loss 2.6990, time 249.85ms, mfu 0.45%
model:LGT723D iter 16740: loss 2.6990, time 207.45ms, mfu 0.46%
------average encoder activity 0.181
-----------average decoder density 0.4896
step 16750: train loss 2.2698, val loss 2.2525
saving checkpoint to out-novel-char3_LGT723D_4d06c3ce0eb6b62233f4128fdb1c3b0f
model:LGT723D iter 16750: loss 1.7844, time 4537.23ms, mfu 0.42%
model:LGT723D iter 16760: loss 1.9844, time 215.19ms, mfu 0.43%
model:LGT723D iter 16770: loss 2.7413, time 231.15ms, mfu 0.44%
model:LGT723D iter 16780: loss 2.4270, time 226.30ms, mfu 0.45%
model:LGT723D iter 16790: loss 2.8170, time 199.35ms, mfu 0.46%
------average encoder activity 0.181
-----------average decoder density 0.4766
step 16800: train loss 2.3090, val loss 2.2057
saving checkpoint to out-novel-char3_LGT723D_4d06c3ce0eb6b62233f4128fdb1c3b0f
model:LGT723D iter 16800: loss 1.9972, time 4417.40ms, mfu 0.42%
model:LGT723D iter 16810: loss 1.4637, time 200.36ms, mfu 0.44%
model:LGT723D iter 16820: loss 2.9226, time 247.73ms, mfu 0.44%
model:LGT723D iter 16830: loss 2.1289, time 194.39ms, mfu 0.46%
model:LGT723D iter 16840: loss 2.4599, time 191.04ms, mfu 0.48%
------average encoder activity 0.180
-----------average decoder density 0.4953
step 16850: train loss 2.2718, val loss 2.2480
saving checkpoint to out-novel-char3_LGT723D_4d06c3ce0eb6b62233f4128fdb1c3b0f
model:LGT723D iter 16850: loss 2.2903, time 4461.27ms, mfu 0.43%
model:LGT723D iter 16860: loss 2.1362, time 237.94ms, mfu 0.44%
model:LGT723D iter 16870: loss 2.8248, time 232.15ms, mfu 0.45%
model:LGT723D iter 16880: loss 2.0272, time 212.57ms, mfu 0.46%
model:LGT723D iter 16890: loss 2.6198, time 216.04ms, mfu 0.47%
------average encoder activity 0.178
-----------average decoder density 0.4734
step 16900: train loss 2.3117, val loss 2.2629
saving checkpoint to out-novel-char3_LGT723D_4d06c3ce0eb6b62233f4128fdb1c3b0f
model:LGT723D iter 16900: loss 1.7351, time 4064.85ms, mfu 0.42%
model:LGT723D iter 16910: loss 2.1233, time 240.83ms, mfu 0.43%
model:LGT723D iter 16920: loss 1.9691, time 232.34ms, mfu 0.44%
model:LGT723D iter 16930: loss 2.3077, time 214.87ms, mfu 0.45%
model:LGT723D iter 16940: loss 2.5674, time 237.48ms, mfu 0.46%
------average encoder activity 0.180
-----------average decoder density 0.4936
step 16950: train loss 2.3066, val loss 2.2269
saving checkpoint to out-novel-char3_LGT723D_4d06c3ce0eb6b62233f4128fdb1c3b0f
model:LGT723D iter 16950: loss 2.1569, time 4334.71ms, mfu 0.41%
model:LGT723D iter 16960: loss 1.4246, time 219.25ms, mfu 0.43%
model:LGT723D iter 16970: loss 2.4918, time 219.42ms, mfu 0.44%
model:LGT723D iter 16980: loss 3.0528, time 228.16ms, mfu 0.45%
model:LGT723D iter 16990: loss 2.4837, time 230.69ms, mfu 0.46%
------average encoder activity 0.179
-----------average decoder density 0.4696
step 17000: train loss 2.3110, val loss 2.2022
saving checkpoint to out-novel-char3_LGT723D_4d06c3ce0eb6b62233f4128fdb1c3b0f
model:LGT723D iter 17000: loss 2.1678, time 4344.37ms, mfu 0.41%
model:LGT723D iter 17010: loss 1.8016, time 221.02ms, mfu 0.43%
model:LGT723D iter 17020: loss 2.5740, time 189.35ms, mfu 0.45%
model:LGT723D iter 17030: loss 2.3471, time 205.35ms, mfu 0.46%
model:LGT723D iter 17040: loss 2.6473, time 205.20ms, mfu 0.47%
------average encoder activity 0.181
-----------average decoder density 0.4748
step 17050: train loss 2.2832, val loss 2.2299
saving checkpoint to out-novel-char3_LGT723D_4d06c3ce0eb6b62233f4128fdb1c3b0f
model:LGT723D iter 17050: loss 2.7790, time 4264.87ms, mfu 0.43%
model:LGT723D iter 17060: loss 1.6725, time 225.29ms, mfu 0.44%
model:LGT723D iter 17070: loss 2.2282, time 209.96ms, mfu 0.45%
model:LGT723D iter 17080: loss 2.4734, time 220.93ms, mfu 0.46%
model:LGT723D iter 17090: loss 2.3730, time 217.35ms, mfu 0.47%
------average encoder activity 0.180
-----------average decoder density 0.4792
step 17100: train loss 2.2929, val loss 2.2848
saving checkpoint to out-novel-char3_LGT723D_4d06c3ce0eb6b62233f4128fdb1c3b0f
model:LGT723D iter 17100: loss 1.9470, time 3929.55ms, mfu 0.43%
model:LGT723D iter 17110: loss 3.2726, time 246.51ms, mfu 0.43%
model:LGT723D iter 17120: loss 2.4067, time 214.89ms, mfu 0.44%
model:LGT723D iter 17130: loss 2.3510, time 232.88ms, mfu 0.45%
model:LGT723D iter 17140: loss 1.6002, time 242.22ms, mfu 0.46%
------average encoder activity 0.174
-----------average decoder density 0.5047
step 17150: train loss 2.2544, val loss 2.2113
saving checkpoint to out-novel-char3_LGT723D_4d06c3ce0eb6b62233f4128fdb1c3b0f
model:LGT723D iter 17150: loss 2.0438, time 4071.46ms, mfu 0.41%
model:LGT723D iter 17160: loss 2.2590, time 206.04ms, mfu 0.43%
model:LGT723D iter 17170: loss 2.0242, time 215.83ms, mfu 0.44%
model:LGT723D iter 17180: loss 1.9986, time 216.08ms, mfu 0.45%
model:LGT723D iter 17190: loss 2.6701, time 223.80ms, mfu 0.46%
------average encoder activity 0.178
-----------average decoder density 0.4882
step 17200: train loss 2.2760, val loss 2.2531
saving checkpoint to out-novel-char3_LGT723D_4d06c3ce0eb6b62233f4128fdb1c3b0f
model:LGT723D iter 17200: loss 2.3870, time 4291.51ms, mfu 0.42%
model:LGT723D iter 17210: loss 2.4092, time 238.44ms, mfu 0.43%
model:LGT723D iter 17220: loss 2.2140, time 208.34ms, mfu 0.44%
model:LGT723D iter 17230: loss 2.6009, time 196.12ms, mfu 0.46%
model:LGT723D iter 17240: loss 2.2855, time 226.21ms, mfu 0.47%
------average encoder activity 0.174
-----------average decoder density 0.4931
step 17250: train loss 2.2942, val loss 2.2551
saving checkpoint to out-novel-char3_LGT723D_4d06c3ce0eb6b62233f4128fdb1c3b0f
model:LGT723D iter 17250: loss 2.3386, time 4384.84ms, mfu 0.42%
model:LGT723D iter 17260: loss 2.1307, time 210.27ms, mfu 0.44%
model:LGT723D iter 17270: loss 2.3010, time 238.26ms, mfu 0.44%
model:LGT723D iter 17280: loss 2.4214, time 228.65ms, mfu 0.45%
model:LGT723D iter 17290: loss 2.1643, time 209.78ms, mfu 0.46%
------average encoder activity 0.173
-----------average decoder density 0.4944
step 17300: train loss 2.2935, val loss 2.2220
saving checkpoint to out-novel-char3_LGT723D_4d06c3ce0eb6b62233f4128fdb1c3b0f
model:LGT723D iter 17300: loss 2.1622, time 4282.39ms, mfu 0.42%
model:LGT723D iter 17310: loss 2.8232, time 200.31ms, mfu 0.44%
model:LGT723D iter 17320: loss 2.3209, time 231.09ms, mfu 0.45%
model:LGT723D iter 17330: loss 2.2841, time 254.35ms, mfu 0.45%
model:LGT723D iter 17340: loss 2.5143, time 216.38ms, mfu 0.46%
------average encoder activity 0.174
-----------average decoder density 0.4928
step 17350: train loss 2.2851, val loss 2.2338
saving checkpoint to out-novel-char3_LGT723D_4d06c3ce0eb6b62233f4128fdb1c3b0f
model:LGT723D iter 17350: loss 2.5884, time 4093.64ms, mfu 0.42%
model:LGT723D iter 17360: loss 2.0418, time 212.79ms, mfu 0.43%
model:LGT723D iter 17370: loss 2.2496, time 216.27ms, mfu 0.44%
model:LGT723D iter 17380: loss 1.9912, time 235.70ms, mfu 0.45%
model:LGT723D iter 17390: loss 2.1923, time 205.96ms, mfu 0.46%
------average encoder activity 0.174
-----------average decoder density 0.4773
step 17400: train loss 2.2721, val loss 2.2068
saving checkpoint to out-novel-char3_LGT723D_4d06c3ce0eb6b62233f4128fdb1c3b0f
model:LGT723D iter 17400: loss 2.9310, time 4507.36ms, mfu 0.42%
model:LGT723D iter 17410: loss 2.7601, time 207.38ms, mfu 0.44%
model:LGT723D iter 17420: loss 2.1711, time 234.69ms, mfu 0.44%
model:LGT723D iter 17430: loss 1.6038, time 206.50ms, mfu 0.46%
model:LGT723D iter 17440: loss 2.4362, time 226.53ms, mfu 0.46%
------average encoder activity 0.173
-----------average decoder density 0.4763
step 17450: train loss 2.3082, val loss 2.2005
saving checkpoint to out-novel-char3_LGT723D_4d06c3ce0eb6b62233f4128fdb1c3b0f
model:LGT723D iter 17450: loss 2.3274, time 4385.69ms, mfu 0.42%
model:LGT723D iter 17460: loss 2.1602, time 243.78ms, mfu 0.43%
model:LGT723D iter 17470: loss 2.4517, time 238.44ms, mfu 0.44%
model:LGT723D iter 17480: loss 2.2150, time 220.69ms, mfu 0.45%
model:LGT723D iter 17490: loss 2.9520, time 215.78ms, mfu 0.46%
------average encoder activity 0.173
-----------average decoder density 0.4773
step 17500: train loss 2.2781, val loss 2.2548
saving checkpoint to out-novel-char3_LGT723D_4d06c3ce0eb6b62233f4128fdb1c3b0f
model:LGT723D iter 17500: loss 2.3794, time 4366.81ms, mfu 0.41%
model:LGT723D iter 17510: loss 2.5373, time 220.34ms, mfu 0.43%
model:LGT723D iter 17520: loss 1.6815, time 229.07ms, mfu 0.44%
model:LGT723D iter 17530: loss 2.0323, time 235.80ms, mfu 0.44%
model:LGT723D iter 17540: loss 1.5571, time 235.56ms, mfu 0.45%
------average encoder activity 0.173
-----------average decoder density 0.4802
step 17550: train loss 2.2684, val loss 2.2074
saving checkpoint to out-novel-char3_LGT723D_4d06c3ce0eb6b62233f4128fdb1c3b0f
model:LGT723D iter 17550: loss 2.5649, time 3986.60ms, mfu 0.41%
model:LGT723D iter 17560: loss 2.5062, time 224.90ms, mfu 0.42%
model:LGT723D iter 17570: loss 2.3459, time 243.25ms, mfu 0.43%
model:LGT723D iter 17580: loss 2.4032, time 224.06ms, mfu 0.44%
model:LGT723D iter 17590: loss 2.4716, time 238.18ms, mfu 0.45%
------average encoder activity 0.171
-----------average decoder density 0.4670
step 17600: train loss 2.2755, val loss 2.2163
saving checkpoint to out-novel-char3_LGT723D_4d06c3ce0eb6b62233f4128fdb1c3b0f
model:LGT723D iter 17600: loss 2.8433, time 4314.53ms, mfu 0.40%
model:LGT723D iter 17610: loss 2.2325, time 203.82ms, mfu 0.42%
model:LGT723D iter 17620: loss 1.6470, time 201.88ms, mfu 0.44%
model:LGT723D iter 17630: loss 2.4968, time 232.05ms, mfu 0.45%
model:LGT723D iter 17640: loss 2.6923, time 238.27ms, mfu 0.45%
------average encoder activity 0.169
-----------average decoder density 0.4847
step 17650: train loss 2.2955, val loss 2.1789
saving checkpoint to out-novel-char3_LGT723D_4d06c3ce0eb6b62233f4128fdb1c3b0f
model:LGT723D iter 17650: loss 2.4700, time 4419.01ms, mfu 0.41%
model:LGT723D iter 17660: loss 2.1398, time 223.93ms, mfu 0.42%
model:LGT723D iter 17670: loss 2.3520, time 205.40ms, mfu 0.44%
model:LGT723D iter 17680: loss 2.9504, time 206.55ms, mfu 0.45%
model:LGT723D iter 17690: loss 2.1153, time 197.20ms, mfu 0.47%
------average encoder activity 0.167
-----------average decoder density 0.4692
step 17700: train loss 2.2580, val loss 2.2136
saving checkpoint to out-novel-char3_LGT723D_4d06c3ce0eb6b62233f4128fdb1c3b0f
model:LGT723D iter 17700: loss 2.7085, time 4380.23ms, mfu 0.42%
model:LGT723D iter 17710: loss 1.9919, time 248.06ms, mfu 0.43%
model:LGT723D iter 17720: loss 2.8750, time 207.65ms, mfu 0.45%
model:LGT723D iter 17730: loss 2.6716, time 234.54ms, mfu 0.45%
model:LGT723D iter 17740: loss 1.7252, time 194.19ms, mfu 0.47%
------average encoder activity 0.171
-----------average decoder density 0.4681
step 17750: train loss 2.3029, val loss 2.2531
saving checkpoint to out-novel-char3_LGT723D_4d06c3ce0eb6b62233f4128fdb1c3b0f
model:LGT723D iter 17750: loss 0.9224, time 4035.84ms, mfu 0.42%
model:LGT723D iter 17760: loss 2.6183, time 218.64ms, mfu 0.44%
model:LGT723D iter 17770: loss 2.2656, time 233.19ms, mfu 0.44%
model:LGT723D iter 17780: loss 2.4857, time 230.95ms, mfu 0.45%
model:LGT723D iter 17790: loss 1.8095, time 226.96ms, mfu 0.46%
------average encoder activity 0.171
-----------average decoder density 0.5033
step 17800: train loss 2.2710, val loss 2.2068
saving checkpoint to out-novel-char3_LGT723D_4d06c3ce0eb6b62233f4128fdb1c3b0f
model:LGT723D iter 17800: loss 2.9551, time 4242.45ms, mfu 0.42%
model:LGT723D iter 17810: loss 2.1290, time 208.48ms, mfu 0.43%
model:LGT723D iter 17820: loss 2.8728, time 230.49ms, mfu 0.44%
model:LGT723D iter 17830: loss 3.3170, time 236.63ms, mfu 0.45%
model:LGT723D iter 17840: loss 2.1118, time 218.14ms, mfu 0.46%
------average encoder activity 0.170
-----------average decoder density 0.4758
step 17850: train loss 2.3166, val loss 2.2310
saving checkpoint to out-novel-char3_LGT723D_4d06c3ce0eb6b62233f4128fdb1c3b0f
model:LGT723D iter 17850: loss 2.0666, time 4543.27ms, mfu 0.42%
model:LGT723D iter 17860: loss 1.9286, time 206.42ms, mfu 0.43%
model:LGT723D iter 17870: loss 1.7571, time 222.41ms, mfu 0.44%
model:LGT723D iter 17880: loss 1.8100, time 226.30ms, mfu 0.45%
model:LGT723D iter 17890: loss 2.6784, time 222.76ms, mfu 0.46%
------average encoder activity 0.168
-----------average decoder density 0.4851
step 17900: train loss 2.2526, val loss 2.2152
saving checkpoint to out-novel-char3_LGT723D_4d06c3ce0eb6b62233f4128fdb1c3b0f
model:LGT723D iter 17900: loss 2.1811, time 4487.47ms, mfu 0.42%
model:LGT723D iter 17910: loss 2.6768, time 222.87ms, mfu 0.43%
model:LGT723D iter 17920: loss 2.4450, time 231.20ms, mfu 0.44%
model:LGT723D iter 17930: loss 1.8285, time 181.32ms, mfu 0.46%
model:LGT723D iter 17940: loss 2.3493, time 221.40ms, mfu 0.47%
------average encoder activity 0.167
-----------average decoder density 0.4692
step 17950: train loss 2.2875, val loss 2.2424
saving checkpoint to out-novel-char3_LGT723D_4d06c3ce0eb6b62233f4128fdb1c3b0f
model:LGT723D iter 17950: loss 2.3497, time 4341.22ms, mfu 0.42%
model:LGT723D iter 17960: loss 2.5997, time 247.55ms, mfu 0.43%
model:LGT723D iter 17970: loss 2.4118, time 231.88ms, mfu 0.44%
model:LGT723D iter 17980: loss 2.1229, time 211.72ms, mfu 0.45%
model:LGT723D iter 17990: loss 1.9092, time 228.75ms, mfu 0.46%
------average encoder activity 0.167
-----------average decoder density 0.4653
step 18000: train loss 2.3220, val loss 2.2187
saving checkpoint to out-novel-char3_LGT723D_4d06c3ce0eb6b62233f4128fdb1c3b0f
model:LGT723D iter 18000: loss 2.1780, time 3976.52ms, mfu 0.42%
model:LGT723D iter 18010: loss 2.5167, time 221.55ms, mfu 0.43%
model:LGT723D iter 18020: loss 2.5572, time 221.15ms, mfu 0.44%
model:LGT723D iter 18030: loss 2.4716, time 220.79ms, mfu 0.45%
model:LGT723D iter 18040: loss 1.7526, time 236.63ms, mfu 0.46%
------average encoder activity 0.169
-----------average decoder density 0.4857
step 18050: train loss 2.3093, val loss 2.1970
saving checkpoint to out-novel-char3_LGT723D_4d06c3ce0eb6b62233f4128fdb1c3b0f
model:LGT723D iter 18050: loss 2.2394, time 4184.26ms, mfu 0.41%
model:LGT723D iter 18060: loss 1.9569, time 211.27ms, mfu 0.43%
model:LGT723D iter 18070: loss 2.3076, time 208.35ms, mfu 0.44%
model:LGT723D iter 18080: loss 1.9987, time 191.61ms, mfu 0.46%
model:LGT723D iter 18090: loss 2.0030, time 230.59ms, mfu 0.47%
------average encoder activity 0.170
-----------average decoder density 0.4882
step 18100: train loss 2.3233, val loss 2.2138
saving checkpoint to out-novel-char3_LGT723D_4d06c3ce0eb6b62233f4128fdb1c3b0f
model:LGT723D iter 18100: loss 2.4661, time 4248.04ms, mfu 0.42%
model:LGT723D iter 18110: loss 2.5460, time 238.22ms, mfu 0.43%
model:LGT723D iter 18120: loss 2.0211, time 225.07ms, mfu 0.44%
model:LGT723D iter 18130: loss 2.6782, time 211.72ms, mfu 0.45%
model:LGT723D iter 18140: loss 2.4254, time 221.11ms, mfu 0.46%
------average encoder activity 0.169
-----------average decoder density 0.4696
step 18150: train loss 2.2385, val loss 2.2247
saving checkpoint to out-novel-char3_LGT723D_4d06c3ce0eb6b62233f4128fdb1c3b0f
model:LGT723D iter 18150: loss 2.5464, time 4202.80ms, mfu 0.42%
model:LGT723D iter 18160: loss 1.5292, time 236.04ms, mfu 0.43%
model:LGT723D iter 18170: loss 2.1427, time 222.48ms, mfu 0.44%
model:LGT723D iter 18180: loss 2.5203, time 229.46ms, mfu 0.45%
model:LGT723D iter 18190: loss 2.3333, time 222.41ms, mfu 0.46%
------average encoder activity 0.166
-----------average decoder density 0.4902
step 18200: train loss 2.2696, val loss 2.2236
saving checkpoint to out-novel-char3_LGT723D_4d06c3ce0eb6b62233f4128fdb1c3b0f
model:LGT723D iter 18200: loss 2.6315, time 4023.91ms, mfu 0.41%
model:LGT723D iter 18210: loss 2.8849, time 220.10ms, mfu 0.43%
model:LGT723D iter 18220: loss 2.4773, time 219.16ms, mfu 0.44%
model:LGT723D iter 18230: loss 2.5541, time 236.61ms, mfu 0.45%
model:LGT723D iter 18240: loss 3.0210, time 250.54ms, mfu 0.45%
------average encoder activity 0.169
-----------average decoder density 0.4725
step 18250: train loss 2.3056, val loss 2.2172
saving checkpoint to out-novel-char3_LGT723D_4d06c3ce0eb6b62233f4128fdb1c3b0f
model:LGT723D iter 18250: loss 1.6870, time 4172.53ms, mfu 0.41%
model:LGT723D iter 18260: loss 2.5788, time 202.69ms, mfu 0.43%
model:LGT723D iter 18270: loss 2.6799, time 223.72ms, mfu 0.44%
model:LGT723D iter 18280: loss 2.9565, time 217.48ms, mfu 0.45%
model:LGT723D iter 18290: loss 2.1749, time 206.79ms, mfu 0.46%
------average encoder activity 0.167
-----------average decoder density 0.4854
step 18300: train loss 2.3614, val loss 2.2308
saving checkpoint to out-novel-char3_LGT723D_4d06c3ce0eb6b62233f4128fdb1c3b0f
model:LGT723D iter 18300: loss 2.6881, time 4496.34ms, mfu 0.42%
model:LGT723D iter 18310: loss 1.9562, time 201.62ms, mfu 0.44%
model:LGT723D iter 18320: loss 2.4509, time 218.97ms, mfu 0.45%
model:LGT723D iter 18330: loss 2.0237, time 218.84ms, mfu 0.46%
model:LGT723D iter 18340: loss 2.5655, time 218.21ms, mfu 0.47%
------average encoder activity 0.167
-----------average decoder density 0.4766
step 18350: train loss 2.3062, val loss 2.2036
saving checkpoint to out-novel-char3_LGT723D_4d06c3ce0eb6b62233f4128fdb1c3b0f
model:LGT723D iter 18350: loss 2.8186, time 4439.66ms, mfu 0.42%
model:LGT723D iter 18360: loss 2.0264, time 198.66ms, mfu 0.44%
model:LGT723D iter 18370: loss 1.9564, time 232.12ms, mfu 0.45%
model:LGT723D iter 18380: loss 2.3036, time 206.23ms, mfu 0.46%
model:LGT723D iter 18390: loss 2.2199, time 207.60ms, mfu 0.47%
------average encoder activity 0.164
-----------average decoder density 0.4731
step 18400: train loss 2.3090, val loss 2.2289
saving checkpoint to out-novel-char3_LGT723D_4d06c3ce0eb6b62233f4128fdb1c3b0f
model:LGT723D iter 18400: loss 2.0611, time 4320.16ms, mfu 0.43%
model:LGT723D iter 18410: loss 2.3826, time 236.97ms, mfu 0.44%
model:LGT723D iter 18420: loss 2.3012, time 227.71ms, mfu 0.45%
model:LGT723D iter 18430: loss 2.3049, time 209.67ms, mfu 0.46%
model:LGT723D iter 18440: loss 1.9243, time 233.40ms, mfu 0.46%
------average encoder activity 0.167
-----------average decoder density 0.5230
step 18450: train loss 2.2965, val loss 2.1797
saving checkpoint to out-novel-char3_LGT723D_4d06c3ce0eb6b62233f4128fdb1c3b0f
model:LGT723D iter 18450: loss 1.4932, time 3974.77ms, mfu 0.42%
model:LGT723D iter 18460: loss 2.1974, time 214.77ms, mfu 0.43%
model:LGT723D iter 18470: loss 1.8648, time 220.65ms, mfu 0.45%
model:LGT723D iter 18480: loss 2.0082, time 229.05ms, mfu 0.45%
model:LGT723D iter 18490: loss 2.4884, time 224.32ms, mfu 0.46%
------average encoder activity 0.168
-----------average decoder density 0.4753
step 18500: train loss 2.2657, val loss 2.2304
saving checkpoint to out-novel-char3_LGT723D_4d06c3ce0eb6b62233f4128fdb1c3b0f
model:LGT723D iter 18500: loss 2.1220, time 4295.56ms, mfu 0.42%
model:LGT723D iter 18510: loss 2.2589, time 223.78ms, mfu 0.43%
model:LGT723D iter 18520: loss 2.3052, time 245.49ms, mfu 0.44%
model:LGT723D iter 18530: loss 2.1542, time 216.81ms, mfu 0.45%
model:LGT723D iter 18540: loss 1.9613, time 241.79ms, mfu 0.45%
------average encoder activity 0.167
-----------average decoder density 0.4718
step 18550: train loss 2.2827, val loss 2.1992
saving checkpoint to out-novel-char3_LGT723D_4d06c3ce0eb6b62233f4128fdb1c3b0f
model:LGT723D iter 18550: loss 2.1304, time 4204.03ms, mfu 0.41%
model:LGT723D iter 18560: loss 1.6957, time 242.25ms, mfu 0.42%
model:LGT723D iter 18570: loss 2.1413, time 203.67ms, mfu 0.44%
model:LGT723D iter 18580: loss 2.1900, time 218.30ms, mfu 0.45%
model:LGT723D iter 18590: loss 2.6706, time 211.72ms, mfu 0.46%
------average encoder activity 0.169
-----------average decoder density 0.4604
step 18600: train loss 2.2700, val loss 2.1788
saving checkpoint to out-novel-char3_LGT723D_4d06c3ce0eb6b62233f4128fdb1c3b0f
model:LGT723D iter 18600: loss 2.1929, time 4204.80ms, mfu 0.42%
model:LGT723D iter 18610: loss 2.4792, time 231.78ms, mfu 0.43%
model:LGT723D iter 18620: loss 2.3624, time 218.01ms, mfu 0.44%
model:LGT723D iter 18630: loss 2.4074, time 217.71ms, mfu 0.45%
model:LGT723D iter 18640: loss 2.1004, time 233.37ms, mfu 0.46%
------average encoder activity 0.165
-----------average decoder density 0.4685
step 18650: train loss 2.2798, val loss 2.2511
saving checkpoint to out-novel-char3_LGT723D_4d06c3ce0eb6b62233f4128fdb1c3b0f
model:LGT723D iter 18650: loss 2.1671, time 3965.81ms, mfu 0.41%
model:LGT723D iter 18660: loss 2.0782, time 234.88ms, mfu 0.42%
model:LGT723D iter 18670: loss 2.8881, time 204.08ms, mfu 0.44%
model:LGT723D iter 18680: loss 2.3008, time 243.35ms, mfu 0.45%
model:LGT723D iter 18690: loss 2.8930, time 231.23ms, mfu 0.45%
------average encoder activity 0.168
-----------average decoder density 0.4701
step 18700: train loss 2.2411, val loss 2.1897
saving checkpoint to out-novel-char3_LGT723D_4d06c3ce0eb6b62233f4128fdb1c3b0f
model:LGT723D iter 18700: loss 2.5083, time 4296.22ms, mfu 0.41%
model:LGT723D iter 18710: loss 2.6572, time 202.63ms, mfu 0.43%
model:LGT723D iter 18720: loss 1.8399, time 212.12ms, mfu 0.44%
model:LGT723D iter 18730: loss 2.6017, time 219.76ms, mfu 0.45%
model:LGT723D iter 18740: loss 2.6382, time 238.46ms, mfu 0.46%
------average encoder activity 0.167
-----------average decoder density 0.4822
step 18750: train loss 2.3029, val loss 2.2276
saving checkpoint to out-novel-char3_LGT723D_4d06c3ce0eb6b62233f4128fdb1c3b0f
model:LGT723D iter 18750: loss 2.2717, time 4380.36ms, mfu 0.41%
model:LGT723D iter 18760: loss 2.5603, time 220.13ms, mfu 0.43%
model:LGT723D iter 18770: loss 2.3189, time 203.33ms, mfu 0.44%
model:LGT723D iter 18780: loss 2.2269, time 215.62ms, mfu 0.46%
model:LGT723D iter 18790: loss 2.3631, time 212.56ms, mfu 0.47%
------average encoder activity 0.166
-----------average decoder density 0.4784
step 18800: train loss 2.3055, val loss 2.1714
saving checkpoint to out-novel-char3_LGT723D_4d06c3ce0eb6b62233f4128fdb1c3b0f
model:LGT723D iter 18800: loss 2.3783, time 4460.68ms, mfu 0.42%
model:LGT723D iter 18810: loss 2.2139, time 215.26ms, mfu 0.44%
model:LGT723D iter 18820: loss 2.0032, time 227.11ms, mfu 0.44%
model:LGT723D iter 18830: loss 2.2864, time 245.24ms, mfu 0.45%
model:LGT723D iter 18840: loss 2.2226, time 189.29ms, mfu 0.47%
------average encoder activity 0.166
-----------average decoder density 0.4792
step 18850: train loss 2.2653, val loss 2.2331
saving checkpoint to out-novel-char3_LGT723D_4d06c3ce0eb6b62233f4128fdb1c3b0f
model:LGT723D iter 18850: loss 2.4491, time 4194.00ms, mfu 0.42%
model:LGT723D iter 18860: loss 2.1343, time 213.84ms, mfu 0.44%
model:LGT723D iter 18870: loss 2.0018, time 221.20ms, mfu 0.45%
model:LGT723D iter 18880: loss 2.1311, time 239.71ms, mfu 0.45%
model:LGT723D iter 18890: loss 2.2122, time 197.83ms, mfu 0.47%
------average encoder activity 0.169
-----------average decoder density 0.4880
step 18900: train loss 2.2744, val loss 2.1699
saving checkpoint to out-novel-char3_LGT723D_4d06c3ce0eb6b62233f4128fdb1c3b0f
model:LGT723D iter 18900: loss 2.3161, time 4267.49ms, mfu 0.42%
model:LGT723D iter 18910: loss 2.0182, time 202.42ms, mfu 0.44%
model:LGT723D iter 18920: loss 2.1068, time 250.71ms, mfu 0.45%
model:LGT723D iter 18930: loss 2.0829, time 231.20ms, mfu 0.45%
model:LGT723D iter 18940: loss 2.4922, time 223.74ms, mfu 0.46%
------average encoder activity 0.170
-----------average decoder density 0.4934
step 18950: train loss 2.2504, val loss 2.1957
saving checkpoint to out-novel-char3_LGT723D_4d06c3ce0eb6b62233f4128fdb1c3b0f
model:LGT723D iter 18950: loss 2.2742, time 4487.99ms, mfu 0.42%
model:LGT723D iter 18960: loss 2.6567, time 216.17ms, mfu 0.43%
model:LGT723D iter 18970: loss 2.7625, time 220.56ms, mfu 0.44%
model:LGT723D iter 18980: loss 3.0307, time 206.60ms, mfu 0.46%
model:LGT723D iter 18990: loss 2.2636, time 220.17ms, mfu 0.47%
------average encoder activity 0.167
-----------average decoder density 0.4849
step 19000: train loss 2.2530, val loss 2.1998
saving checkpoint to out-novel-char3_LGT723D_4d06c3ce0eb6b62233f4128fdb1c3b0f
model:LGT723D iter 19000: loss 1.5819, time 4365.45ms, mfu 0.42%
model:LGT723D iter 19010: loss 2.6507, time 242.06ms, mfu 0.43%
model:LGT723D iter 19020: loss 1.9457, time 235.70ms, mfu 0.44%
model:LGT723D iter 19030: loss 2.1696, time 182.45ms, mfu 0.46%
model:LGT723D iter 19040: loss 2.2300, time 214.85ms, mfu 0.47%
------average encoder activity 0.167
-----------average decoder density 0.4797
step 19050: train loss 2.2861, val loss 2.2067
saving checkpoint to out-novel-char3_LGT723D_4d06c3ce0eb6b62233f4128fdb1c3b0f
model:LGT723D iter 19050: loss 2.7165, time 4278.02ms, mfu 0.42%
model:LGT723D iter 19060: loss 2.6812, time 236.99ms, mfu 0.43%
model:LGT723D iter 19070: loss 2.1903, time 222.27ms, mfu 0.44%
model:LGT723D iter 19080: loss 1.5353, time 203.08ms, mfu 0.46%
model:LGT723D iter 19090: loss 2.1192, time 245.98ms, mfu 0.46%
------average encoder activity 0.165
-----------average decoder density 0.4904
step 19100: train loss 2.2563, val loss 2.1935
saving checkpoint to out-novel-char3_LGT723D_4d06c3ce0eb6b62233f4128fdb1c3b0f
model:LGT723D iter 19100: loss 2.0092, time 3983.96ms, mfu 0.42%
model:LGT723D iter 19110: loss 2.0550, time 244.05ms, mfu 0.43%
model:LGT723D iter 19120: loss 2.3131, time 202.73ms, mfu 0.44%
model:LGT723D iter 19130: loss 2.8735, time 243.29ms, mfu 0.45%
model:LGT723D iter 19140: loss 2.3068, time 223.43ms, mfu 0.46%
------average encoder activity 0.165
-----------average decoder density 0.4853
step 19150: train loss 2.2661, val loss 2.2162
saving checkpoint to out-novel-char3_LGT723D_4d06c3ce0eb6b62233f4128fdb1c3b0f
model:LGT723D iter 19150: loss 2.6793, time 4195.22ms, mfu 0.41%
model:LGT723D iter 19160: loss 2.3194, time 206.38ms, mfu 0.43%
model:LGT723D iter 19170: loss 2.3676, time 183.04ms, mfu 0.45%
model:LGT723D iter 19180: loss 2.0745, time 223.38ms, mfu 0.46%
model:LGT723D iter 19190: loss 2.1718, time 235.07ms, mfu 0.47%
------average encoder activity 0.163
-----------average decoder density 0.4875
step 19200: train loss 2.2854, val loss 2.2141
saving checkpoint to out-novel-char3_LGT723D_4d06c3ce0eb6b62233f4128fdb1c3b0f
model:LGT723D iter 19200: loss 2.1837, time 4239.65ms, mfu 0.42%
model:LGT723D iter 19210: loss 2.6129, time 225.13ms, mfu 0.43%
model:LGT723D iter 19220: loss 1.9206, time 213.55ms, mfu 0.45%
model:LGT723D iter 19230: loss 2.3620, time 196.53ms, mfu 0.46%
model:LGT723D iter 19240: loss 1.7196, time 215.43ms, mfu 0.47%
------average encoder activity 0.165
-----------average decoder density 0.4856
step 19250: train loss 2.2762, val loss 2.2154
saving checkpoint to out-novel-char3_LGT723D_4d06c3ce0eb6b62233f4128fdb1c3b0f
model:LGT723D iter 19250: loss 2.2746, time 4407.85ms, mfu 0.43%
model:LGT723D iter 19260: loss 1.8493, time 215.90ms, mfu 0.44%
model:LGT723D iter 19270: loss 2.9091, time 268.45ms, mfu 0.44%
model:LGT723D iter 19280: loss 2.2085, time 218.78ms, mfu 0.45%
model:LGT723D iter 19290: loss 2.9391, time 202.10ms, mfu 0.47%
------average encoder activity 0.167
-----------average decoder density 0.4877
step 19300: train loss 2.2535, val loss 2.2040
saving checkpoint to out-novel-char3_LGT723D_4d06c3ce0eb6b62233f4128fdb1c3b0f
model:LGT723D iter 19300: loss 2.6191, time 4218.65ms, mfu 0.42%
model:LGT723D iter 19310: loss 2.9499, time 208.75ms, mfu 0.44%
model:LGT723D iter 19320: loss 3.0821, time 216.22ms, mfu 0.45%
model:LGT723D iter 19330: loss 2.8150, time 237.36ms, mfu 0.45%
model:LGT723D iter 19340: loss 1.6392, time 211.78ms, mfu 0.47%
------average encoder activity 0.168
-----------average decoder density 0.4653
step 19350: train loss 2.2395, val loss 2.2448
saving checkpoint to out-novel-char3_LGT723D_4d06c3ce0eb6b62233f4128fdb1c3b0f
model:LGT723D iter 19350: loss 1.8013, time 4329.51ms, mfu 0.42%
model:LGT723D iter 19360: loss 2.5143, time 205.03ms, mfu 0.44%
model:LGT723D iter 19370: loss 2.6109, time 235.54ms, mfu 0.45%
model:LGT723D iter 19380: loss 2.4495, time 224.42ms, mfu 0.45%
model:LGT723D iter 19390: loss 2.6386, time 209.92ms, mfu 0.47%
------average encoder activity 0.167
-----------average decoder density 0.5037
step 19400: train loss 2.2715, val loss 2.1905
saving checkpoint to out-novel-char3_LGT723D_4d06c3ce0eb6b62233f4128fdb1c3b0f
model:LGT723D iter 19400: loss 2.8424, time 4395.84ms, mfu 0.42%
model:LGT723D iter 19410: loss 2.2532, time 222.28ms, mfu 0.43%
model:LGT723D iter 19420: loss 2.1695, time 213.76ms, mfu 0.45%
model:LGT723D iter 19430: loss 2.3942, time 210.45ms, mfu 0.46%
model:LGT723D iter 19440: loss 2.4584, time 212.26ms, mfu 0.47%
------average encoder activity 0.168
-----------average decoder density 0.4906
step 19450: train loss 2.2596, val loss 2.2642
saving checkpoint to out-novel-char3_LGT723D_4d06c3ce0eb6b62233f4128fdb1c3b0f
model:LGT723D iter 19450: loss 2.9300, time 4420.44ms, mfu 0.43%
model:LGT723D iter 19460: loss 1.8614, time 239.55ms, mfu 0.43%
model:LGT723D iter 19470: loss 2.0469, time 228.14ms, mfu 0.44%
model:LGT723D iter 19480: loss 2.0663, time 197.08ms, mfu 0.46%
model:LGT723D iter 19490: loss 2.1383, time 214.49ms, mfu 0.47%
------average encoder activity 0.165
-----------average decoder density 0.4652
step 19500: train loss 2.2462, val loss 2.1855
saving checkpoint to out-novel-char3_LGT723D_4d06c3ce0eb6b62233f4128fdb1c3b0f
model:LGT723D iter 19500: loss 2.1144, time 4136.12ms, mfu 0.43%
model:LGT723D iter 19510: loss 2.8217, time 229.01ms, mfu 0.43%
model:LGT723D iter 19520: loss 2.1582, time 219.80ms, mfu 0.45%
model:LGT723D iter 19530: loss 1.8579, time 209.20ms, mfu 0.46%
model:LGT723D iter 19540: loss 2.3940, time 240.78ms, mfu 0.46%
------average encoder activity 0.167
-----------average decoder density 0.4951
step 19550: train loss 2.2670, val loss 2.1612
saving checkpoint to out-novel-char3_LGT723D_4d06c3ce0eb6b62233f4128fdb1c3b0f
model:LGT723D iter 19550: loss 2.8614, time 3930.01ms, mfu 0.42%
model:LGT723D iter 19560: loss 1.6592, time 223.46ms, mfu 0.43%
model:LGT723D iter 19570: loss 2.7419, time 210.20ms, mfu 0.45%
model:LGT723D iter 19580: loss 2.2626, time 222.65ms, mfu 0.45%
model:LGT723D iter 19590: loss 1.9404, time 209.43ms, mfu 0.47%
------average encoder activity 0.165
-----------average decoder density 0.4655
step 19600: train loss 2.2396, val loss 2.2135
saving checkpoint to out-novel-char3_LGT723D_4d06c3ce0eb6b62233f4128fdb1c3b0f
model:LGT723D iter 19600: loss 2.6108, time 4310.34ms, mfu 0.42%
model:LGT723D iter 19610: loss 2.2507, time 210.11ms, mfu 0.44%
model:LGT723D iter 19620: loss 2.2494, time 195.35ms, mfu 0.46%
model:LGT723D iter 19630: loss 2.2466, time 227.19ms, mfu 0.46%
model:LGT723D iter 19640: loss 1.9849, time 234.53ms, mfu 0.47%
------average encoder activity 0.162
-----------average decoder density 0.4800
step 19650: train loss 2.2736, val loss 2.2220
saving checkpoint to out-novel-char3_LGT723D_4d06c3ce0eb6b62233f4128fdb1c3b0f
model:LGT723D iter 19650: loss 2.5452, time 4349.73ms, mfu 0.42%
model:LGT723D iter 19660: loss 2.1320, time 223.43ms, mfu 0.43%
model:LGT723D iter 19670: loss 2.9440, time 205.52ms, mfu 0.45%
model:LGT723D iter 19680: loss 2.5273, time 212.50ms, mfu 0.46%
model:LGT723D iter 19690: loss 2.8023, time 197.62ms, mfu 0.48%
------average encoder activity 0.163
-----------average decoder density 0.4920
step 19700: train loss 2.2330, val loss 2.2214
saving checkpoint to out-novel-char3_LGT723D_4d06c3ce0eb6b62233f4128fdb1c3b0f
model:LGT723D iter 19700: loss 2.1817, time 4351.83ms, mfu 0.43%
model:LGT723D iter 19710: loss 2.1607, time 214.09ms, mfu 0.44%
model:LGT723D iter 19720: loss 2.4449, time 226.31ms, mfu 0.45%
model:LGT723D iter 19730: loss 2.2196, time 248.41ms, mfu 0.46%
model:LGT723D iter 19740: loss 2.0038, time 218.96ms, mfu 0.46%
------average encoder activity 0.162
-----------average decoder density 0.4808
step 19750: train loss 2.2304, val loss 2.1888
saving checkpoint to out-novel-char3_LGT723D_4d06c3ce0eb6b62233f4128fdb1c3b0f
model:LGT723D iter 19750: loss 2.1587, time 4008.88ms, mfu 0.42%
model:LGT723D iter 19760: loss 2.8849, time 219.28ms, mfu 0.43%
model:LGT723D iter 19770: loss 2.3609, time 229.71ms, mfu 0.44%
model:LGT723D iter 19780: loss 2.2028, time 232.86ms, mfu 0.45%
model:LGT723D iter 19790: loss 3.2516, time 211.31ms, mfu 0.46%
------average encoder activity 0.163
-----------average decoder density 0.4733
step 19800: train loss 2.2891, val loss 2.1827
saving checkpoint to out-novel-char3_LGT723D_4d06c3ce0eb6b62233f4128fdb1c3b0f
model:LGT723D iter 19800: loss 1.8844, time 4170.87ms, mfu 0.42%
model:LGT723D iter 19810: loss 2.7656, time 204.90ms, mfu 0.44%
model:LGT723D iter 19820: loss 2.4307, time 232.59ms, mfu 0.44%
model:LGT723D iter 19830: loss 2.3306, time 230.14ms, mfu 0.45%
model:LGT723D iter 19840: loss 2.2846, time 212.49ms, mfu 0.46%
------average encoder activity 0.165
-----------average decoder density 0.4631
step 19850: train loss 2.2550, val loss 2.2252
saving checkpoint to out-novel-char3_LGT723D_4d06c3ce0eb6b62233f4128fdb1c3b0f
model:LGT723D iter 19850: loss 2.6239, time 4538.13ms, mfu 0.42%
model:LGT723D iter 19860: loss 2.1151, time 198.35ms, mfu 0.44%
model:LGT723D iter 19870: loss 1.9444, time 200.31ms, mfu 0.45%
model:LGT723D iter 19880: loss 1.9238, time 212.74ms, mfu 0.46%
model:LGT723D iter 19890: loss 2.3082, time 230.72ms, mfu 0.47%
------average encoder activity 0.164
-----------average decoder density 0.4843
step 19900: train loss 2.2237, val loss 2.1944
saving checkpoint to out-novel-char3_LGT723D_4d06c3ce0eb6b62233f4128fdb1c3b0f
model:LGT723D iter 19900: loss 2.1213, time 4457.62ms, mfu 0.43%
model:LGT723D iter 19910: loss 2.2849, time 227.87ms, mfu 0.44%
model:LGT723D iter 19920: loss 2.0915, time 234.82ms, mfu 0.44%
model:LGT723D iter 19930: loss 2.4076, time 213.64ms, mfu 0.46%
model:LGT723D iter 19940: loss 2.7813, time 202.37ms, mfu 0.47%
------average encoder activity 0.164
-----------average decoder density 0.4952
step 19950: train loss 2.2608, val loss 2.2277
saving checkpoint to out-novel-char3_LGT723D_4d06c3ce0eb6b62233f4128fdb1c3b0f
model:LGT723D iter 19950: loss 2.2136, time 4301.61ms, mfu 0.42%
model:LGT723D iter 19960: loss 2.2883, time 229.84ms, mfu 0.43%
model:LGT723D iter 19970: loss 2.1128, time 231.11ms, mfu 0.44%
model:LGT723D iter 19980: loss 1.8970, time 199.96ms, mfu 0.46%
model:LGT723D iter 19990: loss 2.6302, time 238.59ms, mfu 0.46%
------average encoder activity 0.163
-----------average decoder density 0.4766
step 20000: train loss 2.2873, val loss 2.1552
saving checkpoint to out-novel-char3_LGT723D_4d06c3ce0eb6b62233f4128fdb1c3b0f
model:LGT723D iter 20000: loss 2.4350, time 4084.98ms, mfu 0.42%
model:LGT723D iter 20010: loss 2.2836, time 224.49ms, mfu 0.43%
model:LGT723D iter 20020: loss 2.3476, time 242.44ms, mfu 0.44%
model:LGT723D iter 20030: loss 2.3075, time 223.21ms, mfu 0.45%
model:LGT723D iter 20040: loss 2.2466, time 224.68ms, mfu 0.46%
------average encoder activity 0.165
-----------average decoder density 0.4775
step 20050: train loss 2.2469, val loss 2.2061
saving checkpoint to out-novel-char3_LGT723D_4d06c3ce0eb6b62233f4128fdb1c3b0f
model:LGT723D iter 20050: loss 1.9523, time 4309.35ms, mfu 0.41%
model:LGT723D iter 20060: loss 1.5568, time 214.68ms, mfu 0.43%
model:LGT723D iter 20070: loss 2.2309, time 198.55ms, mfu 0.45%
model:LGT723D iter 20080: loss 2.1663, time 193.85ms, mfu 0.46%
model:LGT723D iter 20090: loss 1.6771, time 228.76ms, mfu 0.47%
------average encoder activity 0.164
-----------average decoder density 0.4743
step 20100: train loss 2.2801, val loss 2.2067
saving checkpoint to out-novel-char3_LGT723D_4d06c3ce0eb6b62233f4128fdb1c3b0f
model:LGT723D iter 20100: loss 2.8486, time 4198.81ms, mfu 0.43%
model:LGT723D iter 20110: loss 2.2894, time 224.10ms, mfu 0.44%
model:LGT723D iter 20120: loss 2.3938, time 210.60ms, mfu 0.45%
model:LGT723D iter 20130: loss 2.0542, time 208.55ms, mfu 0.46%
model:LGT723D iter 20140: loss 2.0608, time 217.20ms, mfu 0.47%
------average encoder activity 0.163
-----------average decoder density 0.4935
step 20150: train loss 2.2493, val loss 2.2156
saving checkpoint to out-novel-char3_LGT723D_4d06c3ce0eb6b62233f4128fdb1c3b0f
model:LGT723D iter 20150: loss 2.1215, time 4250.17ms, mfu 0.43%
model:LGT723D iter 20160: loss 1.8575, time 245.39ms, mfu 0.43%
model:LGT723D iter 20170: loss 2.0620, time 201.69ms, mfu 0.45%
model:LGT723D iter 20180: loss 2.4524, time 237.69ms, mfu 0.45%
model:LGT723D iter 20190: loss 1.8895, time 230.28ms, mfu 0.46%
------average encoder activity 0.161
-----------average decoder density 0.4694
step 20200: train loss 2.2233, val loss 2.1706
saving checkpoint to out-novel-char3_LGT723D_4d06c3ce0eb6b62233f4128fdb1c3b0f
model:LGT723D iter 20200: loss 2.5578, time 3970.70ms, mfu 0.42%
model:LGT723D iter 20210: loss 2.2078, time 217.32ms, mfu 0.43%
model:LGT723D iter 20220: loss 2.3953, time 211.56ms, mfu 0.45%
model:LGT723D iter 20230: loss 2.0690, time 232.23ms, mfu 0.45%
model:LGT723D iter 20240: loss 2.3096, time 247.57ms, mfu 0.46%
------average encoder activity 0.162
-----------average decoder density 0.4747
step 20250: train loss 2.2723, val loss 2.2206
saving checkpoint to out-novel-char3_LGT723D_4d06c3ce0eb6b62233f4128fdb1c3b0f
model:LGT723D iter 20250: loss 2.2036, time 4292.61ms, mfu 0.41%
model:LGT723D iter 20260: loss 1.7793, time 196.17ms, mfu 0.43%
model:LGT723D iter 20270: loss 2.2990, time 203.28ms, mfu 0.45%
model:LGT723D iter 20280: loss 1.3092, time 232.95ms, mfu 0.46%
model:LGT723D iter 20290: loss 1.8575, time 235.68ms, mfu 0.46%
------average encoder activity 0.161
-----------average decoder density 0.4827
step 20300: train loss 2.2318, val loss 2.1781
saving checkpoint to out-novel-char3_LGT723D_4d06c3ce0eb6b62233f4128fdb1c3b0f
model:LGT723D iter 20300: loss 1.8599, time 4321.51ms, mfu 0.42%
model:LGT723D iter 20310: loss 2.4089, time 201.75ms, mfu 0.44%
model:LGT723D iter 20320: loss 2.8795, time 222.28ms, mfu 0.45%
model:LGT723D iter 20330: loss 1.8666, time 224.71ms, mfu 0.45%
model:LGT723D iter 20340: loss 2.3992, time 211.19ms, mfu 0.47%
------average encoder activity 0.161
-----------average decoder density 0.4869
step 20350: train loss 2.2302, val loss 2.2039
saving checkpoint to out-novel-char3_LGT723D_4d06c3ce0eb6b62233f4128fdb1c3b0f
model:LGT723D iter 20350: loss 2.0210, time 4397.35ms, mfu 0.42%
model:LGT723D iter 20360: loss 2.4105, time 199.94ms, mfu 0.44%
model:LGT723D iter 20370: loss 2.4607, time 229.53ms, mfu 0.45%
model:LGT723D iter 20380: loss 2.0740, time 234.48ms, mfu 0.45%
model:LGT723D iter 20390: loss 2.1865, time 223.03ms, mfu 0.46%
------average encoder activity 0.163
-----------average decoder density 0.4820
step 20400: train loss 2.2723, val loss 2.2343
saving checkpoint to out-novel-char3_LGT723D_4d06c3ce0eb6b62233f4128fdb1c3b0f
model:LGT723D iter 20400: loss 1.9551, time 4047.32ms, mfu 0.42%
model:LGT723D iter 20410: loss 2.7760, time 218.76ms, mfu 0.43%
model:LGT723D iter 20420: loss 2.0368, time 233.50ms, mfu 0.44%
model:LGT723D iter 20430: loss 1.5907, time 233.76ms, mfu 0.45%
model:LGT723D iter 20440: loss 2.0078, time 201.47ms, mfu 0.46%
------average encoder activity 0.164
-----------average decoder density 0.4913
step 20450: train loss 2.2744, val loss 2.2326
saving checkpoint to out-novel-char3_LGT723D_4d06c3ce0eb6b62233f4128fdb1c3b0f
model:LGT723D iter 20450: loss 2.1050, time 4309.76ms, mfu 0.42%
model:LGT723D iter 20460: loss 2.4527, time 183.89ms, mfu 0.44%
model:LGT723D iter 20470: loss 2.3362, time 238.12ms, mfu 0.45%
model:LGT723D iter 20480: loss 2.5994, time 246.03ms, mfu 0.45%
model:LGT723D iter 20490: loss 2.7293, time 212.88ms, mfu 0.46%
------average encoder activity 0.162
-----------average decoder density 0.4989
step 20500: train loss 2.2531, val loss 2.2158
saving checkpoint to out-novel-char3_LGT723D_4d06c3ce0eb6b62233f4128fdb1c3b0f
model:LGT723D iter 20500: loss 2.2816, time 4509.19ms, mfu 0.42%
model:LGT723D iter 20510: loss 2.2258, time 222.95ms, mfu 0.43%
model:LGT723D iter 20520: loss 1.7840, time 224.17ms, mfu 0.44%
model:LGT723D iter 20530: loss 1.8394, time 194.16ms, mfu 0.46%
model:LGT723D iter 20540: loss 2.9813, time 197.04ms, mfu 0.47%
------average encoder activity 0.163
-----------average decoder density 0.4771
step 20550: train loss 2.2731, val loss 2.2068
saving checkpoint to out-novel-char3_LGT723D_4d06c3ce0eb6b62233f4128fdb1c3b0f
model:LGT723D iter 20550: loss 2.4826, time 4446.85ms, mfu 0.43%
model:LGT723D iter 20560: loss 2.3408, time 216.36ms, mfu 0.44%
model:LGT723D iter 20570: loss 2.5625, time 227.04ms, mfu 0.45%
model:LGT723D iter 20580: loss 1.8662, time 239.03ms, mfu 0.46%
model:LGT723D iter 20590: loss 2.2702, time 199.11ms, mfu 0.47%
------average encoder activity 0.162
-----------average decoder density 0.4931
step 20600: train loss 2.2310, val loss 2.1624
saving checkpoint to out-novel-char3_LGT723D_4d06c3ce0eb6b62233f4128fdb1c3b0f
model:LGT723D iter 20600: loss 1.9833, time 4151.44ms, mfu 0.43%
model:LGT723D iter 20610: loss 2.0171, time 222.36ms, mfu 0.44%
model:LGT723D iter 20620: loss 1.9404, time 230.09ms, mfu 0.45%
model:LGT723D iter 20630: loss 2.1699, time 211.56ms, mfu 0.46%
model:LGT723D iter 20640: loss 2.1236, time 218.43ms, mfu 0.47%
------average encoder activity 0.163
-----------average decoder density 0.4871
step 20650: train loss 2.2599, val loss 2.2079
saving checkpoint to out-novel-char3_LGT723D_4d06c3ce0eb6b62233f4128fdb1c3b0f
model:LGT723D iter 20650: loss 1.8617, time 4244.16ms, mfu 0.42%
model:LGT723D iter 20660: loss 2.7033, time 202.06ms, mfu 0.44%
model:LGT723D iter 20670: loss 2.2035, time 239.58ms, mfu 0.45%
model:LGT723D iter 20680: loss 2.1331, time 213.84ms, mfu 0.46%
model:LGT723D iter 20690: loss 2.0667, time 242.93ms, mfu 0.46%
------average encoder activity 0.159
-----------average decoder density 0.4960
step 20700: train loss 2.2307, val loss 2.1812
saving checkpoint to out-novel-char3_LGT723D_4d06c3ce0eb6b62233f4128fdb1c3b0f
model:LGT723D iter 20700: loss 2.1024, time 4383.94ms, mfu 0.42%
model:LGT723D iter 20710: loss 2.3424, time 223.94ms, mfu 0.43%
model:LGT723D iter 20720: loss 2.1929, time 216.43ms, mfu 0.44%
model:LGT723D iter 20730: loss 2.4675, time 195.21ms, mfu 0.46%
model:LGT723D iter 20740: loss 2.0539, time 231.20ms, mfu 0.47%
------average encoder activity 0.161
-----------average decoder density 0.4929
step 20750: train loss 2.2344, val loss 2.1535
saving checkpoint to out-novel-char3_LGT723D_4d06c3ce0eb6b62233f4128fdb1c3b0f
model:LGT723D iter 20750: loss 2.1664, time 4241.14ms, mfu 0.42%
model:LGT723D iter 20760: loss 1.9180, time 246.12ms, mfu 0.43%
model:LGT723D iter 20770: loss 2.6819, time 207.26ms, mfu 0.44%
model:LGT723D iter 20780: loss 2.4766, time 196.34ms, mfu 0.46%
model:LGT723D iter 20790: loss 1.6799, time 193.80ms, mfu 0.48%
------average encoder activity 0.162
-----------average decoder density 0.4619
step 20800: train loss 2.2376, val loss 2.2133
saving checkpoint to out-novel-char3_LGT723D_4d06c3ce0eb6b62233f4128fdb1c3b0f
model:LGT723D iter 20800: loss 2.2944, time 4253.19ms, mfu 0.43%
model:LGT723D iter 20810: loss 1.4126, time 219.39ms, mfu 0.44%
model:LGT723D iter 20820: loss 2.4487, time 211.53ms, mfu 0.46%
model:LGT723D iter 20830: loss 2.2329, time 229.99ms, mfu 0.46%
model:LGT723D iter 20840: loss 1.9951, time 253.44ms, mfu 0.46%
------average encoder activity 0.161
-----------average decoder density 0.4806
step 20850: train loss 2.2594, val loss 2.2292
saving checkpoint to out-novel-char3_LGT723D_4d06c3ce0eb6b62233f4128fdb1c3b0f
model:LGT723D iter 20850: loss 1.9816, time 3959.58ms, mfu 0.42%
model:LGT723D iter 20860: loss 2.5270, time 227.37ms, mfu 0.43%
model:LGT723D iter 20870: loss 1.9693, time 205.42ms, mfu 0.45%
model:LGT723D iter 20880: loss 2.0325, time 220.44ms, mfu 0.46%
model:LGT723D iter 20890: loss 2.1879, time 228.42ms, mfu 0.46%
------average encoder activity 0.163
-----------average decoder density 0.4884
step 20900: train loss 2.2633, val loss 2.1618
saving checkpoint to out-novel-char3_LGT723D_4d06c3ce0eb6b62233f4128fdb1c3b0f
model:LGT723D iter 20900: loss 1.7190, time 4244.57ms, mfu 0.42%
model:LGT723D iter 20910: loss 1.7116, time 233.95ms, mfu 0.43%
model:LGT723D iter 20920: loss 1.9679, time 207.56ms, mfu 0.44%
model:LGT723D iter 20930: loss 2.9614, time 223.14ms, mfu 0.45%
model:LGT723D iter 20940: loss 1.6010, time 220.82ms, mfu 0.46%
------average encoder activity 0.161
-----------average decoder density 0.4743
step 20950: train loss 2.1846, val loss 2.1996
saving checkpoint to out-novel-char3_LGT723D_4d06c3ce0eb6b62233f4128fdb1c3b0f
model:LGT723D iter 20950: loss 2.2640, time 4481.59ms, mfu 0.42%
model:LGT723D iter 20960: loss 2.6779, time 237.39ms, mfu 0.43%
model:LGT723D iter 20970: loss 2.0491, time 202.81ms, mfu 0.44%
model:LGT723D iter 20980: loss 2.2199, time 213.00ms, mfu 0.46%
model:LGT723D iter 20990: loss 2.3107, time 199.21ms, mfu 0.47%
------average encoder activity 0.162
-----------average decoder density 0.4751
step 21000: train loss 2.2353, val loss 2.1948
saving checkpoint to out-novel-char3_LGT723D_4d06c3ce0eb6b62233f4128fdb1c3b0f
model:LGT723D iter 21000: loss 1.5913, time 4484.98ms, mfu 0.43%
model:LGT723D iter 21010: loss 2.5977, time 206.34ms, mfu 0.44%
model:LGT723D iter 21020: loss 2.3965, time 240.12ms, mfu 0.45%
model:LGT723D iter 21030: loss 2.1389, time 219.56ms, mfu 0.46%
model:LGT723D iter 21040: loss 2.5812, time 199.68ms, mfu 0.47%
------average encoder activity 0.163
-----------average decoder density 0.4714
step 21050: train loss 2.2011, val loss 2.1813
saving checkpoint to out-novel-char3_LGT723D_4d06c3ce0eb6b62233f4128fdb1c3b0f
model:LGT723D iter 21050: loss 2.3661, time 4132.59ms, mfu 0.43%
model:LGT723D iter 21060: loss 2.3145, time 212.54ms, mfu 0.44%
model:LGT723D iter 21070: loss 1.9385, time 229.32ms, mfu 0.45%
model:LGT723D iter 21080: loss 2.0544, time 237.99ms, mfu 0.45%
model:LGT723D iter 21090: loss 1.9851, time 210.31ms, mfu 0.47%
------average encoder activity 0.163
-----------average decoder density 0.4739
step 21100: train loss 2.2806, val loss 2.1914
saving checkpoint to out-novel-char3_LGT723D_4d06c3ce0eb6b62233f4128fdb1c3b0f
model:LGT723D iter 21100: loss 1.9693, time 4204.55ms, mfu 0.42%
model:LGT723D iter 21110: loss 2.7587, time 233.61ms, mfu 0.43%
model:LGT723D iter 21120: loss 2.1169, time 220.43ms, mfu 0.44%
model:LGT723D iter 21130: loss 1.8693, time 213.29ms, mfu 0.45%
model:LGT723D iter 21140: loss 2.3921, time 197.57ms, mfu 0.47%
------average encoder activity 0.161
-----------average decoder density 0.4683
step 21150: train loss 2.2455, val loss 2.2307
saving checkpoint to out-novel-char3_LGT723D_4d06c3ce0eb6b62233f4128fdb1c3b0f
model:LGT723D iter 21150: loss 2.1601, time 4517.11ms, mfu 0.43%
model:LGT723D iter 21160: loss 2.1992, time 218.21ms, mfu 0.44%
model:LGT723D iter 21170: loss 3.1149, time 217.74ms, mfu 0.45%
model:LGT723D iter 21180: loss 2.6812, time 206.98ms, mfu 0.46%
model:LGT723D iter 21190: loss 2.8615, time 237.89ms, mfu 0.47%
------average encoder activity 0.165
-----------average decoder density 0.4717
step 21200: train loss 2.2539, val loss 2.2000
saving checkpoint to out-novel-char3_LGT723D_4d06c3ce0eb6b62233f4128fdb1c3b0f
model:LGT723D iter 21200: loss 2.8711, time 4489.21ms, mfu 0.42%
model:LGT723D iter 21210: loss 1.9442, time 229.91ms, mfu 0.43%
model:LGT723D iter 21220: loss 2.1117, time 231.21ms, mfu 0.44%
model:LGT723D iter 21230: loss 2.0415, time 195.55ms, mfu 0.46%
model:LGT723D iter 21240: loss 2.6480, time 201.40ms, mfu 0.47%
------average encoder activity 0.165
-----------average decoder density 0.4884
step 21250: train loss 2.2295, val loss 2.1984
saving checkpoint to out-novel-char3_LGT723D_4d06c3ce0eb6b62233f4128fdb1c3b0f
model:LGT723D iter 21250: loss 2.3465, time 4246.48ms, mfu 0.43%
model:LGT723D iter 21260: loss 2.1374, time 219.60ms, mfu 0.44%
model:LGT723D iter 21270: loss 3.0898, time 201.29ms, mfu 0.46%
model:LGT723D iter 21280: loss 1.6220, time 223.04ms, mfu 0.46%
model:LGT723D iter 21290: loss 2.9468, time 226.43ms, mfu 0.47%
------average encoder activity 0.167
-----------average decoder density 0.4830
step 21300: train loss 2.2310, val loss 2.2089
saving checkpoint to out-novel-char3_LGT723D_4d06c3ce0eb6b62233f4128fdb1c3b0f
model:LGT723D iter 21300: loss 1.9614, time 4011.81ms, mfu 0.43%
model:LGT723D iter 21310: loss 2.5706, time 226.60ms, mfu 0.44%
model:LGT723D iter 21320: loss 1.9248, time 193.71ms, mfu 0.45%
model:LGT723D iter 21330: loss 2.1366, time 235.64ms, mfu 0.46%
model:LGT723D iter 21340: loss 2.6477, time 238.61ms, mfu 0.46%
------average encoder activity 0.167
-----------average decoder density 0.5035
step 21350: train loss 2.2357, val loss 2.1987
saving checkpoint to out-novel-char3_LGT723D_4d06c3ce0eb6b62233f4128fdb1c3b0f
model:LGT723D iter 21350: loss 2.1703, time 4228.04ms, mfu 0.42%
model:LGT723D iter 21360: loss 2.3713, time 207.56ms, mfu 0.44%
model:LGT723D iter 21370: loss 2.0976, time 210.92ms, mfu 0.45%
model:LGT723D iter 21380: loss 2.4730, time 226.38ms, mfu 0.46%
model:LGT723D iter 21390: loss 1.9319, time 253.15ms, mfu 0.46%
------average encoder activity 0.171
-----------average decoder density 0.4924
step 21400: train loss 2.2206, val loss 2.1722
saving checkpoint to out-novel-char3_LGT723D_4d06c3ce0eb6b62233f4128fdb1c3b0f
model:LGT723D iter 21400: loss 1.8940, time 4360.83ms, mfu 0.42%
model:LGT723D iter 21410: loss 2.3252, time 217.42ms, mfu 0.43%
model:LGT723D iter 21420: loss 1.9218, time 215.50ms, mfu 0.44%
model:LGT723D iter 21430: loss 2.4356, time 220.82ms, mfu 0.45%
model:LGT723D iter 21440: loss 2.1930, time 223.25ms, mfu 0.46%
------average encoder activity 0.170
-----------average decoder density 0.4795
step 21450: train loss 2.2580, val loss 2.1713
saving checkpoint to out-novel-char3_LGT723D_4d06c3ce0eb6b62233f4128fdb1c3b0f
model:LGT723D iter 21450: loss 2.4967, time 4531.56ms, mfu 0.42%
model:LGT723D iter 21460: loss 2.7820, time 193.91ms, mfu 0.44%
model:LGT723D iter 21470: loss 2.1914, time 240.95ms, mfu 0.44%
model:LGT723D iter 21480: loss 2.1692, time 221.81ms, mfu 0.45%
model:LGT723D iter 21490: loss 2.0140, time 204.78ms, mfu 0.47%
------average encoder activity 0.170
-----------average decoder density 0.4998
step 21500: train loss 2.2134, val loss 2.2057
saving checkpoint to out-novel-char3_LGT723D_4d06c3ce0eb6b62233f4128fdb1c3b0f
model:LGT723D iter 21500: loss 1.9655, time 4322.30ms, mfu 0.42%
model:LGT723D iter 21510: loss 2.0553, time 213.50ms, mfu 0.44%
model:LGT723D iter 21520: loss 2.6690, time 228.43ms, mfu 0.45%
model:LGT723D iter 21530: loss 2.0626, time 224.75ms, mfu 0.45%
model:LGT723D iter 21540: loss 2.2872, time 194.30ms, mfu 0.47%
------average encoder activity 0.167
-----------average decoder density 0.5282
step 21550: train loss 2.2228, val loss 2.1719
saving checkpoint to out-novel-char3_LGT723D_4d06c3ce0eb6b62233f4128fdb1c3b0f
model:LGT723D iter 21550: loss 2.0854, time 4122.96ms, mfu 0.43%
model:LGT723D iter 21560: loss 2.3070, time 230.20ms, mfu 0.44%
model:LGT723D iter 21570: loss 2.5406, time 237.02ms, mfu 0.44%
model:LGT723D iter 21580: loss 1.9905, time 217.52ms, mfu 0.45%
model:LGT723D iter 21590: loss 2.6152, time 197.12ms, mfu 0.47%
------average encoder activity 0.168
-----------average decoder density 0.4881
step 21600: train loss 2.2157, val loss 2.2260
saving checkpoint to out-novel-char3_LGT723D_4d06c3ce0eb6b62233f4128fdb1c3b0f
model:LGT723D iter 21600: loss 1.2589, time 4540.29ms, mfu 0.43%
model:LGT723D iter 21610: loss 1.8911, time 214.35ms, mfu 0.44%
model:LGT723D iter 21620: loss 2.3814, time 214.70ms, mfu 0.45%
model:LGT723D iter 21630: loss 2.2515, time 232.89ms, mfu 0.46%
model:LGT723D iter 21640: loss 2.3198, time 207.36ms, mfu 0.47%
------average encoder activity 0.170
-----------average decoder density 0.4878
step 21650: train loss 2.2434, val loss 2.1565
saving checkpoint to out-novel-char3_LGT723D_4d06c3ce0eb6b62233f4128fdb1c3b0f
model:LGT723D iter 21650: loss 1.6968, time 4405.06ms, mfu 0.43%
model:LGT723D iter 21660: loss 2.3439, time 215.48ms, mfu 0.44%
model:LGT723D iter 21670: loss 2.7587, time 227.98ms, mfu 0.45%
model:LGT723D iter 21680: loss 2.6513, time 213.69ms, mfu 0.46%
model:LGT723D iter 21690: loss 2.1933, time 191.98ms, mfu 0.48%
------average encoder activity 0.171
-----------average decoder density 0.4932
step 21700: train loss 2.2613, val loss 2.1755
saving checkpoint to out-novel-char3_LGT723D_4d06c3ce0eb6b62233f4128fdb1c3b0f
model:LGT723D iter 21700: loss 1.8725, time 4259.49ms, mfu 0.43%
model:LGT723D iter 21710: loss 2.2254, time 236.09ms, mfu 0.44%
model:LGT723D iter 21720: loss 2.0230, time 212.98ms, mfu 0.45%
model:LGT723D iter 21730: loss 2.4696, time 220.49ms, mfu 0.46%
model:LGT723D iter 21740: loss 2.2012, time 247.08ms, mfu 0.46%
------average encoder activity 0.168
-----------average decoder density 0.4696
step 21750: train loss 2.1899, val loss 2.1966
saving checkpoint to out-novel-char3_LGT723D_4d06c3ce0eb6b62233f4128fdb1c3b0f
model:LGT723D iter 21750: loss 1.7999, time 3932.43ms, mfu 0.42%
model:LGT723D iter 21760: loss 2.1245, time 228.45ms, mfu 0.43%
model:LGT723D iter 21770: loss 1.5183, time 216.09ms, mfu 0.44%
model:LGT723D iter 21780: loss 2.4302, time 242.53ms, mfu 0.45%
model:LGT723D iter 21790: loss 1.6171, time 217.58ms, mfu 0.46%
------average encoder activity 0.171
-----------average decoder density 0.4859
step 21800: train loss 2.2467, val loss 2.1585
saving checkpoint to out-novel-char3_LGT723D_4d06c3ce0eb6b62233f4128fdb1c3b0f
model:LGT723D iter 21800: loss 2.6463, time 4033.73ms, mfu 0.42%
model:LGT723D iter 21810: loss 1.9836, time 197.19ms, mfu 0.43%
model:LGT723D iter 21820: loss 2.1926, time 213.06ms, mfu 0.45%
model:LGT723D iter 21830: loss 2.0493, time 236.39ms, mfu 0.45%
model:LGT723D iter 21840: loss 2.4558, time 235.55ms, mfu 0.46%
------average encoder activity 0.171
-----------average decoder density 0.4884
step 21850: train loss 2.2084, val loss 2.1756
saving checkpoint to out-novel-char3_LGT723D_4d06c3ce0eb6b62233f4128fdb1c3b0f
model:LGT723D iter 21850: loss 2.3937, time 4226.50ms, mfu 0.42%
model:LGT723D iter 21860: loss 2.3032, time 239.54ms, mfu 0.42%
model:LGT723D iter 21870: loss 2.5522, time 203.84ms, mfu 0.44%
model:LGT723D iter 21880: loss 2.4519, time 213.19ms, mfu 0.45%
model:LGT723D iter 21890: loss 2.2881, time 231.16ms, mfu 0.46%
------average encoder activity 0.171
-----------average decoder density 0.4715
step 21900: train loss 2.2747, val loss 2.1961
saving checkpoint to out-novel-char3_LGT723D_4d06c3ce0eb6b62233f4128fdb1c3b0f
model:LGT723D iter 21900: loss 2.0068, time 4259.86ms, mfu 0.42%
model:LGT723D iter 21910: loss 2.3757, time 225.68ms, mfu 0.43%
model:LGT723D iter 21920: loss 1.9641, time 212.35ms, mfu 0.44%
model:LGT723D iter 21930: loss 1.9829, time 230.35ms, mfu 0.45%
model:LGT723D iter 21940: loss 2.8834, time 209.83ms, mfu 0.46%
------average encoder activity 0.170
-----------average decoder density 0.4887
step 21950: train loss 2.2229, val loss 2.1849
saving checkpoint to out-novel-char3_LGT723D_4d06c3ce0eb6b62233f4128fdb1c3b0f
model:LGT723D iter 21950: loss 2.1210, time 4248.06ms, mfu 0.42%
model:LGT723D iter 21960: loss 2.3665, time 222.05ms, mfu 0.43%
model:LGT723D iter 21970: loss 2.5671, time 240.97ms, mfu 0.44%
model:LGT723D iter 21980: loss 2.3362, time 212.49ms, mfu 0.45%
model:LGT723D iter 21990: loss 2.2994, time 227.07ms, mfu 0.46%
------average encoder activity 0.169
-----------average decoder density 0.4772
step 22000: train loss 2.2382, val loss 2.1824
saving checkpoint to out-novel-char3_LGT723D_4d06c3ce0eb6b62233f4128fdb1c3b0f
model:LGT723D iter 22000: loss 1.5485, time 4019.60ms, mfu 0.42%
model:LGT723D iter 22010: loss 1.8155, time 211.86ms, mfu 0.43%
model:LGT723D iter 22020: loss 2.6394, time 231.63ms, mfu 0.44%
model:LGT723D iter 22030: loss 2.6336, time 237.74ms, mfu 0.45%
model:LGT723D iter 22040: loss 2.1484, time 195.27ms, mfu 0.46%
------average encoder activity 0.170
-----------average decoder density 0.4887
step 22050: train loss 2.1723, val loss 2.1816
saving checkpoint to out-novel-char3_LGT723D_4d06c3ce0eb6b62233f4128fdb1c3b0f
model:LGT723D iter 22050: loss 2.8312, time 4370.77ms, mfu 0.42%
model:LGT723D iter 22060: loss 2.4390, time 201.69ms, mfu 0.44%
model:LGT723D iter 22070: loss 1.8792, time 195.22ms, mfu 0.45%
model:LGT723D iter 22080: loss 2.8751, time 228.83ms, mfu 0.46%
model:LGT723D iter 22090: loss 2.4370, time 217.36ms, mfu 0.47%
------average encoder activity 0.171
-----------average decoder density 0.4727
step 22100: train loss 2.2067, val loss 2.1604
saving checkpoint to out-novel-char3_LGT723D_4d06c3ce0eb6b62233f4128fdb1c3b0f
model:LGT723D iter 22100: loss 2.1041, time 4486.98ms, mfu 0.43%
model:LGT723D iter 22110: loss 1.9033, time 201.19ms, mfu 0.44%
model:LGT723D iter 22120: loss 2.2416, time 233.93ms, mfu 0.45%
model:LGT723D iter 22130: loss 1.4801, time 212.57ms, mfu 0.46%
model:LGT723D iter 22140: loss 2.3320, time 194.93ms, mfu 0.48%
------average encoder activity 0.171
-----------average decoder density 0.4888
step 22150: train loss 2.2242, val loss 2.1771
saving checkpoint to out-novel-char3_LGT723D_4d06c3ce0eb6b62233f4128fdb1c3b0f
model:LGT723D iter 22150: loss 2.5925, time 4539.49ms, mfu 0.43%
model:LGT723D iter 22160: loss 2.1186, time 228.02ms, mfu 0.44%
model:LGT723D iter 22170: loss 2.6590, time 231.03ms, mfu 0.45%
model:LGT723D iter 22180: loss 2.6331, time 238.62ms, mfu 0.45%
model:LGT723D iter 22190: loss 2.9234, time 212.14ms, mfu 0.47%
------average encoder activity 0.172
-----------average decoder density 0.4820
step 22200: train loss 2.2025, val loss 2.1925
saving checkpoint to out-novel-char3_LGT723D_4d06c3ce0eb6b62233f4128fdb1c3b0f
model:LGT723D iter 22200: loss 2.2711, time 4103.34ms, mfu 0.42%
model:LGT723D iter 22210: loss 1.3802, time 242.22ms, mfu 0.43%
model:LGT723D iter 22220: loss 2.3637, time 216.98ms, mfu 0.44%
model:LGT723D iter 22230: loss 2.4414, time 222.12ms, mfu 0.45%
model:LGT723D iter 22240: loss 2.2072, time 233.68ms, mfu 0.46%
------average encoder activity 0.174
-----------average decoder density 0.4791
step 22250: train loss 2.2390, val loss 2.1772
saving checkpoint to out-novel-char3_LGT723D_4d06c3ce0eb6b62233f4128fdb1c3b0f
model:LGT723D iter 22250: loss 2.0530, time 4416.79ms, mfu 0.41%
model:LGT723D iter 22260: loss 2.4560, time 212.20ms, mfu 0.43%
model:LGT723D iter 22270: loss 2.5559, time 245.17ms, mfu 0.44%
model:LGT723D iter 22280: loss 2.9360, time 215.75ms, mfu 0.45%
model:LGT723D iter 22290: loss 2.0395, time 245.18ms, mfu 0.45%
------average encoder activity 0.174
-----------average decoder density 0.4740
step 22300: train loss 2.2374, val loss 2.1605
saving checkpoint to out-novel-char3_LGT723D_4d06c3ce0eb6b62233f4128fdb1c3b0f
model:LGT723D iter 22300: loss 2.3307, time 4262.45ms, mfu 0.41%
model:LGT723D iter 22310: loss 1.6277, time 221.49ms, mfu 0.42%
model:LGT723D iter 22320: loss 2.5450, time 214.16ms, mfu 0.44%
model:LGT723D iter 22330: loss 2.6979, time 203.02ms, mfu 0.45%
model:LGT723D iter 22340: loss 1.7499, time 212.41ms, mfu 0.46%
------average encoder activity 0.174
-----------average decoder density 0.4726
step 22350: train loss 2.2069, val loss 2.1537
saving checkpoint to out-novel-char3_LGT723D_4d06c3ce0eb6b62233f4128fdb1c3b0f
model:LGT723D iter 22350: loss 2.3670, time 4344.81ms, mfu 0.42%
model:LGT723D iter 22360: loss 2.2641, time 232.13ms, mfu 0.43%
model:LGT723D iter 22370: loss 2.4867, time 204.66ms, mfu 0.45%
model:LGT723D iter 22380: loss 2.7729, time 217.54ms, mfu 0.46%
model:LGT723D iter 22390: loss 1.9218, time 197.44ms, mfu 0.47%
------average encoder activity 0.171
-----------average decoder density 0.4763
step 22400: train loss 2.2139, val loss 2.1448
saving checkpoint to out-novel-char3_LGT723D_4d06c3ce0eb6b62233f4128fdb1c3b0f
model:LGT723D iter 22400: loss 2.1295, time 3977.73ms, mfu 0.43%
model:LGT723D iter 22410: loss 2.3154, time 221.26ms, mfu 0.44%
model:LGT723D iter 22420: loss 2.3488, time 214.79ms, mfu 0.45%
model:LGT723D iter 22430: loss 1.8257, time 234.29ms, mfu 0.46%
model:LGT723D iter 22440: loss 2.1053, time 215.91ms, mfu 0.47%
------average encoder activity 0.173
-----------average decoder density 0.4987
step 22450: train loss 2.2291, val loss 2.1584
saving checkpoint to out-novel-char3_LGT723D_4d06c3ce0eb6b62233f4128fdb1c3b0f
model:LGT723D iter 22450: loss 2.8343, time 4145.73ms, mfu 0.42%
model:LGT723D iter 22460: loss 1.9111, time 207.83ms, mfu 0.44%
model:LGT723D iter 22470: loss 2.5381, time 216.92ms, mfu 0.45%
model:LGT723D iter 22480: loss 2.4172, time 233.16ms, mfu 0.46%
model:LGT723D iter 22490: loss 1.8914, time 232.25ms, mfu 0.46%
------average encoder activity 0.173
-----------average decoder density 0.4844
step 22500: train loss 2.2409, val loss 2.1847
saving checkpoint to out-novel-char3_LGT723D_4d06c3ce0eb6b62233f4128fdb1c3b0f
model:LGT723D iter 22500: loss 2.2232, time 4341.71ms, mfu 0.42%
model:LGT723D iter 22510: loss 2.5306, time 200.63ms, mfu 0.44%
model:LGT723D iter 22520: loss 2.3304, time 199.39ms, mfu 0.45%
model:LGT723D iter 22530: loss 2.2823, time 220.02ms, mfu 0.46%
model:LGT723D iter 22540: loss 2.3215, time 217.21ms, mfu 0.47%
------average encoder activity 0.174
-----------average decoder density 0.4753
step 22550: train loss 2.2099, val loss 2.1832
saving checkpoint to out-novel-char3_LGT723D_4d06c3ce0eb6b62233f4128fdb1c3b0f
model:LGT723D iter 22550: loss 1.9268, time 4340.53ms, mfu 0.43%
model:LGT723D iter 22560: loss 1.5179, time 207.25ms, mfu 0.44%
model:LGT723D iter 22570: loss 1.8785, time 241.56ms, mfu 0.45%
model:LGT723D iter 22580: loss 2.4692, time 204.69ms, mfu 0.46%
model:LGT723D iter 22590: loss 2.4014, time 203.72ms, mfu 0.47%
------average encoder activity 0.173
-----------average decoder density 0.4746
step 22600: train loss 2.2147, val loss 2.1931
saving checkpoint to out-novel-char3_LGT723D_4d06c3ce0eb6b62233f4128fdb1c3b0f
model:LGT723D iter 22600: loss 2.9389, time 4371.02ms, mfu 0.43%
model:LGT723D iter 22610: loss 2.9293, time 206.88ms, mfu 0.44%
model:LGT723D iter 22620: loss 1.6877, time 243.38ms, mfu 0.45%
model:LGT723D iter 22630: loss 2.3033, time 233.64ms, mfu 0.46%
model:LGT723D iter 22640: loss 2.4617, time 210.12ms, mfu 0.47%
------average encoder activity 0.173
-----------average decoder density 0.4822
step 22650: train loss 2.2174, val loss 2.1463
saving checkpoint to out-novel-char3_LGT723D_4d06c3ce0eb6b62233f4128fdb1c3b0f
model:LGT723D iter 22650: loss 1.6508, time 4048.13ms, mfu 0.42%
model:LGT723D iter 22660: loss 2.8817, time 211.04ms, mfu 0.44%
model:LGT723D iter 22670: loss 1.8727, time 235.96ms, mfu 0.45%
model:LGT723D iter 22680: loss 1.7241, time 229.04ms, mfu 0.45%
model:LGT723D iter 22690: loss 2.4788, time 204.33ms, mfu 0.47%
------average encoder activity 0.173
-----------average decoder density 0.4755
step 22700: train loss 2.2469, val loss 2.1412
saving checkpoint to out-novel-char3_LGT723D_4d06c3ce0eb6b62233f4128fdb1c3b0f
model:LGT723D iter 22700: loss 2.3696, time 4467.17ms, mfu 0.42%
model:LGT723D iter 22710: loss 1.9737, time 216.59ms, mfu 0.44%
model:LGT723D iter 22720: loss 2.0200, time 198.26ms, mfu 0.45%
model:LGT723D iter 22730: loss 2.1663, time 210.11ms, mfu 0.46%
model:LGT723D iter 22740: loss 2.8929, time 208.80ms, mfu 0.48%
------average encoder activity 0.174
-----------average decoder density 0.4934
step 22750: train loss 2.2080, val loss 2.1958
saving checkpoint to out-novel-char3_LGT723D_4d06c3ce0eb6b62233f4128fdb1c3b0f
model:LGT723D iter 22750: loss 2.0538, time 4365.85ms, mfu 0.43%
model:LGT723D iter 22760: loss 1.8513, time 237.00ms, mfu 0.44%
model:LGT723D iter 22770: loss 2.9299, time 202.99ms, mfu 0.45%
model:LGT723D iter 22780: loss 1.8758, time 192.05ms, mfu 0.47%
model:LGT723D iter 22790: loss 2.1248, time 208.36ms, mfu 0.48%
------average encoder activity 0.176
-----------average decoder density 0.4763
step 22800: train loss 2.1961, val loss 2.1473
saving checkpoint to out-novel-char3_LGT723D_4d06c3ce0eb6b62233f4128fdb1c3b0f
model:LGT723D iter 22800: loss 1.6094, time 4269.13ms, mfu 0.44%
model:LGT723D iter 22810: loss 2.1901, time 232.26ms, mfu 0.44%
model:LGT723D iter 22820: loss 2.5053, time 222.82ms, mfu 0.45%
model:LGT723D iter 22830: loss 1.8639, time 200.96ms, mfu 0.47%
model:LGT723D iter 22840: loss 2.0583, time 218.57ms, mfu 0.48%
------average encoder activity 0.177
-----------average decoder density 0.4774
step 22850: train loss 2.2524, val loss 2.1708
saving checkpoint to out-novel-char3_LGT723D_4d06c3ce0eb6b62233f4128fdb1c3b0f
model:LGT723D iter 22850: loss 2.1788, time 4000.72ms, mfu 0.43%
model:LGT723D iter 22860: loss 2.4227, time 228.27ms, mfu 0.44%
model:LGT723D iter 22870: loss 2.1498, time 243.91ms, mfu 0.45%
model:LGT723D iter 22880: loss 1.8298, time 237.33ms, mfu 0.45%
model:LGT723D iter 22890: loss 2.2664, time 219.38ms, mfu 0.46%
------average encoder activity 0.177
-----------average decoder density 0.4732
step 22900: train loss 2.2227, val loss 2.2121
saving checkpoint to out-novel-char3_LGT723D_4d06c3ce0eb6b62233f4128fdb1c3b0f
model:LGT723D iter 22900: loss 2.4852, time 4121.19ms, mfu 0.42%
model:LGT723D iter 22910: loss 2.2861, time 216.10ms, mfu 0.43%
model:LGT723D iter 22920: loss 2.9298, time 209.23ms, mfu 0.45%
model:LGT723D iter 22930: loss 2.0172, time 230.63ms, mfu 0.45%
model:LGT723D iter 22940: loss 2.8721, time 219.49ms, mfu 0.46%
------average encoder activity 0.176
-----------average decoder density 0.4811
step 22950: train loss 2.2110, val loss 2.1166
saving checkpoint to out-novel-char3_LGT723D_4d06c3ce0eb6b62233f4128fdb1c3b0f
model:LGT723D iter 22950: loss 2.8601, time 4337.83ms, mfu 0.42%
model:LGT723D iter 22960: loss 1.9065, time 221.69ms, mfu 0.43%
model:LGT723D iter 22970: loss 2.0462, time 231.43ms, mfu 0.44%
model:LGT723D iter 22980: loss 2.6457, time 215.41ms, mfu 0.45%
model:LGT723D iter 22990: loss 2.3908, time 239.19ms, mfu 0.46%
------average encoder activity 0.174
-----------average decoder density 0.5055
step 23000: train loss 2.2502, val loss 2.1819
saving checkpoint to out-novel-char3_LGT723D_4d06c3ce0eb6b62233f4128fdb1c3b0f
model:LGT723D iter 23000: loss 2.1014, time 4398.43ms, mfu 0.41%
model:LGT723D iter 23010: loss 2.0825, time 197.21ms, mfu 0.43%
model:LGT723D iter 23020: loss 2.4512, time 238.78ms, mfu 0.44%
model:LGT723D iter 23030: loss 1.9583, time 238.51ms, mfu 0.45%
model:LGT723D iter 23040: loss 2.3086, time 210.70ms, mfu 0.46%
------average encoder activity 0.177
-----------average decoder density 0.4835
step 23050: train loss 2.1933, val loss 2.1715
saving checkpoint to out-novel-char3_LGT723D_4d06c3ce0eb6b62233f4128fdb1c3b0f
model:LGT723D iter 23050: loss 1.9850, time 4198.72ms, mfu 0.42%
model:LGT723D iter 23060: loss 1.8781, time 220.34ms, mfu 0.43%
model:LGT723D iter 23070: loss 2.4447, time 244.51ms, mfu 0.43%
model:LGT723D iter 23080: loss 2.3264, time 242.20ms, mfu 0.44%
model:LGT723D iter 23090: loss 2.3294, time 206.53ms, mfu 0.45%
------average encoder activity 0.178
-----------average decoder density 0.4717
step 23100: train loss 2.2076, val loss 2.1753
saving checkpoint to out-novel-char3_LGT723D_4d06c3ce0eb6b62233f4128fdb1c3b0f
model:LGT723D iter 23100: loss 2.6524, time 4183.30ms, mfu 0.41%
model:LGT723D iter 23110: loss 2.0416, time 198.86ms, mfu 0.43%
model:LGT723D iter 23120: loss 2.6708, time 225.83ms, mfu 0.44%
model:LGT723D iter 23130: loss 2.2793, time 235.59ms, mfu 0.45%
model:LGT723D iter 23140: loss 2.1235, time 212.05ms, mfu 0.46%
------average encoder activity 0.180
-----------average decoder density 0.4697
step 23150: train loss 2.2389, val loss 2.1370
saving checkpoint to out-novel-char3_LGT723D_4d06c3ce0eb6b62233f4128fdb1c3b0f
model:LGT723D iter 23150: loss 1.6297, time 4436.52ms, mfu 0.42%
model:LGT723D iter 23160: loss 2.2466, time 204.83ms, mfu 0.43%
model:LGT723D iter 23170: loss 2.3091, time 229.57ms, mfu 0.44%
model:LGT723D iter 23180: loss 2.3567, time 217.70ms, mfu 0.45%
model:LGT723D iter 23190: loss 2.3550, time 213.93ms, mfu 0.46%
------average encoder activity 0.179
-----------average decoder density 0.4727
step 23200: train loss 2.2524, val loss 2.2073
saving checkpoint to out-novel-char3_LGT723D_4d06c3ce0eb6b62233f4128fdb1c3b0f
model:LGT723D iter 23200: loss 2.6080, time 4485.61ms, mfu 0.42%
model:LGT723D iter 23210: loss 1.8580, time 228.56ms, mfu 0.43%
model:LGT723D iter 23220: loss 1.8609, time 225.94ms, mfu 0.44%
model:LGT723D iter 23230: loss 1.8418, time 214.22ms, mfu 0.45%
model:LGT723D iter 23240: loss 1.8604, time 207.56ms, mfu 0.47%
------average encoder activity 0.178
-----------average decoder density 0.4905
step 23250: train loss 2.2160, val loss 2.1499
saving checkpoint to out-novel-char3_LGT723D_4d06c3ce0eb6b62233f4128fdb1c3b0f
model:LGT723D iter 23250: loss 2.0960, time 4284.94ms, mfu 0.42%
model:LGT723D iter 23260: loss 2.1447, time 223.13ms, mfu 0.43%
model:LGT723D iter 23270: loss 2.5332, time 235.98ms, mfu 0.44%
model:LGT723D iter 23280: loss 2.5754, time 209.54ms, mfu 0.45%
model:LGT723D iter 23290: loss 2.3713, time 240.35ms, mfu 0.46%
------average encoder activity 0.177
-----------average decoder density 0.4799
step 23300: train loss 2.1738, val loss 2.1369
saving checkpoint to out-novel-char3_LGT723D_4d06c3ce0eb6b62233f4128fdb1c3b0f
model:LGT723D iter 23300: loss 2.6221, time 3956.26ms, mfu 0.42%
model:LGT723D iter 23310: loss 2.7923, time 225.77ms, mfu 0.43%
model:LGT723D iter 23320: loss 2.5012, time 242.55ms, mfu 0.43%
model:LGT723D iter 23330: loss 3.0661, time 214.49ms, mfu 0.45%
model:LGT723D iter 23340: loss 2.2335, time 239.83ms, mfu 0.45%
------average encoder activity 0.178
-----------average decoder density 0.4809
step 23350: train loss 2.2270, val loss 2.1708
saving checkpoint to out-novel-char3_LGT723D_4d06c3ce0eb6b62233f4128fdb1c3b0f
model:LGT723D iter 23350: loss 2.1503, time 4206.48ms, mfu 0.41%
model:LGT723D iter 23360: loss 2.4135, time 209.89ms, mfu 0.43%
model:LGT723D iter 23370: loss 1.7814, time 197.74ms, mfu 0.44%
model:LGT723D iter 23380: loss 2.3160, time 221.48ms, mfu 0.45%
model:LGT723D iter 23390: loss 2.2135, time 213.65ms, mfu 0.46%
------average encoder activity 0.178
-----------average decoder density 0.5032
step 23400: train loss 2.1797, val loss 2.2319
saving checkpoint to out-novel-char3_LGT723D_4d06c3ce0eb6b62233f4128fdb1c3b0f
model:LGT723D iter 23400: loss 1.8826, time 4193.32ms, mfu 0.42%
model:LGT723D iter 23410: loss 2.5598, time 230.35ms, mfu 0.43%
model:LGT723D iter 23420: loss 1.3440, time 205.83ms, mfu 0.45%
model:LGT723D iter 23430: loss 2.3875, time 207.42ms, mfu 0.46%
model:LGT723D iter 23440: loss 2.3877, time 209.57ms, mfu 0.47%
------average encoder activity 0.176
-----------average decoder density 0.4728
step 23450: train loss 2.2091, val loss 2.1419
saving checkpoint to out-novel-char3_LGT723D_4d06c3ce0eb6b62233f4128fdb1c3b0f
model:LGT723D iter 23450: loss 2.8672, time 4410.47ms, mfu 0.43%
model:LGT723D iter 23460: loss 1.7595, time 194.11ms, mfu 0.45%
model:LGT723D iter 23470: loss 1.4120, time 207.51ms, mfu 0.46%
model:LGT723D iter 23480: loss 2.2815, time 228.50ms, mfu 0.47%
model:LGT723D iter 23490: loss 1.9941, time 230.50ms, mfu 0.47%
------average encoder activity 0.176
-----------average decoder density 0.4709
step 23500: train loss 2.2278, val loss 2.1854
saving checkpoint to out-novel-char3_LGT723D_4d06c3ce0eb6b62233f4128fdb1c3b0f
model:LGT723D iter 23500: loss 2.1111, time 4077.01ms, mfu 0.43%
model:LGT723D iter 23510: loss 2.2199, time 215.40ms, mfu 0.44%
model:LGT723D iter 23520: loss 2.4830, time 228.73ms, mfu 0.45%
model:LGT723D iter 23530: loss 2.5809, time 222.66ms, mfu 0.46%
model:LGT723D iter 23540: loss 1.6243, time 212.95ms, mfu 0.47%
------average encoder activity 0.177
-----------average decoder density 0.4842
step 23550: train loss 2.2814, val loss 2.1839
saving checkpoint to out-novel-char3_LGT723D_4d06c3ce0eb6b62233f4128fdb1c3b0f
model:LGT723D iter 23550: loss 2.1836, time 4308.47ms, mfu 0.42%
model:LGT723D iter 23560: loss 1.9795, time 202.60ms, mfu 0.44%
model:LGT723D iter 23570: loss 2.0909, time 236.96ms, mfu 0.45%
model:LGT723D iter 23580: loss 1.9855, time 227.52ms, mfu 0.46%
model:LGT723D iter 23590: loss 1.7547, time 227.06ms, mfu 0.46%
------average encoder activity 0.176
-----------average decoder density 0.4868
step 23600: train loss 2.2120, val loss 2.2166
saving checkpoint to out-novel-char3_LGT723D_4d06c3ce0eb6b62233f4128fdb1c3b0f
model:LGT723D iter 23600: loss 1.6590, time 4489.54ms, mfu 0.42%
model:LGT723D iter 23610: loss 2.3936, time 226.15ms, mfu 0.43%
model:LGT723D iter 23620: loss 2.6240, time 220.85ms, mfu 0.44%
model:LGT723D iter 23630: loss 2.2184, time 216.32ms, mfu 0.45%
model:LGT723D iter 23640: loss 2.1466, time 193.68ms, mfu 0.47%
------average encoder activity 0.176
-----------average decoder density 0.4792
step 23650: train loss 2.2261, val loss 2.1771
saving checkpoint to out-novel-char3_LGT723D_4d06c3ce0eb6b62233f4128fdb1c3b0f
model:LGT723D iter 23650: loss 2.4164, time 4530.01ms, mfu 0.43%
model:LGT723D iter 23660: loss 2.0554, time 230.89ms, mfu 0.43%
model:LGT723D iter 23670: loss 2.0811, time 230.19ms, mfu 0.44%
model:LGT723D iter 23680: loss 2.1823, time 227.72ms, mfu 0.45%
model:LGT723D iter 23690: loss 2.1472, time 206.93ms, mfu 0.46%
------average encoder activity 0.178
-----------average decoder density 0.4840
step 23700: train loss 2.2381, val loss 2.1919
saving checkpoint to out-novel-char3_LGT723D_4d06c3ce0eb6b62233f4128fdb1c3b0f
model:LGT723D iter 23700: loss 1.8388, time 4194.13ms, mfu 0.42%
model:LGT723D iter 23710: loss 2.6124, time 242.81ms, mfu 0.43%
model:LGT723D iter 23720: loss 2.5074, time 238.56ms, mfu 0.44%
model:LGT723D iter 23730: loss 1.7490, time 214.79ms, mfu 0.45%
model:LGT723D iter 23740: loss 2.4601, time 226.38ms, mfu 0.46%
------average encoder activity 0.175
-----------average decoder density 0.4949
step 23750: train loss 2.2087, val loss 2.1968
saving checkpoint to out-novel-char3_LGT723D_4d06c3ce0eb6b62233f4128fdb1c3b0f
model:LGT723D iter 23750: loss 1.6932, time 4287.17ms, mfu 0.41%
model:LGT723D iter 23760: loss 2.6959, time 201.95ms, mfu 0.43%
model:LGT723D iter 23770: loss 2.5658, time 228.47ms, mfu 0.44%
model:LGT723D iter 23780: loss 2.5048, time 208.75ms, mfu 0.45%
model:LGT723D iter 23790: loss 2.4737, time 243.94ms, mfu 0.46%
------average encoder activity 0.172
-----------average decoder density 0.4964
step 23800: train loss 2.2325, val loss 2.1583
saving checkpoint to out-novel-char3_LGT723D_4d06c3ce0eb6b62233f4128fdb1c3b0f
model:LGT723D iter 23800: loss 2.0858, time 4323.67ms, mfu 0.41%
model:LGT723D iter 23810: loss 2.2973, time 216.09ms, mfu 0.43%
model:LGT723D iter 23820: loss 2.5252, time 206.14ms, mfu 0.44%
model:LGT723D iter 23830: loss 2.6161, time 172.20ms, mfu 0.47%
model:LGT723D iter 23840: loss 2.5918, time 235.08ms, mfu 0.47%
------average encoder activity 0.174
-----------average decoder density 0.4752
step 23850: train loss 2.1987, val loss 2.2150
saving checkpoint to out-novel-char3_LGT723D_4d06c3ce0eb6b62233f4128fdb1c3b0f
model:LGT723D iter 23850: loss 2.3369, time 4291.82ms, mfu 0.43%
model:LGT723D iter 23860: loss 1.9413, time 231.77ms, mfu 0.44%
model:LGT723D iter 23870: loss 2.5802, time 208.13ms, mfu 0.45%
model:LGT723D iter 23880: loss 2.0060, time 209.98ms, mfu 0.46%
model:LGT723D iter 23890: loss 1.6977, time 208.77ms, mfu 0.47%
------average encoder activity 0.174
-----------average decoder density 0.4724
step 23900: train loss 2.2277, val loss 2.2011
saving checkpoint to out-novel-char3_LGT723D_4d06c3ce0eb6b62233f4128fdb1c3b0f
model:LGT723D iter 23900: loss 2.4074, time 4203.73ms, mfu 0.43%
model:LGT723D iter 23910: loss 2.5175, time 248.24ms, mfu 0.44%
model:LGT723D iter 23920: loss 1.7159, time 202.01ms, mfu 0.45%
model:LGT723D iter 23930: loss 2.5756, time 249.10ms, mfu 0.45%
model:LGT723D iter 23940: loss 1.8906, time 221.93ms, mfu 0.46%
------average encoder activity 0.176
-----------average decoder density 0.4886
step 23950: train loss 2.1733, val loss 2.1581
saving checkpoint to out-novel-char3_LGT723D_4d06c3ce0eb6b62233f4128fdb1c3b0f
model:LGT723D iter 23950: loss 2.1619, time 4047.11ms, mfu 0.42%
model:LGT723D iter 23960: loss 2.4142, time 203.68ms, mfu 0.44%
model:LGT723D iter 23970: loss 2.4218, time 238.16ms, mfu 0.44%
model:LGT723D iter 23980: loss 2.2506, time 225.86ms, mfu 0.45%
model:LGT723D iter 23990: loss 2.3868, time 228.66ms, mfu 0.46%
------average encoder activity 0.177
-----------average decoder density 0.4655
step 24000: train loss 2.2175, val loss 2.1154
saving checkpoint to out-novel-char3_LGT723D_4d06c3ce0eb6b62233f4128fdb1c3b0f
model:LGT723D iter 24000: loss 1.3888, time 4447.09ms, mfu 0.42%
model:LGT723D iter 24010: loss 2.3197, time 193.75ms, mfu 0.44%
model:LGT723D iter 24020: loss 2.6232, time 197.67ms, mfu 0.45%
model:LGT723D iter 24030: loss 2.4076, time 234.85ms, mfu 0.46%
model:LGT723D iter 24040: loss 2.6574, time 207.87ms, mfu 0.47%
------average encoder activity 0.176
-----------average decoder density 0.4675
step 24050: train loss 2.2084, val loss 2.1293
saving checkpoint to out-novel-char3_LGT723D_4d06c3ce0eb6b62233f4128fdb1c3b0f
model:LGT723D iter 24050: loss 2.6880, time 4409.27ms, mfu 0.43%
model:LGT723D iter 24060: loss 2.2300, time 205.17ms, mfu 0.44%
model:LGT723D iter 24070: loss 2.6512, time 212.70ms, mfu 0.45%
model:LGT723D iter 24080: loss 2.9569, time 210.51ms, mfu 0.47%
model:LGT723D iter 24090: loss 2.3035, time 201.42ms, mfu 0.48%
------average encoder activity 0.177
-----------average decoder density 0.5105
step 24100: train loss 2.1897, val loss 2.1784
saving checkpoint to out-novel-char3_LGT723D_4d06c3ce0eb6b62233f4128fdb1c3b0f
model:LGT723D iter 24100: loss 2.1526, time 4597.02ms, mfu 0.43%
model:LGT723D iter 24110: loss 1.8238, time 221.26ms, mfu 0.44%
model:LGT723D iter 24120: loss 1.9096, time 222.69ms, mfu 0.45%
model:LGT723D iter 24130: loss 1.9238, time 240.28ms, mfu 0.46%
model:LGT723D iter 24140: loss 2.1223, time 192.25ms, mfu 0.48%
------average encoder activity 0.173
-----------average decoder density 0.4932
step 24150: train loss 2.2324, val loss 2.1997
saving checkpoint to out-novel-char3_LGT723D_4d06c3ce0eb6b62233f4128fdb1c3b0f
model:LGT723D iter 24150: loss 2.2153, time 4048.46ms, mfu 0.43%
model:LGT723D iter 24160: loss 2.5013, time 195.71ms, mfu 0.45%
model:LGT723D iter 24170: loss 2.2105, time 230.08ms, mfu 0.46%
model:LGT723D iter 24180: loss 1.9860, time 224.68ms, mfu 0.46%
model:LGT723D iter 24190: loss 2.4011, time 196.30ms, mfu 0.48%
------average encoder activity 0.175
-----------average decoder density 0.4869
step 24200: train loss 2.1963, val loss 2.1620
saving checkpoint to out-novel-char3_LGT723D_4d06c3ce0eb6b62233f4128fdb1c3b0f
model:LGT723D iter 24200: loss 1.9248, time 4271.59ms, mfu 0.43%
model:LGT723D iter 24210: loss 2.6469, time 193.40ms, mfu 0.45%
model:LGT723D iter 24220: loss 2.3202, time 241.63ms, mfu 0.46%
model:LGT723D iter 24230: loss 2.2959, time 232.27ms, mfu 0.46%
model:LGT723D iter 24240: loss 2.7867, time 218.15ms, mfu 0.47%
------average encoder activity 0.174
-----------average decoder density 0.5007
step 24250: train loss 2.2036, val loss 2.1791
saving checkpoint to out-novel-char3_LGT723D_4d06c3ce0eb6b62233f4128fdb1c3b0f
model:LGT723D iter 24250: loss 2.4550, time 4428.34ms, mfu 0.43%
model:LGT723D iter 24260: loss 2.1239, time 196.07ms, mfu 0.45%
model:LGT723D iter 24270: loss 2.2331, time 219.44ms, mfu 0.46%
model:LGT723D iter 24280: loss 2.4718, time 221.75ms, mfu 0.46%
model:LGT723D iter 24290: loss 2.0218, time 234.49ms, mfu 0.47%
------average encoder activity 0.173
-----------average decoder density 0.4848
step 24300: train loss 2.1890, val loss 2.1548
saving checkpoint to out-novel-char3_LGT723D_4d06c3ce0eb6b62233f4128fdb1c3b0f
model:LGT723D iter 24300: loss 1.9219, time 4439.95ms, mfu 0.42%
model:LGT723D iter 24310: loss 2.1707, time 221.05ms, mfu 0.44%
model:LGT723D iter 24320: loss 2.0203, time 200.33ms, mfu 0.45%
model:LGT723D iter 24330: loss 2.2048, time 181.63ms, mfu 0.47%
model:LGT723D iter 24340: loss 2.1291, time 198.78ms, mfu 0.49%
------average encoder activity 0.173
-----------average decoder density 0.5235
step 24350: train loss 2.2297, val loss 2.1532
saving checkpoint to out-novel-char3_LGT723D_4d06c3ce0eb6b62233f4128fdb1c3b0f
model:LGT723D iter 24350: loss 2.3629, time 4234.44ms, mfu 0.44%
model:LGT723D iter 24360: loss 1.6832, time 237.90ms, mfu 0.45%
model:LGT723D iter 24370: loss 2.0230, time 212.96ms, mfu 0.46%
model:LGT723D iter 24380: loss 2.8538, time 221.34ms, mfu 0.47%
model:LGT723D iter 24390: loss 2.0704, time 239.96ms, mfu 0.47%
------average encoder activity 0.171
-----------average decoder density 0.4790
step 24400: train loss 2.1997, val loss 2.1317
saving checkpoint to out-novel-char3_LGT723D_4d06c3ce0eb6b62233f4128fdb1c3b0f
model:LGT723D iter 24400: loss 2.9927, time 4047.31ms, mfu 0.43%
model:LGT723D iter 24410: loss 2.2542, time 229.44ms, mfu 0.44%
model:LGT723D iter 24420: loss 1.9121, time 247.86ms, mfu 0.44%
model:LGT723D iter 24430: loss 2.1170, time 236.61ms, mfu 0.45%
model:LGT723D iter 24440: loss 2.0303, time 232.04ms, mfu 0.45%
------average encoder activity 0.172
-----------average decoder density 0.4711
step 24450: train loss 2.1726, val loss 2.1510
saving checkpoint to out-novel-char3_LGT723D_4d06c3ce0eb6b62233f4128fdb1c3b0f
model:LGT723D iter 24450: loss 1.5791, time 4058.36ms, mfu 0.41%
model:LGT723D iter 24460: loss 2.0615, time 220.21ms, mfu 0.43%
model:LGT723D iter 24470: loss 2.2053, time 226.15ms, mfu 0.44%
model:LGT723D iter 24480: loss 2.1568, time 222.49ms, mfu 0.45%
model:LGT723D iter 24490: loss 1.6326, time 230.03ms, mfu 0.45%
------average encoder activity 0.173
-----------average decoder density 0.4783
step 24500: train loss 2.2134, val loss 2.1732
saving checkpoint to out-novel-char3_LGT723D_4d06c3ce0eb6b62233f4128fdb1c3b0f
model:LGT723D iter 24500: loss 1.5515, time 4346.86ms, mfu 0.41%
model:LGT723D iter 24510: loss 2.5276, time 203.11ms, mfu 0.43%
model:LGT723D iter 24520: loss 2.2863, time 198.48ms, mfu 0.45%
model:LGT723D iter 24530: loss 1.9962, time 206.24ms, mfu 0.46%
model:LGT723D iter 24540: loss 1.9058, time 205.43ms, mfu 0.47%
------average encoder activity 0.173
-----------average decoder density 0.4927
step 24550: train loss 2.2176, val loss 2.1576
saving checkpoint to out-novel-char3_LGT723D_4d06c3ce0eb6b62233f4128fdb1c3b0f
model:LGT723D iter 24550: loss 2.4115, time 4398.10ms, mfu 0.43%
model:LGT723D iter 24560: loss 2.3905, time 217.70ms, mfu 0.44%
model:LGT723D iter 24570: loss 2.2779, time 220.91ms, mfu 0.45%
model:LGT723D iter 24580: loss 2.4217, time 222.62ms, mfu 0.46%
model:LGT723D iter 24590: loss 2.7958, time 191.46ms, mfu 0.48%
------average encoder activity 0.173
-----------average decoder density 0.4760
step 24600: train loss 2.2169, val loss 2.1500
saving checkpoint to out-novel-char3_LGT723D_4d06c3ce0eb6b62233f4128fdb1c3b0f
model:LGT723D iter 24600: loss 2.3465, time 4192.66ms, mfu 0.43%
model:LGT723D iter 24610: loss 2.1319, time 205.51ms, mfu 0.45%
model:LGT723D iter 24620: loss 1.7816, time 221.24ms, mfu 0.46%
model:LGT723D iter 24630: loss 1.7624, time 250.59ms, mfu 0.46%
model:LGT723D iter 24640: loss 1.4598, time 230.48ms, mfu 0.46%
------average encoder activity 0.171
-----------average decoder density 0.4718
step 24650: train loss 2.2114, val loss 2.1769
saving checkpoint to out-novel-char3_LGT723D_4d06c3ce0eb6b62233f4128fdb1c3b0f
model:LGT723D iter 24650: loss 2.8621, time 3854.64ms, mfu 0.42%
model:LGT723D iter 24660: loss 1.6690, time 217.59ms, mfu 0.43%
model:LGT723D iter 24670: loss 2.4029, time 186.20ms, mfu 0.46%
model:LGT723D iter 24680: loss 2.2737, time 233.01ms, mfu 0.46%
model:LGT723D iter 24690: loss 2.9146, time 232.99ms, mfu 0.47%
------average encoder activity 0.173
-----------average decoder density 0.4797
step 24700: train loss 2.2034, val loss 2.2024
saving checkpoint to out-novel-char3_LGT723D_4d06c3ce0eb6b62233f4128fdb1c3b0f
model:LGT723D iter 24700: loss 1.7589, time 4229.03ms, mfu 0.42%
model:LGT723D iter 24710: loss 2.7692, time 182.21ms, mfu 0.45%
model:LGT723D iter 24720: loss 2.6106, time 170.73ms, mfu 0.47%
model:LGT723D iter 24730: loss 1.7253, time 215.47ms, mfu 0.48%
model:LGT723D iter 24740: loss 2.7079, time 241.52ms, mfu 0.48%
------average encoder activity 0.173
-----------average decoder density 0.4750
step 24750: train loss 2.2207, val loss 2.1478
saving checkpoint to out-novel-char3_LGT723D_4d06c3ce0eb6b62233f4128fdb1c3b0f
model:LGT723D iter 24750: loss 1.8475, time 4259.27ms, mfu 0.44%
model:LGT723D iter 24760: loss 2.3864, time 218.70ms, mfu 0.45%
model:LGT723D iter 24770: loss 2.2577, time 233.86ms, mfu 0.45%
model:LGT723D iter 24780: loss 2.3766, time 199.43ms, mfu 0.47%
model:LGT723D iter 24790: loss 2.0654, time 228.17ms, mfu 0.47%
------average encoder activity 0.174
-----------average decoder density 0.4749
step 24800: train loss 2.2200, val loss 2.1528
saving checkpoint to out-novel-char3_LGT723D_4d06c3ce0eb6b62233f4128fdb1c3b0f
model:LGT723D iter 24800: loss 1.6619, time 4378.90ms, mfu 0.43%
model:LGT723D iter 24810: loss 2.3246, time 222.87ms, mfu 0.44%
model:LGT723D iter 24820: loss 2.2577, time 219.80ms, mfu 0.45%
model:LGT723D iter 24830: loss 2.1175, time 225.36ms, mfu 0.46%
model:LGT723D iter 24840: loss 1.7353, time 230.07ms, mfu 0.47%
------average encoder activity 0.173
-----------average decoder density 0.4966
step 24850: train loss 2.1860, val loss 2.1343
saving checkpoint to out-novel-char3_LGT723D_4d06c3ce0eb6b62233f4128fdb1c3b0f
model:LGT723D iter 24850: loss 2.1642, time 4061.50ms, mfu 0.42%
model:LGT723D iter 24860: loss 1.9854, time 208.78ms, mfu 0.44%
model:LGT723D iter 24870: loss 2.0387, time 221.70ms, mfu 0.45%
model:LGT723D iter 24880: loss 1.9183, time 226.52ms, mfu 0.46%
model:LGT723D iter 24890: loss 2.3080, time 212.22ms, mfu 0.47%
------average encoder activity 0.174
-----------average decoder density 0.5161
step 24900: train loss 2.1706, val loss 2.1527
saving checkpoint to out-novel-char3_LGT723D_4d06c3ce0eb6b62233f4128fdb1c3b0f
model:LGT723D iter 24900: loss 1.8443, time 4334.44ms, mfu 0.42%
model:LGT723D iter 24910: loss 2.4913, time 195.93ms, mfu 0.44%
model:LGT723D iter 24920: loss 2.0350, time 228.91ms, mfu 0.45%
model:LGT723D iter 24930: loss 2.1714, time 237.34ms, mfu 0.46%
model:LGT723D iter 24940: loss 2.7592, time 218.96ms, mfu 0.46%
------average encoder activity 0.176
-----------average decoder density 0.4778
step 24950: train loss 2.1753, val loss 2.1508
saving checkpoint to out-novel-char3_LGT723D_4d06c3ce0eb6b62233f4128fdb1c3b0f
model:LGT723D iter 24950: loss 2.5554, time 4336.66ms, mfu 0.42%
model:LGT723D iter 24960: loss 1.9992, time 209.18ms, mfu 0.44%
model:LGT723D iter 24970: loss 2.3517, time 234.64ms, mfu 0.44%
model:LGT723D iter 24980: loss 2.1897, time 202.45ms, mfu 0.46%
model:LGT723D iter 24990: loss 1.8375, time 191.71ms, mfu 0.48%
------average encoder activity 0.173
-----------average decoder density 0.4840
step 25000: train loss 2.2313, val loss 2.1845
saving checkpoint to out-novel-char3_LGT723D_4d06c3ce0eb6b62233f4128fdb1c3b0f
model:LGT723D iter 25000: loss 1.3619, time 4503.01ms, mfu 0.43%
model:LGT723D iter 25010: loss 2.7995, time 218.64ms, mfu 0.44%
model:LGT723D iter 25020: loss 2.4638, time 236.26ms, mfu 0.45%
model:LGT723D iter 25030: loss 2.4882, time 208.40ms, mfu 0.46%
model:LGT723D iter 25040: loss 2.1818, time 189.98ms, mfu 0.48%
------average encoder activity 0.173
-----------average decoder density 0.4712
step 25050: train loss 2.1802, val loss 2.1448
saving checkpoint to out-novel-char3_LGT723D_4d06c3ce0eb6b62233f4128fdb1c3b0f
model:LGT723D iter 25050: loss 2.0001, time 4153.81ms, mfu 0.43%
model:LGT723D iter 25060: loss 2.9024, time 226.07ms, mfu 0.44%
model:LGT723D iter 25070: loss 2.0990, time 230.49ms, mfu 0.45%
model:LGT723D iter 25080: loss 2.3572, time 191.40ms, mfu 0.47%
model:LGT723D iter 25090: loss 2.1483, time 226.95ms, mfu 0.47%
------average encoder activity 0.172
-----------average decoder density 0.5052
step 25100: train loss 2.1756, val loss 2.1579
saving checkpoint to out-novel-char3_LGT723D_4d06c3ce0eb6b62233f4128fdb1c3b0f
model:LGT723D iter 25100: loss 2.7298, time 4067.90ms, mfu 0.43%
model:LGT723D iter 25110: loss 1.9791, time 216.92ms, mfu 0.44%
model:LGT723D iter 25120: loss 2.2480, time 217.64ms, mfu 0.45%
model:LGT723D iter 25130: loss 2.2826, time 192.39ms, mfu 0.47%
model:LGT723D iter 25140: loss 2.5545, time 231.03ms, mfu 0.48%
------average encoder activity 0.174
-----------average decoder density 0.4769
step 25150: train loss 2.1759, val loss 2.1344
saving checkpoint to out-novel-char3_LGT723D_4d06c3ce0eb6b62233f4128fdb1c3b0f
model:LGT723D iter 25150: loss 1.8669, time 4194.28ms, mfu 0.43%
model:LGT723D iter 25160: loss 2.8548, time 202.11ms, mfu 0.45%
model:LGT723D iter 25170: loss 2.3099, time 204.78ms, mfu 0.46%
model:LGT723D iter 25180: loss 2.3536, time 230.41ms, mfu 0.47%
model:LGT723D iter 25190: loss 1.8634, time 221.69ms, mfu 0.47%
------average encoder activity 0.172
-----------average decoder density 0.5024
step 25200: train loss 2.1711, val loss 2.1891
saving checkpoint to out-novel-char3_LGT723D_4d06c3ce0eb6b62233f4128fdb1c3b0f
model:LGT723D iter 25200: loss 2.3986, time 4182.39ms, mfu 0.43%
model:LGT723D iter 25210: loss 2.0822, time 225.91ms, mfu 0.44%
model:LGT723D iter 25220: loss 1.6754, time 221.70ms, mfu 0.45%
model:LGT723D iter 25230: loss 1.9917, time 222.47ms, mfu 0.46%
model:LGT723D iter 25240: loss 2.3378, time 202.55ms, mfu 0.47%
------average encoder activity 0.172
-----------average decoder density 0.4809
step 25250: train loss 2.1675, val loss 2.1604
saving checkpoint to out-novel-char3_LGT723D_4d06c3ce0eb6b62233f4128fdb1c3b0f
model:LGT723D iter 25250: loss 2.0913, time 4302.80ms, mfu 0.43%
model:LGT723D iter 25260: loss 1.6438, time 231.86ms, mfu 0.44%
model:LGT723D iter 25270: loss 2.7541, time 202.61ms, mfu 0.45%
model:LGT723D iter 25280: loss 1.7620, time 230.14ms, mfu 0.46%
model:LGT723D iter 25290: loss 2.5715, time 246.95ms, mfu 0.46%
------average encoder activity 0.173
-----------average decoder density 0.4969
step 25300: train loss 2.2272, val loss 2.1889
saving checkpoint to out-novel-char3_LGT723D_4d06c3ce0eb6b62233f4128fdb1c3b0f
model:LGT723D iter 25300: loss 1.8390, time 4072.37ms, mfu 0.42%
model:LGT723D iter 25310: loss 1.9160, time 187.85ms, mfu 0.44%
model:LGT723D iter 25320: loss 1.8650, time 227.52ms, mfu 0.45%
model:LGT723D iter 25330: loss 1.9431, time 224.09ms, mfu 0.46%
model:LGT723D iter 25340: loss 2.3306, time 227.41ms, mfu 0.46%
------average encoder activity 0.173
-----------average decoder density 0.4837
step 25350: train loss 2.1646, val loss 2.1490
saving checkpoint to out-novel-char3_LGT723D_4d06c3ce0eb6b62233f4128fdb1c3b0f
model:LGT723D iter 25350: loss 1.9388, time 4389.87ms, mfu 0.42%
model:LGT723D iter 25360: loss 2.3965, time 182.50ms, mfu 0.44%
model:LGT723D iter 25370: loss 2.1001, time 225.08ms, mfu 0.45%
model:LGT723D iter 25380: loss 2.3632, time 236.42ms, mfu 0.46%
model:LGT723D iter 25390: loss 2.0417, time 212.56ms, mfu 0.47%
------average encoder activity 0.173
-----------average decoder density 0.4744
step 25400: train loss 2.1829, val loss 2.1574
saving checkpoint to out-novel-char3_LGT723D_4d06c3ce0eb6b62233f4128fdb1c3b0f
model:LGT723D iter 25400: loss 2.2214, time 4472.29ms, mfu 0.43%
model:LGT723D iter 25410: loss 1.9682, time 214.57ms, mfu 0.44%
model:LGT723D iter 25420: loss 2.1157, time 219.76ms, mfu 0.45%
model:LGT723D iter 25430: loss 1.7764, time 207.76ms, mfu 0.46%
model:LGT723D iter 25440: loss 2.5395, time 194.10ms, mfu 0.48%
------average encoder activity 0.171
-----------average decoder density 0.4761
step 25450: train loss 2.1631, val loss 2.1755
saving checkpoint to out-novel-char3_LGT723D_4d06c3ce0eb6b62233f4128fdb1c3b0f
model:LGT723D iter 25450: loss 2.6420, time 4501.56ms, mfu 0.43%
model:LGT723D iter 25460: loss 1.7788, time 191.40ms, mfu 0.45%
model:LGT723D iter 25470: loss 2.2700, time 223.15ms, mfu 0.46%
model:LGT723D iter 25480: loss 2.4716, time 223.85ms, mfu 0.47%
model:LGT723D iter 25490: loss 2.8291, time 214.22ms, mfu 0.48%
------average encoder activity 0.171
-----------average decoder density 0.4972
step 25500: train loss 2.2006, val loss 2.1324
saving checkpoint to out-novel-char3_LGT723D_4d06c3ce0eb6b62233f4128fdb1c3b0f
model:LGT723D iter 25500: loss 1.9969, time 4093.11ms, mfu 0.43%
model:LGT723D iter 25510: loss 2.3376, time 243.77ms, mfu 0.44%
model:LGT723D iter 25520: loss 2.3012, time 224.91ms, mfu 0.45%
model:LGT723D iter 25530: loss 2.4057, time 214.93ms, mfu 0.46%
model:LGT723D iter 25540: loss 2.5596, time 205.28ms, mfu 0.47%
------average encoder activity 0.173
-----------average decoder density 0.4771
step 25550: train loss 2.2054, val loss 2.1862
saving checkpoint to out-novel-char3_LGT723D_4d06c3ce0eb6b62233f4128fdb1c3b0f
model:LGT723D iter 25550: loss 1.7882, time 4250.40ms, mfu 0.43%
model:LGT723D iter 25560: loss 2.2498, time 234.69ms, mfu 0.44%
model:LGT723D iter 25570: loss 2.5276, time 239.60ms, mfu 0.44%
model:LGT723D iter 25580: loss 2.1068, time 211.17ms, mfu 0.45%
model:LGT723D iter 25590: loss 2.6920, time 230.03ms, mfu 0.46%
------average encoder activity 0.171
-----------average decoder density 0.4929
step 25600: train loss 2.2155, val loss 2.2090
saving checkpoint to out-novel-char3_LGT723D_4d06c3ce0eb6b62233f4128fdb1c3b0f
model:LGT723D iter 25600: loss 2.3582, time 4302.74ms, mfu 0.42%
model:LGT723D iter 25610: loss 2.5798, time 186.31ms, mfu 0.44%
model:LGT723D iter 25620: loss 2.1871, time 183.32ms, mfu 0.46%
model:LGT723D iter 25630: loss 2.5865, time 187.91ms, mfu 0.48%
model:LGT723D iter 25640: loss 1.8474, time 230.46ms, mfu 0.48%
------average encoder activity 0.170
-----------average decoder density 0.4722
step 25650: train loss 2.2015, val loss 2.1893
saving checkpoint to out-novel-char3_LGT723D_4d06c3ce0eb6b62233f4128fdb1c3b0f
model:LGT723D iter 25650: loss 1.8389, time 4300.11ms, mfu 0.44%
model:LGT723D iter 25660: loss 2.2513, time 229.15ms, mfu 0.45%
model:LGT723D iter 25670: loss 2.5782, time 248.52ms, mfu 0.45%
model:LGT723D iter 25680: loss 2.3681, time 211.75ms, mfu 0.46%
model:LGT723D iter 25690: loss 1.9883, time 195.57ms, mfu 0.48%
------average encoder activity 0.172
-----------average decoder density 0.4801
step 25700: train loss 2.2177, val loss 2.1573
saving checkpoint to out-novel-char3_LGT723D_4d06c3ce0eb6b62233f4128fdb1c3b0f
model:LGT723D iter 25700: loss 2.0793, time 4356.84ms, mfu 0.43%
model:LGT723D iter 25710: loss 2.1661, time 207.72ms, mfu 0.45%
model:LGT723D iter 25720: loss 2.5659, time 229.33ms, mfu 0.45%
model:LGT723D iter 25730: loss 2.1359, time 234.52ms, mfu 0.46%
model:LGT723D iter 25740: loss 1.9440, time 239.22ms, mfu 0.46%
------average encoder activity 0.172
-----------average decoder density 0.4664
step 25750: train loss 2.1436, val loss 2.1642
saving checkpoint to out-novel-char3_LGT723D_4d06c3ce0eb6b62233f4128fdb1c3b0f
model:LGT723D iter 25750: loss 1.9893, time 4015.92ms, mfu 0.42%
model:LGT723D iter 25760: loss 2.3262, time 239.40ms, mfu 0.43%
model:LGT723D iter 25770: loss 2.1243, time 211.11ms, mfu 0.44%
model:LGT723D iter 25780: loss 1.8352, time 238.39ms, mfu 0.45%
model:LGT723D iter 25790: loss 2.1029, time 234.02ms, mfu 0.46%
------average encoder activity 0.172
-----------average decoder density 0.4714
step 25800: train loss 2.1846, val loss 2.1828
saving checkpoint to out-novel-char3_LGT723D_4d06c3ce0eb6b62233f4128fdb1c3b0f
model:LGT723D iter 25800: loss 2.2107, time 4311.45ms, mfu 0.41%
model:LGT723D iter 25810: loss 2.4412, time 203.23ms, mfu 0.43%
model:LGT723D iter 25820: loss 2.8108, time 209.31ms, mfu 0.44%
model:LGT723D iter 25830: loss 2.1667, time 219.59ms, mfu 0.45%
model:LGT723D iter 25840: loss 1.9697, time 237.08ms, mfu 0.46%
------average encoder activity 0.173
-----------average decoder density 0.4892
step 25850: train loss 2.2255, val loss 2.1327
saving checkpoint to out-novel-char3_LGT723D_4d06c3ce0eb6b62233f4128fdb1c3b0f
model:LGT723D iter 25850: loss 2.2318, time 4457.84ms, mfu 0.42%
model:LGT723D iter 25860: loss 1.8340, time 194.06ms, mfu 0.44%
model:LGT723D iter 25870: loss 2.0760, time 184.89ms, mfu 0.46%
model:LGT723D iter 25880: loss 2.3253, time 200.57ms, mfu 0.47%
model:LGT723D iter 25890: loss 2.1013, time 267.47ms, mfu 0.47%
------average encoder activity 0.173
-----------average decoder density 0.4852
step 25900: train loss 2.2082, val loss 2.1792
saving checkpoint to out-novel-char3_LGT723D_4d06c3ce0eb6b62233f4128fdb1c3b0f
model:LGT723D iter 25900: loss 2.1537, time 4484.61ms, mfu 0.43%
model:LGT723D iter 25910: loss 1.7523, time 179.85ms, mfu 0.45%
model:LGT723D iter 25920: loss 2.2145, time 223.26ms, mfu 0.46%
model:LGT723D iter 25930: loss 2.4367, time 182.35ms, mfu 0.48%
model:LGT723D iter 25940: loss 1.6206, time 190.73ms, mfu 0.49%
------average encoder activity 0.172
-----------average decoder density 0.5134
step 25950: train loss 2.1554, val loss 2.2202
saving checkpoint to out-novel-char3_LGT723D_4d06c3ce0eb6b62233f4128fdb1c3b0f
model:LGT723D iter 25950: loss 1.5409, time 4263.68ms, mfu 0.45%
model:LGT723D iter 25960: loss 2.1145, time 194.86ms, mfu 0.46%
model:LGT723D iter 25970: loss 1.9570, time 226.24ms, mfu 0.47%
model:LGT723D iter 25980: loss 2.1286, time 222.89ms, mfu 0.48%
model:LGT723D iter 25990: loss 2.4906, time 231.15ms, mfu 0.48%
------average encoder activity 0.173
-----------average decoder density 0.4749
step 26000: train loss 2.1958, val loss 2.1214
saving checkpoint to out-novel-char3_LGT723D_4d06c3ce0eb6b62233f4128fdb1c3b0f
model:LGT723D iter 26000: loss 2.1921, time 4114.63ms, mfu 0.44%
model:LGT723D iter 26010: loss 1.4264, time 206.19ms, mfu 0.45%
model:LGT723D iter 26020: loss 2.1968, time 211.83ms, mfu 0.46%
model:LGT723D iter 26030: loss 2.7739, time 231.75ms, mfu 0.47%
model:LGT723D iter 26040: loss 2.3846, time 191.02ms, mfu 0.48%
------average encoder activity 0.173
-----------average decoder density 0.4793
step 26050: train loss 2.1637, val loss 2.1503
saving checkpoint to out-novel-char3_LGT723D_4d06c3ce0eb6b62233f4128fdb1c3b0f
model:LGT723D iter 26050: loss 2.0960, time 4559.31ms, mfu 0.44%
model:LGT723D iter 26060: loss 1.8203, time 190.03ms, mfu 0.46%
model:LGT723D iter 26070: loss 2.5686, time 194.76ms, mfu 0.47%
model:LGT723D iter 26080: loss 2.0399, time 188.31ms, mfu 0.49%
model:LGT723D iter 26090: loss 2.2016, time 204.39ms, mfu 0.50%
------average encoder activity 0.173
-----------average decoder density 0.4687
step 26100: train loss 2.1949, val loss 2.1412
saving checkpoint to out-novel-char3_LGT723D_4d06c3ce0eb6b62233f4128fdb1c3b0f
model:LGT723D iter 26100: loss 2.3713, time 4440.18ms, mfu 0.45%
model:LGT723D iter 26110: loss 2.2723, time 200.40ms, mfu 0.47%
model:LGT723D iter 26120: loss 2.2824, time 238.98ms, mfu 0.47%
model:LGT723D iter 26130: loss 2.2175, time 201.80ms, mfu 0.48%
model:LGT723D iter 26140: loss 1.7181, time 190.99ms, mfu 0.50%
------average encoder activity 0.171
-----------average decoder density 0.4622
step 26150: train loss 2.1786, val loss 2.1375
saving checkpoint to out-novel-char3_LGT723D_4d06c3ce0eb6b62233f4128fdb1c3b0f
model:LGT723D iter 26150: loss 1.8950, time 4556.69ms, mfu 0.45%
model:LGT723D iter 26160: loss 2.4234, time 214.99ms, mfu 0.46%
model:LGT723D iter 26170: loss 2.4355, time 229.78ms, mfu 0.47%
model:LGT723D iter 26180: loss 2.0609, time 226.86ms, mfu 0.47%
model:LGT723D iter 26190: loss 1.2679, time 216.65ms, mfu 0.48%
------average encoder activity 0.173
-----------average decoder density 0.4956
step 26200: train loss 2.1622, val loss 2.1518
saving checkpoint to out-novel-char3_LGT723D_4d06c3ce0eb6b62233f4128fdb1c3b0f
model:LGT723D iter 26200: loss 2.1938, time 4068.47ms, mfu 0.44%
model:LGT723D iter 26210: loss 2.2775, time 242.64ms, mfu 0.44%
model:LGT723D iter 26220: loss 2.2827, time 217.70ms, mfu 0.45%
model:LGT723D iter 26230: loss 1.8385, time 201.74ms, mfu 0.47%
model:LGT723D iter 26240: loss 2.1563, time 195.30ms, mfu 0.48%
------average encoder activity 0.174
-----------average decoder density 0.4854
step 26250: train loss 2.1704, val loss 2.1819
saving checkpoint to out-novel-char3_LGT723D_4d06c3ce0eb6b62233f4128fdb1c3b0f
model:LGT723D iter 26250: loss 2.7158, time 4436.41ms, mfu 0.44%
model:LGT723D iter 26260: loss 1.9361, time 203.85ms, mfu 0.45%
model:LGT723D iter 26270: loss 2.4866, time 212.32ms, mfu 0.46%
model:LGT723D iter 26280: loss 2.2727, time 210.14ms, mfu 0.47%
model:LGT723D iter 26290: loss 2.5154, time 216.73ms, mfu 0.48%
------average encoder activity 0.173
-----------average decoder density 0.4882
step 26300: train loss 2.1848, val loss 2.1589
saving checkpoint to out-novel-char3_LGT723D_4d06c3ce0eb6b62233f4128fdb1c3b0f
model:LGT723D iter 26300: loss 2.1944, time 4449.25ms, mfu 0.44%
model:LGT723D iter 26310: loss 2.4715, time 219.96ms, mfu 0.45%
model:LGT723D iter 26320: loss 2.3703, time 200.91ms, mfu 0.46%
model:LGT723D iter 26330: loss 2.2721, time 199.94ms, mfu 0.48%
model:LGT723D iter 26340: loss 2.4150, time 251.46ms, mfu 0.48%
------average encoder activity 0.172
-----------average decoder density 0.4770
step 26350: train loss 2.1711, val loss 2.1469
saving checkpoint to out-novel-char3_LGT723D_4d06c3ce0eb6b62233f4128fdb1c3b0f
model:LGT723D iter 26350: loss 2.4781, time 4340.06ms, mfu 0.43%
model:LGT723D iter 26360: loss 2.3869, time 241.03ms, mfu 0.44%
model:LGT723D iter 26370: loss 1.9525, time 202.00ms, mfu 0.45%
model:LGT723D iter 26380: loss 2.0195, time 219.47ms, mfu 0.46%
model:LGT723D iter 26390: loss 1.8688, time 220.74ms, mfu 0.47%
------average encoder activity 0.173
-----------average decoder density 0.4921
step 26400: train loss 2.1655, val loss 2.1607
saving checkpoint to out-novel-char3_LGT723D_4d06c3ce0eb6b62233f4128fdb1c3b0f
model:LGT723D iter 26400: loss 2.4333, time 4124.21ms, mfu 0.43%
model:LGT723D iter 26410: loss 2.1851, time 251.63ms, mfu 0.43%
model:LGT723D iter 26420: loss 2.0844, time 220.03ms, mfu 0.44%
model:LGT723D iter 26430: loss 2.1123, time 235.23ms, mfu 0.45%
model:LGT723D iter 26440: loss 2.2125, time 243.55ms, mfu 0.45%
------average encoder activity 0.174
-----------average decoder density 0.4961
step 26450: train loss 2.1651, val loss 2.0993
saving checkpoint to out-novel-char3_LGT723D_4d06c3ce0eb6b62233f4128fdb1c3b0f
model:LGT723D iter 26450: loss 2.5028, time 4082.63ms, mfu 0.41%
model:LGT723D iter 26460: loss 2.3926, time 200.00ms, mfu 0.43%
model:LGT723D iter 26470: loss 1.8787, time 192.87ms, mfu 0.45%
model:LGT723D iter 26480: loss 2.3998, time 254.02ms, mfu 0.45%
model:LGT723D iter 26490: loss 2.0270, time 218.81ms, mfu 0.46%
------average encoder activity 0.174
-----------average decoder density 0.4881
step 26500: train loss 2.2178, val loss 2.1661
saving checkpoint to out-novel-char3_LGT723D_4d06c3ce0eb6b62233f4128fdb1c3b0f
model:LGT723D iter 26500: loss 2.1307, time 4306.32ms, mfu 0.42%
model:LGT723D iter 26510: loss 2.1633, time 185.29ms, mfu 0.44%
model:LGT723D iter 26520: loss 2.8215, time 214.87ms, mfu 0.45%
model:LGT723D iter 26530: loss 1.9252, time 202.87ms, mfu 0.47%
model:LGT723D iter 26540: loss 2.6477, time 236.44ms, mfu 0.47%
------average encoder activity 0.173
-----------average decoder density 0.4749
step 26550: train loss 2.1671, val loss 2.1736
saving checkpoint to out-novel-char3_LGT723D_4d06c3ce0eb6b62233f4128fdb1c3b0f
model:LGT723D iter 26550: loss 1.8204, time 4419.51ms, mfu 0.43%
model:LGT723D iter 26560: loss 1.9550, time 193.15ms, mfu 0.45%
model:LGT723D iter 26570: loss 2.8167, time 245.03ms, mfu 0.45%
model:LGT723D iter 26580: loss 1.7722, time 201.15ms, mfu 0.46%
model:LGT723D iter 26590: loss 1.7983, time 184.75ms, mfu 0.48%
------average encoder activity 0.173
-----------average decoder density 0.4848
step 26600: train loss 2.1956, val loss 2.1303
saving checkpoint to out-novel-char3_LGT723D_4d06c3ce0eb6b62233f4128fdb1c3b0f
model:LGT723D iter 26600: loss 2.1153, time 4534.76ms, mfu 0.44%
model:LGT723D iter 26610: loss 2.4505, time 190.98ms, mfu 0.46%
model:LGT723D iter 26620: loss 2.8845, time 231.06ms, mfu 0.46%
model:LGT723D iter 26630: loss 1.5387, time 236.21ms, mfu 0.47%
model:LGT723D iter 26640: loss 2.7539, time 186.24ms, mfu 0.49%
------average encoder activity 0.171
-----------average decoder density 0.4769
step 26650: train loss 2.1990, val loss 2.1877
saving checkpoint to out-novel-char3_LGT723D_4d06c3ce0eb6b62233f4128fdb1c3b0f
model:LGT723D iter 26650: loss 1.6742, time 3965.58ms, mfu 0.44%
model:LGT723D iter 26660: loss 2.3673, time 213.94ms, mfu 0.45%
model:LGT723D iter 26670: loss 2.3338, time 234.62ms, mfu 0.46%
model:LGT723D iter 26680: loss 2.1931, time 234.64ms, mfu 0.46%
model:LGT723D iter 26690: loss 1.7062, time 214.28ms, mfu 0.47%
------average encoder activity 0.171
-----------average decoder density 0.4794
step 26700: train loss 2.2030, val loss 2.1493
saving checkpoint to out-novel-char3_LGT723D_4d06c3ce0eb6b62233f4128fdb1c3b0f
model:LGT723D iter 26700: loss 2.0008, time 4343.11ms, mfu 0.43%
model:LGT723D iter 26710: loss 2.6402, time 187.22ms, mfu 0.45%
model:LGT723D iter 26720: loss 2.0005, time 222.99ms, mfu 0.46%
model:LGT723D iter 26730: loss 2.1060, time 223.72ms, mfu 0.47%
model:LGT723D iter 26740: loss 2.5763, time 195.82ms, mfu 0.48%
------average encoder activity 0.169
-----------average decoder density 0.4855
step 26750: train loss 2.1616, val loss 2.1427
saving checkpoint to out-novel-char3_LGT723D_4d06c3ce0eb6b62233f4128fdb1c3b0f
model:LGT723D iter 26750: loss 2.6461, time 4433.49ms, mfu 0.44%
model:LGT723D iter 26760: loss 2.3631, time 222.41ms, mfu 0.45%
model:LGT723D iter 26770: loss 2.3110, time 240.49ms, mfu 0.45%
model:LGT723D iter 26780: loss 1.9209, time 219.44ms, mfu 0.46%
model:LGT723D iter 26790: loss 1.9393, time 206.57ms, mfu 0.47%
------average encoder activity 0.170
-----------average decoder density 0.4799
step 26800: train loss 2.2010, val loss 2.1872
saving checkpoint to out-novel-char3_LGT723D_4d06c3ce0eb6b62233f4128fdb1c3b0f
model:LGT723D iter 26800: loss 2.5219, time 4478.94ms, mfu 0.43%
model:LGT723D iter 26810: loss 2.0591, time 232.82ms, mfu 0.44%
model:LGT723D iter 26820: loss 2.3971, time 223.06ms, mfu 0.45%
model:LGT723D iter 26830: loss 1.7648, time 200.35ms, mfu 0.46%
model:LGT723D iter 26840: loss 2.4852, time 206.16ms, mfu 0.47%
------average encoder activity 0.171
-----------average decoder density 0.4843
step 26850: train loss 2.1747, val loss 2.1564
saving checkpoint to out-novel-char3_LGT723D_4d06c3ce0eb6b62233f4128fdb1c3b0f
model:LGT723D iter 26850: loss 1.6734, time 4143.16ms, mfu 0.43%
model:LGT723D iter 26860: loss 1.9108, time 240.68ms, mfu 0.44%
model:LGT723D iter 26870: loss 2.2761, time 242.50ms, mfu 0.44%
model:LGT723D iter 26880: loss 2.1081, time 212.36ms, mfu 0.45%
model:LGT723D iter 26890: loss 2.4720, time 185.23ms, mfu 0.47%
------average encoder activity 0.171
-----------average decoder density 0.4771
step 26900: train loss 2.1866, val loss 2.1522
saving checkpoint to out-novel-char3_LGT723D_4d06c3ce0eb6b62233f4128fdb1c3b0f
model:LGT723D iter 26900: loss 2.3705, time 4335.82ms, mfu 0.43%
model:LGT723D iter 26910: loss 2.2229, time 220.39ms, mfu 0.44%
model:LGT723D iter 26920: loss 2.3017, time 198.01ms, mfu 0.46%
model:LGT723D iter 26930: loss 2.7669, time 178.47ms, mfu 0.48%
model:LGT723D iter 26940: loss 2.3733, time 220.58ms, mfu 0.49%
------average encoder activity 0.173
-----------average decoder density 0.4881
step 26950: train loss 2.1404, val loss 2.1276
saving checkpoint to out-novel-char3_LGT723D_4d06c3ce0eb6b62233f4128fdb1c3b0f
model:LGT723D iter 26950: loss 1.9292, time 4602.53ms, mfu 0.44%
model:LGT723D iter 26960: loss 2.5370, time 229.37ms, mfu 0.45%
model:LGT723D iter 26970: loss 2.0438, time 195.87ms, mfu 0.46%
model:LGT723D iter 26980: loss 2.6717, time 211.51ms, mfu 0.47%
model:LGT723D iter 26990: loss 1.6701, time 195.37ms, mfu 0.49%
------average encoder activity 0.173
-----------average decoder density 0.4791
step 27000: train loss 2.1864, val loss 2.1567
saving checkpoint to out-novel-char3_LGT723D_4d06c3ce0eb6b62233f4128fdb1c3b0f
model:LGT723D iter 27000: loss 2.4064, time 4430.28ms, mfu 0.44%
model:LGT723D iter 27010: loss 2.1223, time 222.91ms, mfu 0.45%
model:LGT723D iter 27020: loss 2.2285, time 210.85ms, mfu 0.46%
model:LGT723D iter 27030: loss 2.5456, time 236.48ms, mfu 0.47%
model:LGT723D iter 27040: loss 2.2045, time 198.20ms, mfu 0.48%
------average encoder activity 0.171
-----------average decoder density 0.4868
step 27050: train loss 2.1828, val loss 2.1500
saving checkpoint to out-novel-char3_LGT723D_4d06c3ce0eb6b62233f4128fdb1c3b0f
model:LGT723D iter 27050: loss 1.9319, time 3983.37ms, mfu 0.44%
model:LGT723D iter 27060: loss 1.8003, time 220.55ms, mfu 0.45%
model:LGT723D iter 27070: loss 2.4353, time 212.09ms, mfu 0.46%
model:LGT723D iter 27080: loss 1.8942, time 216.98ms, mfu 0.47%
model:LGT723D iter 27090: loss 2.5316, time 240.70ms, mfu 0.47%
------average encoder activity 0.171
-----------average decoder density 0.4722
step 27100: train loss 2.1949, val loss 2.1722
saving checkpoint to out-novel-char3_LGT723D_4d06c3ce0eb6b62233f4128fdb1c3b0f
model:LGT723D iter 27100: loss 2.7563, time 4150.97ms, mfu 0.43%
model:LGT723D iter 27110: loss 2.5636, time 223.39ms, mfu 0.44%
model:LGT723D iter 27120: loss 2.1483, time 215.93ms, mfu 0.45%
model:LGT723D iter 27130: loss 2.5069, time 216.88ms, mfu 0.46%
model:LGT723D iter 27140: loss 2.4431, time 222.91ms, mfu 0.47%
------average encoder activity 0.173
-----------average decoder density 0.4854
step 27150: train loss 2.2126, val loss 2.1625
saving checkpoint to out-novel-char3_LGT723D_4d06c3ce0eb6b62233f4128fdb1c3b0f
model:LGT723D iter 27150: loss 2.3761, time 4390.09ms, mfu 0.42%
model:LGT723D iter 27160: loss 1.9062, time 186.44ms, mfu 0.45%
model:LGT723D iter 27170: loss 1.9105, time 203.73ms, mfu 0.46%
model:LGT723D iter 27180: loss 1.6071, time 213.65ms, mfu 0.47%
model:LGT723D iter 27190: loss 2.4141, time 224.23ms, mfu 0.48%
------average encoder activity 0.172
-----------average decoder density 0.4703
step 27200: train loss 2.1776, val loss 2.1496
saving checkpoint to out-novel-char3_LGT723D_4d06c3ce0eb6b62233f4128fdb1c3b0f
model:LGT723D iter 27200: loss 2.5808, time 4451.41ms, mfu 0.43%
model:LGT723D iter 27210: loss 2.2860, time 192.39ms, mfu 0.45%
model:LGT723D iter 27220: loss 2.1276, time 222.78ms, mfu 0.46%
model:LGT723D iter 27230: loss 1.5511, time 213.68ms, mfu 0.47%
model:LGT723D iter 27240: loss 1.8122, time 214.29ms, mfu 0.48%
------average encoder activity 0.171
-----------average decoder density 0.4967
step 27250: train loss 2.2159, val loss 2.1386
saving checkpoint to out-novel-char3_LGT723D_4d06c3ce0eb6b62233f4128fdb1c3b0f
model:LGT723D iter 27250: loss 2.3005, time 3972.69ms, mfu 0.43%
model:LGT723D iter 27260: loss 2.2204, time 216.62ms, mfu 0.45%
model:LGT723D iter 27270: loss 2.0853, time 220.15ms, mfu 0.46%
model:LGT723D iter 27280: loss 2.8808, time 248.10ms, mfu 0.46%
model:LGT723D iter 27290: loss 2.8972, time 231.88ms, mfu 0.46%
------average encoder activity 0.171
-----------average decoder density 0.4693
step 27300: train loss 2.1977, val loss 2.1627
saving checkpoint to out-novel-char3_LGT723D_4d06c3ce0eb6b62233f4128fdb1c3b0f
model:LGT723D iter 27300: loss 2.1592, time 4216.73ms, mfu 0.42%
model:LGT723D iter 27310: loss 2.3751, time 213.77ms, mfu 0.44%
model:LGT723D iter 27320: loss 2.1841, time 227.93ms, mfu 0.44%
model:LGT723D iter 27330: loss 2.2009, time 239.42ms, mfu 0.45%
model:LGT723D iter 27340: loss 2.2357, time 215.68ms, mfu 0.46%
------average encoder activity 0.171
-----------average decoder density 0.4972
step 27350: train loss 2.1665, val loss 2.1942
saving checkpoint to out-novel-char3_LGT723D_4d06c3ce0eb6b62233f4128fdb1c3b0f
model:LGT723D iter 27350: loss 1.9615, time 4552.54ms, mfu 0.42%
model:LGT723D iter 27360: loss 2.4377, time 225.87ms, mfu 0.43%
model:LGT723D iter 27370: loss 2.0388, time 208.89ms, mfu 0.44%
model:LGT723D iter 27380: loss 2.0582, time 236.86ms, mfu 0.45%
model:LGT723D iter 27390: loss 2.2197, time 197.68ms, mfu 0.47%
------average encoder activity 0.171
-----------average decoder density 0.5064
step 27400: train loss 2.1455, val loss 2.1696
saving checkpoint to out-novel-char3_LGT723D_4d06c3ce0eb6b62233f4128fdb1c3b0f
model:LGT723D iter 27400: loss 2.1348, time 4641.60ms, mfu 0.42%
model:LGT723D iter 27410: loss 2.3296, time 217.55ms, mfu 0.43%
model:LGT723D iter 27420: loss 2.5791, time 226.30ms, mfu 0.44%
model:LGT723D iter 27430: loss 1.1355, time 216.24ms, mfu 0.46%
model:LGT723D iter 27440: loss 2.2320, time 201.42ms, mfu 0.47%
------average encoder activity 0.172
-----------average decoder density 0.4940
step 27450: train loss 2.1676, val loss 2.1482
saving checkpoint to out-novel-char3_LGT723D_4d06c3ce0eb6b62233f4128fdb1c3b0f
model:LGT723D iter 27450: loss 2.6678, time 4441.41ms, mfu 0.42%
model:LGT723D iter 27460: loss 2.2237, time 243.16ms, mfu 0.43%
model:LGT723D iter 27470: loss 2.1986, time 220.06ms, mfu 0.44%
model:LGT723D iter 27480: loss 1.8497, time 192.34ms, mfu 0.46%
model:LGT723D iter 27490: loss 1.6858, time 216.00ms, mfu 0.47%
------average encoder activity 0.170
-----------average decoder density 0.4917
step 27500: train loss 2.1630, val loss 2.1738
saving checkpoint to out-novel-char3_LGT723D_4d06c3ce0eb6b62233f4128fdb1c3b0f
model:LGT723D iter 27500: loss 2.8911, time 3883.44ms, mfu 0.43%
model:LGT723D iter 27510: loss 2.2987, time 229.57ms, mfu 0.44%
model:LGT723D iter 27520: loss 2.5330, time 226.84ms, mfu 0.45%
model:LGT723D iter 27530: loss 2.0043, time 196.00ms, mfu 0.46%
model:LGT723D iter 27540: loss 2.1353, time 214.34ms, mfu 0.47%
------average encoder activity 0.169
-----------average decoder density 0.4779
step 27550: train loss 2.1450, val loss 2.1289
saving checkpoint to out-novel-char3_LGT723D_4d06c3ce0eb6b62233f4128fdb1c3b0f
model:LGT723D iter 27550: loss 2.0355, time 4227.12ms, mfu 0.43%
model:LGT723D iter 27560: loss 1.8331, time 213.83ms, mfu 0.44%
model:LGT723D iter 27570: loss 1.4047, time 218.34ms, mfu 0.45%
model:LGT723D iter 27580: loss 1.9524, time 249.39ms, mfu 0.45%
model:LGT723D iter 27590: loss 2.4133, time 230.62ms, mfu 0.46%
------average encoder activity 0.171
-----------average decoder density 0.4855
step 27600: train loss 2.1239, val loss 2.1322
saving checkpoint to out-novel-char3_LGT723D_4d06c3ce0eb6b62233f4128fdb1c3b0f
model:LGT723D iter 27600: loss 2.2622, time 4395.28ms, mfu 0.42%
model:LGT723D iter 27610: loss 2.4056, time 221.65ms, mfu 0.43%
model:LGT723D iter 27620: loss 1.7863, time 187.12ms, mfu 0.45%
model:LGT723D iter 27630: loss 2.2750, time 216.09ms, mfu 0.46%
model:LGT723D iter 27640: loss 2.2540, time 231.32ms, mfu 0.47%
------average encoder activity 0.173
-----------average decoder density 0.4731
step 27650: train loss 2.1743, val loss 2.1066
saving checkpoint to out-novel-char3_LGT723D_4d06c3ce0eb6b62233f4128fdb1c3b0f
model:LGT723D iter 27650: loss 1.9663, time 4593.63ms, mfu 0.42%
model:LGT723D iter 27660: loss 2.3511, time 202.86ms, mfu 0.44%
model:LGT723D iter 27670: loss 1.9848, time 229.26ms, mfu 0.45%
model:LGT723D iter 27680: loss 2.0666, time 231.24ms, mfu 0.46%
model:LGT723D iter 27690: loss 1.9221, time 206.68ms, mfu 0.47%
------average encoder activity 0.169
-----------average decoder density 0.4770
step 27700: train loss 2.1445, val loss 2.1589
saving checkpoint to out-novel-char3_LGT723D_4d06c3ce0eb6b62233f4128fdb1c3b0f
model:LGT723D iter 27700: loss 1.6511, time 4400.37ms, mfu 0.42%
model:LGT723D iter 27710: loss 1.9077, time 229.06ms, mfu 0.43%
model:LGT723D iter 27720: loss 2.5665, time 213.23ms, mfu 0.45%
model:LGT723D iter 27730: loss 1.9830, time 232.04ms, mfu 0.45%
model:LGT723D iter 27740: loss 2.4230, time 204.75ms, mfu 0.47%
------average encoder activity 0.173
-----------average decoder density 0.4760
step 27750: train loss 2.2211, val loss 2.1413
saving checkpoint to out-novel-char3_LGT723D_4d06c3ce0eb6b62233f4128fdb1c3b0f
model:LGT723D iter 27750: loss 1.6493, time 4126.10ms, mfu 0.42%
model:LGT723D iter 27760: loss 2.0461, time 194.23ms, mfu 0.44%
model:LGT723D iter 27770: loss 2.2382, time 220.43ms, mfu 0.45%
model:LGT723D iter 27780: loss 1.7587, time 236.82ms, mfu 0.46%
model:LGT723D iter 27790: loss 2.1945, time 226.30ms, mfu 0.47%
------average encoder activity 0.173
-----------average decoder density 0.4922
step 27800: train loss 2.2105, val loss 2.1677
saving checkpoint to out-novel-char3_LGT723D_4d06c3ce0eb6b62233f4128fdb1c3b0f
model:LGT723D iter 27800: loss 1.4955, time 4461.56ms, mfu 0.42%
model:LGT723D iter 27810: loss 2.3759, time 197.58ms, mfu 0.44%
model:LGT723D iter 27820: loss 1.9937, time 214.97ms, mfu 0.45%
model:LGT723D iter 27830: loss 2.2773, time 217.63ms, mfu 0.46%
model:LGT723D iter 27840: loss 2.1146, time 218.49ms, mfu 0.47%
------average encoder activity 0.174
-----------average decoder density 0.4937
step 27850: train loss 2.1872, val loss 2.1315
saving checkpoint to out-novel-char3_LGT723D_4d06c3ce0eb6b62233f4128fdb1c3b0f
model:LGT723D iter 27850: loss 1.7836, time 4344.02ms, mfu 0.43%
model:LGT723D iter 27860: loss 1.9376, time 238.53ms, mfu 0.43%
model:LGT723D iter 27870: loss 2.5140, time 229.29ms, mfu 0.44%
model:LGT723D iter 27880: loss 2.3388, time 181.39ms, mfu 0.46%
model:LGT723D iter 27890: loss 1.7759, time 238.47ms, mfu 0.47%
------average encoder activity 0.173
-----------average decoder density 0.4780
step 27900: train loss 2.1474, val loss 2.1315
saving checkpoint to out-novel-char3_LGT723D_4d06c3ce0eb6b62233f4128fdb1c3b0f
model:LGT723D iter 27900: loss 2.0824, time 4847.98ms, mfu 0.42%
model:LGT723D iter 27910: loss 1.8378, time 216.67ms, mfu 0.44%
model:LGT723D iter 27920: loss 1.7401, time 221.55ms, mfu 0.45%
model:LGT723D iter 27930: loss 2.1923, time 245.73ms, mfu 0.45%
model:LGT723D iter 27940: loss 2.4284, time 248.96ms, mfu 0.45%
------average encoder activity 0.171
-----------average decoder density 0.4721
step 27950: train loss 2.1704, val loss 2.1648
saving checkpoint to out-novel-char3_LGT723D_4d06c3ce0eb6b62233f4128fdb1c3b0f
model:LGT723D iter 27950: loss 2.5549, time 3971.39ms, mfu 0.41%
model:LGT723D iter 27960: loss 1.7960, time 246.42ms, mfu 0.42%
model:LGT723D iter 27970: loss 2.2439, time 213.33ms, mfu 0.43%
model:LGT723D iter 27980: loss 1.7273, time 256.35ms, mfu 0.44%
model:LGT723D iter 27990: loss 2.2537, time 228.72ms, mfu 0.45%
------average encoder activity 0.171
-----------average decoder density 0.4874
step 28000: train loss 2.1372, val loss 2.1710
saving checkpoint to out-novel-char3_LGT723D_4d06c3ce0eb6b62233f4128fdb1c3b0f
model:LGT723D iter 28000: loss 2.4490, time 4154.92ms, mfu 0.40%
model:LGT723D iter 28010: loss 1.4964, time 183.25ms, mfu 0.43%
model:LGT723D iter 28020: loss 2.2018, time 202.48ms, mfu 0.45%
model:LGT723D iter 28030: loss 2.1216, time 221.67ms, mfu 0.46%
model:LGT723D iter 28040: loss 2.4668, time 237.30ms, mfu 0.46%
------average encoder activity 0.171
-----------average decoder density 0.5022
step 28050: train loss 2.1637, val loss 2.1445
saving checkpoint to out-novel-char3_LGT723D_4d06c3ce0eb6b62233f4128fdb1c3b0f
model:LGT723D iter 28050: loss 2.3612, time 4483.14ms, mfu 0.42%
model:LGT723D iter 28060: loss 2.3947, time 218.24ms, mfu 0.43%
model:LGT723D iter 28070: loss 2.3236, time 193.21ms, mfu 0.45%
model:LGT723D iter 28080: loss 2.2862, time 195.51ms, mfu 0.47%
model:LGT723D iter 28090: loss 2.0088, time 215.29ms, mfu 0.47%
------average encoder activity 0.173
-----------average decoder density 0.5055
step 28100: train loss 2.2111, val loss 2.1397
saving checkpoint to out-novel-char3_LGT723D_4d06c3ce0eb6b62233f4128fdb1c3b0f
model:LGT723D iter 28100: loss 2.0072, time 4481.57ms, mfu 0.43%
model:LGT723D iter 28110: loss 2.7777, time 219.77ms, mfu 0.44%
model:LGT723D iter 28120: loss 3.2170, time 221.53ms, mfu 0.45%
model:LGT723D iter 28130: loss 1.9248, time 245.41ms, mfu 0.46%
model:LGT723D iter 28140: loss 2.1350, time 182.57ms, mfu 0.48%
------average encoder activity 0.173
-----------average decoder density 0.4832
step 28150: train loss 2.1589, val loss 2.1886
saving checkpoint to out-novel-char3_LGT723D_4d06c3ce0eb6b62233f4128fdb1c3b0f
model:LGT723D iter 28150: loss 1.9702, time 4365.71ms, mfu 0.43%
model:LGT723D iter 28160: loss 2.0949, time 213.20ms, mfu 0.44%
model:LGT723D iter 28170: loss 1.8527, time 233.24ms, mfu 0.45%
model:LGT723D iter 28180: loss 2.1985, time 227.61ms, mfu 0.46%
model:LGT723D iter 28190: loss 2.1219, time 205.83ms, mfu 0.47%
------average encoder activity 0.174
-----------average decoder density 0.4695
step 28200: train loss 2.1442, val loss 2.1333
saving checkpoint to out-novel-char3_LGT723D_4d06c3ce0eb6b62233f4128fdb1c3b0f
model:LGT723D iter 28200: loss 1.8204, time 4011.65ms, mfu 0.43%
model:LGT723D iter 28210: loss 2.0814, time 198.55ms, mfu 0.44%
model:LGT723D iter 28220: loss 1.7415, time 217.31ms, mfu 0.46%
model:LGT723D iter 28230: loss 2.2178, time 235.53ms, mfu 0.46%
model:LGT723D iter 28240: loss 2.1326, time 223.47ms, mfu 0.47%
------average encoder activity 0.173
-----------average decoder density 0.4656
step 28250: train loss 2.1758, val loss 2.1616
saving checkpoint to out-novel-char3_LGT723D_4d06c3ce0eb6b62233f4128fdb1c3b0f
model:LGT723D iter 28250: loss 2.0194, time 4754.52ms, mfu 0.42%
model:LGT723D iter 28260: loss 2.5347, time 201.70ms, mfu 0.44%
model:LGT723D iter 28270: loss 2.2939, time 199.01ms, mfu 0.46%
model:LGT723D iter 28280: loss 2.4349, time 237.12ms, mfu 0.46%
model:LGT723D iter 28290: loss 1.9951, time 195.75ms, mfu 0.48%
------average encoder activity 0.173
-----------average decoder density 0.4874
step 28300: train loss 2.1883, val loss 2.1794
saving checkpoint to out-novel-char3_LGT723D_4d06c3ce0eb6b62233f4128fdb1c3b0f
model:LGT723D iter 28300: loss 2.5510, time 4370.62ms, mfu 0.43%
model:LGT723D iter 28310: loss 2.8434, time 238.86ms, mfu 0.44%
model:LGT723D iter 28320: loss 2.3376, time 209.51ms, mfu 0.45%
model:LGT723D iter 28330: loss 2.4010, time 181.92ms, mfu 0.47%
model:LGT723D iter 28340: loss 2.3844, time 197.09ms, mfu 0.49%
------average encoder activity 0.171
-----------average decoder density 0.4770
step 28350: train loss 2.1447, val loss 2.1432
saving checkpoint to out-novel-char3_LGT723D_4d06c3ce0eb6b62233f4128fdb1c3b0f
model:LGT723D iter 28350: loss 2.4588, time 4368.34ms, mfu 0.44%
model:LGT723D iter 28360: loss 1.5371, time 218.47ms, mfu 0.45%
model:LGT723D iter 28370: loss 2.0612, time 226.68ms, mfu 0.46%
model:LGT723D iter 28380: loss 1.7608, time 220.14ms, mfu 0.47%
model:LGT723D iter 28390: loss 1.8559, time 200.09ms, mfu 0.48%
------average encoder activity 0.172
-----------average decoder density 0.4911
step 28400: train loss 2.2024, val loss 2.1328
saving checkpoint to out-novel-char3_LGT723D_4d06c3ce0eb6b62233f4128fdb1c3b0f
model:LGT723D iter 28400: loss 2.2443, time 3967.51ms, mfu 0.44%
model:LGT723D iter 28410: loss 2.3291, time 222.73ms, mfu 0.45%
model:LGT723D iter 28420: loss 2.1998, time 196.25ms, mfu 0.46%
model:LGT723D iter 28430: loss 2.1840, time 204.31ms, mfu 0.48%
model:LGT723D iter 28440: loss 2.0483, time 229.50ms, mfu 0.48%
------average encoder activity 0.173
-----------average decoder density 0.4777
step 28450: train loss 2.1796, val loss 2.1188
saving checkpoint to out-novel-char3_LGT723D_4d06c3ce0eb6b62233f4128fdb1c3b0f
model:LGT723D iter 28450: loss 2.4531, time 4092.82ms, mfu 0.44%
model:LGT723D iter 28460: loss 2.7372, time 207.68ms, mfu 0.45%
model:LGT723D iter 28470: loss 1.6842, time 213.43ms, mfu 0.46%
model:LGT723D iter 28480: loss 2.3302, time 217.41ms, mfu 0.47%
model:LGT723D iter 28490: loss 1.6639, time 242.37ms, mfu 0.47%
------average encoder activity 0.174
-----------average decoder density 0.4766
step 28500: train loss 2.1738, val loss 2.1378
saving checkpoint to out-novel-char3_LGT723D_4d06c3ce0eb6b62233f4128fdb1c3b0f
model:LGT723D iter 28500: loss 1.9438, time 4222.62ms, mfu 0.43%
model:LGT723D iter 28510: loss 1.7132, time 197.82ms, mfu 0.45%
model:LGT723D iter 28520: loss 2.2974, time 215.84ms, mfu 0.46%
model:LGT723D iter 28530: loss 2.3140, time 196.37ms, mfu 0.47%
model:LGT723D iter 28540: loss 1.6656, time 221.88ms, mfu 0.48%
------average encoder activity 0.173
-----------average decoder density 0.4759
step 28550: train loss 2.1579, val loss 2.1448
saving checkpoint to out-novel-char3_LGT723D_4d06c3ce0eb6b62233f4128fdb1c3b0f
model:LGT723D iter 28550: loss 1.7627, time 4492.38ms, mfu 0.43%
model:LGT723D iter 28560: loss 1.9399, time 216.69ms, mfu 0.45%
model:LGT723D iter 28570: loss 1.7706, time 195.52ms, mfu 0.46%
model:LGT723D iter 28580: loss 1.5531, time 216.79ms, mfu 0.47%
model:LGT723D iter 28590: loss 1.5921, time 204.04ms, mfu 0.48%
------average encoder activity 0.173
-----------average decoder density 0.4854
step 28600: train loss 2.1124, val loss 2.2072
saving checkpoint to out-novel-char3_LGT723D_4d06c3ce0eb6b62233f4128fdb1c3b0f
model:LGT723D iter 28600: loss 2.8408, time 4409.65ms, mfu 0.44%
model:LGT723D iter 28610: loss 2.1913, time 216.73ms, mfu 0.45%
model:LGT723D iter 28620: loss 2.3973, time 214.42ms, mfu 0.46%
model:LGT723D iter 28630: loss 1.9938, time 212.44ms, mfu 0.47%
model:LGT723D iter 28640: loss 2.1511, time 218.92ms, mfu 0.48%
------average encoder activity 0.172
-----------average decoder density 0.4846
step 28650: train loss 2.2200, val loss 2.1550
saving checkpoint to out-novel-char3_LGT723D_4d06c3ce0eb6b62233f4128fdb1c3b0f
model:LGT723D iter 28650: loss 2.0810, time 4047.64ms, mfu 0.43%
model:LGT723D iter 28660: loss 2.4780, time 211.86ms, mfu 0.45%
model:LGT723D iter 28670: loss 2.4113, time 221.31ms, mfu 0.46%
model:LGT723D iter 28680: loss 2.2201, time 237.15ms, mfu 0.46%
model:LGT723D iter 28690: loss 1.9444, time 219.35ms, mfu 0.47%
------average encoder activity 0.174
-----------average decoder density 0.4753
step 28700: train loss 2.1681, val loss 2.1296
saving checkpoint to out-novel-char3_LGT723D_4d06c3ce0eb6b62233f4128fdb1c3b0f
model:LGT723D iter 28700: loss 2.2023, time 4552.35ms, mfu 0.43%
model:LGT723D iter 28710: loss 2.3965, time 202.32ms, mfu 0.44%
model:LGT723D iter 28720: loss 2.1561, time 208.08ms, mfu 0.46%
model:LGT723D iter 28730: loss 2.4594, time 214.58ms, mfu 0.47%
model:LGT723D iter 28740: loss 2.4717, time 216.29ms, mfu 0.47%
------average encoder activity 0.174
-----------average decoder density 0.4858
step 28750: train loss 2.1171, val loss 2.1522
saving checkpoint to out-novel-char3_LGT723D_4d06c3ce0eb6b62233f4128fdb1c3b0f
model:LGT723D iter 28750: loss 2.2625, time 4564.62ms, mfu 0.43%
model:LGT723D iter 28760: loss 2.8157, time 224.15ms, mfu 0.44%
model:LGT723D iter 28770: loss 1.6727, time 209.92ms, mfu 0.45%
model:LGT723D iter 28780: loss 2.2131, time 223.13ms, mfu 0.46%
model:LGT723D iter 28790: loss 2.4679, time 194.86ms, mfu 0.48%
------average encoder activity 0.173
-----------average decoder density 0.4886
step 28800: train loss 2.1465, val loss 2.1247
saving checkpoint to out-novel-char3_LGT723D_4d06c3ce0eb6b62233f4128fdb1c3b0f
model:LGT723D iter 28800: loss 2.1563, time 4376.28ms, mfu 0.43%
model:LGT723D iter 28810: loss 2.0102, time 219.57ms, mfu 0.44%
model:LGT723D iter 28820: loss 2.3621, time 230.56ms, mfu 0.45%
model:LGT723D iter 28830: loss 2.3617, time 217.18ms, mfu 0.46%
model:LGT723D iter 28840: loss 2.5714, time 194.66ms, mfu 0.48%
------average encoder activity 0.173
-----------average decoder density 0.5081
step 28850: train loss 2.1886, val loss 2.1441
saving checkpoint to out-novel-char3_LGT723D_4d06c3ce0eb6b62233f4128fdb1c3b0f
model:LGT723D iter 28850: loss 2.2676, time 4038.61ms, mfu 0.43%
model:LGT723D iter 28860: loss 2.2155, time 226.54ms, mfu 0.44%
model:LGT723D iter 28870: loss 1.5752, time 232.67ms, mfu 0.45%
model:LGT723D iter 28880: loss 1.9660, time 217.61ms, mfu 0.46%
model:LGT723D iter 28890: loss 2.3848, time 221.76ms, mfu 0.47%
------average encoder activity 0.173
-----------average decoder density 0.4885
step 28900: train loss 2.1341, val loss 2.1642
saving checkpoint to out-novel-char3_LGT723D_4d06c3ce0eb6b62233f4128fdb1c3b0f
model:LGT723D iter 28900: loss 2.0749, time 4229.61ms, mfu 0.42%
model:LGT723D iter 28910: loss 2.0525, time 217.11ms, mfu 0.44%
model:LGT723D iter 28920: loss 2.5889, time 221.34ms, mfu 0.45%
model:LGT723D iter 28930: loss 2.0027, time 221.56ms, mfu 0.46%
model:LGT723D iter 28940: loss 2.2110, time 226.64ms, mfu 0.46%
------average encoder activity 0.173
-----------average decoder density 0.4794
step 28950: train loss 2.1470, val loss 2.1432
saving checkpoint to out-novel-char3_LGT723D_4d06c3ce0eb6b62233f4128fdb1c3b0f
model:LGT723D iter 28950: loss 2.2084, time 4290.14ms, mfu 0.42%
model:LGT723D iter 28960: loss 2.5201, time 221.55ms, mfu 0.43%
model:LGT723D iter 28970: loss 1.9591, time 201.69ms, mfu 0.45%
model:LGT723D iter 28980: loss 2.1559, time 205.86ms, mfu 0.46%
model:LGT723D iter 28990: loss 1.8711, time 238.19ms, mfu 0.47%
------average encoder activity 0.174
-----------average decoder density 0.4966
step 29000: train loss 2.1691, val loss 2.1081
saving checkpoint to out-novel-char3_LGT723D_4d06c3ce0eb6b62233f4128fdb1c3b0f
model:LGT723D iter 29000: loss 2.4821, time 4424.95ms, mfu 0.42%
model:LGT723D iter 29010: loss 2.2262, time 218.55ms, mfu 0.44%
model:LGT723D iter 29020: loss 1.9022, time 194.72ms, mfu 0.45%
model:LGT723D iter 29030: loss 2.0813, time 199.59ms, mfu 0.47%
model:LGT723D iter 29040: loss 2.2551, time 192.55ms, mfu 0.48%
------average encoder activity 0.174
-----------average decoder density 0.4797
step 29050: train loss 2.1418, val loss 2.1319
saving checkpoint to out-novel-char3_LGT723D_4d06c3ce0eb6b62233f4128fdb1c3b0f
model:LGT723D iter 29050: loss 2.2071, time 4227.98ms, mfu 0.44%
model:LGT723D iter 29060: loss 1.9538, time 211.33ms, mfu 0.45%
model:LGT723D iter 29070: loss 2.5689, time 194.94ms, mfu 0.47%
model:LGT723D iter 29080: loss 2.3707, time 227.62ms, mfu 0.47%
model:LGT723D iter 29090: loss 2.4333, time 206.23ms, mfu 0.48%
------average encoder activity 0.173
-----------average decoder density 0.4784
step 29100: train loss 2.1663, val loss 2.1335
saving checkpoint to out-novel-char3_LGT723D_4d06c3ce0eb6b62233f4128fdb1c3b0f
model:LGT723D iter 29100: loss 1.8575, time 4063.37ms, mfu 0.44%
model:LGT723D iter 29110: loss 1.8388, time 196.40ms, mfu 0.46%
model:LGT723D iter 29120: loss 2.3736, time 210.87ms, mfu 0.47%
model:LGT723D iter 29130: loss 2.1415, time 230.56ms, mfu 0.47%
model:LGT723D iter 29140: loss 1.6337, time 226.10ms, mfu 0.48%
------average encoder activity 0.172
-----------average decoder density 0.4998
step 29150: train loss 2.1500, val loss 2.1645
saving checkpoint to out-novel-char3_LGT723D_4d06c3ce0eb6b62233f4128fdb1c3b0f
model:LGT723D iter 29150: loss 1.9662, time 4438.67ms, mfu 0.43%
model:LGT723D iter 29160: loss 2.1285, time 209.12ms, mfu 0.45%
model:LGT723D iter 29170: loss 2.7569, time 205.57ms, mfu 0.46%
model:LGT723D iter 29180: loss 2.4121, time 229.57ms, mfu 0.47%
model:LGT723D iter 29190: loss 2.4262, time 236.02ms, mfu 0.47%
------average encoder activity 0.173
-----------average decoder density 0.4744
step 29200: train loss 2.1559, val loss 2.1217
saving checkpoint to out-novel-char3_LGT723D_4d06c3ce0eb6b62233f4128fdb1c3b0f
model:LGT723D iter 29200: loss 1.9664, time 4416.28ms, mfu 0.43%
model:LGT723D iter 29210: loss 2.3739, time 218.22ms, mfu 0.44%
model:LGT723D iter 29220: loss 2.1507, time 211.59ms, mfu 0.45%
model:LGT723D iter 29230: loss 2.3313, time 202.90ms, mfu 0.47%
model:LGT723D iter 29240: loss 2.3455, time 212.84ms, mfu 0.48%
------average encoder activity 0.176
-----------average decoder density 0.4892
step 29250: train loss 2.1266, val loss 2.1516
saving checkpoint to out-novel-char3_LGT723D_4d06c3ce0eb6b62233f4128fdb1c3b0f
model:LGT723D iter 29250: loss 2.6187, time 4493.70ms, mfu 0.43%
model:LGT723D iter 29260: loss 1.3713, time 205.20ms, mfu 0.45%
model:LGT723D iter 29270: loss 1.7031, time 244.37ms, mfu 0.45%
model:LGT723D iter 29280: loss 1.6547, time 214.72ms, mfu 0.46%
model:LGT723D iter 29290: loss 2.0505, time 198.01ms, mfu 0.48%
------average encoder activity 0.176
-----------average decoder density 0.4725
step 29300: train loss 2.1873, val loss 2.1577
saving checkpoint to out-novel-char3_LGT723D_4d06c3ce0eb6b62233f4128fdb1c3b0f
model:LGT723D iter 29300: loss 2.4071, time 4094.33ms, mfu 0.43%
model:LGT723D iter 29310: loss 2.3128, time 234.75ms, mfu 0.44%
model:LGT723D iter 29320: loss 2.1952, time 240.92ms, mfu 0.45%
model:LGT723D iter 29330: loss 1.5030, time 220.64ms, mfu 0.46%
model:LGT723D iter 29340: loss 2.2981, time 214.14ms, mfu 0.47%
------average encoder activity 0.176
-----------average decoder density 0.4714
step 29350: train loss 2.1728, val loss 2.1654
saving checkpoint to out-novel-char3_LGT723D_4d06c3ce0eb6b62233f4128fdb1c3b0f
model:LGT723D iter 29350: loss 2.4519, time 4424.59ms, mfu 0.42%
model:LGT723D iter 29360: loss 1.9689, time 200.06ms, mfu 0.44%
model:LGT723D iter 29370: loss 2.1347, time 242.24ms, mfu 0.45%
model:LGT723D iter 29380: loss 1.9415, time 209.06ms, mfu 0.46%
model:LGT723D iter 29390: loss 2.4512, time 204.19ms, mfu 0.47%
------average encoder activity 0.175
-----------average decoder density 0.4635
step 29400: train loss 2.1273, val loss 2.1487
saving checkpoint to out-novel-char3_LGT723D_4d06c3ce0eb6b62233f4128fdb1c3b0f
model:LGT723D iter 29400: loss 2.1325, time 4339.65ms, mfu 0.43%
model:LGT723D iter 29410: loss 2.1946, time 213.66ms, mfu 0.44%
model:LGT723D iter 29420: loss 2.0887, time 199.03ms, mfu 0.46%
model:LGT723D iter 29430: loss 2.1036, time 201.23ms, mfu 0.47%
model:LGT723D iter 29440: loss 2.2952, time 209.97ms, mfu 0.48%
------average encoder activity 0.177
-----------average decoder density 0.4685
step 29450: train loss 2.1394, val loss 2.1801
saving checkpoint to out-novel-char3_LGT723D_4d06c3ce0eb6b62233f4128fdb1c3b0f
model:LGT723D iter 29450: loss 2.0899, time 4241.06ms, mfu 0.44%
model:LGT723D iter 29460: loss 2.5654, time 225.55ms, mfu 0.44%
model:LGT723D iter 29470: loss 1.9912, time 220.12ms, mfu 0.45%
model:LGT723D iter 29480: loss 2.6694, time 212.89ms, mfu 0.47%
model:LGT723D iter 29490: loss 1.5973, time 192.54ms, mfu 0.48%
------average encoder activity 0.174
-----------average decoder density 0.4771
step 29500: train loss 2.1554, val loss 2.1413
saving checkpoint to out-novel-char3_LGT723D_4d06c3ce0eb6b62233f4128fdb1c3b0f
model:LGT723D iter 29500: loss 2.0446, time 3970.60ms, mfu 0.44%
model:LGT723D iter 29510: loss 2.5591, time 220.53ms, mfu 0.45%
model:LGT723D iter 29520: loss 2.5845, time 208.32ms, mfu 0.46%
model:LGT723D iter 29530: loss 2.2722, time 219.27ms, mfu 0.47%
model:LGT723D iter 29540: loss 2.2389, time 217.77ms, mfu 0.48%
------average encoder activity 0.174
-----------average decoder density 0.4784
step 29550: train loss 2.1469, val loss 2.1371
saving checkpoint to out-novel-char3_LGT723D_4d06c3ce0eb6b62233f4128fdb1c3b0f
model:LGT723D iter 29550: loss 1.8040, time 3926.22ms, mfu 0.43%
model:LGT723D iter 29560: loss 1.9568, time 209.95ms, mfu 0.45%
model:LGT723D iter 29570: loss 1.9664, time 214.23ms, mfu 0.46%
model:LGT723D iter 29580: loss 1.8214, time 249.43ms, mfu 0.46%
model:LGT723D iter 29590: loss 2.1111, time 226.51ms, mfu 0.47%
------average encoder activity 0.175
-----------average decoder density 0.4694
step 29600: train loss 2.1402, val loss 2.1338
saving checkpoint to out-novel-char3_LGT723D_4d06c3ce0eb6b62233f4128fdb1c3b0f
model:LGT723D iter 29600: loss 2.4414, time 4187.89ms, mfu 0.42%
model:LGT723D iter 29610: loss 1.6686, time 212.99ms, mfu 0.44%
model:LGT723D iter 29620: loss 2.0508, time 183.64ms, mfu 0.46%
model:LGT723D iter 29630: loss 2.3433, time 217.66ms, mfu 0.47%
model:LGT723D iter 29640: loss 1.7985, time 233.30ms, mfu 0.47%
------average encoder activity 0.176
-----------average decoder density 0.4843
step 29650: train loss 2.1746, val loss 2.1432
saving checkpoint to out-novel-char3_LGT723D_4d06c3ce0eb6b62233f4128fdb1c3b0f
model:LGT723D iter 29650: loss 2.6477, time 4187.91ms, mfu 0.43%
model:LGT723D iter 29660: loss 2.2436, time 218.44ms, mfu 0.44%
model:LGT723D iter 29670: loss 2.0495, time 208.62ms, mfu 0.45%
model:LGT723D iter 29680: loss 1.8850, time 229.62ms, mfu 0.46%
model:LGT723D iter 29690: loss 1.8079, time 219.45ms, mfu 0.47%
------average encoder activity 0.177
-----------average decoder density 0.4783
step 29700: train loss 2.1731, val loss 2.1032
saving checkpoint to out-novel-char3_LGT723D_4d06c3ce0eb6b62233f4128fdb1c3b0f
model:LGT723D iter 29700: loss 2.0014, time 4056.53ms, mfu 0.43%
model:LGT723D iter 29710: loss 2.4020, time 191.78ms, mfu 0.45%
model:LGT723D iter 29720: loss 2.1749, time 219.44ms, mfu 0.46%
model:LGT723D iter 29730: loss 2.3343, time 237.78ms, mfu 0.46%
model:LGT723D iter 29740: loss 1.9014, time 242.82ms, mfu 0.46%
------average encoder activity 0.177
-----------average decoder density 0.4739
step 29750: train loss 2.1447, val loss 2.1214
saving checkpoint to out-novel-char3_LGT723D_4d06c3ce0eb6b62233f4128fdb1c3b0f
model:LGT723D iter 29750: loss 2.1474, time 4081.11ms, mfu 0.42%
model:LGT723D iter 29760: loss 2.5999, time 194.32ms, mfu 0.44%
model:LGT723D iter 29770: loss 1.6661, time 209.90ms, mfu 0.45%
model:LGT723D iter 29780: loss 2.8341, time 228.43ms, mfu 0.46%
model:LGT723D iter 29790: loss 2.2698, time 227.83ms, mfu 0.47%
------average encoder activity 0.178
-----------average decoder density 0.4747
step 29800: train loss 2.1785, val loss 2.1652
saving checkpoint to out-novel-char3_LGT723D_4d06c3ce0eb6b62233f4128fdb1c3b0f
model:LGT723D iter 29800: loss 1.9987, time 4405.55ms, mfu 0.42%
model:LGT723D iter 29810: loss 2.3229, time 205.23ms, mfu 0.44%
model:LGT723D iter 29820: loss 2.5662, time 208.23ms, mfu 0.45%
model:LGT723D iter 29830: loss 1.8719, time 213.88ms, mfu 0.46%
model:LGT723D iter 29840: loss 2.2529, time 203.82ms, mfu 0.48%
------average encoder activity 0.177
-----------average decoder density 0.5013
step 29850: train loss 2.1346, val loss 2.1055
saving checkpoint to out-novel-char3_LGT723D_4d06c3ce0eb6b62233f4128fdb1c3b0f
model:LGT723D iter 29850: loss 2.4140, time 4512.15ms, mfu 0.43%
model:LGT723D iter 29860: loss 2.1141, time 204.74ms, mfu 0.45%
model:LGT723D iter 29870: loss 2.3870, time 222.86ms, mfu 0.46%
model:LGT723D iter 29880: loss 1.6828, time 200.69ms, mfu 0.47%
model:LGT723D iter 29890: loss 2.3043, time 202.24ms, mfu 0.48%
------average encoder activity 0.180
-----------average decoder density 0.5063
step 29900: train loss 2.1252, val loss 2.1282
saving checkpoint to out-novel-char3_LGT723D_4d06c3ce0eb6b62233f4128fdb1c3b0f
model:LGT723D iter 29900: loss 1.8496, time 4513.76ms, mfu 0.44%
model:LGT723D iter 29910: loss 1.6255, time 201.34ms, mfu 0.45%
model:LGT723D iter 29920: loss 2.1885, time 217.58ms, mfu 0.46%
model:LGT723D iter 29930: loss 2.8240, time 235.90ms, mfu 0.47%
model:LGT723D iter 29940: loss 2.2895, time 195.50ms, mfu 0.48%
------average encoder activity 0.180
-----------average decoder density 0.4957
step 29950: train loss 2.1874, val loss 2.1483
saving checkpoint to out-novel-char3_LGT723D_4d06c3ce0eb6b62233f4128fdb1c3b0f
model:LGT723D iter 29950: loss 2.2926, time 4057.09ms, mfu 0.44%
model:LGT723D iter 29960: loss 2.7930, time 211.20ms, mfu 0.45%
model:LGT723D iter 29970: loss 2.2913, time 243.95ms, mfu 0.45%
model:LGT723D iter 29980: loss 2.6130, time 226.23ms, mfu 0.46%
model:LGT723D iter 29990: loss 2.6554, time 219.23ms, mfu 0.47%
------average encoder activity 0.179
-----------average decoder density 0.4762
step 30000: train loss 2.1222, val loss 2.1458
saving checkpoint to out-novel-char3_LGT723D_4d06c3ce0eb6b62233f4128fdb1c3b0f
model:LGT723D iter 30000: loss 2.3616, time 4313.95ms, mfu 0.43%
model:LGT723D iter 30010: loss 1.3774, time 198.61ms, mfu 0.44%
model:LGT723D iter 30020: loss 2.6200, time 235.68ms, mfu 0.45%
model:LGT723D iter 30030: loss 2.9390, time 217.36ms, mfu 0.46%
model:LGT723D iter 30040: loss 1.6505, time 189.80ms, mfu 0.48%
------average encoder activity 0.179
-----------average decoder density 0.4757
step 30050: train loss 2.1285, val loss 2.1031
saving checkpoint to out-novel-char3_LGT723D_4d06c3ce0eb6b62233f4128fdb1c3b0f
model:LGT723D iter 30050: loss 1.7526, time 4353.90ms, mfu 0.43%
model:LGT723D iter 30060: loss 1.8819, time 226.23ms, mfu 0.44%
model:LGT723D iter 30070: loss 1.4959, time 223.90ms, mfu 0.45%
model:LGT723D iter 30080: loss 2.5736, time 203.89ms, mfu 0.47%
model:LGT723D iter 30090: loss 2.4238, time 242.05ms, mfu 0.47%
------average encoder activity 0.178
-----------average decoder density 0.4788
step 30100: train loss 2.1551, val loss 2.1403
saving checkpoint to out-novel-char3_LGT723D_4d06c3ce0eb6b62233f4128fdb1c3b0f
model:LGT723D iter 30100: loss 1.8989, time 4472.77ms, mfu 0.42%
model:LGT723D iter 30110: loss 2.0132, time 224.44ms, mfu 0.44%
model:LGT723D iter 30120: loss 2.4011, time 241.89ms, mfu 0.44%
model:LGT723D iter 30130: loss 2.5199, time 208.20ms, mfu 0.45%
model:LGT723D iter 30140: loss 1.9135, time 216.18ms, mfu 0.46%
------average encoder activity 0.178
-----------average decoder density 0.4750
step 30150: train loss 2.1536, val loss 2.1463
saving checkpoint to out-novel-char3_LGT723D_4d06c3ce0eb6b62233f4128fdb1c3b0f
model:LGT723D iter 30150: loss 2.5172, time 4190.90ms, mfu 0.42%
model:LGT723D iter 30160: loss 2.2815, time 246.62ms, mfu 0.43%
model:LGT723D iter 30170: loss 2.5654, time 207.51ms, mfu 0.44%
model:LGT723D iter 30180: loss 2.5329, time 219.34ms, mfu 0.45%
model:LGT723D iter 30190: loss 2.2199, time 226.03ms, mfu 0.46%
------average encoder activity 0.181
-----------average decoder density 0.4727
step 30200: train loss 2.1436, val loss 2.1402
saving checkpoint to out-novel-char3_LGT723D_4d06c3ce0eb6b62233f4128fdb1c3b0f
model:LGT723D iter 30200: loss 2.2395, time 4019.35ms, mfu 0.42%
model:LGT723D iter 30210: loss 2.6751, time 224.07ms, mfu 0.43%
model:LGT723D iter 30220: loss 2.2947, time 212.36ms, mfu 0.44%
model:LGT723D iter 30230: loss 1.9957, time 229.73ms, mfu 0.45%
model:LGT723D iter 30240: loss 2.0148, time 219.15ms, mfu 0.46%
------average encoder activity 0.180
-----------average decoder density 0.4880
step 30250: train loss 2.1227, val loss 2.1333
saving checkpoint to out-novel-char3_LGT723D_4d06c3ce0eb6b62233f4128fdb1c3b0f
model:LGT723D iter 30250: loss 1.9795, time 4266.91ms, mfu 0.42%
model:LGT723D iter 30260: loss 2.7268, time 219.29ms, mfu 0.43%
model:LGT723D iter 30270: loss 2.0744, time 201.46ms, mfu 0.45%
model:LGT723D iter 30280: loss 2.4726, time 208.46ms, mfu 0.46%
model:LGT723D iter 30290: loss 2.0503, time 220.89ms, mfu 0.47%
------average encoder activity 0.180
-----------average decoder density 0.4868
step 30300: train loss 2.0880, val loss 2.1282
saving checkpoint to out-novel-char3_LGT723D_4d06c3ce0eb6b62233f4128fdb1c3b0f
model:LGT723D iter 30300: loss 2.1728, time 4369.72ms, mfu 0.42%
model:LGT723D iter 30310: loss 2.5946, time 218.19ms, mfu 0.44%
model:LGT723D iter 30320: loss 1.8101, time 215.21ms, mfu 0.45%
model:LGT723D iter 30330: loss 2.2861, time 215.45ms, mfu 0.46%
model:LGT723D iter 30340: loss 1.3194, time 224.08ms, mfu 0.47%
------average encoder activity 0.182
-----------average decoder density 0.4805
step 30350: train loss 2.1406, val loss 2.1450
saving checkpoint to out-novel-char3_LGT723D_4d06c3ce0eb6b62233f4128fdb1c3b0f
model:LGT723D iter 30350: loss 2.2867, time 4374.02ms, mfu 0.42%
model:LGT723D iter 30360: loss 2.2981, time 221.34ms, mfu 0.44%
model:LGT723D iter 30370: loss 2.0635, time 227.72ms, mfu 0.44%
model:LGT723D iter 30380: loss 2.2103, time 236.50ms, mfu 0.45%
model:LGT723D iter 30390: loss 2.3785, time 191.54ms, mfu 0.47%
------average encoder activity 0.180
-----------average decoder density 0.4744
step 30400: train loss 2.1469, val loss 2.0938
saving checkpoint to out-novel-char3_LGT723D_4d06c3ce0eb6b62233f4128fdb1c3b0f
model:LGT723D iter 30400: loss 1.6518, time 3960.31ms, mfu 0.42%
model:LGT723D iter 30410: loss 1.9441, time 207.73ms, mfu 0.44%
model:LGT723D iter 30420: loss 1.5250, time 233.15ms, mfu 0.45%
model:LGT723D iter 30430: loss 2.1717, time 242.36ms, mfu 0.45%
model:LGT723D iter 30440: loss 2.1329, time 202.71ms, mfu 0.47%
------average encoder activity 0.180
-----------average decoder density 0.4871
step 30450: train loss 2.0937, val loss 2.1557
saving checkpoint to out-novel-char3_LGT723D_4d06c3ce0eb6b62233f4128fdb1c3b0f
model:LGT723D iter 30450: loss 2.2982, time 4425.72ms, mfu 0.42%
model:LGT723D iter 30460: loss 1.7062, time 173.85ms, mfu 0.45%
model:LGT723D iter 30470: loss 2.2943, time 190.65ms, mfu 0.47%
model:LGT723D iter 30480: loss 2.7453, time 231.97ms, mfu 0.47%
model:LGT723D iter 30490: loss 2.0975, time 207.46ms, mfu 0.48%
------average encoder activity 0.180
-----------average decoder density 0.4985
step 30500: train loss 2.1236, val loss 2.1161
saving checkpoint to out-novel-char3_LGT723D_4d06c3ce0eb6b62233f4128fdb1c3b0f
model:LGT723D iter 30500: loss 1.8271, time 4489.69ms, mfu 0.44%
model:LGT723D iter 30510: loss 1.8867, time 220.36ms, mfu 0.45%
model:LGT723D iter 30520: loss 1.8348, time 207.98ms, mfu 0.46%
model:LGT723D iter 30530: loss 2.2288, time 200.21ms, mfu 0.47%
model:LGT723D iter 30540: loss 2.2827, time 175.63ms, mfu 0.50%
------average encoder activity 0.180
-----------average decoder density 0.5074
step 30550: train loss 2.1704, val loss 2.1067
saving checkpoint to out-novel-char3_LGT723D_4d06c3ce0eb6b62233f4128fdb1c3b0f
model:LGT723D iter 30550: loss 1.8752, time 4368.27ms, mfu 0.45%
model:LGT723D iter 30560: loss 2.8220, time 223.02ms, mfu 0.46%
model:LGT723D iter 30570: loss 2.5608, time 231.30ms, mfu 0.46%
model:LGT723D iter 30580: loss 2.0855, time 190.61ms, mfu 0.48%
model:LGT723D iter 30590: loss 2.2434, time 191.64ms, mfu 0.49%
------average encoder activity 0.178
-----------average decoder density 0.4822
step 30600: train loss 2.1537, val loss 2.0813
saving checkpoint to out-novel-char3_LGT723D_4d06c3ce0eb6b62233f4128fdb1c3b0f
model:LGT723D iter 30600: loss 2.3547, time 3904.76ms, mfu 0.45%
model:LGT723D iter 30610: loss 1.7737, time 209.43ms, mfu 0.46%
model:LGT723D iter 30620: loss 1.7531, time 243.37ms, mfu 0.46%
model:LGT723D iter 30630: loss 2.2510, time 205.51ms, mfu 0.48%
model:LGT723D iter 30640: loss 2.2487, time 239.73ms, mfu 0.48%
------average encoder activity 0.179
-----------average decoder density 0.4762
step 30650: train loss 2.1443, val loss 2.1078
saving checkpoint to out-novel-char3_LGT723D_4d06c3ce0eb6b62233f4128fdb1c3b0f
model:LGT723D iter 30650: loss 1.5075, time 4198.56ms, mfu 0.43%
model:LGT723D iter 30660: loss 2.1051, time 198.90ms, mfu 0.45%
model:LGT723D iter 30670: loss 1.8596, time 221.63ms, mfu 0.46%
model:LGT723D iter 30680: loss 2.3126, time 205.13ms, mfu 0.47%
model:LGT723D iter 30690: loss 2.0507, time 247.83ms, mfu 0.47%
------average encoder activity 0.180
-----------average decoder density 0.4903
step 30700: train loss 2.1215, val loss 2.1200
saving checkpoint to out-novel-char3_LGT723D_4d06c3ce0eb6b62233f4128fdb1c3b0f
model:LGT723D iter 30700: loss 2.0042, time 4322.43ms, mfu 0.43%
model:LGT723D iter 30710: loss 2.0028, time 214.34ms, mfu 0.44%
model:LGT723D iter 30720: loss 1.7317, time 204.64ms, mfu 0.46%
model:LGT723D iter 30730: loss 2.0080, time 177.15ms, mfu 0.48%
model:LGT723D iter 30740: loss 2.4484, time 213.66ms, mfu 0.49%
------average encoder activity 0.182
-----------average decoder density 0.4826
step 30750: train loss 2.1575, val loss 2.1322
saving checkpoint to out-novel-char3_LGT723D_4d06c3ce0eb6b62233f4128fdb1c3b0f
model:LGT723D iter 30750: loss 1.8273, time 4315.81ms, mfu 0.44%
model:LGT723D iter 30760: loss 2.0936, time 226.43ms, mfu 0.45%
model:LGT723D iter 30770: loss 1.8888, time 202.67ms, mfu 0.46%
model:LGT723D iter 30780: loss 1.9612, time 221.17ms, mfu 0.47%
model:LGT723D iter 30790: loss 2.2242, time 194.50ms, mfu 0.49%
------average encoder activity 0.182
-----------average decoder density 0.4892
step 30800: train loss 2.1295, val loss 2.1263
saving checkpoint to out-novel-char3_LGT723D_4d06c3ce0eb6b62233f4128fdb1c3b0f
model:LGT723D iter 30800: loss 2.0371, time 4149.85ms, mfu 0.44%
model:LGT723D iter 30810: loss 2.0238, time 228.12ms, mfu 0.45%
model:LGT723D iter 30820: loss 2.2620, time 210.11ms, mfu 0.46%
model:LGT723D iter 30830: loss 1.8652, time 229.96ms, mfu 0.47%
model:LGT723D iter 30840: loss 2.1768, time 224.87ms, mfu 0.47%
------average encoder activity 0.181
-----------average decoder density 0.4782
step 30850: train loss 2.1823, val loss 2.1094
saving checkpoint to out-novel-char3_LGT723D_4d06c3ce0eb6b62233f4128fdb1c3b0f
model:LGT723D iter 30850: loss 2.4759, time 3874.20ms, mfu 0.43%
model:LGT723D iter 30860: loss 1.9224, time 221.93ms, mfu 0.44%
model:LGT723D iter 30870: loss 2.6781, time 210.67ms, mfu 0.45%
model:LGT723D iter 30880: loss 1.7201, time 232.44ms, mfu 0.46%
model:LGT723D iter 30890: loss 2.4131, time 221.29ms, mfu 0.47%
------average encoder activity 0.182
-----------average decoder density 0.5134
step 30900: train loss 2.1571, val loss 2.1136
saving checkpoint to out-novel-char3_LGT723D_4d06c3ce0eb6b62233f4128fdb1c3b0f
model:LGT723D iter 30900: loss 2.2445, time 4618.90ms, mfu 0.42%
model:LGT723D iter 30910: loss 2.1192, time 229.18ms, mfu 0.43%
model:LGT723D iter 30920: loss 1.9828, time 191.83ms, mfu 0.45%
model:LGT723D iter 30930: loss 2.8615, time 236.34ms, mfu 0.46%
model:LGT723D iter 30940: loss 2.2975, time 229.36ms, mfu 0.47%
------average encoder activity 0.180
-----------average decoder density 0.4663
step 30950: train loss 2.1493, val loss 2.1559
saving checkpoint to out-novel-char3_LGT723D_4d06c3ce0eb6b62233f4128fdb1c3b0f
model:LGT723D iter 30950: loss 2.1742, time 4403.78ms, mfu 0.42%
model:LGT723D iter 30960: loss 2.0826, time 233.71ms, mfu 0.43%
model:LGT723D iter 30970: loss 2.3415, time 200.34ms, mfu 0.45%
model:LGT723D iter 30980: loss 1.7720, time 196.10ms, mfu 0.46%
model:LGT723D iter 30990: loss 1.7639, time 194.75ms, mfu 0.48%
------average encoder activity 0.180
-----------average decoder density 0.4920
step 31000: train loss 2.1705, val loss 2.1364
saving checkpoint to out-novel-char3_LGT723D_4d06c3ce0eb6b62233f4128fdb1c3b0f
model:LGT723D iter 31000: loss 2.4324, time 4446.69ms, mfu 0.43%
model:LGT723D iter 31010: loss 2.2113, time 211.84ms, mfu 0.45%
model:LGT723D iter 31020: loss 2.4283, time 255.76ms, mfu 0.45%
model:LGT723D iter 31030: loss 2.5667, time 233.81ms, mfu 0.46%
model:LGT723D iter 31040: loss 2.1674, time 194.50ms, mfu 0.47%
------average encoder activity 0.181
-----------average decoder density 0.4732
step 31050: train loss 2.1163, val loss 2.1243
saving checkpoint to out-novel-char3_LGT723D_4d06c3ce0eb6b62233f4128fdb1c3b0f
model:LGT723D iter 31050: loss 2.2990, time 4078.41ms, mfu 0.43%
model:LGT723D iter 31060: loss 2.1229, time 210.48ms, mfu 0.44%
model:LGT723D iter 31070: loss 2.3044, time 230.39ms, mfu 0.45%
model:LGT723D iter 31080: loss 2.1533, time 229.90ms, mfu 0.46%
model:LGT723D iter 31090: loss 2.1782, time 203.28ms, mfu 0.47%
------average encoder activity 0.180
-----------average decoder density 0.4955
step 31100: train loss 2.1271, val loss 2.1417
saving checkpoint to out-novel-char3_LGT723D_4d06c3ce0eb6b62233f4128fdb1c3b0f
model:LGT723D iter 31100: loss 1.7761, time 4315.99ms, mfu 0.43%
model:LGT723D iter 31110: loss 2.3171, time 206.06ms, mfu 0.44%
model:LGT723D iter 31120: loss 1.5649, time 238.51ms, mfu 0.45%
model:LGT723D iter 31130: loss 2.3269, time 223.57ms, mfu 0.46%
model:LGT723D iter 31140: loss 1.7060, time 204.29ms, mfu 0.47%
------average encoder activity 0.181
-----------average decoder density 0.4683
step 31150: train loss 2.1609, val loss 2.0597
saving checkpoint to out-novel-char3_LGT723D_4d06c3ce0eb6b62233f4128fdb1c3b0f
model:LGT723D iter 31150: loss 2.5413, time 4491.44ms, mfu 0.43%
model:LGT723D iter 31160: loss 2.5860, time 191.89ms, mfu 0.45%
model:LGT723D iter 31170: loss 1.5431, time 189.09ms, mfu 0.46%
model:LGT723D iter 31180: loss 2.1060, time 223.41ms, mfu 0.47%
model:LGT723D iter 31190: loss 2.2590, time 199.50ms, mfu 0.48%
------average encoder activity 0.181
-----------average decoder density 0.4884
step 31200: train loss 2.1257, val loss 2.1400
saving checkpoint to out-novel-char3_LGT723D_4d06c3ce0eb6b62233f4128fdb1c3b0f
model:LGT723D iter 31200: loss 2.0388, time 4427.41ms, mfu 0.44%
model:LGT723D iter 31210: loss 2.3071, time 227.79ms, mfu 0.45%
model:LGT723D iter 31220: loss 2.4389, time 216.54ms, mfu 0.46%
model:LGT723D iter 31230: loss 1.7238, time 191.71ms, mfu 0.48%
model:LGT723D iter 31240: loss 2.1598, time 194.62ms, mfu 0.49%
------average encoder activity 0.182
-----------average decoder density 0.4744
step 31250: train loss 2.1355, val loss 2.0855
saving checkpoint to out-novel-char3_LGT723D_4d06c3ce0eb6b62233f4128fdb1c3b0f
model:LGT723D iter 31250: loss 2.9531, time 4022.44ms, mfu 0.44%
model:LGT723D iter 31260: loss 1.2442, time 218.58ms, mfu 0.45%
model:LGT723D iter 31270: loss 2.7529, time 227.91ms, mfu 0.46%
model:LGT723D iter 31280: loss 2.4035, time 201.18ms, mfu 0.47%
model:LGT723D iter 31290: loss 1.3397, time 227.50ms, mfu 0.48%
------average encoder activity 0.183
-----------average decoder density 0.4758
step 31300: train loss 2.1233, val loss 2.1042
saving checkpoint to out-novel-char3_LGT723D_4d06c3ce0eb6b62233f4128fdb1c3b0f
model:LGT723D iter 31300: loss 2.2295, time 4040.67ms, mfu 0.43%
model:LGT723D iter 31310: loss 2.0672, time 213.05ms, mfu 0.45%
model:LGT723D iter 31320: loss 2.6750, time 218.86ms, mfu 0.46%
model:LGT723D iter 31330: loss 2.2211, time 188.93ms, mfu 0.48%
model:LGT723D iter 31340: loss 1.6995, time 238.48ms, mfu 0.48%
------average encoder activity 0.182
-----------average decoder density 0.4839
step 31350: train loss 2.1304, val loss 2.1270
saving checkpoint to out-novel-char3_LGT723D_4d06c3ce0eb6b62233f4128fdb1c3b0f
model:LGT723D iter 31350: loss 1.9643, time 4317.40ms, mfu 0.43%
model:LGT723D iter 31360: loss 2.3926, time 190.20ms, mfu 0.45%
model:LGT723D iter 31370: loss 2.4706, time 204.43ms, mfu 0.47%
model:LGT723D iter 31380: loss 2.5097, time 228.37ms, mfu 0.47%
model:LGT723D iter 31390: loss 2.1785, time 240.85ms, mfu 0.47%
------average encoder activity 0.182
-----------average decoder density 0.4965
step 31400: train loss 2.1445, val loss 2.1848
saving checkpoint to out-novel-char3_LGT723D_4d06c3ce0eb6b62233f4128fdb1c3b0f
model:LGT723D iter 31400: loss 2.0317, time 4133.64ms, mfu 0.43%
model:LGT723D iter 31410: loss 2.1592, time 213.59ms, mfu 0.44%
model:LGT723D iter 31420: loss 2.2921, time 196.86ms, mfu 0.46%
model:LGT723D iter 31430: loss 1.9947, time 205.83ms, mfu 0.47%
model:LGT723D iter 31440: loss 2.1279, time 188.34ms, mfu 0.49%
------average encoder activity 0.182
-----------average decoder density 0.4723
step 31450: train loss 2.1080, val loss 2.0924
saving checkpoint to out-novel-char3_LGT723D_4d06c3ce0eb6b62233f4128fdb1c3b0f
model:LGT723D iter 31450: loss 2.2365, time 4186.29ms, mfu 0.44%
model:LGT723D iter 31460: loss 2.1359, time 228.94ms, mfu 0.45%
model:LGT723D iter 31470: loss 2.2133, time 191.68ms, mfu 0.47%
model:LGT723D iter 31480: loss 1.9408, time 228.28ms, mfu 0.47%
model:LGT723D iter 31490: loss 2.1733, time 242.01ms, mfu 0.48%
------average encoder activity 0.183
-----------average decoder density 0.4906
step 31500: train loss 2.1693, val loss 2.1217
saving checkpoint to out-novel-char3_LGT723D_4d06c3ce0eb6b62233f4128fdb1c3b0f
model:LGT723D iter 31500: loss 2.2067, time 3936.30ms, mfu 0.43%
model:LGT723D iter 31510: loss 1.7084, time 207.97ms, mfu 0.45%
model:LGT723D iter 31520: loss 2.1239, time 199.04ms, mfu 0.46%
model:LGT723D iter 31530: loss 2.0316, time 210.67ms, mfu 0.47%
model:LGT723D iter 31540: loss 2.2937, time 220.63ms, mfu 0.48%
------average encoder activity 0.182
-----------average decoder density 0.4891
step 31550: train loss 2.1302, val loss 2.1514
saving checkpoint to out-novel-char3_LGT723D_4d06c3ce0eb6b62233f4128fdb1c3b0f
model:LGT723D iter 31550: loss 2.1768, time 4316.37ms, mfu 0.43%
model:LGT723D iter 31560: loss 2.2297, time 212.10ms, mfu 0.45%
model:LGT723D iter 31570: loss 1.9676, time 228.58ms, mfu 0.46%
model:LGT723D iter 31580: loss 2.6532, time 237.57ms, mfu 0.46%
model:LGT723D iter 31590: loss 2.3234, time 222.11ms, mfu 0.47%
------average encoder activity 0.184
-----------average decoder density 0.4806
step 31600: train loss 2.1095, val loss 2.0784
saving checkpoint to out-novel-char3_LGT723D_4d06c3ce0eb6b62233f4128fdb1c3b0f
model:LGT723D iter 31600: loss 1.9565, time 4527.39ms, mfu 0.42%
model:LGT723D iter 31610: loss 2.7129, time 207.87ms, mfu 0.44%
model:LGT723D iter 31620: loss 2.3430, time 212.45ms, mfu 0.45%
model:LGT723D iter 31630: loss 2.4927, time 199.77ms, mfu 0.47%
model:LGT723D iter 31640: loss 2.4105, time 217.44ms, mfu 0.48%
------average encoder activity 0.183
-----------average decoder density 0.4993
step 31650: train loss 2.1503, val loss 2.1216
saving checkpoint to out-novel-char3_LGT723D_4d06c3ce0eb6b62233f4128fdb1c3b0f
model:LGT723D iter 31650: loss 2.4216, time 4462.95ms, mfu 0.43%
model:LGT723D iter 31660: loss 2.2218, time 193.55ms, mfu 0.45%
model:LGT723D iter 31670: loss 2.5074, time 222.53ms, mfu 0.46%
model:LGT723D iter 31680: loss 1.7847, time 219.69ms, mfu 0.47%
model:LGT723D iter 31690: loss 2.6354, time 179.38ms, mfu 0.49%
------average encoder activity 0.184
-----------average decoder density 0.4764
step 31700: train loss 2.1609, val loss 2.1288
saving checkpoint to out-novel-char3_LGT723D_4d06c3ce0eb6b62233f4128fdb1c3b0f
model:LGT723D iter 31700: loss 2.0873, time 4301.57ms, mfu 0.44%
model:LGT723D iter 31710: loss 2.2958, time 211.50ms, mfu 0.45%
model:LGT723D iter 31720: loss 2.4018, time 220.71ms, mfu 0.46%
model:LGT723D iter 31730: loss 2.2631, time 228.36ms, mfu 0.47%
model:LGT723D iter 31740: loss 2.2220, time 204.76ms, mfu 0.48%
------average encoder activity 0.186
-----------average decoder density 0.4793
step 31750: train loss 2.1193, val loss 2.1631
saving checkpoint to out-novel-char3_LGT723D_4d06c3ce0eb6b62233f4128fdb1c3b0f
model:LGT723D iter 31750: loss 2.5582, time 4146.43ms, mfu 0.44%
model:LGT723D iter 31760: loss 2.1717, time 222.54ms, mfu 0.45%
model:LGT723D iter 31770: loss 2.1483, time 241.69ms, mfu 0.45%
model:LGT723D iter 31780: loss 2.4668, time 227.49ms, mfu 0.46%
model:LGT723D iter 31790: loss 2.0775, time 190.64ms, mfu 0.48%
------average encoder activity 0.188
-----------average decoder density 0.4777
step 31800: train loss 2.1371, val loss 2.1535
saving checkpoint to out-novel-char3_LGT723D_4d06c3ce0eb6b62233f4128fdb1c3b0f
model:LGT723D iter 31800: loss 2.9998, time 4446.94ms, mfu 0.43%
model:LGT723D iter 31810: loss 2.1128, time 201.55ms, mfu 0.45%
model:LGT723D iter 31820: loss 1.2559, time 209.72ms, mfu 0.46%
model:LGT723D iter 31830: loss 2.0274, time 190.31ms, mfu 0.48%
model:LGT723D iter 31840: loss 2.2973, time 202.51ms, mfu 0.49%
------average encoder activity 0.186
-----------average decoder density 0.4889
step 31850: train loss 2.1136, val loss 2.1248
saving checkpoint to out-novel-char3_LGT723D_4d06c3ce0eb6b62233f4128fdb1c3b0f
model:LGT723D iter 31850: loss 2.0629, time 4421.05ms, mfu 0.44%
model:LGT723D iter 31860: loss 2.2334, time 235.47ms, mfu 0.45%
model:LGT723D iter 31870: loss 1.9818, time 195.50ms, mfu 0.47%
model:LGT723D iter 31880: loss 2.0470, time 200.80ms, mfu 0.48%
model:LGT723D iter 31890: loss 2.6305, time 203.35ms, mfu 0.49%
------average encoder activity 0.185
-----------average decoder density 0.4987
step 31900: train loss 2.1556, val loss 2.1103
saving checkpoint to out-novel-char3_LGT723D_4d06c3ce0eb6b62233f4128fdb1c3b0f
model:LGT723D iter 31900: loss 2.5464, time 4250.39ms, mfu 0.44%
model:LGT723D iter 31910: loss 2.1848, time 245.63ms, mfu 0.45%
model:LGT723D iter 31920: loss 1.9473, time 216.65ms, mfu 0.46%
model:LGT723D iter 31930: loss 2.4874, time 208.94ms, mfu 0.47%
model:LGT723D iter 31940: loss 2.2507, time 210.29ms, mfu 0.48%
------average encoder activity 0.184
-----------average decoder density 0.5016
step 31950: train loss 2.1052, val loss 2.1200
saving checkpoint to out-novel-char3_LGT723D_4d06c3ce0eb6b62233f4128fdb1c3b0f
model:LGT723D iter 31950: loss 3.4266, time 4071.43ms, mfu 0.44%
model:LGT723D iter 31960: loss 2.4854, time 222.19ms, mfu 0.45%
model:LGT723D iter 31970: loss 1.9762, time 204.57ms, mfu 0.46%
model:LGT723D iter 31980: loss 2.0166, time 247.33ms, mfu 0.46%
model:LGT723D iter 31990: loss 2.7159, time 227.17ms, mfu 0.47%
------average encoder activity 0.182
-----------average decoder density 0.5033
step 32000: train loss 2.1068, val loss 2.1207
saving checkpoint to out-novel-char3_LGT723D_4d06c3ce0eb6b62233f4128fdb1c3b0f
model:LGT723D iter 32000: loss 1.7193, time 3967.14ms, mfu 0.43%
model:LGT723D iter 32010: loss 1.8851, time 225.67ms, mfu 0.44%
model:LGT723D iter 32020: loss 2.3336, time 205.03ms, mfu 0.45%
model:LGT723D iter 32030: loss 1.7649, time 226.73ms, mfu 0.46%
model:LGT723D iter 32040: loss 1.7064, time 220.66ms, mfu 0.47%
------average encoder activity 0.186
-----------average decoder density 0.4888
step 32050: train loss 2.1174, val loss 2.0912
saving checkpoint to out-novel-char3_LGT723D_4d06c3ce0eb6b62233f4128fdb1c3b0f
model:LGT723D iter 32050: loss 1.7793, time 4364.41ms, mfu 0.42%
model:LGT723D iter 32060: loss 2.0877, time 181.76ms, mfu 0.45%
model:LGT723D iter 32070: loss 1.6120, time 200.45ms, mfu 0.46%
model:LGT723D iter 32080: loss 2.5546, time 221.18ms, mfu 0.47%
model:LGT723D iter 32090: loss 2.1594, time 216.21ms, mfu 0.48%
------average encoder activity 0.184
-----------average decoder density 0.4954
step 32100: train loss 2.1736, val loss 2.1088
saving checkpoint to out-novel-char3_LGT723D_4d06c3ce0eb6b62233f4128fdb1c3b0f
model:LGT723D iter 32100: loss 2.0603, time 4394.87ms, mfu 0.43%
model:LGT723D iter 32110: loss 2.1254, time 188.97ms, mfu 0.45%
model:LGT723D iter 32120: loss 1.7426, time 217.37ms, mfu 0.46%
model:LGT723D iter 32130: loss 2.8114, time 204.66ms, mfu 0.48%
model:LGT723D iter 32140: loss 2.2411, time 206.86ms, mfu 0.49%
------average encoder activity 0.183
-----------average decoder density 0.4963
step 32150: train loss 2.1425, val loss 2.1326
saving checkpoint to out-novel-char3_LGT723D_4d06c3ce0eb6b62233f4128fdb1c3b0f
model:LGT723D iter 32150: loss 2.5309, time 4500.71ms, mfu 0.44%
model:LGT723D iter 32160: loss 2.4326, time 213.81ms, mfu 0.45%
model:LGT723D iter 32170: loss 2.5606, time 223.03ms, mfu 0.46%
model:LGT723D iter 32180: loss 2.1810, time 230.58ms, mfu 0.47%
model:LGT723D iter 32190: loss 2.1410, time 210.80ms, mfu 0.48%
------average encoder activity 0.182
-----------average decoder density 0.4647
step 32200: train loss 2.1435, val loss 2.1192
saving checkpoint to out-novel-char3_LGT723D_4d06c3ce0eb6b62233f4128fdb1c3b0f
model:LGT723D iter 32200: loss 1.9722, time 4085.50ms, mfu 0.43%
model:LGT723D iter 32210: loss 2.0292, time 208.50ms, mfu 0.45%
model:LGT723D iter 32220: loss 2.4930, time 223.61ms, mfu 0.46%
model:LGT723D iter 32230: loss 1.7987, time 233.95ms, mfu 0.46%
model:LGT723D iter 32240: loss 1.5721, time 200.68ms, mfu 0.48%
------average encoder activity 0.182
-----------average decoder density 0.5082
step 32250: train loss 2.1193, val loss 2.1534
saving checkpoint to out-novel-char3_LGT723D_4d06c3ce0eb6b62233f4128fdb1c3b0f
model:LGT723D iter 32250: loss 2.1807, time 4404.34ms, mfu 0.43%
model:LGT723D iter 32260: loss 1.6148, time 203.97ms, mfu 0.45%
model:LGT723D iter 32270: loss 2.2024, time 227.26ms, mfu 0.45%
model:LGT723D iter 32280: loss 2.1361, time 225.11ms, mfu 0.46%
model:LGT723D iter 32290: loss 2.5317, time 190.21ms, mfu 0.48%
------average encoder activity 0.183
-----------average decoder density 0.4960
step 32300: train loss 2.1747, val loss 2.1139
saving checkpoint to out-novel-char3_LGT723D_4d06c3ce0eb6b62233f4128fdb1c3b0f
model:LGT723D iter 32300: loss 1.6778, time 4535.27ms, mfu 0.43%
model:LGT723D iter 32310: loss 2.1256, time 215.71ms, mfu 0.45%
model:LGT723D iter 32320: loss 2.1543, time 186.63ms, mfu 0.47%
model:LGT723D iter 32330: loss 2.0705, time 201.94ms, mfu 0.48%
model:LGT723D iter 32340: loss 2.3793, time 189.44ms, mfu 0.49%
------average encoder activity 0.185
-----------average decoder density 0.4982
step 32350: train loss 2.1205, val loss 2.1364
saving checkpoint to out-novel-char3_LGT723D_4d06c3ce0eb6b62233f4128fdb1c3b0f
model:LGT723D iter 32350: loss 2.8869, time 4482.47ms, mfu 0.45%
model:LGT723D iter 32360: loss 2.2698, time 223.29ms, mfu 0.46%
model:LGT723D iter 32370: loss 1.7944, time 233.81ms, mfu 0.46%
model:LGT723D iter 32380: loss 1.6959, time 222.99ms, mfu 0.47%
model:LGT723D iter 32390: loss 2.1978, time 212.84ms, mfu 0.48%
------average encoder activity 0.185
-----------average decoder density 0.4655
step 32400: train loss 2.1610, val loss 2.1355
saving checkpoint to out-novel-char3_LGT723D_4d06c3ce0eb6b62233f4128fdb1c3b0f
model:LGT723D iter 32400: loss 1.9373, time 4115.84ms, mfu 0.43%
model:LGT723D iter 32410: loss 2.1541, time 228.46ms, mfu 0.44%
model:LGT723D iter 32420: loss 2.0126, time 220.56ms, mfu 0.45%
model:LGT723D iter 32430: loss 2.0047, time 206.61ms, mfu 0.47%
model:LGT723D iter 32440: loss 1.8750, time 208.26ms, mfu 0.48%
------average encoder activity 0.183
-----------average decoder density 0.4937
step 32450: train loss 2.1306, val loss 2.1427
saving checkpoint to out-novel-char3_LGT723D_4d06c3ce0eb6b62233f4128fdb1c3b0f
model:LGT723D iter 32450: loss 2.0572, time 3982.21ms, mfu 0.43%
model:LGT723D iter 32460: loss 1.8370, time 234.24ms, mfu 0.44%
model:LGT723D iter 32470: loss 2.3510, time 236.67ms, mfu 0.45%
model:LGT723D iter 32480: loss 1.9999, time 214.24ms, mfu 0.46%
model:LGT723D iter 32490: loss 2.2747, time 225.96ms, mfu 0.47%
------average encoder activity 0.185
-----------average decoder density 0.4732
step 32500: train loss 2.1435, val loss 2.0934
saving checkpoint to out-novel-char3_LGT723D_4d06c3ce0eb6b62233f4128fdb1c3b0f
model:LGT723D iter 32500: loss 1.7433, time 4273.93ms, mfu 0.42%
model:LGT723D iter 32510: loss 2.2909, time 180.95ms, mfu 0.45%
model:LGT723D iter 32520: loss 2.5395, time 210.88ms, mfu 0.46%
model:LGT723D iter 32530: loss 1.6229, time 195.14ms, mfu 0.47%
model:LGT723D iter 32540: loss 2.3981, time 232.42ms, mfu 0.48%
------average encoder activity 0.184
-----------average decoder density 0.4670
step 32550: train loss 2.1170, val loss 2.1224
saving checkpoint to out-novel-char3_LGT723D_4d06c3ce0eb6b62233f4128fdb1c3b0f
model:LGT723D iter 32550: loss 2.6434, time 4156.31ms, mfu 0.43%
model:LGT723D iter 32560: loss 2.0763, time 237.46ms, mfu 0.44%
model:LGT723D iter 32570: loss 2.3377, time 200.86ms, mfu 0.46%
model:LGT723D iter 32580: loss 1.6574, time 189.23ms, mfu 0.47%
model:LGT723D iter 32590: loss 2.7427, time 189.10ms, mfu 0.49%
------average encoder activity 0.186
-----------average decoder density 0.4954
step 32600: train loss 2.0975, val loss 2.1159
saving checkpoint to out-novel-char3_LGT723D_4d06c3ce0eb6b62233f4128fdb1c3b0f
model:LGT723D iter 32600: loss 2.0235, time 3990.93ms, mfu 0.44%
model:LGT723D iter 32610: loss 2.2654, time 224.69ms, mfu 0.45%
model:LGT723D iter 32620: loss 1.7795, time 215.97ms, mfu 0.46%
model:LGT723D iter 32630: loss 2.3530, time 219.37ms, mfu 0.47%
model:LGT723D iter 32640: loss 1.6765, time 226.80ms, mfu 0.48%
------average encoder activity 0.185
-----------average decoder density 0.4901
step 32650: train loss 2.0853, val loss 2.1533
saving checkpoint to out-novel-char3_LGT723D_4d06c3ce0eb6b62233f4128fdb1c3b0f
model:LGT723D iter 32650: loss 2.5198, time 3790.15ms, mfu 0.43%
model:LGT723D iter 32660: loss 2.2326, time 239.48ms, mfu 0.44%
model:LGT723D iter 32670: loss 2.0814, time 211.95ms, mfu 0.45%
model:LGT723D iter 32680: loss 2.3852, time 216.38ms, mfu 0.46%
model:LGT723D iter 32690: loss 2.4513, time 243.71ms, mfu 0.47%
------average encoder activity 0.185
-----------average decoder density 0.4734
step 32700: train loss 2.1128, val loss 2.1511
saving checkpoint to out-novel-char3_LGT723D_4d06c3ce0eb6b62233f4128fdb1c3b0f
model:LGT723D iter 32700: loss 2.4604, time 4224.50ms, mfu 0.42%
model:LGT723D iter 32710: loss 1.9991, time 190.68ms, mfu 0.44%
model:LGT723D iter 32720: loss 1.6452, time 214.18ms, mfu 0.45%
model:LGT723D iter 32730: loss 2.0635, time 210.99ms, mfu 0.47%
model:LGT723D iter 32740: loss 2.0059, time 239.91ms, mfu 0.47%
------average encoder activity 0.185
-----------average decoder density 0.4892
step 32750: train loss 2.1323, val loss 2.1215
saving checkpoint to out-novel-char3_LGT723D_4d06c3ce0eb6b62233f4128fdb1c3b0f
model:LGT723D iter 32750: loss 1.7234, time 4523.97ms, mfu 0.42%
model:LGT723D iter 32760: loss 1.9247, time 197.05ms, mfu 0.44%
model:LGT723D iter 32770: loss 2.3313, time 203.86ms, mfu 0.46%
model:LGT723D iter 32780: loss 2.3894, time 218.50ms, mfu 0.47%
model:LGT723D iter 32790: loss 2.8408, time 208.30ms, mfu 0.48%
------average encoder activity 0.187
-----------average decoder density 0.4833
step 32800: train loss 2.1084, val loss 2.0821
saving checkpoint to out-novel-char3_LGT723D_4d06c3ce0eb6b62233f4128fdb1c3b0f
model:LGT723D iter 32800: loss 1.7940, time 4466.91ms, mfu 0.43%
model:LGT723D iter 32810: loss 2.3159, time 210.19ms, mfu 0.45%
model:LGT723D iter 32820: loss 1.6070, time 224.81ms, mfu 0.46%
model:LGT723D iter 32830: loss 2.0798, time 227.95ms, mfu 0.46%
model:LGT723D iter 32840: loss 1.8804, time 205.06ms, mfu 0.47%
------average encoder activity 0.187
-----------average decoder density 0.4877
step 32850: train loss 2.1166, val loss 2.1628
saving checkpoint to out-novel-char3_LGT723D_4d06c3ce0eb6b62233f4128fdb1c3b0f
model:LGT723D iter 32850: loss 1.6534, time 4317.09ms, mfu 0.43%
model:LGT723D iter 32860: loss 2.6807, time 217.21ms, mfu 0.44%
model:LGT723D iter 32870: loss 2.0135, time 233.83ms, mfu 0.45%
model:LGT723D iter 32880: loss 2.3716, time 221.66ms, mfu 0.46%
model:LGT723D iter 32890: loss 1.3769, time 188.61ms, mfu 0.48%
------average encoder activity 0.190
-----------average decoder density 0.5068
step 32900: train loss 2.1500, val loss 2.1063
saving checkpoint to out-novel-char3_LGT723D_4d06c3ce0eb6b62233f4128fdb1c3b0f
model:LGT723D iter 32900: loss 2.3220, time 4063.56ms, mfu 0.43%
model:LGT723D iter 32910: loss 1.8308, time 210.91ms, mfu 0.45%
model:LGT723D iter 32920: loss 3.0495, time 225.87ms, mfu 0.45%
model:LGT723D iter 32930: loss 1.9837, time 229.06ms, mfu 0.46%
model:LGT723D iter 32940: loss 2.7318, time 211.96ms, mfu 0.47%
------average encoder activity 0.186
-----------average decoder density 0.4752
step 32950: train loss 2.1076, val loss 2.1395
saving checkpoint to out-novel-char3_LGT723D_4d06c3ce0eb6b62233f4128fdb1c3b0f
model:LGT723D iter 32950: loss 2.3295, time 4485.05ms, mfu 0.43%
model:LGT723D iter 32960: loss 2.3416, time 204.74ms, mfu 0.44%
model:LGT723D iter 32970: loss 2.0765, time 219.69ms, mfu 0.45%
model:LGT723D iter 32980: loss 2.3169, time 240.83ms, mfu 0.46%
model:LGT723D iter 32990: loss 2.5625, time 217.10ms, mfu 0.47%
------average encoder activity 0.188
-----------average decoder density 0.4871
step 33000: train loss 2.1284, val loss 2.1194
saving checkpoint to out-novel-char3_LGT723D_4d06c3ce0eb6b62233f4128fdb1c3b0f
model:LGT723D iter 33000: loss 1.8485, time 4552.06ms, mfu 0.42%
model:LGT723D iter 33010: loss 2.1281, time 198.36ms, mfu 0.44%
model:LGT723D iter 33020: loss 2.2632, time 232.77ms, mfu 0.45%
model:LGT723D iter 33030: loss 2.4213, time 188.09ms, mfu 0.47%
model:LGT723D iter 33040: loss 1.9279, time 196.22ms, mfu 0.48%
------average encoder activity 0.188
-----------average decoder density 0.5086
step 33050: train loss 2.1117, val loss 2.1656
saving checkpoint to out-novel-char3_LGT723D_4d06c3ce0eb6b62233f4128fdb1c3b0f
model:LGT723D iter 33050: loss 2.4971, time 4389.64ms, mfu 0.44%
model:LGT723D iter 33060: loss 2.1947, time 226.17ms, mfu 0.45%
model:LGT723D iter 33070: loss 1.9798, time 222.98ms, mfu 0.46%
model:LGT723D iter 33080: loss 2.2247, time 193.16ms, mfu 0.47%
model:LGT723D iter 33090: loss 2.1035, time 238.12ms, mfu 0.48%
------average encoder activity 0.186
-----------average decoder density 0.4928
step 33100: train loss 2.1305, val loss 2.1343
saving checkpoint to out-novel-char3_LGT723D_4d06c3ce0eb6b62233f4128fdb1c3b0f
model:LGT723D iter 33100: loss 2.5156, time 4045.52ms, mfu 0.43%
model:LGT723D iter 33110: loss 2.1633, time 229.20ms, mfu 0.44%
model:LGT723D iter 33120: loss 1.7696, time 257.77ms, mfu 0.44%
model:LGT723D iter 33130: loss 2.1778, time 211.82ms, mfu 0.45%
model:LGT723D iter 33140: loss 2.3362, time 218.78ms, mfu 0.46%
------average encoder activity 0.187
-----------average decoder density 0.4849
step 33150: train loss 2.1137, val loss 2.1363
saving checkpoint to out-novel-char3_LGT723D_4d06c3ce0eb6b62233f4128fdb1c3b0f
model:LGT723D iter 33150: loss 2.5154, time 4132.03ms, mfu 0.42%
model:LGT723D iter 33160: loss 2.3163, time 189.80ms, mfu 0.44%
model:LGT723D iter 33170: loss 2.7818, time 195.75ms, mfu 0.46%
model:LGT723D iter 33180: loss 1.4289, time 219.81ms, mfu 0.47%
model:LGT723D iter 33190: loss 2.0024, time 235.01ms, mfu 0.47%
------average encoder activity 0.184
-----------average decoder density 0.5033
step 33200: train loss 2.1162, val loss 2.1237
saving checkpoint to out-novel-char3_LGT723D_4d06c3ce0eb6b62233f4128fdb1c3b0f
model:LGT723D iter 33200: loss 1.7101, time 4091.18ms, mfu 0.43%
model:LGT723D iter 33210: loss 1.9061, time 207.17ms, mfu 0.44%
model:LGT723D iter 33220: loss 2.4714, time 170.57ms, mfu 0.47%
model:LGT723D iter 33230: loss 2.2273, time 197.64ms, mfu 0.48%
model:LGT723D iter 33240: loss 2.2001, time 218.65ms, mfu 0.49%
------average encoder activity 0.187
-----------average decoder density 0.4782
step 33250: train loss 2.0958, val loss 2.1347
saving checkpoint to out-novel-char3_LGT723D_4d06c3ce0eb6b62233f4128fdb1c3b0f
model:LGT723D iter 33250: loss 2.6431, time 4272.42ms, mfu 0.44%
model:LGT723D iter 33260: loss 2.1434, time 226.59ms, mfu 0.45%
model:LGT723D iter 33270: loss 1.7981, time 209.18ms, mfu 0.46%
model:LGT723D iter 33280: loss 2.4447, time 208.29ms, mfu 0.48%
model:LGT723D iter 33290: loss 2.3089, time 198.38ms, mfu 0.49%
------average encoder activity 0.186
-----------average decoder density 0.4969
step 33300: train loss 2.1510, val loss 2.1460
saving checkpoint to out-novel-char3_LGT723D_4d06c3ce0eb6b62233f4128fdb1c3b0f
model:LGT723D iter 33300: loss 2.6490, time 4034.49ms, mfu 0.44%
model:LGT723D iter 33310: loss 2.1949, time 224.09ms, mfu 0.45%
model:LGT723D iter 33320: loss 2.7755, time 201.68ms, mfu 0.47%
model:LGT723D iter 33330: loss 2.3485, time 230.73ms, mfu 0.47%
model:LGT723D iter 33340: loss 2.0974, time 234.53ms, mfu 0.48%
------average encoder activity 0.186
-----------average decoder density 0.4657
step 33350: train loss 2.1365, val loss 2.1373
saving checkpoint to out-novel-char3_LGT723D_4d06c3ce0eb6b62233f4128fdb1c3b0f
model:LGT723D iter 33350: loss 1.5392, time 3864.56ms, mfu 0.43%
model:LGT723D iter 33360: loss 2.1866, time 208.55ms, mfu 0.45%
model:LGT723D iter 33370: loss 2.4691, time 200.67ms, mfu 0.46%
model:LGT723D iter 33380: loss 1.6869, time 207.75ms, mfu 0.47%
model:LGT723D iter 33390: loss 1.8832, time 228.02ms, mfu 0.48%
------average encoder activity 0.188
-----------average decoder density 0.4757
step 33400: train loss 2.0945, val loss 2.1217
saving checkpoint to out-novel-char3_LGT723D_4d06c3ce0eb6b62233f4128fdb1c3b0f
model:LGT723D iter 33400: loss 2.3308, time 4188.15ms, mfu 0.43%
model:LGT723D iter 33410: loss 1.9173, time 191.73ms, mfu 0.45%
model:LGT723D iter 33420: loss 2.2672, time 196.83ms, mfu 0.47%
model:LGT723D iter 33430: loss 2.4350, time 236.59ms, mfu 0.47%
model:LGT723D iter 33440: loss 2.5137, time 238.13ms, mfu 0.48%
------average encoder activity 0.186
-----------average decoder density 0.4941
step 33450: train loss 2.1567, val loss 2.0936
saving checkpoint to out-novel-char3_LGT723D_4d06c3ce0eb6b62233f4128fdb1c3b0f
model:LGT723D iter 33450: loss 1.7957, time 4340.74ms, mfu 0.43%
model:LGT723D iter 33460: loss 2.5310, time 214.38ms, mfu 0.44%
model:LGT723D iter 33470: loss 1.9896, time 216.58ms, mfu 0.45%
model:LGT723D iter 33480: loss 1.7996, time 201.62ms, mfu 0.47%
model:LGT723D iter 33490: loss 2.3292, time 209.13ms, mfu 0.48%
------average encoder activity 0.186
-----------average decoder density 0.4736
step 33500: train loss 2.1211, val loss 2.1573
saving checkpoint to out-novel-char3_LGT723D_4d06c3ce0eb6b62233f4128fdb1c3b0f
model:LGT723D iter 33500: loss 2.0175, time 4429.13ms, mfu 0.43%
model:LGT723D iter 33510: loss 2.2276, time 205.13ms, mfu 0.45%
model:LGT723D iter 33520: loss 1.5704, time 233.86ms, mfu 0.46%
model:LGT723D iter 33530: loss 2.3058, time 230.28ms, mfu 0.46%
model:LGT723D iter 33540: loss 2.2957, time 214.71ms, mfu 0.47%
------average encoder activity 0.186
-----------average decoder density 0.4926
step 33550: train loss 2.1202, val loss 2.0945
saving checkpoint to out-novel-char3_LGT723D_4d06c3ce0eb6b62233f4128fdb1c3b0f
model:LGT723D iter 33550: loss 2.6507, time 4023.75ms, mfu 0.43%
model:LGT723D iter 33560: loss 2.5268, time 200.82ms, mfu 0.44%
model:LGT723D iter 33570: loss 2.4420, time 251.86ms, mfu 0.45%
model:LGT723D iter 33580: loss 2.4144, time 224.34ms, mfu 0.46%
model:LGT723D iter 33590: loss 2.1406, time 207.30ms, mfu 0.47%
------average encoder activity 0.186
-----------average decoder density 0.4844
step 33600: train loss 2.1048, val loss 2.0926
saving checkpoint to out-novel-char3_LGT723D_4d06c3ce0eb6b62233f4128fdb1c3b0f
model:LGT723D iter 33600: loss 1.7220, time 4341.10ms, mfu 0.42%
model:LGT723D iter 33610: loss 2.3320, time 182.08ms, mfu 0.45%
model:LGT723D iter 33620: loss 2.2388, time 214.06ms, mfu 0.46%
model:LGT723D iter 33630: loss 2.2462, time 216.88ms, mfu 0.47%
model:LGT723D iter 33640: loss 1.8239, time 191.14ms, mfu 0.48%
------average encoder activity 0.187
-----------average decoder density 0.4952
step 33650: train loss 2.1488, val loss 2.1306
saving checkpoint to out-novel-char3_LGT723D_4d06c3ce0eb6b62233f4128fdb1c3b0f
model:LGT723D iter 33650: loss 2.2866, time 4412.48ms, mfu 0.44%
model:LGT723D iter 33660: loss 2.2997, time 194.98ms, mfu 0.46%
model:LGT723D iter 33670: loss 2.3216, time 192.48ms, mfu 0.47%
model:LGT723D iter 33680: loss 2.1425, time 187.94ms, mfu 0.49%
model:LGT723D iter 33690: loss 2.1752, time 229.59ms, mfu 0.49%
------average encoder activity 0.186
-----------average decoder density 0.5063
step 33700: train loss 2.0960, val loss 2.1358
saving checkpoint to out-novel-char3_LGT723D_4d06c3ce0eb6b62233f4128fdb1c3b0f
model:LGT723D iter 33700: loss 1.8757, time 5034.25ms, mfu 0.45%
model:LGT723D iter 33710: loss 2.6558, time 251.91ms, mfu 0.45%
model:LGT723D iter 33720: loss 2.5045, time 235.20ms, mfu 0.46%
model:LGT723D iter 33730: loss 2.2742, time 236.63ms, mfu 0.46%
model:LGT723D iter 33740: loss 2.3282, time 209.30ms, mfu 0.47%
------average encoder activity 0.188
-----------average decoder density 0.5055
step 33750: train loss 2.1411, val loss 2.1196
saving checkpoint to out-novel-char3_LGT723D_4d06c3ce0eb6b62233f4128fdb1c3b0f
model:LGT723D iter 33750: loss 2.5451, time 4862.83ms, mfu 0.43%
model:LGT723D iter 33760: loss 1.7818, time 235.33ms, mfu 0.44%
model:LGT723D iter 33770: loss 1.8587, time 207.80ms, mfu 0.45%
model:LGT723D iter 33780: loss 2.3165, time 198.34ms, mfu 0.47%
model:LGT723D iter 33790: loss 2.4306, time 246.64ms, mfu 0.47%
------average encoder activity 0.186
-----------average decoder density 0.4932
step 33800: train loss 2.1320, val loss 2.1331
saving checkpoint to out-novel-char3_LGT723D_4d06c3ce0eb6b62233f4128fdb1c3b0f
model:LGT723D iter 33800: loss 1.9380, time 3892.95ms, mfu 0.42%
model:LGT723D iter 33810: loss 1.9522, time 217.32ms, mfu 0.44%
model:LGT723D iter 33820: loss 2.3898, time 232.10ms, mfu 0.44%
model:LGT723D iter 33830: loss 1.6463, time 203.85ms, mfu 0.46%
model:LGT723D iter 33840: loss 2.5185, time 207.64ms, mfu 0.47%
------average encoder activity 0.187
-----------average decoder density 0.4772
step 33850: train loss 2.1822, val loss 2.1275
saving checkpoint to out-novel-char3_LGT723D_4d06c3ce0eb6b62233f4128fdb1c3b0f
model:LGT723D iter 33850: loss 2.3524, time 4314.54ms, mfu 0.43%
model:LGT723D iter 33860: loss 2.7249, time 218.91ms, mfu 0.44%
model:LGT723D iter 33870: loss 1.9939, time 231.90ms, mfu 0.45%
model:LGT723D iter 33880: loss 2.5505, time 236.14ms, mfu 0.45%
model:LGT723D iter 33890: loss 1.6954, time 249.89ms, mfu 0.46%
------average encoder activity 0.187
-----------average decoder density 0.4753
step 33900: train loss 2.1318, val loss 2.1257
saving checkpoint to out-novel-char3_LGT723D_4d06c3ce0eb6b62233f4128fdb1c3b0f
model:LGT723D iter 33900: loss 2.4281, time 4584.14ms, mfu 0.41%
model:LGT723D iter 33910: loss 2.7828, time 283.52ms, mfu 0.41%
model:LGT723D iter 33920: loss 2.2464, time 230.74ms, mfu 0.42%
model:LGT723D iter 33930: loss 1.8406, time 210.63ms, mfu 0.44%
model:LGT723D iter 33940: loss 2.4469, time 222.38ms, mfu 0.45%
------average encoder activity 0.187
-----------average decoder density 0.4811
step 33950: train loss 2.1040, val loss 2.1053
saving checkpoint to out-novel-char3_LGT723D_4d06c3ce0eb6b62233f4128fdb1c3b0f
model:LGT723D iter 33950: loss 2.1141, time 5078.41ms, mfu 0.41%
model:LGT723D iter 33960: loss 1.6908, time 249.37ms, mfu 0.41%
model:LGT723D iter 33970: loss 2.2010, time 252.29ms, mfu 0.42%
model:LGT723D iter 33980: loss 2.2523, time 264.00ms, mfu 0.42%
model:LGT723D iter 33990: loss 1.6403, time 240.52ms, mfu 0.43%
------average encoder activity 0.186
-----------average decoder density 0.4827
step 34000: train loss 2.1006, val loss 2.1495
saving checkpoint to out-novel-char3_LGT723D_4d06c3ce0eb6b62233f4128fdb1c3b0f
model:LGT723D iter 34000: loss 1.7815, time 4854.70ms, mfu 0.39%
model:LGT723D iter 34010: loss 2.3027, time 218.84ms, mfu 0.41%
model:LGT723D iter 34020: loss 2.1534, time 236.70ms, mfu 0.42%
model:LGT723D iter 34030: loss 1.4498, time 230.26ms, mfu 0.43%
model:LGT723D iter 34040: loss 2.6122, time 213.45ms, mfu 0.44%
------average encoder activity 0.190
-----------average decoder density 0.5005
step 34050: train loss 2.1400, val loss 2.1344
saving checkpoint to out-novel-char3_LGT723D_4d06c3ce0eb6b62233f4128fdb1c3b0f
model:LGT723D iter 34050: loss 2.5820, time 5040.83ms, mfu 0.40%
model:LGT723D iter 34060: loss 1.9317, time 225.58ms, mfu 0.41%
model:LGT723D iter 34070: loss 1.6883, time 205.90ms, mfu 0.43%
model:LGT723D iter 34080: loss 1.9670, time 241.75ms, mfu 0.44%
model:LGT723D iter 34090: loss 1.9827, time 223.48ms, mfu 0.45%
------average encoder activity 0.188
-----------average decoder density 0.5059
step 34100: train loss 2.1074, val loss 2.1578
saving checkpoint to out-novel-char3_LGT723D_4d06c3ce0eb6b62233f4128fdb1c3b0f
model:LGT723D iter 34100: loss 2.2694, time 4673.78ms, mfu 0.40%
model:LGT723D iter 34110: loss 2.0262, time 254.65ms, mfu 0.41%
model:LGT723D iter 34120: loss 2.4696, time 219.48ms, mfu 0.42%
model:LGT723D iter 34130: loss 1.7013, time 235.27ms, mfu 0.43%
model:LGT723D iter 34140: loss 1.0716, time 227.91ms, mfu 0.44%
------average encoder activity 0.190
-----------average decoder density 0.4860
step 34150: train loss 2.1414, val loss 2.1383
saving checkpoint to out-novel-char3_LGT723D_4d06c3ce0eb6b62233f4128fdb1c3b0f
model:LGT723D iter 34150: loss 1.7775, time 5108.50ms, mfu 0.40%
model:LGT723D iter 34160: loss 2.0370, time 247.89ms, mfu 0.41%
model:LGT723D iter 34170: loss 1.8166, time 225.66ms, mfu 0.42%
model:LGT723D iter 34180: loss 2.4985, time 246.22ms, mfu 0.43%
model:LGT723D iter 34190: loss 1.9354, time 224.44ms, mfu 0.44%
------average encoder activity 0.191
-----------average decoder density 0.4709
step 34200: train loss 2.1043, val loss 2.1376
saving checkpoint to out-novel-char3_LGT723D_4d06c3ce0eb6b62233f4128fdb1c3b0f
model:LGT723D iter 34200: loss 2.2863, time 4135.86ms, mfu 0.40%
model:LGT723D iter 34210: loss 1.5517, time 239.78ms, mfu 0.41%
model:LGT723D iter 34220: loss 2.0893, time 217.95ms, mfu 0.42%
model:LGT723D iter 34230: loss 1.8693, time 239.40ms, mfu 0.43%
model:LGT723D iter 34240: loss 1.6652, time 240.93ms, mfu 0.44%
------average encoder activity 0.191
-----------average decoder density 0.4784
step 34250: train loss 2.0933, val loss 2.1319
saving checkpoint to out-novel-char3_LGT723D_4d06c3ce0eb6b62233f4128fdb1c3b0f
model:LGT723D iter 34250: loss 2.0998, time 4220.21ms, mfu 0.40%
model:LGT723D iter 34260: loss 2.8210, time 211.17ms, mfu 0.41%
model:LGT723D iter 34270: loss 2.2961, time 235.51ms, mfu 0.42%
model:LGT723D iter 34280: loss 2.1420, time 224.72ms, mfu 0.43%
model:LGT723D iter 34290: loss 2.3380, time 200.49ms, mfu 0.45%
------average encoder activity 0.190
-----------average decoder density 0.4886
step 34300: train loss 2.1275, val loss 2.1535
saving checkpoint to out-novel-char3_LGT723D_4d06c3ce0eb6b62233f4128fdb1c3b0f
model:LGT723D iter 34300: loss 2.4255, time 4497.83ms, mfu 0.41%
model:LGT723D iter 34310: loss 1.5780, time 209.40ms, mfu 0.42%
model:LGT723D iter 34320: loss 1.3393, time 233.06ms, mfu 0.43%
model:LGT723D iter 34330: loss 2.4088, time 219.62ms, mfu 0.44%
model:LGT723D iter 34340: loss 2.4191, time 259.08ms, mfu 0.45%
------average encoder activity 0.191
-----------average decoder density 0.5023
step 34350: train loss 2.1373, val loss 2.1295
saving checkpoint to out-novel-char3_LGT723D_4d06c3ce0eb6b62233f4128fdb1c3b0f
model:LGT723D iter 34350: loss 1.6367, time 5281.62ms, mfu 0.40%
model:LGT723D iter 34360: loss 2.6985, time 255.84ms, mfu 0.41%
model:LGT723D iter 34370: loss 2.6845, time 271.05ms, mfu 0.41%
model:LGT723D iter 34380: loss 2.2430, time 289.33ms, mfu 0.41%
model:LGT723D iter 34390: loss 2.4967, time 232.42ms, mfu 0.42%
------average encoder activity 0.191
-----------average decoder density 0.4759
step 34400: train loss 2.1431, val loss 2.1089
saving checkpoint to out-novel-char3_LGT723D_4d06c3ce0eb6b62233f4128fdb1c3b0f
model:LGT723D iter 34400: loss 1.5777, time 4283.46ms, mfu 0.38%
model:LGT723D iter 34410: loss 2.0684, time 225.46ms, mfu 0.40%
model:LGT723D iter 34420: loss 1.9856, time 243.00ms, mfu 0.41%
model:LGT723D iter 34430: loss 3.0122, time 252.36ms, mfu 0.42%
model:LGT723D iter 34440: loss 2.1464, time 242.02ms, mfu 0.42%
------average encoder activity 0.191
-----------average decoder density 0.5013
step 34450: train loss 2.1123, val loss 2.1103
saving checkpoint to out-novel-char3_LGT723D_4d06c3ce0eb6b62233f4128fdb1c3b0f
model:LGT723D iter 34450: loss 2.1318, time 4661.86ms, mfu 0.38%
model:LGT723D iter 34460: loss 2.4494, time 256.52ms, mfu 0.39%
model:LGT723D iter 34470: loss 2.3100, time 254.37ms, mfu 0.40%
model:LGT723D iter 34480: loss 1.7530, time 231.10ms, mfu 0.41%
model:LGT723D iter 34490: loss 2.3454, time 227.64ms, mfu 0.42%
------average encoder activity 0.192
-----------average decoder density 0.4677
step 34500: train loss 2.1137, val loss 2.1144
saving checkpoint to out-novel-char3_LGT723D_4d06c3ce0eb6b62233f4128fdb1c3b0f
model:LGT723D iter 34500: loss 2.6047, time 4407.87ms, mfu 0.38%
model:LGT723D iter 34510: loss 2.3549, time 231.98ms, mfu 0.40%
model:LGT723D iter 34520: loss 2.5050, time 240.47ms, mfu 0.41%
model:LGT723D iter 34530: loss 1.5451, time 190.38ms, mfu 0.43%
model:LGT723D iter 34540: loss 1.8019, time 224.72ms, mfu 0.44%
------average encoder activity 0.192
-----------average decoder density 0.5014
step 34550: train loss 2.0971, val loss 2.1124
saving checkpoint to out-novel-char3_LGT723D_4d06c3ce0eb6b62233f4128fdb1c3b0f
model:LGT723D iter 34550: loss 2.3027, time 5440.13ms, mfu 0.40%
model:LGT723D iter 34560: loss 2.3472, time 249.49ms, mfu 0.41%
model:LGT723D iter 34570: loss 1.9934, time 276.25ms, mfu 0.41%
model:LGT723D iter 34580: loss 2.5872, time 249.19ms, mfu 0.42%
model:LGT723D iter 34590: loss 1.8082, time 281.84ms, mfu 0.42%
------average encoder activity 0.194
-----------average decoder density 0.5023
step 34600: train loss 2.0904, val loss 2.0452
saving checkpoint to out-novel-char3_LGT723D_4d06c3ce0eb6b62233f4128fdb1c3b0f
model:LGT723D iter 34600: loss 2.0488, time 4876.49ms, mfu 0.38%
model:LGT723D iter 34610: loss 2.1209, time 242.40ms, mfu 0.39%
model:LGT723D iter 34620: loss 2.9966, time 239.40ms, mfu 0.40%
model:LGT723D iter 34630: loss 1.9901, time 240.77ms, mfu 0.41%
model:LGT723D iter 34640: loss 2.3784, time 274.97ms, mfu 0.41%
------average encoder activity 0.191
-----------average decoder density 0.4832
step 34650: train loss 2.1086, val loss 2.1341
saving checkpoint to out-novel-char3_LGT723D_4d06c3ce0eb6b62233f4128fdb1c3b0f
model:LGT723D iter 34650: loss 2.1409, time 4449.13ms, mfu 0.37%
model:LGT723D iter 34660: loss 1.9767, time 250.60ms, mfu 0.39%
model:LGT723D iter 34670: loss 2.1010, time 242.66ms, mfu 0.40%
