Overriding config with config/train_novel_char3.py:
# train a miniature character-level shakespeare model
# good for debugging and playing on macbooks and such

out_dir = 'out-novel-char3'
eval_interval = 250 # keep frequent because we'll overfit
eval_iters = 200
log_interval = 10 # don't print too too often

# we expect to overfit on this small dataset, so only save when val improves
always_save_checkpoint = False

wandb_log = False # override via command line if you like
wandb_project = 'novel'
wandb_run_name = 'novel'

dataset = 'novel_char3'
gradient_accumulation_steps = 1
# gradient_accumulation_steps = 6
gradient_accumulation_steps = 12
# batch_size = 12
batch_size = 2
# batch_size = 1
# block_size = 256 # context of up to 256 previous characters
# block_size = 256 # context of up to 256 previous characters
# block_size = 64 # context of up to 256 previous characters
block_size = 1024 # context of up to 256 previous characters

# baby GPT model :)
n_layer = 6
n_head = 6
n_embd = 384
# n_embd = 182
dropout = 0.2

# learning_rate = 1e-3 # with baby networks can afford to go a bit higher
learning_rate = 1e-4 # with baby networks can afford to go a bit higher

# max_iters = 5000
# lr_decay_iters = 5000 # make equal to max_iters usually

max_iters = 500000
lr_decay_iters = 500000 # make equal to max_iters usually

min_lr = 1e-5 # learning_rate / 10 usually
beta2 = 0.99 # make a bit bigger because number of tokens per iter is small

warmup_iters = 100 # not super necessary potentially

# on macbook also add
# device = 'cpu'  # run on cpu only
# compile = False # do not torch compile the model
# init_from ='resume'


'''
python3 -u sample.py config/train_novel.py --out_dir=out-novel-word_CCM232_c85667cd6eadbcf772d23fa97827c506 --model=CCM232
python3 -u sample.py config/train_novel.py --out_dir=out-novel-word_CCM251_4bfeb7b3e1b9c46a2542bb9406173e22 --model=CCM251
python3 -u sample.py config/train_novel.py --out_dir=out-novel-word_CCM253_01b622029bb00e0dc9206cae3b0ab559 --model=CCM253 
python3 -u sample.py config/train_novel.py --out_dir=out-novel-word_CCM276_01b622029bb00e0dc9206cae3b0ab559 --model=CCM276
python3 -u sample.py config/train_novel.py --out_dir=out-novel-word_CCM278_a97bfe077b316033e3604831d5ad371e --model=CCM278
python3 -u sample.py config/train_novel.py --out_dir=out-novel-word_CCM305_52efa1def80492f81622f536ac701226 --model=CCM305


out-novel-word_CCM276_01b622029bb00e0dc9206cae3b0ab559

'''
#### python3 -u sample.py config/train_novel.py --out_dir=out-novel-word_CCM232_c85667cd6eadbcf772d23fa97827c506 --model=CCM232
Overriding: init_from = resume
Overriding: compile = False
Overriding: model = LGT723E
Overriding: n_layer = 8
Overriding: n_head = 12
Overriding: share_layer = False
Overriding: always_save_checkpoint = False
Overriding: max_iters = 2500999
Overriding: best_val_loss_force = 10.001
Overriding: min_lr = 1e-05
Overriding: dropout = 0.0
Overriding: eval_interval = 50
Overriding: force_resave = 0
Overriding: random_seed = 3
tokens per iteration will be: 24,576
found vocab_size = 73440 (inside data/novel_char3/meta.pkl)
out_dir: out-novel-char3_LGT723E_711ea4166a6f7e62afeea754910c06aa
Resuming training from out-novel-char3_LGT723E_711ea4166a6f7e62afeea754910c06aa
WARNING: using slow attention. Flash Attention requires PyTorch >= 2.0
WARNING: using slow attention. Flash Attention requires PyTorch >= 2.0
WARNING: using slow attention. Flash Attention requires PyTorch >= 2.0
WARNING: using slow attention. Flash Attention requires PyTorch >= 2.0
num decayed parameter tensors: 23, with 38,635,776 parameters
num non-decayed parameter tensors: 16, with 2,363,521 parameters
using fused AdamW: True
------average encoder activity 2.719
-----------average decoder density 0.8693
step 2800: train loss 3.0377, val loss 3.0262
saving checkpoint to out-novel-char3_LGT723E_711ea4166a6f7e62afeea754910c06aa
model:LGT723E iter 2800: loss 2.8568, time 4974.48ms, mfu -100.00%
model:LGT723E iter 2810: loss 3.0405, time 292.91ms, mfu 7.57%
model:LGT723E iter 2820: loss 3.0163, time 292.90ms, mfu 7.57%
model:LGT723E iter 2830: loss 2.8887, time 292.76ms, mfu 7.57%
model:LGT723E iter 2840: loss 3.4485, time 292.87ms, mfu 7.57%
------average encoder activity 2.751
-----------average decoder density 0.8757
step 2850: train loss 3.0357, val loss 2.9991
saving checkpoint to out-novel-char3_LGT723E_711ea4166a6f7e62afeea754910c06aa
model:LGT723E iter 2850: loss 2.8988, time 4812.21ms, mfu 6.86%
model:LGT723E iter 2860: loss 3.3083, time 293.10ms, mfu 6.93%
model:LGT723E iter 2870: loss 3.0885, time 292.95ms, mfu 6.99%
model:LGT723E iter 2880: loss 3.1417, time 292.96ms, mfu 7.05%
model:LGT723E iter 2890: loss 3.1936, time 292.76ms, mfu 7.10%
------average encoder activity 2.763
-----------average decoder density 0.8593
step 2900: train loss 2.9992, val loss 3.0250
model:LGT723E iter 2900: loss 3.0372, time 4291.54ms, mfu 6.44%
model:LGT723E iter 2910: loss 2.9858, time 293.46ms, mfu 6.55%
model:LGT723E iter 2920: loss 2.8532, time 293.53ms, mfu 6.65%
model:LGT723E iter 2930: loss 2.6476, time 293.51ms, mfu 6.74%
model:LGT723E iter 2940: loss 2.8709, time 293.47ms, mfu 6.82%
------average encoder activity 2.785
-----------average decoder density 0.8823
step 2950: train loss 3.0102, val loss 2.9869
saving checkpoint to out-novel-char3_LGT723E_711ea4166a6f7e62afeea754910c06aa
model:LGT723E iter 2950: loss 2.7677, time 4812.84ms, mfu 6.19%
model:LGT723E iter 2960: loss 3.1730, time 293.68ms, mfu 6.32%
model:LGT723E iter 2970: loss 3.2377, time 293.56ms, mfu 6.45%
model:LGT723E iter 2980: loss 3.0593, time 293.48ms, mfu 6.56%
model:LGT723E iter 2990: loss 3.1268, time 293.57ms, mfu 6.66%
------average encoder activity 2.798
-----------average decoder density 0.8686
step 3000: train loss 3.0050, val loss 2.9912
model:LGT723E iter 3000: loss 3.0340, time 4305.81ms, mfu 6.04%
model:LGT723E iter 3010: loss 2.9972, time 293.76ms, mfu 6.19%
model:LGT723E iter 3020: loss 3.0030, time 293.54ms, mfu 6.33%
model:LGT723E iter 3030: loss 2.8389, time 293.60ms, mfu 6.45%
model:LGT723E iter 3040: loss 2.9086, time 293.83ms, mfu 6.56%
------average encoder activity 2.794
-----------average decoder density 0.8776
step 3050: train loss 2.9942, val loss 3.0178
model:LGT723E iter 3050: loss 2.9814, time 4300.51ms, mfu 5.95%
model:LGT723E iter 3060: loss 3.0623, time 293.09ms, mfu 6.11%
model:LGT723E iter 3070: loss 2.9377, time 293.19ms, mfu 6.26%
model:LGT723E iter 3080: loss 2.8071, time 293.27ms, mfu 6.39%
model:LGT723E iter 3090: loss 3.0986, time 293.20ms, mfu 6.51%
------average encoder activity 2.827
-----------average decoder density 0.8743
step 3100: train loss 3.0099, val loss 2.9863
saving checkpoint to out-novel-char3_LGT723E_711ea4166a6f7e62afeea754910c06aa
model:LGT723E iter 3100: loss 2.9033, time 4839.64ms, mfu 5.90%
model:LGT723E iter 3110: loss 3.1398, time 293.57ms, mfu 6.07%
model:LGT723E iter 3120: loss 2.8698, time 293.68ms, mfu 6.21%
model:LGT723E iter 3130: loss 3.1014, time 293.71ms, mfu 6.35%
model:LGT723E iter 3140: loss 3.1525, time 293.63ms, mfu 6.47%
------average encoder activity 2.831
-----------average decoder density 0.8786
step 3150: train loss 3.0067, val loss 2.9700
saving checkpoint to out-novel-char3_LGT723E_711ea4166a6f7e62afeea754910c06aa
model:LGT723E iter 3150: loss 3.0655, time 4822.29ms, mfu 5.87%
model:LGT723E iter 3160: loss 3.1341, time 294.05ms, mfu 6.03%
model:LGT723E iter 3170: loss 3.0654, time 294.48ms, mfu 6.18%
model:LGT723E iter 3180: loss 2.6232, time 293.84ms, mfu 6.32%
model:LGT723E iter 3190: loss 2.7681, time 293.97ms, mfu 6.44%
------average encoder activity 2.833
-----------average decoder density 0.8739
step 3200: train loss 2.9999, val loss 2.9942
model:LGT723E iter 3200: loss 3.2069, time 4311.18ms, mfu 5.85%
model:LGT723E iter 3210: loss 2.7200, time 295.00ms, mfu 6.01%
model:LGT723E iter 3220: loss 3.1044, time 293.68ms, mfu 6.17%
model:LGT723E iter 3230: loss 2.8692, time 293.82ms, mfu 6.30%
model:LGT723E iter 3240: loss 2.8430, time 293.88ms, mfu 6.43%
------average encoder activity 2.863
-----------average decoder density 0.8814
step 3250: train loss 2.9740, val loss 2.9672
saving checkpoint to out-novel-char3_LGT723E_711ea4166a6f7e62afeea754910c06aa
model:LGT723E iter 3250: loss 3.2249, time 4825.82ms, mfu 5.83%
model:LGT723E iter 3260: loss 2.9015, time 293.93ms, mfu 6.00%
model:LGT723E iter 3270: loss 3.0112, time 293.63ms, mfu 6.16%
model:LGT723E iter 3280: loss 2.9512, time 293.89ms, mfu 6.30%
model:LGT723E iter 3290: loss 2.7740, time 294.02ms, mfu 6.42%
------average encoder activity 2.873
-----------average decoder density 0.8753
step 3300: train loss 2.9582, val loss 2.9387
saving checkpoint to out-novel-char3_LGT723E_711ea4166a6f7e62afeea754910c06aa
model:LGT723E iter 3300: loss 3.2003, time 4812.12ms, mfu 5.82%
model:LGT723E iter 3310: loss 3.1780, time 293.29ms, mfu 6.00%
model:LGT723E iter 3320: loss 2.8052, time 293.93ms, mfu 6.15%
model:LGT723E iter 3330: loss 3.0855, time 293.71ms, mfu 6.29%
model:LGT723E iter 3340: loss 2.5645, time 294.09ms, mfu 6.41%
------average encoder activity 2.891
-----------average decoder density 0.8895
step 3350: train loss 2.9482, val loss 2.9511
model:LGT723E iter 3350: loss 3.1716, time 4315.13ms, mfu 5.82%
model:LGT723E iter 3360: loss 2.6685, time 293.78ms, mfu 6.00%
model:LGT723E iter 3370: loss 2.8632, time 293.64ms, mfu 6.15%
model:LGT723E iter 3380: loss 2.8527, time 293.41ms, mfu 6.29%
model:LGT723E iter 3390: loss 2.8970, time 293.41ms, mfu 6.42%
------average encoder activity 2.880
-----------average decoder density 0.8926
step 3400: train loss 2.9558, val loss 2.9606
model:LGT723E iter 3400: loss 3.0538, time 4306.82ms, mfu 5.83%
model:LGT723E iter 3410: loss 2.7920, time 293.73ms, mfu 6.00%
model:LGT723E iter 3420: loss 3.1545, time 293.87ms, mfu 6.15%
model:LGT723E iter 3430: loss 2.9968, time 293.84ms, mfu 6.29%
model:LGT723E iter 3440: loss 2.7682, time 293.89ms, mfu 6.42%
------average encoder activity 2.898
-----------average decoder density 0.8805
step 3450: train loss 2.9435, val loss 2.9500
model:LGT723E iter 3450: loss 3.0188, time 4300.13ms, mfu 5.83%
model:LGT723E iter 3460: loss 2.2718, time 293.92ms, mfu 6.00%
model:LGT723E iter 3470: loss 3.1313, time 293.86ms, mfu 6.15%
model:LGT723E iter 3480: loss 2.8873, time 294.04ms, mfu 6.29%
model:LGT723E iter 3490: loss 2.6557, time 293.97ms, mfu 6.42%
------average encoder activity 2.907
-----------average decoder density 0.8827
step 3500: train loss 2.9703, val loss 2.9341
saving checkpoint to out-novel-char3_LGT723E_711ea4166a6f7e62afeea754910c06aa
model:LGT723E iter 3500: loss 2.7520, time 4820.24ms, mfu 5.82%
model:LGT723E iter 3510: loss 2.9058, time 294.07ms, mfu 5.99%
model:LGT723E iter 3520: loss 2.8458, time 294.01ms, mfu 6.15%
model:LGT723E iter 3530: loss 3.0717, time 293.91ms, mfu 6.29%
model:LGT723E iter 3540: loss 2.9063, time 294.05ms, mfu 6.41%
------average encoder activity 2.932
-----------average decoder density 0.8949
step 3550: train loss 2.9431, val loss 2.9572
model:LGT723E iter 3550: loss 2.9277, time 4300.87ms, mfu 5.82%
model:LGT723E iter 3560: loss 2.7852, time 293.94ms, mfu 5.99%
model:LGT723E iter 3570: loss 2.9839, time 293.87ms, mfu 6.15%
model:LGT723E iter 3580: loss 3.1260, time 293.89ms, mfu 6.29%
model:LGT723E iter 3590: loss 2.9873, time 293.79ms, mfu 6.41%
------average encoder activity 2.943
-----------average decoder density 0.8840
step 3600: train loss 2.9338, val loss 2.9217
saving checkpoint to out-novel-char3_LGT723E_711ea4166a6f7e62afeea754910c06aa
model:LGT723E iter 3600: loss 2.6074, time 4805.95ms, mfu 5.82%
model:LGT723E iter 3610: loss 2.9368, time 293.64ms, mfu 5.99%
model:LGT723E iter 3620: loss 2.4741, time 293.64ms, mfu 6.15%
model:LGT723E iter 3630: loss 3.2985, time 293.81ms, mfu 6.29%
model:LGT723E iter 3640: loss 2.8565, time 293.48ms, mfu 6.41%
------average encoder activity 2.951
-----------average decoder density 0.8873
step 3650: train loss 2.9358, val loss 2.9285
model:LGT723E iter 3650: loss 3.0306, time 4305.03ms, mfu 5.82%
model:LGT723E iter 3660: loss 3.0846, time 293.93ms, mfu 5.99%
model:LGT723E iter 3670: loss 3.0038, time 294.30ms, mfu 6.15%
model:LGT723E iter 3680: loss 3.0271, time 293.92ms, mfu 6.29%
model:LGT723E iter 3690: loss 2.8495, time 293.52ms, mfu 6.41%
------average encoder activity 2.953
-----------average decoder density 0.8808
step 3700: train loss 2.9350, val loss 2.9271
model:LGT723E iter 3700: loss 2.8811, time 4300.39ms, mfu 5.82%
model:LGT723E iter 3710: loss 2.8870, time 293.89ms, mfu 6.00%
model:LGT723E iter 3720: loss 3.0570, time 294.03ms, mfu 6.15%
model:LGT723E iter 3730: loss 2.9237, time 293.89ms, mfu 6.29%
model:LGT723E iter 3740: loss 2.4715, time 293.82ms, mfu 6.41%
------average encoder activity 2.960
-----------average decoder density 0.8678
step 3750: train loss 2.9184, val loss 2.9299
model:LGT723E iter 3750: loss 2.9367, time 4304.72ms, mfu 5.82%
model:LGT723E iter 3760: loss 3.1610, time 294.64ms, mfu 5.99%
model:LGT723E iter 3770: loss 2.9925, time 294.02ms, mfu 6.15%
model:LGT723E iter 3780: loss 3.1550, time 293.90ms, mfu 6.29%
model:LGT723E iter 3790: loss 2.7282, time 293.90ms, mfu 6.41%
------average encoder activity 2.984
-----------average decoder density 0.8898
step 3800: train loss 2.9121, val loss 2.9135
saving checkpoint to out-novel-char3_LGT723E_711ea4166a6f7e62afeea754910c06aa
model:LGT723E iter 3800: loss 2.9555, time 4821.61ms, mfu 5.82%
model:LGT723E iter 3810: loss 2.8059, time 294.30ms, mfu 5.99%
model:LGT723E iter 3820: loss 3.0365, time 293.82ms, mfu 6.14%
model:LGT723E iter 3830: loss 2.8301, time 294.00ms, mfu 6.28%
model:LGT723E iter 3840: loss 2.5350, time 293.79ms, mfu 6.41%
------average encoder activity 3.037
-----------average decoder density 0.8779
step 3850: train loss 2.9039, val loss 2.8992
saving checkpoint to out-novel-char3_LGT723E_711ea4166a6f7e62afeea754910c06aa
model:LGT723E iter 3850: loss 2.7712, time 4808.73ms, mfu 5.81%
model:LGT723E iter 3860: loss 2.9438, time 293.34ms, mfu 5.99%
model:LGT723E iter 3870: loss 2.7932, time 293.59ms, mfu 6.14%
model:LGT723E iter 3880: loss 2.8488, time 293.42ms, mfu 6.29%
model:LGT723E iter 3890: loss 3.2535, time 293.75ms, mfu 6.41%
------average encoder activity 3.040
-----------average decoder density 0.8807
step 3900: train loss 2.9017, val loss 2.9144
model:LGT723E iter 3900: loss 3.1164, time 4322.22ms, mfu 5.82%
model:LGT723E iter 3910: loss 2.8567, time 294.02ms, mfu 5.99%
model:LGT723E iter 3920: loss 2.9325, time 294.01ms, mfu 6.15%
model:LGT723E iter 3930: loss 2.8355, time 293.77ms, mfu 6.29%
model:LGT723E iter 3940: loss 2.6259, time 293.95ms, mfu 6.41%
------average encoder activity 3.077
-----------average decoder density 0.8600
step 3950: train loss 2.8907, val loss 2.8917
saving checkpoint to out-novel-char3_LGT723E_711ea4166a6f7e62afeea754910c06aa
model:LGT723E iter 3950: loss 2.4895, time 4805.92ms, mfu 5.82%
model:LGT723E iter 3960: loss 3.1057, time 294.01ms, mfu 5.99%
model:LGT723E iter 3970: loss 2.5764, time 294.49ms, mfu 6.14%
model:LGT723E iter 3980: loss 2.5850, time 294.41ms, mfu 6.28%
model:LGT723E iter 3990: loss 2.8870, time 294.17ms, mfu 6.41%
------average encoder activity 3.090
-----------average decoder density 0.8667
step 4000: train loss 2.8863, val loss 2.9015
model:LGT723E iter 4000: loss 2.9859, time 4302.47ms, mfu 5.82%
model:LGT723E iter 4010: loss 2.7153, time 293.55ms, mfu 5.99%
model:LGT723E iter 4020: loss 2.7595, time 293.53ms, mfu 6.15%
model:LGT723E iter 4030: loss 2.9582, time 293.35ms, mfu 6.29%
model:LGT723E iter 4040: loss 2.9912, time 293.80ms, mfu 6.41%
------average encoder activity 3.121
-----------average decoder density 0.8978
step 4050: train loss 2.8701, val loss 2.8811
saving checkpoint to out-novel-char3_LGT723E_711ea4166a6f7e62afeea754910c06aa
model:LGT723E iter 4050: loss 3.1244, time 4813.03ms, mfu 5.82%
model:LGT723E iter 4060: loss 2.7207, time 293.82ms, mfu 5.99%
model:LGT723E iter 4070: loss 2.7963, time 293.47ms, mfu 6.15%
model:LGT723E iter 4080: loss 3.1479, time 293.69ms, mfu 6.29%
model:LGT723E iter 4090: loss 2.9168, time 293.24ms, mfu 6.41%
------average encoder activity 3.128
-----------average decoder density 0.9013
step 4100: train loss 2.8911, val loss 2.8667
saving checkpoint to out-novel-char3_LGT723E_711ea4166a6f7e62afeea754910c06aa
model:LGT723E iter 4100: loss 2.6572, time 4821.83ms, mfu 5.82%
model:LGT723E iter 4110: loss 2.7008, time 294.01ms, mfu 5.99%
model:LGT723E iter 4120: loss 2.7800, time 294.19ms, mfu 6.14%
model:LGT723E iter 4130: loss 2.9645, time 294.04ms, mfu 6.28%
model:LGT723E iter 4140: loss 3.1769, time 294.25ms, mfu 6.41%
------average encoder activity 3.124
-----------average decoder density 0.8809
step 4150: train loss 2.8925, val loss 2.8645
saving checkpoint to out-novel-char3_LGT723E_711ea4166a6f7e62afeea754910c06aa
model:LGT723E iter 4150: loss 2.5732, time 4825.25ms, mfu 5.81%
model:LGT723E iter 4160: loss 2.9959, time 293.67ms, mfu 5.99%
model:LGT723E iter 4170: loss 2.9067, time 293.84ms, mfu 6.14%
model:LGT723E iter 4180: loss 2.8400, time 294.12ms, mfu 6.28%
model:LGT723E iter 4190: loss 2.7905, time 295.21ms, mfu 6.40%
------average encoder activity 3.123
-----------average decoder density 0.9012
step 4200: train loss 2.8695, val loss 2.8934
model:LGT723E iter 4200: loss 2.9753, time 4316.67ms, mfu 5.81%
model:LGT723E iter 4210: loss 3.0492, time 294.37ms, mfu 5.99%
model:LGT723E iter 4220: loss 3.2168, time 294.47ms, mfu 6.14%
model:LGT723E iter 4230: loss 2.9169, time 293.97ms, mfu 6.28%
model:LGT723E iter 4240: loss 2.8393, time 293.86ms, mfu 6.41%
------average encoder activity 3.131
-----------average decoder density 0.9028
step 4250: train loss 2.8702, val loss 2.8674
model:LGT723E iter 4250: loss 2.6289, time 4298.97ms, mfu 5.82%
model:LGT723E iter 4260: loss 2.8541, time 293.77ms, mfu 5.99%
model:LGT723E iter 4270: loss 3.0697, time 293.38ms, mfu 6.15%
model:LGT723E iter 4280: loss 2.9502, time 293.32ms, mfu 6.29%
model:LGT723E iter 4290: loss 2.7169, time 294.67ms, mfu 6.41%
------average encoder activity 3.152
-----------average decoder density 0.8748
step 4300: train loss 2.8832, val loss 2.8877
model:LGT723E iter 4300: loss 3.0323, time 4315.93ms, mfu 5.82%
model:LGT723E iter 4310: loss 2.8498, time 294.35ms, mfu 5.99%
model:LGT723E iter 4320: loss 2.7417, time 294.26ms, mfu 6.15%
model:LGT723E iter 4330: loss 2.8644, time 294.03ms, mfu 6.28%
model:LGT723E iter 4340: loss 2.6664, time 293.52ms, mfu 6.41%
------average encoder activity 3.160
-----------average decoder density 0.8774
step 4350: train loss 2.8750, val loss 2.8744
model:LGT723E iter 4350: loss 2.8567, time 4302.74ms, mfu 5.82%
model:LGT723E iter 4360: loss 2.7713, time 293.97ms, mfu 5.99%
model:LGT723E iter 4370: loss 2.8533, time 294.00ms, mfu 6.15%
model:LGT723E iter 4380: loss 2.7839, time 293.97ms, mfu 6.29%
model:LGT723E iter 4390: loss 3.1320, time 294.18ms, mfu 6.41%
------average encoder activity 3.145
-----------average decoder density 0.8600
step 4400: train loss 2.8672, val loss 2.8638
saving checkpoint to out-novel-char3_LGT723E_711ea4166a6f7e62afeea754910c06aa
model:LGT723E iter 4400: loss 2.9759, time 4824.00ms, mfu 5.82%
model:LGT723E iter 4410: loss 2.7749, time 294.44ms, mfu 5.99%
model:LGT723E iter 4420: loss 3.0707, time 294.60ms, mfu 6.14%
model:LGT723E iter 4430: loss 2.6982, time 294.51ms, mfu 6.28%
model:LGT723E iter 4440: loss 3.1243, time 294.14ms, mfu 6.40%
------average encoder activity 3.161
-----------average decoder density 0.8925
step 4450: train loss 2.8432, val loss 2.8592
saving checkpoint to out-novel-char3_LGT723E_711ea4166a6f7e62afeea754910c06aa
model:LGT723E iter 4450: loss 2.8230, time 4863.59ms, mfu 5.81%
model:LGT723E iter 4460: loss 2.9733, time 294.68ms, mfu 5.98%
model:LGT723E iter 4470: loss 2.5819, time 294.72ms, mfu 6.13%
model:LGT723E iter 4480: loss 2.9016, time 293.79ms, mfu 6.28%
model:LGT723E iter 4490: loss 2.8502, time 294.04ms, mfu 6.40%
------average encoder activity 3.180
-----------average decoder density 0.9023
step 4500: train loss 2.8284, val loss 2.8436
saving checkpoint to out-novel-char3_LGT723E_711ea4166a6f7e62afeea754910c06aa
model:LGT723E iter 4500: loss 2.6517, time 4794.99ms, mfu 5.81%
model:LGT723E iter 4510: loss 2.5890, time 294.57ms, mfu 5.98%
model:LGT723E iter 4520: loss 2.9907, time 294.30ms, mfu 6.13%
model:LGT723E iter 4530: loss 2.9373, time 294.55ms, mfu 6.27%
model:LGT723E iter 4540: loss 2.8336, time 294.20ms, mfu 6.40%
------average encoder activity 3.204
-----------average decoder density 0.8910
step 4550: train loss 2.8374, val loss 2.8641
model:LGT723E iter 4550: loss 2.8165, time 4301.29ms, mfu 5.81%
model:LGT723E iter 4560: loss 3.1387, time 293.86ms, mfu 5.98%
model:LGT723E iter 4570: loss 2.7359, time 293.79ms, mfu 6.14%
model:LGT723E iter 4580: loss 2.8873, time 294.29ms, mfu 6.28%
model:LGT723E iter 4590: loss 2.6062, time 294.01ms, mfu 6.40%
------average encoder activity 3.197
-----------average decoder density 0.8680
step 4600: train loss 2.8169, val loss 2.8371
saving checkpoint to out-novel-char3_LGT723E_711ea4166a6f7e62afeea754910c06aa
model:LGT723E iter 4600: loss 2.6445, time 4806.55ms, mfu 5.81%
model:LGT723E iter 4610: loss 2.6806, time 293.82ms, mfu 5.98%
model:LGT723E iter 4620: loss 2.6925, time 293.78ms, mfu 6.14%
model:LGT723E iter 4630: loss 2.8229, time 293.95ms, mfu 6.28%
model:LGT723E iter 4640: loss 2.6815, time 293.84ms, mfu 6.41%
------average encoder activity 3.208
-----------average decoder density 0.8803
step 4650: train loss 2.8209, val loss 2.8385
model:LGT723E iter 4650: loss 3.0807, time 4299.15ms, mfu 5.82%
model:LGT723E iter 4660: loss 2.4867, time 294.22ms, mfu 5.99%
model:LGT723E iter 4670: loss 2.7582, time 294.35ms, mfu 6.14%
model:LGT723E iter 4680: loss 2.9132, time 294.25ms, mfu 6.28%
model:LGT723E iter 4690: loss 2.8431, time 295.60ms, mfu 6.40%
------average encoder activity 3.223
-----------average decoder density 0.8981
step 4700: train loss 2.8048, val loss 2.8187
saving checkpoint to out-novel-char3_LGT723E_711ea4166a6f7e62afeea754910c06aa
model:LGT723E iter 4700: loss 2.8572, time 4829.02ms, mfu 5.81%
model:LGT723E iter 4710: loss 2.9019, time 293.50ms, mfu 5.98%
model:LGT723E iter 4720: loss 2.6700, time 293.44ms, mfu 6.14%
model:LGT723E iter 4730: loss 2.5578, time 293.50ms, mfu 6.28%
model:LGT723E iter 4740: loss 2.8373, time 293.46ms, mfu 6.41%
------average encoder activity 3.233
-----------average decoder density 0.9039
step 4750: train loss 2.8091, val loss 2.8069
saving checkpoint to out-novel-char3_LGT723E_711ea4166a6f7e62afeea754910c06aa
model:LGT723E iter 4750: loss 2.8766, time 4836.06ms, mfu 5.81%
model:LGT723E iter 4760: loss 2.7385, time 293.96ms, mfu 5.99%
model:LGT723E iter 4770: loss 2.6688, time 294.16ms, mfu 6.14%
model:LGT723E iter 4780: loss 3.1213, time 294.62ms, mfu 6.28%
model:LGT723E iter 4790: loss 2.7667, time 293.74ms, mfu 6.40%
------average encoder activity 3.241
-----------average decoder density 0.8826
step 4800: train loss 2.8043, val loss 2.8407
model:LGT723E iter 4800: loss 2.7967, time 4299.40ms, mfu 5.82%
model:LGT723E iter 4810: loss 2.9566, time 293.83ms, mfu 5.99%
model:LGT723E iter 4820: loss 3.1970, time 293.82ms, mfu 6.14%
model:LGT723E iter 4830: loss 3.0200, time 294.00ms, mfu 6.28%
model:LGT723E iter 4840: loss 2.6288, time 294.13ms, mfu 6.41%
------average encoder activity 3.252
-----------average decoder density 0.8659
step 4850: train loss 2.8050, val loss 2.8222
model:LGT723E iter 4850: loss 2.6932, time 4303.42ms, mfu 5.82%
model:LGT723E iter 4860: loss 2.6457, time 293.96ms, mfu 5.99%
model:LGT723E iter 4870: loss 2.9767, time 293.81ms, mfu 6.15%
model:LGT723E iter 4880: loss 2.7481, time 293.70ms, mfu 6.29%
model:LGT723E iter 4890: loss 2.8099, time 294.01ms, mfu 6.41%
------average encoder activity 3.284
-----------average decoder density 0.8713
step 4900: train loss 2.8159, val loss 2.8391
model:LGT723E iter 4900: loss 3.0223, time 4304.74ms, mfu 5.82%
model:LGT723E iter 4910: loss 2.8853, time 294.17ms, mfu 5.99%
model:LGT723E iter 4920: loss 2.5599, time 294.15ms, mfu 6.15%
model:LGT723E iter 4930: loss 2.6446, time 294.46ms, mfu 6.28%
model:LGT723E iter 4940: loss 2.7581, time 294.43ms, mfu 6.41%
------average encoder activity 3.303
-----------average decoder density 0.9037
step 4950: train loss 2.7993, val loss 2.7897
saving checkpoint to out-novel-char3_LGT723E_711ea4166a6f7e62afeea754910c06aa
model:LGT723E iter 4950: loss 2.9075, time 4812.71ms, mfu 5.81%
model:LGT723E iter 4960: loss 3.0052, time 294.31ms, mfu 5.99%
model:LGT723E iter 4970: loss 3.1290, time 293.84ms, mfu 6.14%
model:LGT723E iter 4980: loss 2.6793, time 294.02ms, mfu 6.28%
model:LGT723E iter 4990: loss 2.6676, time 293.81ms, mfu 6.41%
------average encoder activity 3.326
-----------average decoder density 0.8815
step 5000: train loss 2.7954, val loss 2.8062
model:LGT723E iter 5000: loss 2.5251, time 4300.26ms, mfu 5.82%
model:LGT723E iter 5010: loss 2.9385, time 293.38ms, mfu 5.99%
model:LGT723E iter 5020: loss 2.7073, time 293.36ms, mfu 6.15%
model:LGT723E iter 5030: loss 2.7561, time 293.32ms, mfu 6.29%
model:LGT723E iter 5040: loss 2.6156, time 293.65ms, mfu 6.41%
------average encoder activity 3.362
-----------average decoder density 0.8959
step 5050: train loss 2.7720, val loss 2.8119
model:LGT723E iter 5050: loss 2.7176, time 4302.17ms, mfu 5.82%
model:LGT723E iter 5060: loss 2.9251, time 294.05ms, mfu 6.00%
model:LGT723E iter 5070: loss 2.9223, time 294.55ms, mfu 6.15%
model:LGT723E iter 5080: loss 2.6827, time 294.35ms, mfu 6.29%
model:LGT723E iter 5090: loss 2.5821, time 293.90ms, mfu 6.41%
------average encoder activity 3.370
-----------average decoder density 0.9049
step 5100: train loss 2.7771, val loss 2.7833
saving checkpoint to out-novel-char3_LGT723E_711ea4166a6f7e62afeea754910c06aa
model:LGT723E iter 5100: loss 3.0572, time 4822.11ms, mfu 5.82%
model:LGT723E iter 5110: loss 2.5651, time 293.57ms, mfu 5.99%
model:LGT723E iter 5120: loss 2.7834, time 293.36ms, mfu 6.15%
model:LGT723E iter 5130: loss 2.8984, time 293.54ms, mfu 6.29%
model:LGT723E iter 5140: loss 2.9629, time 293.62ms, mfu 6.41%
------average encoder activity 3.385
-----------average decoder density 0.8986
step 5150: train loss 2.7705, val loss 2.7871
model:LGT723E iter 5150: loss 2.8847, time 4300.36ms, mfu 5.82%
model:LGT723E iter 5160: loss 2.8061, time 293.31ms, mfu 6.00%
model:LGT723E iter 5170: loss 2.7041, time 293.44ms, mfu 6.15%
model:LGT723E iter 5180: loss 2.5951, time 293.89ms, mfu 6.29%
model:LGT723E iter 5190: loss 3.1613, time 293.82ms, mfu 6.42%
------average encoder activity 3.394
-----------average decoder density 0.8930
step 5200: train loss 2.7706, val loss 2.8066
model:LGT723E iter 5200: loss 2.9506, time 4302.93ms, mfu 5.83%
model:LGT723E iter 5210: loss 2.8684, time 293.96ms, mfu 6.00%
model:LGT723E iter 5220: loss 2.6159, time 293.84ms, mfu 6.15%
model:LGT723E iter 5230: loss 2.5419, time 294.14ms, mfu 6.29%
model:LGT723E iter 5240: loss 2.5292, time 294.15ms, mfu 6.41%
------average encoder activity 3.410
-----------average decoder density 0.8719
step 5250: train loss 2.7634, val loss 2.7700
saving checkpoint to out-novel-char3_LGT723E_711ea4166a6f7e62afeea754910c06aa
model:LGT723E iter 5250: loss 2.7593, time 4825.05ms, mfu 5.82%
model:LGT723E iter 5260: loss 2.7242, time 293.78ms, mfu 5.99%
model:LGT723E iter 5270: loss 2.9563, time 293.77ms, mfu 6.15%
model:LGT723E iter 5280: loss 3.1863, time 293.82ms, mfu 6.29%
model:LGT723E iter 5290: loss 2.8657, time 293.93ms, mfu 6.41%
------average encoder activity 3.417
-----------average decoder density 0.8971
step 5300: train loss 2.7619, val loss 2.7664
saving checkpoint to out-novel-char3_LGT723E_711ea4166a6f7e62afeea754910c06aa
model:LGT723E iter 5300: loss 2.5426, time 4818.97ms, mfu 5.82%
model:LGT723E iter 5310: loss 2.9185, time 293.70ms, mfu 5.99%
model:LGT723E iter 5320: loss 2.7980, time 293.64ms, mfu 6.14%
model:LGT723E iter 5330: loss 2.6795, time 293.40ms, mfu 6.29%
model:LGT723E iter 5340: loss 2.6914, time 293.20ms, mfu 6.41%
------average encoder activity 3.432
-----------average decoder density 0.8863
step 5350: train loss 2.7577, val loss 2.7922
model:LGT723E iter 5350: loss 2.8641, time 4298.22ms, mfu 5.82%
model:LGT723E iter 5360: loss 2.8682, time 293.29ms, mfu 6.00%
model:LGT723E iter 5370: loss 2.7973, time 293.84ms, mfu 6.15%
model:LGT723E iter 5380: loss 2.4030, time 293.85ms, mfu 6.29%
model:LGT723E iter 5390: loss 2.7752, time 294.05ms, mfu 6.41%
------average encoder activity 3.445
-----------average decoder density 0.9045
step 5400: train loss 2.7447, val loss 2.7737
model:LGT723E iter 5400: loss 2.5694, time 4304.63ms, mfu 5.82%
model:LGT723E iter 5410: loss 2.6353, time 293.87ms, mfu 6.00%
model:LGT723E iter 5420: loss 2.8138, time 294.19ms, mfu 6.15%
model:LGT723E iter 5430: loss 2.6061, time 294.01ms, mfu 6.29%
model:LGT723E iter 5440: loss 2.8018, time 293.85ms, mfu 6.41%
------average encoder activity 3.454
-----------average decoder density 0.8583
step 5450: train loss 2.7523, val loss 2.7787
model:LGT723E iter 5450: loss 2.5437, time 4300.48ms, mfu 5.82%
model:LGT723E iter 5460: loss 2.3670, time 293.72ms, mfu 6.00%
model:LGT723E iter 5470: loss 2.7627, time 293.90ms, mfu 6.15%
model:LGT723E iter 5480: loss 2.4798, time 293.95ms, mfu 6.29%
model:LGT723E iter 5490: loss 2.9793, time 293.92ms, mfu 6.41%
------average encoder activity 3.473
-----------average decoder density 0.8832
step 5500: train loss 2.7324, val loss 2.7668
model:LGT723E iter 5500: loss 2.8103, time 4303.22ms, mfu 5.82%
model:LGT723E iter 5510: loss 2.9764, time 294.05ms, mfu 6.00%
model:LGT723E iter 5520: loss 2.8025, time 294.23ms, mfu 6.15%
model:LGT723E iter 5530: loss 2.8407, time 293.79ms, mfu 6.29%
model:LGT723E iter 5540: loss 2.8801, time 293.91ms, mfu 6.41%
------average encoder activity 3.484
-----------average decoder density 0.8792
step 5550: train loss 2.7433, val loss 2.7584
saving checkpoint to out-novel-char3_LGT723E_711ea4166a6f7e62afeea754910c06aa
model:LGT723E iter 5550: loss 2.5650, time 4831.03ms, mfu 5.82%
model:LGT723E iter 5560: loss 2.6471, time 294.50ms, mfu 5.99%
model:LGT723E iter 5570: loss 2.5620, time 294.23ms, mfu 6.14%
model:LGT723E iter 5580: loss 2.7719, time 293.78ms, mfu 6.28%
model:LGT723E iter 5590: loss 2.4440, time 293.67ms, mfu 6.41%
------average encoder activity 3.491
-----------average decoder density 0.8567
step 5600: train loss 2.7360, val loss 2.7435
saving checkpoint to out-novel-char3_LGT723E_711ea4166a6f7e62afeea754910c06aa
model:LGT723E iter 5600: loss 2.7358, time 4858.89ms, mfu 5.81%
model:LGT723E iter 5610: loss 2.8803, time 294.09ms, mfu 5.99%
model:LGT723E iter 5620: loss 2.5111, time 294.20ms, mfu 6.14%
model:LGT723E iter 5630: loss 2.8881, time 293.81ms, mfu 6.28%
model:LGT723E iter 5640: loss 2.9079, time 293.62ms, mfu 6.41%
------average encoder activity 3.499
-----------average decoder density 0.8621
step 5650: train loss 2.7450, val loss 2.7335
saving checkpoint to out-novel-char3_LGT723E_711ea4166a6f7e62afeea754910c06aa
model:LGT723E iter 5650: loss 2.6756, time 4824.36ms, mfu 5.81%
model:LGT723E iter 5660: loss 2.8951, time 293.93ms, mfu 5.99%
model:LGT723E iter 5670: loss 2.7558, time 293.97ms, mfu 6.14%
model:LGT723E iter 5680: loss 2.8486, time 293.62ms, mfu 6.28%
model:LGT723E iter 5690: loss 2.8127, time 294.01ms, mfu 6.41%
------average encoder activity 3.507
-----------average decoder density 0.8438
step 5700: train loss 2.7194, val loss 2.7384
model:LGT723E iter 5700: loss 2.8162, time 4307.62ms, mfu 5.82%
model:LGT723E iter 5710: loss 2.7470, time 294.07ms, mfu 5.99%
model:LGT723E iter 5720: loss 2.7835, time 294.50ms, mfu 6.14%
model:LGT723E iter 5730: loss 3.0458, time 294.41ms, mfu 6.28%
model:LGT723E iter 5740: loss 2.9330, time 296.18ms, mfu 6.40%
------average encoder activity 3.512
-----------average decoder density 0.8649
step 5750: train loss 2.7113, val loss 2.7512
model:LGT723E iter 5750: loss 2.7539, time 4301.01ms, mfu 5.81%
model:LGT723E iter 5760: loss 2.6708, time 293.92ms, mfu 5.99%
model:LGT723E iter 5770: loss 2.8266, time 293.82ms, mfu 6.14%
model:LGT723E iter 5780: loss 2.7240, time 293.67ms, mfu 6.28%
model:LGT723E iter 5790: loss 2.5930, time 293.80ms, mfu 6.41%
------average encoder activity 3.521
-----------average decoder density 0.8570
step 5800: train loss 2.7074, val loss 2.7226
saving checkpoint to out-novel-char3_LGT723E_711ea4166a6f7e62afeea754910c06aa
model:LGT723E iter 5800: loss 2.5713, time 4821.92ms, mfu 5.81%
model:LGT723E iter 5810: loss 2.5814, time 293.74ms, mfu 5.99%
model:LGT723E iter 5820: loss 2.5580, time 294.20ms, mfu 6.14%
model:LGT723E iter 5830: loss 2.4410, time 294.39ms, mfu 6.28%
model:LGT723E iter 5840: loss 2.7118, time 293.91ms, mfu 6.41%
------average encoder activity 3.536
-----------average decoder density 0.8497
step 5850: train loss 2.7010, val loss 2.7192
saving checkpoint to out-novel-char3_LGT723E_711ea4166a6f7e62afeea754910c06aa
model:LGT723E iter 5850: loss 2.6807, time 4818.85ms, mfu 5.81%
model:LGT723E iter 5860: loss 2.6551, time 294.13ms, mfu 5.98%
model:LGT723E iter 5870: loss 2.6649, time 294.19ms, mfu 6.14%
model:LGT723E iter 5880: loss 3.2529, time 294.45ms, mfu 6.28%
model:LGT723E iter 5890: loss 2.8270, time 294.53ms, mfu 6.40%
------average encoder activity 3.542
-----------average decoder density 0.8352
step 5900: train loss 2.7109, val loss 2.7335
model:LGT723E iter 5900: loss 2.8930, time 4301.86ms, mfu 5.81%
model:LGT723E iter 5910: loss 2.6651, time 293.90ms, mfu 5.99%
model:LGT723E iter 5920: loss 2.7835, time 293.55ms, mfu 6.14%
model:LGT723E iter 5930: loss 2.4116, time 294.24ms, mfu 6.28%
model:LGT723E iter 5940: loss 2.6613, time 294.09ms, mfu 6.41%
------average encoder activity 3.554
-----------average decoder density 0.8929
step 5950: train loss 2.6803, val loss 2.7444
model:LGT723E iter 5950: loss 2.6097, time 4313.79ms, mfu 5.82%
model:LGT723E iter 5960: loss 2.4263, time 294.34ms, mfu 5.99%
model:LGT723E iter 5970: loss 2.6853, time 294.59ms, mfu 6.14%
model:LGT723E iter 5980: loss 2.9128, time 293.96ms, mfu 6.28%
model:LGT723E iter 5990: loss 2.8180, time 294.42ms, mfu 6.41%
------average encoder activity 3.559
-----------average decoder density 0.8863
step 6000: train loss 2.6918, val loss 2.7161
saving checkpoint to out-novel-char3_LGT723E_711ea4166a6f7e62afeea754910c06aa
model:LGT723E iter 6000: loss 2.7823, time 4821.45ms, mfu 5.81%
model:LGT723E iter 6010: loss 2.6136, time 293.71ms, mfu 5.98%
model:LGT723E iter 6020: loss 2.5485, time 293.88ms, mfu 6.14%
model:LGT723E iter 6030: loss 2.9209, time 293.70ms, mfu 6.28%
model:LGT723E iter 6040: loss 2.6514, time 293.86ms, mfu 6.41%
------average encoder activity 3.571
-----------average decoder density 0.8748
step 6050: train loss 2.6776, val loss 2.7135
saving checkpoint to out-novel-char3_LGT723E_711ea4166a6f7e62afeea754910c06aa
model:LGT723E iter 6050: loss 2.6976, time 4826.22ms, mfu 5.81%
model:LGT723E iter 6060: loss 2.3586, time 293.51ms, mfu 5.99%
model:LGT723E iter 6070: loss 2.8038, time 295.13ms, mfu 6.14%
model:LGT723E iter 6080: loss 2.5752, time 293.92ms, mfu 6.28%
model:LGT723E iter 6090: loss 2.7400, time 293.64ms, mfu 6.41%
------average encoder activity 3.574
-----------average decoder density 0.8801
step 6100: train loss 2.6877, val loss 2.7070
saving checkpoint to out-novel-char3_LGT723E_711ea4166a6f7e62afeea754910c06aa
model:LGT723E iter 6100: loss 2.6491, time 4818.15ms, mfu 5.81%
model:LGT723E iter 6110: loss 2.9421, time 294.44ms, mfu 5.98%
model:LGT723E iter 6120: loss 2.8352, time 294.06ms, mfu 6.14%
model:LGT723E iter 6130: loss 2.7425, time 294.90ms, mfu 6.28%
model:LGT723E iter 6140: loss 2.8682, time 294.04ms, mfu 6.40%
------average encoder activity 3.583
-----------average decoder density 0.8806
step 6150: train loss 2.6856, val loss 2.6782
saving checkpoint to out-novel-char3_LGT723E_711ea4166a6f7e62afeea754910c06aa
model:LGT723E iter 6150: loss 2.8052, time 4818.04ms, mfu 5.81%
model:LGT723E iter 6160: loss 2.8320, time 293.99ms, mfu 5.98%
model:LGT723E iter 6170: loss 2.8920, time 294.02ms, mfu 6.14%
model:LGT723E iter 6180: loss 2.6927, time 293.82ms, mfu 6.28%
model:LGT723E iter 6190: loss 2.6866, time 293.97ms, mfu 6.40%
------average encoder activity 3.589
-----------average decoder density 0.8749
step 6200: train loss 2.6895, val loss 2.7131
model:LGT723E iter 6200: loss 2.7456, time 4302.14ms, mfu 5.81%
model:LGT723E iter 6210: loss 2.4074, time 293.89ms, mfu 5.99%
model:LGT723E iter 6220: loss 2.8644, time 294.55ms, mfu 6.14%
model:LGT723E iter 6230: loss 2.7534, time 294.09ms, mfu 6.28%
model:LGT723E iter 6240: loss 2.9035, time 294.57ms, mfu 6.40%
------average encoder activity 3.591
-----------average decoder density 0.8519
step 6250: train loss 2.6658, val loss 2.7102
model:LGT723E iter 6250: loss 2.9982, time 4306.13ms, mfu 5.82%
model:LGT723E iter 6260: loss 2.7405, time 293.80ms, mfu 5.99%
model:LGT723E iter 6270: loss 2.8657, time 294.45ms, mfu 6.14%
model:LGT723E iter 6280: loss 2.7935, time 294.48ms, mfu 6.28%
model:LGT723E iter 6290: loss 2.6480, time 294.39ms, mfu 6.40%
------average encoder activity 3.598
-----------average decoder density 0.8450
step 6300: train loss 2.6688, val loss 2.6988
model:LGT723E iter 6300: loss 3.0332, time 4309.12ms, mfu 5.82%
model:LGT723E iter 6310: loss 2.1267, time 293.55ms, mfu 5.99%
model:LGT723E iter 6320: loss 2.4788, time 293.79ms, mfu 6.14%
model:LGT723E iter 6330: loss 2.5398, time 293.48ms, mfu 6.29%
model:LGT723E iter 6340: loss 2.5518, time 293.82ms, mfu 6.41%
------average encoder activity 3.598
-----------average decoder density 0.8857
step 6350: train loss 2.6599, val loss 2.7104
model:LGT723E iter 6350: loss 2.5078, time 4308.80ms, mfu 5.82%
model:LGT723E iter 6360: loss 2.9032, time 293.85ms, mfu 5.99%
model:LGT723E iter 6370: loss 2.6759, time 293.96ms, mfu 6.15%
model:LGT723E iter 6380: loss 2.5779, time 294.20ms, mfu 6.29%
model:LGT723E iter 6390: loss 2.9860, time 293.88ms, mfu 6.41%
------average encoder activity 3.605
-----------average decoder density 0.8757
step 6400: train loss 2.6637, val loss 2.6698
saving checkpoint to out-novel-char3_LGT723E_711ea4166a6f7e62afeea754910c06aa
model:LGT723E iter 6400: loss 2.7854, time 4815.52ms, mfu 5.82%
model:LGT723E iter 6410: loss 2.4987, time 294.17ms, mfu 5.99%
model:LGT723E iter 6420: loss 2.6981, time 294.19ms, mfu 6.14%
model:LGT723E iter 6430: loss 2.7616, time 294.81ms, mfu 6.28%
model:LGT723E iter 6440: loss 2.4274, time 294.37ms, mfu 6.41%
------average encoder activity 3.615
-----------average decoder density 0.8680
step 6450: train loss 2.6740, val loss 2.6848
model:LGT723E iter 6450: loss 2.4011, time 4319.48ms, mfu 5.82%
model:LGT723E iter 6460: loss 2.8063, time 294.26ms, mfu 5.99%
model:LGT723E iter 6470: loss 2.7244, time 294.46ms, mfu 6.14%
model:LGT723E iter 6480: loss 2.5289, time 293.92ms, mfu 6.28%
model:LGT723E iter 6490: loss 2.7584, time 294.00ms, mfu 6.41%
------average encoder activity 3.626
-----------average decoder density 0.8682
step 6500: train loss 2.6403, val loss 2.6459
saving checkpoint to out-novel-char3_LGT723E_711ea4166a6f7e62afeea754910c06aa
model:LGT723E iter 6500: loss 2.8252, time 4825.63ms, mfu 5.81%
model:LGT723E iter 6510: loss 2.9904, time 294.75ms, mfu 5.98%
model:LGT723E iter 6520: loss 2.8481, time 293.88ms, mfu 6.14%
model:LGT723E iter 6530: loss 2.7521, time 293.91ms, mfu 6.28%
model:LGT723E iter 6540: loss 2.7923, time 293.89ms, mfu 6.40%
------average encoder activity 3.623
-----------average decoder density 0.8647
step 6550: train loss 2.6497, val loss 2.6653
model:LGT723E iter 6550: loss 2.7363, time 4326.44ms, mfu 5.82%
model:LGT723E iter 6560: loss 2.2243, time 293.84ms, mfu 5.99%
model:LGT723E iter 6570: loss 2.2542, time 294.52ms, mfu 6.14%
model:LGT723E iter 6580: loss 2.6948, time 294.37ms, mfu 6.28%
model:LGT723E iter 6590: loss 2.6792, time 294.02ms, mfu 6.41%
------average encoder activity 3.628
-----------average decoder density 0.8658
step 6600: train loss 2.6232, val loss 2.6851
model:LGT723E iter 6600: loss 2.6389, time 4305.61ms, mfu 5.82%
model:LGT723E iter 6610: loss 2.7314, time 293.35ms, mfu 5.99%
model:LGT723E iter 6620: loss 2.7514, time 293.35ms, mfu 6.15%
model:LGT723E iter 6630: loss 2.3903, time 293.46ms, mfu 6.29%
model:LGT723E iter 6640: loss 2.5831, time 293.54ms, mfu 6.41%
------average encoder activity 3.638
-----------average decoder density 0.8628
step 6650: train loss 2.6122, val loss 2.6498
model:LGT723E iter 6650: loss 2.8007, time 4304.91ms, mfu 5.82%
model:LGT723E iter 6660: loss 2.8016, time 293.92ms, mfu 6.00%
model:LGT723E iter 6670: loss 2.8840, time 293.99ms, mfu 6.15%
model:LGT723E iter 6680: loss 2.8335, time 293.84ms, mfu 6.29%
model:LGT723E iter 6690: loss 2.3912, time 294.13ms, mfu 6.41%
------average encoder activity 3.643
-----------average decoder density 0.8560
step 6700: train loss 2.6045, val loss 2.6538
model:LGT723E iter 6700: loss 2.7771, time 4308.54ms, mfu 5.82%
model:LGT723E iter 6710: loss 2.4803, time 294.08ms, mfu 5.99%
model:LGT723E iter 6720: loss 2.2414, time 294.54ms, mfu 6.15%
model:LGT723E iter 6730: loss 2.8596, time 295.03ms, mfu 6.28%
model:LGT723E iter 6740: loss 2.6930, time 294.29ms, mfu 6.41%
------average encoder activity 3.651
-----------average decoder density 0.8292
step 6750: train loss 2.6286, val loss 2.6485
model:LGT723E iter 6750: loss 2.5941, time 4307.89ms, mfu 5.82%
model:LGT723E iter 6760: loss 2.7103, time 294.22ms, mfu 5.99%
model:LGT723E iter 6770: loss 2.6225, time 294.23ms, mfu 6.14%
model:LGT723E iter 6780: loss 2.4485, time 293.93ms, mfu 6.28%
model:LGT723E iter 6790: loss 2.5216, time 293.95ms, mfu 6.41%
------average encoder activity 3.650
-----------average decoder density 0.8500
step 6800: train loss 2.6336, val loss 2.6544
model:LGT723E iter 6800: loss 2.7015, time 4309.72ms, mfu 5.82%
model:LGT723E iter 6810: loss 2.6723, time 297.60ms, mfu 5.98%
model:LGT723E iter 6820: loss 2.6678, time 293.80ms, mfu 6.14%
model:LGT723E iter 6830: loss 2.6896, time 294.64ms, mfu 6.28%
model:LGT723E iter 6840: loss 2.7222, time 294.61ms, mfu 6.40%
------average encoder activity 3.654
-----------average decoder density 0.8728
step 6850: train loss 2.6273, val loss 2.6456
saving checkpoint to out-novel-char3_LGT723E_711ea4166a6f7e62afeea754910c06aa
model:LGT723E iter 6850: loss 2.8762, time 4823.32ms, mfu 5.81%
model:LGT723E iter 6860: loss 2.7054, time 294.16ms, mfu 5.98%
model:LGT723E iter 6870: loss 2.3423, time 294.36ms, mfu 6.13%
model:LGT723E iter 6880: loss 2.3409, time 294.33ms, mfu 6.27%
model:LGT723E iter 6890: loss 2.8237, time 294.85ms, mfu 6.40%
------average encoder activity 3.656
-----------average decoder density 0.8727
step 6900: train loss 2.6125, val loss 2.6504
model:LGT723E iter 6900: loss 2.4799, time 4307.59ms, mfu 5.81%
model:LGT723E iter 6910: loss 2.5701, time 294.12ms, mfu 5.98%
model:LGT723E iter 6920: loss 2.6884, time 294.10ms, mfu 6.14%
model:LGT723E iter 6930: loss 2.8242, time 293.59ms, mfu 6.28%
model:LGT723E iter 6940: loss 2.4459, time 293.46ms, mfu 6.41%
------average encoder activity 3.661
-----------average decoder density 0.8581
step 6950: train loss 2.6064, val loss 2.6659
model:LGT723E iter 6950: loss 2.3566, time 4301.07ms, mfu 5.82%
model:LGT723E iter 6960: loss 2.6162, time 293.42ms, mfu 5.99%
model:LGT723E iter 6970: loss 2.4945, time 293.49ms, mfu 6.15%
model:LGT723E iter 6980: loss 2.8454, time 293.53ms, mfu 6.29%
model:LGT723E iter 6990: loss 2.6104, time 293.56ms, mfu 6.41%
------average encoder activity 3.671
-----------average decoder density 0.8566
step 7000: train loss 2.6269, val loss 2.6241
saving checkpoint to out-novel-char3_LGT723E_711ea4166a6f7e62afeea754910c06aa
model:LGT723E iter 7000: loss 2.9599, time 4826.82ms, mfu 5.82%
model:LGT723E iter 7010: loss 2.5747, time 293.61ms, mfu 5.99%
model:LGT723E iter 7020: loss 2.5878, time 293.72ms, mfu 6.15%
model:LGT723E iter 7030: loss 2.6218, time 293.71ms, mfu 6.29%
model:LGT723E iter 7040: loss 2.7350, time 293.45ms, mfu 6.41%
------average encoder activity 3.670
-----------average decoder density 0.8726
step 7050: train loss 2.6109, val loss 2.6284
model:LGT723E iter 7050: loss 2.4283, time 4312.65ms, mfu 5.82%
model:LGT723E iter 7060: loss 2.5368, time 294.11ms, mfu 5.99%
model:LGT723E iter 7070: loss 2.6406, time 294.33ms, mfu 6.15%
model:LGT723E iter 7080: loss 2.5362, time 294.25ms, mfu 6.29%
model:LGT723E iter 7090: loss 2.4974, time 294.12ms, mfu 6.41%
------average encoder activity 3.672
-----------average decoder density 0.8856
step 7100: train loss 2.5958, val loss 2.6360
model:LGT723E iter 7100: loss 2.5345, time 4303.30ms, mfu 5.82%
model:LGT723E iter 7110: loss 2.8546, time 294.03ms, mfu 5.99%
model:LGT723E iter 7120: loss 2.8355, time 293.99ms, mfu 6.15%
model:LGT723E iter 7130: loss 2.6405, time 294.05ms, mfu 6.29%
model:LGT723E iter 7140: loss 2.7547, time 293.88ms, mfu 6.41%
------average encoder activity 3.675
-----------average decoder density 0.8770
step 7150: train loss 2.5777, val loss 2.6357
model:LGT723E iter 7150: loss 2.6103, time 4301.76ms, mfu 5.82%
model:LGT723E iter 7160: loss 2.1710, time 293.93ms, mfu 5.99%
model:LGT723E iter 7170: loss 2.7382, time 294.12ms, mfu 6.15%
model:LGT723E iter 7180: loss 2.5246, time 294.09ms, mfu 6.29%
model:LGT723E iter 7190: loss 2.2413, time 295.79ms, mfu 6.41%
------average encoder activity 3.682
-----------average decoder density 0.8445
step 7200: train loss 2.6151, val loss 2.6127
saving checkpoint to out-novel-char3_LGT723E_711ea4166a6f7e62afeea754910c06aa
model:LGT723E iter 7200: loss 2.4985, time 4821.60ms, mfu 5.81%
model:LGT723E iter 7210: loss 2.4535, time 294.84ms, mfu 5.98%
model:LGT723E iter 7220: loss 2.4055, time 294.37ms, mfu 6.14%
model:LGT723E iter 7230: loss 2.8737, time 294.27ms, mfu 6.28%
model:LGT723E iter 7240: loss 2.5621, time 294.30ms, mfu 6.40%
------average encoder activity 3.689
-----------average decoder density 0.8458
step 7250: train loss 2.6094, val loss 2.6339
model:LGT723E iter 7250: loss 2.5460, time 4304.37ms, mfu 5.81%
model:LGT723E iter 7260: loss 2.4645, time 293.88ms, mfu 5.99%
model:LGT723E iter 7270: loss 2.8995, time 293.55ms, mfu 6.14%
model:LGT723E iter 7280: loss 2.3432, time 293.49ms, mfu 6.28%
model:LGT723E iter 7290: loss 2.4152, time 293.62ms, mfu 6.41%
------average encoder activity 3.686
-----------average decoder density 0.8450
step 7300: train loss 2.5845, val loss 2.6177
model:LGT723E iter 7300: loss 2.7931, time 4303.99ms, mfu 5.82%
model:LGT723E iter 7310: loss 2.4164, time 293.52ms, mfu 5.99%
model:LGT723E iter 7320: loss 2.6091, time 293.47ms, mfu 6.15%
model:LGT723E iter 7330: loss 2.7675, time 293.42ms, mfu 6.29%
model:LGT723E iter 7340: loss 2.3136, time 293.51ms, mfu 6.42%
------average encoder activity 3.683
-----------average decoder density 0.8363
step 7350: train loss 2.5645, val loss 2.6216
model:LGT723E iter 7350: loss 2.7572, time 4308.53ms, mfu 5.83%
model:LGT723E iter 7360: loss 2.4059, time 294.40ms, mfu 6.00%
model:LGT723E iter 7370: loss 2.7817, time 294.27ms, mfu 6.15%
model:LGT723E iter 7380: loss 2.6733, time 294.03ms, mfu 6.29%
model:LGT723E iter 7390: loss 2.7168, time 294.24ms, mfu 6.41%
------average encoder activity 3.686
-----------average decoder density 0.8338
step 7400: train loss 2.5581, val loss 2.6008
saving checkpoint to out-novel-char3_LGT723E_711ea4166a6f7e62afeea754910c06aa
model:LGT723E iter 7400: loss 2.3580, time 4820.21ms, mfu 5.82%
model:LGT723E iter 7410: loss 2.6072, time 293.64ms, mfu 5.99%
model:LGT723E iter 7420: loss 2.6817, time 293.58ms, mfu 6.15%
model:LGT723E iter 7430: loss 2.6747, time 293.56ms, mfu 6.29%
model:LGT723E iter 7440: loss 2.4956, time 293.37ms, mfu 6.41%
------average encoder activity 3.690
-----------average decoder density 0.8579
step 7450: train loss 2.5970, val loss 2.6132
model:LGT723E iter 7450: loss 2.3389, time 4301.00ms, mfu 5.82%
model:LGT723E iter 7460: loss 2.5900, time 293.50ms, mfu 6.00%
model:LGT723E iter 7470: loss 2.3766, time 293.39ms, mfu 6.15%
model:LGT723E iter 7480: loss 2.8358, time 293.41ms, mfu 6.29%
model:LGT723E iter 7490: loss 2.5489, time 293.37ms, mfu 6.42%
------average encoder activity 3.695
-----------average decoder density 0.8691
step 7500: train loss 2.5618, val loss 2.6072
model:LGT723E iter 7500: loss 2.3481, time 4298.49ms, mfu 5.83%
model:LGT723E iter 7510: loss 2.5654, time 293.38ms, mfu 6.00%
model:LGT723E iter 7520: loss 2.4368, time 293.88ms, mfu 6.15%
model:LGT723E iter 7530: loss 2.7092, time 294.11ms, mfu 6.29%
model:LGT723E iter 7540: loss 2.4615, time 294.22ms, mfu 6.42%
------average encoder activity 3.698
-----------average decoder density 0.8831
step 7550: train loss 2.5713, val loss 2.6099
model:LGT723E iter 7550: loss 2.7667, time 4312.80ms, mfu 5.83%
model:LGT723E iter 7560: loss 2.7576, time 293.62ms, mfu 6.00%
model:LGT723E iter 7570: loss 2.5484, time 294.05ms, mfu 6.15%
model:LGT723E iter 7580: loss 2.4089, time 293.86ms, mfu 6.29%
model:LGT723E iter 7590: loss 2.5854, time 294.23ms, mfu 6.42%
------average encoder activity 3.700
-----------average decoder density 0.8637
step 7600: train loss 2.5613, val loss 2.5900
saving checkpoint to out-novel-char3_LGT723E_711ea4166a6f7e62afeea754910c06aa
model:LGT723E iter 7600: loss 2.7307, time 4818.58ms, mfu 5.82%
model:LGT723E iter 7610: loss 2.4598, time 293.76ms, mfu 5.99%
model:LGT723E iter 7620: loss 2.4631, time 294.37ms, mfu 6.15%
model:LGT723E iter 7630: loss 2.6215, time 294.02ms, mfu 6.28%
model:LGT723E iter 7640: loss 2.4429, time 293.88ms, mfu 6.41%
------average encoder activity 3.707
-----------average decoder density 0.8348
step 7650: train loss 2.5587, val loss 2.6029
model:LGT723E iter 7650: loss 2.7469, time 4301.22ms, mfu 5.82%
model:LGT723E iter 7660: loss 2.7869, time 293.94ms, mfu 5.99%
model:LGT723E iter 7670: loss 2.6529, time 294.05ms, mfu 6.15%
model:LGT723E iter 7680: loss 2.7465, time 293.91ms, mfu 6.29%
model:LGT723E iter 7690: loss 2.5021, time 293.80ms, mfu 6.41%
------average encoder activity 3.706
-----------average decoder density 0.8848
step 7700: train loss 2.5789, val loss 2.5686
saving checkpoint to out-novel-char3_LGT723E_711ea4166a6f7e62afeea754910c06aa
model:LGT723E iter 7700: loss 2.6373, time 4833.46ms, mfu 5.82%
model:LGT723E iter 7710: loss 2.4416, time 294.18ms, mfu 5.99%
model:LGT723E iter 7720: loss 2.2366, time 294.29ms, mfu 6.14%
model:LGT723E iter 7730: loss 2.7026, time 294.41ms, mfu 6.28%
model:LGT723E iter 7740: loss 2.6510, time 293.54ms, mfu 6.41%
------average encoder activity 3.704
-----------average decoder density 0.8586
step 7750: train loss 2.5546, val loss 2.5957
model:LGT723E iter 7750: loss 2.2013, time 4299.94ms, mfu 5.82%
model:LGT723E iter 7760: loss 2.5179, time 293.86ms, mfu 5.99%
model:LGT723E iter 7770: loss 2.6838, time 293.94ms, mfu 6.15%
model:LGT723E iter 7780: loss 2.5869, time 294.00ms, mfu 6.28%
model:LGT723E iter 7790: loss 2.6193, time 293.46ms, mfu 6.41%
------average encoder activity 3.706
-----------average decoder density 0.8357
step 7800: train loss 2.5442, val loss 2.5756
model:LGT723E iter 7800: loss 2.8279, time 4297.97ms, mfu 5.82%
model:LGT723E iter 7810: loss 2.5524, time 293.47ms, mfu 5.99%
model:LGT723E iter 7820: loss 2.7765, time 293.44ms, mfu 6.15%
model:LGT723E iter 7830: loss 2.4684, time 293.49ms, mfu 6.29%
model:LGT723E iter 7840: loss 2.5757, time 293.45ms, mfu 6.42%
------average encoder activity 3.707
-----------average decoder density 0.8579
step 7850: train loss 2.5505, val loss 2.5876
model:LGT723E iter 7850: loss 2.6762, time 4300.77ms, mfu 5.83%
model:LGT723E iter 7860: loss 2.6316, time 293.47ms, mfu 6.00%
model:LGT723E iter 7870: loss 2.6184, time 293.43ms, mfu 6.15%
model:LGT723E iter 7880: loss 2.5201, time 293.47ms, mfu 6.29%
model:LGT723E iter 7890: loss 2.4267, time 293.63ms, mfu 6.42%
------average encoder activity 3.704
-----------average decoder density 0.8285
step 7900: train loss 2.5581, val loss 2.5843
model:LGT723E iter 7900: loss 2.6490, time 4302.27ms, mfu 5.83%
model:LGT723E iter 7910: loss 2.3870, time 293.69ms, mfu 6.00%
model:LGT723E iter 7920: loss 2.2594, time 293.48ms, mfu 6.16%
model:LGT723E iter 7930: loss 2.7353, time 293.45ms, mfu 6.30%
model:LGT723E iter 7940: loss 2.1053, time 293.39ms, mfu 6.42%
------average encoder activity 3.707
-----------average decoder density 0.8395
step 7950: train loss 2.5475, val loss 2.5724
model:LGT723E iter 7950: loss 2.5158, time 4302.24ms, mfu 5.83%
model:LGT723E iter 7960: loss 2.3246, time 293.51ms, mfu 6.00%
model:LGT723E iter 7970: loss 2.5866, time 293.53ms, mfu 6.16%
model:LGT723E iter 7980: loss 2.6591, time 293.66ms, mfu 6.30%
model:LGT723E iter 7990: loss 2.6352, time 293.47ms, mfu 6.42%
------average encoder activity 3.710
-----------average decoder density 0.8349
step 8000: train loss 2.5411, val loss 2.5502
saving checkpoint to out-novel-char3_LGT723E_711ea4166a6f7e62afeea754910c06aa
model:LGT723E iter 8000: loss 2.5142, time 4816.95ms, mfu 5.83%
model:LGT723E iter 8010: loss 2.8237, time 293.54ms, mfu 6.00%
model:LGT723E iter 8020: loss 2.3616, time 293.55ms, mfu 6.15%
model:LGT723E iter 8030: loss 2.6702, time 293.46ms, mfu 6.29%
model:LGT723E iter 8040: loss 2.4067, time 293.48ms, mfu 6.42%
------average encoder activity 3.711
-----------average decoder density 0.8459
step 8050: train loss 2.5362, val loss 2.5422
saving checkpoint to out-novel-char3_LGT723E_711ea4166a6f7e62afeea754910c06aa
model:LGT723E iter 8050: loss 2.3702, time 4818.76ms, mfu 5.82%
model:LGT723E iter 8060: loss 2.4898, time 293.35ms, mfu 6.00%
model:LGT723E iter 8070: loss 2.6168, time 293.51ms, mfu 6.15%
model:LGT723E iter 8080: loss 2.4184, time 293.50ms, mfu 6.29%
model:LGT723E iter 8090: loss 2.7108, time 293.50ms, mfu 6.42%
------average encoder activity 3.719
-----------average decoder density 0.8513
step 8100: train loss 2.5155, val loss 2.5637
model:LGT723E iter 8100: loss 2.3101, time 4299.19ms, mfu 5.83%
model:LGT723E iter 8110: loss 2.2484, time 293.49ms, mfu 6.00%
model:LGT723E iter 8120: loss 2.4737, time 293.53ms, mfu 6.15%
model:LGT723E iter 8130: loss 2.6159, time 293.59ms, mfu 6.29%
model:LGT723E iter 8140: loss 2.3191, time 293.38ms, mfu 6.42%
------average encoder activity 3.718
-----------average decoder density 0.8703
step 8150: train loss 2.4976, val loss 2.5292
saving checkpoint to out-novel-char3_LGT723E_711ea4166a6f7e62afeea754910c06aa
model:LGT723E iter 8150: loss 2.6263, time 4819.39ms, mfu 5.82%
model:LGT723E iter 8160: loss 2.6809, time 293.47ms, mfu 6.00%
model:LGT723E iter 8170: loss 2.7691, time 293.99ms, mfu 6.15%
model:LGT723E iter 8180: loss 2.7429, time 293.74ms, mfu 6.29%
model:LGT723E iter 8190: loss 2.6550, time 293.49ms, mfu 6.42%
------average encoder activity 3.719
-----------average decoder density 0.8628
step 8200: train loss 2.5174, val loss 2.5433
model:LGT723E iter 8200: loss 2.3953, time 4300.37ms, mfu 5.83%
model:LGT723E iter 8210: loss 2.8738, time 293.43ms, mfu 6.00%
model:LGT723E iter 8220: loss 2.6738, time 296.28ms, mfu 6.15%
model:LGT723E iter 8230: loss 2.6900, time 294.49ms, mfu 6.28%
model:LGT723E iter 8240: loss 2.5389, time 293.49ms, mfu 6.41%
------average encoder activity 3.725
-----------average decoder density 0.8063
step 8250: train loss 2.5212, val loss 2.5372
model:LGT723E iter 8250: loss 2.5927, time 4299.95ms, mfu 5.82%
model:LGT723E iter 8260: loss 2.5902, time 294.22ms, mfu 5.99%
model:LGT723E iter 8270: loss 2.6212, time 293.43ms, mfu 6.15%
model:LGT723E iter 8280: loss 2.5016, time 293.36ms, mfu 6.29%
model:LGT723E iter 8290: loss 2.4459, time 293.50ms, mfu 6.42%
------average encoder activity 3.723
-----------average decoder density 0.7909
step 8300: train loss 2.5257, val loss 2.5462
model:LGT723E iter 8300: loss 2.3271, time 4310.04ms, mfu 5.83%
model:LGT723E iter 8310: loss 2.6728, time 293.96ms, mfu 6.00%
model:LGT723E iter 8320: loss 2.5714, time 294.23ms, mfu 6.15%
model:LGT723E iter 8330: loss 2.2514, time 293.42ms, mfu 6.29%
model:LGT723E iter 8340: loss 2.4944, time 293.40ms, mfu 6.42%
------average encoder activity 3.721
-----------average decoder density 0.8541
step 8350: train loss 2.5015, val loss 2.5521
model:LGT723E iter 8350: loss 2.7127, time 4317.44ms, mfu 5.83%
model:LGT723E iter 8360: loss 2.4413, time 293.41ms, mfu 6.00%
model:LGT723E iter 8370: loss 2.2126, time 293.95ms, mfu 6.15%
model:LGT723E iter 8380: loss 2.6702, time 293.54ms, mfu 6.29%
model:LGT723E iter 8390: loss 2.6408, time 293.75ms, mfu 6.42%
------average encoder activity 3.725
-----------average decoder density 0.8634
step 8400: train loss 2.5156, val loss 2.5475
model:LGT723E iter 8400: loss 2.2856, time 4297.34ms, mfu 5.83%
model:LGT723E iter 8410: loss 2.6710, time 293.68ms, mfu 6.00%
model:LGT723E iter 8420: loss 2.2598, time 293.78ms, mfu 6.15%
model:LGT723E iter 8430: loss 2.4869, time 294.14ms, mfu 6.29%
model:LGT723E iter 8440: loss 2.4105, time 293.84ms, mfu 6.42%
------average encoder activity 3.727
-----------average decoder density 0.8349
step 8450: train loss 2.4899, val loss 2.5469
model:LGT723E iter 8450: loss 2.7876, time 4300.58ms, mfu 5.83%
model:LGT723E iter 8460: loss 2.6870, time 294.04ms, mfu 6.00%
model:LGT723E iter 8470: loss 2.1960, time 293.71ms, mfu 6.15%
model:LGT723E iter 8480: loss 2.3362, time 293.80ms, mfu 6.29%
model:LGT723E iter 8490: loss 2.5855, time 294.21ms, mfu 6.42%
------average encoder activity 3.725
-----------average decoder density 0.8558
step 8500: train loss 2.5032, val loss 2.5599
model:LGT723E iter 8500: loss 2.7214, time 4307.56ms, mfu 5.83%
model:LGT723E iter 8510: loss 2.5239, time 293.29ms, mfu 6.00%
model:LGT723E iter 8520: loss 2.7166, time 293.28ms, mfu 6.15%
model:LGT723E iter 8530: loss 2.5434, time 293.58ms, mfu 6.29%
model:LGT723E iter 8540: loss 2.4752, time 293.45ms, mfu 6.42%
------average encoder activity 3.728
-----------average decoder density 0.8438
step 8550: train loss 2.5061, val loss 2.5515
model:LGT723E iter 8550: loss 2.4670, time 4317.87ms, mfu 5.83%
model:LGT723E iter 8560: loss 2.4890, time 293.40ms, mfu 6.00%
model:LGT723E iter 8570: loss 2.5797, time 293.56ms, mfu 6.16%
model:LGT723E iter 8580: loss 2.5922, time 293.78ms, mfu 6.29%
model:LGT723E iter 8590: loss 2.4801, time 293.79ms, mfu 6.42%
------average encoder activity 3.729
-----------average decoder density 0.8736
step 8600: train loss 2.5068, val loss 2.5554
model:LGT723E iter 8600: loss 2.4352, time 4316.60ms, mfu 5.83%
model:LGT723E iter 8610: loss 2.2780, time 293.63ms, mfu 6.00%
model:LGT723E iter 8620: loss 2.9473, time 293.75ms, mfu 6.16%
model:LGT723E iter 8630: loss 2.4990, time 293.91ms, mfu 6.29%
model:LGT723E iter 8640: loss 2.3754, time 293.86ms, mfu 6.42%
------average encoder activity 3.730
-----------average decoder density 0.8700
step 8650: train loss 2.5163, val loss 2.5229
saving checkpoint to out-novel-char3_LGT723E_711ea4166a6f7e62afeea754910c06aa
model:LGT723E iter 8650: loss 2.4598, time 4836.50ms, mfu 5.82%
model:LGT723E iter 8660: loss 2.2897, time 293.82ms, mfu 5.99%
model:LGT723E iter 8670: loss 2.4719, time 293.77ms, mfu 6.15%
model:LGT723E iter 8680: loss 2.4166, time 293.90ms, mfu 6.29%
model:LGT723E iter 8690: loss 2.4575, time 293.49ms, mfu 6.41%
------average encoder activity 3.732
-----------average decoder density 0.8503
step 8700: train loss 2.5060, val loss 2.5654
model:LGT723E iter 8700: loss 2.3900, time 4311.34ms, mfu 5.82%
model:LGT723E iter 8710: loss 2.7440, time 293.49ms, mfu 6.00%
model:LGT723E iter 8720: loss 2.7419, time 293.68ms, mfu 6.15%
model:LGT723E iter 8730: loss 2.5140, time 293.68ms, mfu 6.29%
model:LGT723E iter 8740: loss 2.9494, time 293.87ms, mfu 6.42%
------average encoder activity 3.727
-----------average decoder density 0.8320
step 8750: train loss 2.5072, val loss 2.5474
model:LGT723E iter 8750: loss 2.2782, time 4310.18ms, mfu 5.83%
model:LGT723E iter 8760: loss 2.1641, time 293.59ms, mfu 6.00%
model:LGT723E iter 8770: loss 2.1777, time 293.72ms, mfu 6.15%
model:LGT723E iter 8780: loss 2.4730, time 294.30ms, mfu 6.29%
model:LGT723E iter 8790: loss 2.5056, time 294.18ms, mfu 6.41%
------average encoder activity 3.730
-----------average decoder density 0.8421
step 8800: train loss 2.4956, val loss 2.5295
model:LGT723E iter 8800: loss 2.1171, time 4310.60ms, mfu 5.82%
model:LGT723E iter 8810: loss 2.7780, time 293.99ms, mfu 6.00%
model:LGT723E iter 8820: loss 2.6112, time 293.99ms, mfu 6.15%
model:LGT723E iter 8830: loss 2.2911, time 294.19ms, mfu 6.29%
model:LGT723E iter 8840: loss 2.5628, time 293.94ms, mfu 6.41%
------average encoder activity 3.730
-----------average decoder density 0.8541
step 8850: train loss 2.4621, val loss 2.5402
model:LGT723E iter 8850: loss 2.8666, time 4298.84ms, mfu 5.82%
model:LGT723E iter 8860: loss 2.3009, time 293.83ms, mfu 6.00%
model:LGT723E iter 8870: loss 2.7360, time 293.90ms, mfu 6.15%
model:LGT723E iter 8880: loss 2.4273, time 294.20ms, mfu 6.29%
model:LGT723E iter 8890: loss 2.5613, time 293.93ms, mfu 6.41%
------average encoder activity 3.730
-----------average decoder density 0.8497
step 8900: train loss 2.4714, val loss 2.5402
model:LGT723E iter 8900: loss 2.4900, time 4298.90ms, mfu 5.82%
model:LGT723E iter 8910: loss 2.5757, time 294.05ms, mfu 5.99%
model:LGT723E iter 8920: loss 2.5267, time 293.69ms, mfu 6.15%
model:LGT723E iter 8930: loss 2.2410, time 293.45ms, mfu 6.29%
model:LGT723E iter 8940: loss 2.5574, time 293.41ms, mfu 6.42%
------average encoder activity 3.736
-----------average decoder density 0.8541
step 8950: train loss 2.4873, val loss 2.5418
model:LGT723E iter 8950: loss 2.5860, time 4301.16ms, mfu 5.83%
model:LGT723E iter 8960: loss 2.6800, time 293.99ms, mfu 6.00%
model:LGT723E iter 8970: loss 2.6606, time 293.93ms, mfu 6.15%
model:LGT723E iter 8980: loss 2.6243, time 294.08ms, mfu 6.29%
model:LGT723E iter 8990: loss 2.5032, time 293.51ms, mfu 6.42%
------average encoder activity 3.733
-----------average decoder density 0.8551
step 9000: train loss 2.4585, val loss 2.5571
model:LGT723E iter 9000: loss 2.4789, time 4439.53ms, mfu 5.82%
model:LGT723E iter 9010: loss 2.3935, time 294.08ms, mfu 6.00%
model:LGT723E iter 9020: loss 2.4236, time 294.15ms, mfu 6.15%
model:LGT723E iter 9030: loss 1.8911, time 294.03ms, mfu 6.29%
model:LGT723E iter 9040: loss 2.4133, time 294.41ms, mfu 6.41%
------average encoder activity 3.735
-----------average decoder density 0.7670
step 9050: train loss 2.4574, val loss 2.4927
saving checkpoint to out-novel-char3_LGT723E_711ea4166a6f7e62afeea754910c06aa
model:LGT723E iter 9050: loss 2.4880, time 4832.37ms, mfu 5.82%
model:LGT723E iter 9060: loss 2.7772, time 293.83ms, mfu 5.99%
model:LGT723E iter 9070: loss 2.3108, time 293.98ms, mfu 6.14%
model:LGT723E iter 9080: loss 2.7423, time 293.97ms, mfu 6.28%
model:LGT723E iter 9090: loss 2.4270, time 294.05ms, mfu 6.41%
------average encoder activity 3.742
-----------average decoder density 0.8236
step 9100: train loss 2.4556, val loss 2.5237
model:LGT723E iter 9100: loss 2.5444, time 4302.01ms, mfu 5.82%
model:LGT723E iter 9110: loss 2.5299, time 294.08ms, mfu 5.99%
model:LGT723E iter 9120: loss 2.4942, time 293.95ms, mfu 6.15%
model:LGT723E iter 9130: loss 2.7554, time 294.10ms, mfu 6.28%
model:LGT723E iter 9140: loss 2.3431, time 294.35ms, mfu 6.41%
------average encoder activity 3.742
-----------average decoder density 0.8498
step 9150: train loss 2.4758, val loss 2.5326
model:LGT723E iter 9150: loss 2.3490, time 4306.82ms, mfu 5.82%
model:LGT723E iter 9160: loss 2.5809, time 293.56ms, mfu 5.99%
model:LGT723E iter 9170: loss 2.5400, time 293.47ms, mfu 6.15%
model:LGT723E iter 9180: loss 2.5309, time 293.43ms, mfu 6.29%
model:LGT723E iter 9190: loss 2.3484, time 293.98ms, mfu 6.41%
------average encoder activity 3.741
-----------average decoder density 0.8267
step 9200: train loss 2.4772, val loss 2.5208
model:LGT723E iter 9200: loss 2.0765, time 4304.02ms, mfu 5.82%
model:LGT723E iter 9210: loss 2.6226, time 294.08ms, mfu 6.00%
model:LGT723E iter 9220: loss 2.5760, time 294.12ms, mfu 6.15%
model:LGT723E iter 9230: loss 2.2968, time 293.90ms, mfu 6.29%
model:LGT723E iter 9240: loss 2.5000, time 293.89ms, mfu 6.41%
------average encoder activity 3.742
-----------average decoder density 0.8569
step 9250: train loss 2.4291, val loss 2.4833
saving checkpoint to out-novel-char3_LGT723E_711ea4166a6f7e62afeea754910c06aa
model:LGT723E iter 9250: loss 2.2910, time 4815.21ms, mfu 5.82%
model:LGT723E iter 9260: loss 2.7438, time 293.49ms, mfu 5.99%
model:LGT723E iter 9270: loss 2.6050, time 293.48ms, mfu 6.15%
model:LGT723E iter 9280: loss 2.5983, time 293.95ms, mfu 6.29%
model:LGT723E iter 9290: loss 2.6520, time 293.58ms, mfu 6.41%
------average encoder activity 3.743
-----------average decoder density 0.8595
step 9300: train loss 2.4621, val loss 2.4965
model:LGT723E iter 9300: loss 2.4351, time 4299.63ms, mfu 5.82%
model:LGT723E iter 9310: loss 2.5305, time 293.54ms, mfu 6.00%
model:LGT723E iter 9320: loss 2.7699, time 293.63ms, mfu 6.15%
model:LGT723E iter 9330: loss 2.6364, time 293.46ms, mfu 6.29%
model:LGT723E iter 9340: loss 2.4903, time 293.62ms, mfu 6.42%
------average encoder activity 3.741
-----------average decoder density 0.8486
step 9350: train loss 2.4720, val loss 2.5358
model:LGT723E iter 9350: loss 2.6514, time 4298.93ms, mfu 5.83%
model:LGT723E iter 9360: loss 2.5133, time 293.54ms, mfu 6.00%
model:LGT723E iter 9370: loss 2.5220, time 293.53ms, mfu 6.15%
model:LGT723E iter 9380: loss 2.2251, time 293.46ms, mfu 6.29%
model:LGT723E iter 9390: loss 2.3925, time 293.55ms, mfu 6.42%
------average encoder activity 3.736
-----------average decoder density 0.8532
step 9400: train loss 2.4456, val loss 2.5112
model:LGT723E iter 9400: loss 2.6176, time 4299.97ms, mfu 5.83%
model:LGT723E iter 9410: loss 2.4814, time 293.51ms, mfu 6.00%
model:LGT723E iter 9420: loss 2.5566, time 293.57ms, mfu 6.16%
model:LGT723E iter 9430: loss 2.1408, time 293.53ms, mfu 6.30%
model:LGT723E iter 9440: loss 2.7567, time 293.53ms, mfu 6.42%
------average encoder activity 3.740
-----------average decoder density 0.8401
step 9450: train loss 2.4413, val loss 2.4996
model:LGT723E iter 9450: loss 2.3966, time 4303.37ms, mfu 5.83%
model:LGT723E iter 9460: loss 2.7495, time 293.53ms, mfu 6.00%
model:LGT723E iter 9470: loss 2.7554, time 293.49ms, mfu 6.16%
model:LGT723E iter 9480: loss 2.6131, time 293.52ms, mfu 6.30%
model:LGT723E iter 9490: loss 2.4648, time 293.67ms, mfu 6.42%
------average encoder activity 3.742
-----------average decoder density 0.8647
step 9500: train loss 2.4425, val loss 2.5014
model:LGT723E iter 9500: loss 1.9840, time 4307.68ms, mfu 5.83%
model:LGT723E iter 9510: loss 2.7185, time 294.08ms, mfu 6.00%
model:LGT723E iter 9520: loss 2.6197, time 293.53ms, mfu 6.16%
model:LGT723E iter 9530: loss 2.6673, time 293.50ms, mfu 6.30%
model:LGT723E iter 9540: loss 2.2421, time 293.46ms, mfu 6.42%
------average encoder activity 3.745
-----------average decoder density 0.8551
step 9550: train loss 2.4374, val loss 2.4755
saving checkpoint to out-novel-char3_LGT723E_711ea4166a6f7e62afeea754910c06aa
model:LGT723E iter 9550: loss 2.7069, time 4815.95ms, mfu 5.82%
model:LGT723E iter 9560: loss 2.6711, time 295.02ms, mfu 5.99%
model:LGT723E iter 9570: loss 2.3098, time 293.53ms, mfu 6.15%
model:LGT723E iter 9580: loss 2.3168, time 293.66ms, mfu 6.29%
model:LGT723E iter 9590: loss 2.6843, time 293.42ms, mfu 6.42%
------average encoder activity 3.741
-----------average decoder density 0.8396
step 9600: train loss 2.4425, val loss 2.4879
model:LGT723E iter 9600: loss 2.3425, time 4300.03ms, mfu 5.83%
model:LGT723E iter 9610: loss 2.3604, time 293.42ms, mfu 6.00%
model:LGT723E iter 9620: loss 2.3437, time 293.56ms, mfu 6.15%
model:LGT723E iter 9630: loss 2.2538, time 293.52ms, mfu 6.29%
model:LGT723E iter 9640: loss 2.3856, time 293.46ms, mfu 6.42%
------average encoder activity 3.742
-----------average decoder density 0.8464
step 9650: train loss 2.4507, val loss 2.4982
model:LGT723E iter 9650: loss 2.5190, time 4300.84ms, mfu 5.83%
model:LGT723E iter 9660: loss 2.3137, time 293.59ms, mfu 6.00%
model:LGT723E iter 9670: loss 2.2767, time 293.62ms, mfu 6.16%
model:LGT723E iter 9680: loss 2.2332, time 293.59ms, mfu 6.29%
model:LGT723E iter 9690: loss 2.3221, time 293.72ms, mfu 6.42%
------average encoder activity 3.741
-----------average decoder density 0.8436
step 9700: train loss 2.4367, val loss 2.4921
model:LGT723E iter 9700: loss 2.6317, time 4304.13ms, mfu 5.83%
model:LGT723E iter 9710: loss 2.2404, time 294.17ms, mfu 6.00%
model:LGT723E iter 9720: loss 2.3976, time 294.18ms, mfu 6.15%
model:LGT723E iter 9730: loss 2.5075, time 293.45ms, mfu 6.29%
model:LGT723E iter 9740: loss 2.7000, time 293.51ms, mfu 6.42%
------average encoder activity 3.743
-----------average decoder density 0.8578
step 9750: train loss 2.4429, val loss 2.5026
model:LGT723E iter 9750: loss 2.2309, time 4304.54ms, mfu 5.83%
model:LGT723E iter 9760: loss 2.2780, time 293.90ms, mfu 6.00%
model:LGT723E iter 9770: loss 2.4472, time 294.93ms, mfu 6.15%
model:LGT723E iter 9780: loss 2.4983, time 294.33ms, mfu 6.29%
model:LGT723E iter 9790: loss 2.3471, time 294.09ms, mfu 6.41%
------average encoder activity 3.741
-----------average decoder density 0.8464
step 9800: train loss 2.4412, val loss 2.4642
saving checkpoint to out-novel-char3_LGT723E_711ea4166a6f7e62afeea754910c06aa
model:LGT723E iter 9800: loss 2.6416, time 4829.71ms, mfu 5.82%
model:LGT723E iter 9810: loss 2.5767, time 293.43ms, mfu 5.99%
model:LGT723E iter 9820: loss 2.2961, time 293.43ms, mfu 6.15%
model:LGT723E iter 9830: loss 2.5545, time 293.42ms, mfu 6.29%
model:LGT723E iter 9840: loss 2.5516, time 293.48ms, mfu 6.41%
------average encoder activity 3.742
-----------average decoder density 0.8279
step 9850: train loss 2.4211, val loss 2.4903
model:LGT723E iter 9850: loss 2.3692, time 4301.11ms, mfu 5.82%
model:LGT723E iter 9860: loss 2.3027, time 293.43ms, mfu 6.00%
model:LGT723E iter 9870: loss 2.4356, time 293.49ms, mfu 6.15%
model:LGT723E iter 9880: loss 2.4257, time 293.49ms, mfu 6.29%
model:LGT723E iter 9890: loss 2.7081, time 293.37ms, mfu 6.42%
------average encoder activity 3.748
-----------average decoder density 0.8507
step 9900: train loss 2.4230, val loss 2.5019
model:LGT723E iter 9900: loss 2.5186, time 4299.23ms, mfu 5.83%
model:LGT723E iter 9910: loss 2.3110, time 294.06ms, mfu 6.00%
model:LGT723E iter 9920: loss 2.2748, time 293.79ms, mfu 6.15%
model:LGT723E iter 9930: loss 2.5793, time 293.99ms, mfu 6.29%
model:LGT723E iter 9940: loss 2.4548, time 293.66ms, mfu 6.42%
------average encoder activity 3.745
-----------average decoder density 0.8257
step 9950: train loss 2.4276, val loss 2.4877
model:LGT723E iter 9950: loss 2.3555, time 4302.80ms, mfu 5.83%
model:LGT723E iter 9960: loss 2.7208, time 293.44ms, mfu 6.00%
model:LGT723E iter 9970: loss 2.5359, time 293.44ms, mfu 6.15%
model:LGT723E iter 9980: loss 2.0825, time 294.27ms, mfu 6.29%
model:LGT723E iter 9990: loss 2.2140, time 294.08ms, mfu 6.42%
------average encoder activity 3.745
-----------average decoder density 0.8630
step 10000: train loss 2.4211, val loss 2.4670
model:LGT723E iter 10000: loss 2.7349, time 4299.06ms, mfu 5.83%
model:LGT723E iter 10010: loss 2.4577, time 293.61ms, mfu 6.00%
model:LGT723E iter 10020: loss 2.1803, time 293.46ms, mfu 6.15%
model:LGT723E iter 10030: loss 2.7424, time 294.11ms, mfu 6.29%
model:LGT723E iter 10040: loss 2.3132, time 294.30ms, mfu 6.42%
------average encoder activity 3.744
-----------average decoder density 0.8052
step 10050: train loss 2.4255, val loss 2.4845
model:LGT723E iter 10050: loss 2.6384, time 4301.70ms, mfu 5.83%
model:LGT723E iter 10060: loss 2.5175, time 293.64ms, mfu 6.00%
model:LGT723E iter 10070: loss 2.3885, time 293.46ms, mfu 6.15%
model:LGT723E iter 10080: loss 2.3431, time 293.53ms, mfu 6.29%
model:LGT723E iter 10090: loss 2.3233, time 293.47ms, mfu 6.42%
------average encoder activity 3.746
-----------average decoder density 0.8142
step 10100: train loss 2.4163, val loss 2.4973
model:LGT723E iter 10100: loss 2.6975, time 4300.86ms, mfu 5.83%
model:LGT723E iter 10110: loss 2.1394, time 293.45ms, mfu 6.00%
model:LGT723E iter 10120: loss 2.3658, time 293.84ms, mfu 6.15%
model:LGT723E iter 10130: loss 2.3724, time 294.02ms, mfu 6.29%
model:LGT723E iter 10140: loss 2.3568, time 293.97ms, mfu 6.42%
------average encoder activity 3.751
-----------average decoder density 0.8624
step 10150: train loss 2.4216, val loss 2.4799
model:LGT723E iter 10150: loss 2.4110, time 4302.64ms, mfu 5.83%
model:LGT723E iter 10160: loss 2.6107, time 294.15ms, mfu 6.00%
model:LGT723E iter 10170: loss 2.5391, time 293.80ms, mfu 6.15%
model:LGT723E iter 10180: loss 2.1905, time 293.69ms, mfu 6.29%
model:LGT723E iter 10190: loss 2.4947, time 293.55ms, mfu 6.42%
------average encoder activity 3.751
-----------average decoder density 0.8357
step 10200: train loss 2.3921, val loss 2.4665
model:LGT723E iter 10200: loss 2.2458, time 4301.51ms, mfu 5.83%
model:LGT723E iter 10210: loss 2.7294, time 293.57ms, mfu 6.00%
model:LGT723E iter 10220: loss 2.3047, time 293.85ms, mfu 6.15%
model:LGT723E iter 10230: loss 2.3849, time 293.48ms, mfu 6.29%
model:LGT723E iter 10240: loss 2.5949, time 293.90ms, mfu 6.42%
------average encoder activity 3.749
-----------average decoder density 0.8404
step 10250: train loss 2.4123, val loss 2.4855
model:LGT723E iter 10250: loss 2.3926, time 4304.62ms, mfu 5.83%
model:LGT723E iter 10260: loss 2.4137, time 293.68ms, mfu 6.00%
model:LGT723E iter 10270: loss 2.4325, time 293.91ms, mfu 6.15%
model:LGT723E iter 10280: loss 2.2766, time 294.21ms, mfu 6.29%
model:LGT723E iter 10290: loss 2.6974, time 293.95ms, mfu 6.42%
------average encoder activity 3.747
-----------average decoder density 0.8561
step 10300: train loss 2.4274, val loss 2.4586
saving checkpoint to out-novel-char3_LGT723E_711ea4166a6f7e62afeea754910c06aa
model:LGT723E iter 10300: loss 2.6600, time 4823.21ms, mfu 5.82%
model:LGT723E iter 10310: loss 2.7127, time 294.56ms, mfu 5.99%
model:LGT723E iter 10320: loss 2.2603, time 294.56ms, mfu 6.14%
model:LGT723E iter 10330: loss 2.2588, time 294.42ms, mfu 6.28%
model:LGT723E iter 10340: loss 2.3311, time 294.38ms, mfu 6.41%
------average encoder activity 3.749
-----------average decoder density 0.8572
step 10350: train loss 2.4074, val loss 2.4604
model:LGT723E iter 10350: loss 2.1903, time 4304.12ms, mfu 5.82%
model:LGT723E iter 10360: loss 2.4744, time 293.56ms, mfu 5.99%
model:LGT723E iter 10370: loss 2.7575, time 293.59ms, mfu 6.15%
model:LGT723E iter 10380: loss 2.3050, time 293.81ms, mfu 6.29%
model:LGT723E iter 10390: loss 2.5176, time 293.54ms, mfu 6.41%
------average encoder activity 3.749
-----------average decoder density 0.8246
step 10400: train loss 2.4169, val loss 2.4610
model:LGT723E iter 10400: loss 2.5121, time 4308.77ms, mfu 5.82%
model:LGT723E iter 10410: loss 2.5589, time 294.02ms, mfu 5.99%
model:LGT723E iter 10420: loss 2.4095, time 293.96ms, mfu 6.15%
model:LGT723E iter 10430: loss 2.8008, time 293.99ms, mfu 6.29%
model:LGT723E iter 10440: loss 2.5831, time 294.02ms, mfu 6.41%
------average encoder activity 3.751
-----------average decoder density 0.8278
step 10450: train loss 2.3887, val loss 2.4686
model:LGT723E iter 10450: loss 2.3125, time 4305.80ms, mfu 5.82%
model:LGT723E iter 10460: loss 2.3785, time 293.71ms, mfu 5.99%
model:LGT723E iter 10470: loss 2.5293, time 293.75ms, mfu 6.15%
model:LGT723E iter 10480: loss 2.3540, time 294.30ms, mfu 6.29%
model:LGT723E iter 10490: loss 2.3427, time 294.10ms, mfu 6.41%
------average encoder activity 3.748
-----------average decoder density 0.8456
step 10500: train loss 2.4126, val loss 2.4819
model:LGT723E iter 10500: loss 2.5517, time 4308.92ms, mfu 5.82%
model:LGT723E iter 10510: loss 2.3273, time 294.20ms, mfu 5.99%
model:LGT723E iter 10520: loss 2.6216, time 293.61ms, mfu 6.15%
model:LGT723E iter 10530: loss 2.0801, time 295.15ms, mfu 6.29%
model:LGT723E iter 10540: loss 2.3892, time 293.83ms, mfu 6.41%
------average encoder activity 3.748
-----------average decoder density 0.8398
step 10550: train loss 2.4079, val loss 2.4302
saving checkpoint to out-novel-char3_LGT723E_711ea4166a6f7e62afeea754910c06aa
model:LGT723E iter 10550: loss 2.3136, time 4823.55ms, mfu 5.82%
model:LGT723E iter 10560: loss 2.4764, time 294.04ms, mfu 5.99%
model:LGT723E iter 10570: loss 2.3357, time 294.14ms, mfu 6.14%
model:LGT723E iter 10580: loss 2.5461, time 294.05ms, mfu 6.28%
model:LGT723E iter 10590: loss 2.3570, time 294.30ms, mfu 6.41%
------average encoder activity 3.748
-----------average decoder density 0.8297
step 10600: train loss 2.4051, val loss 2.4553
model:LGT723E iter 10600: loss 2.2987, time 4303.59ms, mfu 5.82%
model:LGT723E iter 10610: loss 2.2340, time 293.85ms, mfu 5.99%
model:LGT723E iter 10620: loss 2.4962, time 293.77ms, mfu 6.15%
model:LGT723E iter 10630: loss 2.2473, time 293.71ms, mfu 6.29%
model:LGT723E iter 10640: loss 2.6794, time 294.45ms, mfu 6.41%
------average encoder activity 3.747
-----------average decoder density 0.8139
step 10650: train loss 2.3857, val loss 2.4479
model:LGT723E iter 10650: loss 2.1289, time 4314.77ms, mfu 5.82%
model:LGT723E iter 10660: loss 2.3938, time 294.91ms, mfu 5.99%
model:LGT723E iter 10670: loss 2.2968, time 294.18ms, mfu 6.14%
model:LGT723E iter 10680: loss 2.3499, time 295.12ms, mfu 6.28%
model:LGT723E iter 10690: loss 2.5455, time 293.94ms, mfu 6.41%
------average encoder activity 3.747
-----------average decoder density 0.8315
step 10700: train loss 2.3887, val loss 2.4467
model:LGT723E iter 10700: loss 2.4778, time 4306.81ms, mfu 5.82%
model:LGT723E iter 10710: loss 2.4417, time 294.04ms, mfu 5.99%
model:LGT723E iter 10720: loss 2.4251, time 294.02ms, mfu 6.14%
model:LGT723E iter 10730: loss 2.3671, time 293.83ms, mfu 6.28%
model:LGT723E iter 10740: loss 2.4015, time 293.85ms, mfu 6.41%
------average encoder activity 3.751
-----------average decoder density 0.8116
step 10750: train loss 2.3927, val loss 2.4636
model:LGT723E iter 10750: loss 2.6896, time 4302.07ms, mfu 5.82%
model:LGT723E iter 10760: loss 2.2130, time 293.86ms, mfu 5.99%
model:LGT723E iter 10770: loss 2.3474, time 293.87ms, mfu 6.15%
model:LGT723E iter 10780: loss 2.5157, time 293.83ms, mfu 6.29%
model:LGT723E iter 10790: loss 2.7652, time 293.98ms, mfu 6.41%
------average encoder activity 3.751
-----------average decoder density 0.8072
step 10800: train loss 2.3752, val loss 2.4646
model:LGT723E iter 10800: loss 2.3665, time 4301.52ms, mfu 5.82%
model:LGT723E iter 10810: loss 2.4725, time 293.91ms, mfu 5.99%
model:LGT723E iter 10820: loss 1.9942, time 294.14ms, mfu 6.15%
model:LGT723E iter 10830: loss 2.1931, time 294.31ms, mfu 6.29%
model:LGT723E iter 10840: loss 2.6195, time 294.75ms, mfu 6.41%
------average encoder activity 3.746
-----------average decoder density 0.8076
step 10850: train loss 2.3665, val loss 2.4177
saving checkpoint to out-novel-char3_LGT723E_711ea4166a6f7e62afeea754910c06aa
model:LGT723E iter 10850: loss 2.4280, time 4824.30ms, mfu 5.81%
model:LGT723E iter 10860: loss 2.6450, time 293.97ms, mfu 5.99%
model:LGT723E iter 10870: loss 2.3325, time 293.74ms, mfu 6.14%
model:LGT723E iter 10880: loss 2.1932, time 294.03ms, mfu 6.28%
model:LGT723E iter 10890: loss 2.4248, time 293.95ms, mfu 6.41%
------average encoder activity 3.748
-----------average decoder density 0.8108
step 10900: train loss 2.3859, val loss 2.4641
model:LGT723E iter 10900: loss 2.3327, time 4301.25ms, mfu 5.82%
model:LGT723E iter 10910: loss 2.3645, time 294.20ms, mfu 5.99%
model:LGT723E iter 10920: loss 2.4239, time 294.11ms, mfu 6.14%
model:LGT723E iter 10930: loss 2.5806, time 293.89ms, mfu 6.28%
model:LGT723E iter 10940: loss 2.2600, time 295.94ms, mfu 6.40%
------average encoder activity 3.749
-----------average decoder density 0.8377
step 10950: train loss 2.3941, val loss 2.4457
model:LGT723E iter 10950: loss 2.2909, time 4301.50ms, mfu 5.82%
model:LGT723E iter 10960: loss 2.6195, time 294.10ms, mfu 5.99%
model:LGT723E iter 10970: loss 2.3157, time 294.08ms, mfu 6.14%
model:LGT723E iter 10980: loss 2.6444, time 294.42ms, mfu 6.28%
model:LGT723E iter 10990: loss 2.4237, time 295.06ms, mfu 6.40%
------average encoder activity 3.749
-----------average decoder density 0.8569
step 11000: train loss 2.3629, val loss 2.4502
model:LGT723E iter 11000: loss 2.4679, time 4307.50ms, mfu 5.81%
model:LGT723E iter 11010: loss 2.3178, time 294.45ms, mfu 5.99%
model:LGT723E iter 11020: loss 2.4426, time 293.97ms, mfu 6.14%
model:LGT723E iter 11030: loss 2.5367, time 294.26ms, mfu 6.28%
model:LGT723E iter 11040: loss 2.2126, time 293.95ms, mfu 6.41%
------average encoder activity 3.752
-----------average decoder density 0.8105
step 11050: train loss 2.3600, val loss 2.4266
model:LGT723E iter 11050: loss 2.3806, time 4301.30ms, mfu 5.82%
model:LGT723E iter 11060: loss 2.3818, time 294.16ms, mfu 5.99%
model:LGT723E iter 11070: loss 2.2985, time 294.01ms, mfu 6.14%
model:LGT723E iter 11080: loss 2.3715, time 293.99ms, mfu 6.28%
model:LGT723E iter 11090: loss 2.3135, time 294.00ms, mfu 6.41%
------average encoder activity 3.751
-----------average decoder density 0.8216
step 11100: train loss 2.3830, val loss 2.4329
model:LGT723E iter 11100: loss 2.2244, time 4301.08ms, mfu 5.82%
model:LGT723E iter 11110: loss 2.3126, time 294.06ms, mfu 5.99%
model:LGT723E iter 11120: loss 2.3568, time 294.49ms, mfu 6.14%
model:LGT723E iter 11130: loss 2.4868, time 293.69ms, mfu 6.28%
model:LGT723E iter 11140: loss 2.7117, time 294.22ms, mfu 6.41%
------average encoder activity 3.750
-----------average decoder density 0.8325
step 11150: train loss 2.3629, val loss 2.4260
model:LGT723E iter 11150: loss 2.3433, time 4304.37ms, mfu 5.82%
model:LGT723E iter 11160: loss 2.3640, time 293.87ms, mfu 5.99%
model:LGT723E iter 11170: loss 2.2869, time 293.88ms, mfu 6.15%
model:LGT723E iter 11180: loss 2.1744, time 293.78ms, mfu 6.29%
model:LGT723E iter 11190: loss 2.2806, time 294.03ms, mfu 6.41%
------average encoder activity 3.755
-----------average decoder density 0.8155
step 11200: train loss 2.3798, val loss 2.4423
model:LGT723E iter 11200: loss 2.4869, time 4303.66ms, mfu 5.82%
model:LGT723E iter 11210: loss 2.2126, time 294.17ms, mfu 5.99%
model:LGT723E iter 11220: loss 2.4505, time 294.16ms, mfu 6.15%
model:LGT723E iter 11230: loss 2.1429, time 293.88ms, mfu 6.29%
model:LGT723E iter 11240: loss 2.3989, time 294.06ms, mfu 6.41%
------average encoder activity 3.749
-----------average decoder density 0.8557
step 11250: train loss 2.3882, val loss 2.4337
model:LGT723E iter 11250: loss 2.4932, time 4303.92ms, mfu 5.82%
model:LGT723E iter 11260: loss 2.3195, time 294.48ms, mfu 5.99%
model:LGT723E iter 11270: loss 2.3664, time 294.13ms, mfu 6.15%
model:LGT723E iter 11280: loss 2.3678, time 294.12ms, mfu 6.29%
model:LGT723E iter 11290: loss 2.4173, time 294.06ms, mfu 6.41%
------average encoder activity 3.751
-----------average decoder density 0.8407
step 11300: train loss 2.3632, val loss 2.4508
model:LGT723E iter 11300: loss 2.1069, time 4325.57ms, mfu 5.82%
model:LGT723E iter 11310: loss 2.6266, time 294.07ms, mfu 5.99%
model:LGT723E iter 11320: loss 2.7775, time 293.56ms, mfu 6.15%
model:LGT723E iter 11330: loss 2.5132, time 293.54ms, mfu 6.29%
model:LGT723E iter 11340: loss 2.5193, time 293.97ms, mfu 6.41%
------average encoder activity 3.756
-----------average decoder density 0.8240
step 11350: train loss 2.3489, val loss 2.4597
model:LGT723E iter 11350: loss 2.2660, time 4299.62ms, mfu 5.82%
model:LGT723E iter 11360: loss 2.5535, time 293.55ms, mfu 6.00%
model:LGT723E iter 11370: loss 2.4827, time 293.66ms, mfu 6.15%
model:LGT723E iter 11380: loss 2.2341, time 293.52ms, mfu 6.29%
model:LGT723E iter 11390: loss 2.3485, time 293.65ms, mfu 6.42%
------average encoder activity 3.758
-----------average decoder density 0.8389
step 11400: train loss 2.3636, val loss 2.4250
model:LGT723E iter 11400: loss 2.4775, time 4303.60ms, mfu 5.83%
model:LGT723E iter 11410: loss 2.2094, time 293.46ms, mfu 6.00%
model:LGT723E iter 11420: loss 2.5296, time 293.54ms, mfu 6.15%
model:LGT723E iter 11430: loss 2.3878, time 293.46ms, mfu 6.29%
model:LGT723E iter 11440: loss 2.2961, time 293.49ms, mfu 6.42%
------average encoder activity 3.755
-----------average decoder density 0.8339
step 11450: train loss 2.3686, val loss 2.4455
model:LGT723E iter 11450: loss 2.5943, time 4304.24ms, mfu 5.83%
model:LGT723E iter 11460: loss 2.3704, time 293.47ms, mfu 6.00%
model:LGT723E iter 11470: loss 2.2455, time 293.51ms, mfu 6.16%
model:LGT723E iter 11480: loss 2.2298, time 293.40ms, mfu 6.30%
model:LGT723E iter 11490: loss 2.5587, time 293.60ms, mfu 6.42%
------average encoder activity 3.755
-----------average decoder density 0.8272
step 11500: train loss 2.3538, val loss 2.4279
model:LGT723E iter 11500: loss 2.5906, time 4308.97ms, mfu 5.83%
model:LGT723E iter 11510: loss 2.5569, time 293.63ms, mfu 6.00%
model:LGT723E iter 11520: loss 2.7146, time 293.82ms, mfu 6.16%
model:LGT723E iter 11530: loss 2.3605, time 293.57ms, mfu 6.30%
model:LGT723E iter 11540: loss 2.4021, time 293.53ms, mfu 6.42%
------average encoder activity 3.755
-----------average decoder density 0.8305
step 11550: train loss 2.3615, val loss 2.4213
model:LGT723E iter 11550: loss 2.5282, time 4325.83ms, mfu 5.83%
model:LGT723E iter 11560: loss 2.4473, time 293.66ms, mfu 6.00%
model:LGT723E iter 11570: loss 2.4496, time 293.73ms, mfu 6.16%
model:LGT723E iter 11580: loss 2.3290, time 293.47ms, mfu 6.30%
model:LGT723E iter 11590: loss 2.3062, time 293.56ms, mfu 6.42%
------average encoder activity 3.757
-----------average decoder density 0.8361
step 11600: train loss 2.3481, val loss 2.4124
saving checkpoint to out-novel-char3_LGT723E_711ea4166a6f7e62afeea754910c06aa
model:LGT723E iter 11600: loss 2.3255, time 4831.21ms, mfu 5.82%
model:LGT723E iter 11610: loss 2.0909, time 293.66ms, mfu 6.00%
model:LGT723E iter 11620: loss 2.4183, time 293.57ms, mfu 6.15%
model:LGT723E iter 11630: loss 2.7026, time 293.51ms, mfu 6.29%
model:LGT723E iter 11640: loss 2.6781, time 293.55ms, mfu 6.42%
------average encoder activity 3.755
-----------average decoder density 0.8453
step 11650: train loss 2.3695, val loss 2.4506
model:LGT723E iter 11650: loss 2.3751, time 4309.32ms, mfu 5.83%
model:LGT723E iter 11660: loss 2.3198, time 293.57ms, mfu 6.00%
model:LGT723E iter 11670: loss 2.6514, time 293.48ms, mfu 6.15%
model:LGT723E iter 11680: loss 2.3561, time 293.56ms, mfu 6.29%
model:LGT723E iter 11690: loss 2.3871, time 293.55ms, mfu 6.42%
------average encoder activity 3.754
-----------average decoder density 0.8446
step 11700: train loss 2.3436, val loss 2.4485
model:LGT723E iter 11700: loss 2.2397, time 4304.97ms, mfu 5.83%
model:LGT723E iter 11710: loss 2.6552, time 293.58ms, mfu 6.00%
model:LGT723E iter 11720: loss 2.4487, time 293.64ms, mfu 6.16%
model:LGT723E iter 11730: loss 2.5943, time 293.65ms, mfu 6.29%
model:LGT723E iter 11740: loss 2.4641, time 293.59ms, mfu 6.42%
------average encoder activity 3.756
-----------average decoder density 0.8206
step 11750: train loss 2.3612, val loss 2.4337
model:LGT723E iter 11750: loss 2.3151, time 4304.61ms, mfu 5.83%
model:LGT723E iter 11760: loss 2.2861, time 293.62ms, mfu 6.00%
model:LGT723E iter 11770: loss 1.9858, time 293.51ms, mfu 6.16%
model:LGT723E iter 11780: loss 2.1622, time 293.66ms, mfu 6.30%
model:LGT723E iter 11790: loss 2.5094, time 293.47ms, mfu 6.42%
------average encoder activity 3.756
-----------average decoder density 0.8437
step 11800: train loss 2.3397, val loss 2.4287
model:LGT723E iter 11800: loss 2.3561, time 4315.25ms, mfu 5.83%
model:LGT723E iter 11810: loss 2.3720, time 293.69ms, mfu 6.00%
model:LGT723E iter 11820: loss 2.0466, time 293.82ms, mfu 6.16%
model:LGT723E iter 11830: loss 2.4465, time 293.65ms, mfu 6.29%
model:LGT723E iter 11840: loss 2.3599, time 293.52ms, mfu 6.42%
------average encoder activity 3.756
-----------average decoder density 0.8333
step 11850: train loss 2.3313, val loss 2.4164
model:LGT723E iter 11850: loss 2.5577, time 4306.29ms, mfu 5.83%
model:LGT723E iter 11860: loss 2.2690, time 293.53ms, mfu 6.00%
model:LGT723E iter 11870: loss 2.4175, time 293.45ms, mfu 6.16%
model:LGT723E iter 11880: loss 2.4490, time 293.73ms, mfu 6.30%
model:LGT723E iter 11890: loss 2.4375, time 293.55ms, mfu 6.42%
------average encoder activity 3.757
-----------average decoder density 0.8183
step 11900: train loss 2.3488, val loss 2.4101
saving checkpoint to out-novel-char3_LGT723E_711ea4166a6f7e62afeea754910c06aa
model:LGT723E iter 11900: loss 2.2830, time 4825.54ms, mfu 5.82%
model:LGT723E iter 11910: loss 2.2844, time 293.63ms, mfu 6.00%
model:LGT723E iter 11920: loss 2.6701, time 293.43ms, mfu 6.15%
model:LGT723E iter 11930: loss 2.2754, time 294.08ms, mfu 6.29%
model:LGT723E iter 11940: loss 2.5797, time 294.10ms, mfu 6.42%
------average encoder activity 3.753
-----------average decoder density 0.8426
step 11950: train loss 2.3492, val loss 2.4105
model:LGT723E iter 11950: loss 2.3026, time 4302.40ms, mfu 5.83%
model:LGT723E iter 11960: loss 2.0959, time 294.14ms, mfu 6.00%
model:LGT723E iter 11970: loss 2.4884, time 294.01ms, mfu 6.15%
model:LGT723E iter 11980: loss 1.6494, time 293.98ms, mfu 6.29%
model:LGT723E iter 11990: loss 2.6930, time 293.93ms, mfu 6.41%
------average encoder activity 3.753
-----------average decoder density 0.8188
step 12000: train loss 2.3537, val loss 2.3957
saving checkpoint to out-novel-char3_LGT723E_711ea4166a6f7e62afeea754910c06aa
model:LGT723E iter 12000: loss 2.4336, time 4834.75ms, mfu 5.82%
model:LGT723E iter 12010: loss 2.3531, time 293.93ms, mfu 5.99%
model:LGT723E iter 12020: loss 2.0759, time 294.07ms, mfu 6.15%
model:LGT723E iter 12030: loss 2.6655, time 294.14ms, mfu 6.28%
model:LGT723E iter 12040: loss 2.2618, time 294.08ms, mfu 6.41%
------average encoder activity 3.751
-----------average decoder density 0.8274
step 12050: train loss 2.3370, val loss 2.4137
model:LGT723E iter 12050: loss 2.5525, time 4306.06ms, mfu 5.82%
model:LGT723E iter 12060: loss 2.4382, time 294.19ms, mfu 5.99%
model:LGT723E iter 12070: loss 2.3057, time 294.46ms, mfu 6.14%
model:LGT723E iter 12080: loss 2.8328, time 293.97ms, mfu 6.28%
model:LGT723E iter 12090: loss 2.3296, time 294.20ms, mfu 6.41%
------average encoder activity 3.749
-----------average decoder density 0.8392
step 12100: train loss 2.3232, val loss 2.4238
model:LGT723E iter 12100: loss 2.5741, time 4312.51ms, mfu 5.82%
model:LGT723E iter 12110: loss 2.0957, time 294.22ms, mfu 5.99%
model:LGT723E iter 12120: loss 2.2610, time 294.15ms, mfu 6.14%
model:LGT723E iter 12130: loss 2.5953, time 293.80ms, mfu 6.28%
model:LGT723E iter 12140: loss 2.4181, time 294.08ms, mfu 6.41%
------average encoder activity 3.754
-----------average decoder density 0.8355
step 12150: train loss 2.3246, val loss 2.4056
model:LGT723E iter 12150: loss 2.1586, time 4310.09ms, mfu 5.82%
model:LGT723E iter 12160: loss 2.1253, time 294.33ms, mfu 5.99%
model:LGT723E iter 12170: loss 2.3844, time 294.13ms, mfu 6.15%
model:LGT723E iter 12180: loss 2.1291, time 293.94ms, mfu 6.28%
model:LGT723E iter 12190: loss 2.2052, time 293.87ms, mfu 6.41%
------average encoder activity 3.757
-----------average decoder density 0.8091
step 12200: train loss 2.3137, val loss 2.4128
model:LGT723E iter 12200: loss 2.5892, time 4304.09ms, mfu 5.82%
model:LGT723E iter 12210: loss 2.6187, time 294.13ms, mfu 5.99%
model:LGT723E iter 12220: loss 2.0086, time 293.79ms, mfu 6.15%
model:LGT723E iter 12230: loss 2.0316, time 294.08ms, mfu 6.29%
model:LGT723E iter 12240: loss 2.2377, time 294.16ms, mfu 6.41%
------average encoder activity 3.756
-----------average decoder density 0.8252
step 12250: train loss 2.3287, val loss 2.4359
model:LGT723E iter 12250: loss 2.3522, time 4310.82ms, mfu 5.82%
model:LGT723E iter 12260: loss 2.6572, time 294.81ms, mfu 5.99%
model:LGT723E iter 12270: loss 2.0994, time 294.54ms, mfu 6.14%
model:LGT723E iter 12280: loss 2.1443, time 293.72ms, mfu 6.28%
model:LGT723E iter 12290: loss 2.1633, time 293.67ms, mfu 6.41%
------average encoder activity 3.756
-----------average decoder density 0.8264
step 12300: train loss 2.3310, val loss 2.4286
model:LGT723E iter 12300: loss 2.4214, time 4303.83ms, mfu 5.82%
model:LGT723E iter 12310: loss 2.2694, time 293.94ms, mfu 5.99%
model:LGT723E iter 12320: loss 2.4701, time 294.01ms, mfu 6.15%
model:LGT723E iter 12330: loss 2.4905, time 294.02ms, mfu 6.29%
model:LGT723E iter 12340: loss 2.6311, time 294.22ms, mfu 6.41%
------average encoder activity 3.755
-----------average decoder density 0.8000
step 12350: train loss 2.3262, val loss 2.4015
model:LGT723E iter 12350: loss 2.2509, time 4304.03ms, mfu 5.82%
model:LGT723E iter 12360: loss 1.8228, time 293.96ms, mfu 5.99%
model:LGT723E iter 12370: loss 2.3467, time 294.26ms, mfu 6.15%
model:LGT723E iter 12380: loss 2.3668, time 294.07ms, mfu 6.29%
model:LGT723E iter 12390: loss 2.2259, time 293.96ms, mfu 6.41%
------average encoder activity 3.753
-----------average decoder density 0.7882
step 12400: train loss 2.3160, val loss 2.4254
model:LGT723E iter 12400: loss 2.3126, time 4301.61ms, mfu 5.82%
model:LGT723E iter 12410: loss 2.3109, time 294.00ms, mfu 5.99%
model:LGT723E iter 12420: loss 2.4245, time 294.05ms, mfu 6.15%
model:LGT723E iter 12430: loss 2.2539, time 293.93ms, mfu 6.29%
model:LGT723E iter 12440: loss 2.4971, time 294.09ms, mfu 6.41%
------average encoder activity 3.751
-----------average decoder density 0.8209
step 12450: train loss 2.3209, val loss 2.4112
model:LGT723E iter 12450: loss 2.6655, time 4304.80ms, mfu 5.82%
model:LGT723E iter 12460: loss 2.6233, time 293.97ms, mfu 5.99%
model:LGT723E iter 12470: loss 2.2661, time 294.02ms, mfu 6.15%
model:LGT723E iter 12480: loss 2.0381, time 294.43ms, mfu 6.29%
model:LGT723E iter 12490: loss 2.5739, time 294.17ms, mfu 6.41%
------average encoder activity 3.747
-----------average decoder density 0.8275
step 12500: train loss 2.3322, val loss 2.3869
saving checkpoint to out-novel-char3_LGT723E_711ea4166a6f7e62afeea754910c06aa
model:LGT723E iter 12500: loss 2.6249, time 4821.73ms, mfu 5.82%
model:LGT723E iter 12510: loss 2.2368, time 293.87ms, mfu 5.99%
model:LGT723E iter 12520: loss 2.2293, time 293.94ms, mfu 6.14%
model:LGT723E iter 12530: loss 2.2535, time 293.87ms, mfu 6.28%
model:LGT723E iter 12540: loss 2.4799, time 293.99ms, mfu 6.41%
------average encoder activity 3.746
-----------average decoder density 0.8344
step 12550: train loss 2.3153, val loss 2.4123
model:LGT723E iter 12550: loss 2.1536, time 4302.72ms, mfu 5.82%
model:LGT723E iter 12560: loss 2.0737, time 294.05ms, mfu 5.99%
model:LGT723E iter 12570: loss 2.5475, time 294.22ms, mfu 6.14%
model:LGT723E iter 12580: loss 2.4436, time 294.15ms, mfu 6.28%
model:LGT723E iter 12590: loss 2.8244, time 293.94ms, mfu 6.41%
------average encoder activity 3.751
-----------average decoder density 0.8394
step 12600: train loss 2.3342, val loss 2.4070
model:LGT723E iter 12600: loss 2.3743, time 4308.97ms, mfu 5.82%
model:LGT723E iter 12610: loss 2.2152, time 294.03ms, mfu 5.99%
model:LGT723E iter 12620: loss 2.3469, time 294.23ms, mfu 6.15%
model:LGT723E iter 12630: loss 2.5161, time 294.19ms, mfu 6.28%
model:LGT723E iter 12640: loss 2.2785, time 294.26ms, mfu 6.41%
------average encoder activity 3.751
-----------average decoder density 0.8293
step 12650: train loss 2.3319, val loss 2.3997
model:LGT723E iter 12650: loss 2.3210, time 4302.15ms, mfu 5.82%
model:LGT723E iter 12660: loss 1.9934, time 294.55ms, mfu 5.99%
model:LGT723E iter 12670: loss 2.5133, time 293.90ms, mfu 6.15%
model:LGT723E iter 12680: loss 2.5001, time 293.39ms, mfu 6.29%
model:LGT723E iter 12690: loss 2.4256, time 293.53ms, mfu 6.41%
------average encoder activity 3.749
-----------average decoder density 0.8197
step 12700: train loss 2.3107, val loss 2.3979
model:LGT723E iter 12700: loss 2.4029, time 4301.61ms, mfu 5.82%
model:LGT723E iter 12710: loss 2.3594, time 293.45ms, mfu 6.00%
model:LGT723E iter 12720: loss 2.1718, time 293.49ms, mfu 6.15%
model:LGT723E iter 12730: loss 2.2684, time 293.52ms, mfu 6.29%
model:LGT723E iter 12740: loss 2.2380, time 293.72ms, mfu 6.42%
------average encoder activity 3.753
-----------average decoder density 0.7774
step 12750: train loss 2.3314, val loss 2.3879
model:LGT723E iter 12750: loss 2.5733, time 4301.38ms, mfu 5.83%
model:LGT723E iter 12760: loss 2.1739, time 293.54ms, mfu 6.00%
model:LGT723E iter 12770: loss 2.2958, time 293.33ms, mfu 6.15%
model:LGT723E iter 12780: loss 2.4719, time 293.47ms, mfu 6.29%
model:LGT723E iter 12790: loss 2.2708, time 293.42ms, mfu 6.42%
------average encoder activity 3.756
-----------average decoder density 0.7865
step 12800: train loss 2.3057, val loss 2.4023
model:LGT723E iter 12800: loss 2.5915, time 4305.41ms, mfu 5.83%
model:LGT723E iter 12810: loss 2.1329, time 293.46ms, mfu 6.00%
model:LGT723E iter 12820: loss 2.0786, time 293.43ms, mfu 6.16%
model:LGT723E iter 12830: loss 2.2030, time 293.55ms, mfu 6.30%
model:LGT723E iter 12840: loss 2.2115, time 293.53ms, mfu 6.42%
------average encoder activity 3.757
-----------average decoder density 0.8046
step 12850: train loss 2.3083, val loss 2.4177
model:LGT723E iter 12850: loss 2.4911, time 4302.33ms, mfu 5.83%
model:LGT723E iter 12860: loss 2.5499, time 293.60ms, mfu 6.00%
model:LGT723E iter 12870: loss 2.4041, time 293.63ms, mfu 6.16%
model:LGT723E iter 12880: loss 2.4212, time 293.66ms, mfu 6.30%
model:LGT723E iter 12890: loss 2.2703, time 293.46ms, mfu 6.42%
------average encoder activity 3.751
-----------average decoder density 0.8027
step 12900: train loss 2.2959, val loss 2.4003
model:LGT723E iter 12900: loss 2.4112, time 4315.79ms, mfu 5.83%
model:LGT723E iter 12910: loss 2.4542, time 293.77ms, mfu 6.00%
model:LGT723E iter 12920: loss 2.1513, time 293.73ms, mfu 6.16%
model:LGT723E iter 12930: loss 2.5832, time 293.59ms, mfu 6.30%
model:LGT723E iter 12940: loss 2.5588, time 294.23ms, mfu 6.42%
------average encoder activity 3.753
-----------average decoder density 0.7867
step 12950: train loss 2.3129, val loss 2.4081
model:LGT723E iter 12950: loss 2.1828, time 4302.58ms, mfu 5.83%
model:LGT723E iter 12960: loss 2.4160, time 293.70ms, mfu 6.00%
model:LGT723E iter 12970: loss 2.0069, time 294.27ms, mfu 6.15%
model:LGT723E iter 12980: loss 2.3581, time 293.51ms, mfu 6.29%
model:LGT723E iter 12990: loss 2.1338, time 293.71ms, mfu 6.42%
------average encoder activity 3.756
-----------average decoder density 0.7968
step 13000: train loss 2.2967, val loss 2.3887
model:LGT723E iter 13000: loss 2.5934, time 4306.21ms, mfu 5.83%
model:LGT723E iter 13010: loss 2.4296, time 293.76ms, mfu 6.00%
model:LGT723E iter 13020: loss 2.3514, time 293.59ms, mfu 6.15%
model:LGT723E iter 13030: loss 2.1770, time 293.74ms, mfu 6.29%
model:LGT723E iter 13040: loss 2.3576, time 293.59ms, mfu 6.42%
------average encoder activity 3.753
-----------average decoder density 0.8266
step 13050: train loss 2.3014, val loss 2.3778
saving checkpoint to out-novel-char3_LGT723E_711ea4166a6f7e62afeea754910c06aa
model:LGT723E iter 13050: loss 2.3870, time 4823.17ms, mfu 5.82%
model:LGT723E iter 13060: loss 2.2714, time 293.92ms, mfu 5.99%
model:LGT723E iter 13070: loss 2.1813, time 294.50ms, mfu 6.15%
model:LGT723E iter 13080: loss 2.1959, time 294.36ms, mfu 6.29%
model:LGT723E iter 13090: loss 2.2808, time 294.16ms, mfu 6.41%
------average encoder activity 3.753
-----------average decoder density 0.8030
step 13100: train loss 2.3109, val loss 2.3964
model:LGT723E iter 13100: loss 2.3675, time 4304.29ms, mfu 5.82%
model:LGT723E iter 13110: loss 2.0706, time 294.05ms, mfu 5.99%
model:LGT723E iter 13120: loss 2.3024, time 293.91ms, mfu 6.15%
model:LGT723E iter 13130: loss 2.1462, time 293.95ms, mfu 6.29%
model:LGT723E iter 13140: loss 2.0230, time 294.13ms, mfu 6.41%
------average encoder activity 3.753
-----------average decoder density 0.7986
step 13150: train loss 2.2893, val loss 2.3818
model:LGT723E iter 13150: loss 2.1798, time 4304.26ms, mfu 5.82%
model:LGT723E iter 13160: loss 1.9893, time 294.06ms, mfu 5.99%
model:LGT723E iter 13170: loss 2.4858, time 294.20ms, mfu 6.15%
model:LGT723E iter 13180: loss 2.3908, time 294.01ms, mfu 6.29%
model:LGT723E iter 13190: loss 2.3186, time 293.91ms, mfu 6.41%
------average encoder activity 3.755
-----------average decoder density 0.7621
step 13200: train loss 2.3135, val loss 2.3919
model:LGT723E iter 13200: loss 2.4145, time 4300.93ms, mfu 5.82%
model:LGT723E iter 13210: loss 2.4017, time 293.96ms, mfu 5.99%
model:LGT723E iter 13220: loss 2.2494, time 294.05ms, mfu 6.15%
model:LGT723E iter 13230: loss 2.3975, time 293.84ms, mfu 6.29%
model:LGT723E iter 13240: loss 2.4071, time 294.31ms, mfu 6.41%
------average encoder activity 3.755
-----------average decoder density 0.7970
step 13250: train loss 2.3077, val loss 2.3803
model:LGT723E iter 13250: loss 2.4968, time 4301.58ms, mfu 5.82%
model:LGT723E iter 13260: loss 2.3129, time 293.80ms, mfu 5.99%
model:LGT723E iter 13270: loss 2.0567, time 293.97ms, mfu 6.15%
model:LGT723E iter 13280: loss 2.4116, time 294.22ms, mfu 6.29%
model:LGT723E iter 13290: loss 2.5469, time 293.81ms, mfu 6.41%
------average encoder activity 3.757
-----------average decoder density 0.8194
step 13300: train loss 2.3196, val loss 2.3897
model:LGT723E iter 13300: loss 2.1168, time 4301.61ms, mfu 5.82%
model:LGT723E iter 13310: loss 2.3790, time 293.90ms, mfu 5.99%
model:LGT723E iter 13320: loss 2.2507, time 294.03ms, mfu 6.15%
model:LGT723E iter 13330: loss 2.2619, time 293.91ms, mfu 6.29%
model:LGT723E iter 13340: loss 2.3742, time 293.97ms, mfu 6.41%
------average encoder activity 3.754
-----------average decoder density 0.8000
step 13350: train loss 2.3040, val loss 2.3714
saving checkpoint to out-novel-char3_LGT723E_711ea4166a6f7e62afeea754910c06aa
model:LGT723E iter 13350: loss 2.4892, time 4829.45ms, mfu 5.82%
model:LGT723E iter 13360: loss 2.4436, time 293.93ms, mfu 5.99%
model:LGT723E iter 13370: loss 2.4958, time 294.22ms, mfu 6.14%
model:LGT723E iter 13380: loss 2.7377, time 294.03ms, mfu 6.28%
model:LGT723E iter 13390: loss 1.8548, time 294.01ms, mfu 6.41%
------average encoder activity 3.755
-----------average decoder density 0.7507
step 13400: train loss 2.3005, val loss 2.3511
saving checkpoint to out-novel-char3_LGT723E_711ea4166a6f7e62afeea754910c06aa
model:LGT723E iter 13400: loss 2.4368, time 4858.73ms, mfu 5.81%
model:LGT723E iter 13410: loss 2.1801, time 293.80ms, mfu 5.99%
model:LGT723E iter 13420: loss 2.5165, time 293.92ms, mfu 6.14%
model:LGT723E iter 13430: loss 2.5307, time 293.93ms, mfu 6.28%
model:LGT723E iter 13440: loss 1.8849, time 294.33ms, mfu 6.41%
------average encoder activity 3.751
-----------average decoder density 0.8283
step 13450: train loss 2.2797, val loss 2.3948
model:LGT723E iter 13450: loss 2.2259, time 4312.78ms, mfu 5.82%
model:LGT723E iter 13460: loss 2.4480, time 294.00ms, mfu 5.99%
model:LGT723E iter 13470: loss 2.1681, time 294.13ms, mfu 6.14%
model:LGT723E iter 13480: loss 2.5857, time 293.42ms, mfu 6.28%
model:LGT723E iter 13490: loss 2.4646, time 293.43ms, mfu 6.41%
------average encoder activity 3.753
-----------average decoder density 0.7837
step 13500: train loss 2.3156, val loss 2.3612
model:LGT723E iter 13500: loss 2.3929, time 4301.13ms, mfu 5.82%
model:LGT723E iter 13510: loss 2.1696, time 294.19ms, mfu 5.99%
model:LGT723E iter 13520: loss 2.4784, time 293.61ms, mfu 6.15%
model:LGT723E iter 13530: loss 2.3685, time 293.93ms, mfu 6.29%
model:LGT723E iter 13540: loss 2.0523, time 293.93ms, mfu 6.41%
------average encoder activity 3.760
-----------average decoder density 0.7755
step 13550: train loss 2.2905, val loss 2.3864
model:LGT723E iter 13550: loss 2.4487, time 4298.58ms, mfu 5.82%
model:LGT723E iter 13560: loss 2.4744, time 294.04ms, mfu 5.99%
model:LGT723E iter 13570: loss 2.2820, time 294.04ms, mfu 6.15%
model:LGT723E iter 13580: loss 2.3847, time 293.74ms, mfu 6.29%
model:LGT723E iter 13590: loss 2.3871, time 294.68ms, mfu 6.41%
------average encoder activity 3.754
-----------average decoder density 0.8223
step 13600: train loss 2.3052, val loss 2.3878
model:LGT723E iter 13600: loss 2.2155, time 4297.97ms, mfu 5.82%
model:LGT723E iter 13610: loss 2.5541, time 293.58ms, mfu 5.99%
model:LGT723E iter 13620: loss 2.2370, time 293.68ms, mfu 6.15%
model:LGT723E iter 13630: loss 2.0933, time 293.50ms, mfu 6.29%
model:LGT723E iter 13640: loss 2.4619, time 293.40ms, mfu 6.42%
------average encoder activity 3.756
-----------average decoder density 0.8218
step 13650: train loss 2.2942, val loss 2.3660
model:LGT723E iter 13650: loss 2.3731, time 4301.84ms, mfu 5.83%
model:LGT723E iter 13660: loss 2.3012, time 293.57ms, mfu 6.00%
model:LGT723E iter 13670: loss 2.3308, time 293.99ms, mfu 6.15%
model:LGT723E iter 13680: loss 2.0759, time 293.43ms, mfu 6.29%
model:LGT723E iter 13690: loss 2.5550, time 293.57ms, mfu 6.42%
------average encoder activity 3.755
-----------average decoder density 0.8100
step 13700: train loss 2.2931, val loss 2.3538
model:LGT723E iter 13700: loss 2.4855, time 4301.15ms, mfu 5.83%
model:LGT723E iter 13710: loss 2.0133, time 294.02ms, mfu 6.00%
model:LGT723E iter 13720: loss 2.3090, time 293.39ms, mfu 6.15%
model:LGT723E iter 13730: loss 2.2505, time 294.07ms, mfu 6.29%
model:LGT723E iter 13740: loss 2.4182, time 293.91ms, mfu 6.42%
------average encoder activity 3.759
-----------average decoder density 0.8007
step 13750: train loss 2.2841, val loss 2.3701
model:LGT723E iter 13750: loss 2.3630, time 4301.24ms, mfu 5.83%
model:LGT723E iter 13760: loss 2.3847, time 293.81ms, mfu 6.00%
model:LGT723E iter 13770: loss 2.3960, time 293.77ms, mfu 6.15%
model:LGT723E iter 13780: loss 1.9528, time 293.68ms, mfu 6.29%
model:LGT723E iter 13790: loss 2.3573, time 293.78ms, mfu 6.42%
------average encoder activity 3.753
-----------average decoder density 0.8105
step 13800: train loss 2.2971, val loss 2.3801
model:LGT723E iter 13800: loss 2.6644, time 4299.39ms, mfu 5.83%
model:LGT723E iter 13810: loss 2.3414, time 293.82ms, mfu 6.00%
model:LGT723E iter 13820: loss 1.8579, time 294.05ms, mfu 6.15%
model:LGT723E iter 13830: loss 2.1206, time 293.70ms, mfu 6.29%
model:LGT723E iter 13840: loss 2.3781, time 293.64ms, mfu 6.42%
------average encoder activity 3.753
-----------average decoder density 0.8066
step 13850: train loss 2.2820, val loss 2.3526
model:LGT723E iter 13850: loss 2.1839, time 4303.11ms, mfu 5.83%
model:LGT723E iter 13860: loss 2.3101, time 293.44ms, mfu 6.00%
model:LGT723E iter 13870: loss 2.0696, time 293.50ms, mfu 6.15%
model:LGT723E iter 13880: loss 2.3400, time 293.39ms, mfu 6.29%
model:LGT723E iter 13890: loss 2.3557, time 293.32ms, mfu 6.42%
------average encoder activity 3.751
-----------average decoder density 0.8167
step 13900: train loss 2.2791, val loss 2.3696
model:LGT723E iter 13900: loss 2.1418, time 4299.12ms, mfu 5.83%
model:LGT723E iter 13910: loss 2.0909, time 293.46ms, mfu 6.00%
model:LGT723E iter 13920: loss 2.0803, time 293.43ms, mfu 6.16%
model:LGT723E iter 13930: loss 2.4428, time 293.56ms, mfu 6.30%
model:LGT723E iter 13940: loss 2.5804, time 293.67ms, mfu 6.42%
------average encoder activity 3.748
-----------average decoder density 0.8160
step 13950: train loss 2.2658, val loss 2.3496
saving checkpoint to out-novel-char3_LGT723E_711ea4166a6f7e62afeea754910c06aa
model:LGT723E iter 13950: loss 2.4633, time 4822.95ms, mfu 5.83%
model:LGT723E iter 13960: loss 2.2067, time 293.56ms, mfu 6.00%
model:LGT723E iter 13970: loss 2.0329, time 293.46ms, mfu 6.15%
model:LGT723E iter 13980: loss 2.1841, time 293.46ms, mfu 6.29%
model:LGT723E iter 13990: loss 2.1568, time 293.60ms, mfu 6.42%
------average encoder activity 3.751
-----------average decoder density 0.8223
step 14000: train loss 2.2919, val loss 2.3627
model:LGT723E iter 14000: loss 2.3806, time 4306.48ms, mfu 5.83%
model:LGT723E iter 14010: loss 2.0276, time 293.58ms, mfu 6.00%
model:LGT723E iter 14020: loss 2.3414, time 306.32ms, mfu 6.12%
model:LGT723E iter 14030: loss 2.3701, time 294.09ms, mfu 6.26%
model:LGT723E iter 14040: loss 2.2240, time 294.13ms, mfu 6.39%
------average encoder activity 3.750
-----------average decoder density 0.7941
step 14050: train loss 2.2792, val loss 2.3543
model:LGT723E iter 14050: loss 2.5864, time 4304.69ms, mfu 5.80%
model:LGT723E iter 14060: loss 2.0194, time 294.03ms, mfu 5.98%
model:LGT723E iter 14070: loss 2.3502, time 294.13ms, mfu 6.13%
model:LGT723E iter 14080: loss 2.0252, time 293.94ms, mfu 6.27%
model:LGT723E iter 14090: loss 2.2457, time 294.14ms, mfu 6.40%
------average encoder activity 3.749
-----------average decoder density 0.7961
step 14100: train loss 2.2820, val loss 2.3878
model:LGT723E iter 14100: loss 2.1731, time 4307.93ms, mfu 5.81%
model:LGT723E iter 14110: loss 2.4122, time 293.95ms, mfu 5.98%
model:LGT723E iter 14120: loss 2.2681, time 294.28ms, mfu 6.14%
model:LGT723E iter 14130: loss 1.8804, time 294.93ms, mfu 6.28%
model:LGT723E iter 14140: loss 2.1410, time 294.09ms, mfu 6.40%
------average encoder activity 3.747
-----------average decoder density 0.8000
step 14150: train loss 2.2769, val loss 2.3442
saving checkpoint to out-novel-char3_LGT723E_711ea4166a6f7e62afeea754910c06aa
model:LGT723E iter 14150: loss 2.1242, time 4833.05ms, mfu 5.81%
model:LGT723E iter 14160: loss 1.7532, time 294.04ms, mfu 5.98%
model:LGT723E iter 14170: loss 1.9892, time 294.13ms, mfu 6.14%
model:LGT723E iter 14180: loss 2.3872, time 294.03ms, mfu 6.28%
model:LGT723E iter 14190: loss 2.2708, time 294.14ms, mfu 6.40%
------average encoder activity 3.745
-----------average decoder density 0.7717
step 14200: train loss 2.2809, val loss 2.3701
model:LGT723E iter 14200: loss 2.6310, time 4313.58ms, mfu 5.81%
model:LGT723E iter 14210: loss 2.3393, time 293.60ms, mfu 5.99%
model:LGT723E iter 14220: loss 2.1395, time 293.53ms, mfu 6.14%
model:LGT723E iter 14230: loss 2.5704, time 293.55ms, mfu 6.28%
model:LGT723E iter 14240: loss 2.4192, time 293.90ms, mfu 6.41%
------average encoder activity 3.743
-----------average decoder density 0.7970
step 14250: train loss 2.2836, val loss 2.3615
model:LGT723E iter 14250: loss 2.3000, time 4309.56ms, mfu 5.82%
model:LGT723E iter 14260: loss 2.4563, time 293.87ms, mfu 5.99%
model:LGT723E iter 14270: loss 2.3918, time 294.17ms, mfu 6.15%
model:LGT723E iter 14280: loss 2.2042, time 294.22ms, mfu 6.28%
model:LGT723E iter 14290: loss 2.3028, time 294.13ms, mfu 6.41%
------average encoder activity 3.744
-----------average decoder density 0.7675
step 14300: train loss 2.2565, val loss 2.3726
model:LGT723E iter 14300: loss 2.2644, time 4310.70ms, mfu 5.82%
model:LGT723E iter 14310: loss 2.3587, time 294.17ms, mfu 5.99%
model:LGT723E iter 14320: loss 2.2240, time 293.92ms, mfu 6.15%
model:LGT723E iter 14330: loss 2.4017, time 294.02ms, mfu 6.29%
model:LGT723E iter 14340: loss 2.2935, time 293.47ms, mfu 6.41%
------average encoder activity 3.745
-----------average decoder density 0.8362
step 14350: train loss 2.2677, val loss 2.3345
saving checkpoint to out-novel-char3_LGT723E_711ea4166a6f7e62afeea754910c06aa
model:LGT723E iter 14350: loss 2.0998, time 4843.20ms, mfu 5.82%
model:LGT723E iter 14360: loss 2.1263, time 296.35ms, mfu 5.98%
model:LGT723E iter 14370: loss 2.2543, time 293.97ms, mfu 6.14%
model:LGT723E iter 14380: loss 2.4149, time 294.06ms, mfu 6.28%
model:LGT723E iter 14390: loss 2.3270, time 293.84ms, mfu 6.40%
------average encoder activity 3.742
-----------average decoder density 0.7798
step 14400: train loss 2.2570, val loss 2.3625
model:LGT723E iter 14400: loss 2.6012, time 4306.13ms, mfu 5.82%
model:LGT723E iter 14410: loss 2.4285, time 293.66ms, mfu 5.99%
model:LGT723E iter 14420: loss 2.0307, time 294.42ms, mfu 6.14%
model:LGT723E iter 14430: loss 2.0682, time 293.80ms, mfu 6.28%
model:LGT723E iter 14440: loss 2.0128, time 294.86ms, mfu 6.41%
------average encoder activity 3.742
-----------average decoder density 0.8107
step 14450: train loss 2.2613, val loss 2.3554
model:LGT723E iter 14450: loss 2.4603, time 4299.59ms, mfu 5.82%
model:LGT723E iter 14460: loss 2.2158, time 293.35ms, mfu 5.99%
model:LGT723E iter 14470: loss 2.4667, time 293.39ms, mfu 6.15%
model:LGT723E iter 14480: loss 2.1317, time 293.33ms, mfu 6.29%
model:LGT723E iter 14490: loss 2.2014, time 293.46ms, mfu 6.41%
------average encoder activity 3.743
-----------average decoder density 0.7948
step 14500: train loss 2.2721, val loss 2.3083
saving checkpoint to out-novel-char3_LGT723E_711ea4166a6f7e62afeea754910c06aa
model:LGT723E iter 14500: loss 2.4130, time 4815.64ms, mfu 5.82%
model:LGT723E iter 14510: loss 2.4010, time 294.15ms, mfu 5.99%
model:LGT723E iter 14520: loss 2.1651, time 293.41ms, mfu 6.15%
model:LGT723E iter 14530: loss 2.2342, time 293.99ms, mfu 6.29%
model:LGT723E iter 14540: loss 2.6005, time 293.96ms, mfu 6.41%
------average encoder activity 3.746
-----------average decoder density 0.7946
step 14550: train loss 2.2733, val loss 2.3577
model:LGT723E iter 14550: loss 2.1728, time 4301.81ms, mfu 5.82%
model:LGT723E iter 14560: loss 1.9343, time 293.44ms, mfu 5.99%
model:LGT723E iter 14570: loss 2.4274, time 293.49ms, mfu 6.15%
model:LGT723E iter 14580: loss 2.2717, time 293.46ms, mfu 6.29%
model:LGT723E iter 14590: loss 2.0376, time 293.44ms, mfu 6.42%
------average encoder activity 3.750
-----------average decoder density 0.7979
step 14600: train loss 2.2679, val loss 2.3231
model:LGT723E iter 14600: loss 2.3133, time 4315.41ms, mfu 5.83%
model:LGT723E iter 14610: loss 1.9602, time 293.67ms, mfu 6.00%
model:LGT723E iter 14620: loss 2.3843, time 293.46ms, mfu 6.15%
model:LGT723E iter 14630: loss 2.5571, time 293.94ms, mfu 6.29%
model:LGT723E iter 14640: loss 2.2967, time 295.21ms, mfu 6.41%
------average encoder activity 3.745
-----------average decoder density 0.8000
step 14650: train loss 2.2597, val loss 2.3587
model:LGT723E iter 14650: loss 2.3465, time 4316.67ms, mfu 5.82%
model:LGT723E iter 14660: loss 2.1077, time 294.09ms, mfu 5.99%
model:LGT723E iter 14670: loss 2.2682, time 293.89ms, mfu 6.15%
model:LGT723E iter 14680: loss 2.2251, time 294.07ms, mfu 6.29%
model:LGT723E iter 14690: loss 2.1585, time 294.13ms, mfu 6.41%
------average encoder activity 3.747
-----------average decoder density 0.7662
step 14700: train loss 2.2429, val loss 2.3572
model:LGT723E iter 14700: loss 2.2137, time 4297.65ms, mfu 5.82%
model:LGT723E iter 14710: loss 2.2845, time 293.96ms, mfu 5.99%
model:LGT723E iter 14720: loss 2.1085, time 294.09ms, mfu 6.15%
model:LGT723E iter 14730: loss 2.1336, time 294.68ms, mfu 6.29%
model:LGT723E iter 14740: loss 2.0943, time 293.93ms, mfu 6.41%
------average encoder activity 3.742
-----------average decoder density 0.7882
step 14750: train loss 2.2479, val loss 2.3507
model:LGT723E iter 14750: loss 2.1373, time 4299.91ms, mfu 5.82%
model:LGT723E iter 14760: loss 2.1044, time 294.15ms, mfu 5.99%
model:LGT723E iter 14770: loss 2.0957, time 293.68ms, mfu 6.15%
model:LGT723E iter 14780: loss 1.9731, time 293.76ms, mfu 6.29%
model:LGT723E iter 14790: loss 2.6458, time 294.60ms, mfu 6.41%
------average encoder activity 3.743
-----------average decoder density 0.8030
step 14800: train loss 2.2528, val loss 2.3811
model:LGT723E iter 14800: loss 2.3423, time 4306.42ms, mfu 5.82%
model:LGT723E iter 14810: loss 2.3883, time 294.41ms, mfu 5.99%
model:LGT723E iter 14820: loss 2.5186, time 294.60ms, mfu 6.15%
model:LGT723E iter 14830: loss 2.3465, time 294.15ms, mfu 6.28%
model:LGT723E iter 14840: loss 2.5689, time 294.10ms, mfu 6.41%
------average encoder activity 3.746
-----------average decoder density 0.8014
step 14850: train loss 2.2357, val loss 2.3738
model:LGT723E iter 14850: loss 2.2236, time 4313.63ms, mfu 5.82%
model:LGT723E iter 14860: loss 2.4181, time 293.68ms, mfu 5.99%
model:LGT723E iter 14870: loss 2.1624, time 294.23ms, mfu 6.15%
model:LGT723E iter 14880: loss 2.1762, time 294.01ms, mfu 6.29%
model:LGT723E iter 14890: loss 2.1983, time 293.78ms, mfu 6.41%
------average encoder activity 3.747
-----------average decoder density 0.8180
step 14900: train loss 2.2534, val loss 2.3140
model:LGT723E iter 14900: loss 2.4401, time 4305.32ms, mfu 5.82%
model:LGT723E iter 14910: loss 2.0406, time 294.00ms, mfu 5.99%
model:LGT723E iter 14920: loss 2.3934, time 293.87ms, mfu 6.15%
model:LGT723E iter 14930: loss 2.2569, time 293.45ms, mfu 6.29%
model:LGT723E iter 14940: loss 2.1156, time 293.53ms, mfu 6.41%
------average encoder activity 3.747
-----------average decoder density 0.8044
step 14950: train loss 2.2482, val loss 2.3550
model:LGT723E iter 14950: loss 2.2299, time 4310.49ms, mfu 5.82%
model:LGT723E iter 14960: loss 2.1287, time 293.62ms, mfu 6.00%
model:LGT723E iter 14970: loss 2.1251, time 293.45ms, mfu 6.15%
model:LGT723E iter 14980: loss 2.1617, time 293.78ms, mfu 6.29%
model:LGT723E iter 14990: loss 2.4487, time 293.89ms, mfu 6.42%
------average encoder activity 3.745
-----------average decoder density 0.7994
step 15000: train loss 2.2512, val loss 2.3485
model:LGT723E iter 15000: loss 1.8597, time 4303.95ms, mfu 5.83%
model:LGT723E iter 15010: loss 2.4996, time 293.78ms, mfu 6.00%
model:LGT723E iter 15020: loss 2.3081, time 293.88ms, mfu 6.15%
model:LGT723E iter 15030: loss 2.3822, time 294.34ms, mfu 6.29%
model:LGT723E iter 15040: loss 2.2371, time 293.93ms, mfu 6.41%
------average encoder activity 3.738
-----------average decoder density 0.7829
step 15050: train loss 2.2526, val loss 2.3394
model:LGT723E iter 15050: loss 2.2918, time 4315.96ms, mfu 5.82%
model:LGT723E iter 15060: loss 2.5253, time 293.87ms, mfu 6.00%
model:LGT723E iter 15070: loss 2.4183, time 294.05ms, mfu 6.15%
model:LGT723E iter 15080: loss 2.3979, time 293.83ms, mfu 6.29%
model:LGT723E iter 15090: loss 2.2755, time 294.16ms, mfu 6.41%
------average encoder activity 3.742
-----------average decoder density 0.8230
step 15100: train loss 2.2460, val loss 2.3463
model:LGT723E iter 15100: loss 2.3055, time 4303.45ms, mfu 5.82%
model:LGT723E iter 15110: loss 2.2172, time 293.79ms, mfu 6.00%
model:LGT723E iter 15120: loss 2.1750, time 294.13ms, mfu 6.15%
model:LGT723E iter 15130: loss 2.4638, time 294.03ms, mfu 6.29%
model:LGT723E iter 15140: loss 2.0863, time 293.89ms, mfu 6.41%
------average encoder activity 3.739
-----------average decoder density 0.8141
step 15150: train loss 2.2389, val loss 2.3467
model:LGT723E iter 15150: loss 2.3667, time 4302.03ms, mfu 5.82%
model:LGT723E iter 15160: loss 2.3365, time 294.41ms, mfu 5.99%
model:LGT723E iter 15170: loss 2.3017, time 293.95ms, mfu 6.15%
model:LGT723E iter 15180: loss 2.5120, time 293.94ms, mfu 6.29%
model:LGT723E iter 15190: loss 2.0630, time 293.91ms, mfu 6.41%
------average encoder activity 3.737
-----------average decoder density 0.7894
step 15200: train loss 2.2550, val loss 2.3523
model:LGT723E iter 15200: loss 2.3416, time 4300.69ms, mfu 5.82%
model:LGT723E iter 15210: loss 2.3265, time 293.94ms, mfu 5.99%
model:LGT723E iter 15220: loss 2.5515, time 294.00ms, mfu 6.15%
model:LGT723E iter 15230: loss 2.2577, time 294.00ms, mfu 6.29%
model:LGT723E iter 15240: loss 2.2400, time 294.01ms, mfu 6.41%
------average encoder activity 3.738
-----------average decoder density 0.7908
step 15250: train loss 2.2332, val loss 2.3577
model:LGT723E iter 15250: loss 2.5775, time 4300.03ms, mfu 5.82%
model:LGT723E iter 15260: loss 2.2947, time 293.91ms, mfu 5.99%
model:LGT723E iter 15270: loss 2.1794, time 293.96ms, mfu 6.15%
model:LGT723E iter 15280: loss 2.0806, time 293.81ms, mfu 6.29%
model:LGT723E iter 15290: loss 2.2261, time 293.90ms, mfu 6.41%
------average encoder activity 3.740
-----------average decoder density 0.8318
step 15300: train loss 2.2354, val loss 2.3328
model:LGT723E iter 15300: loss 2.5613, time 4298.39ms, mfu 5.82%
model:LGT723E iter 15310: loss 2.2674, time 293.95ms, mfu 6.00%
model:LGT723E iter 15320: loss 2.3334, time 293.81ms, mfu 6.15%
model:LGT723E iter 15330: loss 2.5865, time 293.77ms, mfu 6.29%
model:LGT723E iter 15340: loss 2.1644, time 293.98ms, mfu 6.41%
------average encoder activity 3.740
-----------average decoder density 0.8171
step 15350: train loss 2.2301, val loss 2.3379
model:LGT723E iter 15350: loss 2.3700, time 4300.88ms, mfu 5.82%
model:LGT723E iter 15360: loss 2.1925, time 294.39ms, mfu 5.99%
model:LGT723E iter 15370: loss 2.4741, time 294.01ms, mfu 6.15%
model:LGT723E iter 15380: loss 2.1352, time 293.92ms, mfu 6.29%
model:LGT723E iter 15390: loss 2.5865, time 294.17ms, mfu 6.41%
------average encoder activity 3.742
-----------average decoder density 0.7984
step 15400: train loss 2.2445, val loss 2.3197
model:LGT723E iter 15400: loss 2.2591, time 4299.30ms, mfu 5.82%
model:LGT723E iter 15410: loss 2.2552, time 293.99ms, mfu 5.99%
model:LGT723E iter 15420: loss 2.1852, time 293.98ms, mfu 6.15%
model:LGT723E iter 15430: loss 2.2396, time 293.47ms, mfu 6.29%
model:LGT723E iter 15440: loss 2.4107, time 293.58ms, mfu 6.42%
------average encoder activity 3.738
-----------average decoder density 0.8089
step 15450: train loss 2.2479, val loss 2.3426
model:LGT723E iter 15450: loss 1.9528, time 4303.12ms, mfu 5.83%
model:LGT723E iter 15460: loss 2.0514, time 293.47ms, mfu 6.00%
model:LGT723E iter 15470: loss 2.2335, time 294.53ms, mfu 6.15%
model:LGT723E iter 15480: loss 1.8287, time 293.47ms, mfu 6.29%
model:LGT723E iter 15490: loss 2.3319, time 293.53ms, mfu 6.42%
------average encoder activity 3.741
-----------average decoder density 0.8135
step 15500: train loss 2.2368, val loss 2.3354
model:LGT723E iter 15500: loss 1.9506, time 4304.38ms, mfu 5.83%
model:LGT723E iter 15510: loss 1.7892, time 293.43ms, mfu 6.00%
model:LGT723E iter 15520: loss 2.1793, time 293.81ms, mfu 6.15%
model:LGT723E iter 15530: loss 2.2635, time 297.98ms, mfu 6.28%
model:LGT723E iter 15540: loss 2.1529, time 293.83ms, mfu 6.41%
------average encoder activity 3.738
-----------average decoder density 0.7649
step 15550: train loss 2.2375, val loss 2.3279
model:LGT723E iter 15550: loss 2.1136, time 4308.10ms, mfu 5.82%
model:LGT723E iter 15560: loss 2.2403, time 294.10ms, mfu 5.99%
model:LGT723E iter 15570: loss 2.1703, time 294.11ms, mfu 6.14%
model:LGT723E iter 15580: loss 2.3416, time 294.93ms, mfu 6.28%
model:LGT723E iter 15590: loss 1.9168, time 301.02ms, mfu 6.39%
------average encoder activity 3.740
-----------average decoder density 0.7804
step 15600: train loss 2.2330, val loss 2.3447
model:LGT723E iter 15600: loss 2.1129, time 4300.32ms, mfu 5.80%
model:LGT723E iter 15610: loss 2.4127, time 294.23ms, mfu 5.98%
model:LGT723E iter 15620: loss 2.4117, time 294.68ms, mfu 6.13%
model:LGT723E iter 15630: loss 2.2208, time 293.86ms, mfu 6.27%
model:LGT723E iter 15640: loss 1.7407, time 296.87ms, mfu 6.39%
------average encoder activity 3.737
-----------average decoder density 0.8095
step 15650: train loss 2.2460, val loss 2.3389
model:LGT723E iter 15650: loss 2.1695, time 4301.60ms, mfu 5.80%
model:LGT723E iter 15660: loss 2.5637, time 293.79ms, mfu 5.98%
model:LGT723E iter 15670: loss 2.2654, time 294.90ms, mfu 6.13%
model:LGT723E iter 15680: loss 2.0596, time 294.76ms, mfu 6.27%
model:LGT723E iter 15690: loss 2.0589, time 294.01ms, mfu 6.40%
------average encoder activity 3.736
-----------average decoder density 0.8102
step 15700: train loss 2.2068, val loss 2.3232
model:LGT723E iter 15700: loss 2.1236, time 4303.19ms, mfu 5.81%
model:LGT723E iter 15710: loss 2.2530, time 293.43ms, mfu 5.98%
model:LGT723E iter 15720: loss 2.5543, time 293.87ms, mfu 6.14%
model:LGT723E iter 15730: loss 2.3720, time 293.76ms, mfu 6.28%
model:LGT723E iter 15740: loss 1.9853, time 293.73ms, mfu 6.41%
------average encoder activity 3.734
-----------average decoder density 0.7640
step 15750: train loss 2.2351, val loss 2.3303
model:LGT723E iter 15750: loss 1.9982, time 4299.89ms, mfu 5.82%
model:LGT723E iter 15760: loss 2.1947, time 293.41ms, mfu 5.99%
model:LGT723E iter 15770: loss 2.1781, time 293.63ms, mfu 6.15%
model:LGT723E iter 15780: loss 2.6034, time 293.59ms, mfu 6.29%
model:LGT723E iter 15790: loss 2.3451, time 293.48ms, mfu 6.41%
------average encoder activity 3.736
-----------average decoder density 0.7943
step 15800: train loss 2.2379, val loss 2.3149
model:LGT723E iter 15800: loss 2.0566, time 4302.24ms, mfu 5.82%
model:LGT723E iter 15810: loss 2.3679, time 293.44ms, mfu 6.00%
model:LGT723E iter 15820: loss 2.2218, time 293.55ms, mfu 6.15%
model:LGT723E iter 15830: loss 2.2288, time 293.45ms, mfu 6.29%
model:LGT723E iter 15840: loss 2.2715, time 293.80ms, mfu 6.42%
------average encoder activity 3.734
-----------average decoder density 0.8000
step 15850: train loss 2.2456, val loss 2.3223
model:LGT723E iter 15850: loss 2.3537, time 4301.47ms, mfu 5.83%
model:LGT723E iter 15860: loss 2.0549, time 293.55ms, mfu 6.00%
model:LGT723E iter 15870: loss 2.0630, time 293.43ms, mfu 6.15%
model:LGT723E iter 15880: loss 2.0748, time 293.51ms, mfu 6.29%
model:LGT723E iter 15890: loss 2.5966, time 293.70ms, mfu 6.42%
------average encoder activity 3.733
-----------average decoder density 0.8079
step 15900: train loss 2.2548, val loss 2.3044
saving checkpoint to out-novel-char3_LGT723E_711ea4166a6f7e62afeea754910c06aa
model:LGT723E iter 15900: loss 2.0599, time 4831.09ms, mfu 5.82%
model:LGT723E iter 15910: loss 2.1956, time 293.56ms, mfu 6.00%
model:LGT723E iter 15920: loss 2.5802, time 293.65ms, mfu 6.15%
model:LGT723E iter 15930: loss 2.5711, time 293.73ms, mfu 6.29%
model:LGT723E iter 15940: loss 2.1044, time 293.86ms, mfu 6.42%
------average encoder activity 3.730
-----------average decoder density 0.7720
step 15950: train loss 2.2316, val loss 2.3324
model:LGT723E iter 15950: loss 2.2064, time 4304.42ms, mfu 5.83%
model:LGT723E iter 15960: loss 2.1913, time 293.54ms, mfu 6.00%
model:LGT723E iter 15970: loss 2.2458, time 293.43ms, mfu 6.15%
model:LGT723E iter 15980: loss 2.3325, time 293.48ms, mfu 6.29%
model:LGT723E iter 15990: loss 2.1904, time 294.07ms, mfu 6.42%
------average encoder activity 3.732
-----------average decoder density 0.8041
step 16000: train loss 2.2015, val loss 2.3188
model:LGT723E iter 16000: loss 2.5166, time 4303.79ms, mfu 5.83%
model:LGT723E iter 16010: loss 2.0811, time 293.41ms, mfu 6.00%
model:LGT723E iter 16020: loss 2.3284, time 293.74ms, mfu 6.15%
model:LGT723E iter 16030: loss 2.3805, time 293.48ms, mfu 6.29%
model:LGT723E iter 16040: loss 2.3232, time 293.96ms, mfu 6.42%
------average encoder activity 3.733
-----------average decoder density 0.7876
step 16050: train loss 2.2155, val loss 2.3375
model:LGT723E iter 16050: loss 2.3495, time 4304.32ms, mfu 5.83%
model:LGT723E iter 16060: loss 2.2660, time 294.09ms, mfu 6.00%
model:LGT723E iter 16070: loss 2.3553, time 293.94ms, mfu 6.15%
model:LGT723E iter 16080: loss 2.0635, time 293.52ms, mfu 6.29%
model:LGT723E iter 16090: loss 2.2789, time 293.39ms, mfu 6.42%
------average encoder activity 3.735
-----------average decoder density 0.7987
step 16100: train loss 2.2165, val loss 2.3205
model:LGT723E iter 16100: loss 2.3245, time 4302.30ms, mfu 5.83%
model:LGT723E iter 16110: loss 2.1467, time 293.43ms, mfu 6.00%
model:LGT723E iter 16120: loss 2.0514, time 293.86ms, mfu 6.15%
model:LGT723E iter 16130: loss 1.9802, time 293.64ms, mfu 6.29%
model:LGT723E iter 16140: loss 2.0380, time 293.62ms, mfu 6.42%
------average encoder activity 3.738
-----------average decoder density 0.8140
step 16150: train loss 2.2397, val loss 2.3305
model:LGT723E iter 16150: loss 2.4041, time 4305.84ms, mfu 5.83%
model:LGT723E iter 16160: loss 2.0926, time 293.45ms, mfu 6.00%
model:LGT723E iter 16170: loss 1.9111, time 293.45ms, mfu 6.16%
model:LGT723E iter 16180: loss 2.1828, time 293.76ms, mfu 6.29%
model:LGT723E iter 16190: loss 2.4098, time 293.49ms, mfu 6.42%
------average encoder activity 3.732
-----------average decoder density 0.8055
step 16200: train loss 2.2263, val loss 2.3260
model:LGT723E iter 16200: loss 2.2735, time 4300.92ms, mfu 5.83%
model:LGT723E iter 16210: loss 2.3446, time 293.65ms, mfu 6.00%
model:LGT723E iter 16220: loss 2.4774, time 293.70ms, mfu 6.16%
model:LGT723E iter 16230: loss 2.3452, time 293.49ms, mfu 6.30%
model:LGT723E iter 16240: loss 2.3624, time 293.50ms, mfu 6.42%
------average encoder activity 3.732
-----------average decoder density 0.7870
step 16250: train loss 2.2143, val loss 2.3336
model:LGT723E iter 16250: loss 2.1677, time 4305.86ms, mfu 5.83%
model:LGT723E iter 16260: loss 2.4162, time 293.49ms, mfu 6.00%
model:LGT723E iter 16270: loss 2.2723, time 293.34ms, mfu 6.16%
model:LGT723E iter 16280: loss 1.9212, time 293.33ms, mfu 6.30%
model:LGT723E iter 16290: loss 2.2703, time 293.55ms, mfu 6.42%
------average encoder activity 3.732
-----------average decoder density 0.8162
step 16300: train loss 2.2146, val loss 2.3065
model:LGT723E iter 16300: loss 2.0511, time 4311.45ms, mfu 5.83%
model:LGT723E iter 16310: loss 2.0029, time 295.77ms, mfu 6.00%
model:LGT723E iter 16320: loss 2.1876, time 294.15ms, mfu 6.15%
model:LGT723E iter 16330: loss 2.6008, time 294.50ms, mfu 6.29%
model:LGT723E iter 16340: loss 1.9419, time 294.37ms, mfu 6.41%
------average encoder activity 3.730
-----------average decoder density 0.7914
step 16350: train loss 2.2142, val loss 2.3188
model:LGT723E iter 16350: loss 2.2096, time 4306.28ms, mfu 5.82%
model:LGT723E iter 16360: loss 2.6704, time 293.70ms, mfu 6.00%
model:LGT723E iter 16370: loss 2.3092, time 293.48ms, mfu 6.15%
model:LGT723E iter 16380: loss 2.3120, time 293.44ms, mfu 6.29%
model:LGT723E iter 16390: loss 2.2051, time 293.52ms, mfu 6.42%
------average encoder activity 3.732
-----------average decoder density 0.8114
step 16400: train loss 2.1880, val loss 2.3181
model:LGT723E iter 16400: loss 2.3619, time 4303.44ms, mfu 5.83%
model:LGT723E iter 16410: loss 2.3092, time 293.38ms, mfu 6.00%
model:LGT723E iter 16420: loss 2.1224, time 294.47ms, mfu 6.15%
model:LGT723E iter 16430: loss 2.1592, time 293.91ms, mfu 6.29%
model:LGT723E iter 16440: loss 2.3217, time 293.85ms, mfu 6.42%
------average encoder activity 3.734
-----------average decoder density 0.7932
step 16450: train loss 2.2179, val loss 2.3040
saving checkpoint to out-novel-char3_LGT723E_711ea4166a6f7e62afeea754910c06aa
model:LGT723E iter 16450: loss 2.2628, time 4837.15ms, mfu 5.82%
model:LGT723E iter 16460: loss 2.3169, time 294.13ms, mfu 5.99%
model:LGT723E iter 16470: loss 2.2696, time 293.96ms, mfu 6.15%
model:LGT723E iter 16480: loss 2.3277, time 294.23ms, mfu 6.28%
model:LGT723E iter 16490: loss 2.0607, time 294.39ms, mfu 6.41%
------average encoder activity 3.734
-----------average decoder density 0.8069
step 16500: train loss 2.2206, val loss 2.3241
model:LGT723E iter 16500: loss 2.3591, time 4303.82ms, mfu 5.82%
model:LGT723E iter 16510: loss 2.4704, time 294.60ms, mfu 5.99%
model:LGT723E iter 16520: loss 2.1289, time 294.16ms, mfu 6.14%
model:LGT723E iter 16530: loss 2.5446, time 294.03ms, mfu 6.28%
model:LGT723E iter 16540: loss 2.1114, time 293.98ms, mfu 6.41%
------average encoder activity 3.736
-----------average decoder density 0.7827
step 16550: train loss 2.2037, val loss 2.3128
model:LGT723E iter 16550: loss 2.4100, time 4298.55ms, mfu 5.82%
model:LGT723E iter 16560: loss 2.4523, time 293.88ms, mfu 5.99%
model:LGT723E iter 16570: loss 2.2704, time 293.75ms, mfu 6.15%
model:LGT723E iter 16580: loss 2.3506, time 294.17ms, mfu 6.29%
model:LGT723E iter 16590: loss 2.2027, time 293.44ms, mfu 6.41%
------average encoder activity 3.740
-----------average decoder density 0.8113
step 16600: train loss 2.2146, val loss 2.2863
saving checkpoint to out-novel-char3_LGT723E_711ea4166a6f7e62afeea754910c06aa
model:LGT723E iter 16600: loss 2.4574, time 4837.08ms, mfu 5.82%
model:LGT723E iter 16610: loss 2.4062, time 293.75ms, mfu 5.99%
model:LGT723E iter 16620: loss 2.2320, time 293.38ms, mfu 6.15%
model:LGT723E iter 16630: loss 2.1710, time 294.70ms, mfu 6.28%
model:LGT723E iter 16640: loss 2.2754, time 296.05ms, mfu 6.40%
------average encoder activity 3.733
-----------average decoder density 0.7957
step 16650: train loss 2.2181, val loss 2.3418
model:LGT723E iter 16650: loss 2.3379, time 4305.59ms, mfu 5.81%
model:LGT723E iter 16660: loss 2.2238, time 294.47ms, mfu 5.99%
model:LGT723E iter 16670: loss 2.2993, time 293.99ms, mfu 6.14%
model:LGT723E iter 16680: loss 2.1390, time 293.89ms, mfu 6.28%
model:LGT723E iter 16690: loss 2.4792, time 294.13ms, mfu 6.41%
------average encoder activity 3.732
-----------average decoder density 0.8102
step 16700: train loss 2.2278, val loss 2.2857
saving checkpoint to out-novel-char3_LGT723E_711ea4166a6f7e62afeea754910c06aa
model:LGT723E iter 16700: loss 2.2374, time 4925.26ms, mfu 5.81%
model:LGT723E iter 16710: loss 1.6866, time 293.97ms, mfu 5.98%
model:LGT723E iter 16720: loss 2.2250, time 293.81ms, mfu 6.14%
model:LGT723E iter 16730: loss 2.0661, time 294.25ms, mfu 6.28%
model:LGT723E iter 16740: loss 2.3307, time 294.70ms, mfu 6.40%
------average encoder activity 3.730
-----------average decoder density 0.7794
step 16750: train loss 2.2080, val loss 2.3085
model:LGT723E iter 16750: loss 2.4054, time 4307.24ms, mfu 5.81%
model:LGT723E iter 16760: loss 1.9723, time 294.14ms, mfu 5.99%
model:LGT723E iter 16770: loss 2.4725, time 293.93ms, mfu 6.14%
model:LGT723E iter 16780: loss 2.2538, time 294.31ms, mfu 6.28%
model:LGT723E iter 16790: loss 2.2226, time 294.10ms, mfu 6.41%
------average encoder activity 3.732
-----------average decoder density 0.7777
step 16800: train loss 2.2129, val loss 2.3045
model:LGT723E iter 16800: loss 2.4307, time 4305.09ms, mfu 5.82%
model:LGT723E iter 16810: loss 2.1690, time 294.04ms, mfu 5.99%
model:LGT723E iter 16820: loss 2.2173, time 294.05ms, mfu 6.14%
model:LGT723E iter 16830: loss 2.3449, time 294.05ms, mfu 6.28%
model:LGT723E iter 16840: loss 2.3402, time 294.02ms, mfu 6.41%
------average encoder activity 3.731
-----------average decoder density 0.7990
step 16850: train loss 2.2193, val loss 2.2893
model:LGT723E iter 16850: loss 2.3612, time 4299.74ms, mfu 5.82%
model:LGT723E iter 16860: loss 1.8982, time 294.45ms, mfu 5.99%
model:LGT723E iter 16870: loss 2.3634, time 293.72ms, mfu 6.15%
model:LGT723E iter 16880: loss 2.1455, time 297.97ms, mfu 6.27%
model:LGT723E iter 16890: loss 2.0908, time 293.75ms, mfu 6.40%
------average encoder activity 3.732
-----------average decoder density 0.8149
step 16900: train loss 2.1989, val loss 2.2957
model:LGT723E iter 16900: loss 2.2057, time 4315.56ms, mfu 5.81%
model:LGT723E iter 16910: loss 2.2992, time 293.70ms, mfu 5.99%
model:LGT723E iter 16920: loss 2.1540, time 293.50ms, mfu 6.14%
model:LGT723E iter 16930: loss 2.0787, time 293.73ms, mfu 6.28%
model:LGT723E iter 16940: loss 2.3109, time 293.57ms, mfu 6.41%
------average encoder activity 3.732
-----------average decoder density 0.7877
step 16950: train loss 2.1982, val loss 2.3058
model:LGT723E iter 16950: loss 2.3709, time 4313.21ms, mfu 5.82%
model:LGT723E iter 16960: loss 2.0296, time 297.33ms, mfu 5.98%
model:LGT723E iter 16970: loss 2.1845, time 293.80ms, mfu 6.14%
model:LGT723E iter 16980: loss 2.2782, time 293.89ms, mfu 6.28%
model:LGT723E iter 16990: loss 2.1083, time 293.69ms, mfu 6.41%
------average encoder activity 3.729
-----------average decoder density 0.7859
step 17000: train loss 2.2161, val loss 2.3009
model:LGT723E iter 17000: loss 2.4235, time 4313.04ms, mfu 5.82%
model:LGT723E iter 17010: loss 2.1493, time 293.54ms, mfu 5.99%
model:LGT723E iter 17020: loss 1.7414, time 293.51ms, mfu 6.15%
model:LGT723E iter 17030: loss 2.1817, time 293.49ms, mfu 6.29%
model:LGT723E iter 17040: loss 2.3487, time 293.49ms, mfu 6.41%
------average encoder activity 3.732
-----------average decoder density 0.8017
step 17050: train loss 2.1827, val loss 2.3113
model:LGT723E iter 17050: loss 1.9282, time 4305.93ms, mfu 5.82%
model:LGT723E iter 17060: loss 2.0166, time 293.95ms, mfu 5.99%
model:LGT723E iter 17070: loss 2.3266, time 293.61ms, mfu 6.15%
model:LGT723E iter 17080: loss 2.0002, time 293.55ms, mfu 6.29%
model:LGT723E iter 17090: loss 2.2613, time 293.77ms, mfu 6.42%
------average encoder activity 3.732
-----------average decoder density 0.7818
step 17100: train loss 2.1873, val loss 2.2946
model:LGT723E iter 17100: loss 1.8946, time 4300.94ms, mfu 5.83%
model:LGT723E iter 17110: loss 2.2214, time 294.33ms, mfu 6.00%
model:LGT723E iter 17120: loss 2.2436, time 293.95ms, mfu 6.15%
model:LGT723E iter 17130: loss 2.2305, time 296.38ms, mfu 6.28%
model:LGT723E iter 17140: loss 2.2314, time 294.34ms, mfu 6.41%
------average encoder activity 3.730
-----------average decoder density 0.8015
step 17150: train loss 2.2125, val loss 2.2897
model:LGT723E iter 17150: loss 2.0690, time 4307.86ms, mfu 5.82%
model:LGT723E iter 17160: loss 2.2102, time 293.54ms, mfu 5.99%
model:LGT723E iter 17170: loss 2.0018, time 293.89ms, mfu 6.15%
model:LGT723E iter 17180: loss 2.2924, time 293.53ms, mfu 6.29%
model:LGT723E iter 17190: loss 2.3807, time 293.41ms, mfu 6.41%
------average encoder activity 3.734
-----------average decoder density 0.7949
step 17200: train loss 2.2020, val loss 2.3071
model:LGT723E iter 17200: loss 2.1897, time 4300.31ms, mfu 5.82%
model:LGT723E iter 17210: loss 2.2537, time 293.48ms, mfu 6.00%
model:LGT723E iter 17220: loss 2.1306, time 293.55ms, mfu 6.15%
model:LGT723E iter 17230: loss 2.0924, time 293.75ms, mfu 6.29%
model:LGT723E iter 17240: loss 1.9211, time 293.48ms, mfu 6.42%
------average encoder activity 3.731
-----------average decoder density 0.7978
step 17250: train loss 2.1849, val loss 2.3143
model:LGT723E iter 17250: loss 2.0512, time 4303.51ms, mfu 5.83%
model:LGT723E iter 17260: loss 2.1786, time 293.63ms, mfu 6.00%
model:LGT723E iter 17270: loss 2.1554, time 293.91ms, mfu 6.15%
model:LGT723E iter 17280: loss 2.2788, time 293.63ms, mfu 6.29%
model:LGT723E iter 17290: loss 2.1609, time 293.45ms, mfu 6.42%
------average encoder activity 3.735
-----------average decoder density 0.8094
step 17300: train loss 2.1893, val loss 2.2970
model:LGT723E iter 17300: loss 2.2688, time 4303.96ms, mfu 5.83%
model:LGT723E iter 17310: loss 1.9110, time 293.56ms, mfu 6.00%
model:LGT723E iter 17320: loss 2.2596, time 293.83ms, mfu 6.15%
model:LGT723E iter 17330: loss 1.8183, time 294.05ms, mfu 6.29%
model:LGT723E iter 17340: loss 2.1220, time 293.51ms, mfu 6.42%
------average encoder activity 3.737
-----------average decoder density 0.8115
step 17350: train loss 2.1915, val loss 2.3074
model:LGT723E iter 17350: loss 2.1926, time 4317.18ms, mfu 5.83%
model:LGT723E iter 17360: loss 2.4518, time 293.95ms, mfu 6.00%
model:LGT723E iter 17370: loss 1.8208, time 294.14ms, mfu 6.15%
model:LGT723E iter 17380: loss 1.9490, time 294.02ms, mfu 6.29%
model:LGT723E iter 17390: loss 2.2846, time 294.10ms, mfu 6.42%
------average encoder activity 3.735
-----------average decoder density 0.8009
step 17400: train loss 2.1729, val loss 2.2877
model:LGT723E iter 17400: loss 1.8237, time 4323.30ms, mfu 5.82%
model:LGT723E iter 17410: loss 2.1918, time 293.43ms, mfu 6.00%
model:LGT723E iter 17420: loss 2.1880, time 294.12ms, mfu 6.15%
model:LGT723E iter 17430: loss 2.1079, time 294.05ms, mfu 6.29%
model:LGT723E iter 17440: loss 1.9341, time 293.97ms, mfu 6.41%
------average encoder activity 3.737
-----------average decoder density 0.7819
step 17450: train loss 2.1921, val loss 2.3026
model:LGT723E iter 17450: loss 2.5433, time 4319.76ms, mfu 5.82%
model:LGT723E iter 17460: loss 2.2183, time 294.09ms, mfu 6.00%
model:LGT723E iter 17470: loss 2.3515, time 293.99ms, mfu 6.15%
model:LGT723E iter 17480: loss 2.0590, time 293.50ms, mfu 6.29%
model:LGT723E iter 17490: loss 2.3494, time 293.62ms, mfu 6.42%
------average encoder activity 3.737
-----------average decoder density 0.8115
step 17500: train loss 2.1961, val loss 2.2875
model:LGT723E iter 17500: loss 1.9413, time 4306.76ms, mfu 5.83%
model:LGT723E iter 17510: loss 2.1180, time 293.94ms, mfu 6.00%
model:LGT723E iter 17520: loss 2.4476, time 293.89ms, mfu 6.15%
model:LGT723E iter 17530: loss 2.2027, time 294.04ms, mfu 6.29%
model:LGT723E iter 17540: loss 2.3762, time 293.93ms, mfu 6.41%
------average encoder activity 3.736
-----------average decoder density 0.8076
step 17550: train loss 2.1714, val loss 2.3012
model:LGT723E iter 17550: loss 2.2470, time 4308.97ms, mfu 5.82%
model:LGT723E iter 17560: loss 2.2721, time 293.54ms, mfu 6.00%
model:LGT723E iter 17570: loss 2.2874, time 293.55ms, mfu 6.15%
model:LGT723E iter 17580: loss 2.3963, time 293.58ms, mfu 6.29%
model:LGT723E iter 17590: loss 2.3563, time 293.50ms, mfu 6.42%
------average encoder activity 3.734
-----------average decoder density 0.7952
step 17600: train loss 2.1950, val loss 2.2973
model:LGT723E iter 17600: loss 2.2142, time 4308.53ms, mfu 5.83%
model:LGT723E iter 17610: loss 2.1820, time 293.47ms, mfu 6.00%
model:LGT723E iter 17620: loss 2.5601, time 293.45ms, mfu 6.16%
model:LGT723E iter 17630: loss 2.1442, time 293.48ms, mfu 6.29%
model:LGT723E iter 17640: loss 2.1835, time 293.50ms, mfu 6.42%
------average encoder activity 3.734
-----------average decoder density 0.7765
step 17650: train loss 2.1913, val loss 2.3036
model:LGT723E iter 17650: loss 2.4013, time 4301.33ms, mfu 5.83%
model:LGT723E iter 17660: loss 2.0439, time 293.51ms, mfu 6.00%
model:LGT723E iter 17670: loss 2.3771, time 293.42ms, mfu 6.16%
model:LGT723E iter 17680: loss 2.4637, time 293.43ms, mfu 6.30%
model:LGT723E iter 17690: loss 2.1750, time 294.50ms, mfu 6.42%
------average encoder activity 3.732
-----------average decoder density 0.7747
step 17700: train loss 2.1769, val loss 2.2813
saving checkpoint to out-novel-char3_LGT723E_711ea4166a6f7e62afeea754910c06aa
model:LGT723E iter 17700: loss 2.3055, time 4822.21ms, mfu 5.82%
model:LGT723E iter 17710: loss 2.2376, time 293.57ms, mfu 6.00%
model:LGT723E iter 17720: loss 2.3783, time 293.43ms, mfu 6.15%
model:LGT723E iter 17730: loss 2.3346, time 293.30ms, mfu 6.29%
model:LGT723E iter 17740: loss 2.1537, time 293.40ms, mfu 6.42%
------average encoder activity 3.734
-----------average decoder density 0.8097
step 17750: train loss 2.1748, val loss 2.2897
model:LGT723E iter 17750: loss 2.4670, time 4303.40ms, mfu 5.83%
model:LGT723E iter 17760: loss 2.1398, time 293.41ms, mfu 6.00%
model:LGT723E iter 17770: loss 2.1364, time 293.65ms, mfu 6.15%
model:LGT723E iter 17780: loss 2.1057, time 293.55ms, mfu 6.29%
model:LGT723E iter 17790: loss 2.1748, time 293.39ms, mfu 6.42%
------average encoder activity 3.733
-----------average decoder density 0.7539
step 17800: train loss 2.1812, val loss 2.2960
model:LGT723E iter 17800: loss 2.0641, time 4300.27ms, mfu 5.83%
model:LGT723E iter 17810: loss 2.1294, time 293.34ms, mfu 6.00%
model:LGT723E iter 17820: loss 2.2158, time 293.42ms, mfu 6.16%
model:LGT723E iter 17830: loss 2.2325, time 294.07ms, mfu 6.30%
model:LGT723E iter 17840: loss 2.3369, time 293.64ms, mfu 6.42%
------average encoder activity 3.734
-----------average decoder density 0.7993
step 17850: train loss 2.1865, val loss 2.2858
model:LGT723E iter 17850: loss 2.3685, time 4298.86ms, mfu 5.83%
model:LGT723E iter 17860: loss 2.1679, time 293.58ms, mfu 6.00%
model:LGT723E iter 17870: loss 2.2782, time 293.48ms, mfu 6.16%
model:LGT723E iter 17880: loss 2.2409, time 293.38ms, mfu 6.30%
model:LGT723E iter 17890: loss 2.1182, time 293.49ms, mfu 6.42%
------average encoder activity 3.733
-----------average decoder density 0.7725
step 17900: train loss 2.1716, val loss 2.2802
saving checkpoint to out-novel-char3_LGT723E_711ea4166a6f7e62afeea754910c06aa
model:LGT723E iter 17900: loss 1.9412, time 4827.43ms, mfu 5.83%
model:LGT723E iter 17910: loss 1.8831, time 294.08ms, mfu 6.00%
model:LGT723E iter 17920: loss 2.1202, time 294.32ms, mfu 6.15%
model:LGT723E iter 17930: loss 1.9343, time 294.16ms, mfu 6.29%
model:LGT723E iter 17940: loss 2.2655, time 293.68ms, mfu 6.41%
------average encoder activity 3.736
-----------average decoder density 0.8103
step 17950: train loss 2.1837, val loss 2.2954
model:LGT723E iter 17950: loss 2.1404, time 4298.34ms, mfu 5.82%
model:LGT723E iter 17960: loss 2.1091, time 293.57ms, mfu 6.00%
model:LGT723E iter 17970: loss 2.0904, time 293.52ms, mfu 6.15%
model:LGT723E iter 17980: loss 1.9965, time 293.72ms, mfu 6.29%
model:LGT723E iter 17990: loss 1.8580, time 293.45ms, mfu 6.42%
------average encoder activity 3.730
-----------average decoder density 0.7994
step 18000: train loss 2.1612, val loss 2.2898
model:LGT723E iter 18000: loss 1.9579, time 4300.81ms, mfu 5.83%
model:LGT723E iter 18010: loss 2.3422, time 293.42ms, mfu 6.00%
model:LGT723E iter 18020: loss 2.2455, time 293.89ms, mfu 6.15%
model:LGT723E iter 18030: loss 2.3317, time 293.81ms, mfu 6.29%
model:LGT723E iter 18040: loss 1.7932, time 293.86ms, mfu 6.42%
------average encoder activity 3.730
-----------average decoder density 0.7937
step 18050: train loss 2.1767, val loss 2.2996
model:LGT723E iter 18050: loss 2.1990, time 4298.49ms, mfu 5.83%
model:LGT723E iter 18060: loss 2.1820, time 293.71ms, mfu 6.00%
model:LGT723E iter 18070: loss 2.1308, time 293.46ms, mfu 6.15%
model:LGT723E iter 18080: loss 2.3968, time 293.40ms, mfu 6.29%
model:LGT723E iter 18090: loss 2.1544, time 293.46ms, mfu 6.42%
------average encoder activity 3.732
-----------average decoder density 0.8065
step 18100: train loss 2.1858, val loss 2.3004
model:LGT723E iter 18100: loss 2.0991, time 4305.49ms, mfu 5.83%
model:LGT723E iter 18110: loss 2.1488, time 293.55ms, mfu 6.00%
model:LGT723E iter 18120: loss 2.2328, time 293.67ms, mfu 6.16%
model:LGT723E iter 18130: loss 2.2802, time 293.95ms, mfu 6.29%
model:LGT723E iter 18140: loss 2.1054, time 294.05ms, mfu 6.42%
------average encoder activity 3.730
-----------average decoder density 0.7791
step 18150: train loss 2.1715, val loss 2.2536
saving checkpoint to out-novel-char3_LGT723E_711ea4166a6f7e62afeea754910c06aa
model:LGT723E iter 18150: loss 2.2652, time 4840.15ms, mfu 5.82%
model:LGT723E iter 18160: loss 2.2038, time 293.56ms, mfu 6.00%
model:LGT723E iter 18170: loss 2.3174, time 293.50ms, mfu 6.15%
model:LGT723E iter 18180: loss 2.1630, time 293.86ms, mfu 6.29%
model:LGT723E iter 18190: loss 2.0383, time 293.82ms, mfu 6.41%
------average encoder activity 3.734
-----------average decoder density 0.8054
step 18200: train loss 2.1494, val loss 2.2720
model:LGT723E iter 18200: loss 1.8749, time 4321.08ms, mfu 5.82%
model:LGT723E iter 18210: loss 2.4066, time 295.33ms, mfu 5.99%
model:LGT723E iter 18220: loss 2.0419, time 293.80ms, mfu 6.15%
model:LGT723E iter 18230: loss 2.0632, time 293.67ms, mfu 6.29%
model:LGT723E iter 18240: loss 2.4489, time 294.02ms, mfu 6.41%
------average encoder activity 3.732
-----------average decoder density 0.7953
step 18250: train loss 2.1791, val loss 2.2908
model:LGT723E iter 18250: loss 2.4796, time 4302.98ms, mfu 5.82%
model:LGT723E iter 18260: loss 1.9834, time 293.32ms, mfu 6.00%
model:LGT723E iter 18270: loss 2.3491, time 293.42ms, mfu 6.15%
model:LGT723E iter 18280: loss 2.5065, time 293.40ms, mfu 6.29%
model:LGT723E iter 18290: loss 2.3252, time 293.33ms, mfu 6.42%
------average encoder activity 3.730
-----------average decoder density 0.7964
step 18300: train loss 2.1777, val loss 2.2856
model:LGT723E iter 18300: loss 2.0382, time 4300.67ms, mfu 5.83%
model:LGT723E iter 18310: loss 1.8336, time 293.44ms, mfu 6.00%
model:LGT723E iter 18320: loss 2.1689, time 293.48ms, mfu 6.16%
model:LGT723E iter 18330: loss 2.2517, time 293.52ms, mfu 6.29%
model:LGT723E iter 18340: loss 2.3874, time 293.57ms, mfu 6.42%
------average encoder activity 3.731
-----------average decoder density 0.7792
step 18350: train loss 2.1646, val loss 2.2896
model:LGT723E iter 18350: loss 2.4728, time 4300.66ms, mfu 5.83%
model:LGT723E iter 18360: loss 2.1017, time 293.45ms, mfu 6.00%
model:LGT723E iter 18370: loss 1.8840, time 293.32ms, mfu 6.16%
model:LGT723E iter 18380: loss 2.3718, time 293.39ms, mfu 6.30%
model:LGT723E iter 18390: loss 2.0718, time 293.41ms, mfu 6.42%
------average encoder activity 3.730
-----------average decoder density 0.7783
step 18400: train loss 2.1683, val loss 2.2884
model:LGT723E iter 18400: loss 2.3179, time 4300.76ms, mfu 5.83%
model:LGT723E iter 18410: loss 2.3722, time 293.44ms, mfu 6.00%
model:LGT723E iter 18420: loss 2.5698, time 293.49ms, mfu 6.16%
model:LGT723E iter 18430: loss 2.2272, time 293.44ms, mfu 6.30%
model:LGT723E iter 18440: loss 2.4150, time 293.36ms, mfu 6.42%
------average encoder activity 3.735
-----------average decoder density 0.7985
step 18450: train loss 2.1547, val loss 2.2868
model:LGT723E iter 18450: loss 2.1169, time 4306.02ms, mfu 5.83%
model:LGT723E iter 18460: loss 2.4816, time 294.02ms, mfu 6.00%
model:LGT723E iter 18470: loss 2.2447, time 293.47ms, mfu 6.16%
model:LGT723E iter 18480: loss 2.0185, time 293.97ms, mfu 6.30%
model:LGT723E iter 18490: loss 1.9738, time 293.86ms, mfu 6.42%
------average encoder activity 3.730
-----------average decoder density 0.7778
step 18500: train loss 2.1512, val loss 2.3013
model:LGT723E iter 18500: loss 2.0160, time 4306.67ms, mfu 5.83%
model:LGT723E iter 18510: loss 1.8941, time 294.10ms, mfu 6.00%
model:LGT723E iter 18520: loss 2.0788, time 293.54ms, mfu 6.16%
model:LGT723E iter 18530: loss 2.1593, time 293.52ms, mfu 6.29%
model:LGT723E iter 18540: loss 1.9392, time 293.40ms, mfu 6.42%
------average encoder activity 3.730
-----------average decoder density 0.7533
step 18550: train loss 2.1610, val loss 2.2660
model:LGT723E iter 18550: loss 2.1342, time 4301.22ms, mfu 5.83%
model:LGT723E iter 18560: loss 2.5689, time 293.36ms, mfu 6.00%
model:LGT723E iter 18570: loss 2.2561, time 293.47ms, mfu 6.16%
model:LGT723E iter 18580: loss 2.1125, time 293.44ms, mfu 6.30%
model:LGT723E iter 18590: loss 2.2811, time 293.46ms, mfu 6.42%
------average encoder activity 3.729
-----------average decoder density 0.7771
step 18600: train loss 2.1512, val loss 2.3001
model:LGT723E iter 18600: loss 2.3083, time 4307.33ms, mfu 5.83%
model:LGT723E iter 18610: loss 2.2325, time 293.46ms, mfu 6.00%
model:LGT723E iter 18620: loss 2.2978, time 293.41ms, mfu 6.16%
model:LGT723E iter 18630: loss 2.0999, time 293.56ms, mfu 6.30%
model:LGT723E iter 18640: loss 2.0726, time 293.62ms, mfu 6.42%
------average encoder activity 3.730
-----------average decoder density 0.7984
step 18650: train loss 2.1613, val loss 2.2798
model:LGT723E iter 18650: loss 2.0396, time 4304.41ms, mfu 5.83%
model:LGT723E iter 18660: loss 2.3556, time 293.64ms, mfu 6.00%
model:LGT723E iter 18670: loss 2.0328, time 293.50ms, mfu 6.16%
model:LGT723E iter 18680: loss 2.3905, time 293.42ms, mfu 6.30%
model:LGT723E iter 18690: loss 1.9509, time 293.55ms, mfu 6.42%
------average encoder activity 3.727
-----------average decoder density 0.7956
step 18700: train loss 2.1782, val loss 2.2885
model:LGT723E iter 18700: loss 2.1928, time 4301.08ms, mfu 5.83%
model:LGT723E iter 18710: loss 2.3243, time 294.08ms, mfu 6.00%
model:LGT723E iter 18720: loss 2.7928, time 294.31ms, mfu 6.16%
model:LGT723E iter 18730: loss 2.1959, time 293.80ms, mfu 6.29%
model:LGT723E iter 18740: loss 2.3890, time 293.71ms, mfu 6.42%
------average encoder activity 3.729
-----------average decoder density 0.7607
step 18750: train loss 2.1507, val loss 2.2657
model:LGT723E iter 18750: loss 2.1067, time 4301.46ms, mfu 5.83%
model:LGT723E iter 18760: loss 2.3272, time 293.70ms, mfu 6.00%
model:LGT723E iter 18770: loss 2.3351, time 293.81ms, mfu 6.15%
model:LGT723E iter 18780: loss 1.9020, time 294.20ms, mfu 6.29%
model:LGT723E iter 18790: loss 1.8622, time 293.69ms, mfu 6.42%
------average encoder activity 3.729
-----------average decoder density 0.7979
step 18800: train loss 2.1670, val loss 2.3110
model:LGT723E iter 18800: loss 2.1164, time 4299.87ms, mfu 5.83%
model:LGT723E iter 18810: loss 2.1347, time 294.72ms, mfu 6.00%
model:LGT723E iter 18820: loss 2.1798, time 293.35ms, mfu 6.15%
model:LGT723E iter 18830: loss 2.1546, time 293.43ms, mfu 6.29%
model:LGT723E iter 18840: loss 1.7680, time 295.16ms, mfu 6.41%
------average encoder activity 3.726
-----------average decoder density 0.7982
step 18850: train loss 2.1711, val loss 2.2715
model:LGT723E iter 18850: loss 2.1542, time 4304.72ms, mfu 5.82%
model:LGT723E iter 18860: loss 1.7491, time 293.80ms, mfu 6.00%
model:LGT723E iter 18870: loss 2.1758, time 293.87ms, mfu 6.15%
model:LGT723E iter 18880: loss 2.3316, time 293.89ms, mfu 6.29%
model:LGT723E iter 18890: loss 2.3433, time 293.87ms, mfu 6.41%
------average encoder activity 3.725
-----------average decoder density 0.8086
step 18900: train loss 2.1722, val loss 2.2905
model:LGT723E iter 18900: loss 2.1877, time 4303.33ms, mfu 5.82%
model:LGT723E iter 18910: loss 2.2059, time 293.83ms, mfu 6.00%
model:LGT723E iter 18920: loss 2.1218, time 293.90ms, mfu 6.15%
model:LGT723E iter 18930: loss 2.3506, time 293.73ms, mfu 6.29%
model:LGT723E iter 18940: loss 2.0718, time 293.71ms, mfu 6.42%
------average encoder activity 3.729
-----------average decoder density 0.7817
step 18950: train loss 2.1692, val loss 2.2812
model:LGT723E iter 18950: loss 2.1449, time 4301.37ms, mfu 5.83%
model:LGT723E iter 18960: loss 2.4247, time 293.67ms, mfu 6.00%
model:LGT723E iter 18970: loss 2.2639, time 293.89ms, mfu 6.15%
model:LGT723E iter 18980: loss 2.0201, time 293.87ms, mfu 6.29%
model:LGT723E iter 18990: loss 2.1661, time 293.75ms, mfu 6.42%
------average encoder activity 3.726
-----------average decoder density 0.8025
step 19000: train loss 2.1329, val loss 2.2733
model:LGT723E iter 19000: loss 2.2323, time 4301.55ms, mfu 5.83%
model:LGT723E iter 19010: loss 2.3902, time 293.90ms, mfu 6.00%
model:LGT723E iter 19020: loss 2.1958, time 294.33ms, mfu 6.15%
model:LGT723E iter 19030: loss 2.2889, time 294.09ms, mfu 6.29%
model:LGT723E iter 19040: loss 1.9699, time 294.10ms, mfu 6.41%
------average encoder activity 3.725
-----------average decoder density 0.7969
step 19050: train loss 2.1298, val loss 2.2645
model:LGT723E iter 19050: loss 2.2350, time 4304.66ms, mfu 5.82%
model:LGT723E iter 19060: loss 2.2115, time 293.84ms, mfu 6.00%
model:LGT723E iter 19070: loss 2.3596, time 294.10ms, mfu 6.15%
model:LGT723E iter 19080: loss 2.2901, time 294.25ms, mfu 6.29%
model:LGT723E iter 19090: loss 1.8041, time 294.17ms, mfu 6.41%
------average encoder activity 3.729
-----------average decoder density 0.7786
step 19100: train loss 2.1667, val loss 2.2872
model:LGT723E iter 19100: loss 2.0777, time 4298.43ms, mfu 5.82%
model:LGT723E iter 19110: loss 1.9289, time 293.81ms, mfu 5.99%
model:LGT723E iter 19120: loss 2.2628, time 294.20ms, mfu 6.15%
model:LGT723E iter 19130: loss 2.1069, time 293.93ms, mfu 6.29%
model:LGT723E iter 19140: loss 2.4589, time 294.20ms, mfu 6.41%
------average encoder activity 3.725
-----------average decoder density 0.7943
step 19150: train loss 2.1510, val loss 2.2682
model:LGT723E iter 19150: loss 2.3001, time 4297.87ms, mfu 5.82%
model:LGT723E iter 19160: loss 2.2016, time 294.23ms, mfu 5.99%
model:LGT723E iter 19170: loss 2.2225, time 294.17ms, mfu 6.15%
model:LGT723E iter 19180: loss 2.2837, time 293.52ms, mfu 6.29%
model:LGT723E iter 19190: loss 2.2156, time 293.52ms, mfu 6.41%
------average encoder activity 3.723
-----------average decoder density 0.7942
step 19200: train loss 2.1607, val loss 2.2373
saving checkpoint to out-novel-char3_LGT723E_711ea4166a6f7e62afeea754910c06aa
model:LGT723E iter 19200: loss 2.1311, time 4812.53ms, mfu 5.82%
model:LGT723E iter 19210: loss 2.1350, time 293.46ms, mfu 5.99%
model:LGT723E iter 19220: loss 2.0551, time 293.50ms, mfu 6.15%
model:LGT723E iter 19230: loss 2.2519, time 293.30ms, mfu 6.29%
model:LGT723E iter 19240: loss 2.2161, time 293.63ms, mfu 6.41%
------average encoder activity 3.727
-----------average decoder density 0.7869
step 19250: train loss 2.1555, val loss 2.2778
model:LGT723E iter 19250: loss 2.0491, time 4317.51ms, mfu 5.82%
model:LGT723E iter 19260: loss 2.1574, time 293.42ms, mfu 6.00%
model:LGT723E iter 19270: loss 1.8523, time 293.80ms, mfu 6.15%
model:LGT723E iter 19280: loss 2.0413, time 293.75ms, mfu 6.29%
model:LGT723E iter 19290: loss 2.0835, time 293.87ms, mfu 6.42%
------average encoder activity 3.727
-----------average decoder density 0.7758
step 19300: train loss 2.1675, val loss 2.2718
model:LGT723E iter 19300: loss 2.2167, time 4298.82ms, mfu 5.83%
model:LGT723E iter 19310: loss 2.1906, time 293.95ms, mfu 6.00%
model:LGT723E iter 19320: loss 2.1901, time 294.03ms, mfu 6.15%
model:LGT723E iter 19330: loss 2.2210, time 293.88ms, mfu 6.29%
model:LGT723E iter 19340: loss 2.0248, time 293.97ms, mfu 6.41%
------average encoder activity 3.724
-----------average decoder density 0.8010
step 19350: train loss 2.1464, val loss 2.2845
model:LGT723E iter 19350: loss 2.1661, time 4298.37ms, mfu 5.83%
model:LGT723E iter 19360: loss 2.2623, time 294.04ms, mfu 6.00%
model:LGT723E iter 19370: loss 2.3989, time 294.01ms, mfu 6.15%
model:LGT723E iter 19380: loss 2.1256, time 293.90ms, mfu 6.29%
model:LGT723E iter 19390: loss 2.0448, time 293.96ms, mfu 6.41%
------average encoder activity 3.722
-----------average decoder density 0.7862
step 19400: train loss 2.1491, val loss 2.2837
model:LGT723E iter 19400: loss 2.2746, time 4299.13ms, mfu 5.82%
model:LGT723E iter 19410: loss 2.0582, time 293.68ms, mfu 6.00%
model:LGT723E iter 19420: loss 1.7835, time 293.84ms, mfu 6.15%
model:LGT723E iter 19430: loss 2.4329, time 294.00ms, mfu 6.29%
model:LGT723E iter 19440: loss 2.0388, time 293.87ms, mfu 6.41%
------average encoder activity 3.723
-----------average decoder density 0.7766
step 19450: train loss 2.1792, val loss 2.2969
model:LGT723E iter 19450: loss 2.4076, time 4300.62ms, mfu 5.82%
model:LGT723E iter 19460: loss 2.0831, time 294.06ms, mfu 6.00%
model:LGT723E iter 19470: loss 2.0798, time 293.94ms, mfu 6.15%
model:LGT723E iter 19480: loss 2.3564, time 293.97ms, mfu 6.29%
model:LGT723E iter 19490: loss 2.3906, time 293.95ms, mfu 6.41%
------average encoder activity 3.722
-----------average decoder density 0.7938
step 19500: train loss 2.1189, val loss 2.2688
model:LGT723E iter 19500: loss 2.0308, time 4300.45ms, mfu 5.82%
model:LGT723E iter 19510: loss 2.2171, time 294.48ms, mfu 5.99%
model:LGT723E iter 19520: loss 2.1938, time 293.88ms, mfu 6.15%
model:LGT723E iter 19530: loss 1.8984, time 294.05ms, mfu 6.29%
model:LGT723E iter 19540: loss 1.9186, time 294.02ms, mfu 6.41%
------average encoder activity 3.721
-----------average decoder density 0.8026
step 19550: train loss 2.1576, val loss 2.2877
model:LGT723E iter 19550: loss 2.1896, time 4299.32ms, mfu 5.82%
model:LGT723E iter 19560: loss 1.9531, time 293.45ms, mfu 6.00%
model:LGT723E iter 19570: loss 2.1809, time 293.36ms, mfu 6.15%
model:LGT723E iter 19580: loss 2.1637, time 293.38ms, mfu 6.29%
model:LGT723E iter 19590: loss 2.2320, time 293.54ms, mfu 6.42%
------average encoder activity 3.715
-----------average decoder density 0.7466
step 19600: train loss 2.1435, val loss 2.2698
model:LGT723E iter 19600: loss 2.2585, time 4314.54ms, mfu 5.83%
model:LGT723E iter 19610: loss 2.2379, time 293.74ms, mfu 6.00%
model:LGT723E iter 19620: loss 2.1662, time 293.46ms, mfu 6.15%
model:LGT723E iter 19630: loss 1.8901, time 293.32ms, mfu 6.29%
model:LGT723E iter 19640: loss 2.2832, time 293.44ms, mfu 6.42%
------average encoder activity 3.718
-----------average decoder density 0.7964
step 19650: train loss 2.1553, val loss 2.2832
model:LGT723E iter 19650: loss 2.0863, time 4300.98ms, mfu 5.83%
model:LGT723E iter 19660: loss 2.4233, time 293.33ms, mfu 6.00%
model:LGT723E iter 19670: loss 2.3001, time 293.64ms, mfu 6.16%
model:LGT723E iter 19680: loss 2.0733, time 293.95ms, mfu 6.29%
model:LGT723E iter 19690: loss 2.1575, time 293.96ms, mfu 6.42%
------average encoder activity 3.720
-----------average decoder density 0.7312
step 19700: train loss 2.1453, val loss 2.2434
model:LGT723E iter 19700: loss 2.1786, time 4300.12ms, mfu 5.83%
model:LGT723E iter 19710: loss 2.0041, time 293.59ms, mfu 6.00%
model:LGT723E iter 19720: loss 2.2329, time 295.10ms, mfu 6.15%
model:LGT723E iter 19730: loss 2.2504, time 293.98ms, mfu 6.29%
model:LGT723E iter 19740: loss 2.4212, time 294.14ms, mfu 6.41%
------average encoder activity 3.720
-----------average decoder density 0.7893
step 19750: train loss 2.1334, val loss 2.2728
model:LGT723E iter 19750: loss 2.3016, time 4299.72ms, mfu 5.82%
model:LGT723E iter 19760: loss 2.1097, time 293.90ms, mfu 6.00%
model:LGT723E iter 19770: loss 2.4839, time 293.97ms, mfu 6.15%
model:LGT723E iter 19780: loss 1.9852, time 293.79ms, mfu 6.29%
model:LGT723E iter 19790: loss 2.1604, time 293.53ms, mfu 6.42%
------average encoder activity 3.721
-----------average decoder density 0.7731
step 19800: train loss 2.1382, val loss 2.2480
model:LGT723E iter 19800: loss 2.2706, time 4300.16ms, mfu 5.83%
model:LGT723E iter 19810: loss 1.9836, time 294.10ms, mfu 6.00%
model:LGT723E iter 19820: loss 1.9217, time 294.43ms, mfu 6.15%
model:LGT723E iter 19830: loss 2.2776, time 293.87ms, mfu 6.29%
model:LGT723E iter 19840: loss 2.1282, time 293.54ms, mfu 6.41%
------average encoder activity 3.719
-----------average decoder density 0.7987
step 19850: train loss 2.1464, val loss 2.2800
model:LGT723E iter 19850: loss 1.8773, time 4299.88ms, mfu 5.82%
model:LGT723E iter 19860: loss 2.3237, time 293.43ms, mfu 6.00%
model:LGT723E iter 19870: loss 1.9289, time 293.42ms, mfu 6.15%
model:LGT723E iter 19880: loss 2.2390, time 293.52ms, mfu 6.29%
model:LGT723E iter 19890: loss 2.3593, time 293.44ms, mfu 6.42%
------average encoder activity 3.715
-----------average decoder density 0.7980
step 19900: train loss 2.1621, val loss 2.2958
model:LGT723E iter 19900: loss 2.3376, time 4300.16ms, mfu 5.83%
model:LGT723E iter 19910: loss 2.1379, time 293.51ms, mfu 6.00%
model:LGT723E iter 19920: loss 2.4016, time 293.51ms, mfu 6.16%
model:LGT723E iter 19930: loss 1.9886, time 293.51ms, mfu 6.30%
model:LGT723E iter 19940: loss 2.2012, time 293.37ms, mfu 6.42%
------average encoder activity 3.717
-----------average decoder density 0.7951
step 19950: train loss 2.1261, val loss 2.2562
model:LGT723E iter 19950: loss 2.1060, time 4318.39ms, mfu 5.83%
model:LGT723E iter 19960: loss 2.1438, time 293.95ms, mfu 6.00%
model:LGT723E iter 19970: loss 2.0737, time 294.14ms, mfu 6.15%
model:LGT723E iter 19980: loss 2.2396, time 294.03ms, mfu 6.29%
model:LGT723E iter 19990: loss 2.4350, time 293.90ms, mfu 6.42%
------average encoder activity 3.715
-----------average decoder density 0.7997
step 20000: train loss 2.1484, val loss 2.2410
model:LGT723E iter 20000: loss 2.0319, time 4298.52ms, mfu 5.83%
model:LGT723E iter 20010: loss 2.1068, time 294.07ms, mfu 6.00%
model:LGT723E iter 20020: loss 2.1999, time 293.99ms, mfu 6.15%
model:LGT723E iter 20030: loss 2.2710, time 293.93ms, mfu 6.29%
model:LGT723E iter 20040: loss 1.8017, time 293.94ms, mfu 6.42%
------average encoder activity 3.715
-----------average decoder density 0.7959
step 20050: train loss 2.1283, val loss 2.2840
model:LGT723E iter 20050: loss 2.1887, time 4299.39ms, mfu 5.83%
model:LGT723E iter 20060: loss 2.2391, time 294.07ms, mfu 6.00%
model:LGT723E iter 20070: loss 2.0524, time 294.11ms, mfu 6.15%
model:LGT723E iter 20080: loss 2.2212, time 293.84ms, mfu 6.29%
model:LGT723E iter 20090: loss 2.0319, time 293.77ms, mfu 6.42%
------average encoder activity 3.719
-----------average decoder density 0.7783
step 20100: train loss 2.0991, val loss 2.2650
model:LGT723E iter 20100: loss 2.1568, time 4302.03ms, mfu 5.83%
model:LGT723E iter 20110: loss 1.8181, time 293.87ms, mfu 6.00%
model:LGT723E iter 20120: loss 2.0264, time 293.79ms, mfu 6.15%
model:LGT723E iter 20130: loss 1.7768, time 293.93ms, mfu 6.29%
model:LGT723E iter 20140: loss 2.2653, time 293.94ms, mfu 6.42%
------average encoder activity 3.718
-----------average decoder density 0.7887
step 20150: train loss 2.1446, val loss 2.2872
model:LGT723E iter 20150: loss 2.7179, time 4302.88ms, mfu 5.83%
model:LGT723E iter 20160: loss 2.3247, time 293.85ms, mfu 6.00%
model:LGT723E iter 20170: loss 2.0772, time 294.15ms, mfu 6.15%
model:LGT723E iter 20180: loss 2.1501, time 293.84ms, mfu 6.29%
model:LGT723E iter 20190: loss 2.2405, time 294.21ms, mfu 6.41%
------average encoder activity 3.717
-----------average decoder density 0.7752
step 20200: train loss 2.1373, val loss 2.2627
model:LGT723E iter 20200: loss 2.2156, time 4303.06ms, mfu 5.82%
model:LGT723E iter 20210: loss 1.8888, time 293.87ms, mfu 6.00%
model:LGT723E iter 20220: loss 2.1758, time 293.76ms, mfu 6.15%
model:LGT723E iter 20230: loss 2.0984, time 294.33ms, mfu 6.29%
model:LGT723E iter 20240: loss 2.3427, time 294.38ms, mfu 6.41%
------average encoder activity 3.715
-----------average decoder density 0.7891
step 20250: train loss 2.1440, val loss 2.2597
model:LGT723E iter 20250: loss 2.1363, time 4300.42ms, mfu 5.82%
model:LGT723E iter 20260: loss 2.1253, time 293.53ms, mfu 6.00%
model:LGT723E iter 20270: loss 1.9624, time 293.45ms, mfu 6.15%
model:LGT723E iter 20280: loss 2.0788, time 293.55ms, mfu 6.29%
model:LGT723E iter 20290: loss 2.2373, time 294.30ms, mfu 6.41%
------average encoder activity 3.715
-----------average decoder density 0.7951
step 20300: train loss 2.1271, val loss 2.2554
model:LGT723E iter 20300: loss 2.2322, time 4313.14ms, mfu 5.82%
model:LGT723E iter 20310: loss 2.3658, time 293.92ms, mfu 6.00%
model:LGT723E iter 20320: loss 2.2038, time 293.76ms, mfu 6.15%
model:LGT723E iter 20330: loss 2.3747, time 293.95ms, mfu 6.29%
model:LGT723E iter 20340: loss 2.2231, time 294.10ms, mfu 6.41%
------average encoder activity 3.712
-----------average decoder density 0.8004
step 20350: train loss 2.1423, val loss 2.2523
model:LGT723E iter 20350: loss 2.0661, time 4300.38ms, mfu 5.82%
model:LGT723E iter 20360: loss 2.1891, time 293.95ms, mfu 6.00%
model:LGT723E iter 20370: loss 2.4532, time 294.06ms, mfu 6.15%
model:LGT723E iter 20380: loss 2.3563, time 294.26ms, mfu 6.29%
model:LGT723E iter 20390: loss 2.2224, time 294.34ms, mfu 6.41%
------average encoder activity 3.710
-----------average decoder density 0.7919
step 20400: train loss 2.1103, val loss 2.2603
model:LGT723E iter 20400: loss 2.1414, time 4302.34ms, mfu 5.82%
model:LGT723E iter 20410: loss 2.2740, time 293.95ms, mfu 5.99%
model:LGT723E iter 20420: loss 1.9590, time 293.94ms, mfu 6.15%
model:LGT723E iter 20430: loss 2.0501, time 293.77ms, mfu 6.29%
model:LGT723E iter 20440: loss 2.0217, time 293.96ms, mfu 6.41%
------average encoder activity 3.713
-----------average decoder density 0.7839
step 20450: train loss 2.1446, val loss 2.2563
model:LGT723E iter 20450: loss 2.2715, time 4301.55ms, mfu 5.82%
model:LGT723E iter 20460: loss 2.1522, time 293.75ms, mfu 6.00%
model:LGT723E iter 20470: loss 2.0561, time 294.33ms, mfu 6.15%
model:LGT723E iter 20480: loss 2.2109, time 294.07ms, mfu 6.29%
model:LGT723E iter 20490: loss 2.0618, time 293.88ms, mfu 6.41%
------average encoder activity 3.714
-----------average decoder density 0.7983
step 20500: train loss 2.1311, val loss 2.2782
model:LGT723E iter 20500: loss 1.8793, time 4306.23ms, mfu 5.82%
model:LGT723E iter 20510: loss 2.1306, time 293.92ms, mfu 5.99%
model:LGT723E iter 20520: loss 2.0584, time 294.21ms, mfu 6.15%
model:LGT723E iter 20530: loss 2.0955, time 294.23ms, mfu 6.29%
model:LGT723E iter 20540: loss 2.0441, time 294.02ms, mfu 6.41%
------average encoder activity 3.717
-----------average decoder density 0.7716
step 20550: train loss 2.1161, val loss 2.2612
model:LGT723E iter 20550: loss 2.0580, time 4303.51ms, mfu 5.82%
model:LGT723E iter 20560: loss 2.3244, time 294.02ms, mfu 5.99%
model:LGT723E iter 20570: loss 2.1242, time 294.03ms, mfu 6.15%
model:LGT723E iter 20580: loss 2.0424, time 293.98ms, mfu 6.29%
model:LGT723E iter 20590: loss 2.0055, time 293.96ms, mfu 6.41%
------average encoder activity 3.716
-----------average decoder density 0.7291
step 20600: train loss 2.1355, val loss 2.2433
model:LGT723E iter 20600: loss 2.2521, time 4309.94ms, mfu 5.82%
model:LGT723E iter 20610: loss 2.2353, time 294.36ms, mfu 5.99%
model:LGT723E iter 20620: loss 2.3033, time 294.06ms, mfu 6.15%
model:LGT723E iter 20630: loss 2.0143, time 294.01ms, mfu 6.29%
model:LGT723E iter 20640: loss 2.2344, time 293.97ms, mfu 6.41%
------average encoder activity 3.714
-----------average decoder density 0.7913
step 20650: train loss 2.1123, val loss 2.2595
model:LGT723E iter 20650: loss 2.1574, time 4303.41ms, mfu 5.82%
model:LGT723E iter 20660: loss 2.3068, time 293.92ms, mfu 5.99%
model:LGT723E iter 20670: loss 2.2171, time 294.15ms, mfu 6.15%
model:LGT723E iter 20680: loss 2.0339, time 293.83ms, mfu 6.29%
model:LGT723E iter 20690: loss 2.1336, time 294.08ms, mfu 6.41%
------average encoder activity 3.714
-----------average decoder density 0.7717
step 20700: train loss 2.1229, val loss 2.2510
model:LGT723E iter 20700: loss 2.2704, time 4310.56ms, mfu 5.82%
model:LGT723E iter 20710: loss 1.5176, time 293.62ms, mfu 5.99%
model:LGT723E iter 20720: loss 2.3521, time 293.75ms, mfu 6.15%
model:LGT723E iter 20730: loss 2.4124, time 294.39ms, mfu 6.29%
model:LGT723E iter 20740: loss 2.1786, time 293.75ms, mfu 6.41%
------average encoder activity 3.717
-----------average decoder density 0.7687
step 20750: train loss 2.1382, val loss 2.2776
model:LGT723E iter 20750: loss 2.0309, time 4317.40ms, mfu 5.82%
model:LGT723E iter 20760: loss 2.0789, time 293.57ms, mfu 6.00%
model:LGT723E iter 20770: loss 2.2863, time 293.41ms, mfu 6.15%
model:LGT723E iter 20780: loss 2.3932, time 293.77ms, mfu 6.29%
model:LGT723E iter 20790: loss 1.9044, time 293.73ms, mfu 6.42%
------average encoder activity 3.715
-----------average decoder density 0.7343
step 20800: train loss 2.1330, val loss 2.2585
model:LGT723E iter 20800: loss 2.5069, time 4315.44ms, mfu 5.83%
model:LGT723E iter 20810: loss 2.1186, time 294.35ms, mfu 6.00%
model:LGT723E iter 20820: loss 1.9321, time 294.02ms, mfu 6.15%
model:LGT723E iter 20830: loss 1.9447, time 294.03ms, mfu 6.29%
model:LGT723E iter 20840: loss 1.7616, time 294.38ms, mfu 6.41%
------average encoder activity 3.712
-----------average decoder density 0.7913
step 20850: train loss 2.1326, val loss 2.2556
model:LGT723E iter 20850: loss 2.1033, time 4300.38ms, mfu 5.82%
model:LGT723E iter 20860: loss 1.8538, time 293.95ms, mfu 5.99%
model:LGT723E iter 20870: loss 2.1027, time 294.07ms, mfu 6.15%
model:LGT723E iter 20880: loss 2.2345, time 293.92ms, mfu 6.29%
model:LGT723E iter 20890: loss 1.7436, time 293.92ms, mfu 6.41%
------average encoder activity 3.715
-----------average decoder density 0.7642
step 20900: train loss 2.1172, val loss 2.2706
model:LGT723E iter 20900: loss 1.7656, time 4302.77ms, mfu 5.82%
model:LGT723E iter 20910: loss 1.9890, time 294.12ms, mfu 5.99%
model:LGT723E iter 20920: loss 2.3946, time 294.02ms, mfu 6.15%
model:LGT723E iter 20930: loss 2.2471, time 294.10ms, mfu 6.29%
model:LGT723E iter 20940: loss 1.8245, time 293.85ms, mfu 6.41%
------average encoder activity 3.718
-----------average decoder density 0.7960
step 20950: train loss 2.1064, val loss 2.2445
model:LGT723E iter 20950: loss 1.9948, time 4300.19ms, mfu 5.82%
model:LGT723E iter 20960: loss 1.8644, time 293.86ms, mfu 5.99%
model:LGT723E iter 20970: loss 1.9899, time 293.40ms, mfu 6.15%
model:LGT723E iter 20980: loss 2.1346, time 293.70ms, mfu 6.29%
model:LGT723E iter 20990: loss 2.2656, time 293.42ms, mfu 6.42%
------average encoder activity 3.715
-----------average decoder density 0.7705
step 21000: train loss 2.1300, val loss 2.2504
model:LGT723E iter 21000: loss 2.0009, time 4298.72ms, mfu 5.83%
model:LGT723E iter 21010: loss 2.1553, time 293.46ms, mfu 6.00%
model:LGT723E iter 21020: loss 2.0667, time 293.47ms, mfu 6.15%
model:LGT723E iter 21030: loss 2.0691, time 293.32ms, mfu 6.29%
model:LGT723E iter 21040: loss 2.1503, time 293.62ms, mfu 6.42%
------average encoder activity 3.717
-----------average decoder density 0.7852
step 21050: train loss 2.1292, val loss 2.2588
model:LGT723E iter 21050: loss 2.1993, time 4300.00ms, mfu 5.83%
model:LGT723E iter 21060: loss 2.1554, time 293.29ms, mfu 6.00%
model:LGT723E iter 21070: loss 1.9011, time 293.46ms, mfu 6.16%
model:LGT723E iter 21080: loss 2.0038, time 293.97ms, mfu 6.29%
model:LGT723E iter 21090: loss 2.2231, time 293.44ms, mfu 6.42%
------average encoder activity 3.715
-----------average decoder density 0.7911
step 21100: train loss 2.1204, val loss 2.2459
model:LGT723E iter 21100: loss 2.3986, time 4303.06ms, mfu 5.83%
model:LGT723E iter 21110: loss 2.1355, time 293.87ms, mfu 6.00%
model:LGT723E iter 21120: loss 2.1808, time 294.24ms, mfu 6.15%
model:LGT723E iter 21130: loss 2.0737, time 294.44ms, mfu 6.29%
model:LGT723E iter 21140: loss 2.1989, time 293.85ms, mfu 6.42%
------average encoder activity 3.715
-----------average decoder density 0.7929
step 21150: train loss 2.1098, val loss 2.2450
model:LGT723E iter 21150: loss 1.9809, time 4301.19ms, mfu 5.83%
model:LGT723E iter 21160: loss 2.4318, time 294.32ms, mfu 6.00%
model:LGT723E iter 21170: loss 2.2109, time 294.17ms, mfu 6.15%
model:LGT723E iter 21180: loss 2.0128, time 294.28ms, mfu 6.29%
model:LGT723E iter 21190: loss 2.2379, time 294.09ms, mfu 6.41%
------average encoder activity 3.719
-----------average decoder density 0.7937
step 21200: train loss 2.1311, val loss 2.2436
model:LGT723E iter 21200: loss 2.2365, time 4311.23ms, mfu 5.82%
model:LGT723E iter 21210: loss 2.0850, time 294.34ms, mfu 5.99%
model:LGT723E iter 21220: loss 2.3187, time 294.32ms, mfu 6.15%
model:LGT723E iter 21230: loss 2.3688, time 293.90ms, mfu 6.29%
model:LGT723E iter 21240: loss 2.2801, time 293.54ms, mfu 6.41%
------average encoder activity 3.712
-----------average decoder density 0.7807
step 21250: train loss 2.1211, val loss 2.2260
saving checkpoint to out-novel-char3_LGT723E_711ea4166a6f7e62afeea754910c06aa
model:LGT723E iter 21250: loss 2.4398, time 4825.59ms, mfu 5.82%
model:LGT723E iter 21260: loss 2.1149, time 293.38ms, mfu 5.99%
model:LGT723E iter 21270: loss 2.2393, time 293.56ms, mfu 6.15%
model:LGT723E iter 21280: loss 2.5450, time 293.45ms, mfu 6.29%
model:LGT723E iter 21290: loss 2.3450, time 293.71ms, mfu 6.41%
------average encoder activity 3.712
-----------average decoder density 0.7852
step 21300: train loss 2.1217, val loss 2.2739
model:LGT723E iter 21300: loss 1.8675, time 4304.74ms, mfu 5.82%
model:LGT723E iter 21310: loss 2.4419, time 293.83ms, mfu 6.00%
model:LGT723E iter 21320: loss 2.2044, time 293.89ms, mfu 6.15%
model:LGT723E iter 21330: loss 2.1463, time 293.98ms, mfu 6.29%
model:LGT723E iter 21340: loss 2.0181, time 293.89ms, mfu 6.41%
------average encoder activity 3.711
-----------average decoder density 0.7987
step 21350: train loss 2.1054, val loss 2.2415
model:LGT723E iter 21350: loss 1.8858, time 4298.04ms, mfu 5.82%
model:LGT723E iter 21360: loss 1.9087, time 293.80ms, mfu 6.00%
model:LGT723E iter 21370: loss 1.9988, time 294.00ms, mfu 6.15%
model:LGT723E iter 21380: loss 1.8781, time 293.65ms, mfu 6.29%
model:LGT723E iter 21390: loss 2.3779, time 293.95ms, mfu 6.41%
------average encoder activity 3.710
-----------average decoder density 0.7908
step 21400: train loss 2.1022, val loss 2.2293
model:LGT723E iter 21400: loss 2.0892, time 4298.03ms, mfu 5.82%
model:LGT723E iter 21410: loss 2.2217, time 293.75ms, mfu 6.00%
model:LGT723E iter 21420: loss 2.1302, time 293.81ms, mfu 6.15%
model:LGT723E iter 21430: loss 2.2068, time 293.83ms, mfu 6.29%
model:LGT723E iter 21440: loss 2.1818, time 293.93ms, mfu 6.42%
------average encoder activity 3.714
-----------average decoder density 0.7860
step 21450: train loss 2.1016, val loss 2.2628
model:LGT723E iter 21450: loss 2.2089, time 4302.61ms, mfu 5.83%
model:LGT723E iter 21460: loss 1.9974, time 293.90ms, mfu 6.00%
model:LGT723E iter 21470: loss 1.6155, time 293.90ms, mfu 6.15%
model:LGT723E iter 21480: loss 2.3223, time 293.86ms, mfu 6.29%
model:LGT723E iter 21490: loss 1.8738, time 293.80ms, mfu 6.42%
------average encoder activity 3.708
-----------average decoder density 0.7938
step 21500: train loss 2.1005, val loss 2.2403
model:LGT723E iter 21500: loss 1.6905, time 4299.05ms, mfu 5.83%
model:LGT723E iter 21510: loss 2.1891, time 294.00ms, mfu 6.00%
model:LGT723E iter 21520: loss 2.2823, time 293.84ms, mfu 6.15%
model:LGT723E iter 21530: loss 2.1021, time 294.10ms, mfu 6.29%
model:LGT723E iter 21540: loss 2.3048, time 293.95ms, mfu 6.41%
------average encoder activity 3.711
-----------average decoder density 0.7803
step 21550: train loss 2.1081, val loss 2.2163
saving checkpoint to out-novel-char3_LGT723E_711ea4166a6f7e62afeea754910c06aa
model:LGT723E iter 21550: loss 2.1247, time 4821.74ms, mfu 5.82%
model:LGT723E iter 21560: loss 2.3466, time 293.84ms, mfu 5.99%
model:LGT723E iter 21570: loss 1.9799, time 293.90ms, mfu 6.15%
model:LGT723E iter 21580: loss 2.0244, time 293.97ms, mfu 6.29%
model:LGT723E iter 21590: loss 2.0353, time 294.01ms, mfu 6.41%
------average encoder activity 3.705
-----------average decoder density 0.7794
step 21600: train loss 2.1259, val loss 2.2392
model:LGT723E iter 21600: loss 1.9370, time 4307.80ms, mfu 5.82%
model:LGT723E iter 21610: loss 1.7677, time 293.91ms, mfu 5.99%
model:LGT723E iter 21620: loss 1.8996, time 293.83ms, mfu 6.15%
model:LGT723E iter 21630: loss 2.3667, time 293.93ms, mfu 6.29%
model:LGT723E iter 21640: loss 2.0962, time 294.01ms, mfu 6.41%
------average encoder activity 3.709
-----------average decoder density 0.7764
step 21650: train loss 2.0939, val loss 2.2177
model:LGT723E iter 21650: loss 2.2309, time 4298.37ms, mfu 5.82%
model:LGT723E iter 21660: loss 1.9442, time 294.00ms, mfu 5.99%
model:LGT723E iter 21670: loss 2.1174, time 293.91ms, mfu 6.15%
model:LGT723E iter 21680: loss 1.9202, time 293.93ms, mfu 6.29%
model:LGT723E iter 21690: loss 2.1212, time 293.73ms, mfu 6.41%
------average encoder activity 3.712
-----------average decoder density 0.7960
step 21700: train loss 2.1038, val loss 2.2285
model:LGT723E iter 21700: loss 2.2085, time 4298.11ms, mfu 5.82%
model:LGT723E iter 21710: loss 2.5464, time 294.11ms, mfu 5.99%
model:LGT723E iter 21720: loss 2.2234, time 294.48ms, mfu 6.15%
model:LGT723E iter 21730: loss 2.3358, time 294.23ms, mfu 6.29%
model:LGT723E iter 21740: loss 1.9338, time 293.90ms, mfu 6.41%
------average encoder activity 3.715
-----------average decoder density 0.7466
step 21750: train loss 2.1054, val loss 2.2163
model:LGT723E iter 21750: loss 2.5596, time 4299.39ms, mfu 5.82%
model:LGT723E iter 21760: loss 2.0983, time 293.95ms, mfu 5.99%
model:LGT723E iter 21770: loss 2.1454, time 294.01ms, mfu 6.15%
model:LGT723E iter 21780: loss 2.0000, time 297.07ms, mfu 6.28%
model:LGT723E iter 21790: loss 2.2374, time 293.99ms, mfu 6.41%
------average encoder activity 3.712
-----------average decoder density 0.7774
step 21800: train loss 2.1231, val loss 2.2510
model:LGT723E iter 21800: loss 2.1675, time 4314.01ms, mfu 5.82%
model:LGT723E iter 21810: loss 1.8255, time 294.07ms, mfu 5.99%
model:LGT723E iter 21820: loss 1.5756, time 294.15ms, mfu 6.14%
model:LGT723E iter 21830: loss 2.0934, time 293.93ms, mfu 6.28%
model:LGT723E iter 21840: loss 2.3167, time 294.03ms, mfu 6.41%
------average encoder activity 3.713
-----------average decoder density 0.7956
step 21850: train loss 2.1204, val loss 2.2225
model:LGT723E iter 21850: loss 1.9650, time 4308.07ms, mfu 5.82%
model:LGT723E iter 21860: loss 2.1759, time 293.46ms, mfu 5.99%
model:LGT723E iter 21870: loss 2.0807, time 293.59ms, mfu 6.15%
model:LGT723E iter 21880: loss 2.1359, time 293.65ms, mfu 6.29%
model:LGT723E iter 21890: loss 2.0510, time 293.40ms, mfu 6.41%
------average encoder activity 3.717
-----------average decoder density 0.7844
step 21900: train loss 2.0993, val loss 2.2502
model:LGT723E iter 21900: loss 2.0999, time 4307.25ms, mfu 5.82%
model:LGT723E iter 21910: loss 2.0083, time 293.29ms, mfu 6.00%
model:LGT723E iter 21920: loss 2.0357, time 293.57ms, mfu 6.15%
model:LGT723E iter 21930: loss 2.0612, time 293.42ms, mfu 6.29%
model:LGT723E iter 21940: loss 2.1689, time 293.59ms, mfu 6.42%
------average encoder activity 3.712
-----------average decoder density 0.7742
step 21950: train loss 2.0902, val loss 2.2395
model:LGT723E iter 21950: loss 2.1684, time 4303.79ms, mfu 5.83%
model:LGT723E iter 21960: loss 2.1460, time 293.56ms, mfu 6.00%
model:LGT723E iter 21970: loss 2.3475, time 293.49ms, mfu 6.15%
model:LGT723E iter 21980: loss 2.3735, time 293.50ms, mfu 6.29%
model:LGT723E iter 21990: loss 2.5119, time 293.67ms, mfu 6.42%
------average encoder activity 3.714
-----------average decoder density 0.7727
step 22000: train loss 2.1105, val loss 2.2423
model:LGT723E iter 22000: loss 2.0249, time 4312.47ms, mfu 5.83%
model:LGT723E iter 22010: loss 2.2444, time 293.64ms, mfu 6.00%
model:LGT723E iter 22020: loss 1.9582, time 296.12ms, mfu 6.15%
model:LGT723E iter 22030: loss 2.0018, time 293.46ms, mfu 6.29%
model:LGT723E iter 22040: loss 2.2125, time 293.61ms, mfu 6.42%
------average encoder activity 3.708
-----------average decoder density 0.7852
step 22050: train loss 2.0996, val loss 2.2585
model:LGT723E iter 22050: loss 2.2363, time 4319.68ms, mfu 5.82%
model:LGT723E iter 22060: loss 2.2930, time 293.52ms, mfu 6.00%
model:LGT723E iter 22070: loss 2.1043, time 293.99ms, mfu 6.15%
model:LGT723E iter 22080: loss 2.0803, time 293.51ms, mfu 6.29%
model:LGT723E iter 22090: loss 2.0816, time 293.58ms, mfu 6.42%
------average encoder activity 3.710
-----------average decoder density 0.7947
step 22100: train loss 2.0876, val loss 2.2269
model:LGT723E iter 22100: loss 2.2906, time 4325.68ms, mfu 5.83%
model:LGT723E iter 22110: loss 2.0366, time 294.22ms, mfu 6.00%
model:LGT723E iter 22120: loss 2.1978, time 293.82ms, mfu 6.15%
model:LGT723E iter 22130: loss 2.0676, time 293.95ms, mfu 6.29%
model:LGT723E iter 22140: loss 2.2532, time 294.30ms, mfu 6.41%
------average encoder activity 3.708
-----------average decoder density 0.7935
step 22150: train loss 2.1124, val loss 2.2425
model:LGT723E iter 22150: loss 1.9525, time 4301.69ms, mfu 5.82%
model:LGT723E iter 22160: loss 1.8762, time 293.83ms, mfu 6.00%
model:LGT723E iter 22170: loss 2.2838, time 293.63ms, mfu 6.15%
model:LGT723E iter 22180: loss 2.2531, time 293.57ms, mfu 6.29%
model:LGT723E iter 22190: loss 2.1573, time 293.51ms, mfu 6.42%
------average encoder activity 3.708
-----------average decoder density 0.7829
step 22200: train loss 2.0907, val loss 2.2635
model:LGT723E iter 22200: loss 2.0287, time 4306.94ms, mfu 5.83%
model:LGT723E iter 22210: loss 2.2507, time 293.37ms, mfu 6.00%
model:LGT723E iter 22220: loss 2.0379, time 293.52ms, mfu 6.15%
model:LGT723E iter 22230: loss 2.0625, time 293.49ms, mfu 6.29%
model:LGT723E iter 22240: loss 2.2495, time 295.49ms, mfu 6.41%
------average encoder activity 3.704
-----------average decoder density 0.7991
step 22250: train loss 2.1065, val loss 2.2376
model:LGT723E iter 22250: loss 2.0809, time 4312.52ms, mfu 5.82%
model:LGT723E iter 22260: loss 2.2593, time 295.59ms, mfu 5.99%
model:LGT723E iter 22270: loss 2.0912, time 294.38ms, mfu 6.15%
model:LGT723E iter 22280: loss 2.2001, time 293.84ms, mfu 6.29%
model:LGT723E iter 22290: loss 2.2523, time 293.82ms, mfu 6.41%
------average encoder activity 3.704
-----------average decoder density 0.7835
step 22300: train loss 2.1025, val loss 2.2286
model:LGT723E iter 22300: loss 2.1997, time 4299.47ms, mfu 5.82%
model:LGT723E iter 22310: loss 2.1658, time 293.74ms, mfu 5.99%
model:LGT723E iter 22320: loss 2.2106, time 294.33ms, mfu 6.15%
model:LGT723E iter 22330: loss 2.0579, time 294.00ms, mfu 6.29%
model:LGT723E iter 22340: loss 2.0409, time 293.79ms, mfu 6.41%
------average encoder activity 3.702
-----------average decoder density 0.7808
step 22350: train loss 2.0961, val loss 2.2223
model:LGT723E iter 22350: loss 2.2282, time 4304.23ms, mfu 5.82%
model:LGT723E iter 22360: loss 2.2425, time 294.12ms, mfu 5.99%
model:LGT723E iter 22370: loss 1.7538, time 293.73ms, mfu 6.15%
model:LGT723E iter 22380: loss 2.0543, time 294.16ms, mfu 6.29%
model:LGT723E iter 22390: loss 2.3809, time 293.93ms, mfu 6.41%
------average encoder activity 3.704
-----------average decoder density 0.7610
step 22400: train loss 2.1018, val loss 2.2332
model:LGT723E iter 22400: loss 1.6949, time 4303.56ms, mfu 5.82%
model:LGT723E iter 22410: loss 2.0811, time 294.17ms, mfu 5.99%
model:LGT723E iter 22420: loss 2.2122, time 293.72ms, mfu 6.15%
model:LGT723E iter 22430: loss 2.1316, time 293.92ms, mfu 6.29%
model:LGT723E iter 22440: loss 2.2477, time 293.49ms, mfu 6.41%
------average encoder activity 3.704
-----------average decoder density 0.7742
step 22450: train loss 2.0971, val loss 2.2275
model:LGT723E iter 22450: loss 2.0258, time 4302.26ms, mfu 5.82%
model:LGT723E iter 22460: loss 1.9989, time 293.60ms, mfu 6.00%
model:LGT723E iter 22470: loss 2.1114, time 293.55ms, mfu 6.15%
model:LGT723E iter 22480: loss 2.0412, time 293.58ms, mfu 6.29%
model:LGT723E iter 22490: loss 2.3065, time 293.54ms, mfu 6.42%
------average encoder activity 3.702
-----------average decoder density 0.7817
step 22500: train loss 2.0830, val loss 2.2168
model:LGT723E iter 22500: loss 2.0315, time 4303.33ms, mfu 5.83%
model:LGT723E iter 22510: loss 1.8736, time 293.57ms, mfu 6.00%
model:LGT723E iter 22520: loss 2.0933, time 293.70ms, mfu 6.15%
model:LGT723E iter 22530: loss 2.2544, time 293.62ms, mfu 6.29%
model:LGT723E iter 22540: loss 2.1290, time 293.42ms, mfu 6.42%
------average encoder activity 3.708
-----------average decoder density 0.7812
step 22550: train loss 2.0964, val loss 2.2124
saving checkpoint to out-novel-char3_LGT723E_711ea4166a6f7e62afeea754910c06aa
model:LGT723E iter 22550: loss 2.1311, time 4831.69ms, mfu 5.82%
model:LGT723E iter 22560: loss 1.7564, time 293.50ms, mfu 6.00%
model:LGT723E iter 22570: loss 1.9163, time 293.26ms, mfu 6.15%
model:LGT723E iter 22580: loss 2.4387, time 293.34ms, mfu 6.29%
model:LGT723E iter 22590: loss 2.0533, time 293.44ms, mfu 6.42%
------average encoder activity 3.702
-----------average decoder density 0.7515
step 22600: train loss 2.1018, val loss 2.2331
model:LGT723E iter 22600: loss 1.9990, time 4310.21ms, mfu 5.83%
model:LGT723E iter 22610: loss 1.8139, time 294.42ms, mfu 6.00%
model:LGT723E iter 22620: loss 2.0690, time 294.00ms, mfu 6.15%
model:LGT723E iter 22630: loss 2.0808, time 294.47ms, mfu 6.29%
model:LGT723E iter 22640: loss 2.0305, time 294.04ms, mfu 6.41%
------average encoder activity 3.704
-----------average decoder density 0.7774
step 22650: train loss 2.0835, val loss 2.2184
model:LGT723E iter 22650: loss 2.1454, time 4313.77ms, mfu 5.82%
model:LGT723E iter 22660: loss 2.1777, time 294.09ms, mfu 5.99%
model:LGT723E iter 22670: loss 2.6998, time 293.90ms, mfu 6.15%
model:LGT723E iter 22680: loss 2.1003, time 294.05ms, mfu 6.29%
model:LGT723E iter 22690: loss 2.1818, time 294.29ms, mfu 6.41%
------average encoder activity 3.703
-----------average decoder density 0.7671
step 22700: train loss 2.1049, val loss 2.2284
model:LGT723E iter 22700: loss 2.0606, time 4320.19ms, mfu 5.82%
model:LGT723E iter 22710: loss 2.3132, time 294.33ms, mfu 5.99%
model:LGT723E iter 22720: loss 2.2951, time 294.39ms, mfu 6.15%
model:LGT723E iter 22730: loss 1.8421, time 293.99ms, mfu 6.29%
model:LGT723E iter 22740: loss 2.3178, time 294.29ms, mfu 6.41%
------average encoder activity 3.703
-----------average decoder density 0.7737
step 22750: train loss 2.0901, val loss 2.2202
model:LGT723E iter 22750: loss 1.8888, time 4303.30ms, mfu 5.82%
model:LGT723E iter 22760: loss 2.4226, time 293.76ms, mfu 5.99%
model:LGT723E iter 22770: loss 2.2500, time 293.93ms, mfu 6.15%
model:LGT723E iter 22780: loss 1.8757, time 293.98ms, mfu 6.29%
model:LGT723E iter 22790: loss 2.0691, time 293.92ms, mfu 6.41%
------average encoder activity 3.697
-----------average decoder density 0.7677
step 22800: train loss 2.0848, val loss 2.2001
saving checkpoint to out-novel-char3_LGT723E_711ea4166a6f7e62afeea754910c06aa
model:LGT723E iter 22800: loss 2.3313, time 4835.44ms, mfu 5.82%
model:LGT723E iter 22810: loss 2.3311, time 294.12ms, mfu 5.99%
model:LGT723E iter 22820: loss 2.0251, time 293.86ms, mfu 6.14%
model:LGT723E iter 22830: loss 2.0845, time 293.93ms, mfu 6.28%
model:LGT723E iter 22840: loss 2.0643, time 293.92ms, mfu 6.41%
------average encoder activity 3.699
-----------average decoder density 0.7947
step 22850: train loss 2.0748, val loss 2.2384
model:LGT723E iter 22850: loss 1.5643, time 4303.35ms, mfu 5.82%
model:LGT723E iter 22860: loss 2.0603, time 294.01ms, mfu 5.99%
model:LGT723E iter 22870: loss 2.5955, time 294.35ms, mfu 6.15%
model:LGT723E iter 22880: loss 2.2805, time 294.05ms, mfu 6.28%
model:LGT723E iter 22890: loss 2.3207, time 293.71ms, mfu 6.41%
------average encoder activity 3.694
-----------average decoder density 0.7895
step 22900: train loss 2.0924, val loss 2.2528
model:LGT723E iter 22900: loss 2.1756, time 4299.08ms, mfu 5.82%
model:LGT723E iter 22910: loss 2.2827, time 293.87ms, mfu 5.99%
model:LGT723E iter 22920: loss 2.4508, time 293.89ms, mfu 6.15%
model:LGT723E iter 22930: loss 2.1491, time 293.75ms, mfu 6.29%
model:LGT723E iter 22940: loss 1.9003, time 294.22ms, mfu 6.41%
------average encoder activity 3.699
-----------average decoder density 0.7854
step 22950: train loss 2.0956, val loss 2.2253
model:LGT723E iter 22950: loss 2.3242, time 4299.49ms, mfu 5.82%
model:LGT723E iter 22960: loss 2.1282, time 293.81ms, mfu 5.99%
model:LGT723E iter 22970: loss 1.6740, time 294.02ms, mfu 6.15%
model:LGT723E iter 22980: loss 1.9434, time 294.39ms, mfu 6.29%
model:LGT723E iter 22990: loss 2.3269, time 296.03ms, mfu 6.41%
------average encoder activity 3.698
-----------average decoder density 0.7826
step 23000: train loss 2.1006, val loss 2.2320
model:LGT723E iter 23000: loss 2.0265, time 4308.79ms, mfu 5.82%
model:LGT723E iter 23010: loss 1.7298, time 293.40ms, mfu 5.99%
model:LGT723E iter 23020: loss 2.1430, time 293.46ms, mfu 6.15%
model:LGT723E iter 23030: loss 2.0421, time 293.42ms, mfu 6.29%
model:LGT723E iter 23040: loss 2.2437, time 293.44ms, mfu 6.41%
------average encoder activity 3.695
-----------average decoder density 0.7838
step 23050: train loss 2.0993, val loss 2.2164
model:LGT723E iter 23050: loss 2.1001, time 4300.67ms, mfu 5.82%
model:LGT723E iter 23060: loss 1.7912, time 293.76ms, mfu 6.00%
model:LGT723E iter 23070: loss 2.0267, time 293.56ms, mfu 6.15%
model:LGT723E iter 23080: loss 1.9558, time 293.56ms, mfu 6.29%
model:LGT723E iter 23090: loss 2.0289, time 293.37ms, mfu 6.42%
------average encoder activity 3.695
-----------average decoder density 0.7882
step 23100: train loss 2.0736, val loss 2.2179
model:LGT723E iter 23100: loss 1.8457, time 4301.58ms, mfu 5.83%
model:LGT723E iter 23110: loss 2.1844, time 293.53ms, mfu 6.00%
model:LGT723E iter 23120: loss 2.2740, time 293.45ms, mfu 6.15%
model:LGT723E iter 23130: loss 2.0313, time 293.47ms, mfu 6.29%
model:LGT723E iter 23140: loss 1.9825, time 293.43ms, mfu 6.42%
------average encoder activity 3.697
-----------average decoder density 0.7716
step 23150: train loss 2.0964, val loss 2.2106
model:LGT723E iter 23150: loss 2.4450, time 4302.80ms, mfu 5.83%
model:LGT723E iter 23160: loss 2.1242, time 293.50ms, mfu 6.00%
model:LGT723E iter 23170: loss 2.0676, time 293.31ms, mfu 6.16%
model:LGT723E iter 23180: loss 1.7283, time 293.42ms, mfu 6.30%
model:LGT723E iter 23190: loss 2.2620, time 293.40ms, mfu 6.42%
------average encoder activity 3.699
-----------average decoder density 0.7900
step 23200: train loss 2.0734, val loss 2.2222
model:LGT723E iter 23200: loss 2.1017, time 4299.74ms, mfu 5.83%
model:LGT723E iter 23210: loss 1.9913, time 293.50ms, mfu 6.00%
model:LGT723E iter 23220: loss 2.4563, time 293.48ms, mfu 6.16%
model:LGT723E iter 23230: loss 2.3064, time 293.50ms, mfu 6.30%
model:LGT723E iter 23240: loss 1.8288, time 293.26ms, mfu 6.42%
------average encoder activity 3.696
-----------average decoder density 0.7812
step 23250: train loss 2.0834, val loss 2.2096
model:LGT723E iter 23250: loss 1.6849, time 4300.78ms, mfu 5.83%
model:LGT723E iter 23260: loss 2.0513, time 293.43ms, mfu 6.00%
model:LGT723E iter 23270: loss 1.9678, time 293.66ms, mfu 6.16%
model:LGT723E iter 23280: loss 2.1197, time 293.46ms, mfu 6.30%
model:LGT723E iter 23290: loss 2.1404, time 293.39ms, mfu 6.42%
------average encoder activity 3.697
-----------average decoder density 0.7643
step 23300: train loss 2.0918, val loss 2.2110
model:LGT723E iter 23300: loss 2.1816, time 4299.19ms, mfu 5.83%
model:LGT723E iter 23310: loss 1.9033, time 293.38ms, mfu 6.00%
model:LGT723E iter 23320: loss 2.2798, time 293.62ms, mfu 6.16%
model:LGT723E iter 23330: loss 1.9224, time 293.38ms, mfu 6.30%
model:LGT723E iter 23340: loss 2.3122, time 293.42ms, mfu 6.42%
------average encoder activity 3.697
-----------average decoder density 0.7852
step 23350: train loss 2.0858, val loss 2.2233
model:LGT723E iter 23350: loss 2.0033, time 4300.87ms, mfu 5.83%
model:LGT723E iter 23360: loss 2.1674, time 293.42ms, mfu 6.01%
model:LGT723E iter 23370: loss 1.8829, time 293.42ms, mfu 6.16%
model:LGT723E iter 23380: loss 2.2080, time 293.49ms, mfu 6.30%
model:LGT723E iter 23390: loss 1.9825, time 293.45ms, mfu 6.42%
------average encoder activity 3.695
-----------average decoder density 0.7514
step 23400: train loss 2.0841, val loss 2.2159
model:LGT723E iter 23400: loss 2.2565, time 4302.10ms, mfu 5.83%
model:LGT723E iter 23410: loss 1.9431, time 293.31ms, mfu 6.01%
model:LGT723E iter 23420: loss 2.2546, time 293.33ms, mfu 6.16%
model:LGT723E iter 23430: loss 2.1501, time 293.39ms, mfu 6.30%
model:LGT723E iter 23440: loss 2.0934, time 293.42ms, mfu 6.43%
------average encoder activity 3.699
-----------average decoder density 0.7799
step 23450: train loss 2.0767, val loss 2.2204
model:LGT723E iter 23450: loss 2.2927, time 4300.99ms, mfu 5.83%
model:LGT723E iter 23460: loss 1.8596, time 293.66ms, mfu 6.01%
model:LGT723E iter 23470: loss 2.1288, time 293.57ms, mfu 6.16%
model:LGT723E iter 23480: loss 2.3308, time 293.55ms, mfu 6.30%
model:LGT723E iter 23490: loss 1.8949, time 293.54ms, mfu 6.42%
------average encoder activity 3.697
-----------average decoder density 0.7666
step 23500: train loss 2.0899, val loss 2.2255
model:LGT723E iter 23500: loss 1.9810, time 4303.51ms, mfu 5.83%
model:LGT723E iter 23510: loss 1.9311, time 293.83ms, mfu 6.00%
model:LGT723E iter 23520: loss 2.1650, time 293.42ms, mfu 6.16%
model:LGT723E iter 23530: loss 2.1201, time 293.37ms, mfu 6.30%
model:LGT723E iter 23540: loss 2.3113, time 293.39ms, mfu 6.42%
------average encoder activity 3.699
-----------average decoder density 0.7672
step 23550: train loss 2.1055, val loss 2.2139
model:LGT723E iter 23550: loss 2.2757, time 4299.27ms, mfu 5.83%
model:LGT723E iter 23560: loss 1.9883, time 293.42ms, mfu 6.00%
model:LGT723E iter 23570: loss 1.9661, time 293.39ms, mfu 6.16%
model:LGT723E iter 23580: loss 1.9220, time 293.69ms, mfu 6.30%
model:LGT723E iter 23590: loss 2.1784, time 293.41ms, mfu 6.42%
------average encoder activity 3.695
-----------average decoder density 0.7788
step 23600: train loss 2.0857, val loss 2.2457
model:LGT723E iter 23600: loss 2.1717, time 4300.21ms, mfu 5.83%
model:LGT723E iter 23610: loss 2.3694, time 293.36ms, mfu 6.01%
model:LGT723E iter 23620: loss 2.4257, time 293.88ms, mfu 6.16%
model:LGT723E iter 23630: loss 1.9575, time 293.97ms, mfu 6.30%
model:LGT723E iter 23640: loss 1.9352, time 293.88ms, mfu 6.42%
------average encoder activity 3.695
-----------average decoder density 0.7861
step 23650: train loss 2.0905, val loss 2.2244
model:LGT723E iter 23650: loss 2.1713, time 4297.70ms, mfu 5.83%
model:LGT723E iter 23660: loss 2.0565, time 293.83ms, mfu 6.00%
model:LGT723E iter 23670: loss 2.0137, time 293.98ms, mfu 6.16%
model:LGT723E iter 23680: loss 1.8677, time 294.11ms, mfu 6.29%
model:LGT723E iter 23690: loss 2.3862, time 293.85ms, mfu 6.42%
------average encoder activity 3.693
-----------average decoder density 0.7743
step 23700: train loss 2.0923, val loss 2.2241
model:LGT723E iter 23700: loss 2.2540, time 4298.58ms, mfu 5.83%
model:LGT723E iter 23710: loss 2.3235, time 294.30ms, mfu 6.00%
model:LGT723E iter 23720: loss 1.8168, time 293.92ms, mfu 6.15%
model:LGT723E iter 23730: loss 1.9768, time 293.82ms, mfu 6.29%
model:LGT723E iter 23740: loss 2.0030, time 293.69ms, mfu 6.42%
------average encoder activity 3.687
-----------average decoder density 0.7944
step 23750: train loss 2.0752, val loss 2.2186
model:LGT723E iter 23750: loss 2.0112, time 4303.72ms, mfu 5.83%
model:LGT723E iter 23760: loss 2.2820, time 294.49ms, mfu 6.00%
model:LGT723E iter 23770: loss 2.2520, time 294.26ms, mfu 6.15%
model:LGT723E iter 23780: loss 2.2982, time 294.57ms, mfu 6.29%
model:LGT723E iter 23790: loss 1.9660, time 294.27ms, mfu 6.41%
------average encoder activity 3.687
-----------average decoder density 0.7778
step 23800: train loss 2.0706, val loss 2.2127
model:LGT723E iter 23800: loss 2.0278, time 4301.55ms, mfu 5.82%
model:LGT723E iter 23810: loss 2.3127, time 293.95ms, mfu 5.99%
model:LGT723E iter 23820: loss 2.0606, time 294.05ms, mfu 6.15%
model:LGT723E iter 23830: loss 1.9509, time 293.96ms, mfu 6.29%
model:LGT723E iter 23840: loss 2.3265, time 293.80ms, mfu 6.41%
------average encoder activity 3.690
-----------average decoder density 0.7838
step 23850: train loss 2.0886, val loss 2.2260
model:LGT723E iter 23850: loss 2.1274, time 4305.82ms, mfu 5.82%
model:LGT723E iter 23860: loss 2.0733, time 293.91ms, mfu 5.99%
model:LGT723E iter 23870: loss 1.7470, time 294.04ms, mfu 6.15%
model:LGT723E iter 23880: loss 2.2959, time 293.77ms, mfu 6.29%
model:LGT723E iter 23890: loss 1.9159, time 293.96ms, mfu 6.41%
------average encoder activity 3.686
-----------average decoder density 0.7828
step 23900: train loss 2.0781, val loss 2.2017
model:LGT723E iter 23900: loss 1.9859, time 4306.61ms, mfu 5.82%
model:LGT723E iter 23910: loss 2.0904, time 293.84ms, mfu 6.00%
model:LGT723E iter 23920: loss 1.8757, time 294.96ms, mfu 6.15%
model:LGT723E iter 23930: loss 2.0608, time 293.72ms, mfu 6.29%
model:LGT723E iter 23940: loss 2.1520, time 293.81ms, mfu 6.41%
------average encoder activity 3.684
-----------average decoder density 0.7865
step 23950: train loss 2.1005, val loss 2.1945
saving checkpoint to out-novel-char3_LGT723E_711ea4166a6f7e62afeea754910c06aa
model:LGT723E iter 23950: loss 2.1187, time 4833.02ms, mfu 5.82%
model:LGT723E iter 23960: loss 1.9398, time 294.06ms, mfu 5.99%
model:LGT723E iter 23970: loss 2.3849, time 294.09ms, mfu 6.14%
model:LGT723E iter 23980: loss 2.3975, time 293.83ms, mfu 6.28%
model:LGT723E iter 23990: loss 1.9266, time 294.64ms, mfu 6.41%
------average encoder activity 3.685
-----------average decoder density 0.7799
step 24000: train loss 2.0665, val loss 2.2181
model:LGT723E iter 24000: loss 1.9098, time 4307.65ms, mfu 5.82%
model:LGT723E iter 24010: loss 2.1629, time 294.01ms, mfu 5.99%
model:LGT723E iter 24020: loss 1.7600, time 294.18ms, mfu 6.14%
model:LGT723E iter 24030: loss 2.4020, time 293.80ms, mfu 6.28%
model:LGT723E iter 24040: loss 1.8648, time 294.58ms, mfu 6.41%
------average encoder activity 3.678
-----------average decoder density 0.7628
step 24050: train loss 2.0793, val loss 2.2158
model:LGT723E iter 24050: loss 2.2322, time 4303.64ms, mfu 5.82%
model:LGT723E iter 24060: loss 1.8825, time 293.72ms, mfu 5.99%
model:LGT723E iter 24070: loss 1.8094, time 293.50ms, mfu 6.15%
model:LGT723E iter 24080: loss 2.0944, time 293.50ms, mfu 6.29%
model:LGT723E iter 24090: loss 2.0673, time 293.52ms, mfu 6.41%
------average encoder activity 3.682
-----------average decoder density 0.7898
step 24100: train loss 2.0593, val loss 2.2368
model:LGT723E iter 24100: loss 2.0459, time 4304.30ms, mfu 5.82%
model:LGT723E iter 24110: loss 2.1754, time 293.48ms, mfu 6.00%
model:LGT723E iter 24120: loss 1.8467, time 293.40ms, mfu 6.15%
model:LGT723E iter 24130: loss 2.3759, time 293.61ms, mfu 6.29%
model:LGT723E iter 24140: loss 2.0578, time 293.55ms, mfu 6.42%
------average encoder activity 3.682
-----------average decoder density 0.7870
step 24150: train loss 2.0805, val loss 2.2057
model:LGT723E iter 24150: loss 1.7875, time 4310.52ms, mfu 5.83%
model:LGT723E iter 24160: loss 2.1301, time 294.01ms, mfu 6.00%
model:LGT723E iter 24170: loss 2.3146, time 294.78ms, mfu 6.15%
model:LGT723E iter 24180: loss 2.0992, time 294.36ms, mfu 6.29%
model:LGT723E iter 24190: loss 2.5212, time 294.34ms, mfu 6.41%
------average encoder activity 3.682
-----------average decoder density 0.7856
step 24200: train loss 2.0772, val loss 2.2040
model:LGT723E iter 24200: loss 2.1188, time 4303.52ms, mfu 5.82%
model:LGT723E iter 24210: loss 2.4304, time 294.27ms, mfu 5.99%
model:LGT723E iter 24220: loss 1.9094, time 294.09ms, mfu 6.15%
model:LGT723E iter 24230: loss 1.9329, time 293.55ms, mfu 6.29%
model:LGT723E iter 24240: loss 2.2485, time 293.52ms, mfu 6.41%
------average encoder activity 3.683
-----------average decoder density 0.7851
step 24250: train loss 2.0825, val loss 2.2020
model:LGT723E iter 24250: loss 2.3538, time 4305.07ms, mfu 5.82%
model:LGT723E iter 24260: loss 1.9812, time 293.58ms, mfu 6.00%
model:LGT723E iter 24270: loss 2.0494, time 293.52ms, mfu 6.15%
model:LGT723E iter 24280: loss 1.9442, time 293.56ms, mfu 6.29%
model:LGT723E iter 24290: loss 2.3252, time 293.78ms, mfu 6.42%
------average encoder activity 3.684
-----------average decoder density 0.7847
step 24300: train loss 2.0533, val loss 2.2041
model:LGT723E iter 24300: loss 2.0601, time 4310.27ms, mfu 5.83%
model:LGT723E iter 24310: loss 1.6968, time 293.80ms, mfu 6.00%
model:LGT723E iter 24320: loss 1.8666, time 293.79ms, mfu 6.15%
model:LGT723E iter 24330: loss 2.2588, time 293.82ms, mfu 6.29%
model:LGT723E iter 24340: loss 1.7407, time 293.82ms, mfu 6.42%
------average encoder activity 3.684
-----------average decoder density 0.7520
step 24350: train loss 2.0557, val loss 2.2147
model:LGT723E iter 24350: loss 2.1642, time 4304.82ms, mfu 5.83%
model:LGT723E iter 24360: loss 2.0392, time 294.04ms, mfu 6.00%
model:LGT723E iter 24370: loss 1.8913, time 294.00ms, mfu 6.15%
model:LGT723E iter 24380: loss 2.5226, time 293.98ms, mfu 6.29%
model:LGT723E iter 24390: loss 1.7408, time 293.70ms, mfu 6.42%
------average encoder activity 3.682
-----------average decoder density 0.7624
step 24400: train loss 2.0565, val loss 2.2004
model:LGT723E iter 24400: loss 2.1660, time 4299.96ms, mfu 5.83%
model:LGT723E iter 24410: loss 1.7730, time 293.61ms, mfu 6.00%
model:LGT723E iter 24420: loss 1.7750, time 293.68ms, mfu 6.15%
model:LGT723E iter 24430: loss 1.9584, time 293.77ms, mfu 6.29%
model:LGT723E iter 24440: loss 1.7220, time 293.50ms, mfu 6.42%
------average encoder activity 3.679
-----------average decoder density 0.7620
step 24450: train loss 2.0554, val loss 2.1979
model:LGT723E iter 24450: loss 1.9600, time 4305.89ms, mfu 5.83%
model:LGT723E iter 24460: loss 2.0137, time 293.59ms, mfu 6.00%
model:LGT723E iter 24470: loss 2.1042, time 293.67ms, mfu 6.15%
model:LGT723E iter 24480: loss 2.2973, time 293.73ms, mfu 6.29%
model:LGT723E iter 24490: loss 2.1466, time 293.52ms, mfu 6.42%
------average encoder activity 3.684
-----------average decoder density 0.7522
step 24500: train loss 2.0514, val loss 2.2075
model:LGT723E iter 24500: loss 2.0542, time 4308.43ms, mfu 5.83%
model:LGT723E iter 24510: loss 2.0557, time 293.92ms, mfu 6.00%
model:LGT723E iter 24520: loss 2.0498, time 293.67ms, mfu 6.15%
model:LGT723E iter 24530: loss 1.9924, time 293.62ms, mfu 6.29%
model:LGT723E iter 24540: loss 2.2259, time 293.50ms, mfu 6.42%
------average encoder activity 3.682
-----------average decoder density 0.7907
step 24550: train loss 2.0516, val loss 2.1838
saving checkpoint to out-novel-char3_LGT723E_711ea4166a6f7e62afeea754910c06aa
model:LGT723E iter 24550: loss 2.0438, time 4829.49ms, mfu 5.82%
model:LGT723E iter 24560: loss 2.2189, time 293.39ms, mfu 6.00%
model:LGT723E iter 24570: loss 2.1187, time 293.99ms, mfu 6.15%
model:LGT723E iter 24580: loss 2.3320, time 293.60ms, mfu 6.29%
model:LGT723E iter 24590: loss 2.0837, time 293.49ms, mfu 6.42%
------average encoder activity 3.682
-----------average decoder density 0.7666
step 24600: train loss 2.0473, val loss 2.1985
model:LGT723E iter 24600: loss 2.1535, time 4302.22ms, mfu 5.83%
model:LGT723E iter 24610: loss 1.9975, time 293.45ms, mfu 6.00%
model:LGT723E iter 24620: loss 2.3111, time 293.41ms, mfu 6.15%
model:LGT723E iter 24630: loss 2.4546, time 293.60ms, mfu 6.29%
model:LGT723E iter 24640: loss 1.9492, time 293.76ms, mfu 6.42%
------average encoder activity 3.679
-----------average decoder density 0.7858
step 24650: train loss 2.0860, val loss 2.2219
model:LGT723E iter 24650: loss 2.1024, time 4300.10ms, mfu 5.83%
model:LGT723E iter 24660: loss 2.1323, time 293.52ms, mfu 6.00%
model:LGT723E iter 24670: loss 2.3399, time 293.46ms, mfu 6.16%
model:LGT723E iter 24680: loss 2.0074, time 293.62ms, mfu 6.29%
model:LGT723E iter 24690: loss 2.0295, time 293.58ms, mfu 6.42%
------average encoder activity 3.678
-----------average decoder density 0.7832
step 24700: train loss 2.0605, val loss 2.1892
model:LGT723E iter 24700: loss 2.1890, time 4300.91ms, mfu 5.83%
model:LGT723E iter 24710: loss 2.1280, time 294.22ms, mfu 6.00%
model:LGT723E iter 24720: loss 2.1704, time 293.93ms, mfu 6.15%
model:LGT723E iter 24730: loss 2.1439, time 294.14ms, mfu 6.29%
model:LGT723E iter 24740: loss 1.9972, time 294.13ms, mfu 6.42%
------average encoder activity 3.678
-----------average decoder density 0.7915
step 24750: train loss 2.0312, val loss 2.1995
model:LGT723E iter 24750: loss 2.0546, time 4307.85ms, mfu 5.83%
model:LGT723E iter 24760: loss 2.2419, time 293.83ms, mfu 6.00%
model:LGT723E iter 24770: loss 1.7081, time 293.43ms, mfu 6.15%
model:LGT723E iter 24780: loss 2.1075, time 293.44ms, mfu 6.29%
model:LGT723E iter 24790: loss 2.2736, time 293.87ms, mfu 6.42%
------average encoder activity 3.675
-----------average decoder density 0.7861
step 24800: train loss 2.0782, val loss 2.1874
model:LGT723E iter 24800: loss 2.0995, time 4299.03ms, mfu 5.83%
model:LGT723E iter 24810: loss 2.2863, time 293.96ms, mfu 6.00%
model:LGT723E iter 24820: loss 2.0419, time 294.00ms, mfu 6.15%
model:LGT723E iter 24830: loss 2.1038, time 294.00ms, mfu 6.29%
model:LGT723E iter 24840: loss 2.0228, time 293.77ms, mfu 6.42%
------average encoder activity 3.682
-----------average decoder density 0.7715
step 24850: train loss 2.0704, val loss 2.1825
saving checkpoint to out-novel-char3_LGT723E_711ea4166a6f7e62afeea754910c06aa
model:LGT723E iter 24850: loss 2.2966, time 4817.65ms, mfu 5.82%
model:LGT723E iter 24860: loss 2.2185, time 293.82ms, mfu 5.99%
model:LGT723E iter 24870: loss 1.8092, time 293.93ms, mfu 6.15%
model:LGT723E iter 24880: loss 2.1461, time 293.94ms, mfu 6.29%
model:LGT723E iter 24890: loss 1.9434, time 293.95ms, mfu 6.41%
------average encoder activity 3.676
-----------average decoder density 0.7647
step 24900: train loss 2.0712, val loss 2.2120
model:LGT723E iter 24900: loss 2.4970, time 4299.17ms, mfu 5.82%
model:LGT723E iter 24910: loss 2.3198, time 294.05ms, mfu 5.99%
model:LGT723E iter 24920: loss 2.0391, time 294.11ms, mfu 6.15%
model:LGT723E iter 24930: loss 1.9226, time 294.06ms, mfu 6.29%
model:LGT723E iter 24940: loss 2.0570, time 293.86ms, mfu 6.41%
------average encoder activity 3.678
-----------average decoder density 0.7856
step 24950: train loss 2.0419, val loss 2.2116
model:LGT723E iter 24950: loss 2.1662, time 4299.55ms, mfu 5.82%
model:LGT723E iter 24960: loss 2.0533, time 293.60ms, mfu 5.99%
model:LGT723E iter 24970: loss 1.9245, time 293.86ms, mfu 6.15%
model:LGT723E iter 24980: loss 2.2118, time 293.92ms, mfu 6.29%
model:LGT723E iter 24990: loss 2.0774, time 293.93ms, mfu 6.41%
------average encoder activity 3.681
-----------average decoder density 0.7611
step 25000: train loss 2.0534, val loss 2.2141
model:LGT723E iter 25000: loss 1.6419, time 4299.48ms, mfu 5.82%
model:LGT723E iter 25010: loss 2.0047, time 293.46ms, mfu 6.00%
model:LGT723E iter 25020: loss 1.9190, time 293.40ms, mfu 6.15%
model:LGT723E iter 25030: loss 1.9549, time 293.77ms, mfu 6.29%
model:LGT723E iter 25040: loss 2.0361, time 293.43ms, mfu 6.42%
------average encoder activity 3.679
-----------average decoder density 0.7759
step 25050: train loss 2.0643, val loss 2.2167
model:LGT723E iter 25050: loss 2.3262, time 4299.32ms, mfu 5.83%
model:LGT723E iter 25060: loss 2.0276, time 293.37ms, mfu 6.00%
model:LGT723E iter 25070: loss 2.0858, time 293.49ms, mfu 6.16%
model:LGT723E iter 25080: loss 1.9252, time 293.42ms, mfu 6.29%
model:LGT723E iter 25090: loss 1.5676, time 293.56ms, mfu 6.42%
------average encoder activity 3.680
-----------average decoder density 0.7830
step 25100: train loss 2.0612, val loss 2.1980
model:LGT723E iter 25100: loss 2.2907, time 4307.48ms, mfu 5.83%
model:LGT723E iter 25110: loss 2.0441, time 293.84ms, mfu 6.00%
model:LGT723E iter 25120: loss 2.0785, time 293.58ms, mfu 6.16%
model:LGT723E iter 25130: loss 1.8790, time 293.57ms, mfu 6.29%
model:LGT723E iter 25140: loss 2.2074, time 293.49ms, mfu 6.42%
------average encoder activity 3.680
-----------average decoder density 0.7642
step 25150: train loss 2.0453, val loss 2.1986
model:LGT723E iter 25150: loss 1.9634, time 4303.25ms, mfu 5.83%
model:LGT723E iter 25160: loss 2.0314, time 293.39ms, mfu 6.00%
model:LGT723E iter 25170: loss 2.2929, time 293.51ms, mfu 6.16%
model:LGT723E iter 25180: loss 1.9893, time 293.54ms, mfu 6.30%
model:LGT723E iter 25190: loss 2.1740, time 293.37ms, mfu 6.42%
------average encoder activity 3.676
-----------average decoder density 0.7770
step 25200: train loss 2.0830, val loss 2.2124
model:LGT723E iter 25200: loss 2.1039, time 4304.80ms, mfu 5.83%
model:LGT723E iter 25210: loss 2.1452, time 293.38ms, mfu 6.00%
model:LGT723E iter 25220: loss 2.2174, time 293.48ms, mfu 6.16%
model:LGT723E iter 25230: loss 2.0178, time 293.59ms, mfu 6.30%
model:LGT723E iter 25240: loss 2.1960, time 293.48ms, mfu 6.42%
------average encoder activity 3.678
-----------average decoder density 0.7638
step 25250: train loss 2.0606, val loss 2.2118
model:LGT723E iter 25250: loss 1.8642, time 4303.13ms, mfu 5.83%
model:LGT723E iter 25260: loss 2.1561, time 293.28ms, mfu 6.00%
model:LGT723E iter 25270: loss 2.0907, time 293.68ms, mfu 6.16%
model:LGT723E iter 25280: loss 2.1627, time 294.45ms, mfu 6.30%
model:LGT723E iter 25290: loss 2.0268, time 294.32ms, mfu 6.42%
------average encoder activity 3.681
-----------average decoder density 0.7836
step 25300: train loss 2.0573, val loss 2.2089
model:LGT723E iter 25300: loss 1.8424, time 4306.82ms, mfu 5.83%
model:LGT723E iter 25310: loss 1.8979, time 294.07ms, mfu 6.00%
model:LGT723E iter 25320: loss 2.3606, time 293.95ms, mfu 6.15%
model:LGT723E iter 25330: loss 2.0442, time 293.93ms, mfu 6.29%
model:LGT723E iter 25340: loss 1.7902, time 293.77ms, mfu 6.42%
------average encoder activity 3.681
-----------average decoder density 0.7404
step 25350: train loss 2.0423, val loss 2.2136
model:LGT723E iter 25350: loss 2.0929, time 4298.70ms, mfu 5.83%
model:LGT723E iter 25360: loss 2.3800, time 293.92ms, mfu 6.00%
model:LGT723E iter 25370: loss 2.2981, time 294.14ms, mfu 6.15%
model:LGT723E iter 25380: loss 2.2892, time 294.04ms, mfu 6.29%
model:LGT723E iter 25390: loss 2.0597, time 294.04ms, mfu 6.41%
------average encoder activity 3.680
-----------average decoder density 0.7655
step 25400: train loss 2.0629, val loss 2.2035
model:LGT723E iter 25400: loss 2.0123, time 4307.62ms, mfu 5.82%
model:LGT723E iter 25410: loss 2.1536, time 294.15ms, mfu 6.00%
model:LGT723E iter 25420: loss 1.9001, time 294.35ms, mfu 6.15%
model:LGT723E iter 25430: loss 2.0564, time 294.00ms, mfu 6.29%
model:LGT723E iter 25440: loss 1.7555, time 294.23ms, mfu 6.41%
------average encoder activity 3.678
-----------average decoder density 0.7793
step 25450: train loss 2.0242, val loss 2.1904
model:LGT723E iter 25450: loss 2.0756, time 4318.15ms, mfu 5.82%
model:LGT723E iter 25460: loss 1.7972, time 294.41ms, mfu 5.99%
model:LGT723E iter 25470: loss 2.2920, time 294.80ms, mfu 6.15%
model:LGT723E iter 25480: loss 2.0243, time 293.80ms, mfu 6.29%
model:LGT723E iter 25490: loss 1.8894, time 296.16ms, mfu 6.40%
------average encoder activity 3.677
-----------average decoder density 0.7684
step 25500: train loss 2.0571, val loss 2.2313
model:LGT723E iter 25500: loss 2.1188, time 4305.86ms, mfu 5.82%
model:LGT723E iter 25510: loss 2.3705, time 293.90ms, mfu 5.99%
model:LGT723E iter 25520: loss 2.3543, time 293.94ms, mfu 6.14%
model:LGT723E iter 25530: loss 2.0629, time 294.04ms, mfu 6.28%
model:LGT723E iter 25540: loss 2.1515, time 293.94ms, mfu 6.41%
------average encoder activity 3.678
-----------average decoder density 0.7841
step 25550: train loss 2.0381, val loss 2.1982
model:LGT723E iter 25550: loss 2.0042, time 4322.02ms, mfu 5.82%
model:LGT723E iter 25560: loss 1.9880, time 293.41ms, mfu 5.99%
model:LGT723E iter 25570: loss 2.4886, time 293.49ms, mfu 6.15%
model:LGT723E iter 25580: loss 2.0705, time 293.39ms, mfu 6.29%
model:LGT723E iter 25590: loss 2.1219, time 293.46ms, mfu 6.41%
------average encoder activity 3.677
-----------average decoder density 0.7482
step 25600: train loss 2.0553, val loss 2.2031
model:LGT723E iter 25600: loss 2.4136, time 4298.49ms, mfu 5.82%
model:LGT723E iter 25610: loss 2.0296, time 293.57ms, mfu 6.00%
model:LGT723E iter 25620: loss 2.2780, time 293.63ms, mfu 6.15%
model:LGT723E iter 25630: loss 2.0864, time 293.57ms, mfu 6.29%
model:LGT723E iter 25640: loss 2.3316, time 294.26ms, mfu 6.42%
------average encoder activity 3.676
-----------average decoder density 0.7624
step 25650: train loss 2.0656, val loss 2.2089
model:LGT723E iter 25650: loss 2.0356, time 4300.75ms, mfu 5.83%
model:LGT723E iter 25660: loss 2.0774, time 293.75ms, mfu 6.00%
model:LGT723E iter 25670: loss 1.9752, time 294.46ms, mfu 6.15%
model:LGT723E iter 25680: loss 1.9974, time 293.79ms, mfu 6.29%
model:LGT723E iter 25690: loss 2.0679, time 294.04ms, mfu 6.41%
------average encoder activity 3.675
-----------average decoder density 0.7794
step 25700: train loss 2.0308, val loss 2.1859
model:LGT723E iter 25700: loss 1.9652, time 4302.54ms, mfu 5.82%
model:LGT723E iter 25710: loss 2.0565, time 294.12ms, mfu 6.00%
model:LGT723E iter 25720: loss 2.3267, time 293.42ms, mfu 6.15%
model:LGT723E iter 25730: loss 2.0786, time 297.43ms, mfu 6.28%
model:LGT723E iter 25740: loss 1.9832, time 295.18ms, mfu 6.40%
------average encoder activity 3.673
-----------average decoder density 0.7675
step 25750: train loss 2.0526, val loss 2.1742
saving checkpoint to out-novel-char3_LGT723E_711ea4166a6f7e62afeea754910c06aa
model:LGT723E iter 25750: loss 1.9177, time 4831.24ms, mfu 5.81%
model:LGT723E iter 25760: loss 1.8444, time 293.36ms, mfu 5.98%
model:LGT723E iter 25770: loss 1.9213, time 293.48ms, mfu 6.14%
model:LGT723E iter 25780: loss 2.1217, time 293.49ms, mfu 6.28%
model:LGT723E iter 25790: loss 1.8798, time 293.44ms, mfu 6.41%
------average encoder activity 3.671
-----------average decoder density 0.7553
step 25800: train loss 2.0597, val loss 2.2155
model:LGT723E iter 25800: loss 2.1419, time 4302.68ms, mfu 5.82%
model:LGT723E iter 25810: loss 1.9232, time 293.56ms, mfu 5.99%
model:LGT723E iter 25820: loss 2.1753, time 293.41ms, mfu 6.15%
model:LGT723E iter 25830: loss 2.0218, time 293.45ms, mfu 6.29%
model:LGT723E iter 25840: loss 2.2798, time 293.38ms, mfu 6.42%
------average encoder activity 3.672
-----------average decoder density 0.7649
step 25850: train loss 2.0518, val loss 2.1857
model:LGT723E iter 25850: loss 1.9044, time 4299.17ms, mfu 5.83%
model:LGT723E iter 25860: loss 2.0613, time 293.49ms, mfu 6.00%
model:LGT723E iter 25870: loss 2.1412, time 293.50ms, mfu 6.15%
model:LGT723E iter 25880: loss 1.7155, time 293.44ms, mfu 6.29%
model:LGT723E iter 25890: loss 2.4701, time 293.40ms, mfu 6.42%
------average encoder activity 3.671
-----------average decoder density 0.7735
step 25900: train loss 2.0582, val loss 2.1850
model:LGT723E iter 25900: loss 2.3237, time 4299.88ms, mfu 5.83%
model:LGT723E iter 25910: loss 2.0442, time 294.01ms, mfu 6.00%
model:LGT723E iter 25920: loss 2.1443, time 294.05ms, mfu 6.15%
model:LGT723E iter 25930: loss 1.6638, time 294.00ms, mfu 6.29%
model:LGT723E iter 25940: loss 2.0355, time 293.98ms, mfu 6.42%
------average encoder activity 3.671
-----------average decoder density 0.7840
step 25950: train loss 2.0514, val loss 2.2096
model:LGT723E iter 25950: loss 2.1186, time 4309.68ms, mfu 5.83%
model:LGT723E iter 25960: loss 1.8720, time 293.53ms, mfu 6.00%
model:LGT723E iter 25970: loss 2.1354, time 293.82ms, mfu 6.15%
model:LGT723E iter 25980: loss 1.6909, time 293.62ms, mfu 6.29%
model:LGT723E iter 25990: loss 2.1830, time 293.70ms, mfu 6.42%
------average encoder activity 3.666
-----------average decoder density 0.7696
step 26000: train loss 2.0545, val loss 2.1874
model:LGT723E iter 26000: loss 2.1700, time 4304.35ms, mfu 5.83%
model:LGT723E iter 26010: loss 1.8940, time 293.63ms, mfu 6.00%
model:LGT723E iter 26020: loss 1.8043, time 296.34ms, mfu 6.15%
model:LGT723E iter 26030: loss 1.8267, time 293.92ms, mfu 6.29%
model:LGT723E iter 26040: loss 1.9269, time 293.94ms, mfu 6.41%
------average encoder activity 3.665
-----------average decoder density 0.7846
step 26050: train loss 2.0367, val loss 2.2007
model:LGT723E iter 26050: loss 1.8278, time 4306.72ms, mfu 5.82%
model:LGT723E iter 26060: loss 2.2729, time 293.72ms, mfu 5.99%
model:LGT723E iter 26070: loss 1.9176, time 294.28ms, mfu 6.15%
model:LGT723E iter 26080: loss 2.1239, time 293.86ms, mfu 6.29%
model:LGT723E iter 26090: loss 2.2795, time 294.04ms, mfu 6.41%
------average encoder activity 3.665
-----------average decoder density 0.7608
step 26100: train loss 2.0434, val loss 2.2013
model:LGT723E iter 26100: loss 2.0696, time 4302.97ms, mfu 5.82%
model:LGT723E iter 26110: loss 2.0559, time 294.23ms, mfu 5.99%
model:LGT723E iter 26120: loss 2.1262, time 294.00ms, mfu 6.15%
model:LGT723E iter 26130: loss 2.0698, time 294.17ms, mfu 6.29%
model:LGT723E iter 26140: loss 1.9943, time 294.04ms, mfu 6.41%
------average encoder activity 3.665
-----------average decoder density 0.7823
step 26150: train loss 2.0518, val loss 2.1722
saving checkpoint to out-novel-char3_LGT723E_711ea4166a6f7e62afeea754910c06aa
model:LGT723E iter 26150: loss 2.1422, time 4832.28ms, mfu 5.82%
model:LGT723E iter 26160: loss 1.9691, time 294.08ms, mfu 5.99%
model:LGT723E iter 26170: loss 2.0866, time 294.31ms, mfu 6.14%
model:LGT723E iter 26180: loss 2.2139, time 294.45ms, mfu 6.28%
model:LGT723E iter 26190: loss 2.3674, time 293.84ms, mfu 6.41%
------average encoder activity 3.668
-----------average decoder density 0.7809
step 26200: train loss 2.0524, val loss 2.1885
model:LGT723E iter 26200: loss 2.1150, time 4302.15ms, mfu 5.82%
model:LGT723E iter 26210: loss 1.8297, time 294.21ms, mfu 5.99%
model:LGT723E iter 26220: loss 1.7301, time 294.15ms, mfu 6.14%
model:LGT723E iter 26230: loss 1.8191, time 293.94ms, mfu 6.28%
model:LGT723E iter 26240: loss 2.2128, time 294.58ms, mfu 6.41%
------average encoder activity 3.667
-----------average decoder density 0.7831
step 26250: train loss 2.0515, val loss 2.2270
model:LGT723E iter 26250: loss 1.8283, time 4308.84ms, mfu 5.82%
model:LGT723E iter 26260: loss 2.1290, time 293.99ms, mfu 5.99%
model:LGT723E iter 26270: loss 2.0318, time 293.95ms, mfu 6.14%
model:LGT723E iter 26280: loss 2.0586, time 293.94ms, mfu 6.28%
model:LGT723E iter 26290: loss 2.2371, time 293.98ms, mfu 6.41%
------average encoder activity 3.667
-----------average decoder density 0.7785
step 26300: train loss 2.0567, val loss 2.1822
model:LGT723E iter 26300: loss 2.2374, time 4303.40ms, mfu 5.82%
model:LGT723E iter 26310: loss 2.2551, time 293.94ms, mfu 5.99%
model:LGT723E iter 26320: loss 2.1010, time 293.99ms, mfu 6.15%
model:LGT723E iter 26330: loss 2.1775, time 294.08ms, mfu 6.29%
model:LGT723E iter 26340: loss 2.1689, time 293.79ms, mfu 6.41%
------average encoder activity 3.668
-----------average decoder density 0.7871
step 26350: train loss 2.0593, val loss 2.2035
model:LGT723E iter 26350: loss 1.9581, time 4308.18ms, mfu 5.82%
model:LGT723E iter 26360: loss 2.1367, time 294.15ms, mfu 5.99%
model:LGT723E iter 26370: loss 2.2393, time 293.77ms, mfu 6.15%
model:LGT723E iter 26380: loss 1.9668, time 293.71ms, mfu 6.29%
model:LGT723E iter 26390: loss 1.9234, time 293.89ms, mfu 6.41%
------average encoder activity 3.664
-----------average decoder density 0.7812
step 26400: train loss 2.0276, val loss 2.1923
model:LGT723E iter 26400: loss 2.3201, time 4319.76ms, mfu 5.82%
model:LGT723E iter 26410: loss 2.1151, time 293.57ms, mfu 6.00%
model:LGT723E iter 26420: loss 2.0763, time 293.46ms, mfu 6.15%
model:LGT723E iter 26430: loss 2.0293, time 293.95ms, mfu 6.29%
model:LGT723E iter 26440: loss 2.0171, time 293.66ms, mfu 6.42%
------average encoder activity 3.665
-----------average decoder density 0.7855
step 26450: train loss 2.0358, val loss 2.1980
model:LGT723E iter 26450: loss 2.1994, time 4308.60ms, mfu 5.83%
model:LGT723E iter 26460: loss 2.2585, time 294.16ms, mfu 6.00%
model:LGT723E iter 26470: loss 2.2698, time 293.95ms, mfu 6.15%
model:LGT723E iter 26480: loss 2.1349, time 294.01ms, mfu 6.29%
model:LGT723E iter 26490: loss 1.9628, time 293.90ms, mfu 6.41%
------average encoder activity 3.664
-----------average decoder density 0.7786
step 26500: train loss 2.0305, val loss 2.2100
model:LGT723E iter 26500: loss 2.3822, time 4308.52ms, mfu 5.82%
model:LGT723E iter 26510: loss 2.1712, time 293.87ms, mfu 6.00%
model:LGT723E iter 26520: loss 1.9614, time 293.89ms, mfu 6.15%
model:LGT723E iter 26530: loss 2.2074, time 294.04ms, mfu 6.29%
model:LGT723E iter 26540: loss 2.2375, time 293.81ms, mfu 6.41%
------average encoder activity 3.665
-----------average decoder density 0.7312
step 26550: train loss 2.0391, val loss 2.1989
model:LGT723E iter 26550: loss 2.3316, time 4306.18ms, mfu 5.82%
model:LGT723E iter 26560: loss 1.7519, time 294.00ms, mfu 6.00%
model:LGT723E iter 26570: loss 1.9944, time 293.91ms, mfu 6.15%
model:LGT723E iter 26580: loss 2.1729, time 293.99ms, mfu 6.29%
model:LGT723E iter 26590: loss 1.8177, time 294.07ms, mfu 6.41%
------average encoder activity 3.668
-----------average decoder density 0.7767
step 26600: train loss 2.0559, val loss 2.1800
model:LGT723E iter 26600: loss 2.0524, time 4304.23ms, mfu 5.82%
model:LGT723E iter 26610: loss 1.8960, time 294.38ms, mfu 5.99%
model:LGT723E iter 26620: loss 2.4774, time 294.02ms, mfu 6.15%
model:LGT723E iter 26630: loss 1.9710, time 294.20ms, mfu 6.29%
model:LGT723E iter 26640: loss 2.2751, time 294.04ms, mfu 6.41%
------average encoder activity 3.665
-----------average decoder density 0.7690
step 26650: train loss 2.0364, val loss 2.1921
model:LGT723E iter 26650: loss 1.9340, time 4301.06ms, mfu 5.82%
model:LGT723E iter 26660: loss 2.0755, time 294.10ms, mfu 5.99%
model:LGT723E iter 26670: loss 1.7178, time 293.96ms, mfu 6.15%
model:LGT723E iter 26680: loss 2.1630, time 294.03ms, mfu 6.29%
model:LGT723E iter 26690: loss 1.9963, time 294.04ms, mfu 6.41%
------average encoder activity 3.661
-----------average decoder density 0.7670
step 26700: train loss 2.0244, val loss 2.1958
model:LGT723E iter 26700: loss 1.6004, time 4308.52ms, mfu 5.82%
model:LGT723E iter 26710: loss 2.1001, time 294.00ms, mfu 5.99%
model:LGT723E iter 26720: loss 1.8514, time 294.10ms, mfu 6.15%
model:LGT723E iter 26730: loss 1.9430, time 293.88ms, mfu 6.29%
model:LGT723E iter 26740: loss 1.9860, time 294.42ms, mfu 6.41%
------average encoder activity 3.660
-----------average decoder density 0.7650
step 26750: train loss 2.0484, val loss 2.1756
model:LGT723E iter 26750: loss 1.7546, time 4298.38ms, mfu 5.82%
model:LGT723E iter 26760: loss 2.2231, time 293.81ms, mfu 5.99%
model:LGT723E iter 26770: loss 1.7346, time 293.90ms, mfu 6.15%
model:LGT723E iter 26780: loss 2.0697, time 293.86ms, mfu 6.29%
model:LGT723E iter 26790: loss 2.4233, time 294.05ms, mfu 6.41%
------average encoder activity 3.660
-----------average decoder density 0.7824
step 26800: train loss 2.0445, val loss 2.1871
model:LGT723E iter 26800: loss 2.1952, time 4299.33ms, mfu 5.82%
model:LGT723E iter 26810: loss 2.0905, time 293.69ms, mfu 6.00%
model:LGT723E iter 26820: loss 1.8084, time 294.05ms, mfu 6.15%
model:LGT723E iter 26830: loss 1.9444, time 293.77ms, mfu 6.29%
model:LGT723E iter 26840: loss 2.1710, time 293.82ms, mfu 6.41%
------average encoder activity 3.662
-----------average decoder density 0.7743
step 26850: train loss 2.0512, val loss 2.1869
model:LGT723E iter 26850: loss 2.0369, time 4302.37ms, mfu 5.82%
model:LGT723E iter 26860: loss 2.3154, time 294.00ms, mfu 6.00%
model:LGT723E iter 26870: loss 2.4595, time 294.15ms, mfu 6.15%
model:LGT723E iter 26880: loss 2.2652, time 294.00ms, mfu 6.29%
model:LGT723E iter 26890: loss 2.2116, time 293.96ms, mfu 6.41%
------average encoder activity 3.663
-----------average decoder density 0.7806
step 26900: train loss 2.0217, val loss 2.2164
model:LGT723E iter 26900: loss 2.0134, time 4308.83ms, mfu 5.82%
model:LGT723E iter 26910: loss 2.1714, time 294.28ms, mfu 5.99%
model:LGT723E iter 26920: loss 1.6634, time 294.04ms, mfu 6.15%
model:LGT723E iter 26930: loss 2.2525, time 293.96ms, mfu 6.29%
model:LGT723E iter 26940: loss 2.0240, time 293.81ms, mfu 6.41%
------average encoder activity 3.669
-----------average decoder density 0.7638
step 26950: train loss 2.0333, val loss 2.1982
model:LGT723E iter 26950: loss 1.8415, time 4311.96ms, mfu 5.82%
model:LGT723E iter 26960: loss 2.0103, time 294.76ms, mfu 5.99%
model:LGT723E iter 26970: loss 1.8671, time 294.58ms, mfu 6.15%
model:LGT723E iter 26980: loss 1.8151, time 294.15ms, mfu 6.28%
model:LGT723E iter 26990: loss 2.1424, time 294.04ms, mfu 6.41%
------average encoder activity 3.666
-----------average decoder density 0.7804
step 27000: train loss 2.0339, val loss 2.1740
model:LGT723E iter 27000: loss 2.1635, time 4300.31ms, mfu 5.82%
model:LGT723E iter 27010: loss 2.3102, time 293.90ms, mfu 5.99%
model:LGT723E iter 27020: loss 2.2694, time 293.34ms, mfu 6.15%
model:LGT723E iter 27030: loss 2.0149, time 293.93ms, mfu 6.29%
model:LGT723E iter 27040: loss 2.0783, time 293.35ms, mfu 6.41%
------average encoder activity 3.670
-----------average decoder density 0.7618
step 27050: train loss 2.0350, val loss 2.1861
model:LGT723E iter 27050: loss 1.9728, time 4303.78ms, mfu 5.82%
model:LGT723E iter 27060: loss 2.1776, time 293.39ms, mfu 6.00%
model:LGT723E iter 27070: loss 2.3248, time 293.38ms, mfu 6.15%
model:LGT723E iter 27080: loss 1.8404, time 293.93ms, mfu 6.29%
model:LGT723E iter 27090: loss 2.1952, time 293.55ms, mfu 6.42%
------average encoder activity 3.669
-----------average decoder density 0.7766
step 27100: train loss 2.0389, val loss 2.1971
model:LGT723E iter 27100: loss 2.0448, time 4308.29ms, mfu 5.83%
model:LGT723E iter 27110: loss 2.1802, time 293.65ms, mfu 6.00%
model:LGT723E iter 27120: loss 2.1570, time 293.76ms, mfu 6.15%
model:LGT723E iter 27130: loss 2.1675, time 293.54ms, mfu 6.29%
model:LGT723E iter 27140: loss 2.4607, time 293.65ms, mfu 6.42%
------average encoder activity 3.668
-----------average decoder density 0.7308
step 27150: train loss 2.0439, val loss 2.1878
model:LGT723E iter 27150: loss 2.0746, time 4306.04ms, mfu 5.83%
model:LGT723E iter 27160: loss 2.1878, time 293.54ms, mfu 6.00%
model:LGT723E iter 27170: loss 2.1110, time 293.62ms, mfu 6.15%
model:LGT723E iter 27180: loss 1.9741, time 293.87ms, mfu 6.29%
model:LGT723E iter 27190: loss 2.1922, time 294.01ms, mfu 6.42%
------average encoder activity 3.672
-----------average decoder density 0.7816
step 27200: train loss 2.0320, val loss 2.1709
saving checkpoint to out-novel-char3_LGT723E_711ea4166a6f7e62afeea754910c06aa
model:LGT723E iter 27200: loss 2.0252, time 4818.34ms, mfu 5.82%
model:LGT723E iter 27210: loss 2.0581, time 293.30ms, mfu 6.00%
model:LGT723E iter 27220: loss 1.9439, time 293.37ms, mfu 6.15%
model:LGT723E iter 27230: loss 1.9602, time 293.57ms, mfu 6.29%
model:LGT723E iter 27240: loss 1.8928, time 293.46ms, mfu 6.42%
------average encoder activity 3.667
-----------average decoder density 0.7804
step 27250: train loss 2.0253, val loss 2.1841
model:LGT723E iter 27250: loss 2.1001, time 4305.02ms, mfu 5.83%
model:LGT723E iter 27260: loss 1.8638, time 293.46ms, mfu 6.00%
model:LGT723E iter 27270: loss 2.1360, time 293.78ms, mfu 6.15%
model:LGT723E iter 27280: loss 2.0086, time 294.51ms, mfu 6.29%
model:LGT723E iter 27290: loss 1.9847, time 294.50ms, mfu 6.41%
------average encoder activity 3.663
-----------average decoder density 0.7765
step 27300: train loss 2.0121, val loss 2.2104
model:LGT723E iter 27300: loss 2.0456, time 4310.51ms, mfu 5.82%
model:LGT723E iter 27310: loss 2.1255, time 293.89ms, mfu 6.00%
model:LGT723E iter 27320: loss 2.2591, time 293.75ms, mfu 6.15%
model:LGT723E iter 27330: loss 1.8699, time 293.37ms, mfu 6.29%
model:LGT723E iter 27340: loss 2.1379, time 294.04ms, mfu 6.42%
------average encoder activity 3.658
-----------average decoder density 0.7686
step 27350: train loss 2.0188, val loss 2.2068
model:LGT723E iter 27350: loss 2.2358, time 4300.10ms, mfu 5.83%
model:LGT723E iter 27360: loss 2.1385, time 293.56ms, mfu 6.00%
model:LGT723E iter 27370: loss 2.3427, time 293.44ms, mfu 6.15%
model:LGT723E iter 27380: loss 2.1729, time 293.48ms, mfu 6.29%
model:LGT723E iter 27390: loss 1.9642, time 294.43ms, mfu 6.42%
------average encoder activity 3.656
-----------average decoder density 0.7703
step 27400: train loss 2.0145, val loss 2.1878
model:LGT723E iter 27400: loss 2.2718, time 4301.27ms, mfu 5.83%
model:LGT723E iter 27410: loss 1.7668, time 294.52ms, mfu 6.00%
model:LGT723E iter 27420: loss 1.9331, time 293.95ms, mfu 6.15%
model:LGT723E iter 27430: loss 2.0333, time 293.88ms, mfu 6.29%
model:LGT723E iter 27440: loss 1.9731, time 294.09ms, mfu 6.41%
------average encoder activity 3.665
-----------average decoder density 0.7639
step 27450: train loss 2.0201, val loss 2.2079
model:LGT723E iter 27450: loss 2.1515, time 4312.69ms, mfu 5.82%
model:LGT723E iter 27460: loss 2.1642, time 293.49ms, mfu 6.00%
model:LGT723E iter 27470: loss 2.0599, time 296.83ms, mfu 6.14%
model:LGT723E iter 27480: loss 2.0375, time 293.51ms, mfu 6.28%
model:LGT723E iter 27490: loss 2.0055, time 293.45ms, mfu 6.41%
------average encoder activity 3.661
-----------average decoder density 0.7792
step 27500: train loss 2.0399, val loss 2.2040
model:LGT723E iter 27500: loss 1.9288, time 4302.23ms, mfu 5.82%
model:LGT723E iter 27510: loss 2.0745, time 293.39ms, mfu 5.99%
model:LGT723E iter 27520: loss 2.0942, time 293.38ms, mfu 6.15%
model:LGT723E iter 27530: loss 1.9332, time 294.32ms, mfu 6.29%
model:LGT723E iter 27540: loss 2.2203, time 293.23ms, mfu 6.42%
------average encoder activity 3.658
-----------average decoder density 0.7456
step 27550: train loss 2.0387, val loss 2.1890
model:LGT723E iter 27550: loss 1.9555, time 4297.50ms, mfu 5.83%
model:LGT723E iter 27560: loss 2.0070, time 293.30ms, mfu 6.00%
model:LGT723E iter 27570: loss 1.9892, time 293.29ms, mfu 6.15%
model:LGT723E iter 27580: loss 2.2176, time 293.57ms, mfu 6.29%
model:LGT723E iter 27590: loss 2.0170, time 293.34ms, mfu 6.42%
------average encoder activity 3.660
-----------average decoder density 0.7473
step 27600: train loss 2.0297, val loss 2.1648
saving checkpoint to out-novel-char3_LGT723E_711ea4166a6f7e62afeea754910c06aa
model:LGT723E iter 27600: loss 1.9275, time 4816.86ms, mfu 5.82%
model:LGT723E iter 27610: loss 2.0148, time 293.24ms, mfu 6.00%
model:LGT723E iter 27620: loss 2.1412, time 293.23ms, mfu 6.15%
model:LGT723E iter 27630: loss 1.9752, time 293.51ms, mfu 6.29%
model:LGT723E iter 27640: loss 1.9675, time 293.27ms, mfu 6.42%
------average encoder activity 3.657
-----------average decoder density 0.7581
step 27650: train loss 2.0212, val loss 2.1624
saving checkpoint to out-novel-char3_LGT723E_711ea4166a6f7e62afeea754910c06aa
model:LGT723E iter 27650: loss 2.2992, time 4820.88ms, mfu 5.82%
model:LGT723E iter 27660: loss 1.9723, time 293.26ms, mfu 6.00%
model:LGT723E iter 27670: loss 2.2981, time 293.47ms, mfu 6.15%
model:LGT723E iter 27680: loss 2.0100, time 293.32ms, mfu 6.29%
model:LGT723E iter 27690: loss 2.3191, time 293.34ms, mfu 6.42%
------average encoder activity 3.656
-----------average decoder density 0.7402
step 27700: train loss 2.0120, val loss 2.1612
saving checkpoint to out-novel-char3_LGT723E_711ea4166a6f7e62afeea754910c06aa
model:LGT723E iter 27700: loss 1.9461, time 4829.73ms, mfu 5.82%
model:LGT723E iter 27710: loss 2.3048, time 293.33ms, mfu 6.00%
model:LGT723E iter 27720: loss 2.2824, time 293.29ms, mfu 6.15%
model:LGT723E iter 27730: loss 2.0230, time 293.33ms, mfu 6.29%
model:LGT723E iter 27740: loss 2.1145, time 293.24ms, mfu 6.42%
------average encoder activity 3.654
-----------average decoder density 0.7737
step 27750: train loss 2.0413, val loss 2.1820
model:LGT723E iter 27750: loss 2.3119, time 4298.92ms, mfu 5.83%
model:LGT723E iter 27760: loss 2.0940, time 293.37ms, mfu 6.00%
model:LGT723E iter 27770: loss 2.1340, time 293.37ms, mfu 6.16%
model:LGT723E iter 27780: loss 2.1850, time 293.40ms, mfu 6.30%
model:LGT723E iter 27790: loss 2.0632, time 297.26ms, mfu 6.41%
------average encoder activity 3.654
-----------average decoder density 0.7655
step 27800: train loss 2.0193, val loss 2.1895
model:LGT723E iter 27800: loss 2.1986, time 4301.78ms, mfu 5.82%
model:LGT723E iter 27810: loss 2.0320, time 293.47ms, mfu 6.00%
model:LGT723E iter 27820: loss 2.0255, time 293.73ms, mfu 6.15%
model:LGT723E iter 27830: loss 1.9807, time 293.58ms, mfu 6.29%
model:LGT723E iter 27840: loss 1.9734, time 293.43ms, mfu 6.42%
------average encoder activity 3.653
-----------average decoder density 0.7763
step 27850: train loss 2.0346, val loss 2.1670
model:LGT723E iter 27850: loss 1.9483, time 4305.94ms, mfu 5.83%
model:LGT723E iter 27860: loss 1.9781, time 293.44ms, mfu 6.00%
model:LGT723E iter 27870: loss 2.0961, time 294.09ms, mfu 6.15%
model:LGT723E iter 27880: loss 2.0071, time 293.40ms, mfu 6.29%
model:LGT723E iter 27890: loss 2.2230, time 294.20ms, mfu 6.42%
------average encoder activity 3.658
-----------average decoder density 0.7758
step 27900: train loss 2.0206, val loss 2.1831
model:LGT723E iter 27900: loss 2.0997, time 4310.12ms, mfu 5.83%
model:LGT723E iter 27910: loss 2.0329, time 295.38ms, mfu 5.99%
model:LGT723E iter 27920: loss 2.2979, time 293.66ms, mfu 6.15%
model:LGT723E iter 27930: loss 1.6559, time 293.57ms, mfu 6.29%
model:LGT723E iter 27940: loss 2.0694, time 293.53ms, mfu 6.42%
------average encoder activity 3.655
-----------average decoder density 0.7660
step 27950: train loss 2.0296, val loss 2.1817
model:LGT723E iter 27950: loss 2.3292, time 4302.18ms, mfu 5.83%
model:LGT723E iter 27960: loss 2.4641, time 293.68ms, mfu 6.00%
model:LGT723E iter 27970: loss 2.2179, time 293.31ms, mfu 6.15%
model:LGT723E iter 27980: loss 2.2161, time 293.36ms, mfu 6.29%
model:LGT723E iter 27990: loss 2.0274, time 293.48ms, mfu 6.42%
------average encoder activity 3.654
-----------average decoder density 0.7757
step 28000: train loss 2.0283, val loss 2.1992
model:LGT723E iter 28000: loss 1.5743, time 4299.88ms, mfu 5.83%
model:LGT723E iter 28010: loss 2.1616, time 293.46ms, mfu 6.00%
model:LGT723E iter 28020: loss 1.7831, time 293.45ms, mfu 6.16%
model:LGT723E iter 28030: loss 1.8081, time 293.44ms, mfu 6.30%
model:LGT723E iter 28040: loss 1.9531, time 293.47ms, mfu 6.42%
------average encoder activity 3.651
-----------average decoder density 0.7701
step 28050: train loss 1.9901, val loss 2.1718
model:LGT723E iter 28050: loss 2.0794, time 4302.48ms, mfu 5.83%
model:LGT723E iter 28060: loss 2.0457, time 294.29ms, mfu 6.00%
model:LGT723E iter 28070: loss 1.8630, time 293.94ms, mfu 6.15%
model:LGT723E iter 28080: loss 2.0889, time 293.75ms, mfu 6.29%
model:LGT723E iter 28090: loss 1.7678, time 294.07ms, mfu 6.42%
------average encoder activity 3.648
-----------average decoder density 0.7693
step 28100: train loss 2.0419, val loss 2.1865
model:LGT723E iter 28100: loss 2.2183, time 4304.99ms, mfu 5.83%
model:LGT723E iter 28110: loss 1.8658, time 293.70ms, mfu 6.00%
model:LGT723E iter 28120: loss 2.2384, time 293.82ms, mfu 6.15%
model:LGT723E iter 28130: loss 1.8169, time 293.85ms, mfu 6.29%
model:LGT723E iter 28140: loss 2.1868, time 293.89ms, mfu 6.42%
------average encoder activity 3.648
-----------average decoder density 0.7835
step 28150: train loss 2.0233, val loss 2.1960
model:LGT723E iter 28150: loss 2.1662, time 4329.00ms, mfu 5.83%
model:LGT723E iter 28160: loss 2.0941, time 293.86ms, mfu 6.00%
model:LGT723E iter 28170: loss 2.1341, time 293.42ms, mfu 6.15%
model:LGT723E iter 28180: loss 1.9780, time 293.44ms, mfu 6.29%
model:LGT723E iter 28190: loss 1.8668, time 293.41ms, mfu 6.42%
------average encoder activity 3.643
-----------average decoder density 0.7799
step 28200: train loss 2.0068, val loss 2.1781
model:LGT723E iter 28200: loss 2.0471, time 4299.02ms, mfu 5.83%
model:LGT723E iter 28210: loss 1.8903, time 293.44ms, mfu 6.00%
model:LGT723E iter 28220: loss 1.9577, time 293.42ms, mfu 6.16%
model:LGT723E iter 28230: loss 2.1276, time 293.35ms, mfu 6.30%
model:LGT723E iter 28240: loss 1.7135, time 293.94ms, mfu 6.42%
------average encoder activity 3.646
-----------average decoder density 0.7849
step 28250: train loss 2.0443, val loss 2.1743
model:LGT723E iter 28250: loss 1.9896, time 4298.96ms, mfu 5.83%
model:LGT723E iter 28260: loss 1.7057, time 293.80ms, mfu 6.00%
model:LGT723E iter 28270: loss 1.8867, time 293.89ms, mfu 6.16%
model:LGT723E iter 28280: loss 2.2383, time 294.06ms, mfu 6.29%
model:LGT723E iter 28290: loss 2.3506, time 293.88ms, mfu 6.42%
------average encoder activity 3.645
-----------average decoder density 0.7655
step 28300: train loss 2.0495, val loss 2.1504
saving checkpoint to out-novel-char3_LGT723E_711ea4166a6f7e62afeea754910c06aa
model:LGT723E iter 28300: loss 1.7848, time 4824.45ms, mfu 5.82%
model:LGT723E iter 28310: loss 1.8953, time 293.49ms, mfu 6.00%
model:LGT723E iter 28320: loss 1.7742, time 293.42ms, mfu 6.15%
model:LGT723E iter 28330: loss 2.1110, time 293.55ms, mfu 6.29%
model:LGT723E iter 28340: loss 2.3828, time 293.94ms, mfu 6.42%
------average encoder activity 3.644
-----------average decoder density 0.7592
step 28350: train loss 2.0390, val loss 2.1650
model:LGT723E iter 28350: loss 1.9297, time 4302.29ms, mfu 5.83%
model:LGT723E iter 28360: loss 2.2369, time 293.56ms, mfu 6.00%
model:LGT723E iter 28370: loss 2.1098, time 293.59ms, mfu 6.15%
model:LGT723E iter 28380: loss 2.1669, time 293.58ms, mfu 6.29%
model:LGT723E iter 28390: loss 1.8841, time 293.44ms, mfu 6.42%
------average encoder activity 3.645
-----------average decoder density 0.7557
step 28400: train loss 2.0227, val loss 2.1824
model:LGT723E iter 28400: loss 1.8049, time 4303.87ms, mfu 5.83%
model:LGT723E iter 28410: loss 1.7447, time 293.84ms, mfu 6.00%
model:LGT723E iter 28420: loss 2.4182, time 293.46ms, mfu 6.15%
model:LGT723E iter 28430: loss 2.3098, time 293.78ms, mfu 6.29%
model:LGT723E iter 28440: loss 2.1442, time 293.43ms, mfu 6.42%
------average encoder activity 3.647
-----------average decoder density 0.7716
step 28450: train loss 2.0247, val loss 2.1748
model:LGT723E iter 28450: loss 2.1011, time 4315.00ms, mfu 5.83%
model:LGT723E iter 28460: loss 2.2727, time 293.67ms, mfu 6.00%
model:LGT723E iter 28470: loss 2.0539, time 293.42ms, mfu 6.16%
model:LGT723E iter 28480: loss 1.8453, time 293.70ms, mfu 6.29%
model:LGT723E iter 28490: loss 1.8754, time 294.62ms, mfu 6.42%
------average encoder activity 3.646
-----------average decoder density 0.7804
step 28500: train loss 2.0349, val loss 2.1617
model:LGT723E iter 28500: loss 2.1416, time 4310.60ms, mfu 5.83%
model:LGT723E iter 28510: loss 1.9311, time 294.16ms, mfu 6.00%
model:LGT723E iter 28520: loss 2.1568, time 294.22ms, mfu 6.15%
model:LGT723E iter 28530: loss 2.1709, time 293.68ms, mfu 6.29%
model:LGT723E iter 28540: loss 2.0522, time 293.79ms, mfu 6.42%
------average encoder activity 3.642
-----------average decoder density 0.7214
step 28550: train loss 2.0215, val loss 2.1892
model:LGT723E iter 28550: loss 2.3235, time 4301.96ms, mfu 5.83%
model:LGT723E iter 28560: loss 1.9102, time 293.90ms, mfu 6.00%
model:LGT723E iter 28570: loss 2.1278, time 294.13ms, mfu 6.15%
model:LGT723E iter 28580: loss 1.7264, time 294.02ms, mfu 6.29%
model:LGT723E iter 28590: loss 1.8687, time 293.73ms, mfu 6.42%
------average encoder activity 3.643
-----------average decoder density 0.7760
step 28600: train loss 2.0082, val loss 2.1865
model:LGT723E iter 28600: loss 2.0928, time 4307.20ms, mfu 5.83%
model:LGT723E iter 28610: loss 1.7956, time 294.08ms, mfu 6.00%
model:LGT723E iter 28620: loss 1.9900, time 293.96ms, mfu 6.15%
model:LGT723E iter 28630: loss 1.8909, time 294.32ms, mfu 6.29%
model:LGT723E iter 28640: loss 2.0753, time 294.05ms, mfu 6.41%
------average encoder activity 3.639
-----------average decoder density 0.7836
step 28650: train loss 2.0445, val loss 2.1795
model:LGT723E iter 28650: loss 2.1496, time 4306.10ms, mfu 5.82%
model:LGT723E iter 28660: loss 2.1809, time 293.53ms, mfu 6.00%
model:LGT723E iter 28670: loss 2.1311, time 293.46ms, mfu 6.15%
model:LGT723E iter 28680: loss 2.1913, time 294.76ms, mfu 6.29%
model:LGT723E iter 28690: loss 1.8618, time 293.60ms, mfu 6.41%
------average encoder activity 3.645
-----------average decoder density 0.7725
step 28700: train loss 2.0314, val loss 2.1662
model:LGT723E iter 28700: loss 2.0169, time 4311.93ms, mfu 5.82%
model:LGT723E iter 28710: loss 2.0173, time 293.54ms, mfu 6.00%
model:LGT723E iter 28720: loss 2.0966, time 293.62ms, mfu 6.15%
model:LGT723E iter 28730: loss 2.2871, time 293.72ms, mfu 6.29%
model:LGT723E iter 28740: loss 2.0481, time 293.66ms, mfu 6.42%
------average encoder activity 3.641
-----------average decoder density 0.7655
step 28750: train loss 2.0152, val loss 2.1697
model:LGT723E iter 28750: loss 2.3528, time 4304.18ms, mfu 5.83%
model:LGT723E iter 28760: loss 2.2430, time 293.53ms, mfu 6.00%
model:LGT723E iter 28770: loss 2.0264, time 293.62ms, mfu 6.15%
model:LGT723E iter 28780: loss 2.1047, time 293.55ms, mfu 6.29%
model:LGT723E iter 28790: loss 1.9846, time 293.57ms, mfu 6.42%
------average encoder activity 3.640
-----------average decoder density 0.7760
step 28800: train loss 2.0310, val loss 2.1779
model:LGT723E iter 28800: loss 1.7470, time 4319.40ms, mfu 5.83%
model:LGT723E iter 28810: loss 2.2831, time 293.58ms, mfu 6.00%
model:LGT723E iter 28820: loss 1.8218, time 293.58ms, mfu 6.16%
model:LGT723E iter 28830: loss 2.2448, time 294.19ms, mfu 6.29%
model:LGT723E iter 28840: loss 2.0833, time 294.05ms, mfu 6.42%
------average encoder activity 3.637
-----------average decoder density 0.7500
step 28850: train loss 2.0206, val loss 2.1575
model:LGT723E iter 28850: loss 2.1988, time 4310.80ms, mfu 5.83%
model:LGT723E iter 28860: loss 1.8173, time 294.35ms, mfu 6.00%
model:LGT723E iter 28870: loss 1.9377, time 293.92ms, mfu 6.15%
model:LGT723E iter 28880: loss 2.0573, time 293.97ms, mfu 6.29%
model:LGT723E iter 28890: loss 2.2615, time 293.79ms, mfu 6.42%
------average encoder activity 3.641
-----------average decoder density 0.7611
step 28900: train loss 2.0070, val loss 2.1865
model:LGT723E iter 28900: loss 2.0152, time 4297.52ms, mfu 5.83%
model:LGT723E iter 28910: loss 2.3397, time 294.12ms, mfu 6.00%
model:LGT723E iter 28920: loss 1.7904, time 293.67ms, mfu 6.15%
model:LGT723E iter 28930: loss 1.8952, time 293.80ms, mfu 6.29%
model:LGT723E iter 28940: loss 2.0187, time 293.74ms, mfu 6.42%
------average encoder activity 3.639
-----------average decoder density 0.7806
step 28950: train loss 2.0197, val loss 2.1723
model:LGT723E iter 28950: loss 2.0318, time 4301.46ms, mfu 5.83%
model:LGT723E iter 28960: loss 2.2796, time 294.18ms, mfu 6.00%
model:LGT723E iter 28970: loss 2.1294, time 293.91ms, mfu 6.15%
model:LGT723E iter 28980: loss 1.9390, time 293.92ms, mfu 6.29%
model:LGT723E iter 28990: loss 2.2731, time 293.85ms, mfu 6.41%
------average encoder activity 3.637
-----------average decoder density 0.7640
step 29000: train loss 2.0072, val loss 2.1601
model:LGT723E iter 29000: loss 1.9629, time 4299.48ms, mfu 5.82%
model:LGT723E iter 29010: loss 2.0202, time 293.86ms, mfu 6.00%
model:LGT723E iter 29020: loss 2.0291, time 294.12ms, mfu 6.15%
model:LGT723E iter 29030: loss 2.2083, time 294.20ms, mfu 6.29%
model:LGT723E iter 29040: loss 1.9798, time 293.95ms, mfu 6.41%
------average encoder activity 3.643
-----------average decoder density 0.7359
step 29050: train loss 2.0232, val loss 2.1742
model:LGT723E iter 29050: loss 2.0605, time 4301.01ms, mfu 5.82%
model:LGT723E iter 29060: loss 2.2389, time 294.02ms, mfu 6.00%
model:LGT723E iter 29070: loss 2.0537, time 294.15ms, mfu 6.15%
model:LGT723E iter 29080: loss 1.9781, time 293.97ms, mfu 6.29%
model:LGT723E iter 29090: loss 2.3120, time 293.91ms, mfu 6.41%
------average encoder activity 3.637
-----------average decoder density 0.7688
step 29100: train loss 2.0048, val loss 2.1633
model:LGT723E iter 29100: loss 2.3851, time 4300.71ms, mfu 5.82%
model:LGT723E iter 29110: loss 1.8910, time 294.15ms, mfu 5.99%
model:LGT723E iter 29120: loss 2.0406, time 294.31ms, mfu 6.15%
model:LGT723E iter 29130: loss 2.1250, time 294.21ms, mfu 6.29%
model:LGT723E iter 29140: loss 2.1714, time 294.11ms, mfu 6.41%
------average encoder activity 3.634
-----------average decoder density 0.7769
step 29150: train loss 2.0384, val loss 2.1974
model:LGT723E iter 29150: loss 2.1479, time 4307.05ms, mfu 5.82%
model:LGT723E iter 29160: loss 2.0301, time 294.20ms, mfu 5.99%
model:LGT723E iter 29170: loss 2.0643, time 294.13ms, mfu 6.15%
model:LGT723E iter 29180: loss 2.2792, time 293.99ms, mfu 6.29%
model:LGT723E iter 29190: loss 1.9561, time 293.95ms, mfu 6.41%
------average encoder activity 3.635
-----------average decoder density 0.7685
step 29200: train loss 2.0150, val loss 2.1814
model:LGT723E iter 29200: loss 2.0025, time 4297.56ms, mfu 5.82%
model:LGT723E iter 29210: loss 2.1813, time 293.99ms, mfu 5.99%
model:LGT723E iter 29220: loss 1.8916, time 293.91ms, mfu 6.15%
model:LGT723E iter 29230: loss 2.1574, time 293.99ms, mfu 6.29%
model:LGT723E iter 29240: loss 1.7797, time 293.80ms, mfu 6.41%
------average encoder activity 3.637
-----------average decoder density 0.7384
step 29250: train loss 1.9961, val loss 2.1724
model:LGT723E iter 29250: loss 2.2236, time 4303.80ms, mfu 5.82%
model:LGT723E iter 29260: loss 2.0156, time 293.96ms, mfu 5.99%
model:LGT723E iter 29270: loss 2.1462, time 294.13ms, mfu 6.15%
model:LGT723E iter 29280: loss 1.9297, time 293.76ms, mfu 6.29%
model:LGT723E iter 29290: loss 2.1856, time 294.33ms, mfu 6.41%
------average encoder activity 3.638
-----------average decoder density 0.7794
step 29300: train loss 2.0174, val loss 2.1776
model:LGT723E iter 29300: loss 2.1216, time 4301.99ms, mfu 5.82%
model:LGT723E iter 29310: loss 2.1016, time 294.82ms, mfu 5.99%
model:LGT723E iter 29320: loss 1.8858, time 293.96ms, mfu 6.15%
model:LGT723E iter 29330: loss 1.7267, time 293.77ms, mfu 6.29%
model:LGT723E iter 29340: loss 1.9445, time 293.94ms, mfu 6.41%
------average encoder activity 3.639
-----------average decoder density 0.7439
step 29350: train loss 2.0164, val loss 2.1675
model:LGT723E iter 29350: loss 1.9785, time 4302.32ms, mfu 5.82%
model:LGT723E iter 29360: loss 1.7954, time 293.77ms, mfu 5.99%
model:LGT723E iter 29370: loss 2.3463, time 293.99ms, mfu 6.15%
model:LGT723E iter 29380: loss 1.7323, time 293.99ms, mfu 6.29%
model:LGT723E iter 29390: loss 2.3621, time 293.86ms, mfu 6.41%
------average encoder activity 3.634
-----------average decoder density 0.7743
step 29400: train loss 2.0198, val loss 2.1731
model:LGT723E iter 29400: loss 2.0987, time 4309.41ms, mfu 5.82%
model:LGT723E iter 29410: loss 2.1115, time 294.06ms, mfu 5.99%
model:LGT723E iter 29420: loss 1.9529, time 293.48ms, mfu 6.15%
model:LGT723E iter 29430: loss 2.2328, time 294.02ms, mfu 6.29%
model:LGT723E iter 29440: loss 1.8093, time 294.30ms, mfu 6.41%
------average encoder activity 3.633
-----------average decoder density 0.7743
step 29450: train loss 2.0147, val loss 2.1660
model:LGT723E iter 29450: loss 2.3331, time 4304.42ms, mfu 5.82%
model:LGT723E iter 29460: loss 2.2646, time 293.92ms, mfu 5.99%
model:LGT723E iter 29470: loss 1.7858, time 293.84ms, mfu 6.15%
model:LGT723E iter 29480: loss 2.1175, time 294.16ms, mfu 6.29%
model:LGT723E iter 29490: loss 1.8802, time 294.00ms, mfu 6.41%
------average encoder activity 3.628
-----------average decoder density 0.7692
step 29500: train loss 2.0031, val loss 2.1744
model:LGT723E iter 29500: loss 1.9068, time 4301.25ms, mfu 5.82%
model:LGT723E iter 29510: loss 2.0100, time 293.97ms, mfu 5.99%
model:LGT723E iter 29520: loss 2.0204, time 293.98ms, mfu 6.15%
model:LGT723E iter 29530: loss 2.2957, time 293.74ms, mfu 6.29%
model:LGT723E iter 29540: loss 2.2437, time 294.02ms, mfu 6.41%
------average encoder activity 3.628
-----------average decoder density 0.7785
step 29550: train loss 1.9984, val loss 2.1621
model:LGT723E iter 29550: loss 1.7641, time 4299.83ms, mfu 5.82%
model:LGT723E iter 29560: loss 1.9114, time 293.92ms, mfu 6.00%
model:LGT723E iter 29570: loss 2.0616, time 294.04ms, mfu 6.15%
model:LGT723E iter 29580: loss 1.9939, time 294.06ms, mfu 6.29%
model:LGT723E iter 29590: loss 1.9035, time 294.18ms, mfu 6.41%
------average encoder activity 3.632
-----------average decoder density 0.7457
step 29600: train loss 2.0201, val loss 2.1762
model:LGT723E iter 29600: loss 2.0152, time 4300.98ms, mfu 5.82%
model:LGT723E iter 29610: loss 1.7207, time 294.06ms, mfu 5.99%
model:LGT723E iter 29620: loss 1.9804, time 293.85ms, mfu 6.15%
model:LGT723E iter 29630: loss 1.9077, time 294.02ms, mfu 6.29%
model:LGT723E iter 29640: loss 1.8985, time 293.87ms, mfu 6.41%
------average encoder activity 3.631
-----------average decoder density 0.7620
step 29650: train loss 2.0087, val loss 2.1520
model:LGT723E iter 29650: loss 1.8321, time 4301.06ms, mfu 5.82%
model:LGT723E iter 29660: loss 2.0723, time 294.56ms, mfu 5.99%
model:LGT723E iter 29670: loss 2.2711, time 293.99ms, mfu 6.15%
model:LGT723E iter 29680: loss 2.1815, time 293.92ms, mfu 6.29%
model:LGT723E iter 29690: loss 2.1016, time 293.98ms, mfu 6.41%
------average encoder activity 3.628
-----------average decoder density 0.7593
step 29700: train loss 2.0173, val loss 2.1707
model:LGT723E iter 29700: loss 2.0533, time 4301.33ms, mfu 5.82%
model:LGT723E iter 29710: loss 2.0805, time 293.41ms, mfu 6.00%
model:LGT723E iter 29720: loss 2.1766, time 293.38ms, mfu 6.15%
model:LGT723E iter 29730: loss 1.8157, time 293.47ms, mfu 6.29%
model:LGT723E iter 29740: loss 1.9319, time 293.41ms, mfu 6.42%
------average encoder activity 3.630
-----------average decoder density 0.7823
step 29750: train loss 2.0093, val loss 2.1560
model:LGT723E iter 29750: loss 1.8803, time 4306.02ms, mfu 5.83%
model:LGT723E iter 29760: loss 1.7745, time 293.33ms, mfu 6.00%
model:LGT723E iter 29770: loss 1.8987, time 293.71ms, mfu 6.15%
model:LGT723E iter 29780: loss 2.0950, time 293.49ms, mfu 6.29%
model:LGT723E iter 29790: loss 2.2648, time 293.42ms, mfu 6.42%
------average encoder activity 3.626
-----------average decoder density 0.7440
step 29800: train loss 2.0229, val loss 2.1632
model:LGT723E iter 29800: loss 1.9251, time 4323.48ms, mfu 5.83%
model:LGT723E iter 29810: loss 2.1623, time 293.80ms, mfu 6.00%
model:LGT723E iter 29820: loss 1.9752, time 293.81ms, mfu 6.15%
model:LGT723E iter 29830: loss 2.1051, time 293.99ms, mfu 6.29%
model:LGT723E iter 29840: loss 2.2157, time 293.88ms, mfu 6.42%
------average encoder activity 3.626
-----------average decoder density 0.7665
step 29850: train loss 2.0167, val loss 2.1836
model:LGT723E iter 29850: loss 1.8217, time 4315.79ms, mfu 5.83%
model:LGT723E iter 29860: loss 1.8906, time 293.71ms, mfu 6.00%
model:LGT723E iter 29870: loss 1.8880, time 293.60ms, mfu 6.15%
model:LGT723E iter 29880: loss 2.1035, time 293.48ms, mfu 6.29%
model:LGT723E iter 29890: loss 2.1085, time 293.80ms, mfu 6.42%
------average encoder activity 3.625
-----------average decoder density 0.7770
step 29900: train loss 2.0229, val loss 2.2053
model:LGT723E iter 29900: loss 1.8383, time 4309.40ms, mfu 5.83%
model:LGT723E iter 29910: loss 1.9758, time 293.49ms, mfu 6.00%
model:LGT723E iter 29920: loss 1.8861, time 293.44ms, mfu 6.16%
model:LGT723E iter 29930: loss 1.6934, time 293.68ms, mfu 6.29%
model:LGT723E iter 29940: loss 2.2485, time 293.55ms, mfu 6.42%
------average encoder activity 3.627
-----------average decoder density 0.7577
step 29950: train loss 2.0008, val loss 2.1638
model:LGT723E iter 29950: loss 1.9803, time 4306.00ms, mfu 5.83%
model:LGT723E iter 29960: loss 2.1796, time 293.46ms, mfu 6.00%
model:LGT723E iter 29970: loss 1.8619, time 293.51ms, mfu 6.16%
model:LGT723E iter 29980: loss 1.9601, time 293.73ms, mfu 6.30%
model:LGT723E iter 29990: loss 1.5929, time 293.60ms, mfu 6.42%
------average encoder activity 3.626
-----------average decoder density 0.7634
step 30000: train loss 2.0031, val loss 2.1995
model:LGT723E iter 30000: loss 2.2095, time 4302.03ms, mfu 5.83%
model:LGT723E iter 30010: loss 1.9569, time 294.29ms, mfu 6.00%
model:LGT723E iter 30020: loss 2.0275, time 294.09ms, mfu 6.15%
model:LGT723E iter 30030: loss 2.1495, time 293.95ms, mfu 6.29%
model:LGT723E iter 30040: loss 2.1611, time 293.91ms, mfu 6.42%
------average encoder activity 3.626
-----------average decoder density 0.7756
step 30050: train loss 2.0040, val loss 2.1731
model:LGT723E iter 30050: loss 2.1646, time 4312.49ms, mfu 5.83%
model:LGT723E iter 30060: loss 1.9341, time 293.86ms, mfu 6.00%
model:LGT723E iter 30070: loss 2.0922, time 293.88ms, mfu 6.15%
model:LGT723E iter 30080: loss 1.9439, time 294.04ms, mfu 6.29%
model:LGT723E iter 30090: loss 2.0374, time 294.12ms, mfu 6.42%
------average encoder activity 3.625
-----------average decoder density 0.7624
step 30100: train loss 2.0055, val loss 2.1516
model:LGT723E iter 30100: loss 1.9716, time 4302.61ms, mfu 5.83%
model:LGT723E iter 30110: loss 1.9933, time 293.98ms, mfu 6.00%
model:LGT723E iter 30120: loss 2.0324, time 293.81ms, mfu 6.15%
model:LGT723E iter 30130: loss 2.0426, time 293.96ms, mfu 6.29%
model:LGT723E iter 30140: loss 1.9679, time 293.94ms, mfu 6.41%
------average encoder activity 3.626
-----------average decoder density 0.7771
step 30150: train loss 2.0139, val loss 2.1797
model:LGT723E iter 30150: loss 2.1828, time 4302.72ms, mfu 5.82%
model:LGT723E iter 30160: loss 1.7349, time 293.75ms, mfu 6.00%
model:LGT723E iter 30170: loss 1.5726, time 293.80ms, mfu 6.15%
model:LGT723E iter 30180: loss 2.1746, time 293.84ms, mfu 6.29%
model:LGT723E iter 30190: loss 2.0294, time 293.88ms, mfu 6.42%
------average encoder activity 3.626
-----------average decoder density 0.7667
step 30200: train loss 1.9887, val loss 2.1786
model:LGT723E iter 30200: loss 2.2490, time 4302.87ms, mfu 5.83%
model:LGT723E iter 30210: loss 1.7883, time 293.88ms, mfu 6.00%
model:LGT723E iter 30220: loss 1.8608, time 293.78ms, mfu 6.15%
model:LGT723E iter 30230: loss 2.0359, time 293.94ms, mfu 6.29%
model:LGT723E iter 30240: loss 1.8307, time 293.76ms, mfu 6.42%
------average encoder activity 3.624
-----------average decoder density 0.7813
step 30250: train loss 2.0028, val loss 2.1856
model:LGT723E iter 30250: loss 2.2633, time 4301.99ms, mfu 5.83%
model:LGT723E iter 30260: loss 2.2639, time 293.80ms, mfu 6.00%
model:LGT723E iter 30270: loss 1.8770, time 294.01ms, mfu 6.15%
model:LGT723E iter 30280: loss 2.2524, time 296.49ms, mfu 6.28%
model:LGT723E iter 30290: loss 2.0925, time 293.79ms, mfu 6.41%
------average encoder activity 3.622
-----------average decoder density 0.7771
step 30300: train loss 1.9851, val loss 2.1670
model:LGT723E iter 30300: loss 2.1195, time 4301.53ms, mfu 5.82%
model:LGT723E iter 30310: loss 2.2253, time 294.12ms, mfu 5.99%
model:LGT723E iter 30320: loss 1.9535, time 294.00ms, mfu 6.15%
model:LGT723E iter 30330: loss 2.3687, time 294.05ms, mfu 6.29%
model:LGT723E iter 30340: loss 2.2173, time 294.13ms, mfu 6.41%
------average encoder activity 3.622
-----------average decoder density 0.7373
step 30350: train loss 1.9990, val loss 2.1589
model:LGT723E iter 30350: loss 2.1477, time 4313.99ms, mfu 5.82%
model:LGT723E iter 30360: loss 1.9039, time 294.18ms, mfu 5.99%
model:LGT723E iter 30370: loss 2.0416, time 294.01ms, mfu 6.15%
model:LGT723E iter 30380: loss 2.1327, time 294.06ms, mfu 6.29%
model:LGT723E iter 30390: loss 2.1101, time 294.37ms, mfu 6.41%
------average encoder activity 3.627
-----------average decoder density 0.7421
step 30400: train loss 1.9857, val loss 2.1625
model:LGT723E iter 30400: loss 1.8685, time 4302.17ms, mfu 5.82%
model:LGT723E iter 30410: loss 1.6927, time 294.10ms, mfu 5.99%
model:LGT723E iter 30420: loss 2.0403, time 294.08ms, mfu 6.15%
model:LGT723E iter 30430: loss 2.0477, time 293.96ms, mfu 6.29%
model:LGT723E iter 30440: loss 2.0429, time 294.06ms, mfu 6.41%
------average encoder activity 3.624
-----------average decoder density 0.7108
step 30450: train loss 1.9972, val loss 2.1751
model:LGT723E iter 30450: loss 2.0196, time 4302.47ms, mfu 5.82%
model:LGT723E iter 30460: loss 2.0243, time 294.05ms, mfu 5.99%
model:LGT723E iter 30470: loss 1.6021, time 293.99ms, mfu 6.15%
model:LGT723E iter 30480: loss 1.8952, time 293.98ms, mfu 6.29%
model:LGT723E iter 30490: loss 2.0811, time 294.21ms, mfu 6.41%
------average encoder activity 3.622
-----------average decoder density 0.7727
step 30500: train loss 2.0012, val loss 2.1720
model:LGT723E iter 30500: loss 1.9571, time 4304.87ms, mfu 5.82%
model:LGT723E iter 30510: loss 2.0430, time 293.77ms, mfu 5.99%
model:LGT723E iter 30520: loss 2.0573, time 294.48ms, mfu 6.15%
model:LGT723E iter 30530: loss 1.8483, time 293.97ms, mfu 6.29%
model:LGT723E iter 30540: loss 2.2797, time 294.44ms, mfu 6.41%
------average encoder activity 3.624
-----------average decoder density 0.7733
step 30550: train loss 2.0170, val loss 2.1767
model:LGT723E iter 30550: loss 2.2268, time 4323.72ms, mfu 5.82%
model:LGT723E iter 30560: loss 2.0795, time 294.04ms, mfu 5.99%
model:LGT723E iter 30570: loss 2.1734, time 294.00ms, mfu 6.15%
model:LGT723E iter 30580: loss 2.3450, time 294.17ms, mfu 6.29%
model:LGT723E iter 30590: loss 2.1777, time 294.03ms, mfu 6.41%
------average encoder activity 3.625
-----------average decoder density 0.7575
step 30600: train loss 1.9955, val loss 2.1883
model:LGT723E iter 30600: loss 1.6722, time 4304.85ms, mfu 5.82%
model:LGT723E iter 30610: loss 1.9069, time 294.05ms, mfu 5.99%
model:LGT723E iter 30620: loss 1.8734, time 294.37ms, mfu 6.15%
model:LGT723E iter 30630: loss 2.0119, time 294.15ms, mfu 6.28%
model:LGT723E iter 30640: loss 1.7971, time 294.54ms, mfu 6.41%
------average encoder activity 3.623
-----------average decoder density 0.7739
step 30650: train loss 1.9940, val loss 2.1503
saving checkpoint to out-novel-char3_LGT723E_711ea4166a6f7e62afeea754910c06aa
model:LGT723E iter 30650: loss 2.1944, time 4824.51ms, mfu 5.81%
model:LGT723E iter 30660: loss 1.9786, time 293.52ms, mfu 5.99%
model:LGT723E iter 30670: loss 2.1020, time 293.93ms, mfu 6.14%
model:LGT723E iter 30680: loss 1.9496, time 294.15ms, mfu 6.28%
model:LGT723E iter 30690: loss 2.0312, time 294.30ms, mfu 6.41%
------average encoder activity 3.620
-----------average decoder density 0.7769
step 30700: train loss 1.9701, val loss 2.1544
model:LGT723E iter 30700: loss 2.3538, time 4302.23ms, mfu 5.82%
model:LGT723E iter 30710: loss 1.4967, time 293.95ms, mfu 5.99%
model:LGT723E iter 30720: loss 1.8407, time 293.70ms, mfu 6.15%
model:LGT723E iter 30730: loss 2.1008, time 293.47ms, mfu 6.29%
model:LGT723E iter 30740: loss 2.0853, time 293.49ms, mfu 6.41%
------average encoder activity 3.620
-----------average decoder density 0.7757
step 30750: train loss 2.0006, val loss 2.1536
model:LGT723E iter 30750: loss 1.9493, time 4302.46ms, mfu 5.82%
model:LGT723E iter 30760: loss 1.9883, time 293.45ms, mfu 6.00%
model:LGT723E iter 30770: loss 2.3224, time 293.47ms, mfu 6.15%
model:LGT723E iter 30780: loss 2.0861, time 293.54ms, mfu 6.29%
model:LGT723E iter 30790: loss 1.9686, time 294.01ms, mfu 6.42%
------average encoder activity 3.618
-----------average decoder density 0.7683
step 30800: train loss 2.0110, val loss 2.1573
model:LGT723E iter 30800: loss 1.6911, time 4301.82ms, mfu 5.83%
model:LGT723E iter 30810: loss 1.9728, time 293.96ms, mfu 6.00%
model:LGT723E iter 30820: loss 2.1749, time 293.42ms, mfu 6.15%
model:LGT723E iter 30830: loss 2.0462, time 293.48ms, mfu 6.29%
model:LGT723E iter 30840: loss 1.8950, time 293.98ms, mfu 6.42%
------average encoder activity 3.619
-----------average decoder density 0.7807
step 30850: train loss 1.9778, val loss 2.1553
model:LGT723E iter 30850: loss 2.0634, time 4301.27ms, mfu 5.83%
model:LGT723E iter 30860: loss 1.7873, time 294.03ms, mfu 6.00%
model:LGT723E iter 30870: loss 1.9004, time 294.03ms, mfu 6.15%
model:LGT723E iter 30880: loss 1.8986, time 294.09ms, mfu 6.29%
model:LGT723E iter 30890: loss 1.9491, time 294.61ms, mfu 6.41%
------average encoder activity 3.615
-----------average decoder density 0.7656
step 30900: train loss 2.0095, val loss 2.1688
model:LGT723E iter 30900: loss 1.8020, time 4307.39ms, mfu 5.82%
model:LGT723E iter 30910: loss 1.9906, time 293.44ms, mfu 6.00%
model:LGT723E iter 30920: loss 1.9682, time 293.41ms, mfu 6.15%
model:LGT723E iter 30930: loss 2.1211, time 293.55ms, mfu 6.29%
model:LGT723E iter 30940: loss 2.0503, time 293.50ms, mfu 6.42%
------average encoder activity 3.618
-----------average decoder density 0.7708
step 30950: train loss 1.9714, val loss 2.1859
model:LGT723E iter 30950: loss 1.4752, time 4305.07ms, mfu 5.83%
model:LGT723E iter 30960: loss 2.1374, time 294.26ms, mfu 6.00%
model:LGT723E iter 30970: loss 2.1991, time 294.13ms, mfu 6.15%
model:LGT723E iter 30980: loss 1.8460, time 294.37ms, mfu 6.29%
model:LGT723E iter 30990: loss 2.3569, time 294.27ms, mfu 6.41%
------average encoder activity 3.616
-----------average decoder density 0.7775
step 31000: train loss 2.0049, val loss 2.1707
model:LGT723E iter 31000: loss 2.2848, time 4300.18ms, mfu 5.82%
model:LGT723E iter 31010: loss 2.5333, time 293.53ms, mfu 6.00%
model:LGT723E iter 31020: loss 2.0505, time 293.59ms, mfu 6.15%
model:LGT723E iter 31030: loss 2.0087, time 293.75ms, mfu 6.29%
model:LGT723E iter 31040: loss 1.8863, time 293.80ms, mfu 6.42%
------average encoder activity 3.617
-----------average decoder density 0.7629
step 31050: train loss 2.0099, val loss 2.1767
model:LGT723E iter 31050: loss 2.2571, time 4300.23ms, mfu 5.83%
model:LGT723E iter 31060: loss 2.2235, time 293.64ms, mfu 6.00%
model:LGT723E iter 31070: loss 2.2309, time 293.71ms, mfu 6.15%
model:LGT723E iter 31080: loss 2.1839, time 293.67ms, mfu 6.29%
model:LGT723E iter 31090: loss 2.2132, time 293.45ms, mfu 6.42%
------average encoder activity 3.615
-----------average decoder density 0.7570
step 31100: train loss 1.9965, val loss 2.1374
saving checkpoint to out-novel-char3_LGT723E_711ea4166a6f7e62afeea754910c06aa
model:LGT723E iter 31100: loss 1.9688, time 4824.20ms, mfu 5.82%
model:LGT723E iter 31110: loss 1.9841, time 294.07ms, mfu 5.99%
model:LGT723E iter 31120: loss 1.8829, time 294.62ms, mfu 6.15%
model:LGT723E iter 31130: loss 2.2213, time 294.57ms, mfu 6.28%
model:LGT723E iter 31140: loss 1.8130, time 294.42ms, mfu 6.41%
------average encoder activity 3.613
-----------average decoder density 0.7687
step 31150: train loss 2.0109, val loss 2.1920
model:LGT723E iter 31150: loss 1.5410, time 4306.98ms, mfu 5.82%
model:LGT723E iter 31160: loss 1.9387, time 293.82ms, mfu 5.99%
model:LGT723E iter 31170: loss 2.1501, time 293.76ms, mfu 6.15%
model:LGT723E iter 31180: loss 2.1499, time 293.57ms, mfu 6.29%
model:LGT723E iter 31190: loss 2.1147, time 293.45ms, mfu 6.41%
------average encoder activity 3.612
-----------average decoder density 0.7741
step 31200: train loss 2.0031, val loss 2.1652
model:LGT723E iter 31200: loss 2.2182, time 4300.15ms, mfu 5.82%
model:LGT723E iter 31210: loss 1.7404, time 293.41ms, mfu 6.00%
model:LGT723E iter 31220: loss 2.1633, time 293.41ms, mfu 6.15%
model:LGT723E iter 31230: loss 2.0790, time 293.66ms, mfu 6.29%
model:LGT723E iter 31240: loss 2.1146, time 293.58ms, mfu 6.42%
------average encoder activity 3.614
-----------average decoder density 0.7527
step 31250: train loss 1.9928, val loss 2.1602
model:LGT723E iter 31250: loss 2.2827, time 4306.09ms, mfu 5.83%
model:LGT723E iter 31260: loss 2.1420, time 293.99ms, mfu 6.00%
model:LGT723E iter 31270: loss 1.9349, time 294.24ms, mfu 6.15%
model:LGT723E iter 31280: loss 2.3066, time 293.93ms, mfu 6.29%
model:LGT723E iter 31290: loss 1.9690, time 293.92ms, mfu 6.42%
------average encoder activity 3.616
-----------average decoder density 0.7638
step 31300: train loss 1.9993, val loss 2.1842
model:LGT723E iter 31300: loss 1.9978, time 4304.75ms, mfu 5.83%
model:LGT723E iter 31310: loss 2.0042, time 294.11ms, mfu 6.00%
model:LGT723E iter 31320: loss 1.8297, time 293.91ms, mfu 6.15%
model:LGT723E iter 31330: loss 1.9952, time 294.13ms, mfu 6.29%
model:LGT723E iter 31340: loss 2.1139, time 293.93ms, mfu 6.41%
------average encoder activity 3.615
-----------average decoder density 0.7563
step 31350: train loss 1.9700, val loss 2.1585
model:LGT723E iter 31350: loss 2.0851, time 4306.11ms, mfu 5.82%
model:LGT723E iter 31360: loss 1.9353, time 294.26ms, mfu 5.99%
model:LGT723E iter 31370: loss 2.2060, time 293.97ms, mfu 6.15%
model:LGT723E iter 31380: loss 1.9853, time 293.85ms, mfu 6.29%
model:LGT723E iter 31390: loss 2.0571, time 293.98ms, mfu 6.41%
------average encoder activity 3.617
-----------average decoder density 0.7374
step 31400: train loss 1.9883, val loss 2.1680
model:LGT723E iter 31400: loss 2.0514, time 4300.76ms, mfu 5.82%
model:LGT723E iter 31410: loss 1.8875, time 294.10ms, mfu 5.99%
model:LGT723E iter 31420: loss 1.7742, time 294.17ms, mfu 6.15%
model:LGT723E iter 31430: loss 2.0352, time 294.21ms, mfu 6.29%
model:LGT723E iter 31440: loss 1.8605, time 293.94ms, mfu 6.41%
------average encoder activity 3.613
-----------average decoder density 0.7775
step 31450: train loss 2.0063, val loss 2.1762
model:LGT723E iter 31450: loss 2.1601, time 4300.15ms, mfu 5.82%
model:LGT723E iter 31460: loss 1.9482, time 294.13ms, mfu 5.99%
model:LGT723E iter 31470: loss 1.9606, time 293.70ms, mfu 6.15%
model:LGT723E iter 31480: loss 1.9338, time 294.05ms, mfu 6.29%
model:LGT723E iter 31490: loss 2.1034, time 293.95ms, mfu 6.41%
------average encoder activity 3.611
-----------average decoder density 0.7670
step 31500: train loss 1.9902, val loss 2.1671
model:LGT723E iter 31500: loss 2.3105, time 4305.24ms, mfu 5.82%
model:LGT723E iter 31510: loss 2.0089, time 293.94ms, mfu 5.99%
model:LGT723E iter 31520: loss 1.9437, time 293.89ms, mfu 6.15%
model:LGT723E iter 31530: loss 1.9435, time 294.03ms, mfu 6.29%
model:LGT723E iter 31540: loss 2.0879, time 294.14ms, mfu 6.41%
------average encoder activity 3.617
-----------average decoder density 0.7728
step 31550: train loss 1.9774, val loss 2.1558
model:LGT723E iter 31550: loss 2.2641, time 4301.20ms, mfu 5.82%
model:LGT723E iter 31560: loss 1.7503, time 294.01ms, mfu 5.99%
model:LGT723E iter 31570: loss 1.9975, time 294.22ms, mfu 6.15%
model:LGT723E iter 31580: loss 2.0621, time 294.00ms, mfu 6.29%
model:LGT723E iter 31590: loss 1.8759, time 293.86ms, mfu 6.41%
------average encoder activity 3.605
-----------average decoder density 0.7714
step 31600: train loss 1.9746, val loss 2.1605
model:LGT723E iter 31600: loss 1.8812, time 4303.16ms, mfu 5.82%
model:LGT723E iter 31610: loss 1.7223, time 293.97ms, mfu 5.99%
model:LGT723E iter 31620: loss 2.0235, time 293.65ms, mfu 6.15%
model:LGT723E iter 31630: loss 1.8810, time 293.51ms, mfu 6.29%
model:LGT723E iter 31640: loss 1.7380, time 293.63ms, mfu 6.42%
------average encoder activity 3.613
-----------average decoder density 0.7778
step 31650: train loss 1.9750, val loss 2.1662
model:LGT723E iter 31650: loss 1.9638, time 4303.25ms, mfu 5.83%
model:LGT723E iter 31660: loss 2.2433, time 293.37ms, mfu 6.00%
model:LGT723E iter 31670: loss 1.9986, time 293.91ms, mfu 6.15%
model:LGT723E iter 31680: loss 2.0619, time 293.44ms, mfu 6.29%
model:LGT723E iter 31690: loss 2.1676, time 294.02ms, mfu 6.42%
------average encoder activity 3.613
-----------average decoder density 0.7781
step 31700: train loss 2.0004, val loss 2.1303
saving checkpoint to out-novel-char3_LGT723E_711ea4166a6f7e62afeea754910c06aa
model:LGT723E iter 31700: loss 1.8048, time 4848.47ms, mfu 5.82%
model:LGT723E iter 31710: loss 1.9629, time 294.09ms, mfu 5.99%
model:LGT723E iter 31720: loss 1.8987, time 293.68ms, mfu 6.15%
model:LGT723E iter 31730: loss 2.2080, time 293.65ms, mfu 6.29%
model:LGT723E iter 31740: loss 2.2090, time 294.01ms, mfu 6.41%
------average encoder activity 3.613
-----------average decoder density 0.7664
step 31750: train loss 1.9858, val loss 2.1482
model:LGT723E iter 31750: loss 2.0522, time 4314.77ms, mfu 5.82%
model:LGT723E iter 31760: loss 2.1210, time 294.24ms, mfu 5.99%
model:LGT723E iter 31770: loss 2.0986, time 294.41ms, mfu 6.15%
model:LGT723E iter 31780: loss 2.0451, time 294.47ms, mfu 6.28%
model:LGT723E iter 31790: loss 2.1046, time 294.57ms, mfu 6.41%
------average encoder activity 3.607
-----------average decoder density 0.7603
step 31800: train loss 1.9998, val loss 2.1495
model:LGT723E iter 31800: loss 1.9877, time 4304.28ms, mfu 5.82%
model:LGT723E iter 31810: loss 2.2580, time 294.28ms, mfu 5.99%
model:LGT723E iter 31820: loss 2.1000, time 293.96ms, mfu 6.15%
model:LGT723E iter 31830: loss 2.0098, time 293.40ms, mfu 6.29%
model:LGT723E iter 31840: loss 1.6509, time 293.40ms, mfu 6.41%
------average encoder activity 3.611
-----------average decoder density 0.7575
step 31850: train loss 2.0015, val loss 2.1742
model:LGT723E iter 31850: loss 1.7906, time 4304.25ms, mfu 5.82%
model:LGT723E iter 31860: loss 1.9951, time 293.53ms, mfu 6.00%
model:LGT723E iter 31870: loss 2.0291, time 293.57ms, mfu 6.15%
model:LGT723E iter 31880: loss 1.9829, time 293.73ms, mfu 6.29%
model:LGT723E iter 31890: loss 1.9691, time 293.96ms, mfu 6.42%
------average encoder activity 3.609
-----------average decoder density 0.7671
step 31900: train loss 1.9880, val loss 2.1555
model:LGT723E iter 31900: loss 1.8627, time 4310.75ms, mfu 5.83%
model:LGT723E iter 31910: loss 2.0369, time 295.16ms, mfu 5.99%
model:LGT723E iter 31920: loss 2.0636, time 294.48ms, mfu 6.15%
model:LGT723E iter 31930: loss 1.9689, time 294.46ms, mfu 6.28%
model:LGT723E iter 31940: loss 1.7990, time 294.24ms, mfu 6.41%
------average encoder activity 3.604
-----------average decoder density 0.7685
step 31950: train loss 1.9888, val loss 2.1585
model:LGT723E iter 31950: loss 1.9184, time 4304.29ms, mfu 5.82%
model:LGT723E iter 31960: loss 1.9419, time 293.64ms, mfu 5.99%
model:LGT723E iter 31970: loss 1.9193, time 293.45ms, mfu 6.15%
model:LGT723E iter 31980: loss 1.9402, time 293.35ms, mfu 6.29%
model:LGT723E iter 31990: loss 2.0130, time 294.18ms, mfu 6.41%
------average encoder activity 3.604
-----------average decoder density 0.7773
step 32000: train loss 2.0059, val loss 2.1543
model:LGT723E iter 32000: loss 2.1833, time 4340.19ms, mfu 5.82%
model:LGT723E iter 32010: loss 1.8511, time 295.00ms, mfu 5.99%
model:LGT723E iter 32020: loss 2.0986, time 294.82ms, mfu 6.14%
model:LGT723E iter 32030: loss 1.7652, time 294.21ms, mfu 6.28%
model:LGT723E iter 32040: loss 2.1067, time 294.28ms, mfu 6.41%
------average encoder activity 3.603
-----------average decoder density 0.7745
step 32050: train loss 1.9935, val loss 2.1481
model:LGT723E iter 32050: loss 2.2340, time 4302.88ms, mfu 5.82%
model:LGT723E iter 32060: loss 2.1394, time 293.72ms, mfu 5.99%
model:LGT723E iter 32070: loss 2.2656, time 294.04ms, mfu 6.15%
model:LGT723E iter 32080: loss 1.9251, time 293.47ms, mfu 6.29%
model:LGT723E iter 32090: loss 2.1362, time 293.97ms, mfu 6.41%
------average encoder activity 3.601
-----------average decoder density 0.7838
step 32100: train loss 1.9608, val loss 2.1682
model:LGT723E iter 32100: loss 1.9106, time 4311.14ms, mfu 5.82%
model:LGT723E iter 32110: loss 2.0006, time 293.91ms, mfu 5.99%
model:LGT723E iter 32120: loss 2.3038, time 293.77ms, mfu 6.15%
model:LGT723E iter 32130: loss 1.8429, time 294.08ms, mfu 6.29%
model:LGT723E iter 32140: loss 2.1417, time 294.11ms, mfu 6.41%
------average encoder activity 3.605
-----------average decoder density 0.7699
step 32150: train loss 1.9994, val loss 2.1595
model:LGT723E iter 32150: loss 2.0295, time 4308.75ms, mfu 5.82%
model:LGT723E iter 32160: loss 1.7999, time 294.28ms, mfu 5.99%
model:LGT723E iter 32170: loss 2.2949, time 294.03ms, mfu 6.15%
model:LGT723E iter 32180: loss 1.9432, time 294.14ms, mfu 6.29%
model:LGT723E iter 32190: loss 1.8490, time 294.80ms, mfu 6.41%
------average encoder activity 3.602
-----------average decoder density 0.7581
step 32200: train loss 1.9974, val loss 2.1473
model:LGT723E iter 32200: loss 2.3101, time 4305.81ms, mfu 5.82%
model:LGT723E iter 32210: loss 2.1484, time 294.17ms, mfu 5.99%
model:LGT723E iter 32220: loss 2.1195, time 294.07ms, mfu 6.15%
model:LGT723E iter 32230: loss 2.1488, time 294.13ms, mfu 6.28%
model:LGT723E iter 32240: loss 1.9418, time 294.02ms, mfu 6.41%
------average encoder activity 3.601
-----------average decoder density 0.7782
step 32250: train loss 2.0032, val loss 2.1546
model:LGT723E iter 32250: loss 2.1120, time 4309.51ms, mfu 5.82%
model:LGT723E iter 32260: loss 2.1768, time 294.22ms, mfu 5.99%
model:LGT723E iter 32270: loss 1.9119, time 294.10ms, mfu 6.15%
model:LGT723E iter 32280: loss 2.0216, time 294.05ms, mfu 6.28%
model:LGT723E iter 32290: loss 1.7871, time 294.06ms, mfu 6.41%
------average encoder activity 3.602
-----------average decoder density 0.7702
step 32300: train loss 2.0000, val loss 2.1378
model:LGT723E iter 32300: loss 1.8341, time 4307.54ms, mfu 5.82%
model:LGT723E iter 32310: loss 1.9253, time 294.88ms, mfu 5.99%
model:LGT723E iter 32320: loss 2.2112, time 294.46ms, mfu 6.14%
model:LGT723E iter 32330: loss 2.1292, time 294.72ms, mfu 6.28%
model:LGT723E iter 32340: loss 2.2069, time 295.01ms, mfu 6.40%
------average encoder activity 3.604
-----------average decoder density 0.7562
step 32350: train loss 2.0084, val loss 2.1406
model:LGT723E iter 32350: loss 1.8724, time 4301.22ms, mfu 5.82%
model:LGT723E iter 32360: loss 1.9521, time 293.48ms, mfu 5.99%
model:LGT723E iter 32370: loss 2.0286, time 293.85ms, mfu 6.14%
model:LGT723E iter 32380: loss 2.1294, time 293.51ms, mfu 6.28%
model:LGT723E iter 32390: loss 1.7407, time 293.44ms, mfu 6.41%
------average encoder activity 3.599
-----------average decoder density 0.7738
step 32400: train loss 1.9713, val loss 2.1650
model:LGT723E iter 32400: loss 1.5587, time 4308.47ms, mfu 5.82%
model:LGT723E iter 32410: loss 1.9736, time 293.40ms, mfu 5.99%
model:LGT723E iter 32420: loss 1.9421, time 293.35ms, mfu 6.15%
model:LGT723E iter 32430: loss 2.0313, time 293.60ms, mfu 6.29%
model:LGT723E iter 32440: loss 2.1430, time 293.72ms, mfu 6.42%
------average encoder activity 3.600
-----------average decoder density 0.7636
step 32450: train loss 1.9641, val loss 2.1771
model:LGT723E iter 32450: loss 1.9082, time 4300.95ms, mfu 5.83%
model:LGT723E iter 32460: loss 1.9062, time 293.38ms, mfu 6.00%
model:LGT723E iter 32470: loss 2.1431, time 293.54ms, mfu 6.15%
model:LGT723E iter 32480: loss 1.9627, time 294.59ms, mfu 6.29%
model:LGT723E iter 32490: loss 1.9622, time 294.57ms, mfu 6.41%
------average encoder activity 3.599
-----------average decoder density 0.7528
step 32500: train loss 1.9663, val loss 2.1473
model:LGT723E iter 32500: loss 1.9808, time 4311.43ms, mfu 5.82%
model:LGT723E iter 32510: loss 2.1424, time 294.30ms, mfu 5.99%
model:LGT723E iter 32520: loss 1.8041, time 293.97ms, mfu 6.15%
model:LGT723E iter 32530: loss 1.7022, time 294.35ms, mfu 6.29%
model:LGT723E iter 32540: loss 2.3902, time 294.19ms, mfu 6.41%
------average encoder activity 3.598
-----------average decoder density 0.7689
step 32550: train loss 1.9537, val loss 2.1379
model:LGT723E iter 32550: loss 2.0070, time 4302.66ms, mfu 5.82%
model:LGT723E iter 32560: loss 1.7312, time 293.91ms, mfu 5.99%
model:LGT723E iter 32570: loss 2.0238, time 293.67ms, mfu 6.15%
model:LGT723E iter 32580: loss 2.1565, time 293.88ms, mfu 6.29%
model:LGT723E iter 32590: loss 1.8499, time 293.75ms, mfu 6.41%
------average encoder activity 3.596
-----------average decoder density 0.7384
step 32600: train loss 1.9764, val loss 2.1330
model:LGT723E iter 32600: loss 2.0496, time 4317.45ms, mfu 5.82%
model:LGT723E iter 32610: loss 2.0331, time 293.93ms, mfu 6.00%
model:LGT723E iter 32620: loss 2.2546, time 294.13ms, mfu 6.15%
model:LGT723E iter 32630: loss 2.0377, time 294.18ms, mfu 6.29%
model:LGT723E iter 32640: loss 2.0242, time 294.01ms, mfu 6.41%
------average encoder activity 3.593
-----------average decoder density 0.7690
step 32650: train loss 1.9836, val loss 2.1232
saving checkpoint to out-novel-char3_LGT723E_711ea4166a6f7e62afeea754910c06aa
model:LGT723E iter 32650: loss 1.6748, time 4820.62ms, mfu 5.82%
model:LGT723E iter 32660: loss 1.8884, time 293.93ms, mfu 5.99%
model:LGT723E iter 32670: loss 1.8006, time 294.05ms, mfu 6.14%
model:LGT723E iter 32680: loss 2.0827, time 293.94ms, mfu 6.28%
model:LGT723E iter 32690: loss 1.8390, time 293.90ms, mfu 6.41%
------average encoder activity 3.591
-----------average decoder density 0.7699
step 32700: train loss 2.0066, val loss 2.1434
model:LGT723E iter 32700: loss 1.9310, time 4305.26ms, mfu 5.82%
model:LGT723E iter 32710: loss 1.9287, time 294.03ms, mfu 5.99%
model:LGT723E iter 32720: loss 1.9618, time 294.01ms, mfu 6.15%
model:LGT723E iter 32730: loss 2.0630, time 293.88ms, mfu 6.29%
model:LGT723E iter 32740: loss 1.9166, time 294.70ms, mfu 6.41%
------average encoder activity 3.592
-----------average decoder density 0.7741
step 32750: train loss 1.9730, val loss 2.1537
model:LGT723E iter 32750: loss 1.9023, time 4301.49ms, mfu 5.82%
model:LGT723E iter 32760: loss 2.3768, time 293.42ms, mfu 5.99%
model:LGT723E iter 32770: loss 1.7227, time 293.48ms, mfu 6.15%
model:LGT723E iter 32780: loss 2.3774, time 293.46ms, mfu 6.29%
model:LGT723E iter 32790: loss 2.1113, time 293.41ms, mfu 6.42%
------average encoder activity 3.590
-----------average decoder density 0.7657
step 32800: train loss 1.9960, val loss 2.1520
model:LGT723E iter 32800: loss 2.4439, time 4299.36ms, mfu 5.83%
model:LGT723E iter 32810: loss 2.0323, time 293.44ms, mfu 6.00%
model:LGT723E iter 32820: loss 2.1008, time 293.40ms, mfu 6.15%
model:LGT723E iter 32830: loss 2.2417, time 293.48ms, mfu 6.29%
model:LGT723E iter 32840: loss 2.1920, time 293.49ms, mfu 6.42%
------average encoder activity 3.593
-----------average decoder density 0.7678
step 32850: train loss 1.9716, val loss 2.1338
model:LGT723E iter 32850: loss 1.7288, time 4304.74ms, mfu 5.83%
model:LGT723E iter 32860: loss 1.9270, time 293.44ms, mfu 6.00%
model:LGT723E iter 32870: loss 2.0311, time 293.43ms, mfu 6.16%
model:LGT723E iter 32880: loss 2.2368, time 293.34ms, mfu 6.30%
model:LGT723E iter 32890: loss 2.0965, time 293.62ms, mfu 6.42%
------average encoder activity 3.588
-----------average decoder density 0.7639
step 32900: train loss 2.0081, val loss 2.1411
model:LGT723E iter 32900: loss 1.9961, time 4301.10ms, mfu 5.83%
model:LGT723E iter 32910: loss 1.8651, time 293.91ms, mfu 6.00%
model:LGT723E iter 32920: loss 2.0749, time 294.12ms, mfu 6.15%
model:LGT723E iter 32930: loss 1.9996, time 293.95ms, mfu 6.29%
model:LGT723E iter 32940: loss 1.8617, time 293.43ms, mfu 6.42%
------average encoder activity 3.587
-----------average decoder density 0.7788
step 32950: train loss 1.9840, val loss 2.1353
model:LGT723E iter 32950: loss 2.0259, time 4300.00ms, mfu 5.83%
model:LGT723E iter 32960: loss 2.1236, time 294.11ms, mfu 6.00%
model:LGT723E iter 32970: loss 2.1504, time 294.33ms, mfu 6.15%
model:LGT723E iter 32980: loss 2.0323, time 294.00ms, mfu 6.29%
model:LGT723E iter 32990: loss 1.9691, time 293.88ms, mfu 6.42%
------average encoder activity 3.585
-----------average decoder density 0.7377
step 33000: train loss 1.9855, val loss 2.1698
model:LGT723E iter 33000: loss 1.9557, time 4301.61ms, mfu 5.83%
model:LGT723E iter 33010: loss 1.6876, time 293.37ms, mfu 6.00%
model:LGT723E iter 33020: loss 1.6182, time 293.46ms, mfu 6.15%
model:LGT723E iter 33030: loss 2.0360, time 293.79ms, mfu 6.29%
model:LGT723E iter 33040: loss 1.9507, time 293.41ms, mfu 6.42%
------average encoder activity 3.583
-----------average decoder density 0.7602
step 33050: train loss 1.9694, val loss 2.1647
model:LGT723E iter 33050: loss 2.1031, time 4299.77ms, mfu 5.83%
model:LGT723E iter 33060: loss 1.9556, time 293.35ms, mfu 6.00%
model:LGT723E iter 33070: loss 2.2155, time 293.44ms, mfu 6.16%
model:LGT723E iter 33080: loss 1.9197, time 293.59ms, mfu 6.30%
model:LGT723E iter 33090: loss 2.2098, time 293.46ms, mfu 6.42%
------average encoder activity 3.584
-----------average decoder density 0.7660
step 33100: train loss 1.9754, val loss 2.1398
model:LGT723E iter 33100: loss 1.5340, time 4300.92ms, mfu 5.83%
model:LGT723E iter 33110: loss 2.1188, time 293.39ms, mfu 6.00%
model:LGT723E iter 33120: loss 1.5386, time 293.42ms, mfu 6.16%
model:LGT723E iter 33130: loss 2.0361, time 293.44ms, mfu 6.30%
model:LGT723E iter 33140: loss 1.8307, time 293.40ms, mfu 6.42%
------average encoder activity 3.586
-----------average decoder density 0.7804
step 33150: train loss 1.9790, val loss 2.1484
model:LGT723E iter 33150: loss 1.8634, time 4302.88ms, mfu 5.83%
model:LGT723E iter 33160: loss 1.9503, time 293.98ms, mfu 6.00%
model:LGT723E iter 33170: loss 2.0765, time 293.53ms, mfu 6.16%
model:LGT723E iter 33180: loss 1.8071, time 293.43ms, mfu 6.30%
model:LGT723E iter 33190: loss 1.7256, time 294.09ms, mfu 6.42%
------average encoder activity 3.585
-----------average decoder density 0.7266
step 33200: train loss 1.9744, val loss 2.1665
model:LGT723E iter 33200: loss 2.3995, time 4300.83ms, mfu 5.83%
model:LGT723E iter 33210: loss 1.7571, time 294.09ms, mfu 6.00%
model:LGT723E iter 33220: loss 1.8060, time 293.91ms, mfu 6.15%
model:LGT723E iter 33230: loss 1.6996, time 294.02ms, mfu 6.29%
model:LGT723E iter 33240: loss 2.0695, time 293.97ms, mfu 6.42%
------average encoder activity 3.587
-----------average decoder density 0.7540
step 33250: train loss 1.9889, val loss 2.1802
model:LGT723E iter 33250: loss 2.0558, time 4300.59ms, mfu 5.83%
model:LGT723E iter 33260: loss 1.9955, time 293.54ms, mfu 6.00%
model:LGT723E iter 33270: loss 2.0298, time 293.57ms, mfu 6.15%
model:LGT723E iter 33280: loss 2.1075, time 293.65ms, mfu 6.29%
model:LGT723E iter 33290: loss 1.9358, time 293.55ms, mfu 6.42%
------average encoder activity 3.587
-----------average decoder density 0.7812
step 33300: train loss 1.9787, val loss 2.1736
model:LGT723E iter 33300: loss 2.1713, time 4299.34ms, mfu 5.83%
model:LGT723E iter 33310: loss 1.7820, time 293.42ms, mfu 6.00%
model:LGT723E iter 33320: loss 2.0673, time 293.39ms, mfu 6.16%
model:LGT723E iter 33330: loss 1.7496, time 293.63ms, mfu 6.30%
model:LGT723E iter 33340: loss 1.7902, time 293.59ms, mfu 6.42%
------average encoder activity 3.585
-----------average decoder density 0.7615
step 33350: train loss 1.9811, val loss 2.1539
model:LGT723E iter 33350: loss 1.7647, time 4299.48ms, mfu 5.83%
model:LGT723E iter 33360: loss 1.8598, time 293.46ms, mfu 6.00%
model:LGT723E iter 33370: loss 2.0801, time 293.60ms, mfu 6.16%
model:LGT723E iter 33380: loss 2.0183, time 293.54ms, mfu 6.30%
model:LGT723E iter 33390: loss 1.8178, time 293.42ms, mfu 6.42%
------average encoder activity 3.585
-----------average decoder density 0.7639
step 33400: train loss 1.9823, val loss 2.1331
model:LGT723E iter 33400: loss 1.8524, time 4303.76ms, mfu 5.83%
model:LGT723E iter 33410: loss 2.0267, time 293.51ms, mfu 6.00%
model:LGT723E iter 33420: loss 2.1239, time 293.60ms, mfu 6.16%
model:LGT723E iter 33430: loss 2.1827, time 293.64ms, mfu 6.30%
model:LGT723E iter 33440: loss 1.7643, time 293.72ms, mfu 6.42%
------average encoder activity 3.583
-----------average decoder density 0.7701
step 33450: train loss 1.9915, val loss 2.1729
model:LGT723E iter 33450: loss 2.2102, time 4304.06ms, mfu 5.83%
model:LGT723E iter 33460: loss 2.4005, time 293.39ms, mfu 6.00%
model:LGT723E iter 33470: loss 1.9265, time 293.99ms, mfu 6.16%
model:LGT723E iter 33480: loss 2.2533, time 293.54ms, mfu 6.30%
model:LGT723E iter 33490: loss 1.8678, time 293.43ms, mfu 6.42%
------average encoder activity 3.587
-----------average decoder density 0.7713
step 33500: train loss 1.9933, val loss 2.1461
model:LGT723E iter 33500: loss 1.9968, time 4307.48ms, mfu 5.83%
model:LGT723E iter 33510: loss 2.0371, time 295.33ms, mfu 6.00%
model:LGT723E iter 33520: loss 1.8947, time 293.50ms, mfu 6.15%
model:LGT723E iter 33530: loss 1.9390, time 293.54ms, mfu 6.29%
model:LGT723E iter 33540: loss 2.0057, time 293.55ms, mfu 6.42%
------average encoder activity 3.585
-----------average decoder density 0.7402
step 33550: train loss 1.9720, val loss 2.1458
model:LGT723E iter 33550: loss 2.0684, time 4307.44ms, mfu 5.83%
model:LGT723E iter 33560: loss 2.1213, time 293.60ms, mfu 6.00%
model:LGT723E iter 33570: loss 1.8755, time 293.46ms, mfu 6.16%
model:LGT723E iter 33580: loss 1.9731, time 293.62ms, mfu 6.29%
model:LGT723E iter 33590: loss 2.2005, time 293.79ms, mfu 6.42%
------average encoder activity 3.586
-----------average decoder density 0.7788
step 33600: train loss 1.9859, val loss 2.1572
model:LGT723E iter 33600: loss 2.0634, time 4301.39ms, mfu 5.83%
model:LGT723E iter 33610: loss 2.1350, time 293.55ms, mfu 6.00%
model:LGT723E iter 33620: loss 2.0180, time 293.52ms, mfu 6.16%
model:LGT723E iter 33630: loss 1.6448, time 296.31ms, mfu 6.29%
model:LGT723E iter 33640: loss 1.9592, time 293.45ms, mfu 6.41%
------average encoder activity 3.584
-----------average decoder density 0.7605
step 33650: train loss 1.9799, val loss 2.1516
model:LGT723E iter 33650: loss 2.1000, time 4301.29ms, mfu 5.82%
model:LGT723E iter 33660: loss 2.1581, time 293.46ms, mfu 6.00%
model:LGT723E iter 33670: loss 1.8394, time 294.08ms, mfu 6.15%
model:LGT723E iter 33680: loss 1.8678, time 294.40ms, mfu 6.29%
model:LGT723E iter 33690: loss 2.2264, time 295.01ms, mfu 6.41%
------average encoder activity 3.581
-----------average decoder density 0.7914
step 33700: train loss 1.9753, val loss 2.1547
model:LGT723E iter 33700: loss 1.6341, time 4308.51ms, mfu 5.82%
model:LGT723E iter 33710: loss 2.2939, time 293.86ms, mfu 5.99%
model:LGT723E iter 33720: loss 2.1205, time 293.50ms, mfu 6.15%
model:LGT723E iter 33730: loss 1.7260, time 293.64ms, mfu 6.29%
model:LGT723E iter 33740: loss 1.8208, time 293.52ms, mfu 6.42%
------average encoder activity 3.577
-----------average decoder density 0.7512
step 33750: train loss 1.9911, val loss 2.1484
model:LGT723E iter 33750: loss 1.9401, time 4301.25ms, mfu 5.83%
model:LGT723E iter 33760: loss 2.1941, time 293.85ms, mfu 6.00%
model:LGT723E iter 33770: loss 2.1047, time 293.51ms, mfu 6.15%
model:LGT723E iter 33780: loss 1.8295, time 293.48ms, mfu 6.29%
model:LGT723E iter 33790: loss 2.0772, time 293.45ms, mfu 6.42%
------average encoder activity 3.587
-----------average decoder density 0.7660
step 33800: train loss 1.9740, val loss 2.1580
model:LGT723E iter 33800: loss 1.6616, time 4301.12ms, mfu 5.83%
model:LGT723E iter 33810: loss 1.9411, time 293.52ms, mfu 6.00%
model:LGT723E iter 33820: loss 1.9913, time 293.48ms, mfu 6.16%
model:LGT723E iter 33830: loss 2.0800, time 293.31ms, mfu 6.30%
model:LGT723E iter 33840: loss 2.0682, time 293.46ms, mfu 6.42%
------average encoder activity 3.583
-----------average decoder density 0.7629
step 33850: train loss 1.9716, val loss 2.1632
model:LGT723E iter 33850: loss 1.7062, time 4307.32ms, mfu 5.83%
model:LGT723E iter 33860: loss 1.7193, time 293.99ms, mfu 6.00%
model:LGT723E iter 33870: loss 1.9494, time 293.84ms, mfu 6.15%
model:LGT723E iter 33880: loss 2.0589, time 294.14ms, mfu 6.29%
model:LGT723E iter 33890: loss 1.9540, time 293.76ms, mfu 6.42%
------average encoder activity 3.583
-----------average decoder density 0.7585
step 33900: train loss 2.0006, val loss 2.1431
model:LGT723E iter 33900: loss 1.7910, time 4299.02ms, mfu 5.83%
model:LGT723E iter 33910: loss 2.0985, time 293.99ms, mfu 6.00%
model:LGT723E iter 33920: loss 1.8348, time 294.02ms, mfu 6.15%
model:LGT723E iter 33930: loss 2.3620, time 293.83ms, mfu 6.29%
model:LGT723E iter 33940: loss 2.0198, time 293.83ms, mfu 6.42%
------average encoder activity 3.583
-----------average decoder density 0.7621
step 33950: train loss 1.9878, val loss 2.1551
model:LGT723E iter 33950: loss 1.9541, time 4301.40ms, mfu 5.83%
model:LGT723E iter 33960: loss 1.8496, time 294.21ms, mfu 6.00%
model:LGT723E iter 33970: loss 1.5457, time 293.95ms, mfu 6.15%
model:LGT723E iter 33980: loss 1.8767, time 294.12ms, mfu 6.29%
model:LGT723E iter 33990: loss 1.9603, time 294.21ms, mfu 6.41%
------average encoder activity 3.583
-----------average decoder density 0.7502
step 34000: train loss 1.9664, val loss 2.1401
model:LGT723E iter 34000: loss 2.0263, time 4302.55ms, mfu 5.82%
model:LGT723E iter 34010: loss 2.1084, time 294.06ms, mfu 6.00%
model:LGT723E iter 34020: loss 1.8698, time 294.00ms, mfu 6.15%
model:LGT723E iter 34030: loss 1.5807, time 293.55ms, mfu 6.29%
model:LGT723E iter 34040: loss 2.0275, time 293.47ms, mfu 6.42%
------average encoder activity 3.584
-----------average decoder density 0.7641
step 34050: train loss 1.9669, val loss 2.1770
model:LGT723E iter 34050: loss 2.2049, time 4300.77ms, mfu 5.83%
model:LGT723E iter 34060: loss 2.1343, time 293.48ms, mfu 6.00%
model:LGT723E iter 34070: loss 1.9553, time 293.59ms, mfu 6.15%
model:LGT723E iter 34080: loss 2.0028, time 293.49ms, mfu 6.29%
model:LGT723E iter 34090: loss 1.9297, time 293.49ms, mfu 6.42%
------average encoder activity 3.587
-----------average decoder density 0.7560
step 34100: train loss 1.9936, val loss 2.1632
model:LGT723E iter 34100: loss 2.1410, time 4300.46ms, mfu 5.83%
model:LGT723E iter 34110: loss 2.3009, time 293.81ms, mfu 6.00%
model:LGT723E iter 34120: loss 2.2949, time 293.57ms, mfu 6.15%
model:LGT723E iter 34130: loss 2.0415, time 294.32ms, mfu 6.29%
model:LGT723E iter 34140: loss 2.1514, time 294.15ms, mfu 6.42%
------average encoder activity 3.591
-----------average decoder density 0.7765
step 34150: train loss 1.9476, val loss 2.1497
model:LGT723E iter 34150: loss 2.1273, time 4322.01ms, mfu 5.83%
model:LGT723E iter 34160: loss 1.6664, time 293.75ms, mfu 6.00%
model:LGT723E iter 34170: loss 2.4190, time 293.62ms, mfu 6.15%
model:LGT723E iter 34180: loss 1.9978, time 294.26ms, mfu 6.29%
model:LGT723E iter 34190: loss 2.3405, time 294.28ms, mfu 6.41%
------average encoder activity 3.584
-----------average decoder density 0.7698
step 34200: train loss 1.9832, val loss 2.1454
model:LGT723E iter 34200: loss 1.9606, time 4303.45ms, mfu 5.82%
model:LGT723E iter 34210: loss 1.9855, time 294.07ms, mfu 6.00%
model:LGT723E iter 34220: loss 1.8018, time 294.07ms, mfu 6.15%
model:LGT723E iter 34230: loss 1.9702, time 293.94ms, mfu 6.29%
model:LGT723E iter 34240: loss 2.0699, time 294.01ms, mfu 6.41%
------average encoder activity 3.587
-----------average decoder density 0.7667
step 34250: train loss 1.9648, val loss 2.1564
model:LGT723E iter 34250: loss 1.7893, time 4308.80ms, mfu 5.82%
model:LGT723E iter 34260: loss 2.3331, time 294.49ms, mfu 5.99%
model:LGT723E iter 34270: loss 2.0832, time 294.42ms, mfu 6.15%
model:LGT723E iter 34280: loss 2.0195, time 294.80ms, mfu 6.28%
model:LGT723E iter 34290: loss 2.1566, time 293.91ms, mfu 6.41%
------average encoder activity 3.587
-----------average decoder density 0.7794
step 34300: train loss 1.9506, val loss 2.1465
model:LGT723E iter 34300: loss 1.9753, time 4306.58ms, mfu 5.82%
model:LGT723E iter 34310: loss 1.9323, time 293.64ms, mfu 5.99%
model:LGT723E iter 34320: loss 1.9408, time 293.48ms, mfu 6.15%
model:LGT723E iter 34330: loss 2.2323, time 293.47ms, mfu 6.29%
model:LGT723E iter 34340: loss 2.0660, time 293.57ms, mfu 6.41%
------average encoder activity 3.585
-----------average decoder density 0.7593
step 34350: train loss 1.9647, val loss 2.1399
model:LGT723E iter 34350: loss 1.7511, time 4301.83ms, mfu 5.82%
model:LGT723E iter 34360: loss 1.8596, time 293.51ms, mfu 6.00%
model:LGT723E iter 34370: loss 2.0927, time 293.50ms, mfu 6.15%
model:LGT723E iter 34380: loss 1.8585, time 293.64ms, mfu 6.29%
model:LGT723E iter 34390: loss 2.0784, time 294.00ms, mfu 6.42%
------average encoder activity 3.585
-----------average decoder density 0.7760
step 34400: train loss 1.9591, val loss 2.1477
model:LGT723E iter 34400: loss 2.1447, time 4301.77ms, mfu 5.83%
model:LGT723E iter 34410: loss 1.9927, time 293.95ms, mfu 6.00%
model:LGT723E iter 34420: loss 1.7290, time 293.41ms, mfu 6.15%
model:LGT723E iter 34430: loss 1.8381, time 293.58ms, mfu 6.29%
model:LGT723E iter 34440: loss 2.0807, time 293.58ms, mfu 6.42%
------average encoder activity 3.581
-----------average decoder density 0.7799
step 34450: train loss 1.9885, val loss 2.1562
model:LGT723E iter 34450: loss 1.8904, time 4301.76ms, mfu 5.83%
model:LGT723E iter 34460: loss 1.8910, time 293.50ms, mfu 6.00%
model:LGT723E iter 34470: loss 2.5108, time 293.64ms, mfu 6.16%
model:LGT723E iter 34480: loss 2.1585, time 293.56ms, mfu 6.29%
model:LGT723E iter 34490: loss 1.6343, time 293.60ms, mfu 6.42%
------average encoder activity 3.583
-----------average decoder density 0.7675
step 34500: train loss 1.9635, val loss 2.1301
model:LGT723E iter 34500: loss 2.0427, time 4301.15ms, mfu 5.83%
model:LGT723E iter 34510: loss 2.0008, time 293.63ms, mfu 6.00%
model:LGT723E iter 34520: loss 1.9647, time 293.94ms, mfu 6.15%
model:LGT723E iter 34530: loss 2.2034, time 293.45ms, mfu 6.29%
model:LGT723E iter 34540: loss 1.7054, time 293.59ms, mfu 6.42%
------average encoder activity 3.584
-----------average decoder density 0.7761
step 34550: train loss 1.9779, val loss 2.1657
model:LGT723E iter 34550: loss 2.0442, time 4300.80ms, mfu 5.83%
model:LGT723E iter 34560: loss 2.3265, time 293.40ms, mfu 6.00%
model:LGT723E iter 34570: loss 1.8831, time 293.47ms, mfu 6.16%
model:LGT723E iter 34580: loss 1.8833, time 293.57ms, mfu 6.30%
model:LGT723E iter 34590: loss 1.8300, time 293.47ms, mfu 6.42%
------average encoder activity 3.579
-----------average decoder density 0.7659
step 34600: train loss 1.9629, val loss 2.1321
model:LGT723E iter 34600: loss 2.2395, time 4302.77ms, mfu 5.83%
model:LGT723E iter 34610: loss 1.6740, time 293.71ms, mfu 6.00%
model:LGT723E iter 34620: loss 1.6692, time 293.57ms, mfu 6.16%
model:LGT723E iter 34630: loss 1.8304, time 293.52ms, mfu 6.30%
model:LGT723E iter 34640: loss 2.0643, time 293.54ms, mfu 6.42%
------average encoder activity 3.578
-----------average decoder density 0.7564
step 34650: train loss 1.9568, val loss 2.1715
model:LGT723E iter 34650: loss 2.1698, time 4303.20ms, mfu 5.83%
model:LGT723E iter 34660: loss 2.1462, time 294.20ms, mfu 6.00%
model:LGT723E iter 34670: loss 2.0841, time 293.40ms, mfu 6.16%
model:LGT723E iter 34680: loss 1.9695, time 293.49ms, mfu 6.30%
model:LGT723E iter 34690: loss 1.9862, time 293.47ms, mfu 6.42%
------average encoder activity 3.580
-----------average decoder density 0.7546
step 34700: train loss 1.9823, val loss 2.1529
model:LGT723E iter 34700: loss 2.0348, time 4304.61ms, mfu 5.83%
model:LGT723E iter 34710: loss 1.7527, time 293.81ms, mfu 6.00%
model:LGT723E iter 34720: loss 1.8742, time 293.90ms, mfu 6.16%
model:LGT723E iter 34730: loss 1.9029, time 293.59ms, mfu 6.29%
model:LGT723E iter 34740: loss 2.1341, time 293.62ms, mfu 6.42%
------average encoder activity 3.583
-----------average decoder density 0.7702
step 34750: train loss 1.9481, val loss 2.1445
model:LGT723E iter 34750: loss 1.8175, time 4308.75ms, mfu 5.83%
model:LGT723E iter 34760: loss 1.8859, time 293.57ms, mfu 6.00%
model:LGT723E iter 34770: loss 1.9154, time 293.56ms, mfu 6.16%
model:LGT723E iter 34780: loss 1.8612, time 293.44ms, mfu 6.30%
model:LGT723E iter 34790: loss 2.1300, time 293.47ms, mfu 6.42%
------average encoder activity 3.585
-----------average decoder density 0.7763
step 34800: train loss 1.9571, val loss 2.1282
model:LGT723E iter 34800: loss 2.2971, time 4303.83ms, mfu 5.83%
model:LGT723E iter 34810: loss 1.9416, time 293.36ms, mfu 6.00%
model:LGT723E iter 34820: loss 1.9235, time 293.58ms, mfu 6.16%
model:LGT723E iter 34830: loss 2.0068, time 293.60ms, mfu 6.30%
model:LGT723E iter 34840: loss 2.1117, time 293.66ms, mfu 6.42%
------average encoder activity 3.585
-----------average decoder density 0.7522
step 34850: train loss 1.9688, val loss 2.1623
model:LGT723E iter 34850: loss 1.8747, time 4303.14ms, mfu 5.83%
model:LGT723E iter 34860: loss 1.8517, time 293.35ms, mfu 6.00%
model:LGT723E iter 34870: loss 2.2069, time 293.49ms, mfu 6.16%
model:LGT723E iter 34880: loss 2.1701, time 293.71ms, mfu 6.30%
model:LGT723E iter 34890: loss 2.3886, time 293.53ms, mfu 6.42%
------average encoder activity 3.579
-----------average decoder density 0.7782
step 34900: train loss 1.9424, val loss 2.1574
model:LGT723E iter 34900: loss 1.8983, time 4304.87ms, mfu 5.83%
model:LGT723E iter 34910: loss 2.1787, time 293.42ms, mfu 6.00%
model:LGT723E iter 34920: loss 2.2154, time 293.68ms, mfu 6.16%
model:LGT723E iter 34930: loss 1.9064, time 294.57ms, mfu 6.29%
model:LGT723E iter 34940: loss 1.8871, time 293.45ms, mfu 6.42%
------average encoder activity 3.581
-----------average decoder density 0.7727
step 34950: train loss 1.9744, val loss 2.1597
model:LGT723E iter 34950: loss 1.7888, time 4303.70ms, mfu 5.83%
model:LGT723E iter 34960: loss 2.1598, time 293.46ms, mfu 6.00%
model:LGT723E iter 34970: loss 2.2092, time 293.80ms, mfu 6.16%
model:LGT723E iter 34980: loss 1.9140, time 293.55ms, mfu 6.30%
model:LGT723E iter 34990: loss 2.1063, time 294.31ms, mfu 6.42%
------average encoder activity 3.579
-----------average decoder density 0.7756
step 35000: train loss 1.9565, val loss 2.1196
saving checkpoint to out-novel-char3_LGT723E_711ea4166a6f7e62afeea754910c06aa
model:LGT723E iter 35000: loss 2.1636, time 4817.66ms, mfu 5.82%
model:LGT723E iter 35010: loss 1.9688, time 294.02ms, mfu 5.99%
model:LGT723E iter 35020: loss 2.4010, time 294.10ms, mfu 6.15%
model:LGT723E iter 35030: loss 2.0375, time 294.34ms, mfu 6.29%
model:LGT723E iter 35040: loss 1.8999, time 293.93ms, mfu 6.41%
------average encoder activity 3.577
-----------average decoder density 0.7731
step 35050: train loss 1.9800, val loss 2.1376
model:LGT723E iter 35050: loss 2.0256, time 4310.62ms, mfu 5.82%
model:LGT723E iter 35060: loss 2.2814, time 293.87ms, mfu 5.99%
model:LGT723E iter 35070: loss 1.7920, time 294.09ms, mfu 6.15%
model:LGT723E iter 35080: loss 1.9234, time 294.28ms, mfu 6.29%
model:LGT723E iter 35090: loss 1.9682, time 294.05ms, mfu 6.41%
------average encoder activity 3.573
-----------average decoder density 0.7720
step 35100: train loss 1.9720, val loss 2.1679
model:LGT723E iter 35100: loss 2.1942, time 4308.85ms, mfu 5.82%
model:LGT723E iter 35110: loss 1.9221, time 294.12ms, mfu 5.99%
model:LGT723E iter 35120: loss 2.3378, time 294.05ms, mfu 6.15%
model:LGT723E iter 35130: loss 1.8830, time 294.01ms, mfu 6.29%
model:LGT723E iter 35140: loss 2.0331, time 293.93ms, mfu 6.41%
------average encoder activity 3.576
-----------average decoder density 0.7344
step 35150: train loss 1.9675, val loss 2.1533
model:LGT723E iter 35150: loss 1.9438, time 4306.58ms, mfu 5.82%
model:LGT723E iter 35160: loss 2.2927, time 294.03ms, mfu 5.99%
model:LGT723E iter 35170: loss 1.9125, time 293.92ms, mfu 6.15%
model:LGT723E iter 35180: loss 2.0593, time 293.96ms, mfu 6.29%
model:LGT723E iter 35190: loss 1.8140, time 293.93ms, mfu 6.41%
------average encoder activity 3.572
-----------average decoder density 0.7633
step 35200: train loss 1.9718, val loss 2.1252
model:LGT723E iter 35200: loss 1.8960, time 4300.50ms, mfu 5.82%
model:LGT723E iter 35210: loss 2.3643, time 293.93ms, mfu 5.99%
model:LGT723E iter 35220: loss 2.0677, time 293.99ms, mfu 6.15%
model:LGT723E iter 35230: loss 1.9971, time 294.01ms, mfu 6.29%
model:LGT723E iter 35240: loss 1.6625, time 294.83ms, mfu 6.41%
------average encoder activity 3.574
-----------average decoder density 0.7716
step 35250: train loss 1.9632, val loss 2.1317
model:LGT723E iter 35250: loss 2.2695, time 4299.91ms, mfu 5.82%
model:LGT723E iter 35260: loss 2.0770, time 293.93ms, mfu 5.99%
model:LGT723E iter 35270: loss 2.1635, time 293.89ms, mfu 6.15%
model:LGT723E iter 35280: loss 1.9456, time 293.95ms, mfu 6.29%
model:LGT723E iter 35290: loss 1.8030, time 293.89ms, mfu 6.41%
------average encoder activity 3.574
-----------average decoder density 0.7492
step 35300: train loss 1.9429, val loss 2.1374
model:LGT723E iter 35300: loss 2.1065, time 4298.49ms, mfu 5.82%
model:LGT723E iter 35310: loss 1.9681, time 293.98ms, mfu 5.99%
model:LGT723E iter 35320: loss 2.2004, time 293.96ms, mfu 6.15%
model:LGT723E iter 35330: loss 2.5085, time 293.98ms, mfu 6.29%
model:LGT723E iter 35340: loss 2.0646, time 293.88ms, mfu 6.41%
------average encoder activity 3.568
-----------average decoder density 0.7715
step 35350: train loss 1.9768, val loss 2.1388
model:LGT723E iter 35350: loss 2.1734, time 4299.55ms, mfu 5.82%
model:LGT723E iter 35360: loss 2.3384, time 293.94ms, mfu 5.99%
model:LGT723E iter 35370: loss 2.2023, time 293.45ms, mfu 6.15%
model:LGT723E iter 35380: loss 1.9297, time 293.52ms, mfu 6.29%
model:LGT723E iter 35390: loss 2.1231, time 293.45ms, mfu 6.42%
------average encoder activity 3.570
-----------average decoder density 0.7562
step 35400: train loss 1.9556, val loss 2.1313
model:LGT723E iter 35400: loss 2.0888, time 4299.24ms, mfu 5.83%
model:LGT723E iter 35410: loss 1.7920, time 293.34ms, mfu 6.00%
model:LGT723E iter 35420: loss 2.2686, time 293.37ms, mfu 6.15%
model:LGT723E iter 35430: loss 2.0952, time 293.72ms, mfu 6.29%
model:LGT723E iter 35440: loss 1.9264, time 293.35ms, mfu 6.42%
------average encoder activity 3.572
-----------average decoder density 0.7668
step 35450: train loss 1.9463, val loss 2.1432
model:LGT723E iter 35450: loss 2.0498, time 4303.72ms, mfu 5.83%
model:LGT723E iter 35460: loss 1.7383, time 293.75ms, mfu 6.00%
model:LGT723E iter 35470: loss 2.0451, time 293.50ms, mfu 6.16%
model:LGT723E iter 35480: loss 1.9471, time 293.47ms, mfu 6.30%
model:LGT723E iter 35490: loss 1.7193, time 294.39ms, mfu 6.42%
------average encoder activity 3.574
-----------average decoder density 0.7585
step 35500: train loss 1.9584, val loss 2.1388
model:LGT723E iter 35500: loss 2.2959, time 4300.52ms, mfu 5.83%
model:LGT723E iter 35510: loss 2.1433, time 294.07ms, mfu 6.00%
model:LGT723E iter 35520: loss 2.1609, time 293.99ms, mfu 6.15%
model:LGT723E iter 35530: loss 1.9606, time 294.07ms, mfu 6.29%
model:LGT723E iter 35540: loss 1.9037, time 293.79ms, mfu 6.42%
------average encoder activity 3.572
-----------average decoder density 0.7589
step 35550: train loss 1.9670, val loss 2.1449
model:LGT723E iter 35550: loss 1.9782, time 4303.59ms, mfu 5.83%
model:LGT723E iter 35560: loss 2.1582, time 293.99ms, mfu 6.00%
model:LGT723E iter 35570: loss 1.9751, time 293.98ms, mfu 6.15%
model:LGT723E iter 35580: loss 2.2211, time 294.40ms, mfu 6.29%
model:LGT723E iter 35590: loss 2.0343, time 294.17ms, mfu 6.41%
------average encoder activity 3.566
-----------average decoder density 0.7743
step 35600: train loss 1.9574, val loss 2.1409
model:LGT723E iter 35600: loss 2.0689, time 4300.19ms, mfu 5.82%
model:LGT723E iter 35610: loss 1.9520, time 293.52ms, mfu 6.00%
model:LGT723E iter 35620: loss 1.9085, time 293.49ms, mfu 6.15%
model:LGT723E iter 35630: loss 2.1708, time 293.62ms, mfu 6.29%
model:LGT723E iter 35640: loss 1.7635, time 293.45ms, mfu 6.42%
------average encoder activity 3.568
-----------average decoder density 0.7590
step 35650: train loss 1.9759, val loss 2.1315
model:LGT723E iter 35650: loss 2.1374, time 4300.86ms, mfu 5.83%
model:LGT723E iter 35660: loss 1.9691, time 293.74ms, mfu 6.00%
model:LGT723E iter 35670: loss 2.1072, time 293.64ms, mfu 6.15%
model:LGT723E iter 35680: loss 1.8931, time 293.38ms, mfu 6.29%
model:LGT723E iter 35690: loss 1.6452, time 293.67ms, mfu 6.42%
------average encoder activity 3.572
-----------average decoder density 0.7663
step 35700: train loss 1.9766, val loss 2.1108
saving checkpoint to out-novel-char3_LGT723E_711ea4166a6f7e62afeea754910c06aa
model:LGT723E iter 35700: loss 1.8691, time 4821.26ms, mfu 5.82%
model:LGT723E iter 35710: loss 2.2098, time 293.49ms, mfu 6.00%
model:LGT723E iter 35720: loss 1.7636, time 293.43ms, mfu 6.15%
model:LGT723E iter 35730: loss 2.0172, time 293.51ms, mfu 6.29%
model:LGT723E iter 35740: loss 2.0662, time 293.39ms, mfu 6.42%
------average encoder activity 3.564
-----------average decoder density 0.7725
step 35750: train loss 1.9580, val loss 2.1385
model:LGT723E iter 35750: loss 2.3405, time 4299.15ms, mfu 5.83%
model:LGT723E iter 35760: loss 2.0044, time 293.51ms, mfu 6.00%
model:LGT723E iter 35770: loss 2.2223, time 293.63ms, mfu 6.15%
model:LGT723E iter 35780: loss 1.8609, time 293.38ms, mfu 6.29%
model:LGT723E iter 35790: loss 2.0213, time 293.53ms, mfu 6.42%
------average encoder activity 3.563
-----------average decoder density 0.7505
step 35800: train loss 1.9548, val loss 2.1656
model:LGT723E iter 35800: loss 2.3035, time 4303.74ms, mfu 5.83%
model:LGT723E iter 35810: loss 1.6852, time 293.37ms, mfu 6.00%
model:LGT723E iter 35820: loss 1.5555, time 293.31ms, mfu 6.16%
model:LGT723E iter 35830: loss 1.7310, time 293.42ms, mfu 6.30%
model:LGT723E iter 35840: loss 1.9680, time 293.53ms, mfu 6.42%
------average encoder activity 3.562
-----------average decoder density 0.7725
step 35850: train loss 1.9740, val loss 2.1351
model:LGT723E iter 35850: loss 2.1583, time 4300.35ms, mfu 5.83%
model:LGT723E iter 35860: loss 2.0235, time 293.49ms, mfu 6.00%
model:LGT723E iter 35870: loss 2.0941, time 293.44ms, mfu 6.16%
model:LGT723E iter 35880: loss 1.7794, time 293.41ms, mfu 6.30%
model:LGT723E iter 35890: loss 2.0619, time 293.71ms, mfu 6.42%
------average encoder activity 3.564
-----------average decoder density 0.7616
step 35900: train loss 1.9375, val loss 2.1481
model:LGT723E iter 35900: loss 2.1489, time 4301.06ms, mfu 5.83%
model:LGT723E iter 35910: loss 2.0433, time 293.56ms, mfu 6.00%
model:LGT723E iter 35920: loss 1.8203, time 293.50ms, mfu 6.16%
model:LGT723E iter 35930: loss 2.0469, time 293.59ms, mfu 6.30%
model:LGT723E iter 35940: loss 1.7913, time 293.63ms, mfu 6.42%
------average encoder activity 3.564
-----------average decoder density 0.7563
step 35950: train loss 1.9664, val loss 2.1269
model:LGT723E iter 35950: loss 1.9673, time 4300.03ms, mfu 5.83%
model:LGT723E iter 35960: loss 1.8794, time 293.52ms, mfu 6.00%
model:LGT723E iter 35970: loss 2.1051, time 293.48ms, mfu 6.16%
model:LGT723E iter 35980: loss 1.8329, time 293.50ms, mfu 6.30%
model:LGT723E iter 35990: loss 1.6291, time 293.52ms, mfu 6.42%
------average encoder activity 3.564
-----------average decoder density 0.7541
step 36000: train loss 1.9609, val loss 2.1486
model:LGT723E iter 36000: loss 2.0421, time 4309.16ms, mfu 5.83%
model:LGT723E iter 36010: loss 1.7739, time 293.78ms, mfu 6.00%
model:LGT723E iter 36020: loss 2.1118, time 294.03ms, mfu 6.16%
model:LGT723E iter 36030: loss 1.8038, time 294.48ms, mfu 6.29%
model:LGT723E iter 36040: loss 1.5478, time 293.46ms, mfu 6.42%
------average encoder activity 3.568
-----------average decoder density 0.7568
step 36050: train loss 1.9435, val loss 2.1454
model:LGT723E iter 36050: loss 1.7173, time 4303.89ms, mfu 5.83%
model:LGT723E iter 36060: loss 2.0501, time 293.62ms, mfu 6.00%
model:LGT723E iter 36070: loss 1.5344, time 293.67ms, mfu 6.16%
model:LGT723E iter 36080: loss 2.0048, time 294.20ms, mfu 6.29%
model:LGT723E iter 36090: loss 1.6828, time 294.21ms, mfu 6.42%
------average encoder activity 3.567
-----------average decoder density 0.7751
step 36100: train loss 1.9662, val loss 2.1709
model:LGT723E iter 36100: loss 1.9702, time 4305.90ms, mfu 5.83%
model:LGT723E iter 36110: loss 1.9606, time 294.41ms, mfu 6.00%
model:LGT723E iter 36120: loss 2.0186, time 294.23ms, mfu 6.15%
model:LGT723E iter 36130: loss 1.5958, time 293.95ms, mfu 6.29%
model:LGT723E iter 36140: loss 1.7037, time 294.03ms, mfu 6.41%
------average encoder activity 3.574
-----------average decoder density 0.7606
step 36150: train loss 1.9545, val loss 2.1417
model:LGT723E iter 36150: loss 1.9519, time 4298.71ms, mfu 5.82%
model:LGT723E iter 36160: loss 1.9779, time 293.41ms, mfu 6.00%
model:LGT723E iter 36170: loss 1.8393, time 293.39ms, mfu 6.15%
model:LGT723E iter 36180: loss 1.9887, time 294.96ms, mfu 6.29%
model:LGT723E iter 36190: loss 1.7972, time 293.32ms, mfu 6.42%
------average encoder activity 3.570
-----------average decoder density 0.7338
step 36200: train loss 1.9813, val loss 2.1621
model:LGT723E iter 36200: loss 2.0457, time 4298.67ms, mfu 5.83%
model:LGT723E iter 36210: loss 2.0233, time 293.59ms, mfu 6.00%
model:LGT723E iter 36220: loss 2.0975, time 293.48ms, mfu 6.15%
model:LGT723E iter 36230: loss 2.0738, time 293.48ms, mfu 6.29%
model:LGT723E iter 36240: loss 1.8755, time 293.26ms, mfu 6.42%
------average encoder activity 3.566
-----------average decoder density 0.7686
step 36250: train loss 1.9587, val loss 2.1313
model:LGT723E iter 36250: loss 1.9462, time 4301.01ms, mfu 5.83%
model:LGT723E iter 36260: loss 2.1464, time 293.91ms, mfu 6.00%
model:LGT723E iter 36270: loss 2.1235, time 293.54ms, mfu 6.15%
model:LGT723E iter 36280: loss 1.9930, time 293.81ms, mfu 6.29%
model:LGT723E iter 36290: loss 1.9328, time 293.91ms, mfu 6.42%
------average encoder activity 3.561
-----------average decoder density 0.7485
step 36300: train loss 1.9514, val loss 2.1277
model:LGT723E iter 36300: loss 2.1905, time 4298.40ms, mfu 5.83%
model:LGT723E iter 36310: loss 2.2054, time 293.60ms, mfu 6.00%
model:LGT723E iter 36320: loss 2.0808, time 293.59ms, mfu 6.15%
model:LGT723E iter 36330: loss 2.0303, time 293.93ms, mfu 6.29%
model:LGT723E iter 36340: loss 2.0997, time 293.48ms, mfu 6.42%
------average encoder activity 3.562
-----------average decoder density 0.7490
step 36350: train loss 1.9524, val loss 2.1312
model:LGT723E iter 36350: loss 2.0649, time 4298.82ms, mfu 5.83%
model:LGT723E iter 36360: loss 1.8981, time 293.38ms, mfu 6.00%
model:LGT723E iter 36370: loss 1.8456, time 293.29ms, mfu 6.16%
model:LGT723E iter 36380: loss 1.8298, time 293.36ms, mfu 6.30%
model:LGT723E iter 36390: loss 2.0916, time 293.40ms, mfu 6.42%
------average encoder activity 3.567
-----------average decoder density 0.7724
step 36400: train loss 1.9747, val loss 2.1505
model:LGT723E iter 36400: loss 1.8919, time 4298.10ms, mfu 5.83%
model:LGT723E iter 36410: loss 2.1149, time 293.41ms, mfu 6.00%
model:LGT723E iter 36420: loss 1.7693, time 293.50ms, mfu 6.16%
model:LGT723E iter 36430: loss 1.8465, time 293.64ms, mfu 6.30%
model:LGT723E iter 36440: loss 2.1696, time 293.33ms, mfu 6.42%
------average encoder activity 3.564
-----------average decoder density 0.7729
step 36450: train loss 1.9642, val loss 2.1431
model:LGT723E iter 36450: loss 1.8649, time 4299.17ms, mfu 5.83%
model:LGT723E iter 36460: loss 2.1636, time 293.51ms, mfu 6.00%
model:LGT723E iter 36470: loss 2.1175, time 293.61ms, mfu 6.16%
model:LGT723E iter 36480: loss 2.2710, time 294.21ms, mfu 6.30%
model:LGT723E iter 36490: loss 1.7626, time 293.90ms, mfu 6.42%
------average encoder activity 3.556
-----------average decoder density 0.7533
step 36500: train loss 1.9607, val loss 2.1366
model:LGT723E iter 36500: loss 1.9472, time 4305.95ms, mfu 5.83%
model:LGT723E iter 36510: loss 2.1474, time 294.11ms, mfu 6.00%
model:LGT723E iter 36520: loss 2.0843, time 295.40ms, mfu 6.15%
model:LGT723E iter 36530: loss 1.9235, time 294.17ms, mfu 6.29%
model:LGT723E iter 36540: loss 2.0992, time 294.00ms, mfu 6.41%
------average encoder activity 3.563
-----------average decoder density 0.7755
step 36550: train loss 1.9658, val loss 2.1606
model:LGT723E iter 36550: loss 2.2010, time 4301.32ms, mfu 5.82%
model:LGT723E iter 36560: loss 2.2954, time 294.11ms, mfu 5.99%
model:LGT723E iter 36570: loss 2.0754, time 294.17ms, mfu 6.15%
model:LGT723E iter 36580: loss 2.2266, time 295.19ms, mfu 6.28%
model:LGT723E iter 36590: loss 1.5680, time 294.01ms, mfu 6.41%
------average encoder activity 3.563
-----------average decoder density 0.7552
step 36600: train loss 1.9634, val loss 2.1418
model:LGT723E iter 36600: loss 1.9564, time 4302.91ms, mfu 5.82%
model:LGT723E iter 36610: loss 1.8629, time 294.25ms, mfu 5.99%
model:LGT723E iter 36620: loss 2.2270, time 295.03ms, mfu 6.14%
model:LGT723E iter 36630: loss 2.0846, time 293.94ms, mfu 6.28%
model:LGT723E iter 36640: loss 1.7129, time 293.94ms, mfu 6.41%
------average encoder activity 3.560
-----------average decoder density 0.7515
step 36650: train loss 1.9640, val loss 2.1461
model:LGT723E iter 36650: loss 2.0985, time 4313.29ms, mfu 5.82%
model:LGT723E iter 36660: loss 2.3545, time 294.11ms, mfu 5.99%
model:LGT723E iter 36670: loss 2.1825, time 293.98ms, mfu 6.15%
model:LGT723E iter 36680: loss 1.9546, time 294.40ms, mfu 6.28%
model:LGT723E iter 36690: loss 1.7369, time 294.55ms, mfu 6.41%
------average encoder activity 3.557
-----------average decoder density 0.7699
step 36700: train loss 1.9674, val loss 2.1630
model:LGT723E iter 36700: loss 1.8745, time 4309.12ms, mfu 5.82%
model:LGT723E iter 36710: loss 1.8938, time 293.82ms, mfu 5.99%
model:LGT723E iter 36720: loss 1.4179, time 294.01ms, mfu 6.15%
model:LGT723E iter 36730: loss 2.1055, time 293.40ms, mfu 6.29%
model:LGT723E iter 36740: loss 2.0995, time 293.54ms, mfu 6.41%
------average encoder activity 3.559
-----------average decoder density 0.7546
step 36750: train loss 1.9455, val loss 2.1312
model:LGT723E iter 36750: loss 2.0578, time 4305.13ms, mfu 5.82%
model:LGT723E iter 36760: loss 2.0787, time 294.24ms, mfu 5.99%
model:LGT723E iter 36770: loss 1.9375, time 293.75ms, mfu 6.15%
model:LGT723E iter 36780: loss 2.0860, time 293.76ms, mfu 6.29%
model:LGT723E iter 36790: loss 2.0844, time 293.90ms, mfu 6.41%
------average encoder activity 3.556
-----------average decoder density 0.7505
step 36800: train loss 1.9481, val loss 2.1527
model:LGT723E iter 36800: loss 1.6746, time 4316.58ms, mfu 5.82%
model:LGT723E iter 36810: loss 2.1783, time 293.93ms, mfu 6.00%
model:LGT723E iter 36820: loss 1.9894, time 293.93ms, mfu 6.15%
model:LGT723E iter 36830: loss 2.1090, time 294.21ms, mfu 6.29%
model:LGT723E iter 36840: loss 1.5318, time 294.01ms, mfu 6.41%
------average encoder activity 3.557
-----------average decoder density 0.7673
step 36850: train loss 1.9460, val loss 2.1508
model:LGT723E iter 36850: loss 2.3246, time 4307.72ms, mfu 5.82%
model:LGT723E iter 36860: loss 2.0474, time 294.06ms, mfu 5.99%
model:LGT723E iter 36870: loss 2.1914, time 294.04ms, mfu 6.15%
model:LGT723E iter 36880: loss 1.6040, time 294.13ms, mfu 6.29%
model:LGT723E iter 36890: loss 1.9825, time 294.64ms, mfu 6.41%
------average encoder activity 3.559
-----------average decoder density 0.7678
step 36900: train loss 1.9510, val loss 2.1499
model:LGT723E iter 36900: loss 2.0736, time 4305.20ms, mfu 5.82%
model:LGT723E iter 36910: loss 2.2200, time 294.00ms, mfu 5.99%
model:LGT723E iter 36920: loss 1.8635, time 294.14ms, mfu 6.15%
model:LGT723E iter 36930: loss 1.7239, time 293.37ms, mfu 6.29%
model:LGT723E iter 36940: loss 2.0825, time 293.57ms, mfu 6.41%
------average encoder activity 3.560
-----------average decoder density 0.7740
step 36950: train loss 1.9403, val loss 2.1486
model:LGT723E iter 36950: loss 1.4799, time 4305.25ms, mfu 5.82%
model:LGT723E iter 36960: loss 2.0925, time 293.52ms, mfu 6.00%
model:LGT723E iter 36970: loss 2.1305, time 293.63ms, mfu 6.15%
model:LGT723E iter 36980: loss 2.1118, time 293.47ms, mfu 6.29%
model:LGT723E iter 36990: loss 1.7656, time 293.35ms, mfu 6.42%
------average encoder activity 3.557
-----------average decoder density 0.7757
step 37000: train loss 1.9425, val loss 2.1534
model:LGT723E iter 37000: loss 2.0513, time 4301.35ms, mfu 5.83%
model:LGT723E iter 37010: loss 1.7627, time 293.35ms, mfu 6.00%
model:LGT723E iter 37020: loss 1.8409, time 293.49ms, mfu 6.16%
model:LGT723E iter 37030: loss 2.2078, time 293.79ms, mfu 6.29%
model:LGT723E iter 37040: loss 1.9304, time 293.97ms, mfu 6.42%
------average encoder activity 3.557
-----------average decoder density 0.7700
step 37050: train loss 1.9530, val loss 2.1347
model:LGT723E iter 37050: loss 1.9399, time 4308.00ms, mfu 5.83%
model:LGT723E iter 37060: loss 2.0871, time 295.26ms, mfu 6.00%
model:LGT723E iter 37070: loss 2.1315, time 294.48ms, mfu 6.15%
model:LGT723E iter 37080: loss 1.7682, time 294.47ms, mfu 6.29%
model:LGT723E iter 37090: loss 1.9812, time 294.02ms, mfu 6.41%
------average encoder activity 3.559
-----------average decoder density 0.7659
step 37100: train loss 1.9695, val loss 2.1449
model:LGT723E iter 37100: loss 2.0067, time 4309.50ms, mfu 5.82%
model:LGT723E iter 37110: loss 1.7402, time 293.81ms, mfu 5.99%
model:LGT723E iter 37120: loss 1.8322, time 294.24ms, mfu 6.15%
model:LGT723E iter 37130: loss 2.0751, time 293.81ms, mfu 6.29%
model:LGT723E iter 37140: loss 1.8769, time 294.00ms, mfu 6.41%
------average encoder activity 3.557
-----------average decoder density 0.7637
step 37150: train loss 1.9646, val loss 2.1468
model:LGT723E iter 37150: loss 1.8758, time 4309.31ms, mfu 5.82%
model:LGT723E iter 37160: loss 1.8992, time 293.98ms, mfu 5.99%
model:LGT723E iter 37170: loss 1.8777, time 294.06ms, mfu 6.15%
model:LGT723E iter 37180: loss 2.0930, time 293.94ms, mfu 6.29%
model:LGT723E iter 37190: loss 2.0478, time 293.77ms, mfu 6.41%
------average encoder activity 3.555
-----------average decoder density 0.7566
step 37200: train loss 1.9536, val loss 2.1437
model:LGT723E iter 37200: loss 1.9762, time 4307.11ms, mfu 5.82%
model:LGT723E iter 37210: loss 1.9053, time 293.96ms, mfu 5.99%
model:LGT723E iter 37220: loss 2.0226, time 294.20ms, mfu 6.15%
model:LGT723E iter 37230: loss 2.2713, time 294.11ms, mfu 6.29%
model:LGT723E iter 37240: loss 1.9505, time 293.82ms, mfu 6.41%
------average encoder activity 3.557
-----------average decoder density 0.7535
step 37250: train loss 1.9487, val loss 2.1396
model:LGT723E iter 37250: loss 1.7443, time 4309.48ms, mfu 5.82%
model:LGT723E iter 37260: loss 2.2104, time 294.04ms, mfu 5.99%
model:LGT723E iter 37270: loss 1.5700, time 294.22ms, mfu 6.15%
model:LGT723E iter 37280: loss 2.0927, time 293.73ms, mfu 6.29%
model:LGT723E iter 37290: loss 1.7397, time 294.04ms, mfu 6.41%
------average encoder activity 3.561
-----------average decoder density 0.7760
step 37300: train loss 1.9484, val loss 2.1433
model:LGT723E iter 37300: loss 1.9725, time 4313.89ms, mfu 5.82%
model:LGT723E iter 37310: loss 1.9486, time 294.24ms, mfu 5.99%
model:LGT723E iter 37320: loss 1.8690, time 293.98ms, mfu 6.15%
model:LGT723E iter 37330: loss 1.9056, time 294.14ms, mfu 6.29%
model:LGT723E iter 37340: loss 1.7624, time 294.45ms, mfu 6.41%
------average encoder activity 3.557
-----------average decoder density 0.7651
step 37350: train loss 1.9286, val loss 2.1493
model:LGT723E iter 37350: loss 1.8402, time 4309.43ms, mfu 5.82%
model:LGT723E iter 37360: loss 1.9291, time 294.03ms, mfu 5.99%
model:LGT723E iter 37370: loss 1.7682, time 293.92ms, mfu 6.15%
model:LGT723E iter 37380: loss 1.5665, time 293.99ms, mfu 6.29%
model:LGT723E iter 37390: loss 2.0762, time 293.84ms, mfu 6.41%
------average encoder activity 3.553
-----------average decoder density 0.7729
step 37400: train loss 1.9593, val loss 2.1232
model:LGT723E iter 37400: loss 1.8656, time 4302.50ms, mfu 5.82%
model:LGT723E iter 37410: loss 2.2299, time 293.68ms, mfu 5.99%
model:LGT723E iter 37420: loss 2.1091, time 293.75ms, mfu 6.15%
model:LGT723E iter 37430: loss 1.8216, time 293.90ms, mfu 6.29%
model:LGT723E iter 37440: loss 2.1739, time 294.05ms, mfu 6.41%
------average encoder activity 3.551
-----------average decoder density 0.7688
step 37450: train loss 1.9335, val loss 2.1108
saving checkpoint to out-novel-char3_LGT723E_711ea4166a6f7e62afeea754910c06aa
model:LGT723E iter 37450: loss 2.1816, time 4822.17ms, mfu 5.82%
model:LGT723E iter 37460: loss 1.8975, time 294.23ms, mfu 5.99%
model:LGT723E iter 37470: loss 1.8268, time 293.73ms, mfu 6.14%
model:LGT723E iter 37480: loss 1.7540, time 294.02ms, mfu 6.28%
model:LGT723E iter 37490: loss 1.9435, time 293.92ms, mfu 6.41%
------average encoder activity 3.552
-----------average decoder density 0.7746
step 37500: train loss 1.9452, val loss 2.1393
model:LGT723E iter 37500: loss 1.9905, time 4308.92ms, mfu 5.82%
model:LGT723E iter 37510: loss 1.5573, time 293.89ms, mfu 5.99%
model:LGT723E iter 37520: loss 2.0315, time 294.20ms, mfu 6.15%
model:LGT723E iter 37530: loss 1.9658, time 293.81ms, mfu 6.29%
model:LGT723E iter 37540: loss 1.9857, time 293.97ms, mfu 6.41%
------average encoder activity 3.553
-----------average decoder density 0.7661
step 37550: train loss 1.9605, val loss 2.1469
model:LGT723E iter 37550: loss 2.1307, time 4303.62ms, mfu 5.82%
model:LGT723E iter 37560: loss 2.2082, time 294.03ms, mfu 5.99%
model:LGT723E iter 37570: loss 1.8578, time 293.96ms, mfu 6.15%
model:LGT723E iter 37580: loss 2.0653, time 293.92ms, mfu 6.29%
model:LGT723E iter 37590: loss 1.8748, time 294.25ms, mfu 6.41%
------average encoder activity 3.550
-----------average decoder density 0.7509
step 37600: train loss 1.9427, val loss 2.1456
model:LGT723E iter 37600: loss 2.0764, time 4309.49ms, mfu 5.82%
model:LGT723E iter 37610: loss 2.2154, time 294.03ms, mfu 5.99%
model:LGT723E iter 37620: loss 2.1684, time 293.97ms, mfu 6.15%
model:LGT723E iter 37630: loss 2.1661, time 294.17ms, mfu 6.29%
model:LGT723E iter 37640: loss 2.1710, time 294.07ms, mfu 6.41%
------average encoder activity 3.551
-----------average decoder density 0.7684
step 37650: train loss 1.9587, val loss 2.1449
model:LGT723E iter 37650: loss 2.0108, time 4305.06ms, mfu 5.82%
model:LGT723E iter 37660: loss 1.9521, time 293.73ms, mfu 5.99%
model:LGT723E iter 37670: loss 1.9821, time 293.49ms, mfu 6.15%
model:LGT723E iter 37680: loss 1.9715, time 293.57ms, mfu 6.29%
model:LGT723E iter 37690: loss 1.9186, time 293.53ms, mfu 6.42%
------average encoder activity 3.551
-----------average decoder density 0.7473
step 37700: train loss 1.9491, val loss 2.1393
model:LGT723E iter 37700: loss 2.0553, time 4305.00ms, mfu 5.83%
model:LGT723E iter 37710: loss 2.0180, time 293.60ms, mfu 6.00%
model:LGT723E iter 37720: loss 1.8078, time 293.68ms, mfu 6.15%
model:LGT723E iter 37730: loss 1.9389, time 293.64ms, mfu 6.29%
model:LGT723E iter 37740: loss 2.2404, time 293.59ms, mfu 6.42%
------average encoder activity 3.549
-----------average decoder density 0.7665
step 37750: train loss 1.9670, val loss 2.1470
model:LGT723E iter 37750: loss 1.8763, time 4318.43ms, mfu 5.83%
model:LGT723E iter 37760: loss 1.8041, time 293.50ms, mfu 6.00%
model:LGT723E iter 37770: loss 2.2502, time 293.96ms, mfu 6.15%
model:LGT723E iter 37780: loss 1.6508, time 293.62ms, mfu 6.29%
model:LGT723E iter 37790: loss 1.8560, time 293.54ms, mfu 6.42%
------average encoder activity 3.550
-----------average decoder density 0.7702
step 37800: train loss 1.9351, val loss 2.1414
model:LGT723E iter 37800: loss 1.8040, time 4316.63ms, mfu 5.83%
model:LGT723E iter 37810: loss 2.0719, time 293.86ms, mfu 6.00%
model:LGT723E iter 37820: loss 1.5242, time 293.43ms, mfu 6.15%
model:LGT723E iter 37830: loss 1.9520, time 293.56ms, mfu 6.29%
model:LGT723E iter 37840: loss 2.0535, time 293.48ms, mfu 6.42%
------average encoder activity 3.546
-----------average decoder density 0.7563
step 37850: train loss 1.9374, val loss 2.1402
model:LGT723E iter 37850: loss 1.9534, time 4303.11ms, mfu 5.83%
model:LGT723E iter 37860: loss 2.1525, time 293.65ms, mfu 6.00%
model:LGT723E iter 37870: loss 1.7844, time 293.44ms, mfu 6.16%
model:LGT723E iter 37880: loss 1.4405, time 293.53ms, mfu 6.30%
model:LGT723E iter 37890: loss 1.9545, time 293.43ms, mfu 6.42%
------average encoder activity 3.547
-----------average decoder density 0.7668
step 37900: train loss 1.9425, val loss 2.1478
model:LGT723E iter 37900: loss 1.8548, time 4301.62ms, mfu 5.83%
model:LGT723E iter 37910: loss 1.7670, time 293.60ms, mfu 6.00%
model:LGT723E iter 37920: loss 1.9974, time 293.51ms, mfu 6.16%
model:LGT723E iter 37930: loss 1.8842, time 293.47ms, mfu 6.30%
model:LGT723E iter 37940: loss 2.2414, time 293.63ms, mfu 6.42%
------average encoder activity 3.546
-----------average decoder density 0.7538
step 37950: train loss 1.9264, val loss 2.1284
model:LGT723E iter 37950: loss 1.9620, time 4305.03ms, mfu 5.83%
model:LGT723E iter 37960: loss 1.4451, time 293.53ms, mfu 6.00%
model:LGT723E iter 37970: loss 2.1278, time 293.51ms, mfu 6.16%
model:LGT723E iter 37980: loss 1.7111, time 293.61ms, mfu 6.30%
model:LGT723E iter 37990: loss 1.8689, time 293.51ms, mfu 6.42%
------average encoder activity 3.546
-----------average decoder density 0.7730
step 38000: train loss 1.9509, val loss 2.1257
model:LGT723E iter 38000: loss 1.9333, time 4303.49ms, mfu 5.83%
model:LGT723E iter 38010: loss 2.1843, time 293.48ms, mfu 6.00%
model:LGT723E iter 38020: loss 2.0406, time 293.49ms, mfu 6.16%
model:LGT723E iter 38030: loss 1.8633, time 293.37ms, mfu 6.30%
model:LGT723E iter 38040: loss 1.9642, time 293.49ms, mfu 6.42%
------average encoder activity 3.548
-----------average decoder density 0.7649
step 38050: train loss 1.9511, val loss 2.1281
model:LGT723E iter 38050: loss 1.8888, time 4299.07ms, mfu 5.83%
model:LGT723E iter 38060: loss 1.8113, time 293.50ms, mfu 6.00%
model:LGT723E iter 38070: loss 1.9722, time 293.38ms, mfu 6.16%
model:LGT723E iter 38080: loss 1.9546, time 293.52ms, mfu 6.30%
model:LGT723E iter 38090: loss 2.1752, time 293.50ms, mfu 6.42%
------average encoder activity 3.548
-----------average decoder density 0.7523
step 38100: train loss 1.9557, val loss 2.1500
model:LGT723E iter 38100: loss 1.6879, time 4303.80ms, mfu 5.83%
model:LGT723E iter 38110: loss 1.6625, time 293.59ms, mfu 6.00%
model:LGT723E iter 38120: loss 2.0944, time 293.63ms, mfu 6.16%
model:LGT723E iter 38130: loss 1.9438, time 293.65ms, mfu 6.30%
model:LGT723E iter 38140: loss 2.0360, time 293.45ms, mfu 6.42%
------average encoder activity 3.546
-----------average decoder density 0.7319
step 38150: train loss 1.9301, val loss 2.1006
saving checkpoint to out-novel-char3_LGT723E_711ea4166a6f7e62afeea754910c06aa
model:LGT723E iter 38150: loss 1.9331, time 4823.18ms, mfu 5.83%
model:LGT723E iter 38160: loss 2.0285, time 293.52ms, mfu 6.00%
model:LGT723E iter 38170: loss 2.2970, time 293.81ms, mfu 6.15%
model:LGT723E iter 38180: loss 1.9611, time 293.76ms, mfu 6.29%
model:LGT723E iter 38190: loss 2.1740, time 293.57ms, mfu 6.42%
------average encoder activity 3.547
-----------average decoder density 0.7708
step 38200: train loss 1.9522, val loss 2.1144
model:LGT723E iter 38200: loss 1.6269, time 4314.49ms, mfu 5.83%
model:LGT723E iter 38210: loss 2.0835, time 294.38ms, mfu 6.00%
model:LGT723E iter 38220: loss 1.8438, time 294.02ms, mfu 6.15%
model:LGT723E iter 38230: loss 1.9622, time 294.05ms, mfu 6.29%
model:LGT723E iter 38240: loss 1.9783, time 293.88ms, mfu 6.42%
------average encoder activity 3.548
-----------average decoder density 0.7598
step 38250: train loss 1.9426, val loss 2.1488
model:LGT723E iter 38250: loss 2.1353, time 4299.61ms, mfu 5.83%
model:LGT723E iter 38260: loss 1.8933, time 293.43ms, mfu 6.00%
model:LGT723E iter 38270: loss 1.9858, time 293.42ms, mfu 6.15%
model:LGT723E iter 38280: loss 2.3010, time 293.49ms, mfu 6.29%
model:LGT723E iter 38290: loss 2.1187, time 293.47ms, mfu 6.42%
------average encoder activity 3.544
-----------average decoder density 0.7568
step 38300: train loss 1.9437, val loss 2.1352
model:LGT723E iter 38300: loss 1.9760, time 4305.02ms, mfu 5.83%
model:LGT723E iter 38310: loss 2.0993, time 293.72ms, mfu 6.00%
model:LGT723E iter 38320: loss 1.7261, time 293.43ms, mfu 6.16%
model:LGT723E iter 38330: loss 1.8126, time 293.44ms, mfu 6.30%
model:LGT723E iter 38340: loss 1.9066, time 293.45ms, mfu 6.42%
------average encoder activity 3.542
-----------average decoder density 0.7644
step 38350: train loss 1.9470, val loss 2.1174
model:LGT723E iter 38350: loss 2.1024, time 4299.94ms, mfu 5.83%
model:LGT723E iter 38360: loss 2.0190, time 293.90ms, mfu 6.00%
model:LGT723E iter 38370: loss 1.9894, time 293.50ms, mfu 6.16%
model:LGT723E iter 38380: loss 1.9856, time 293.44ms, mfu 6.30%
model:LGT723E iter 38390: loss 1.6672, time 293.43ms, mfu 6.42%
------average encoder activity 3.544
-----------average decoder density 0.7515
step 38400: train loss 1.9584, val loss 2.1687
model:LGT723E iter 38400: loss 2.2160, time 4302.52ms, mfu 5.83%
model:LGT723E iter 38410: loss 1.5743, time 293.53ms, mfu 6.00%
model:LGT723E iter 38420: loss 1.9200, time 293.44ms, mfu 6.16%
model:LGT723E iter 38430: loss 2.2403, time 293.36ms, mfu 6.30%
model:LGT723E iter 38440: loss 2.0278, time 293.60ms, mfu 6.42%
------average encoder activity 3.546
-----------average decoder density 0.7473
step 38450: train loss 1.9563, val loss 2.1581
model:LGT723E iter 38450: loss 1.9119, time 4302.83ms, mfu 5.83%
model:LGT723E iter 38460: loss 1.6761, time 294.07ms, mfu 6.00%
model:LGT723E iter 38470: loss 1.8835, time 293.99ms, mfu 6.16%
model:LGT723E iter 38480: loss 1.9965, time 293.40ms, mfu 6.30%
model:LGT723E iter 38490: loss 2.2707, time 293.56ms, mfu 6.42%
------average encoder activity 3.547
-----------average decoder density 0.7614
step 38500: train loss 1.9451, val loss 2.1476
model:LGT723E iter 38500: loss 2.4221, time 4301.00ms, mfu 5.83%
model:LGT723E iter 38510: loss 1.7803, time 293.54ms, mfu 6.00%
model:LGT723E iter 38520: loss 1.9440, time 293.75ms, mfu 6.16%
model:LGT723E iter 38530: loss 1.6648, time 294.51ms, mfu 6.29%
model:LGT723E iter 38540: loss 2.0005, time 294.09ms, mfu 6.42%
------average encoder activity 3.545
-----------average decoder density 0.7550
step 38550: train loss 1.9559, val loss 2.1374
model:LGT723E iter 38550: loss 1.9460, time 4310.52ms, mfu 5.83%
model:LGT723E iter 38560: loss 1.8618, time 294.54ms, mfu 6.00%
model:LGT723E iter 38570: loss 1.6630, time 293.82ms, mfu 6.15%
model:LGT723E iter 38580: loss 1.9122, time 294.00ms, mfu 6.29%
model:LGT723E iter 38590: loss 1.7653, time 293.97ms, mfu 6.41%
------average encoder activity 3.545
-----------average decoder density 0.7490
step 38600: train loss 1.9258, val loss 2.1250
model:LGT723E iter 38600: loss 1.5814, time 4300.47ms, mfu 5.82%
model:LGT723E iter 38610: loss 2.1279, time 294.33ms, mfu 6.00%
model:LGT723E iter 38620: loss 1.9914, time 294.40ms, mfu 6.15%
model:LGT723E iter 38630: loss 2.0639, time 294.26ms, mfu 6.29%
model:LGT723E iter 38640: loss 2.0072, time 293.91ms, mfu 6.41%
------average encoder activity 3.540
-----------average decoder density 0.7686
step 38650: train loss 1.9456, val loss 2.1413
model:LGT723E iter 38650: loss 1.7487, time 4306.62ms, mfu 5.82%
model:LGT723E iter 38660: loss 2.2875, time 293.82ms, mfu 5.99%
model:LGT723E iter 38670: loss 2.3259, time 294.08ms, mfu 6.15%
model:LGT723E iter 38680: loss 1.6786, time 293.47ms, mfu 6.29%
model:LGT723E iter 38690: loss 1.7606, time 293.47ms, mfu 6.42%
------average encoder activity 3.534
-----------average decoder density 0.7553
step 38700: train loss 1.9248, val loss 2.1423
model:LGT723E iter 38700: loss 2.2119, time 4310.49ms, mfu 5.82%
model:LGT723E iter 38710: loss 2.1326, time 293.41ms, mfu 6.00%
model:LGT723E iter 38720: loss 2.3305, time 293.47ms, mfu 6.15%
model:LGT723E iter 38730: loss 2.1450, time 293.46ms, mfu 6.29%
model:LGT723E iter 38740: loss 2.3231, time 293.54ms, mfu 6.42%
------average encoder activity 3.534
-----------average decoder density 0.7660
step 38750: train loss 1.9265, val loss 2.1366
model:LGT723E iter 38750: loss 1.8359, time 4304.48ms, mfu 5.83%
model:LGT723E iter 38760: loss 1.9483, time 293.59ms, mfu 6.00%
model:LGT723E iter 38770: loss 2.1121, time 293.60ms, mfu 6.16%
model:LGT723E iter 38780: loss 1.9770, time 293.69ms, mfu 6.29%
model:LGT723E iter 38790: loss 1.8844, time 293.49ms, mfu 6.42%
------average encoder activity 3.536
-----------average decoder density 0.7650
step 38800: train loss 1.9261, val loss 2.1405
model:LGT723E iter 38800: loss 1.9465, time 4302.03ms, mfu 5.83%
model:LGT723E iter 38810: loss 1.9098, time 294.02ms, mfu 6.00%
model:LGT723E iter 38820: loss 1.8271, time 294.28ms, mfu 6.15%
model:LGT723E iter 38830: loss 1.7837, time 293.50ms, mfu 6.29%
model:LGT723E iter 38840: loss 1.9988, time 293.47ms, mfu 6.42%
------average encoder activity 3.535
-----------average decoder density 0.7709
step 38850: train loss 1.9425, val loss 2.1077
model:LGT723E iter 38850: loss 2.0368, time 4304.19ms, mfu 5.83%
model:LGT723E iter 38860: loss 1.9528, time 293.51ms, mfu 6.00%
model:LGT723E iter 38870: loss 1.8670, time 293.49ms, mfu 6.16%
model:LGT723E iter 38880: loss 1.6626, time 294.16ms, mfu 6.29%
model:LGT723E iter 38890: loss 1.8913, time 294.11ms, mfu 6.42%
------average encoder activity 3.535
-----------average decoder density 0.7764
step 38900: train loss 1.9337, val loss 2.1418
model:LGT723E iter 38900: loss 1.8894, time 4311.64ms, mfu 5.83%
model:LGT723E iter 38910: loss 1.4759, time 294.34ms, mfu 6.00%
model:LGT723E iter 38920: loss 2.2529, time 294.43ms, mfu 6.15%
model:LGT723E iter 38930: loss 1.9670, time 294.06ms, mfu 6.29%
model:LGT723E iter 38940: loss 1.6291, time 293.93ms, mfu 6.41%
------average encoder activity 3.531
-----------average decoder density 0.7643
step 38950: train loss 1.9625, val loss 2.1384
model:LGT723E iter 38950: loss 1.9692, time 4303.66ms, mfu 5.82%
model:LGT723E iter 38960: loss 1.9708, time 294.21ms, mfu 5.99%
model:LGT723E iter 38970: loss 1.6085, time 294.13ms, mfu 6.15%
model:LGT723E iter 38980: loss 1.9174, time 293.96ms, mfu 6.29%
model:LGT723E iter 38990: loss 1.9624, time 293.79ms, mfu 6.41%
------average encoder activity 3.530
-----------average decoder density 0.7435
step 39000: train loss 1.9377, val loss 2.1488
model:LGT723E iter 39000: loss 2.0323, time 4302.55ms, mfu 5.82%
model:LGT723E iter 39010: loss 1.7603, time 294.56ms, mfu 5.99%
model:LGT723E iter 39020: loss 1.8344, time 294.15ms, mfu 6.15%
model:LGT723E iter 39030: loss 1.8165, time 293.84ms, mfu 6.29%
model:LGT723E iter 39040: loss 2.2102, time 294.06ms, mfu 6.41%
------average encoder activity 3.533
-----------average decoder density 0.7503
step 39050: train loss 1.9560, val loss 2.1376
model:LGT723E iter 39050: loss 1.7865, time 4307.94ms, mfu 5.82%
model:LGT723E iter 39060: loss 1.9616, time 294.39ms, mfu 5.99%
model:LGT723E iter 39070: loss 2.1094, time 294.32ms, mfu 6.15%
model:LGT723E iter 39080: loss 1.7387, time 294.47ms, mfu 6.28%
model:LGT723E iter 39090: loss 1.9590, time 293.90ms, mfu 6.41%
------average encoder activity 3.535
-----------average decoder density 0.7363
step 39100: train loss 1.9583, val loss 2.1458
model:LGT723E iter 39100: loss 2.1870, time 4305.41ms, mfu 5.82%
model:LGT723E iter 39110: loss 1.4578, time 293.46ms, mfu 5.99%
model:LGT723E iter 39120: loss 1.9587, time 293.50ms, mfu 6.15%
model:LGT723E iter 39130: loss 2.1303, time 293.47ms, mfu 6.29%
model:LGT723E iter 39140: loss 1.9690, time 293.39ms, mfu 6.42%
------average encoder activity 3.533
-----------average decoder density 0.7691
step 39150: train loss 1.9358, val loss 2.1386
model:LGT723E iter 39150: loss 1.9435, time 4299.23ms, mfu 5.83%
model:LGT723E iter 39160: loss 2.1286, time 293.48ms, mfu 6.00%
model:LGT723E iter 39170: loss 1.8797, time 293.50ms, mfu 6.15%
model:LGT723E iter 39180: loss 1.8489, time 293.65ms, mfu 6.29%
model:LGT723E iter 39190: loss 1.9353, time 293.39ms, mfu 6.42%
------average encoder activity 3.531
-----------average decoder density 0.7679
step 39200: train loss 1.9665, val loss 2.1034
model:LGT723E iter 39200: loss 1.9006, time 4298.99ms, mfu 5.83%
model:LGT723E iter 39210: loss 2.3400, time 293.64ms, mfu 6.00%
model:LGT723E iter 39220: loss 1.8139, time 293.48ms, mfu 6.16%
model:LGT723E iter 39230: loss 2.0592, time 293.36ms, mfu 6.30%
model:LGT723E iter 39240: loss 1.9064, time 293.49ms, mfu 6.42%
------average encoder activity 3.535
-----------average decoder density 0.7636
step 39250: train loss 1.9498, val loss 2.1490
model:LGT723E iter 39250: loss 2.3210, time 4300.19ms, mfu 5.83%
model:LGT723E iter 39260: loss 1.9584, time 293.43ms, mfu 6.00%
model:LGT723E iter 39270: loss 2.0816, time 293.47ms, mfu 6.16%
model:LGT723E iter 39280: loss 2.0308, time 293.57ms, mfu 6.30%
model:LGT723E iter 39290: loss 1.8884, time 293.51ms, mfu 6.42%
------average encoder activity 3.534
-----------average decoder density 0.7674
step 39300: train loss 1.9260, val loss 2.1312
model:LGT723E iter 39300: loss 1.8526, time 4301.16ms, mfu 5.83%
model:LGT723E iter 39310: loss 1.9968, time 293.46ms, mfu 6.00%
model:LGT723E iter 39320: loss 2.0960, time 293.67ms, mfu 6.16%
model:LGT723E iter 39330: loss 1.8889, time 293.36ms, mfu 6.30%
model:LGT723E iter 39340: loss 1.8735, time 293.62ms, mfu 6.42%
------average encoder activity 3.528
-----------average decoder density 0.7634
step 39350: train loss 1.9767, val loss 2.1353
model:LGT723E iter 39350: loss 1.8914, time 4300.96ms, mfu 5.83%
model:LGT723E iter 39360: loss 1.9853, time 294.05ms, mfu 6.00%
model:LGT723E iter 39370: loss 2.0267, time 293.63ms, mfu 6.16%
model:LGT723E iter 39380: loss 2.1523, time 293.55ms, mfu 6.30%
model:LGT723E iter 39390: loss 1.8897, time 293.45ms, mfu 6.42%
------average encoder activity 3.525
-----------average decoder density 0.7616
step 39400: train loss 1.9310, val loss 2.1367
model:LGT723E iter 39400: loss 1.8392, time 4306.18ms, mfu 5.83%
model:LGT723E iter 39410: loss 1.8905, time 294.03ms, mfu 6.00%
model:LGT723E iter 39420: loss 1.9168, time 294.31ms, mfu 6.15%
model:LGT723E iter 39430: loss 1.6683, time 294.03ms, mfu 6.29%
model:LGT723E iter 39440: loss 1.6069, time 294.20ms, mfu 6.42%
------average encoder activity 3.528
-----------average decoder density 0.7497
step 39450: train loss 1.9188, val loss 2.1329
model:LGT723E iter 39450: loss 1.7732, time 4316.81ms, mfu 5.83%
model:LGT723E iter 39460: loss 1.9141, time 293.95ms, mfu 6.00%
model:LGT723E iter 39470: loss 2.0290, time 294.82ms, mfu 6.15%
model:LGT723E iter 39480: loss 1.9936, time 294.28ms, mfu 6.29%
model:LGT723E iter 39490: loss 1.9325, time 293.70ms, mfu 6.41%
------average encoder activity 3.529
-----------average decoder density 0.7474
step 39500: train loss 1.9467, val loss 2.1606
model:LGT723E iter 39500: loss 1.9440, time 4301.49ms, mfu 5.82%
model:LGT723E iter 39510: loss 2.0126, time 293.49ms, mfu 6.00%
model:LGT723E iter 39520: loss 2.1112, time 293.44ms, mfu 6.15%
model:LGT723E iter 39530: loss 1.9771, time 293.57ms, mfu 6.29%
model:LGT723E iter 39540: loss 2.0498, time 293.36ms, mfu 6.42%
------average encoder activity 3.531
-----------average decoder density 0.7507
step 39550: train loss 1.9347, val loss 2.1582
model:LGT723E iter 39550: loss 1.9586, time 4303.29ms, mfu 5.83%
model:LGT723E iter 39560: loss 2.0650, time 293.47ms, mfu 6.00%
model:LGT723E iter 39570: loss 1.8155, time 293.52ms, mfu 6.15%
model:LGT723E iter 39580: loss 1.7718, time 293.62ms, mfu 6.29%
model:LGT723E iter 39590: loss 1.9336, time 293.53ms, mfu 6.42%
------average encoder activity 3.526
-----------average decoder density 0.7599
step 39600: train loss 1.9426, val loss 2.1412
model:LGT723E iter 39600: loss 2.1967, time 4302.51ms, mfu 5.83%
model:LGT723E iter 39610: loss 1.5156, time 293.66ms, mfu 6.00%
model:LGT723E iter 39620: loss 2.1022, time 293.41ms, mfu 6.16%
model:LGT723E iter 39630: loss 1.9374, time 293.53ms, mfu 6.30%
model:LGT723E iter 39640: loss 1.8648, time 293.55ms, mfu 6.42%
------average encoder activity 3.527
-----------average decoder density 0.7598
step 39650: train loss 1.9564, val loss 2.1317
model:LGT723E iter 39650: loss 1.8997, time 4317.73ms, mfu 5.83%
model:LGT723E iter 39660: loss 1.9728, time 296.72ms, mfu 5.99%
model:LGT723E iter 39670: loss 1.9390, time 296.81ms, mfu 6.14%
model:LGT723E iter 39680: loss 1.7692, time 294.25ms, mfu 6.28%
model:LGT723E iter 39690: loss 2.0516, time 297.54ms, mfu 6.40%
------average encoder activity 3.526
-----------average decoder density 0.7604
step 39700: train loss 1.9485, val loss 2.1271
model:LGT723E iter 39700: loss 1.8481, time 4353.07ms, mfu 5.81%
model:LGT723E iter 39710: loss 1.5988, time 295.55ms, mfu 5.98%
model:LGT723E iter 39720: loss 1.6326, time 297.02ms, mfu 6.13%
model:LGT723E iter 39730: loss 1.7379, time 295.00ms, mfu 6.26%
model:LGT723E iter 39740: loss 1.7968, time 295.31ms, mfu 6.39%
------average encoder activity 3.524
-----------average decoder density 0.7675
step 39750: train loss 1.9341, val loss 2.1397
model:LGT723E iter 39750: loss 1.9174, time 4355.47ms, mfu 5.80%
model:LGT723E iter 39760: loss 2.0114, time 295.38ms, mfu 5.97%
model:LGT723E iter 39770: loss 1.8052, time 295.02ms, mfu 6.12%
model:LGT723E iter 39780: loss 1.9341, time 294.71ms, mfu 6.26%
model:LGT723E iter 39790: loss 2.0326, time 294.97ms, mfu 6.39%
------average encoder activity 3.523
-----------average decoder density 0.7683
step 39800: train loss 1.9394, val loss 2.1459
model:LGT723E iter 39800: loss 2.0520, time 4347.88ms, mfu 5.80%
model:LGT723E iter 39810: loss 1.9142, time 295.43ms, mfu 5.97%
model:LGT723E iter 39820: loss 1.9638, time 295.62ms, mfu 6.12%
model:LGT723E iter 39830: loss 1.7912, time 295.11ms, mfu 6.26%
model:LGT723E iter 39840: loss 1.8688, time 295.05ms, mfu 6.39%
------average encoder activity 3.524
-----------average decoder density 0.7510
step 39850: train loss 1.9242, val loss 2.1169
model:LGT723E iter 39850: loss 2.2075, time 4357.60ms, mfu 5.80%
model:LGT723E iter 39860: loss 1.9686, time 296.18ms, mfu 5.97%
model:LGT723E iter 39870: loss 2.2258, time 295.25ms, mfu 6.12%
model:LGT723E iter 39880: loss 1.9929, time 295.73ms, mfu 6.26%
model:LGT723E iter 39890: loss 1.8030, time 295.79ms, mfu 6.38%
------average encoder activity 3.526
-----------average decoder density 0.7568
step 39900: train loss 1.9180, val loss 2.1122
model:LGT723E iter 39900: loss 1.9782, time 4355.93ms, mfu 5.79%
model:LGT723E iter 39910: loss 1.9962, time 295.17ms, mfu 5.97%
model:LGT723E iter 39920: loss 2.1723, time 299.53ms, mfu 6.11%
model:LGT723E iter 39930: loss 1.9988, time 295.46ms, mfu 6.25%
model:LGT723E iter 39940: loss 1.8000, time 295.57ms, mfu 6.37%
------average encoder activity 3.520
-----------average decoder density 0.7648
step 39950: train loss 1.9334, val loss 2.1472
model:LGT723E iter 39950: loss 2.2177, time 4352.08ms, mfu 5.79%
model:LGT723E iter 39960: loss 1.7083, time 296.17ms, mfu 5.96%
model:LGT723E iter 39970: loss 1.7733, time 295.41ms, mfu 6.11%
model:LGT723E iter 39980: loss 1.8810, time 294.97ms, mfu 6.25%
model:LGT723E iter 39990: loss 1.9662, time 294.88ms, mfu 6.38%
------average encoder activity 3.525
-----------average decoder density 0.7495
step 40000: train loss 1.9430, val loss 2.1459
model:LGT723E iter 40000: loss 1.7779, time 4364.44ms, mfu 5.79%
model:LGT723E iter 40010: loss 1.8705, time 295.85ms, mfu 5.96%
model:LGT723E iter 40020: loss 2.0103, time 297.38ms, mfu 6.11%
model:LGT723E iter 40030: loss 2.0944, time 295.38ms, mfu 6.25%
model:LGT723E iter 40040: loss 1.6260, time 295.48ms, mfu 6.37%
------average encoder activity 3.518
-----------average decoder density 0.7557
